replicate_group_id,sample_id,resource_id,resource_type,analysis_type,parameter,lab,method,protocol_version,unit,experiment_id,n_replicates,mean,median,standard_deviation,RSD_percent,min,max,range,values,source_record_ids,existing_QC_status,rsd_gt_10,rsd_gt_20,dixon_q_statistic,dixon_candidate_record_id,dixon_flag_0_05,dixon_status,rout_status,rout_status_reason
1,50,25,almond hulls,compositional,glucose,tiny,knife mill (2mm),,% dry weight,41.0,3,30.80666666666667,30.63,0.4050102879351751,1.314683903706476,30.52,31.27,0.75,"30.63,31.27,30.52","(03)1e07,(03)8c53,(03)fa75",pass,False,False,0.853333333333334,(03)8c53,False,calculated,not_calculated,ROUT not implemented from scratch during MVP per handoff guardrails; no trusted existing implementation wired up yet.
2,50,25,almond hulls,compositional,xylan,tiny,knife mill (2mm),,% dry weight,41.0,3,17.263333333333332,17.34,0.244199372098566,1.414555157937243,16.99,17.46,0.4700000000000024,"17.46,17.34,16.99","(03)1f0b,(03)b32d,(03)e36d",pass,False,False,0.744680851063829,(03)e36d,False,calculated,not_calculated,ROUT not implemented from scratch during MVP per handoff guardrails; no trusted existing implementation wired up yet.
3,50,25,almond hulls,compositional,lignin,tiny,knife mill (2mm),,% dry weight,41.0,3,19.49333333333333,19.47,0.3555746522649409,1.8240833734521595,19.15,19.86,0.7100000000000009,"19.47,19.86,19.15","(03)677d,(03)9a1e,(03)ad41",pass,False,False,0.5492957746478875,(03)9a1e,False,calculated,not_calculated,ROUT not implemented from scratch during MVP per handoff guardrails; no trusted existing implementation wired up yet.
4,50,25,almond hulls,compositional,xylose,tiny,knife mill (2mm),,% dry weight,41.0,3,19.616666666666664,19.7,0.2746512940681941,1.4000915585464444,19.31,19.84,0.5300000000000011,"19.7,19.31,19.84","(03)8660,(03)d213,(03)e546",pass,False,False,0.7358490566037731,(03)d213,False,calculated,not_calculated,ROUT not implemented from scratch during MVP per handoff guardrails; no trusted existing implementation wired up yet.
5,50,25,almond hulls,compositional,glucan,tiny,knife mill (2mm),,% dry weight,41.0,3,27.73,27.57,0.3671511950137159,1.3240216192344605,27.47,28.15,0.6799999999999997,"27.57,27.47,28.15","(03)9fbf,(03)d898,(03)f1df",pass,False,False,0.8529411764705861,(03)f1df,False,calculated,not_calculated,ROUT not implemented from scratch during MVP per handoff guardrails; no trusted existing implementation wired up yet.
6,148,31,almond shells,compositional,lignin,capstan,knife mill (2mm),,% dry weight,27.0,3,30.57333333333333,30.71,0.4992327446525648,1.632902566460635,30.02,30.99,0.9699999999999988,"30.02,30.99,30.71","(04)0340,(04)2869,(04)ef2c",pass,False,False,0.7113402061855691,(04)0340,False,calculated,not_calculated,ROUT not implemented from scratch during MVP per handoff guardrails; no trusted existing implementation wired up yet.
7,148,31,almond shells,compositional,glucan,capstan,knife mill (2mm),,% dry weight,27.0,3,21.30666666666667,21.56,1.023783831349828,4.804992950640619,20.18,22.18,2.0,"20.18,22.18,21.56","(04)5f38,(04)8000,(04)8271",pass,False,False,0.6899999999999995,(04)5f38,False,calculated,not_calculated,ROUT not implemented from scratch during MVP per handoff guardrails; no trusted existing implementation wired up yet.
8,148,31,almond shells,compositional,xylan,capstan,knife mill (2mm),,% dry weight,27.0,3,16.413333333333334,17.03,1.0767698608956948,6.560336276781244,15.17,17.04,1.8699999999999992,"15.17,17.03,17.04","(04)68e4,(04)6ff4,(04)d679",pass,False,False,0.9946524064171134,(04)68e4,True,calculated,not_calculated,ROUT not implemented from scratch during MVP per handoff guardrails; no trusted existing implementation wired up yet.
9,148,31,almond shells,compositional,glucose,capstan,knife mill (2mm),,% dry weight,27.0,3,23.67,23.95,1.136177802986838,4.800075213294627,22.42,24.64,2.219999999999999,"22.42,23.95,24.64","(04)a7a4,(04)c311,(04)ec17",pass,False,False,0.6891891891891885,(04)a7a4,False,calculated,not_calculated,ROUT not implemented from scratch during MVP per handoff guardrails; no trusted existing implementation wired up yet.
10,148,31,almond shells,compositional,xylose,capstan,knife mill (2mm),,% dry weight,27.0,3,18.653333333333336,19.35,1.2240234202552407,6.5619554338200885,17.24,19.37,2.1300000000000026,"19.35,17.24,19.37","(04)aa6b,(04)c1d7,(04)e941",pass,False,False,0.9906103286384979,(04)c1d7,True,calculated,not_calculated,ROUT not implemented from scratch during MVP per handoff guardrails; no trusted existing implementation wired up yet.
11,96,37,tomato pomace,compositional,xylose,pinecrest,oven dry + knife mill (2mm),,% dry weight,29.0,3,8.17,7.78,1.2707084638106414,15.553347170264889,7.14,9.59,2.45,"7.14,9.59,7.78","(0a)0950,(0a)261e,(0a)fd49",,True,False,0.7387755102040814,(0a)261e,False,calculated,not_calculated,ROUT not implemented from scratch during MVP per handoff guardrails; no trusted existing implementation wired up yet.
12,96,37,tomato pomace,compositional,glucose,pinecrest,oven dry + knife mill (2mm),,% dry weight,29.0,3,15.413333333333332,15.46,0.8509602419228133,5.5209358256237895,14.54,16.24,1.6999999999999993,"16.24,15.46,14.54","(0a)16e9,(0a)295a,(0a)3735",,False,False,0.5411764705882365,(0a)3735,False,calculated,not_calculated,ROUT not implemented from scratch during MVP per handoff guardrails; no trusted existing implementation wired up yet.
13,96,37,tomato pomace,compositional,xylan,pinecrest,oven dry + knife mill (2mm),,% dry weight,29.0,3,7.19,6.85,1.1194194924156,15.56911672344367,6.28,8.44,2.1599999999999997,"6.85,8.44,6.28","(0a)66c7,(0a)b2cd,(0a)c0df",,True,False,0.7361111111111113,(0a)b2cd,False,calculated,not_calculated,ROUT not implemented from scratch during MVP per handoff guardrails; no trusted existing implementation wired up yet.
14,96,37,tomato pomace,compositional,glucan,pinecrest,oven dry + knife mill (2mm),,% dry weight,29.0,3,13.87,13.92,0.7662245101796206,5.524329561496904,13.08,14.61,1.5299999999999994,"13.08,13.92,14.61","(0a)719f,(0a)afd7,(0a)bfa4",,False,False,0.5490196078431374,(0a)719f,False,calculated,not_calculated,ROUT not implemented from scratch during MVP per handoff guardrails; no trusted existing implementation wired up yet.
15,96,37,tomato pomace,compositional,lignin,pinecrest,oven dry + knife mill (2mm),,% dry weight,29.0,3,32.913333333333334,33.12,0.6357148207595381,1.931481124446642,32.2,33.42,1.2199999999999989,"32.2,33.42,33.12","(0a)7a1b,(0a)d246,(0a)e6b0",,False,False,0.754098360655734,(0a)7a1b,False,calculated,not_calculated,ROUT not implemented from scratch during MVP per handoff guardrails; no trusted existing implementation wired up yet.
16,52,7,sargassum,compositional,glucan,hairpin,as is,,% dry weight,39.0,3,10.023333333333332,9.98,0.1305118130030125,1.302079943495303,9.92,10.17,0.25,"10.17,9.92,9.98","(0d)4993,(0d)4994,(0d)4995",pass,False,False,0.759999999999998,(0d)4993,False,calculated,not_calculated,ROUT not implemented from scratch during MVP per handoff guardrails; no trusted existing implementation wired up yet.
17,52,7,sargassum,compositional,glucose,hairpin,as is,,% dry weight,39.0,3,11.133333333333333,11.08,0.1474222959166404,1.3241523585326986,11.02,11.3,0.2800000000000011,"11.3,11.02,11.08","(0d)4996,(0d)4997,(0d)4998",pass,False,False,0.7857142857142848,(0d)4996,False,calculated,not_calculated,ROUT not implemented from scratch during MVP per handoff guardrails; no trusted existing implementation wired up yet.
18,52,7,sargassum,compositional,xylan,hairpin,as is,,% dry weight,39.0,3,4.406666666666666,4.3,0.3619852667351713,8.214491680828397,4.11,4.81,0.6999999999999993,"4.81,4.3,4.11","(0d)4999,(0d)5000,(0d)5001",pass,False,False,0.728571428571429,(0d)4999,False,calculated,not_calculated,ROUT not implemented from scratch during MVP per handoff guardrails; no trusted existing implementation wired up yet.
19,52,7,sargassum,compositional,xylose,hairpin,as is,,% dry weight,39.0,3,5.006666666666667,4.89,0.4077172222672637,8.143486463394083,4.67,5.46,0.79,"5.46,4.89,4.67","(0d)5002,(0d)5003,(0d)5004",pass,False,False,0.7215189873417724,(0d)5002,False,calculated,not_calculated,ROUT not implemented from scratch during MVP per handoff guardrails; no trusted existing implementation wired up yet.
20,52,7,sargassum,compositional,lignin,hairpin,as is,,% dry weight,39.0,3,25.85,25.76,0.5010987926547028,1.938486625356684,25.4,26.39,0.990000000000002,"25.4,26.39,25.76","(0d)5005,(0d)5006,(0d)5007",pass,False,False,0.6363636363636341,(0d)5006,False,calculated,not_calculated,ROUT not implemented from scratch during MVP per handoff guardrails; no trusted existing implementation wired up yet.
21,70,31,almond shells,compositional,lignin,humorous,knife mill (2mm),,% dry weight,38.0,3,28.81,28.53,0.5556977595779917,1.9288363747934456,28.45,29.45,1.0,"29.45,28.53,28.45","(13)0685,(13)3600,(13)c9f5",pass,False,False,0.9199999999999982,(13)0685,False,calculated,not_calculated,ROUT not implemented from scratch during MVP per handoff guardrails; no trusted existing implementation wired up yet.
22,70,31,almond shells,compositional,xylan,humorous,knife mill (2mm),,% dry weight,38.0,3,16.51,15.52,2.70449625623701,16.380958547771108,14.44,19.57,5.130000000000001,"15.52,19.57,14.44","(13)29f0,(13)9bb5,(13)aaf9",pass,True,False,0.7894736842105263,(13)9bb5,False,calculated,not_calculated,ROUT not implemented from scratch during MVP per handoff guardrails; no trusted existing implementation wired up yet.
23,70,31,almond shells,compositional,xylose,humorous,knife mill (2mm),,% dry weight,38.0,3,18.76,17.63,3.0748821115613514,16.390629592544514,16.41,22.24,5.829999999999998,"16.41,22.24,17.63","(13)2c76,(13)6427,(13)6f70",pass,True,False,0.7907375643224701,(13)6427,False,calculated,not_calculated,ROUT not implemented from scratch during MVP per handoff guardrails; no trusted existing implementation wired up yet.
24,70,31,almond shells,compositional,glucan,humorous,knife mill (2mm),,% dry weight,38.0,3,20.973333333333333,20.04,2.847144768594203,13.575070416056276,18.71,24.17,5.460000000000001,"20.04,24.17,18.71","(13)336e,(13)b5a0,(13)b6b6",pass,True,False,0.7564102564102567,(13)b5a0,False,calculated,not_calculated,ROUT not implemented from scratch during MVP per handoff guardrails; no trusted existing implementation wired up yet.
25,70,31,almond shells,compositional,glucose,humorous,knife mill (2mm),,% dry weight,38.0,3,23.30333333333333,22.26,3.1666438595669915,13.588802143757652,20.79,26.86,6.07,"20.79,22.26,26.86","(13)8405,(13)ce37,(13)f0ed",pass,True,False,0.7578253706754526,(13)f0ed,False,calculated,not_calculated,ROUT not implemented from scratch during MVP per handoff guardrails; no trusted existing implementation wired up yet.
26,71,25,almond hulls,compositional,glucose,humorous,knife mill (2mm),,% dry weight,38.0,3,23.87,23.56,0.8013114251026262,3.356981253048287,23.27,24.78,1.5100000000000016,"23.56,23.27,24.78","(15)0b07,(15)3f87,(15)44b9",pass,False,False,0.8079470198675505,(15)44b9,False,calculated,not_calculated,ROUT not implemented from scratch during MVP per handoff guardrails; no trusted existing implementation wired up yet.
27,160,19,walnut shells,compositional,lignin,cutaway,knife mill (2mm),,% dry weight,37.0,3,50.44,50.35,0.257099202643646,0.5097129314901786,50.24,50.73,0.4899999999999949,"50.24,50.35,50.73","(15)0e88,(15)42c9,(15)95c9",pass,False,False,0.7755102040816315,(15)95c9,False,calculated,not_calculated,ROUT not implemented from scratch during MVP per handoff guardrails; no trusted existing implementation wired up yet.
28,160,19,walnut shells,compositional,glucose,cutaway,knife mill (2mm),,% dry weight,37.0,3,12.946666666666667,12.87,0.1871719352182194,1.4457152565773903,12.81,13.16,0.3499999999999996,"12.81,12.87,13.16","(15)1b96,(15)9c77,(15)ab15",pass,False,False,0.8285714285714321,(15)ab15,False,calculated,not_calculated,ROUT not implemented from scratch during MVP per handoff guardrails; no trusted existing implementation wired up yet.
29,71,25,almond hulls,compositional,lignin,humorous,knife mill (2mm),,% dry weight,38.0,3,20.706666666666667,20.79,0.2746512940681941,1.3263906667813623,20.4,20.93,0.5300000000000011,"20.93,20.79,20.4","(15)1c41,(15)2b3c,(15)d582",pass,False,False,0.7358490566037731,(15)d582,False,calculated,not_calculated,ROUT not implemented from scratch during MVP per handoff guardrails; no trusted existing implementation wired up yet.
30,71,25,almond hulls,compositional,xylan,humorous,knife mill (2mm),,% dry weight,38.0,3,10.436666666666666,10.27,0.323934149686836,3.103808524626344,10.23,10.81,0.5800000000000001,"10.23,10.81,10.27","(15)1ee2,(15)65e3,(15)d98b",pass,False,False,0.9310344827586222,(15)65e3,False,calculated,not_calculated,ROUT not implemented from scratch during MVP per handoff guardrails; no trusted existing implementation wired up yet.
31,160,19,walnut shells,compositional,glucan,cutaway,knife mill (2mm),,% dry weight,37.0,3,11.65,11.58,0.1664331697709325,1.4286108993213091,11.53,11.84,0.3100000000000005,"11.53,11.84,11.58","(15)50cf,(15)797a,(15)fea0",pass,False,False,0.8387096774193528,(15)797a,False,calculated,not_calculated,ROUT not implemented from scratch during MVP per handoff guardrails; no trusted existing implementation wired up yet.
32,160,19,walnut shells,compositional,xylose,cutaway,knife mill (2mm),,% dry weight,37.0,3,22.896666666666665,22.96,0.3295957119462176,1.4394921179773663,22.54,23.19,0.6500000000000021,"22.96,23.19,22.54","(15)7ae4,(15)8611,(15)93e3",pass,False,False,0.6461538461538466,(15)93e3,False,calculated,not_calculated,ROUT not implemented from scratch during MVP per handoff guardrails; no trusted existing implementation wired up yet.
33,71,25,almond hulls,compositional,glucan,humorous,knife mill (2mm),,% dry weight,38.0,3,21.48,21.2,0.7219418259112018,3.3609954651359484,20.94,22.3,1.3599999999999994,"20.94,22.3,21.2","(15)849b,(15)8db8,(15)c93b",pass,False,False,0.808823529411766,(15)8db8,False,calculated,not_calculated,ROUT not implemented from scratch during MVP per handoff guardrails; no trusted existing implementation wired up yet.
34,71,25,almond hulls,compositional,xylose,humorous,knife mill (2mm),,% dry weight,38.0,3,11.86,11.67,0.3642801120017391,3.071501787535743,11.63,12.28,0.6499999999999986,"11.63,12.28,11.67","(15)962e,(15)968f,(15)d283",pass,False,False,0.9384615384615397,(15)968f,False,calculated,not_calculated,ROUT not implemented from scratch during MVP per handoff guardrails; no trusted existing implementation wired up yet.
35,160,19,walnut shells,compositional,xylan,cutaway,knife mill (2mm),,% dry weight,37.0,3,20.15,20.21,0.2946183972531258,1.4621260409584402,19.83,20.41,0.5800000000000018,"20.41,20.21,19.83","(15)b511,(15)cd40,(15)e1e0",pass,False,False,0.6551724137931058,(15)e1e0,False,calculated,not_calculated,ROUT not implemented from scratch during MVP per handoff guardrails; no trusted existing implementation wired up yet.
36,49,31,almond shells,compositional,xylose,tiny,knife mill (2mm),,% dry weight,41.0,3,26.08,26.17,0.3148015247739438,1.2070610612497843,25.73,26.34,0.6099999999999994,"25.73,26.17,26.34","(24)0b42,(24)7d8d,(24)ec7f",pass,False,False,0.7213114754098389,(24)0b42,False,calculated,not_calculated,ROUT not implemented from scratch during MVP per handoff guardrails; no trusted existing implementation wired up yet.
37,49,31,almond shells,compositional,xylan,tiny,knife mill (2mm),,% dry weight,41.0,3,22.95,23.03,0.2787471972953268,1.2145847376702694,22.64,23.18,0.5399999999999991,"23.03,22.64,23.18","(24)0bc2,(24)1926,(24)6b86",pass,False,False,0.7222222222222244,(24)1926,False,calculated,not_calculated,ROUT not implemented from scratch during MVP per handoff guardrails; no trusted existing implementation wired up yet.
38,49,31,almond shells,compositional,glucan,tiny,knife mill (2mm),,% dry weight,41.0,3,26.936666666666667,26.98,0.3073000705065543,1.1408244171756747,26.61,27.22,0.6099999999999994,"26.61,26.98,27.22","(24)2a68,(24)42f3,(24)70e6",pass,False,False,0.6065573770491826,(24)2a68,False,calculated,not_calculated,ROUT not implemented from scratch during MVP per handoff guardrails; no trusted existing implementation wired up yet.
39,49,31,almond shells,compositional,lignin,tiny,knife mill (2mm),,% dry weight,41.0,3,24.706666666666667,24.75,0.1209683154108271,0.4896181141830564,24.57,24.8,0.2300000000000004,"24.57,24.8,24.75","(24)773e,(24)a25e,(24)ec0a",pass,False,False,0.7826086956521712,(24)773e,False,calculated,not_calculated,ROUT not implemented from scratch during MVP per handoff guardrails; no trusted existing implementation wired up yet.
40,49,31,almond shells,compositional,glucose,tiny,knife mill (2mm),,% dry weight,41.0,3,29.926666666666662,29.97,0.3370954365359055,1.1264048892935137,29.57,30.24,0.6699999999999982,"29.57,30.24,29.97","(24)8d6f,(24)ec97,(24)fab3",pass,False,False,0.5970149253731338,(24)8d6f,False,calculated,not_calculated,ROUT not implemented from scratch during MVP per handoff guardrails; no trusted existing implementation wired up yet.
41,144,25,almond hulls,compositional,xylan,tiny,knife mill (2mm),,% dry weight,27.0,3,8.126666666666667,8.17,0.1209683154108271,1.488535464448242,7.99,8.22,0.2300000000000004,"8.17,7.99,8.22","(27)0e20,(27)0f39,(27)d3e3",,False,False,0.7826086956521712,(27)0f39,False,calculated,not_calculated,ROUT not implemented from scratch during MVP per handoff guardrails; no trusted existing implementation wired up yet.
42,144,25,almond hulls,compositional,glucan,tiny,knife mill (2mm),,% dry weight,27.0,3,22.99666666666667,22.89,0.2665207934352089,1.1589540227650772,22.8,23.3,0.5,"23.3,22.8,22.89","(27)26f8,(27)5157,(27)69cc",,False,False,0.8200000000000003,(27)26f8,False,calculated,not_calculated,ROUT not implemented from scratch during MVP per handoff guardrails; no trusted existing implementation wired up yet.
43,144,25,almond hulls,compositional,glucose,tiny,knife mill (2mm),,% dry weight,27.0,3,25.55,25.43,0.2986636904613626,1.1689381231364486,25.33,25.89,0.5600000000000023,"25.33,25.43,25.89","(27)273b,(27)5335,(27)d81b",,False,False,0.8214285714285696,(27)d81b,False,calculated,not_calculated,ROUT not implemented from scratch during MVP per handoff guardrails; no trusted existing implementation wired up yet.
44,144,25,almond hulls,compositional,lignin,tiny,knife mill (2mm),,% dry weight,27.0,3,21.78333333333333,21.78,0.0950438495292205,0.4363145349466895,21.69,21.88,0.1899999999999977,"21.88,21.69,21.78","(27)4164,(27)baa8,(27)d4db",,False,False,0.5263157894736793,(27)4164,False,calculated,not_calculated,ROUT not implemented from scratch during MVP per handoff guardrails; no trusted existing implementation wired up yet.
45,144,25,almond hulls,compositional,xylose,tiny,knife mill (2mm),,% dry weight,27.0,3,9.236666666666666,9.29,0.1379613472438322,1.493627000113666,9.08,9.34,0.2599999999999998,"9.34,9.08,9.29","(27)5646,(27)b1a3,(27)f0a1",,False,False,0.8076923076923048,(27)b1a3,False,calculated,not_calculated,ROUT not implemented from scratch during MVP per handoff guardrails; no trusted existing implementation wired up yet.
46,10,37,tomato pomace,compositional,lignin+,riverstone,oven dry,,% dry weight,40.0,3,40.07333333333333,40.12,0.2928025500799724,0.7306668193644297,39.76,40.34,0.5800000000000054,"40.34,40.12,39.76","(28)1266,(28)d0cf,(28)e48e",pass,False,False,0.620689655172407,(28)e48e,False,calculated,not_calculated,ROUT not implemented from scratch during MVP per handoff guardrails; no trusted existing implementation wired up yet.
47,10,37,tomato pomace,compositional,xylose,riverstone,oven dry,,% dry weight,40.0,3,12.0,12.56,1.1838918869558994,9.865765724632496,10.64,12.8,2.16,"12.56,10.64,12.8","(28)2429,(28)7919,(28)a3d2",pass,False,False,0.8888888888888888,(28)7919,False,calculated,not_calculated,ROUT not implemented from scratch during MVP per handoff guardrails; no trusted existing implementation wired up yet.
48,68,24,corn stover cobs,compositional,lignin,caterpillar,knife mill (2mm),,% dry weight,38.0,3,15.79,15.77,0.1708800749063506,1.0822044009268563,15.63,15.97,0.3399999999999998,"15.63,15.77,15.97","(28)4712,(28)50a7,(28)8908",pass,False,False,0.5882352941176504,(28)8908,False,calculated,not_calculated,ROUT not implemented from scratch during MVP per handoff guardrails; no trusted existing implementation wired up yet.
49,68,24,corn stover cobs,compositional,glucan,caterpillar,knife mill (2mm),,% dry weight,38.0,3,34.080000000000005,34.09,0.045825756949557,0.1344652492651321,34.03,34.12,0.0899999999999963,"34.12,34.03,34.09","(28)48e7,(28)9a1d,(28)bca2",pass,False,False,0.6666666666667193,(28)9a1d,False,calculated,not_calculated,ROUT not implemented from scratch during MVP per handoff guardrails; no trusted existing implementation wired up yet.
50,10,37,tomato pomace,compositional,glucan,riverstone,oven dry,,% dry weight,40.0,3,13.07,13.66,1.1812281744015416,9.037706001542016,11.71,13.84,2.129999999999999,"13.84,13.66,11.71","(28)491e,(28)75a7,(28)a602",pass,False,False,0.915492957746479,(28)a602,False,calculated,not_calculated,ROUT not implemented from scratch during MVP per handoff guardrails; no trusted existing implementation wired up yet.
51,68,24,corn stover cobs,compositional,xylose,caterpillar,knife mill (2mm),,% dry weight,38.0,3,28.926666666666662,29.05,0.36115555282085,1.248521155176942,28.52,29.21,0.6900000000000013,"29.05,28.52,29.21","(28)520d,(28)a764,(28)c01c",pass,False,False,0.7681159420289857,(28)a764,False,calculated,not_calculated,ROUT not implemented from scratch during MVP per handoff guardrails; no trusted existing implementation wired up yet.
52,10,37,tomato pomace,compositional,glucose,riverstone,oven dry,,% dry weight,40.0,3,14.516666666666666,15.17,1.3086379687802632,9.014727683905372,13.01,15.37,2.3599999999999994,"15.37,13.01,15.17","(28)59b5,(28)cfc4,(28)f6c9",pass,False,False,0.9152542372881358,(28)cfc4,False,calculated,not_calculated,ROUT not implemented from scratch during MVP per handoff guardrails; no trusted existing implementation wired up yet.
53,10,37,tomato pomace,compositional,xylan,riverstone,oven dry,,% dry weight,40.0,3,10.56,11.06,1.0440306508910553,9.88665389101378,9.36,11.26,1.9000000000000004,"11.06,9.36,11.26","(28)847b,(28)8c33,(28)f0fe",pass,False,False,0.8947368421052635,(28)8c33,False,calculated,not_calculated,ROUT not implemented from scratch during MVP per handoff guardrails; no trusted existing implementation wired up yet.
54,68,24,corn stover cobs,compositional,glucose,caterpillar,knife mill (2mm),,% dry weight,38.0,3,37.86666666666667,37.88,0.0513160143944664,0.1355176436473586,37.81,37.91,0.0999999999999943,"37.81,37.91,37.88","(28)97be,(28)a74f,(28)f2a0",pass,False,False,0.7000000000000426,(28)97be,False,calculated,not_calculated,ROUT not implemented from scratch during MVP per handoff guardrails; no trusted existing implementation wired up yet.
55,68,24,corn stover cobs,compositional,xylan,caterpillar,knife mill (2mm),,% dry weight,38.0,3,25.453333333333333,25.56,0.323470761172217,1.2708385064387782,25.09,25.71,0.620000000000001,"25.71,25.09,25.56","(28)a625,(28)c6e6,(28)c7e9",pass,False,False,0.7580645161290293,(28)c6e6,False,calculated,not_calculated,ROUT not implemented from scratch during MVP per handoff guardrails; no trusted existing implementation wired up yet.
56,65,32,olive pomace,compositional,xylan,jaguar,oven dry + knife mill (2mm),,% dry weight,40.0,2,9.685,9.685,0.1484924240491743,1.5332206922991671,9.58,9.79,0.209999999999999,"9.58,9.79","(29)1baa,(29)b693",,False,False,,,,not_applicable_n_out_of_range,not_calculated,ROUT not implemented from scratch during MVP per handoff guardrails; no trusted existing implementation wired up yet.
57,65,32,olive pomace,compositional,glucan,jaguar,oven dry + knife mill (2mm),,% dry weight,40.0,2,11.855,11.855,0.0494974746830585,0.4175240378157615,11.82,11.89,0.0700000000000002,"11.82,11.89","(29)2d14,(29)9e60",,False,False,,,,not_applicable_n_out_of_range,not_calculated,ROUT not implemented from scratch during MVP per handoff guardrails; no trusted existing implementation wired up yet.
58,65,32,olive pomace,compositional,lignin,jaguar,oven dry + knife mill (2mm),,% dry weight,40.0,2,7.699999999999999,7.699999999999999,0.1414213562373096,1.8366409900949303,7.6,7.8,0.2000000000000001,"7.6,7.8","(29)4989,(29)a1d2",,False,False,,,,not_applicable_n_out_of_range,not_calculated,ROUT not implemented from scratch during MVP per handoff guardrails; no trusted existing implementation wired up yet.
59,48,25,almond hulls,compositional,xylan,vibrant,knife mill (2mm),,% dry weight,41.0,3,16.526666666666667,16.53,0.1050396750439235,0.6355768961915501,16.42,16.63,0.2099999999999973,"16.63,16.42,16.53","(31)04ab,(31)3fdc,(31)8be1",pass,False,False,0.5238095238095278,(31)3fdc,False,calculated,not_calculated,ROUT not implemented from scratch during MVP per handoff guardrails; no trusted existing implementation wired up yet.
60,48,25,almond hulls,compositional,xylose,vibrant,knife mill (2mm),,% dry weight,41.0,3,18.78333333333333,18.79,0.1201388086062665,0.6396032401398396,18.66,18.9,0.2399999999999984,"18.9,18.66,18.79","(31)1e1b,(31)52b7,(31)9a9b",pass,False,False,0.5416666666666661,(31)52b7,False,calculated,not_calculated,ROUT not implemented from scratch during MVP per handoff guardrails; no trusted existing implementation wired up yet.
61,48,25,almond hulls,compositional,lignin,vibrant,knife mill (2mm),,% dry weight,41.0,3,20.646666666666665,20.48,0.2973774257292119,1.4403168827698347,20.47,20.99,0.5199999999999996,"20.99,20.47,20.48","(31)504a,(31)6292,(31)bcc3",pass,False,False,0.9807692307692277,(31)504a,True,calculated,not_calculated,ROUT not implemented from scratch during MVP per handoff guardrails; no trusted existing implementation wired up yet.
62,48,25,almond hulls,compositional,glucose,vibrant,knife mill (2mm),,% dry weight,41.0,3,34.370000000000005,34.52,0.2861817604250841,0.832649870308653,34.04,34.55,0.509999999999998,"34.55,34.04,34.52","(31)7265,(31)eec3,(31)f0ca",pass,False,False,0.9411764705882467,(31)eec3,False,calculated,not_calculated,ROUT not implemented from scratch during MVP per handoff guardrails; no trusted existing implementation wired up yet.
63,48,25,almond hulls,compositional,glucan,vibrant,knife mill (2mm),,% dry weight,41.0,3,30.926666666666662,31.06,0.2573583752927684,0.8321568504831919,30.63,31.09,0.4600000000000008,"30.63,31.09,31.06","(31)749c,(31)d8e4,(31)edc7",pass,False,False,0.9347826086956498,(31)749c,False,calculated,not_calculated,ROUT not implemented from scratch during MVP per handoff guardrails; no trusted existing implementation wired up yet.
64,47,31,almond shells,compositional,xylose,vibrant,knife mill (2mm),,% dry weight,41.0,3,26.38666666666667,26.51,0.4479211240088301,1.697528261781822,25.89,26.76,0.870000000000001,"25.89,26.76,26.51","(37)0930,(37)82b5,(37)9c26",pass,False,False,0.7126436781609199,(37)0930,False,calculated,not_calculated,ROUT not implemented from scratch during MVP per handoff guardrails; no trusted existing implementation wired up yet.
65,47,31,almond shells,compositional,xylan,vibrant,knife mill (2mm),,% dry weight,41.0,3,23.22333333333333,23.33,0.3910669166949996,1.6839396441581729,22.79,23.55,0.7600000000000016,"23.55,23.33,22.79","(37)2e71,(37)4504,(37)679f",pass,False,False,0.7105263157894711,(37)679f,False,calculated,not_calculated,ROUT not implemented from scratch during MVP per handoff guardrails; no trusted existing implementation wired up yet.
66,47,31,almond shells,compositional,glucan,vibrant,knife mill (2mm),,% dry weight,41.0,3,28.47,28.6,0.2879236009777599,1.0113227993598874,28.14,28.67,0.5300000000000011,"28.67,28.6,28.14","(37)3b10,(37)c333,(37)fb45",pass,False,False,0.8679245283018865,(37)fb45,False,calculated,not_calculated,ROUT not implemented from scratch during MVP per handoff guardrails; no trusted existing implementation wired up yet.
67,47,31,almond shells,compositional,lignin,vibrant,knife mill (2mm),,% dry weight,41.0,3,26.263333333333332,26.23,0.4808672720547051,1.8309453181420423,25.8,26.76,0.9600000000000009,"26.76,26.23,25.8","(37)4b35,(37)6df6,(37)99cb",pass,False,False,0.552083333333334,(37)4b35,False,calculated,not_calculated,ROUT not implemented from scratch during MVP per handoff guardrails; no trusted existing implementation wired up yet.
68,47,31,almond shells,compositional,glucose,vibrant,knife mill (2mm),,% dry weight,41.0,3,31.636666666666667,31.78,0.3200520790954708,1.0116491805778238,31.27,31.86,0.5899999999999999,"31.27,31.86,31.78","(37)8ab5,(37)d647,(37)da91",pass,False,False,0.8644067796610198,(37)8ab5,False,calculated,not_calculated,ROUT not implemented from scratch during MVP per handoff guardrails; no trusted existing implementation wired up yet.
69,77,5,alfalfa,compositional,lignin,possessive,knife mill (2mm),,% dry weight,34.0,3,20.87,21.0,0.2338803112705296,1.1206531445641097,20.6,21.01,0.4100000000000001,"20.6,21.0,21.01","(3c)1095,(3c)693c,(3c)d339",pass,False,False,0.9756097560975572,(3c)1095,True,calculated,not_calculated,ROUT not implemented from scratch during MVP per handoff guardrails; no trusted existing implementation wired up yet.
70,77,5,alfalfa,compositional,glucose,possessive,knife mill (2mm),,% dry weight,34.0,3,27.456666666666667,27.38,0.4005413004090004,1.4588125546036197,27.1,27.89,0.7899999999999991,"27.1,27.89,27.38","(3c)1efb,(3c)3fff,(3c)933c",pass,False,False,0.6455696202531672,(3c)3fff,False,calculated,not_calculated,ROUT not implemented from scratch during MVP per handoff guardrails; no trusted existing implementation wired up yet.
71,77,5,alfalfa,compositional,glucan,possessive,knife mill (2mm),,% dry weight,34.0,3,24.71,24.64,0.3601388621073825,1.4574620077190716,24.39,25.1,0.7100000000000009,"25.1,24.39,24.64","(3c)3131,(3c)4cb4,(3c)d0b2",pass,False,False,0.6478873239436624,(3c)3131,False,calculated,not_calculated,ROUT not implemented from scratch during MVP per handoff guardrails; no trusted existing implementation wired up yet.
72,77,5,alfalfa,compositional,xylose,possessive,knife mill (2mm),,% dry weight,34.0,3,12.963333333333331,12.88,0.161967074843418,1.249424593803688,12.86,13.15,0.2900000000000009,"13.15,12.88,12.86","(3c)3f98,(3c)6726,(3c)fc9b",pass,False,False,0.9310344827586162,(3c)3f98,False,calculated,not_calculated,ROUT not implemented from scratch during MVP per handoff guardrails; no trusted existing implementation wired up yet.
73,77,5,alfalfa,compositional,xylan,possessive,knife mill (2mm),,% dry weight,34.0,3,11.406666666666666,11.33,0.1415391583037477,1.240845923177215,11.32,11.57,0.25,"11.32,11.33,11.57","(3c)594e,(3c)c6b9,(3c)eefe",pass,False,False,0.9600000000000009,(3c)eefe,False,calculated,not_calculated,ROUT not implemented from scratch during MVP per handoff guardrails; no trusted existing implementation wired up yet.
74,81,27,rice straw,compositional,glucose,possessive,knife mill (2mm),,% dry weight,32.0,3,34.49333333333333,34.8,0.9479627278186272,2.748249114278974,33.43,35.25,1.8200000000000005,"33.43,35.25,34.8","(42)0211,(42)b7cc,(42)d006",pass,False,False,0.7527472527472512,(42)0211,False,calculated,not_calculated,ROUT not implemented from scratch during MVP per handoff guardrails; no trusted existing implementation wired up yet.
75,81,27,rice straw,compositional,xylose,possessive,knife mill (2mm),,% dry weight,32.0,3,18.08,18.11,0.3659234892706399,2.0239131043730088,17.7,18.43,0.7300000000000004,"17.7,18.43,18.11","(42)0654,(42)4816,(42)54b7",pass,False,False,0.5616438356164383,(42)0654,False,calculated,not_calculated,ROUT not implemented from scratch during MVP per handoff guardrails; no trusted existing implementation wired up yet.
76,81,27,rice straw,compositional,arabinose,possessive,knife mill (2mm),,% dry weight,32.0,3,2.6166666666666667,2.64,0.0404145188432739,1.5445039048384956,2.57,2.64,0.0700000000000002,"2.64,2.57,2.64","(42)0843,(42)7a67,(42)9356",pass,False,False,1.0,(42)7a67,True,calculated,not_calculated,ROUT not implemented from scratch during MVP per handoff guardrails; no trusted existing implementation wired up yet.
77,81,27,rice straw,compositional,glucan,possessive,knife mill (2mm),,% dry weight,32.0,3,31.043333333333333,31.32,0.8494900431042925,2.736465295085233,30.09,31.72,1.629999999999999,"31.72,31.32,30.09","(42)2e48,(42)7180,(42)8729",pass,False,False,0.7546012269938658,(42)8729,False,calculated,not_calculated,ROUT not implemented from scratch during MVP per handoff guardrails; no trusted existing implementation wired up yet.
78,81,27,rice straw,compositional,xylan,possessive,knife mill (2mm),,% dry weight,32.0,3,15.913333333333332,15.94,0.3208322510804251,2.016122231339077,15.58,16.22,0.6399999999999988,"15.58,15.94,16.22","(42)446d,(42)cdaa,(42)dee4",pass,False,False,0.5625000000000002,(42)446d,False,calculated,not_calculated,ROUT not implemented from scratch during MVP per handoff guardrails; no trusted existing implementation wired up yet.
79,81,27,rice straw,compositional,lignin,possessive,knife mill (2mm),,% dry weight,32.0,3,16.900000000000002,16.85,0.1322875655532294,0.7827666600782804,16.8,17.05,0.25,"17.05,16.85,16.8","(42)47a3,(42)a992,(42)f6e3",pass,False,False,0.7999999999999972,(42)47a3,False,calculated,not_calculated,ROUT not implemented from scratch during MVP per handoff guardrails; no trusted existing implementation wired up yet.
80,81,27,rice straw,compositional,arabinan,possessive,knife mill (2mm),,% dry weight,32.0,3,2.306666666666666,2.32,0.0321455025366431,1.3935911504325071,2.27,2.33,0.06,"2.32,2.33,2.27","(42)575c,(42)672f,(42)cbb9",pass,False,False,0.8333333333333296,(42)cbb9,False,calculated,not_calculated,ROUT not implemented from scratch during MVP per handoff guardrails; no trusted existing implementation wired up yet.
81,125,26,spent oak chips,compositional,glucan,rigging,oven dry + knife mill (2mm),,% dry weight,31.0,3,40.02666666666666,39.84,0.8161699169494879,2.0390654154301,39.32,40.92,1.6000000000000014,"39.32,39.84,40.92","(48)1ea1,(48)47c9,(48)a9c7",,False,False,0.6749999999999984,(48)a9c7,False,calculated,not_calculated,ROUT not implemented from scratch during MVP per handoff guardrails; no trusted existing implementation wired up yet.
82,125,26,spent oak chips,compositional,lignin,rigging,oven dry + knife mill (2mm),,% dry weight,31.0,3,27.87,27.82,0.1899999999999986,0.6817366343738739,27.71,28.08,0.3699999999999974,"27.71,28.08,27.82","(48)31aa,(48)b680,(48)c525",,False,False,0.7027027027027022,(48)b680,False,calculated,not_calculated,ROUT not implemented from scratch during MVP per handoff guardrails; no trusted existing implementation wired up yet.
83,125,26,spent oak chips,compositional,xylan,rigging,oven dry + knife mill (2mm),,% dry weight,31.0,3,17.043333333333333,16.95,0.1882374387132738,1.1044637514958373,16.92,17.26,0.3399999999999998,"16.95,17.26,16.92","(48)3ca5,(48)4351,(48)e731",,False,False,0.91176470588236,(48)4351,False,calculated,not_calculated,ROUT not implemented from scratch during MVP per handoff guardrails; no trusted existing implementation wired up yet.
84,125,26,spent oak chips,compositional,xylose,rigging,oven dry + knife mill (2mm),,% dry weight,31.0,3,19.37,19.26,0.217025344142107,1.1204199491074192,19.23,19.62,0.3900000000000005,"19.26,19.23,19.62","(48)454c,(48)be3c,(48)cd5c",,False,False,0.9230769230769202,(48)cd5c,False,calculated,not_calculated,ROUT not implemented from scratch during MVP per handoff guardrails; no trusted existing implementation wired up yet.
85,125,26,spent oak chips,compositional,glucose,rigging,oven dry + knife mill (2mm),,% dry weight,31.0,3,44.47666666666667,44.27,0.9078178965703052,2.0411104621980933,43.69,45.47,1.7800000000000011,"43.69,45.47,44.27","(48)5592,(48)ca76,(48)cbf9",,False,False,0.6741573033707837,(48)ca76,False,calculated,not_calculated,ROUT not implemented from scratch during MVP per handoff guardrails; no trusted existing implementation wired up yet.
86,145,35,almond branches,compositional,glucan,humorous,knife mill (2mm),,% dry weight,27.0,3,22.756666666666664,22.7,0.3781974792794544,1.6619194929520484,22.41,23.16,0.75,"22.41,22.7,23.16","(4c)0e12,(4c)3b40,(4c)b5c1",pass,False,False,0.6133333333333345,(4c)b5c1,False,calculated,not_calculated,ROUT not implemented from scratch during MVP per handoff guardrails; no trusted existing implementation wired up yet.
87,145,35,almond branches,compositional,glucose,humorous,knife mill (2mm),,% dry weight,27.0,3,25.28333333333333,25.22,0.4186088070422481,1.655670957319373,24.9,25.73,0.8300000000000018,"25.22,25.73,24.9","(4c)1205,(4c)21be,(4c)c715",pass,False,False,0.6144578313253017,(4c)21be,False,calculated,not_calculated,ROUT not implemented from scratch during MVP per handoff guardrails; no trusted existing implementation wired up yet.
88,145,35,almond branches,compositional,xylose,humorous,knife mill (2mm),,% dry weight,27.0,3,15.046666666666669,14.99,0.3187998327059372,2.118740580677474,14.76,15.39,0.6300000000000008,"14.76,15.39,14.99","(4c)12e4,(4c)3b8c,(4c)6022",pass,False,False,0.6349206349206347,(4c)3b8c,False,calculated,not_calculated,ROUT not implemented from scratch during MVP per handoff guardrails; no trusted existing implementation wired up yet.
89,145,35,almond branches,compositional,lignin,humorous,knife mill (2mm),,% dry weight,27.0,3,38.20666666666667,38.36,0.41198705481281,1.0783119564111237,37.74,38.52,0.7800000000000011,"37.74,38.52,38.36","(4c)1473,(4c)6cf6,(4c)705c",pass,False,False,0.7948717948717904,(4c)1473,False,calculated,not_calculated,ROUT not implemented from scratch during MVP per handoff guardrails; no trusted existing implementation wired up yet.
90,145,35,almond branches,compositional,xylan,humorous,knife mill (2mm),,% dry weight,27.0,3,13.24,13.19,0.2783882181415005,2.102630046385956,12.99,13.54,0.5499999999999989,"13.54,13.19,12.99","(4c)5b6e,(4c)9c25,(4c)ddb6",pass,False,False,0.6363636363636369,(4c)5b6e,False,calculated,not_calculated,ROUT not implemented from scratch during MVP per handoff guardrails; no trusted existing implementation wired up yet.
91,55,22,walnut tree sticks,compositional,glucan,energetic,oven dry + knife mill (2mm),,% dry weight,38.0,3,23.590000000000003,23.51,0.356791255498225,1.5124682301747563,23.28,23.98,0.6999999999999993,"23.28,23.98,23.51","(4d)2252,(4d)8f9f,(4d)f49b",pass,False,False,0.6714285714285705,(4d)8f9f,False,calculated,not_calculated,ROUT not implemented from scratch during MVP per handoff guardrails; no trusted existing implementation wired up yet.
92,55,22,walnut tree sticks,compositional,xylan,energetic,oven dry + knife mill (2mm),,% dry weight,38.0,3,13.143333333333333,13.16,0.056862407030773,0.4326330740358081,13.08,13.19,0.1099999999999994,"13.16,13.08,13.19","(4d)2360,(4d)2619,(4d)3fcf",pass,False,False,0.7272727272727316,(4d)2619,False,calculated,not_calculated,ROUT not implemented from scratch during MVP per handoff guardrails; no trusted existing implementation wired up yet.
93,55,22,walnut tree sticks,compositional,xylose,energetic,oven dry + knife mill (2mm),,% dry weight,38.0,3,14.94,14.96,0.0624499799839846,0.4180052207763363,14.87,14.99,0.120000000000001,"14.87,14.99,14.96","(4d)3358,(4d)517e,(4d)f3b0",pass,False,False,0.7500000000000074,(4d)3358,False,calculated,not_calculated,ROUT not implemented from scratch during MVP per handoff guardrails; no trusted existing implementation wired up yet.
94,55,22,walnut tree sticks,compositional,glucose,energetic,oven dry + knife mill (2mm),,% dry weight,38.0,3,26.21,26.12,0.4026164427839472,1.5361176756350523,25.86,26.65,0.7899999999999991,"26.65,25.86,26.12","(4d)86ca,(4d)acb5,(4d)bbf7",pass,False,False,0.6708860759493648,(4d)86ca,False,calculated,not_calculated,ROUT not implemented from scratch during MVP per handoff guardrails; no trusted existing implementation wired up yet.
95,55,22,walnut tree sticks,compositional,lignin,energetic,oven dry + knife mill (2mm),,% dry weight,38.0,3,32.01,32.07,0.1126942766958465,0.3520595960507547,31.88,32.08,0.1999999999999993,"31.88,32.08,32.07","(4d)a3be,(4d)c206,(4d)fd25",pass,False,False,0.9500000000000097,(4d)a3be,False,calculated,not_calculated,ROUT not implemented from scratch during MVP per handoff guardrails; no trusted existing implementation wired up yet.
96,32,23,grape pomace,compositional,glucan,ebony,oven dry,,% dry weight,40.0,3,7.609999999999999,8.5,1.7714683175264525,23.278164487864025,5.57,8.76,3.1899999999999995,"5.57,8.76,8.5","(4e)e137,(4e)e138,(4e)e139",pass,True,True,0.9184952978056427,(4e)e137,False,calculated,not_calculated,ROUT not implemented from scratch during MVP per handoff guardrails; no trusted existing implementation wired up yet.
97,32,23,grape pomace,compositional,glucose,ebony,oven dry,,% dry weight,40.0,3,8.456666666666665,9.44,1.96871362400257,23.28001920381439,6.19,9.74,3.55,"6.19,9.74,9.44","(4e)e140,(4e)e141,(4e)e142",pass,True,True,0.9154929577464787,(4e)e140,False,calculated,not_calculated,ROUT not implemented from scratch during MVP per handoff guardrails; no trusted existing implementation wired up yet.
98,32,23,grape pomace,compositional,xylan,ebony,oven dry,,% dry weight,40.0,3,4.896666666666667,5.48,1.7591001487503015,35.9244414312519,2.92,6.29,3.37,"2.92,5.48,6.29","(4e)e143,(4e)e144,(4e)e145",pass,True,True,0.7596439169139467,(4e)e143,False,calculated,not_calculated,ROUT not implemented from scratch during MVP per handoff guardrails; no trusted existing implementation wired up yet.
99,32,23,grape pomace,compositional,xylose,ebony,oven dry,,% dry weight,40.0,3,5.566666666666667,6.23,1.9993082136912597,35.915716413615435,3.32,7.15,3.830000000000001,"3.32,6.23,7.15","(4e)e146,(4e)e147,(4e)e148",pass,True,True,0.7597911227154047,(4e)e146,False,calculated,not_calculated,ROUT not implemented from scratch during MVP per handoff guardrails; no trusted existing implementation wired up yet.
100,32,23,grape pomace,compositional,lignin,ebony,oven dry,,% dry weight,40.0,3,48.67333333333334,48.47,0.95143750889553,1.954740807209005,47.84,49.71,1.8699999999999972,"49.71,48.47,47.84","(4e)e149,(4e)e150,(4e)e151",pass,False,False,0.6631016042780769,(4e)e149,False,calculated,not_calculated,ROUT not implemented from scratch during MVP per handoff guardrails; no trusted existing implementation wired up yet.
101,37,33,sweet potato culls,compositional,xylan,tackle,oven dry,,% dry weight,35.0,3,3.176666666666667,3.2,0.0404145188432739,1.272230393807155,3.13,3.2,0.0700000000000002,"3.2,3.2,3.13","(56)0a63,(56)91f5,(56)ea26",pass,False,False,1.0,(56)ea26,True,calculated,not_calculated,ROUT not implemented from scratch during MVP per handoff guardrails; no trusted existing implementation wired up yet.
102,37,33,sweet potato culls,compositional,glucose,tackle,oven dry,,% dry weight,35.0,3,60.20000000000001,60.24,0.4613025037868328,0.7662832288817819,59.72,60.64,0.9200000000000016,"60.24,59.72,60.64","(56)18a9,(56)b418,(56)fe5f",pass,False,False,0.5652173913043502,(56)b418,False,calculated,not_calculated,ROUT not implemented from scratch during MVP per handoff guardrails; no trusted existing implementation wired up yet.
103,37,33,sweet potato culls,compositional,lignin,tackle,oven dry,,% dry weight,35.0,3,8.706666666666667,8.7,0.1401189970465577,1.6093299813923168,8.57,8.85,0.2799999999999993,"8.57,8.85,8.7","(56)2b2d,(56)40ab,(56)8d1e",pass,False,False,0.5357142857142883,(56)40ab,False,calculated,not_calculated,ROUT not implemented from scratch during MVP per handoff guardrails; no trusted existing implementation wired up yet.
104,37,33,sweet potato culls,compositional,xylose,tackle,oven dry,,% dry weight,35.0,3,3.61,3.63,0.0435889894354067,1.2074512308976932,3.56,3.64,0.08,"3.64,3.63,3.56","(56)6bd3,(56)ce12,(56)ea73",pass,False,False,0.8749999999999972,(56)ea73,False,calculated,not_calculated,ROUT not implemented from scratch during MVP per handoff guardrails; no trusted existing implementation wired up yet.
105,37,33,sweet potato culls,compositional,glucan,tackle,oven dry,,% dry weight,35.0,3,54.17666666666667,54.21,0.4110150037812895,0.7586568703278586,53.75,54.57,0.8200000000000003,"54.21,54.57,53.75","(56)9243,(56)c0fc,(56)d797",pass,False,False,0.5609756097560984,(56)d797,False,calculated,not_calculated,ROUT not implemented from scratch during MVP per handoff guardrails; no trusted existing implementation wired up yet.
106,69,29,corn stover stalks,compositional,lignin,caterpillar,knife mill (2mm),,% dry weight,38.0,3,22.08666666666667,22.11,0.1266227994214838,0.5732997257235913,21.95,22.2,0.25,"22.11,21.95,22.2","(5b)02e9,(5b)3885,(5b)8bf7",pass,False,False,0.6400000000000006,(5b)3885,False,calculated,not_calculated,ROUT not implemented from scratch during MVP per handoff guardrails; no trusted existing implementation wired up yet.
107,69,29,corn stover stalks,compositional,glucose,caterpillar,knife mill (2mm),,% dry weight,38.0,3,45.09333333333333,44.99,0.2055075018906429,0.455738102950864,44.96,45.33,0.3699999999999974,"44.96,45.33,44.99","(5b)21af,(5b)58d8,(5b)a03f",pass,False,False,0.9189189189189153,(5b)58d8,False,calculated,not_calculated,ROUT not implemented from scratch during MVP per handoff guardrails; no trusted existing implementation wired up yet.
108,69,29,corn stover stalks,compositional,xylan,caterpillar,knife mill (2mm),,% dry weight,38.0,3,19.56,19.57,0.0458257569495582,0.2342830109895613,19.51,19.6,0.0899999999999998,"19.57,19.6,19.51","(5b)334a,(5b)7bed,(5b)cb5c",pass,False,False,0.6666666666666535,(5b)cb5c,False,calculated,not_calculated,ROUT not implemented from scratch during MVP per handoff guardrails; no trusted existing implementation wired up yet.
109,69,29,corn stover stalks,compositional,xylose,caterpillar,knife mill (2mm),,% dry weight,38.0,3,22.22666666666667,22.24,0.0513160143944675,0.2308758895971843,22.17,22.27,0.0999999999999978,"22.27,22.24,22.17","(5b)5a60,(5b)cf6c,(5b)de58",pass,False,False,0.6999999999999822,(5b)de58,False,calculated,not_calculated,ROUT not implemented from scratch during MVP per handoff guardrails; no trusted existing implementation wired up yet.
110,69,29,corn stover stalks,compositional,glucan,caterpillar,knife mill (2mm),,% dry weight,38.0,3,40.586666666666666,40.49,0.1850225211517037,0.4558702065170099,40.47,40.8,0.3299999999999983,"40.47,40.8,40.49","(5b)651e,(5b)9d19,(5b)bad2",pass,False,False,0.9393939393939296,(5b)9d19,False,calculated,not_calculated,ROUT not implemented from scratch during MVP per handoff guardrails; no trusted existing implementation wired up yet.
111,18,34,grape stem,compositional,xylose,maplewood,oven dry,,% dry weight,40.0,3,9.036666666666669,8.98,0.1250333288900736,1.38362223043239,8.95,9.18,0.2300000000000004,"9.18,8.98,8.95","(5c)335d,(5c)6845,(5c)bbe3",pass,False,False,0.8695652173912997,(5c)335d,False,calculated,not_calculated,ROUT not implemented from scratch during MVP per handoff guardrails; no trusted existing implementation wired up yet.
112,18,34,grape stem,compositional,lignin,maplewood,oven dry,,% dry weight,40.0,3,27.100000000000005,27.2,0.2457641145488902,0.9068786514719196,26.82,27.28,0.4600000000000008,"27.28,27.2,26.82","(5c)527f,(5c)6b44,(5c)ad73",pass,False,False,0.8260869565217355,(5c)ad73,False,calculated,not_calculated,ROUT not implemented from scratch during MVP per handoff guardrails; no trusted existing implementation wired up yet.
113,18,34,grape stem,compositional,xylan,maplewood,oven dry,,% dry weight,40.0,3,7.95,7.9,0.1135781669160053,1.4286561876227093,7.87,8.08,0.2099999999999999,"7.9,8.08,7.87","(5c)6000,(5c)94a8,(5c)c934",pass,False,False,0.857142857142856,(5c)94a8,False,calculated,not_calculated,ROUT not implemented from scratch during MVP per handoff guardrails; no trusted existing implementation wired up yet.
114,18,34,grape stem,compositional,glucan,maplewood,oven dry,,% dry weight,40.0,3,24.94666666666667,25.05,0.2797022226106431,1.1212007854515358,24.63,25.16,0.5300000000000011,"25.16,24.63,25.05","(5c)6bfe,(5c)7ce2,(5c)861a",pass,False,False,0.7924528301886807,(5c)7ce2,False,calculated,not_calculated,ROUT not implemented from scratch during MVP per handoff guardrails; no trusted existing implementation wired up yet.
115,18,34,grape stem,compositional,glucose,maplewood,oven dry,,% dry weight,40.0,3,27.72,27.83,0.3099999999999995,1.1183261183261164,27.37,27.96,0.5899999999999999,"27.37,27.83,27.96","(5c)76f6,(5c)960b,(5c)e78e",pass,False,False,0.7796610169491481,(5c)76f6,False,calculated,not_calculated,ROUT not implemented from scratch during MVP per handoff guardrails; no trusted existing implementation wired up yet.
116,80,20,wheat straw,compositional,arabinan,possessive,knife mill (2mm),,% dry weight,32.0,3,1.8533333333333333,1.83,0.058594652770823,3.161581984037216,1.81,1.92,0.1099999999999998,"1.81,1.92,1.83","(62)014a,(62)50f3,(62)cb0b",pass,False,False,0.8181818181818178,(62)50f3,False,calculated,not_calculated,ROUT not implemented from scratch during MVP per handoff guardrails; no trusted existing implementation wired up yet.
117,80,20,wheat straw,compositional,xylose,possessive,knife mill (2mm),,% dry weight,32.0,3,21.996666666666663,21.97,0.0461880215351711,0.2099773671851998,21.97,22.05,0.0800000000000018,"21.97,21.97,22.05","(62)0975,(62)20f9,(62)5ab6",pass,False,False,1.0,(62)5ab6,True,calculated,not_calculated,ROUT not implemented from scratch during MVP per handoff guardrails; no trusted existing implementation wired up yet.
118,80,20,wheat straw,compositional,glucose,possessive,knife mill (2mm),,% dry weight,32.0,3,37.97,37.93,0.1058300524425853,0.2787201802543729,37.89,38.09,0.2000000000000028,"37.93,37.89,38.09","(62)0f95,(62)352d,(62)b906",pass,False,False,0.8000000000000071,(62)b906,False,calculated,not_calculated,ROUT not implemented from scratch during MVP per handoff guardrails; no trusted existing implementation wired up yet.
119,80,20,wheat straw,compositional,arabinose,possessive,knife mill (2mm),,% dry weight,32.0,3,2.106666666666667,2.08,0.0642910050732864,3.051788215504102,2.06,2.18,0.1200000000000001,"2.06,2.08,2.18","(62)1c36,(62)3af6,(62)418e",pass,False,False,0.8333333333333334,(62)418e,False,calculated,not_calculated,ROUT not implemented from scratch during MVP per handoff guardrails; no trusted existing implementation wired up yet.
120,80,20,wheat straw,compositional,glucan,possessive,knife mill (2mm),,% dry weight,32.0,3,34.17333333333334,34.14,0.0945163125250521,0.2765791431673394,34.1,34.28,0.1799999999999997,"34.14,34.1,34.28","(62)1d0d,(62)99c5,(62)a8c9",pass,False,False,0.7777777777777821,(62)a8c9,False,calculated,not_calculated,ROUT not implemented from scratch during MVP per handoff guardrails; no trusted existing implementation wired up yet.
121,80,20,wheat straw,compositional,xylan,possessive,knife mill (2mm),,% dry weight,32.0,3,19.356666666666666,19.33,0.0461880215351711,0.2386155753496011,19.33,19.41,0.0800000000000018,"19.33,19.33,19.41","(62)5304,(62)8b4d,(62)ed41",pass,False,False,1.0,(62)ed41,True,calculated,not_calculated,ROUT not implemented from scratch during MVP per handoff guardrails; no trusted existing implementation wired up yet.
122,80,20,wheat straw,compositional,lignin,possessive,knife mill (2mm),,% dry weight,32.0,3,16.58,16.47,0.2170253441421059,1.308958649831761,16.44,16.83,0.389999999999997,"16.47,16.44,16.83","(62)79f1,(62)8114,(62)d08a",pass,False,False,0.9230769230769287,(62)d08a,False,calculated,not_calculated,ROUT not implemented from scratch during MVP per handoff guardrails; no trusted existing implementation wired up yet.
123,123,26,spent oak chips,compositional,xylose,rigging,oven dry + knife mill (2mm),,% dry weight,31.0,3,23.42333333333333,23.12,0.8658136828055627,3.696372631872333,22.75,24.4,1.6499999999999986,"23.12,24.4,22.75","(65)221b,(65)4744,(65)5360",,False,False,0.775757575757575,(65)4744,False,calculated,not_calculated,ROUT not implemented from scratch during MVP per handoff guardrails; no trusted existing implementation wired up yet.
124,123,26,spent oak chips,compositional,glucose,rigging,oven dry + knife mill (2mm),,% dry weight,31.0,3,44.79666666666666,44.82,1.6551233589474004,3.6947466901125097,43.13,46.44,3.309999999999995,"43.13,44.82,46.44","(65)309e,(65)72f1,(65)86b6",,False,False,0.5105740181268883,(65)309e,False,calculated,not_calculated,ROUT not implemented from scratch during MVP per handoff guardrails; no trusted existing implementation wired up yet.
125,123,26,spent oak chips,compositional,xylan,rigging,oven dry + knife mill (2mm),,% dry weight,31.0,3,20.613333333333333,20.35,0.7600219295081769,3.6870404083514408,20.02,21.47,1.4499999999999993,"21.47,20.35,20.02","(65)3f20,(65)6289,(65)904e",,False,False,0.7724137931034469,(65)3f20,False,calculated,not_calculated,ROUT not implemented from scratch during MVP per handoff guardrails; no trusted existing implementation wired up yet.
126,123,26,spent oak chips,compositional,glucan,rigging,oven dry + knife mill (2mm),,% dry weight,31.0,3,40.31333333333333,40.34,1.4901789601699955,3.696491549950377,38.81,41.79,2.979999999999997,"40.34,38.81,41.79","(65)48f4,(65)8381,(65)bef3",,False,False,0.5134228187919472,(65)8381,False,calculated,not_calculated,ROUT not implemented from scratch during MVP per handoff guardrails; no trusted existing implementation wired up yet.
127,123,26,spent oak chips,compositional,lignin,rigging,oven dry + knife mill (2mm),,% dry weight,31.0,3,26.593333333333334,26.53,0.2315887159024245,0.8708525290890871,26.4,26.85,0.4500000000000028,"26.85,26.4,26.53","(65)94e8,(65)9e0b,(65)aa34",,False,False,0.7111111111111073,(65)94e8,False,calculated,not_calculated,ROUT not implemented from scratch during MVP per handoff guardrails; no trusted existing implementation wired up yet.
128,147,31,almond shells,compositional,lignin,humorous,knife mill (2mm),,% dry weight,27.0,3,33.629999999999995,33.97,0.9374433316206374,2.7875210574506024,32.57,34.35,1.7800000000000011,"33.97,32.57,34.35","(71)0047,(71)0d9d,(71)23e9",pass,False,False,0.786516853932583,(71)0d9d,False,calculated,not_calculated,ROUT not implemented from scratch during MVP per handoff guardrails; no trusted existing implementation wired up yet.
129,147,31,almond shells,compositional,xylan,humorous,knife mill (2mm),,% dry weight,27.0,3,14.993333333333332,16.32,2.4113136115680454,16.08257188684779,12.21,16.45,4.239999999999998,"16.45,16.32,12.21","(71)0a21,(71)12a5,(71)5316",pass,True,False,0.9693396226415096,(71)5316,False,calculated,not_calculated,ROUT not implemented from scratch during MVP per handoff guardrails; no trusted existing implementation wired up yet.
130,147,31,almond shells,compositional,xylose,humorous,knife mill (2mm),,% dry weight,27.0,3,17.036666666666665,18.55,2.743307006759057,16.10236943900836,13.87,18.69,4.820000000000002,"18.69,13.87,18.55","(71)16f9,(71)3ea0,(71)5322",pass,True,False,0.9709543568464729,(71)3ea0,True,calculated,not_calculated,ROUT not implemented from scratch during MVP per handoff guardrails; no trusted existing implementation wired up yet.
131,147,31,almond shells,compositional,glucose,humorous,knife mill (2mm),,% dry weight,27.0,3,21.75333333333333,23.74,3.458342570268788,15.897989137000252,17.76,23.76,6.0,"17.76,23.74,23.76","(71)470a,(71)4e76,(71)c9c9",pass,True,False,0.9966666666666661,(71)470a,True,calculated,not_calculated,ROUT not implemented from scratch during MVP per handoff guardrails; no trusted existing implementation wired up yet.
132,147,31,almond shells,compositional,glucan,humorous,knife mill (2mm),,% dry weight,27.0,3,19.58,21.37,3.1177074910902083,15.9229187491839,15.98,21.39,5.41,"21.37,15.98,21.39","(71)929c,(71)b8d9,(71)bfdb",pass,True,False,0.9963031423290204,(71)b8d9,True,calculated,not_calculated,ROUT not implemented from scratch during MVP per handoff guardrails; no trusted existing implementation wired up yet.
133,67,21,corn stover husks,compositional,glucose,caterpillar,knife mill (2mm),,% dry weight,38.0,3,44.86333333333334,44.68,0.8008953323208557,1.7851890905435523,44.17,45.74,1.5700000000000005,"44.68,45.74,44.17","(72)00aa,(72)5d6f,(72)8404",pass,False,False,0.6751592356687911,(72)5d6f,False,calculated,not_calculated,ROUT not implemented from scratch during MVP per handoff guardrails; no trusted existing implementation wired up yet.
134,67,21,corn stover husks,compositional,lignin,caterpillar,knife mill (2mm),,% dry weight,38.0,3,18.57,18.61,0.0692820323027556,0.3730857959222169,18.49,18.61,0.120000000000001,"18.61,18.61,18.49","(72)0778,(72)4bbe,(72)ed34",pass,False,False,1.0,(72)ed34,True,calculated,not_calculated,ROUT not implemented from scratch during MVP per handoff guardrails; no trusted existing implementation wired up yet.
135,67,21,corn stover husks,compositional,glucan,caterpillar,knife mill (2mm),,% dry weight,38.0,3,40.376666666666665,40.21,0.7147260547463844,1.7701462595881725,39.76,41.16,1.3999999999999986,"41.16,39.76,40.21","(72)1255,(72)2916,(72)e144",pass,False,False,0.6785714285714262,(72)1255,False,calculated,not_calculated,ROUT not implemented from scratch during MVP per handoff guardrails; no trusted existing implementation wired up yet.
136,67,21,corn stover husks,compositional,xylan,caterpillar,knife mill (2mm),,% dry weight,38.0,3,21.61,21.61,0.2800000000000011,1.2956964368348038,21.33,21.89,0.5600000000000023,"21.33,21.89,21.61","(72)3abe,(72)9e04,(72)e2a4",pass,False,False,0.5,(72)3abe,False,calculated,not_calculated,ROUT not implemented from scratch during MVP per handoff guardrails; no trusted existing implementation wired up yet.
137,67,21,corn stover husks,compositional,xylose,caterpillar,knife mill (2mm),,% dry weight,38.0,3,24.55666666666667,24.55,0.3200520790954708,1.303320533848802,24.24,24.88,0.6400000000000006,"24.88,24.24,24.55","(72)4e20,(72)c070,(72)c130",pass,False,False,0.5156249999999969,(72)4e20,False,calculated,not_calculated,ROUT not implemented from scratch during MVP per handoff guardrails; no trusted existing implementation wired up yet.
138,150,35,almond branches,compositional,glucan,capstan,knife mill (2mm),,% dry weight,28.0,3,21.93,21.9,0.1967231557290604,0.897050413721206,21.75,22.14,0.3900000000000005,"21.75,22.14,21.9","(7e)0b62,(7e)6de1,(7e)c731",pass,False,False,0.6153846153846196,(7e)6de1,False,calculated,not_calculated,ROUT not implemented from scratch during MVP per handoff guardrails; no trusted existing implementation wired up yet.
139,51,15,almond shells and hulls mix,compositional,glucose,tiny,knife mill (2mm),,% dry weight,41.0,3,25.676666666666662,26.17,1.0325373278159664,4.021305963193431,24.49,26.37,1.8800000000000023,"26.17,26.37,24.49","(7e)0e68,(7e)5bdf,(7e)c1b2",pass,False,False,0.8936170212765963,(7e)c1b2,False,calculated,not_calculated,ROUT not implemented from scratch during MVP per handoff guardrails; no trusted existing implementation wired up yet.
140,51,15,almond shells and hulls mix,compositional,xylan,tiny,knife mill (2mm),,% dry weight,41.0,3,19.05666666666667,19.3,0.7166821703749396,3.760795016835436,18.25,19.62,1.370000000000001,"18.25,19.62,19.3","(7e)197d,(7e)5991,(7e)a1dd",pass,False,False,0.7664233576642335,(7e)197d,False,calculated,not_calculated,ROUT not implemented from scratch during MVP per handoff guardrails; no trusted existing implementation wired up yet.
141,51,15,almond shells and hulls mix,compositional,xylose,tiny,knife mill (2mm),,% dry weight,41.0,3,21.653333333333336,21.93,0.8111925377697542,3.746270956448988,20.74,22.29,1.5500000000000007,"20.74,21.93,22.29","(7e)3340,(7e)54ba,(7e)ee46",pass,False,False,0.7677419354838715,(7e)3340,False,calculated,not_calculated,ROUT not implemented from scratch during MVP per handoff guardrails; no trusted existing implementation wired up yet.
142,150,35,almond branches,compositional,xylan,capstan,knife mill (2mm),,% dry weight,28.0,3,12.8,12.75,0.113578166916005,0.8873294290312898,12.72,12.93,0.209999999999999,"12.93,12.75,12.72","(7e)3d10,(7e)48f1,(7e)9497",pass,False,False,0.8571428571428595,(7e)3d10,False,calculated,not_calculated,ROUT not implemented from scratch during MVP per handoff guardrails; no trusted existing implementation wired up yet.
143,51,15,almond shells and hulls mix,compositional,lignin,tiny,knife mill (2mm),,% dry weight,41.0,2,27.91,27.91,1.4424978336205565,5.168390661485332,26.89,28.93,2.039999999999999,"28.93,26.89","(7e)3d49,(7e)5a6c",pass,False,False,,,,not_applicable_n_out_of_range,not_calculated,ROUT not implemented from scratch during MVP per handoff guardrails; no trusted existing implementation wired up yet.
144,150,35,almond branches,compositional,glucose,capstan,knife mill (2mm),,% dry weight,28.0,3,24.366666666666664,24.33,0.2173323108360406,0.8919246682737648,24.17,24.6,0.4299999999999997,"24.33,24.17,24.6","(7e)4e75,(7e)(7e),(7e)d304",pass,False,False,0.6279069767441937,(7e)d304,False,calculated,not_calculated,ROUT not implemented from scratch during MVP per handoff guardrails; no trusted existing implementation wired up yet.
145,150,35,almond branches,compositional,xylose,capstan,knife mill (2mm),,% dry weight,28.0,3,14.543333333333331,14.49,0.1285820101465726,0.8841302554199358,14.45,14.69,0.2400000000000002,"14.49,14.45,14.69","(7e)5cea,(7e)7d76,(7e)7f8b",pass,False,False,0.8333333333333296,(7e)7f8b,False,calculated,not_calculated,ROUT not implemented from scratch during MVP per handoff guardrails; no trusted existing implementation wired up yet.
146,150,35,almond branches,compositional,lignin,capstan,knife mill (2mm),,% dry weight,28.0,3,44.02666666666666,43.83,0.4393555887129861,0.9979306224552986,43.72,44.53,0.8100000000000023,"43.72,44.53,43.83","(7e)644f,(7e)bbb6,(7e)f033",pass,False,False,0.8641975308641986,(7e)bbb6,False,calculated,not_calculated,ROUT not implemented from scratch during MVP per handoff guardrails; no trusted existing implementation wired up yet.
147,51,15,almond shells and hulls mix,compositional,glucan,tiny,knife mill (2mm),,% dry weight,41.0,3,23.11,23.55,0.9315041599477698,4.030740631535135,22.04,23.74,1.6999999999999993,"22.04,23.55,23.74","(7e)a419,(7e)da49,(7e)e84e",pass,False,False,0.8882352941176483,(7e)a419,False,calculated,not_calculated,ROUT not implemented from scratch during MVP per handoff guardrails; no trusted existing implementation wired up yet.
148,51,15,almond shells and hulls mix,compositional,lignin,tiny,knife mill (2mm),,% dry weight,39.0,1,28.75,28.75,,,28.75,28.75,0.0,28.75,(7e)bc7f,pass,,,,,,not_applicable_n_out_of_range,not_calculated,ROUT not implemented from scratch during MVP per handoff guardrails; no trusted existing implementation wired up yet.
149,57,19,walnut shells,compositional,glucose,energetic,oven dry + knife mill (2mm),,% dry weight,35.0,3,11.813333333333333,11.74,0.4544593857907805,3.847003830057397,11.4,12.3,0.9000000000000004,"11.4,11.74,12.3","(82)00ec,(82)06ed,(82)edaa",pass,False,False,0.6222222222222226,(82)edaa,False,calculated,not_calculated,ROUT not implemented from scratch during MVP per handoff guardrails; no trusted existing implementation wired up yet.
150,107,23,grape pomace,compositional,xylan,boatswain,oven dry + knife mill (2mm),,% dry weight,37.0,3,4.603333333333333,4.6,0.0850490054811542,1.847552617258963,4.52,4.69,0.1700000000000008,"4.69,4.6,4.52","(82)083c,(82)1e9c,(82)f64c",pass,False,False,0.5294117647058842,(82)083c,False,calculated,not_calculated,ROUT not implemented from scratch during MVP per handoff guardrails; no trusted existing implementation wired up yet.
151,57,19,walnut shells,compositional,glucan,energetic,oven dry + knife mill (2mm),,% dry weight,35.0,3,10.63,10.56,0.4095119045888656,3.852416788230156,10.26,11.07,0.8100000000000005,"10.56,10.26,11.07","(82)153e,(82)8c1c,(82)bb91",pass,False,False,0.629629629629629,(82)bb91,False,calculated,not_calculated,ROUT not implemented from scratch during MVP per handoff guardrails; no trusted existing implementation wired up yet.
152,57,19,walnut shells,compositional,lignin,energetic,oven dry + knife mill (2mm),,% dry weight,35.0,3,49.32,49.45,0.362904946232484,0.7358170037154989,48.91,49.6,0.6900000000000048,"49.6,49.45,48.91","(82)24e6,(82)6324,(82)6771",pass,False,False,0.7826086956521775,(82)6771,False,calculated,not_calculated,ROUT not implemented from scratch during MVP per handoff guardrails; no trusted existing implementation wired up yet.
153,57,19,walnut shells,compositional,xylose,energetic,oven dry + knife mill (2mm),,% dry weight,35.0,4,18.895,23.36,9.037040444747385,47.82768163401632,5.34,23.52,18.18,"23.32,23.4,5.34,23.52","(82)2ace,(82)6472,(82)6771,(82)762f",pass,True,True,0.988998899889989,(82)6771,True,calculated,not_calculated,ROUT not implemented from scratch during MVP per handoff guardrails; no trusted existing implementation wired up yet.
154,107,23,grape pomace,compositional,glucan,boatswain,oven dry + knife mill (2mm),,% dry weight,37.0,3,14.293333333333331,14.43,0.3742102795666276,2.6180756499530857,13.87,14.58,0.7100000000000009,"13.87,14.58,14.43","(82)60a4,(82)6acd,(82)db4c",pass,False,False,0.7887323943661969,(82)60a4,False,calculated,not_calculated,ROUT not implemented from scratch during MVP per handoff guardrails; no trusted existing implementation wired up yet.
155,107,23,grape pomace,compositional,glucose,boatswain,oven dry + knife mill (2mm),,% dry weight,37.0,3,15.883333333333333,16.04,0.4176521678781674,2.629499482968525,15.41,16.2,0.7899999999999991,"16.2,16.04,15.41","(82)6387,(82)7731,(82)8468",pass,False,False,0.7974683544303793,(82)8468,False,calculated,not_calculated,ROUT not implemented from scratch during MVP per handoff guardrails; no trusted existing implementation wired up yet.
156,107,23,grape pomace,compositional,lignin,boatswain,oven dry + knife mill (2mm),,% dry weight,37.0,3,49.54666666666666,49.72,0.5701169470672963,1.150666604683725,48.91,50.01,1.1000000000000014,"48.91,50.01,49.72","(82)6f92,(82)d973,(82)e1a7",pass,False,False,0.7363636363636374,(82)6f92,False,calculated,not_calculated,ROUT not implemented from scratch during MVP per handoff guardrails; no trusted existing implementation wired up yet.
157,57,19,walnut shells,compositional,xylan,energetic,oven dry + knife mill (2mm),,% dry weight,35.0,3,20.60333333333333,20.59,0.0907377172587745,0.440403092988713,20.52,20.7,0.1799999999999997,"20.52,20.59,20.7","(82)7f9a,(82)8b26,(82)bdca",pass,False,False,0.6111111111111089,(82)bdca,False,calculated,not_calculated,ROUT not implemented from scratch during MVP per handoff guardrails; no trusted existing implementation wired up yet.
158,107,23,grape pomace,compositional,xylose,boatswain,oven dry + knife mill (2mm),,% dry weight,37.0,2,5.1850000000000005,5.1850000000000005,0.0636396103067898,1.227379176601539,5.14,5.23,0.0900000000000007,"5.23,5.14","(82)a692,(82)ef99",pass,False,False,,,,not_applicable_n_out_of_range,not_calculated,ROUT not implemented from scratch during MVP per handoff guardrails; no trusted existing implementation wired up yet.
159,95,37,tomato pomace,compositional,glucan,oakleaf,oven dry + knife mill (2mm),,% dry weight,29.0,3,12.953333333333331,12.55,0.8047566920090407,6.212738229611739,12.43,13.88,1.450000000000001,"13.88,12.55,12.43","(83)03e9,(83)53fe,(83)9399",,False,False,0.9172413793103442,(83)03e9,False,calculated,not_calculated,ROUT not implemented from scratch during MVP per handoff guardrails; no trusted existing implementation wired up yet.
160,95,37,tomato pomace,compositional,glucose,oakleaf,oven dry + knife mill (2mm),,% dry weight,29.0,3,14.39,13.94,0.894371287553441,6.2152278495722095,13.81,15.42,1.6099999999999994,"15.42,13.81,13.94","(83)175d,(83)a74e,(83)c47f",,False,False,0.9192546583850938,(83)175d,False,calculated,not_calculated,ROUT not implemented from scratch during MVP per handoff guardrails; no trusted existing implementation wired up yet.
161,95,37,tomato pomace,compositional,xylose,oakleaf,oven dry + knife mill (2mm),,% dry weight,29.0,3,9.866666666666664,9.89,0.0873689494805411,0.8854961096000794,9.77,9.94,0.1699999999999999,"9.89,9.94,9.77","(83)45ac,(83)66d8,(83)ed0c",,False,False,0.7058823529411826,(83)ed0c,False,calculated,not_calculated,ROUT not implemented from scratch during MVP per handoff guardrails; no trusted existing implementation wired up yet.
162,95,37,tomato pomace,compositional,xylan,oakleaf,oven dry + knife mill (2mm),,% dry weight,29.0,3,8.68,8.7,0.0818535277187244,0.943012992151204,8.59,8.75,0.1600000000000001,"8.75,8.59,8.7","(83)48df,(83)968c,(83)d3f7",,False,False,0.6874999999999959,(83)968c,False,calculated,not_calculated,ROUT not implemented from scratch during MVP per handoff guardrails; no trusted existing implementation wired up yet.
163,95,37,tomato pomace,compositional,lignin,oakleaf,oven dry + knife mill (2mm),,% dry weight,29.0,3,35.96666666666667,35.9,0.443771713083801,1.2338416489818378,35.56,36.44,0.8799999999999955,"35.56,35.9,36.44","(83)7b12,(83)8e08,(83)d10e",,False,False,0.6136363636363659,(83)d10e,False,calculated,not_calculated,ROUT not implemented from scratch during MVP per handoff guardrails; no trusted existing implementation wired up yet.
164,2,37,tomato pomace,compositional,glucose,oakleaf,oven dry,,% dry weight,40.0,3,15.723333333333334,15.74,0.037859388972002,0.24078475072293,15.68,15.75,0.0700000000000002,"15.68,15.75,15.74","(85)07bd,(85)63d7,(85)9311",pass,False,False,0.8571428571428608,(85)07bd,False,calculated,not_calculated,ROUT not implemented from scratch during MVP per handoff guardrails; no trusted existing implementation wired up yet.
165,2,37,tomato pomace,compositional,glucan,oakleaf,oven dry,,% dry weight,40.0,3,14.15333333333333,14.16,0.0305505046330392,0.2158537774355105,14.12,14.18,0.0600000000000005,"14.12,14.18,14.16","(85)2246,(85)41cb,(85)e114",pass,False,False,0.6666666666666765,(85)2246,False,calculated,not_calculated,ROUT not implemented from scratch during MVP per handoff guardrails; no trusted existing implementation wired up yet.
166,2,37,tomato pomace,compositional,lignin+,oakleaf,oven dry,,% dry weight,40.0,3,40.10666666666666,39.9,0.6934935712271139,1.7291229335782428,39.54,40.88,1.3400000000000034,"39.9,39.54,40.88","(85)3329,(85)51c8,(85)5b1b",pass,False,False,0.7313432835820907,(85)5b1b,False,calculated,not_calculated,ROUT not implemented from scratch during MVP per handoff guardrails; no trusted existing implementation wired up yet.
167,2,37,tomato pomace,compositional,xylose,oakleaf,oven dry,,% dry weight,40.0,3,10.816666666666668,10.72,0.3647373484212079,3.3719939761590862,10.51,11.22,0.7100000000000009,"11.22,10.72,10.51","(85)4630,(85)8bd5,(85)b716",pass,False,False,0.7042253521126752,(85)4630,False,calculated,not_calculated,ROUT not implemented from scratch during MVP per handoff guardrails; no trusted existing implementation wired up yet.
168,2,37,tomato pomace,compositional,xylan,oakleaf,oven dry,,% dry weight,40.0,3,9.52,9.43,0.3244996147917595,3.408609399073104,9.25,9.88,0.6300000000000008,"9.88,9.43,9.25","(85)8c05,(85)a6d4,(85)f026",pass,False,False,0.7142857142857151,(85)8c05,False,calculated,not_calculated,ROUT not implemented from scratch during MVP per handoff guardrails; no trusted existing implementation wired up yet.
169,146,25,almond hulls,compositional,xylan,humorous,knife mill (2mm),,% dry weight,37.0,3,7.293333333333333,7.23,0.1365039681962884,1.8716266206072452,7.2,7.45,0.25,"7.2,7.23,7.45","(86)031e,(86)7828,(86)9d47",pass,False,False,0.879999999999999,(86)9d47,False,calculated,not_calculated,ROUT not implemented from scratch during MVP per handoff guardrails; no trusted existing implementation wired up yet.
170,146,25,almond hulls,compositional,xylose,humorous,knife mill (2mm),,% dry weight,37.0,3,8.29,8.22,0.1571623364550174,1.8958062298554577,8.18,8.47,0.2900000000000009,"8.47,8.18,8.22","(86)0932,(86)6013,(86)cc31",pass,False,False,0.8620689655172387,(86)0932,False,calculated,not_calculated,ROUT not implemented from scratch during MVP per handoff guardrails; no trusted existing implementation wired up yet.
171,146,25,almond hulls,compositional,glucose,humorous,knife mill (2mm),,% dry weight,37.0,3,25.36,25.17,0.3553871128783363,1.4013687416338183,25.14,25.77,0.629999999999999,"25.14,25.77,25.17","(86)50f7,(86)739f,(86)f7f0",pass,False,False,0.9523809523809506,(86)739f,False,calculated,not_calculated,ROUT not implemented from scratch during MVP per handoff guardrails; no trusted existing implementation wired up yet.
172,146,25,almond hulls,compositional,lignin,humorous,knife mill (2mm),,% dry weight,37.0,3,20.203333333333333,20.08,0.2581343319539912,1.2776818938491563,20.03,20.5,0.4699999999999988,"20.5,20.03,20.08","(86)650b,(86)82c3,(86)98ab",pass,False,False,0.8936170212766016,(86)650b,False,calculated,not_calculated,ROUT not implemented from scratch during MVP per handoff guardrails; no trusted existing implementation wired up yet.
173,146,25,almond hulls,compositional,glucan,humorous,knife mill (2mm),,% dry weight,37.0,3,22.82333333333333,22.65,0.3177000681985042,1.3919967936256938,22.63,23.19,0.5600000000000023,"22.65,22.63,23.19","(86)ab43,(86)cd16,(86)dc7c",pass,False,False,0.9642857142857152,(86)dc7c,False,calculated,not_calculated,ROUT not implemented from scratch during MVP per handoff guardrails; no trusted existing implementation wired up yet.
174,135,34,grape stem,compositional,xylan,rigging,oven dry + knife mill (2mm),,% dry weight,27.0,3,4.843333333333333,5.33,1.45249211128093,29.989513653425952,3.21,5.99,2.78,"5.33,3.21,5.99","(87)1f70,(87)8932,(87)91b5",pass,True,True,0.7625899280575539,(87)8932,False,calculated,not_calculated,ROUT not implemented from scratch during MVP per handoff guardrails; no trusted existing implementation wired up yet.
175,135,34,grape stem,compositional,glucose,rigging,oven dry + knife mill (2mm),,% dry weight,27.0,3,18.606666666666666,21.02,5.585743758295158,30.02012052111336,12.22,22.58,10.359999999999998,"22.58,12.22,21.02","(87)2652,(87)49e8,(87)a83f",pass,True,True,0.8494208494208495,(87)49e8,False,calculated,not_calculated,ROUT not implemented from scratch during MVP per handoff guardrails; no trusted existing implementation wired up yet.
176,135,34,grape stem,compositional,xylose,rigging,oven dry + knife mill (2mm),,% dry weight,27.0,3,5.503333333333333,6.06,1.6471288150394714,29.92965745074752,3.65,6.8,3.15,"3.65,6.06,6.8","(87)50d0,(87)7d8b,(87)fbd5",pass,True,True,0.765079365079365,(87)50d0,False,calculated,not_calculated,ROUT not implemented from scratch during MVP per handoff guardrails; no trusted existing implementation wired up yet.
177,135,34,grape stem,compositional,lignin,rigging,oven dry + knife mill (2mm),,% dry weight,27.0,3,36.62666666666667,37.11,0.9251126057585266,2.5257897863811243,35.56,37.21,1.6499999999999986,"35.56,37.21,37.11","(87)653b,(87)6f26,(87)e6c9",pass,False,False,0.9393939393939384,(87)653b,False,calculated,not_calculated,ROUT not implemented from scratch during MVP per handoff guardrails; no trusted existing implementation wired up yet.
178,135,34,grape stem,compositional,glucan,rigging,oven dry + knife mill (2mm),,% dry weight,27.0,3,16.75,18.92,5.02930412681516,30.02569627949349,11.0,20.33,9.329999999999998,"18.92,11.0,20.33","(87)6f75,(87)a5ef,(87)bfb7",pass,True,True,0.8488745980707398,(87)a5ef,False,calculated,not_calculated,ROUT not implemented from scratch during MVP per handoff guardrails; no trusted existing implementation wired up yet.
179,72,35,almond branches,compositional,glucan,humorous,knife mill (2mm),,% dry weight,38.0,3,25.98,26.09,0.3100000000000001,1.1932255581216324,25.63,26.22,0.5899999999999999,"26.22,26.09,25.63","(a0)00b1,(a0)47a1,(a0)de11",pass,False,False,0.7796610169491541,(a0)de11,False,calculated,not_calculated,ROUT not implemented from scratch during MVP per handoff guardrails; no trusted existing implementation wired up yet.
180,72,35,almond branches,compositional,xylose,humorous,knife mill (2mm),,% dry weight,38.0,3,17.32,17.29,0.1670329308848999,0.9643933653862586,17.17,17.5,0.3299999999999983,"17.5,17.17,17.29","(a0)031a,(a0)94e1,(a0)e973",pass,False,False,0.6363636363636422,(a0)031a,False,calculated,not_calculated,ROUT not implemented from scratch during MVP per handoff guardrails; no trusted existing implementation wired up yet.
181,72,35,almond branches,compositional,lignin,humorous,knife mill (2mm),,% dry weight,38.0,3,35.413333333333334,35.28,0.503421625810147,1.421559560834376,34.99,35.97,0.9799999999999968,"34.99,35.28,35.97","(a0)129b,(a0)4e42,(a0)7c3a",pass,False,False,0.7040816326530611,(a0)7c3a,False,calculated,not_calculated,ROUT not implemented from scratch during MVP per handoff guardrails; no trusted existing implementation wired up yet.
182,72,35,almond branches,compositional,glucose,humorous,knife mill (2mm),,% dry weight,38.0,3,28.866666666666664,28.99,0.3421013495052785,1.185108601057547,28.48,29.13,0.6499999999999986,"28.99,28.48,29.13","(a0)2a3f,(a0)a67e,(a0)e5fa",pass,False,False,0.7846153846153833,(a0)a67e,False,calculated,not_calculated,ROUT not implemented from scratch during MVP per handoff guardrails; no trusted existing implementation wired up yet.
183,165,14,olive stems / leaves,compositional,lignin,excellent,oven dry + knife mill (2mm),,% dry weight,30.0,3,51.25,51.18,0.2042057785666183,0.3984502996421821,51.09,51.48,0.3899999999999934,"51.48,51.18,51.09","(a0)2c11,(a0)b0bd,(a0)bd2b",pass,False,False,0.7692307692307748,(a0)2c11,False,calculated,not_calculated,ROUT not implemented from scratch during MVP per handoff guardrails; no trusted existing implementation wired up yet.
184,165,14,olive stems / leaves,compositional,xylose,excellent,oven dry + knife mill (2mm),,% dry weight,30.0,3,13.656666666666666,13.54,0.3594903800289151,2.6323435198602527,13.37,14.06,0.6900000000000013,"13.54,14.06,13.37","(a0)2c72,(a0)825d,(a0)96b7",pass,False,False,0.7536231884057977,(a0)825d,False,calculated,not_calculated,ROUT not implemented from scratch during MVP per handoff guardrails; no trusted existing implementation wired up yet.
185,165,14,olive stems / leaves,compositional,glucan,excellent,oven dry + knife mill (2mm),,% dry weight,30.0,3,14.143333333333333,14.11,0.2914332399252586,2.06056969072773,13.87,14.45,0.5800000000000001,"14.45,14.11,13.87","(a0)4e26,(a0)7a8d,(a0)ad15",pass,False,False,0.5862068965517239,(a0)4e26,False,calculated,not_calculated,ROUT not implemented from scratch during MVP per handoff guardrails; no trusted existing implementation wired up yet.
186,165,14,olive stems / leaves,compositional,glucose,excellent,oven dry + knife mill (2mm),,% dry weight,30.0,3,15.713333333333331,15.68,0.3212994449626913,2.044756756232656,15.41,16.05,0.6400000000000006,"15.68,16.05,15.41","(a0)7978,(a0)cda4,(a0)ee16",pass,False,False,0.578125000000001,(a0)cda4,False,calculated,not_calculated,ROUT not implemented from scratch during MVP per handoff guardrails; no trusted existing implementation wired up yet.
187,72,35,almond branches,compositional,xylan,humorous,knife mill (2mm),,% dry weight,38.0,3,15.24,15.21,0.1473091986265627,0.9665957915128788,15.11,15.4,0.2900000000000009,"15.11,15.4,15.21","(a0)7dd8,(a0)8bcb,(a0)ac41",pass,False,False,0.6551724137930997,(a0)8bcb,False,calculated,not_calculated,ROUT not implemented from scratch during MVP per handoff guardrails; no trusted existing implementation wired up yet.
188,165,14,olive stems / leaves,compositional,xylan,excellent,oven dry + knife mill (2mm),,% dry weight,30.0,3,12.016666666666666,11.92,0.3162804662531866,2.632014975754674,11.76,12.37,0.6099999999999994,"11.92,12.37,11.76","(a0)975e,(a0)dd8f,(a0)fa31",pass,False,False,0.7377049180327864,(a0)dd8f,False,calculated,not_calculated,ROUT not implemented from scratch during MVP per handoff guardrails; no trusted existing implementation wired up yet.
189,143,31,almond shells,compositional,glucose,tiny,knife mill (2mm),,% dry weight,37.0,3,25.37333333333333,25.41,0.1582192571507453,0.6235651227696216,25.2,25.51,0.3100000000000023,"25.41,25.51,25.2","(a2)210f,(a2)2e51,(a2)3a00",pass,False,False,0.6774193548387074,(a2)3a00,False,calculated,not_calculated,ROUT not implemented from scratch during MVP per handoff guardrails; no trusted existing implementation wired up yet.
190,143,31,almond shells,compositional,lignin,tiny,knife mill (2mm),,% dry weight,37.0,3,30.396666666666665,30.38,0.4152509281546931,1.3661067929203634,29.99,30.82,0.8300000000000018,"29.99,30.82,30.38","(a2)27ae,(a2)8569,(a2)a00a",pass,False,False,0.5301204819277112,(a2)8569,False,calculated,not_calculated,ROUT not implemented from scratch during MVP per handoff guardrails; no trusted existing implementation wired up yet.
191,143,31,almond shells,compositional,xylan,tiny,knife mill (2mm),,% dry weight,37.0,3,19.03333333333333,19.04,0.0115470053837922,0.0606672787239523,19.02,19.04,0.0199999999999995,"19.02,19.04,19.04","(a2)6e8b,(a2)7ab8,(a2)c18b",pass,False,False,1.0,(a2)6e8b,True,calculated,not_calculated,ROUT not implemented from scratch during MVP per handoff guardrails; no trusted existing implementation wired up yet.
192,143,31,almond shells,compositional,glucan,tiny,knife mill (2mm),,% dry weight,37.0,3,22.836666666666662,22.87,0.1429452109492777,0.6259460412316937,22.68,22.96,0.2800000000000011,"22.87,22.96,22.68","(a2)7169,(a2)c9b4,(a2)ee26",pass,False,False,0.6785714285714304,(a2)ee26,False,calculated,not_calculated,ROUT not implemented from scratch during MVP per handoff guardrails; no trusted existing implementation wired up yet.
193,143,31,almond shells,compositional,xylose,tiny,knife mill (2mm),,% dry weight,37.0,3,21.63,21.64,0.0173205080756894,0.0800763202759566,21.61,21.64,0.0300000000000011,"21.61,21.64,21.64","(a2)8f0a,(a2)8f0d,(a2)a625",pass,False,False,1.0,(a2)8f0a,True,calculated,not_calculated,ROUT not implemented from scratch during MVP per handoff guardrails; no trusted existing implementation wired up yet.
194,162,31,almond shells,compositional,glucan,humorous,knife mill (2mm),,% dry weight,30.0,3,23.83666666666667,23.89,0.2542308662089114,1.066553766783295,23.56,24.06,0.5,"23.89,24.06,23.56","(a5)06fb,(a5)4b77,(a5)73fb",pass,False,False,0.6600000000000037,(a5)73fb,False,calculated,not_calculated,ROUT not implemented from scratch during MVP per handoff guardrails; no trusted existing implementation wired up yet.
195,162,31,almond shells,compositional,xylan,humorous,knife mill (2mm),,% dry weight,30.0,3,19.316666666666663,19.29,0.3208322510804243,1.6609089788460274,19.01,19.65,0.639999999999997,"19.29,19.65,19.01","(a5)18dd,(a5)6e3c,(a5)a7dc",pass,False,False,0.5625000000000018,(a5)6e3c,False,calculated,not_calculated,ROUT not implemented from scratch during MVP per handoff guardrails; no trusted existing implementation wired up yet.
196,162,31,almond shells,compositional,xylose,humorous,knife mill (2mm),,% dry weight,30.0,3,21.953333333333333,21.93,0.3655589327773734,1.6651636780020045,21.6,22.33,0.7299999999999969,"21.93,22.33,21.6","(a5)2eef,(a5)adde,(a5)cc3a",pass,False,False,0.5479452054794525,(a5)adde,False,calculated,not_calculated,ROUT not implemented from scratch during MVP per handoff guardrails; no trusted existing implementation wired up yet.
197,162,31,almond shells,compositional,lignin,humorous,knife mill (2mm),,% dry weight,30.0,3,29.593333333333334,29.64,0.1942506971244474,0.6564001930314738,29.38,29.76,0.3800000000000025,"29.76,29.38,29.64","(a5)4534,(a5)b354,(a5)b49a",pass,False,False,0.6842105263157889,(a5)b354,False,calculated,not_calculated,ROUT not implemented from scratch during MVP per handoff guardrails; no trusted existing implementation wired up yet.
198,162,31,almond shells,compositional,glucose,humorous,knife mill (2mm),,% dry weight,30.0,3,26.486666666666665,26.54,0.2837839553839029,1.0714219307220096,26.18,26.74,0.5599999999999987,"26.54,26.18,26.74","(a5)807a,(a5)8859,(a5)aa6c",pass,False,False,0.6428571428571433,(a5)8859,False,calculated,not_calculated,ROUT not implemented from scratch during MVP per handoff guardrails; no trusted existing implementation wired up yet.
199,161,25,almond hulls,compositional,xylan,humorous,knife mill (2mm),,% dry weight,30.0,3,6.97,7.71,1.548805991723947,22.221032879827074,5.19,8.01,2.8199999999999994,"7.71,5.19,8.01","(a8)037f,(a8)aa72,(a8)ff0b",pass,True,True,0.8936170212765958,(a8)aa72,False,calculated,not_calculated,ROUT not implemented from scratch during MVP per handoff guardrails; no trusted existing implementation wired up yet.
200,161,25,almond hulls,compositional,glucose,humorous,knife mill (2mm),,% dry weight,30.0,3,23.23333333333333,26.08,4.965252595118735,21.37124502920546,17.5,26.12,8.620000000000001,"17.5,26.08,26.12","(a8)29ea,(a8)563e,(a8)9aca",pass,True,True,0.9953596287703013,(a8)29ea,True,calculated,not_calculated,ROUT not implemented from scratch during MVP per handoff guardrails; no trusted existing implementation wired up yet.
201,161,25,almond hulls,compositional,lignin,humorous,knife mill (2mm),,% dry weight,30.0,3,22.026666666666667,21.99,0.0814452781524721,0.3697576187309568,21.97,22.12,0.1500000000000021,"21.99,21.97,22.12","(a8)2cff,(a8)2fbb,(a8)c5e8",pass,False,False,0.8666666666666714,(a8)c5e8,False,calculated,not_calculated,ROUT not implemented from scratch during MVP per handoff guardrails; no trusted existing implementation wired up yet.
202,161,25,almond hulls,compositional,xylose,humorous,knife mill (2mm),,% dry weight,30.0,3,7.923333333333332,8.77,1.7600094696714934,22.212992886051666,5.9,9.1,3.1999999999999997,"8.77,9.1,5.9","(a8)4250,(a8)9e55,(a8)bf74",pass,True,True,0.896875,(a8)bf74,False,calculated,not_calculated,ROUT not implemented from scratch during MVP per handoff guardrails; no trusted existing implementation wired up yet.
203,161,25,almond hulls,compositional,glucan,humorous,knife mill (2mm),,% dry weight,30.0,3,20.913333333333338,23.48,4.47160299370744,21.38158906777545,15.75,23.51,7.760000000000002,"23.51,15.75,23.48","(a8)851a,(a8)a893,(a8)f2e9",pass,True,True,0.9961340206185566,(a8)a893,True,calculated,not_calculated,ROUT not implemented from scratch during MVP per handoff guardrails; no trusted existing implementation wired up yet.
204,14,23,grape pomace,compositional,xylose,maplewood,oven dry,,% dry weight,40.0,3,9.363333333333337,9.24,0.2857154761879956,3.051429079971473,9.16,9.69,0.5299999999999994,"9.69,9.16,9.24","(ab)0af2,(ab)106b,(ab)e013",pass,False,False,0.8490566037735846,(ab)0af2,False,calculated,not_calculated,ROUT not implemented from scratch during MVP per handoff guardrails; no trusted existing implementation wired up yet.
205,14,23,grape pomace,compositional,glucan,maplewood,oven dry,,% dry weight,40.0,3,7.893333333333333,7.95,0.1069267662156365,1.3546465314480982,7.77,7.96,0.1900000000000004,"7.77,7.95,7.96","(ab)1273,(ab)1509,(ab)1fcb",pass,False,False,0.9473684210526329,(ab)1273,False,calculated,not_calculated,ROUT not implemented from scratch during MVP per handoff guardrails; no trusted existing implementation wired up yet.
206,14,23,grape pomace,compositional,glucose,maplewood,oven dry,,% dry weight,40.0,3,8.776666666666666,8.84,0.1184623709594452,1.3497421681668662,8.64,8.85,0.209999999999999,"8.84,8.64,8.85","(ab)19cd,(ab)57f4,(ab)6d90",pass,False,False,0.9523809523809532,(ab)57f4,False,calculated,not_calculated,ROUT not implemented from scratch during MVP per handoff guardrails; no trusted existing implementation wired up yet.
207,14,23,grape pomace,compositional,lignin+,maplewood,oven dry,,% dry weight,40.0,3,53.47666666666667,53.35,0.4340890845590735,0.8117354944070441,53.12,53.96,0.8400000000000034,"53.12,53.96,53.35","(ab)2034,(ab)c64d,(ab)fbf0",pass,False,False,0.7261904761904726,(ab)c64d,False,calculated,not_calculated,ROUT not implemented from scratch during MVP per handoff guardrails; no trusted existing implementation wired up yet.
208,14,23,grape pomace,compositional,xylan,maplewood,oven dry,,% dry weight,40.0,3,8.236666666666666,8.13,0.2478574859336167,3.0091965107278447,8.06,8.52,0.4599999999999991,"8.13,8.06,8.52","(ab)8cb1,(ab)9781,(ab)e502",pass,False,False,0.8478260869565208,(ab)e502,False,calculated,not_calculated,ROUT not implemented from scratch during MVP per handoff guardrails; no trusted existing implementation wired up yet.
209,149,25,almond hulls,compositional,glucan,capstan,knife mill (2mm),,% dry weight,28.0,3,24.816666666666663,25.09,0.7105866121264408,2.863344306755302,24.01,25.35,1.34,"24.01,25.35,25.09","(b3)088a,(b3)256d,(b3)9284",pass,False,False,0.8059701492537301,(b3)088a,False,calculated,not_calculated,ROUT not implemented from scratch during MVP per handoff guardrails; no trusted existing implementation wired up yet.
210,149,25,almond hulls,compositional,lignin,capstan,knife mill (2mm),,% dry weight,28.0,3,26.23333333333333,26.16,0.1814754345175495,0.6917742103591468,26.1,26.44,0.3399999999999998,"26.44,26.1,26.16","(b3)1dea,(b3)858a,(b3)883d",pass,False,False,0.8235294117647096,(b3)1dea,False,calculated,not_calculated,ROUT not implemented from scratch during MVP per handoff guardrails; no trusted existing implementation wired up yet.
211,149,25,almond hulls,compositional,xylan,capstan,knife mill (2mm),,% dry weight,28.0,3,9.926666666666668,9.8,0.3007213549672403,3.029429365015852,9.71,10.27,0.5599999999999987,"9.8,10.27,9.71","(b3)2504,(b3)7544,(b3)afda",pass,False,False,0.8392857142857142,(b3)7544,False,calculated,not_calculated,ROUT not implemented from scratch during MVP per handoff guardrails; no trusted existing implementation wired up yet.
212,149,25,almond hulls,compositional,glucose,capstan,knife mill (2mm),,% dry weight,28.0,3,27.57333333333333,27.87,0.788056681548564,2.8580392222505946,26.68,28.17,1.490000000000002,"26.68,27.87,28.17","(b3)2fe6,(b3)5a29,(b3)b234",pass,False,False,0.7986577181208052,(b3)2fe6,False,calculated,not_calculated,ROUT not implemented from scratch during MVP per handoff guardrails; no trusted existing implementation wired up yet.
213,149,25,almond hulls,compositional,xylose,capstan,knife mill (2mm),,% dry weight,28.0,3,11.276666666666666,11.13,0.3442867022313429,3.053089289666062,11.03,11.67,0.6400000000000006,"11.03,11.13,11.67","(b3)8501,(b3)e8a9,(b3)f397",pass,False,False,0.8437499999999979,(b3)f397,False,calculated,not_calculated,ROUT not implemented from scratch during MVP per handoff guardrails; no trusted existing implementation wired up yet.
214,175,28,walnut shelling fines,compositional,glucose,cutaway,as is,,% dry weight,30.0,3,11.876666666666669,11.97,0.206478408879314,1.7385215454334606,11.64,12.02,0.379999999999999,"11.64,12.02,11.97","(b5)2461,(b5)4e58,(b5)f9ad",pass,False,False,0.8684210526315814,(b5)2461,False,calculated,not_calculated,ROUT not implemented from scratch during MVP per handoff guardrails; no trusted existing implementation wired up yet.
215,175,28,walnut shelling fines,compositional,xylose,cutaway,as is,,% dry weight,30.0,3,12.316666666666668,12.8,1.0610529361598011,8.614773500620847,11.1,13.05,1.950000000000001,"12.8,13.05,11.1","(b5)25fa,(b5)35b0,(b5)c9e0",pass,False,False,0.8717948717948719,(b5)c9e0,False,calculated,not_calculated,ROUT not implemented from scratch during MVP per handoff guardrails; no trusted existing implementation wired up yet.
216,175,28,walnut shelling fines,compositional,glucan,cutaway,as is,,% dry weight,30.0,3,10.686666666666667,10.77,0.1892969448600087,1.771337600062465,10.47,10.82,0.3499999999999996,"10.82,10.47,10.77","(b5)3bc5,(b5)da39,(b5)e90a",pass,False,False,0.857142857142855,(b5)da39,False,calculated,not_calculated,ROUT not implemented from scratch during MVP per handoff guardrails; no trusted existing implementation wired up yet.
217,175,28,walnut shelling fines,compositional,xylan,cutaway,as is,,% dry weight,30.0,3,10.836666666666666,11.26,0.9302866941611784,8.584620370604538,9.77,11.48,1.7100000000000009,"11.48,9.77,11.26","(b5)41d7,(b5)70e4,(b5)b12b",pass,False,False,0.8713450292397658,(b5)70e4,False,calculated,not_calculated,ROUT not implemented from scratch during MVP per handoff guardrails; no trusted existing implementation wired up yet.
218,175,28,walnut shelling fines,compositional,lignin,cutaway,as is,,% dry weight,30.0,3,52.54,52.54,0.240000000000002,0.4567948229920099,52.3,52.78,0.480000000000004,"52.78,52.3,52.54","(b5)8e9b,(b5)987c,(b5)b24f",pass,False,False,0.5,(b5)987c,False,calculated,not_calculated,ROUT not implemented from scratch during MVP per handoff guardrails; no trusted existing implementation wired up yet.
219,154,25,almond hulls,compositional,lignin,capstan,knife mill (2mm),,% dry weight,28.0,3,24.43,24.57,0.2959729717389746,1.2115144156323154,24.09,24.63,0.5399999999999991,"24.09,24.63,24.57","(b7)18ba,(b7)5f3f,(b7)95bc",pass,False,False,0.8888888888888911,(b7)18ba,False,calculated,not_calculated,ROUT not implemented from scratch during MVP per handoff guardrails; no trusted existing implementation wired up yet.
220,154,25,almond hulls,compositional,xylan,capstan,knife mill (2mm),,% dry weight,28.0,3,10.453333333333337,10.56,0.2571640202931457,2.460114990049225,10.16,10.64,0.4800000000000004,"10.56,10.64,10.16","(b7)2999,(b7)4b7b,(b7)5c80",pass,False,False,0.8333333333333334,(b7)5c80,False,calculated,not_calculated,ROUT not implemented from scratch during MVP per handoff guardrails; no trusted existing implementation wired up yet.
221,154,25,almond hulls,compositional,glucose,capstan,knife mill (2mm),,% dry weight,28.0,3,29.65,29.79,0.3421987726453719,1.154127395094003,29.26,29.9,0.639999999999997,"29.9,29.79,29.26","(b7)34d1,(b7)681d,(b7)7817",pass,False,False,0.8281250000000001,(b7)7817,False,calculated,not_calculated,ROUT not implemented from scratch during MVP per handoff guardrails; no trusted existing implementation wired up yet.
222,154,25,almond hulls,compositional,xylose,capstan,knife mill (2mm),,% dry weight,28.0,3,11.88,12.0,0.2893095228297881,2.435265343685085,11.55,12.09,0.5399999999999991,"11.55,12.09,12.0","(b7)3dd4,(b7)63c6,(b7)a8d6",pass,False,False,0.8333333333333334,(b7)3dd4,False,calculated,not_calculated,ROUT not implemented from scratch during MVP per handoff guardrails; no trusted existing implementation wired up yet.
223,154,25,almond hulls,compositional,glucan,capstan,knife mill (2mm),,% dry weight,28.0,3,26.686666666666667,26.81,0.3043572462310258,1.1404843101337463,26.34,26.91,0.5700000000000003,"26.81,26.34,26.91","(b7)8030,(b7)bc73,(b7)cc61",pass,False,False,0.8245614035087695,(b7)bc73,False,calculated,not_calculated,ROUT not implemented from scratch during MVP per handoff guardrails; no trusted existing implementation wired up yet.
224,79,5,alfalfa,compositional,xylan,possessive,knife mill (2mm),,% dry weight,34.0,3,13.303333333333333,13.17,0.3685557397916002,2.7704014517033344,13.02,13.72,0.7000000000000011,"13.02,13.17,13.72","(b8)1335,(b8)57a9,(b8)a51b",pass,False,False,0.7857142857142856,(b8)a51b,False,calculated,not_calculated,ROUT not implemented from scratch during MVP per handoff guardrails; no trusted existing implementation wired up yet.
225,79,5,alfalfa,compositional,glucose,possessive,knife mill (2mm),,% dry weight,34.0,3,31.49666666666667,30.95,0.9555277773740198,3.0337425464303727,30.94,32.6,1.66,"32.6,30.94,30.95","(b8)3b4b,(b8)905a,(b8)de76",pass,False,False,0.993975903614459,(b8)3b4b,True,calculated,not_calculated,ROUT not implemented from scratch during MVP per handoff guardrails; no trusted existing implementation wired up yet.
226,79,5,alfalfa,compositional,xylose,possessive,knife mill (2mm),,% dry weight,34.0,3,15.116666666666667,14.97,0.4196824196143239,2.776289435155395,14.79,15.59,0.8000000000000007,"14.79,15.59,14.97","(b8)5436,(b8)76e6,(b8)cd1b",pass,False,False,0.7749999999999984,(b8)76e6,False,calculated,not_calculated,ROUT not implemented from scratch during MVP per handoff guardrails; no trusted existing implementation wired up yet.
227,79,5,alfalfa,compositional,glucan,possessive,knife mill (2mm),,% dry weight,34.0,3,28.346666666666668,27.85,0.8602519010925415,3.034755060298241,27.85,29.34,1.4899999999999984,"27.85,27.85,29.34","(b8)6d57,(b8)d441,(b8)da13",pass,False,False,1.0,(b8)da13,True,calculated,not_calculated,ROUT not implemented from scratch during MVP per handoff guardrails; no trusted existing implementation wired up yet.
228,79,5,alfalfa,compositional,lignin,possessive,knife mill (2mm),,% dry weight,34.0,3,22.266666666666666,22.32,0.2444040370643116,1.0976229209475077,22.0,22.48,0.4800000000000004,"22.0,22.32,22.48","(b8)8fcf,(b8)9d2b,(b8)fa89",pass,False,False,0.6666666666666666,(b8)8fcf,False,calculated,not_calculated,ROUT not implemented from scratch during MVP per handoff guardrails; no trusted existing implementation wired up yet.
229,164,32,olive pomace,compositional,glucan,excellent,oven dry + knife mill (2mm),,% dry weight,30.0,3,11.47,11.49,0.0624499799839836,0.5444636441498139,11.4,11.52,0.1199999999999992,"11.52,11.4,11.49","(ba)057a,(ba)4bc0,(ba)a296",pass,False,False,0.7500000000000037,(ba)4bc0,False,calculated,not_calculated,ROUT not implemented from scratch during MVP per handoff guardrails; no trusted existing implementation wired up yet.
230,164,32,olive pomace,compositional,lignin,excellent,oven dry + knife mill (2mm),,% dry weight,30.0,3,46.73333333333333,46.81,0.2829016319029155,0.6053529926595911,46.42,46.97,0.5499999999999972,"46.42,46.81,46.97","(ba)10eb,(ba)3b31,(ba)4f41",pass,False,False,0.7090909090909138,(ba)10eb,False,calculated,not_calculated,ROUT not implemented from scratch during MVP per handoff guardrails; no trusted existing implementation wired up yet.
231,164,32,olive pomace,compositional,glucose,excellent,oven dry + knife mill (2mm),,% dry weight,30.0,3,12.746666666666664,12.77,0.0680685928555406,0.5340109272139699,12.67,12.8,0.1300000000000007,"12.67,12.8,12.77","(ba)1c19,(ba)79c9,(ba)9627",pass,False,False,0.7692307692307618,(ba)1c19,False,calculated,not_calculated,ROUT not implemented from scratch during MVP per handoff guardrails; no trusted existing implementation wired up yet.
232,164,32,olive pomace,compositional,xylan,excellent,oven dry + knife mill (2mm),,% dry weight,30.0,3,14.273333333333332,14.29,0.3053413390507959,2.139243384288622,13.96,14.57,0.6099999999999994,"13.96,14.57,14.29","(ba)231c,(ba)5ec9,(ba)b745",pass,False,False,0.5409836065573748,(ba)231c,False,calculated,not_calculated,ROUT not implemented from scratch during MVP per handoff guardrails; no trusted existing implementation wired up yet.
233,164,32,olive pomace,compositional,xylose,excellent,oven dry + knife mill (2mm),,% dry weight,30.0,3,16.22,16.24,0.3404408906109847,2.0988957497594622,15.87,16.55,0.6800000000000015,"16.55,15.87,16.24","(ba)3435,(ba)7ab9,(ba)816d",pass,False,False,0.5441176470588212,(ba)7ab9,False,calculated,not_calculated,ROUT not implemented from scratch during MVP per handoff guardrails; no trusted existing implementation wired up yet.
234,124,26,spent oak chips,compositional,glucan,rigging,oven dry + knife mill (2mm),,% dry weight,31.0,3,36.27333333333333,32.76,8.66197052253893,23.87972024225031,29.92,46.14,16.22,"46.14,32.76,29.92","(bc)3853,(bc)543c,(bc)9ad4",,True,True,0.8249075215782986,(bc)3853,False,calculated,not_calculated,ROUT not implemented from scratch during MVP per handoff guardrails; no trusted existing implementation wired up yet.
235,124,26,spent oak chips,compositional,lignin,rigging,oven dry + knife mill (2mm),,% dry weight,31.0,3,43.11666666666667,42.91,0.3666515148384552,0.8503707340667691,42.9,43.54,0.6400000000000006,"42.9,42.91,43.54","(bc)4a43,(bc)8bc5,(bc)e785",,False,False,0.9843750000000031,(bc)e785,True,calculated,not_calculated,ROUT not implemented from scratch during MVP per handoff guardrails; no trusted existing implementation wired up yet.
236,124,26,spent oak chips,compositional,xylan,rigging,oven dry + knife mill (2mm),,% dry weight,31.0,3,4.503333333333333,4.0,1.0406888744160443,23.10930143040809,3.81,5.7,1.89,"4.0,5.7,3.81","(bc)5968,(bc)a1d4,(bc)f8b5",,True,True,0.8994708994708995,(bc)a1d4,False,calculated,not_calculated,ROUT not implemented from scratch during MVP per handoff guardrails; no trusted existing implementation wired up yet.
237,124,26,spent oak chips,compositional,xylose,rigging,oven dry + knife mill (2mm),,% dry weight,31.0,3,5.116666666666667,4.54,1.1853410198475938,23.16627400353603,4.33,6.48,2.1500000000000004,"4.54,4.33,6.48","(bc)666e,(bc)8bea,(bc)b2b8",,True,True,0.9023255813953489,(bc)b2b8,False,calculated,not_calculated,ROUT not implemented from scratch during MVP per handoff guardrails; no trusted existing implementation wired up yet.
238,124,26,spent oak chips,compositional,glucose,rigging,oven dry + knife mill (2mm),,% dry weight,31.0,3,40.3,36.4,9.622245060275691,23.876538611105936,33.24,51.26,18.02,"36.4,51.26,33.24","(bc)a6b1,(bc)b1c1,(bc)d686",,True,True,0.8246392896781356,(bc)b1c1,False,calculated,not_calculated,ROUT not implemented from scratch during MVP per handoff guardrails; no trusted existing implementation wired up yet.
239,122,26,spent oak chips,compositional,lignin,rigging,oven dry + knife mill (2mm),,% dry weight,31.0,3,27.95,28.05,0.4877499359302866,1.7450802716647107,27.42,28.38,0.9599999999999972,"28.05,27.42,28.38","(be)2dd0,(be)c6e4,(be)ca3c",,False,False,0.6562500000000008,(be)c6e4,False,calculated,not_calculated,ROUT not implemented from scratch during MVP per handoff guardrails; no trusted existing implementation wired up yet.
240,122,26,spent oak chips,compositional,glucan,rigging,oven dry + knife mill (2mm),,% dry weight,31.0,3,34.35333333333333,38.97,8.530031262154512,24.83028700413695,24.51,39.58,15.069999999999997,"38.97,24.51,39.58","(be)3b12,(be)61e9,(be)687b",,True,True,0.9595222295952224,(be)61e9,False,calculated,not_calculated,ROUT not implemented from scratch during MVP per handoff guardrails; no trusted existing implementation wired up yet.
241,122,26,spent oak chips,compositional,glucose,rigging,oven dry + knife mill (2mm),,% dry weight,31.0,3,38.17333333333333,43.3,9.474646871167986,24.82006689967164,27.24,43.98,16.74,"43.3,43.98,27.24","(be)4004,(be)7964,(be)d020",,True,True,0.959378733572282,(be)d020,False,calculated,not_calculated,ROUT not implemented from scratch during MVP per handoff guardrails; no trusted existing implementation wired up yet.
242,122,26,spent oak chips,compositional,xylose,rigging,oven dry + knife mill (2mm),,% dry weight,31.0,3,19.933333333333334,22.62,4.845217573374114,24.30711157211094,14.34,22.84,8.5,"22.62,22.84,14.34","(be)624d,(be)8b30,(be)8eeb",,True,True,0.9741176470588236,(be)8eeb,True,calculated,not_calculated,ROUT not implemented from scratch during MVP per handoff guardrails; no trusted existing implementation wired up yet.
243,122,26,spent oak chips,compositional,xylan,rigging,oven dry + knife mill (2mm),,% dry weight,31.0,3,17.54,19.9,4.262018301227718,24.298850064012075,12.62,20.1,7.480000000000002,"19.9,12.62,20.1","(be)6aec,(be)a222,(be)cf53",,True,True,0.9732620320855612,(be)a222,True,calculated,not_calculated,ROUT not implemented from scratch during MVP per handoff guardrails; no trusted existing implementation wired up yet.
244,133,9,pistachio hulls,compositional,glucose,stuntman,oven dry + knife mill (2mm),,% dry weight,37.0,3,12.653333333333334,12.66,0.1900876990584428,1.502273701726366,12.46,12.84,0.379999999999999,"12.66,12.46,12.84","(c0)0a41,(c0)0f01,(c0)86e1",pass,False,False,0.5263157894736837,(c0)0f01,False,calculated,not_calculated,ROUT not implemented from scratch during MVP per handoff guardrails; no trusted existing implementation wired up yet.
245,133,9,pistachio hulls,compositional,xylan,stuntman,oven dry + knife mill (2mm),,% dry weight,37.0,3,7.923333333333333,7.92,0.1950213663508004,2.4613550654286964,7.73,8.12,0.3899999999999988,"7.73,8.12,7.92","(c0)2163,(c0)47ff,(c0)bbb6",pass,False,False,0.5128205128205126,(c0)47ff,False,calculated,not_calculated,ROUT not implemented from scratch during MVP per handoff guardrails; no trusted existing implementation wired up yet.
246,133,9,pistachio hulls,compositional,glucan,stuntman,oven dry + knife mill (2mm),,% dry weight,37.0,3,11.386666666666668,11.39,0.1650252505931542,1.4492849876447966,11.22,11.55,0.33,"11.55,11.39,11.22","(c0)21ce,(c0)6e53,(c0)b33e",pass,False,False,0.5151515151515148,(c0)b33e,False,calculated,not_calculated,ROUT not implemented from scratch during MVP per handoff guardrails; no trusted existing implementation wired up yet.
247,133,9,pistachio hulls,compositional,lignin,stuntman,oven dry + knife mill (2mm),,% dry weight,37.0,3,42.84666666666666,42.92,0.4544593857907799,1.0606645070579896,42.36,43.26,0.8999999999999986,"42.92,42.36,43.26","(c0)2c34,(c0)4885,(c0)c14e",pass,False,False,0.6222222222222258,(c0)4885,False,calculated,not_calculated,ROUT not implemented from scratch during MVP per handoff guardrails; no trusted existing implementation wired up yet.
248,133,9,pistachio hulls,compositional,xylose,stuntman,oven dry + knife mill (2mm),,% dry weight,37.0,3,9.006666666666666,9.0,0.2200757445365881,2.443476068133844,8.79,9.23,0.4400000000000013,"8.79,9.0,9.23","(c0)7c08,(c0)95c5,(c0)cdec",pass,False,False,0.5227272727272722,(c0)cdec,False,calculated,not_calculated,ROUT not implemented from scratch during MVP per handoff guardrails; no trusted existing implementation wired up yet.
249,54,12,almond woodchips,compositional,xylose,popular,knife mill (2mm),,% dry weight,36.0,3,21.426666666666662,21.4,0.1123981020005837,0.5245711045453503,21.33,21.55,0.2200000000000024,"21.4,21.55,21.33","(c1)0a0f,(c1)6d4d,(c1)8cf2",pass,False,False,0.681818181818184,(c1)6d4d,False,calculated,not_calculated,ROUT not implemented from scratch during MVP per handoff guardrails; no trusted existing implementation wired up yet.
250,54,12,almond woodchips,compositional,lignin,popular,knife mill (2mm),,% dry weight,36.0,3,29.263333333333332,29.41,0.3165964834506757,1.0818879716961236,28.9,29.48,0.5800000000000018,"29.41,28.9,29.48","(c1)0d7d,(c1)ae8b,(c1)b8b5",pass,False,False,0.8793103448275861,(c1)ae8b,False,calculated,not_calculated,ROUT not implemented from scratch during MVP per handoff guardrails; no trusted existing implementation wired up yet.
251,54,12,almond woodchips,compositional,xylan,popular,knife mill (2mm),,% dry weight,36.0,3,18.85333333333333,18.83,0.0971253485622239,0.5151627398986419,18.77,18.96,0.1900000000000012,"18.77,18.96,18.83","(c1)3033,(c1)6e7e,(c1)9ec0",pass,False,False,0.6842105263157984,(c1)6e7e,False,calculated,not_calculated,ROUT not implemented from scratch during MVP per handoff guardrails; no trusted existing implementation wired up yet.
252,54,12,almond woodchips,compositional,glucose,popular,knife mill (2mm),,% dry weight,36.0,3,35.583333333333336,35.71,0.347754702819868,0.9772965887209404,35.19,35.85,0.6600000000000037,"35.85,35.71,35.19","(c1)6ac6,(c1)6bdb,(c1)94c5",pass,False,False,0.7878787878787882,(c1)94c5,False,calculated,not_calculated,ROUT not implemented from scratch during MVP per handoff guardrails; no trusted existing implementation wired up yet.
253,54,12,almond woodchips,compositional,glucan,popular,knife mill (2mm),,% dry weight,36.0,3,32.02666666666667,32.14,0.3156474826976029,0.985577069205671,31.67,32.27,0.6000000000000014,"32.27,31.67,32.14","(c1)b2a8,(c1)b63a,(c1)e9b5",pass,False,False,0.7833333333333296,(c1)b63a,False,calculated,not_calculated,ROUT not implemented from scratch during MVP per handoff guardrails; no trusted existing implementation wired up yet.
254,29,6,unused oak stick,compositional,lignin,maplewood,knife mill (2mm),,% dry weight,36.0,3,35.67666666666667,35.44,0.4718403684863494,1.3225461136681755,35.37,36.22,0.8500000000000014,"36.22,35.44,35.37","(c4)0589,(c4)3676,(c4)68bc",pass,False,False,0.9176470588235293,(c4)0589,False,calculated,not_calculated,ROUT not implemented from scratch during MVP per handoff guardrails; no trusted existing implementation wired up yet.
255,29,6,unused oak stick,compositional,xylan,maplewood,knife mill (2mm),,% dry weight,36.0,3,13.96,13.94,0.1410673597966585,1.0105111733284995,13.83,14.11,0.2799999999999993,"13.94,14.11,13.83","(c4)111c,(c4)5987,(c4)9c93",pass,False,False,0.6071428571428583,(c4)5987,False,calculated,not_calculated,ROUT not implemented from scratch during MVP per handoff guardrails; no trusted existing implementation wired up yet.
256,29,6,unused oak stick,compositional,glucan,maplewood,knife mill (2mm),,% dry weight,36.0,3,39.29666666666667,39.39,0.4768997099321117,1.213588200692455,38.78,39.72,0.9399999999999976,"39.39,39.72,38.78","(c4)126d,(c4)677c,(c4)882a",pass,False,False,0.648936170212767,(c4)882a,False,calculated,not_calculated,ROUT not implemented from scratch during MVP per handoff guardrails; no trusted existing implementation wired up yet.
257,29,6,unused oak stick,compositional,xylose,maplewood,knife mill (2mm),,% dry weight,36.0,3,15.866666666666667,15.85,0.1656301099840637,1.043887247798721,15.71,16.04,0.3299999999999983,"15.85,16.04,15.71","(c4)226a,(c4)24f1,(c4)3724",pass,False,False,0.5757575757575772,(c4)24f1,False,calculated,not_calculated,ROUT not implemented from scratch during MVP per handoff guardrails; no trusted existing implementation wired up yet.
258,29,6,unused oak stick,compositional,glucose,maplewood,knife mill (2mm),,% dry weight,36.0,3,43.66333333333333,43.77,0.5281413952090225,1.20957644524549,43.09,44.13,1.0399999999999991,"44.13,43.77,43.09","(c4)4695,(c4)504e,(c4)fccc",pass,False,False,0.6538461538461541,(c4)fccc,False,calculated,not_calculated,ROUT not implemented from scratch during MVP per handoff guardrails; no trusted existing implementation wired up yet.
259,228,22,walnut tree sticks,compositional,lignin,badger,chipper (1in) + oven dry + knife mill (2mm),,% dry weight,28.0,3,28.866666666666664,28.71,0.474798202748634,1.644797469106123,28.49,29.4,0.91,"29.4,28.49,28.71","(c5)02f2,(c5)2932,(c5)c098",pass,False,False,0.7582417582417557,(c5)02f2,False,calculated,not_calculated,ROUT not implemented from scratch during MVP per handoff guardrails; no trusted existing implementation wired up yet.
260,228,22,walnut tree sticks,compositional,xylose,badger,chipper (1in) + oven dry + knife mill (2mm),,% dry weight,28.0,3,17.150000000000002,17.35,0.445084261685358,2.595243508369434,16.64,17.46,0.8200000000000003,"17.46,16.64,17.35","(c5)0d9b,(c5)daf9,(c5)e06a",pass,False,False,0.8658536585365861,(c5)daf9,False,calculated,not_calculated,ROUT not implemented from scratch during MVP per handoff guardrails; no trusted existing implementation wired up yet.
261,27,26,spent oak chips,compositional,xylan,maplewood,knife mill (2mm),,% dry weight,36.0,3,6.56,6.51,0.0953939201416945,1.454175611916076,6.5,6.67,0.1699999999999999,"6.67,6.51,6.5","(c5)0ed9,(c5)a648,(c5)c20a",pass,False,False,0.9411764705882365,(c5)0ed9,False,calculated,not_calculated,ROUT not implemented from scratch during MVP per handoff guardrails; no trusted existing implementation wired up yet.
262,228,22,walnut tree sticks,compositional,glucan,badger,chipper (1in) + oven dry + knife mill (2mm),,% dry weight,28.0,3,33.98,34.25,0.5838664230797996,1.718264929605061,33.31,34.38,1.0700000000000005,"34.25,33.31,34.38","(c5)18bf,(c5)1af8,(c5)6d4b",pass,False,False,0.8785046728971939,(c5)1af8,False,calculated,not_calculated,ROUT not implemented from scratch during MVP per handoff guardrails; no trusted existing implementation wired up yet.
263,27,26,spent oak chips,compositional,lignin,maplewood,knife mill (2mm),,% dry weight,38.0,1,44.69,44.69,,,44.69,44.69,0.0,44.69,(c5)1d8d,pass,,,,,,not_applicable_n_out_of_range,not_calculated,ROUT not implemented from scratch during MVP per handoff guardrails; no trusted existing implementation wired up yet.
264,228,22,walnut tree sticks,compositional,xylan,badger,chipper (1in) + oven dry + knife mill (2mm),,% dry weight,28.0,3,15.093333333333334,15.27,0.3865660788705249,2.561171017251711,14.65,15.36,0.7099999999999991,"15.36,15.27,14.65","(c5)1f57,(c5)2d94,(c5)ca15",pass,False,False,0.8732394366197184,(c5)ca15,False,calculated,not_calculated,ROUT not implemented from scratch during MVP per handoff guardrails; no trusted existing implementation wired up yet.
265,27,26,spent oak chips,compositional,glucan,maplewood,knife mill (2mm),,% dry weight,36.0,3,41.68,41.54,0.4853864439804629,1.1645548080145462,41.28,42.22,0.9399999999999976,"41.28,42.22,41.54","(c5)24af,(c5)8f41,(c5)cc25",pass,False,False,0.7234042553191504,(c5)8f41,False,calculated,not_calculated,ROUT not implemented from scratch during MVP per handoff guardrails; no trusted existing implementation wired up yet.
266,27,26,spent oak chips,compositional,xylose,maplewood,knife mill (2mm),,% dry weight,36.0,3,7.456666666666666,7.4,0.1069267662156363,1.4339754074515378,7.39,7.58,0.1900000000000004,"7.58,7.39,7.4","(c5)267f,(c5)27e9,(c5)5f9f",pass,False,False,0.9473684210526281,(c5)267f,False,calculated,not_calculated,ROUT not implemented from scratch during MVP per handoff guardrails; no trusted existing implementation wired up yet.
267,228,22,walnut tree sticks,compositional,glucose,badger,chipper (1in) + oven dry + knife mill (2mm),,% dry weight,28.0,3,37.75333333333334,38.05,0.648099786555539,1.7166690443816148,37.01,38.2,1.1900000000000048,"38.05,37.01,38.2","(c5)624f,(c5)bcb2,(c5)c9d1",pass,False,False,0.8739495798319286,(c5)bcb2,False,calculated,not_calculated,ROUT not implemented from scratch during MVP per handoff guardrails; no trusted existing implementation wired up yet.
268,27,26,spent oak chips,compositional,glucose,maplewood,knife mill (2mm),,% dry weight,36.0,3,46.31,46.16,0.5408326913195972,1.16785292878341,45.86,46.91,1.0499999999999972,"45.86,46.16,46.91","(c5)6fa0,(c5)7034,(c5)b324",pass,False,False,0.7142857142857162,(c5)b324,False,calculated,not_calculated,ROUT not implemented from scratch during MVP per handoff guardrails; no trusted existing implementation wired up yet.
269,27,26,spent oak chips,compositional,lignin,maplewood,knife mill (2mm),,% dry weight,36.0,2,44.435,44.435,0.4879036790187162,1.0980166063209544,44.09,44.78,0.6899999999999977,"44.09,44.78","(c5)86ca,(c5)f357",pass,False,False,,,,not_applicable_n_out_of_range,not_calculated,ROUT not implemented from scratch during MVP per handoff guardrails; no trusted existing implementation wired up yet.
270,53,35,almond branches,compositional,xylan,vibrant,knife mill (2mm),,% dry weight,36.0,3,14.796666666666669,15.24,0.7765522090196725,5.248156402475821,13.9,15.25,1.3499999999999996,"13.9,15.25,15.24","(c7)0c90,(c7)5eb1,(c7)749c",pass,False,False,0.9925925925925928,(c7)0c90,True,calculated,not_calculated,ROUT not implemented from scratch during MVP per handoff guardrails; no trusted existing implementation wired up yet.
271,53,35,almond branches,compositional,glucose,vibrant,knife mill (2mm),,% dry weight,36.0,3,27.53,28.01,1.055319856725913,3.833344920907785,26.32,28.26,1.9400000000000013,"28.26,26.32,28.01","(c7)32d3,(c7)4fab,(c7)55ad",pass,False,False,0.8711340206185568,(c7)4fab,False,calculated,not_calculated,ROUT not implemented from scratch during MVP per handoff guardrails; no trusted existing implementation wired up yet.
272,53,35,almond branches,compositional,lignin,vibrant,knife mill (2mm),,% dry weight,36.0,3,33.943333333333335,33.62,0.6038487669386553,1.7789907697299083,33.57,34.64,1.0700000000000005,"34.64,33.57,33.62","(c7)4017,(c7)8b0b,(c7)f332",pass,False,False,0.9532710280373858,(c7)4017,False,calculated,not_calculated,ROUT not implemented from scratch during MVP per handoff guardrails; no trusted existing implementation wired up yet.
273,53,35,almond branches,compositional,xylose,vibrant,knife mill (2mm),,% dry weight,36.0,3,16.816666666666666,17.32,0.880473357537485,5.235718677130734,15.8,17.33,1.5299999999999976,"17.32,17.33,15.8","(c7)548b,(c7)71f6,(c7)bffa",pass,False,False,0.9934640522875829,(c7)bffa,True,calculated,not_calculated,ROUT not implemented from scratch during MVP per handoff guardrails; no trusted existing implementation wired up yet.
274,53,35,almond branches,compositional,glucan,vibrant,knife mill (2mm),,% dry weight,36.0,3,24.78,25.21,0.9509468965194638,3.837558097334398,23.69,25.44,1.75,"25.21,25.44,23.69","(c7)70cd,(c7)a5f2,(c7)fb25",pass,False,False,0.8685714285714283,(c7)fb25,False,calculated,not_calculated,ROUT not implemented from scratch during MVP per handoff guardrails; no trusted existing implementation wired up yet.
275,155,27,rice straw,compositional,lignin,possessive,knife mill (2mm),,% dry weight,34.0,3,18.95,18.92,0.1670329308848996,0.8814402685218979,18.8,19.13,0.3299999999999983,"19.13,18.92,18.8","(ca)0336,(ca)0ac2,(ca)2a06",pass,False,False,0.6363636363636315,(ca)0336,False,calculated,not_calculated,ROUT not implemented from scratch during MVP per handoff guardrails; no trusted existing implementation wired up yet.
276,155,27,rice straw,compositional,glucan,possessive,knife mill (2mm),,% dry weight,34.0,3,33.63999999999999,33.82,0.4762352359916255,1.4156814387384828,33.1,34.0,0.8999999999999986,"33.1,34.0,33.82","(ca)143e,(ca)3a26,(ca)cf48",pass,False,False,0.8,(ca)143e,False,calculated,not_calculated,ROUT not implemented from scratch during MVP per handoff guardrails; no trusted existing implementation wired up yet.
277,155,27,rice straw,compositional,xylan,possessive,knife mill (2mm),,% dry weight,34.0,3,16.74,16.97,0.5615158056546568,3.3543357565989056,16.1,17.15,1.0499999999999972,"16.97,17.15,16.1","(ca)1c11,(ca)1ec6,(ca)23fe",pass,False,False,0.8285714285714284,(ca)23fe,False,calculated,not_calculated,ROUT not implemented from scratch during MVP per handoff guardrails; no trusted existing implementation wired up yet.
278,155,27,rice straw,compositional,xylose,possessive,knife mill (2mm),,% dry weight,34.0,3,19.023333333333333,19.28,0.6351640208114219,3.338868166171834,18.3,19.49,1.1899999999999975,"19.49,18.3,19.28","(ca)3df0,(ca)53ec,(ca)cd2f",pass,False,False,0.8235294117647078,(ca)53ec,False,calculated,not_calculated,ROUT not implemented from scratch during MVP per handoff guardrails; no trusted existing implementation wired up yet.
279,155,27,rice straw,compositional,glucose,possessive,knife mill (2mm),,% dry weight,34.0,3,37.38,37.58,0.5291502622129176,1.4155972771881156,36.78,37.78,1.0,"37.78,36.78,37.58","(ca)9001,(ca)b994,(ca)beff",pass,False,False,0.7999999999999972,(ca)b994,False,calculated,not_calculated,ROUT not implemented from scratch during MVP per handoff guardrails; no trusted existing implementation wired up yet.
280,97,37,tomato pomace,compositional,xylose,gossamer,oven dry + knife mill (2mm),,% dry weight,29.0,3,10.68,10.22,1.1323868596906277,10.602873218077038,9.85,11.97,2.120000000000001,"11.97,10.22,9.85","(d0)04fe,(d0)1d6e,(d0)2364",,True,False,0.8254716981132072,(d0)04fe,False,calculated,not_calculated,ROUT not implemented from scratch during MVP per handoff guardrails; no trusted existing implementation wired up yet.
281,97,37,tomato pomace,compositional,lignin,gossamer,oven dry + knife mill (2mm),,% dry weight,29.0,3,48.66666666666666,47.86,1.4670151101244089,3.014414609844676,47.78,50.36,2.5799999999999983,"50.36,47.86,47.78","(d0)0896,(d0)77bb,(d0)d87a",,False,False,0.9689922480620161,(d0)0896,False,calculated,not_calculated,ROUT not implemented from scratch during MVP per handoff guardrails; no trusted existing implementation wired up yet.
282,97,37,tomato pomace,compositional,xylan,gossamer,oven dry + knife mill (2mm),,% dry weight,29.0,3,9.396666666666668,8.99,0.9944512724781102,10.583021700724832,8.67,10.53,1.8599999999999997,"10.53,8.67,8.99","(d0)2e27,(d0)518d,(d0)7c15",,True,False,0.8279569892473116,(d0)2e27,False,calculated,not_calculated,ROUT not implemented from scratch during MVP per handoff guardrails; no trusted existing implementation wired up yet.
283,97,37,tomato pomace,compositional,glucan,gossamer,oven dry + knife mill (2mm),,% dry weight,29.0,3,6.533333333333334,6.51,0.975209379227524,14.926674171849855,5.57,7.52,1.9499999999999995,"6.51,5.57,7.52","(d0)532a,(d0)77bf,(d0)f40a",,True,False,0.517948717948718,(d0)f40a,False,calculated,not_calculated,ROUT not implemented from scratch during MVP per handoff guardrails; no trusted existing implementation wired up yet.
284,97,37,tomato pomace,compositional,glucose,gossamer,oven dry + knife mill (2mm),,% dry weight,29.0,3,7.260000000000001,7.23,1.0853110153315495,14.949187539002056,6.19,8.36,2.169999999999999,"7.23,8.36,6.19","(d0)847e,(d0)9535,(d0)be7d",,True,False,0.5207373271889398,(d0)9535,False,calculated,not_calculated,ROUT not implemented from scratch during MVP per handoff guardrails; no trusted existing implementation wired up yet.
285,6,37,tomato pomace,compositional,lignin+,pinecrest,oven dry,,% dry weight,40.0,3,31.35,31.57,0.7351190379795634,2.344877314129389,30.53,31.95,1.4199999999999982,"31.57,30.53,31.95","(d2)0b71,(d2)2fae,(d2)d96d",pass,False,False,0.7323943661971835,(d2)2fae,False,calculated,not_calculated,ROUT not implemented from scratch during MVP per handoff guardrails; no trusted existing implementation wired up yet.
286,6,37,tomato pomace,compositional,xylan,pinecrest,oven dry,,% dry weight,40.0,3,8.673333333333334,8.72,0.1942506971244457,2.239631404201911,8.46,8.84,0.379999999999999,"8.84,8.72,8.46","(d2)12cb,(d2)1e4c,(d2)cea7",pass,False,False,0.6842105263157907,(d2)cea7,False,calculated,not_calculated,ROUT not implemented from scratch during MVP per handoff guardrails; no trusted existing implementation wired up yet.
287,6,37,tomato pomace,compositional,xylose,pinecrest,oven dry,,% dry weight,40.0,3,9.856666666666666,9.91,0.2150193789716019,2.181461403161332,9.62,10.04,0.4199999999999999,"10.04,9.62,9.91","(d2)42a2,(d2)d344,(d2)da56",pass,False,False,0.6904761904761928,(d2)d344,False,calculated,not_calculated,ROUT not implemented from scratch during MVP per handoff guardrails; no trusted existing implementation wired up yet.
288,6,37,tomato pomace,compositional,glucose,pinecrest,oven dry,,% dry weight,40.0,3,21.076666666666664,21.08,0.0750555349946506,0.3561072354641023,21.0,21.15,0.1499999999999985,"21.0,21.15,21.08","(d2)4d07,(d2)a7f3,(d2)d758",pass,False,False,0.533333333333327,(d2)4d07,False,calculated,not_calculated,ROUT not implemented from scratch during MVP per handoff guardrails; no trusted existing implementation wired up yet.
289,6,37,tomato pomace,compositional,glucan,pinecrest,oven dry,,% dry weight,40.0,3,18.973333333333333,18.98,0.0702376916856852,0.3701916287017847,18.9,19.04,0.1400000000000005,"18.98,18.9,19.04","(d2)62d0,(d2)bdb6,(d2)cadf",pass,False,False,0.5714285714285823,(d2)bdb6,False,calculated,not_calculated,ROUT not implemented from scratch during MVP per handoff guardrails; no trusted existing implementation wired up yet.
290,131,11,pistachio stems & leaves,compositional,xylan,tripod,oven dry + knife mill (2mm),,% dry weight,33.0,3,12.013333333333334,11.83,0.8303212229814037,6.911663898291373,11.29,12.92,1.6300000000000008,"11.83,12.92,11.29","(d4)0337,(d4)347e,(d4)55da",,False,False,0.6687116564417174,(d4)347e,False,calculated,not_calculated,ROUT not implemented from scratch during MVP per handoff guardrails; no trusted existing implementation wired up yet.
291,131,11,pistachio stems & leaves,compositional,glucan,tripod,oven dry + knife mill (2mm),,% dry weight,33.0,3,12.503333333333336,12.42,0.1800925687898682,1.4403564552642083,12.38,12.71,0.33,"12.38,12.42,12.71","(d4)2a5c,(d4)a443,(d4)eafe",,False,False,0.8787878787878814,(d4)eafe,False,calculated,not_calculated,ROUT not implemented from scratch during MVP per handoff guardrails; no trusted existing implementation wired up yet.
292,131,11,pistachio stems & leaves,compositional,lignin,tripod,oven dry + knife mill (2mm),,% dry weight,33.0,3,33.973333333333336,33.99,0.3253203549323849,0.9575756130270356,33.64,34.29,0.6499999999999986,"33.99,34.29,33.64","(d4)30f1,(d4)6252,(d4)d47a",,False,False,0.5384615384615419,(d4)d47a,False,calculated,not_calculated,ROUT not implemented from scratch during MVP per handoff guardrails; no trusted existing implementation wired up yet.
293,131,11,pistachio stems & leaves,compositional,xylose,tripod,oven dry + knife mill (2mm),,% dry weight,33.0,3,13.646666666666668,13.44,0.9470656436242068,6.939904569791451,12.82,14.68,1.8599999999999997,"12.82,13.44,14.68","(d4)389a,(d4)6888,(d4)d538",,False,False,0.666666666666667,(d4)d538,False,calculated,not_calculated,ROUT not implemented from scratch during MVP per handoff guardrails; no trusted existing implementation wired up yet.
294,131,11,pistachio stems & leaves,compositional,arabinose,tripod,oven dry + knife mill (2mm),,% dry weight,33.0,3,1.6366666666666667,1.67,0.0577350269189625,3.527598386087321,1.57,1.67,0.0999999999999998,"1.57,1.67,1.67","(d4)3d93,(d4)6fc1,(d4)a2d8",,False,False,1.0,(d4)3d93,True,calculated,not_calculated,ROUT not implemented from scratch during MVP per handoff guardrails; no trusted existing implementation wired up yet.
295,131,11,pistachio stems & leaves,compositional,glucose,tripod,oven dry + knife mill (2mm),,% dry weight,33.0,3,13.893333333333333,13.8,0.1973153144926493,1.4202157952925818,13.76,14.12,0.3599999999999994,"14.12,13.76,13.8","(d4)74bb,(d4)9726,(d4)f8d6",,False,False,0.8888888888888862,(d4)74bb,False,calculated,not_calculated,ROUT not implemented from scratch during MVP per handoff guardrails; no trusted existing implementation wired up yet.
296,131,11,pistachio stems & leaves,compositional,arabinan,tripod,oven dry + knife mill (2mm),,% dry weight,33.0,3,1.4399999999999995,1.47,0.0519615242270663,3.608439182435165,1.38,1.47,0.09,"1.38,1.47,1.47","(d4)96b0,(d4)b237,(d4)dc20",,False,False,1.0,(d4)96b0,True,calculated,not_calculated,ROUT not implemented from scratch during MVP per handoff guardrails; no trusted existing implementation wired up yet.
297,82,20,wheat straw,compositional,xylose,wardrobe,knife mill (2mm),,% dry weight,34.0,3,22.58666666666667,23.01,0.8393052682625866,3.715932415566351,21.62,23.13,1.509999999999998,"21.62,23.01,23.13","(da)0242,(da)793b,(da)f3ce",pass,False,False,0.9205298013245049,(da)0242,False,calculated,not_calculated,ROUT not implemented from scratch during MVP per handoff guardrails; no trusted existing implementation wired up yet.
298,82,20,wheat straw,compositional,lignin,wardrobe,knife mill (2mm),,% dry weight,32.0,3,16.80666666666667,16.75,0.1436430761761012,0.8546791521783094,16.7,16.97,0.2699999999999996,"16.97,16.7,16.75","(da)0c02,(da)83a3,(da)cc8a",pass,False,False,0.8148148148148119,(da)0c02,False,calculated,not_calculated,ROUT not implemented from scratch during MVP per handoff guardrails; no trusted existing implementation wired up yet.
299,82,20,wheat straw,compositional,arabinan,wardrobe,knife mill (2mm),,% dry weight,32.0,3,2.2566666666666664,2.35,0.2157158624981793,9.55904855974207,2.01,2.41,0.4000000000000003,"2.01,2.35,2.41","(da)0dd5,(da)112e,(da)65a4",pass,False,False,0.85,(da)0dd5,False,calculated,not_calculated,ROUT not implemented from scratch during MVP per handoff guardrails; no trusted existing implementation wired up yet.
300,82,20,wheat straw,compositional,xylan,wardrobe,knife mill (2mm),,% dry weight,32.0,3,20.58666666666667,20.51,0.1327905619136121,0.6450318745803696,20.51,20.74,0.2299999999999968,"20.51,20.51,20.74","(da)0eb5,(da)8086,(da)ab96",pass,False,False,1.0,(da)ab96,True,calculated,not_calculated,ROUT not implemented from scratch during MVP per handoff guardrails; no trusted existing implementation wired up yet.
301,153,3,pistachio shells,compositional,glucose,tripod,knife mill (2mm),,% dry weight,28.0,3,24.22,23.78,0.770778826901725,3.182406386877477,23.77,25.11,1.34,"23.77,23.78,25.11","(da)0f5b,(da)5c87,(da)a0f5",pass,False,False,0.9925373134328347,(da)a0f5,True,calculated,not_calculated,ROUT not implemented from scratch during MVP per handoff guardrails; no trusted existing implementation wired up yet.
302,153,3,pistachio shells,compositional,glucan,tripod,knife mill (2mm),,% dry weight,28.0,3,21.8,21.4,0.6928203230275526,3.178074876273177,21.4,22.6,1.2000000000000028,"22.6,21.4,21.4","(da)11ef,(da)3e27,(da)61f1",pass,False,False,1.0,(da)11ef,True,calculated,not_calculated,ROUT not implemented from scratch during MVP per handoff guardrails; no trusted existing implementation wired up yet.
303,82,20,wheat straw,compositional,glucan,wardrobe,knife mill (2mm),,% dry weight,34.0,3,33.20666666666666,33.4,1.0139197864394072,3.0533621354328666,32.11,34.11,2.0,"34.11,33.4,32.11","(da)206c,(da)5b66,(da)ec68",pass,False,False,0.6449999999999996,(da)ec68,False,calculated,not_calculated,ROUT not implemented from scratch during MVP per handoff guardrails; no trusted existing implementation wired up yet.
304,82,20,wheat straw,compositional,glucose,wardrobe,knife mill (2mm),,% dry weight,34.0,3,36.89666666666667,37.11,1.1252703378892257,3.049788611137118,35.68,37.9,2.219999999999999,"37.11,35.68,37.9","(da)28c3,(da)9bfc,(da)b0df",pass,False,False,0.6441441441441443,(da)9bfc,False,calculated,not_calculated,ROUT not implemented from scratch during MVP per handoff guardrails; no trusted existing implementation wired up yet.
305,153,3,pistachio shells,compositional,lignin,tripod,knife mill (2mm),,% dry weight,28.0,3,32.91,32.79,0.6385138996137822,1.940182010373085,32.34,33.6,1.259999999999998,"32.34,33.6,32.79","(da)3381,(da)351f,(da)f1b5",pass,False,False,0.6428571428571457,(da)351f,False,calculated,not_calculated,ROUT not implemented from scratch during MVP per handoff guardrails; no trusted existing implementation wired up yet.
306,82,20,wheat straw,compositional,xylose,wardrobe,knife mill (2mm),,% dry weight,32.0,3,23.39,23.31,0.1473091986265617,0.6297956332901314,23.3,23.56,0.259999999999998,"23.3,23.56,23.31","(da)45fb,(da)5f99,(da)659e",pass,False,False,0.9615384615384689,(da)5f99,False,calculated,not_calculated,ROUT not implemented from scratch during MVP per handoff guardrails; no trusted existing implementation wired up yet.
307,153,3,pistachio shells,compositional,xylan,tripod,knife mill (2mm),,% dry weight,28.0,3,37.17666666666667,37.19,0.1106044001535795,0.2975102667091713,37.06,37.28,0.2199999999999988,"37.19,37.28,37.06","(da)6158,(da)847a,(da)aba8",pass,False,False,0.5909090909090733,(da)aba8,False,calculated,not_calculated,ROUT not implemented from scratch during MVP per handoff guardrails; no trusted existing implementation wired up yet.
308,82,20,wheat straw,compositional,glucose,wardrobe,knife mill (2mm),,% dry weight,32.0,3,37.77333333333333,38.03,0.4885011088353153,1.293243316718978,37.21,38.08,0.8699999999999974,"38.08,38.03,37.21","(da)627d,(da)ed48,(da)fbf9",pass,False,False,0.942528735632187,(da)fbf9,False,calculated,not_calculated,ROUT not implemented from scratch during MVP per handoff guardrails; no trusted existing implementation wired up yet.
309,153,3,pistachio shells,compositional,xylose,tripod,knife mill (2mm),,% dry weight,28.0,3,42.24666666666666,42.26,0.1305118130030116,0.3089280724388786,42.11,42.37,0.259999999999998,"42.26,42.37,42.11","(da)6b6b,(da)dc7a,(da)e334",pass,False,False,0.5769230769230759,(da)e334,False,calculated,not_calculated,ROUT not implemented from scratch during MVP per handoff guardrails; no trusted existing implementation wired up yet.
310,82,20,wheat straw,compositional,xylan,wardrobe,knife mill (2mm),,% dry weight,34.0,3,19.87666666666667,20.25,0.734937639077856,3.6974893798986543,19.03,20.35,1.3200000000000005,"19.03,20.25,20.35","(da)6f36,(da)ef39,(da)f6bc",pass,False,False,0.9242424242424232,(da)6f36,False,calculated,not_calculated,ROUT not implemented from scratch during MVP per handoff guardrails; no trusted existing implementation wired up yet.
311,82,20,wheat straw,compositional,arabinose,wardrobe,knife mill (2mm),,% dry weight,32.0,3,2.5700000000000003,2.68,0.2443358344574124,9.507230912739782,2.29,2.74,0.4500000000000002,"2.68,2.29,2.74","(da)85be,(da)a2d6,(da)cf0e",pass,False,False,0.8666666666666666,(da)a2d6,False,calculated,not_calculated,ROUT not implemented from scratch during MVP per handoff guardrails; no trusted existing implementation wired up yet.
312,82,20,wheat straw,compositional,lignin,wardrobe,knife mill (2mm),,% dry weight,34.0,3,21.73,21.68,0.1322875655532294,0.6087784885100295,21.63,21.88,0.25,"21.63,21.68,21.88","(da)8737,(da)b698,(da)eb21",pass,False,False,0.7999999999999972,(da)eb21,False,calculated,not_calculated,ROUT not implemented from scratch during MVP per handoff guardrails; no trusted existing implementation wired up yet.
313,82,20,wheat straw,compositional,glucan,wardrobe,knife mill (2mm),,% dry weight,32.0,3,33.99666666666667,34.23,0.4392417709341092,1.292014229632638,33.49,34.27,0.7800000000000011,"34.23,33.49,34.27","(da)ac37,(da)b8f9,(da)ff89",pass,False,False,0.9487179487179408,(da)b8f9,False,calculated,not_calculated,ROUT not implemented from scratch during MVP per handoff guardrails; no trusted existing implementation wired up yet.
314,58,13,walnut hulls,compositional,glucan,energetic,oven dry + knife mill (2mm),,% dry weight,35.0,3,12.763333333333334,12.86,0.2779088579612632,2.177400297424366,12.45,12.98,0.5300000000000011,"12.86,12.45,12.98","(e7)365a,(e7)4b15,(e7)be54",pass,False,False,0.773584905660376,(e7)4b15,False,calculated,not_calculated,ROUT not implemented from scratch during MVP per handoff guardrails; no trusted existing implementation wired up yet.
315,58,13,walnut hulls,compositional,xylose,energetic,oven dry + knife mill (2mm),,% dry weight,35.0,3,10.926666666666668,10.92,0.3600462933198076,3.2951155581434493,10.57,11.29,0.7199999999999989,"10.57,11.29,10.92","(e7)47b9,(e7)538c,(e7)abfc",pass,False,False,0.5138888888888886,(e7)538c,False,calculated,not_calculated,ROUT not implemented from scratch during MVP per handoff guardrails; no trusted existing implementation wired up yet.
316,58,13,walnut hulls,compositional,glucose,energetic,oven dry + knife mill (2mm),,% dry weight,35.0,3,14.18,14.29,0.3099999999999998,2.186177715091677,13.83,14.42,0.5899999999999999,"14.29,13.83,14.42","(e7)4f39,(e7)7925,(e7)edcc",pass,False,False,0.7796610169491511,(e7)7925,False,calculated,not_calculated,ROUT not implemented from scratch during MVP per handoff guardrails; no trusted existing implementation wired up yet.
317,58,13,walnut hulls,compositional,xylan,energetic,oven dry + knife mill (2mm),,% dry weight,35.0,3,9.616666666666667,9.61,0.3200520790954699,3.3280978762093927,9.3,9.94,0.6399999999999988,"9.61,9.3,9.94","(e7)561b,(e7)795e,(e7)afea",pass,False,False,0.5156250000000011,(e7)afea,False,calculated,not_calculated,ROUT not implemented from scratch during MVP per handoff guardrails; no trusted existing implementation wired up yet.
318,58,13,walnut hulls,compositional,lignin,energetic,oven dry + knife mill (2mm),,% dry weight,35.0,3,35.10333333333333,34.66,0.7765522090196739,2.212189371435782,34.65,36.0,1.3500000000000014,"36.0,34.65,34.66","(e7)6d58,(e7)bcb4,(e7)d6bc",pass,False,False,0.992592592592594,(e7)6d58,True,calculated,not_calculated,ROUT not implemented from scratch during MVP per handoff guardrails; no trusted existing implementation wired up yet.
319,78,5,alfalfa,compositional,glucose,possessive,knife mill (2mm),,% dry weight,34.0,3,30.63,30.59,0.1442220510185584,0.4708522723426656,30.51,30.79,0.2799999999999976,"30.51,30.79,30.59","(ed)1f11,(ed)7dc9,(ed)c829",pass,False,False,0.714285714285718,(ed)7dc9,False,calculated,not_calculated,ROUT not implemented from scratch during MVP per handoff guardrails; no trusted existing implementation wired up yet.
320,78,5,alfalfa,compositional,lignin,possessive,knife mill (2mm),,% dry weight,34.0,3,20.76,20.66,0.1732050807568881,0.8343211982509061,20.66,20.96,0.3000000000000007,"20.66,20.66,20.96","(ed)5830,(ed)dbc1,(ed)fbeb",pass,False,False,1.0,(ed)fbeb,True,calculated,not_calculated,ROUT not implemented from scratch during MVP per handoff guardrails; no trusted existing implementation wired up yet.
321,78,5,alfalfa,compositional,xylose,possessive,knife mill (2mm),,% dry weight,34.0,3,13.86,13.84,0.1113552872566007,0.8034292009855757,13.76,13.98,0.2200000000000006,"13.84,13.76,13.98","(ed)5faf,(ed)7669,(ed)ece2",pass,False,False,0.6363636363636371,(ed)ece2,False,calculated,not_calculated,ROUT not implemented from scratch during MVP per handoff guardrails; no trusted existing implementation wired up yet.
322,78,5,alfalfa,compositional,glucan,possessive,knife mill (2mm),,% dry weight,34.0,3,27.566666666666663,27.53,0.128970280814354,0.4678486607534002,27.46,27.71,0.25,"27.53,27.46,27.71","(ed)665a,(ed)7593,(ed)aaed",pass,False,False,0.7199999999999989,(ed)aaed,False,calculated,not_calculated,ROUT not implemented from scratch during MVP per handoff guardrails; no trusted existing implementation wired up yet.
323,78,5,alfalfa,compositional,xylan,possessive,knife mill (2mm),,% dry weight,34.0,3,12.196666666666667,12.18,0.0960902353693311,0.7878401369445025,12.11,12.3,0.1900000000000012,"12.18,12.11,12.3","(ed)7cf3,(ed)ad81,(ed)ca21",pass,False,False,0.631578947368422,(ed)ca21,False,calculated,not_calculated,ROUT not implemented from scratch during MVP per handoff guardrails; no trusted existing implementation wired up yet.
324,132,9,pistachio hulls,compositional,arabinan,tripod,oven dry + knife mill (2mm),,% dry weight,33.0,3,3.633333333333333,3.85,0.6909655080634154,19.01739930449767,2.86,4.19,1.3300000000000003,"4.19,3.85,2.86","(f2)01cf,(f2)89cd,(f2)ac80",,True,False,0.744360902255639,(f2)ac80,False,calculated,not_calculated,ROUT not implemented from scratch during MVP per handoff guardrails; no trusted existing implementation wired up yet.
325,132,9,pistachio hulls,compositional,lignin,tripod,oven dry + knife mill (2mm),,% dry weight,33.0,3,32.75,32.75,0.1000000000000014,0.305343511450386,32.65,32.85,0.2000000000000028,"32.75,32.65,32.85","(f2)0f54,(f2)2779,(f2)b308",,False,False,0.5,(f2)2779,False,calculated,not_calculated,ROUT not implemented from scratch during MVP per handoff guardrails; no trusted existing implementation wired up yet.
326,132,9,pistachio hulls,compositional,glucan,tripod,oven dry + knife mill (2mm),,% dry weight,33.0,3,10.153333333333334,10.13,0.1563116545025782,1.5395107140766078,10.01,10.32,0.3100000000000005,"10.01,10.13,10.32","(f2)43ce,(f2)785a,(f2)a8b6",,False,False,0.6129032258064491,(f2)a8b6,False,calculated,not_calculated,ROUT not implemented from scratch during MVP per handoff guardrails; no trusted existing implementation wired up yet.
327,132,9,pistachio hulls,compositional,arabinose,tripod,oven dry + knife mill (2mm),,% dry weight,33.0,3,4.13,4.38,0.7854298186343576,19.01767115337428,3.25,4.76,1.5099999999999998,"4.38,4.76,3.25","(f2)494c,(f2)9b3a,(f2)a052",,True,False,0.7483443708609272,(f2)a052,False,calculated,not_calculated,ROUT not implemented from scratch during MVP per handoff guardrails; no trusted existing implementation wired up yet.
328,132,9,pistachio hulls,compositional,glucose,tripod,oven dry + knife mill (2mm),,% dry weight,33.0,3,11.286666666666669,11.26,0.1715614564327702,1.5200365307097188,11.13,11.47,0.3399999999999998,"11.26,11.47,11.13","(f2)5490,(f2)c50b,(f2)f42a",,False,False,0.6176470588235322,(f2)c50b,False,calculated,not_calculated,ROUT not implemented from scratch during MVP per handoff guardrails; no trusted existing implementation wired up yet.
329,132,9,pistachio hulls,compositional,xylan,tripod,oven dry + knife mill (2mm),,% dry weight,33.0,3,9.403333333333334,9.44,0.1582192571507436,1.6825869246800098,9.23,9.54,0.3099999999999987,"9.54,9.23,9.44","(f2)7aee,(f2)bc5e,(f2)f962",,False,False,0.6774193548387095,(f2)bc5e,False,calculated,not_calculated,ROUT not implemented from scratch during MVP per handoff guardrails; no trusted existing implementation wired up yet.
330,132,9,pistachio hulls,compositional,xylose,tripod,oven dry + knife mill (2mm),,% dry weight,33.0,3,10.69,10.73,0.1833030277982333,1.7147149466626137,10.49,10.85,0.3599999999999994,"10.73,10.85,10.49","(f2)9374,(f2)9dab,(f2)f78f",,False,False,0.6666666666666683,(f2)f78f,False,calculated,not_calculated,ROUT not implemented from scratch during MVP per handoff guardrails; no trusted existing implementation wired up yet.
331,83,55,peach seeds,compositional,glucose,rushes,oven dry + knife mill (2mm),,% dry weight,33.0,3,11.54,11.63,0.2475883680627993,2.145479792571918,11.26,11.73,0.4700000000000006,"11.26,11.63,11.73","(f6)0448,(f6)4f1f,(f6)57f9",,False,False,0.7872340425531925,(f6)0448,False,calculated,not_calculated,ROUT not implemented from scratch during MVP per handoff guardrails; no trusted existing implementation wired up yet.
332,83,55,peach seeds,compositional,lignin,rushes,oven dry + knife mill (2mm),,% dry weight,33.0,3,48.81666666666666,48.83,0.1305118130030116,0.2673509313820654,48.68,48.94,0.259999999999998,"48.83,48.68,48.94","(f6)0878,(f6)5617,(f6)fe99",,False,False,0.5769230769230759,(f6)5617,False,calculated,not_calculated,ROUT not implemented from scratch during MVP per handoff guardrails; no trusted existing implementation wired up yet.
333,83,55,peach seeds,compositional,xylose,rushes,oven dry + knife mill (2mm),,% dry weight,33.0,3,19.683333333333334,19.81,0.609945352743451,3.098790953819395,19.02,20.22,1.1999999999999993,"19.81,20.22,19.02","(f6)0e2f,(f6)9273,(f6)b96b",,False,False,0.658333333333333,(f6)b96b,False,calculated,not_calculated,ROUT not implemented from scratch during MVP per handoff guardrails; no trusted existing implementation wired up yet.
334,83,55,peach seeds,compositional,arabinan,rushes,oven dry + knife mill (2mm),,% dry weight,33.0,3,0.0266666666666666,0.0,0.04618802153517,173.20508075688772,0.0,0.08,0.08,"0.08,0.0,0.0","(f6)1aa2,(f6)30f8,(f6)fc02",,True,True,1.0,(f6)1aa2,True,calculated,not_calculated,ROUT not implemented from scratch during MVP per handoff guardrails; no trusted existing implementation wired up yet.
335,83,55,peach seeds,compositional,xylan,rushes,oven dry + knife mill (2mm),,% dry weight,33.0,3,17.32,17.43,0.5335728628781644,3.0806747279339746,16.74,17.79,1.0500000000000007,"16.74,17.79,17.43","(f6)2269,(f6)cad2,(f6)d404",,False,False,0.6571428571428579,(f6)2269,False,calculated,not_calculated,ROUT not implemented from scratch during MVP per handoff guardrails; no trusted existing implementation wired up yet.
336,83,55,peach seeds,compositional,arabinose,rushes,oven dry + knife mill (2mm),,% dry weight,33.0,3,0.03,0.0,0.0519615242270663,173.20508075688775,0.0,0.09,0.09,"0.09,0.0,0.0","(f6)6013,(f6)9907,(f6)d3eb",,True,True,1.0,(f6)6013,True,calculated,not_calculated,ROUT not implemented from scratch during MVP per handoff guardrails; no trusted existing implementation wired up yet.
337,83,55,peach seeds,compositional,glucan,rushes,oven dry + knife mill (2mm),,% dry weight,33.0,3,10.383333333333336,10.46,0.2250185177565021,2.167112530560213,10.13,10.56,0.4299999999999997,"10.13,10.56,10.46","(f6)8ddc,(f6)ab47,(f6)e9b8",,False,False,0.767441860465117,(f6)8ddc,False,calculated,not_calculated,ROUT not implemented from scratch during MVP per handoff guardrails; no trusted existing implementation wired up yet.
338,86,16,peach stems / leaves,compositional,glucan,rushes,oven dry + knife mill (2mm),,% dry weight,33.0,3,8.676666666666668,8.67,0.0503322295684715,0.5800871636781199,8.63,8.73,0.0999999999999996,"8.73,8.67,8.63","(f7)0018,(f7)2faa,(f7)a9dc",,False,False,0.6000000000000071,(f7)0018,False,calculated,not_calculated,ROUT not implemented from scratch during MVP per handoff guardrails; no trusted existing implementation wired up yet.
339,86,16,peach stems / leaves,compositional,xylose,rushes,oven dry + knife mill (2mm),,% dry weight,33.0,3,5.706666666666666,5.75,0.1115048578911848,1.9539402667847807,5.58,5.79,0.2099999999999999,"5.79,5.75,5.58","(f7)12e8,(f7)619b,(f7)befe",,False,False,0.8095238095238093,(f7)befe,False,calculated,not_calculated,ROUT not implemented from scratch during MVP per handoff guardrails; no trusted existing implementation wired up yet.
340,86,16,peach stems / leaves,compositional,xylan,rushes,oven dry + knife mill (2mm),,% dry weight,33.0,3,5.023333333333333,5.06,0.1001665280087778,1.9940251096637929,4.91,5.1,0.1899999999999995,"4.91,5.1,5.06","(f7)33db,(f7)6dad,(f7)7d9a",,False,False,0.7894736842105256,(f7)33db,False,calculated,not_calculated,ROUT not implemented from scratch during MVP per handoff guardrails; no trusted existing implementation wired up yet.
341,86,16,peach stems / leaves,compositional,arabinose,rushes,oven dry + knife mill (2mm),,% dry weight,33.0,3,2.41,2.48,0.1571623364550171,6.5212587740671,2.23,2.52,0.29,"2.48,2.52,2.23","(f7)377b,(f7)5b7a,(f7)76e9",,False,False,0.8620689655172413,(f7)76e9,False,calculated,not_calculated,ROUT not implemented from scratch during MVP per handoff guardrails; no trusted existing implementation wired up yet.
342,86,16,peach stems / leaves,compositional,lignin,rushes,oven dry + knife mill (2mm),,% dry weight,33.0,3,23.58666666666667,23.42,0.3329164059239682,1.4114601720914424,23.37,23.97,0.5999999999999979,"23.97,23.42,23.37","(f7)45f9,(f7)4ee6,(f7)bd27",,False,False,0.9166666666666652,(f7)45f9,False,calculated,not_calculated,ROUT not implemented from scratch during MVP per handoff guardrails; no trusted existing implementation wired up yet.
343,86,16,peach stems / leaves,compositional,arabinan,rushes,oven dry + knife mill (2mm),,% dry weight,33.0,3,2.120000000000001,2.18,0.1400000000000001,6.603773584905665,1.96,2.22,0.2600000000000002,"1.96,2.18,2.22","(f7)5531,(f7)59be,(f7)e432",,False,False,0.8461538461538461,(f7)5531,False,calculated,not_calculated,ROUT not implemented from scratch during MVP per handoff guardrails; no trusted existing implementation wired up yet.
344,86,16,peach stems / leaves,compositional,glucose,rushes,oven dry + knife mill (2mm),,% dry weight,33.0,3,9.64,9.63,0.0556776436282998,0.5775689173060149,9.59,9.7,0.1099999999999994,"9.63,9.59,9.7","(f7)779e,(f7)d7cb,(f7)f987",,False,False,0.6363636363636261,(f7)f987,False,calculated,not_calculated,ROUT not implemented from scratch during MVP per handoff guardrails; no trusted existing implementation wired up yet.
345,66,105,olive stem,compositional,xylan,jaguar,oven dry + knife mill (2mm),,% dry weight,40.0,2,12.16,12.16,0.4384062043356602,3.605314180391942,11.85,12.47,0.620000000000001,"12.47,11.85","(fd)361a,(fd)53b1",,False,False,,,,not_applicable_n_out_of_range,not_calculated,ROUT not implemented from scratch during MVP per handoff guardrails; no trusted existing implementation wired up yet.
346,66,105,olive stem,compositional,glucan,jaguar,oven dry + knife mill (2mm),,% dry weight,40.0,2,26.355,26.355,0.1484924240491756,0.5634316981566139,26.25,26.46,0.2100000000000008,"26.25,26.46","(fd)85f0,(fd)8ff4",,False,False,,,,not_applicable_n_out_of_range,not_calculated,ROUT not implemented from scratch during MVP per handoff guardrails; no trusted existing implementation wired up yet.
347,66,105,olive stem,compositional,lignin,jaguar,oven dry + knife mill (2mm),,% dry weight,40.0,2,7.45,7.45,0.0707106781186545,0.9491366190423424,7.4,7.5,0.0999999999999996,"7.5,7.4","(fd)c146,(fd)fd31",,False,False,,,,not_applicable_n_out_of_range,not_calculated,ROUT not implemented from scratch during MVP per handoff guardrails; no trusted existing implementation wired up yet.
348,98,37,tomato pomace,compositional,lignin,gainful,oven dry + knife mill (2mm),,% dry weight,29.0,3,45.35666666666666,45.28,0.2250185177565019,0.4961090271694758,45.18,45.61,0.4299999999999997,"45.28,45.61,45.18","(ff)2d8c,(ff)cd30,(ff)d1da",,False,False,0.7674418604651129,(ff)cd30,False,calculated,not_calculated,ROUT not implemented from scratch during MVP per handoff guardrails; no trusted existing implementation wired up yet.
349,98,37,tomato pomace,compositional,glucose,gainful,oven dry + knife mill (2mm),,% dry weight,29.0,3,14.713333333333331,14.69,0.5553677460326023,3.7745882149927663,14.17,15.28,1.1099999999999994,"14.17,15.28,14.69","(ff)4870,(ff)bedd,(ff)c168",,False,False,0.5315315315315317,(ff)bedd,False,calculated,not_calculated,ROUT not implemented from scratch during MVP per handoff guardrails; no trusted existing implementation wired up yet.
350,98,37,tomato pomace,compositional,xylose,gainful,oven dry + knife mill (2mm),,% dry weight,29.0,3,11.103333333333332,11.26,0.3429771615331448,3.0889567235047566,10.71,11.34,0.629999999999999,"11.34,10.71,11.26","(ff)90a7,(ff)9324,(ff)e3c5",,False,False,0.8730158730158727,(ff)9324,False,calculated,not_calculated,ROUT not implemented from scratch during MVP per handoff guardrails; no trusted existing implementation wired up yet.
351,98,37,tomato pomace,compositional,glucan,gainful,oven dry + knife mill (2mm),,% dry weight,29.0,3,13.24,13.22,0.5002999100539595,3.778700226993652,12.75,13.75,1.0,"12.75,13.75,13.22","(ff)b84b,(ff)c602,(ff)db4f",,False,False,0.5299999999999994,(ff)c602,False,calculated,not_calculated,ROUT not implemented from scratch during MVP per handoff guardrails; no trusted existing implementation wired up yet.
352,98,37,tomato pomace,compositional,xylan,gainful,oven dry + knife mill (2mm),,% dry weight,29.0,3,9.77,9.91,0.3051229260478473,3.123059632014814,9.42,9.98,0.5600000000000005,"9.91,9.98,9.42","(ff)c7b0,(ff)da33,(ff)db6a",,False,False,0.8749999999999996,(ff)db6a,False,calculated,not_calculated,ROUT not implemented from scratch during MVP per handoff guardrails; no trusted existing implementation wired up yet.
353,50,25,almond hulls,proximate,volatile solids,tiny,knife mill (2mm),,% total weight,20.0,3,77.74666666666666,77.89,0.4140450861118033,0.5325567048256775,77.28,78.07,0.789999999999992,"77.89,78.07,77.28","(03)00da,(03)c17e,(03)d76c",pass,False,False,0.7721518987341843,(03)d76c,False,calculated,not_calculated,ROUT not implemented from scratch during MVP per handoff guardrails; no trusted existing implementation wired up yet.
354,50,25,almond hulls,proximate,moisture,tiny,knife mill (2mm),,% total weight,20.0,3,15.26,15.21,0.1609347693943101,1.0546184101855185,15.13,15.44,0.3099999999999987,"15.21,15.44,15.13","(03)1dc8,(03)b1b0,(03)c010",pass,False,False,0.7419354838709664,(03)b1b0,False,calculated,not_calculated,ROUT not implemented from scratch during MVP per handoff guardrails; no trusted existing implementation wired up yet.
355,50,25,almond hulls,proximate,total solids,tiny,knife mill (2mm),,% total weight,5.0,3,90.4,90.36,0.105830052442584,0.1170686420825044,90.32,90.52,0.2000000000000028,"90.36,90.32,90.52","(03)2f05,(03)47e1,(03)df3a",pass,False,False,0.7999999999999716,(03)df3a,False,calculated,not_calculated,ROUT not implemented from scratch during MVP per handoff guardrails; no trusted existing implementation wired up yet.
356,50,25,almond hulls,proximate,ash,tiny,knife mill (2mm),,% total weight,5.0,3,4.946666666666666,5.01,0.1274100990241094,2.5756758562825355,4.8,5.03,0.2300000000000004,"5.03,5.01,4.8","(03)3c5b,(03)ab1e,(03)addb",pass,False,False,0.9130434782608677,(03)addb,False,calculated,not_calculated,ROUT not implemented from scratch during MVP per handoff guardrails; no trusted existing implementation wired up yet.
357,50,25,almond hulls,proximate,volatile solids,tiny,knife mill (2mm),,% total weight,5.0,3,4.653333333333333,4.67,0.0378593889720015,0.8135971842120673,4.61,4.68,0.0699999999999994,"4.67,4.61,4.68","(03)3fd9,(03)92f9,(03)d4ba",pass,False,False,0.857142857142859,(03)92f9,False,calculated,not_calculated,ROUT not implemented from scratch during MVP per handoff guardrails; no trusted existing implementation wired up yet.
358,50,25,almond hulls,proximate,ash,tiny,knife mill (2mm),,% total weight,20.0,3,6.993333333333333,6.98,0.5101307022061435,7.294528630211776,6.49,7.51,1.0199999999999996,"6.49,6.98,7.51","(03)6464,(03)8454,(03)f701",pass,False,False,0.5196078431372545,(03)f701,False,calculated,not_calculated,ROUT not implemented from scratch during MVP per handoff guardrails; no trusted existing implementation wired up yet.
359,50,25,almond hulls,proximate,moisture,tiny,knife mill (2mm),,% total weight,5.0,1,0.73,0.73,,,0.73,0.73,0.0,0.73,(03)7e52,pass,,,,,,not_applicable_n_out_of_range,not_calculated,ROUT not implemented from scratch during MVP per handoff guardrails; no trusted existing implementation wired up yet.
360,50,25,almond hulls,proximate,total solids,tiny,knife mill (2mm),,% total weight,20.0,3,84.74000000000001,84.79,0.1609347693943123,0.189915942169356,84.56,84.87,0.3100000000000023,"84.87,84.56,84.79","(03)93b6,(03)ca72,(03)f35c",pass,False,False,0.7419354838709752,(03)ca72,False,calculated,not_calculated,ROUT not implemented from scratch during MVP per handoff guardrails; no trusted existing implementation wired up yet.
361,28,26,spent oak chips,proximate,volatile solids,maplewood,as is,,% total weight,11.0,3,92.05333333333331,92.05,0.0950438495292276,0.1032486777910208,91.96,92.15,0.1900000000000119,"92.05,92.15,91.96","(04)0237,(04)3910,(04)ed81",pass,False,False,0.5263157894736961,(04)3910,False,calculated,not_calculated,ROUT not implemented from scratch during MVP per handoff guardrails; no trusted existing implementation wired up yet.
362,148,31,almond shells,proximate,total solids,capstan,knife mill (2mm),,% total weight,6.0,3,91.84666666666668,91.84,0.0503322295684757,0.0548002789814282,91.8,91.9,0.1000000000000085,"91.9,91.84,91.8","(04)044e,(04)bee6,(04)c11a",pass,False,False,0.5999999999999716,(04)044e,False,calculated,not_calculated,ROUT not implemented from scratch during MVP per handoff guardrails; no trusted existing implementation wired up yet.
363,28,26,spent oak chips,proximate,total solids,maplewood,as is,,% total weight,11.0,3,92.62666666666668,92.57,0.1625833119767651,0.1755253835937438,92.5,92.81,0.3100000000000023,"92.5,92.57,92.81","(04)05aa,(04)1e5f,(04)93fb",pass,False,False,0.7741935483871204,(04)93fb,False,calculated,not_calculated,ROUT not implemented from scratch during MVP per handoff guardrails; no trusted existing implementation wired up yet.
364,28,26,spent oak chips,proximate,ash,maplewood,as is,,% total weight,11.0,3,0.5733333333333334,0.54,0.0757187779440036,13.206763594884356,0.52,0.66,0.14,"0.54,0.52,0.66","(04)1e98,(04)3ab3,(04)986f",pass,True,False,0.857142857142857,(04)986f,False,calculated,not_calculated,ROUT not implemented from scratch during MVP per handoff guardrails; no trusted existing implementation wired up yet.
365,148,31,almond shells,proximate,ash,capstan,knife mill (2mm),,% total weight,6.0,3,4.3,4.3,0.32,7.441860465116281,3.98,4.62,0.6400000000000001,"3.98,4.62,4.3","(04)394f,(04)a405,(04)a428",pass,False,False,0.5000000000000003,(04)a405,False,calculated,not_calculated,ROUT not implemented from scratch during MVP per handoff guardrails; no trusted existing implementation wired up yet.
366,28,26,spent oak chips,proximate,moisture,maplewood,as is,,% total weight,11.0,3,7.373333333333334,7.43,0.1625833119767623,2.20501779353656,7.19,7.5,0.3099999999999996,"7.5,7.19,7.43","(04)3980,(04)4ab5,(04)5356",pass,False,False,0.7741935483870955,(04)4ab5,False,calculated,not_calculated,ROUT not implemented from scratch during MVP per handoff guardrails; no trusted existing implementation wired up yet.
367,148,31,almond shells,proximate,moisture,capstan,knife mill (2mm),,% total weight,6.0,3,8.153333333333332,8.16,0.0503322295684715,0.617320885958359,8.1,8.2,0.0999999999999996,"8.16,8.1,8.2","(04)4e50,(04)be9a,(04)d532",pass,False,False,0.6000000000000071,(04)be9a,False,calculated,not_calculated,ROUT not implemented from scratch during MVP per handoff guardrails; no trusted existing implementation wired up yet.
368,148,31,almond shells,proximate,volatile solids,capstan,knife mill (2mm),,% total weight,6.0,3,87.54666666666667,87.5,0.2928025500799692,0.3344531108132453,87.28,87.86,0.5799999999999983,"87.5,87.28,87.86","(04)5af5,(04)63f0,(04)f5c2",pass,False,False,0.6206896551724146,(04)f5c2,False,calculated,not_calculated,ROUT not implemented from scratch during MVP per handoff guardrails; no trusted existing implementation wired up yet.
369,96,37,tomato pomace,proximate,ash,pinecrest,oven dry + knife mill (2mm),,% total weight,7.0,3,4.786666666666666,4.8,0.0513160143944686,1.072061582057144,4.73,4.83,0.0999999999999996,"4.73,4.83,4.8","(0a)15de,(0a)6979,(0a)a1b7",fail,False,False,0.6999999999999964,(0a)15de,False,calculated,not_calculated,ROUT not implemented from scratch during MVP per handoff guardrails; no trusted existing implementation wired up yet.
370,96,37,tomato pomace,proximate,volatile solids,pinecrest,oven dry + knife mill (2mm),,% total weight,7.0,3,91.56,91.59,0.1081665382639237,0.1181373288159936,91.44,91.65,0.2100000000000079,"91.65,91.59,91.44","(0a)2238,(0a)84ab,(0a)9d68",fail,False,False,0.7142857142857143,(0a)9d68,False,calculated,not_calculated,ROUT not implemented from scratch during MVP per handoff guardrails; no trusted existing implementation wired up yet.
371,96,37,tomato pomace,proximate,total solids,pinecrest,oven dry + knife mill (2mm),,% total weight,7.0,3,96.34666666666664,96.38,0.0665832811847952,0.0691080278004379,96.27,96.39,0.1200000000000045,"96.38,96.27,96.39","(0a)6176,(0a)8dca,(0a)cae5",fail,False,False,0.9166666666666272,(0a)8dca,False,calculated,not_calculated,ROUT not implemented from scratch during MVP per handoff guardrails; no trusted existing implementation wired up yet.
372,96,37,tomato pomace,proximate,moisture,pinecrest,oven dry + knife mill (2mm),,% total weight,7.0,3,3.653333333333333,3.62,0.0665832811847939,1.8225350689268407,3.61,3.73,0.1200000000000001,"3.62,3.73,3.61","(0a)7960,(0a)8a01,(0a)efa5",fail,False,False,0.9166666666666649,(0a)8a01,False,calculated,not_calculated,ROUT not implemented from scratch during MVP per handoff guardrails; no trusted existing implementation wired up yet.
373,52,7,sargassum,proximate,ash,hairpin,as is,,% total weight,5.0,3,37.2,37.13,0.1664331697709327,0.4474009940078838,37.08,37.39,0.3100000000000023,"37.39,37.08,37.13","(0d)1559,(0d)cd35,(0d)d715",pass,False,False,0.8387096774193422,(0d)1559,False,calculated,not_calculated,ROUT not implemented from scratch during MVP per handoff guardrails; no trusted existing implementation wired up yet.
374,52,7,sargassum,proximate,moisture,hairpin,as is,,% total weight,5.0,1,2.01,2.01,,,2.01,2.01,0.0,2.01,(0d)1817,pass,,,,,,not_applicable_n_out_of_range,not_calculated,ROUT not implemented from scratch during MVP per handoff guardrails; no trusted existing implementation wired up yet.
375,52,7,sargassum,proximate,ash,hairpin,as is,,% total weight,20.0,3,31.093333333333334,31.12,0.2212088003071614,0.7114348208849531,30.86,31.3,0.4400000000000013,"30.86,31.12,31.3","(0d)188f,(0d)4657,(0d)6a9a",pass,False,False,0.5909090909090927,(0d)188f,False,calculated,not_calculated,ROUT not implemented from scratch during MVP per handoff guardrails; no trusted existing implementation wired up yet.
376,52,7,sargassum,proximate,volatile solids,hairpin,as is,,% total weight,5.0,3,27.16,27.13,0.1473091986265621,0.5423755472259284,27.03,27.32,0.2899999999999991,"27.03,27.13,27.32","(0d)2775,(0d)4978,(0d)fe10",pass,False,False,0.6551724137931098,(0d)fe10,False,calculated,not_calculated,ROUT not implemented from scratch during MVP per handoff guardrails; no trusted existing implementation wired up yet.
377,52,7,sargassum,proximate,total solids,hairpin,as is,,% total weight,5.0,3,35.64666666666667,35.75,0.3082747692130098,0.8648067211885445,35.3,35.89,0.5900000000000034,"35.3,35.89,35.75","(0d)329b,(0d)3fa6,(0d)542d",pass,False,False,0.7627118644067801,(0d)329b,False,calculated,not_calculated,ROUT not implemented from scratch during MVP per handoff guardrails; no trusted existing implementation wired up yet.
378,52,7,sargassum,proximate,volatile solids,hairpin,as is,,% total weight,20.0,3,58.41,58.52,0.2351595203260974,0.4026014729089153,58.14,58.57,0.4299999999999997,"58.14,58.57,58.52","(0d)388f,(0d)5044,(0d)be4a",pass,False,False,0.8837209302325647,(0d)388f,False,calculated,not_calculated,ROUT not implemented from scratch during MVP per handoff guardrails; no trusted existing implementation wired up yet.
379,52,7,sargassum,proximate,moisture,hairpin,as is,,% total weight,20.0,3,10.496666666666668,10.56,0.1184623709594462,1.1285713333703995,10.36,10.57,0.2100000000000008,"10.36,10.56,10.57","(0d)77f8,(0d)9cec,(0d)e718",pass,False,False,0.9523809523809535,(0d)77f8,False,calculated,not_calculated,ROUT not implemented from scratch during MVP per handoff guardrails; no trusted existing implementation wired up yet.
380,52,7,sargassum,proximate,total solids,hairpin,as is,,% total weight,20.0,3,89.50333333333333,89.44,0.1184623709594445,0.1323552615836779,89.43,89.64,0.2099999999999937,"89.43,89.44,89.64","(0d)91cd,(0d)b14a,(0d)dca2",pass,False,False,0.9523809523809943,(0d)dca2,False,calculated,not_calculated,ROUT not implemented from scratch during MVP per handoff guardrails; no trusted existing implementation wired up yet.
381,139,9,pistachio hulls,proximate,total solids,tripod,as is,,% total weight,18.0,3,18.30333333333333,18.08,1.259933860697986,6.883630635756617,17.17,19.66,2.4899999999999984,"18.08,19.66,17.17","(11)132e,(11)2322,(11)713f",pass,False,False,0.6345381526104429,(11)2322,False,calculated,not_calculated,ROUT not implemented from scratch during MVP per handoff guardrails; no trusted existing implementation wired up yet.
382,139,9,pistachio hulls,proximate,ash,tripod,as is,,% total weight,18.0,3,4.846666666666667,4.89,0.1401189970465577,2.8910384535053177,4.69,4.96,0.2699999999999996,"4.89,4.96,4.69","(11)2800,(11)472b,(11)ac5a",pass,False,False,0.7407407407407393,(11)ac5a,False,calculated,not_calculated,ROUT not implemented from scratch during MVP per handoff guardrails; no trusted existing implementation wired up yet.
383,139,9,pistachio hulls,proximate,moisture,tripod,as is,,% total weight,18.0,3,81.69666666666667,81.92,1.259933860697984,1.5422096299701953,80.34,82.83,2.489999999999995,"82.83,80.34,81.92","(11)539d,(11)a4db,(11)ffa7",pass,False,False,0.6345381526104424,(11)a4db,False,calculated,not_calculated,ROUT not implemented from scratch during MVP per handoff guardrails; no trusted existing implementation wired up yet.
384,139,9,pistachio hulls,proximate,volatile solids,tripod,as is,,% total weight,18.0,3,13.46,13.19,1.3947401191619897,10.362110840728004,12.22,14.97,2.75,"12.22,13.19,14.97","(11)bf57,(11)c9c5,(11)f212",pass,True,False,0.6472727272727277,(11)f212,False,calculated,not_calculated,ROUT not implemented from scratch during MVP per handoff guardrails; no trusted existing implementation wired up yet.
385,34,23,grape pomace,proximate,moisture,ebony,as is,,% total weight,11.0,3,63.373333333333335,63.07,1.478524038808074,2.333038142449096,62.07,64.98,2.910000000000004,"64.98,62.07,63.07","(13)0c41,(13)67a7,(13)a902",pass,False,False,0.6563573883161516,(13)0c41,False,calculated,not_calculated,ROUT not implemented from scratch during MVP per handoff guardrails; no trusted existing implementation wired up yet.
386,70,31,almond shells,proximate,ash,humorous,knife mill (2mm),,% total weight,14.0,3,3.706666666666667,3.71,0.065064070986477,1.7553256561099924,3.64,3.77,0.1299999999999999,"3.64,3.77,3.71","(13)124d,(13)2dd8,(13)6c40",pass,False,False,0.5384615384615377,(13)124d,False,calculated,not_calculated,ROUT not implemented from scratch during MVP per handoff guardrails; no trusted existing implementation wired up yet.
387,70,31,almond shells,proximate,moisture,humorous,knife mill (2mm),,% total weight,14.0,3,19.036666666666665,19.05,0.0321455025366428,0.1688609833828202,19.0,19.06,0.0599999999999987,"19.06,19.0,19.05","(13)12b9,(13)1b04,(13)2169",pass,False,False,0.8333333333333629,(13)1b04,False,calculated,not_calculated,ROUT not implemented from scratch during MVP per handoff guardrails; no trusted existing implementation wired up yet.
388,70,31,almond shells,proximate,volatile solids,humorous,knife mill (2mm),,% total weight,14.0,3,77.26,77.29,0.0699999999999982,0.0906031581672252,77.18,77.31,0.1299999999999954,"77.18,77.31,77.29","(13)1443,(13)710c,(13)f8f6",pass,False,False,0.8461538461538713,(13)1443,False,calculated,not_calculated,ROUT not implemented from scratch during MVP per handoff guardrails; no trusted existing implementation wired up yet.
389,34,23,grape pomace,proximate,ash,ebony,as is,,% total weight,11.0,3,4.033333333333333,4.13,0.1674315780649914,4.15119615037169,3.84,4.13,0.29,"4.13,4.13,3.84","(13)4f76,(13)81e1,(13)ade3",pass,False,False,1.0,(13)ade3,True,calculated,not_calculated,ROUT not implemented from scratch during MVP per handoff guardrails; no trusted existing implementation wired up yet.
390,34,23,grape pomace,proximate,total solids,ebony,as is,,% total weight,11.0,3,36.626666666666665,36.93,1.47852403880807,4.036742006210603,35.02,37.93,2.9099999999999966,"35.02,37.93,36.93","(13)61f0,(13)8f5d,(13)a107",pass,False,False,0.6563573883161508,(13)61f0,False,calculated,not_calculated,ROUT not implemented from scratch during MVP per handoff guardrails; no trusted existing implementation wired up yet.
391,70,31,almond shells,proximate,total solids,humorous,knife mill (2mm),,% total weight,14.0,3,80.96333333333332,80.95,0.0321455025366434,0.0397037785046441,80.94,81.0,0.0600000000000022,"80.94,80.95,81.0","(13)7fbd,(13)bae5,(13)dda4",pass,False,False,0.8333333333332544,(13)dda4,False,calculated,not_calculated,ROUT not implemented from scratch during MVP per handoff guardrails; no trusted existing implementation wired up yet.
392,34,23,grape pomace,proximate,volatile solids,ebony,as is,,% total weight,11.0,3,32.596666666666664,33.1,1.5188921401249431,4.659654791261714,30.89,33.8,2.9099999999999966,"33.1,30.89,33.8","(13)9fd0,(13)df67,(13)e2ec",pass,False,False,0.759450171821307,(13)df67,False,calculated,not_calculated,ROUT not implemented from scratch during MVP per handoff guardrails; no trusted existing implementation wired up yet.
393,88,30,peach pomace,proximate,volatile solids,rushes,as is,,% total weight,10.0,3,2.5466666666666664,2.52,0.055075705472861,2.16265859186627,2.51,2.61,0.1,"2.51,2.61,2.52","(14)0aa6,(14)eb17,(14)f092",pass,False,False,0.8999999999999978,(14)eb17,False,calculated,not_calculated,ROUT not implemented from scratch during MVP per handoff guardrails; no trusted existing implementation wired up yet.
394,88,30,peach pomace,proximate,moisture,rushes,as is,,% total weight,10.0,3,97.13666666666668,97.15,0.0513160143944734,0.0528286754687279,97.08,97.18,0.1000000000000085,"97.15,97.18,97.08","(14)1a55,(14)c28a,(14)ff20",pass,False,False,0.7000000000000142,(14)ff20,False,calculated,not_calculated,ROUT not implemented from scratch during MVP per handoff guardrails; no trusted existing implementation wired up yet.
395,88,30,peach pomace,proximate,ash,rushes,as is,,% total weight,10.0,3,0.3166666666666666,0.31,0.0115470053837925,3.646422752776588,0.31,0.33,0.02,"0.31,0.31,0.33","(14)6c7f,(14)76bd,(14)bd40",pass,False,False,1.0,(14)bd40,True,calculated,not_calculated,ROUT not implemented from scratch during MVP per handoff guardrails; no trusted existing implementation wired up yet.
396,88,30,peach pomace,proximate,total solids,rushes,as is,,% total weight,10.0,3,2.8633333333333333,2.85,0.0513160143944688,1.7921774526589822,2.82,2.92,0.1,"2.85,2.82,2.92","(14)d4a4,(14)e13b,(14)e88d",pass,False,False,0.6999999999999977,(14)e88d,False,calculated,not_calculated,ROUT not implemented from scratch during MVP per handoff guardrails; no trusted existing implementation wired up yet.
397,71,25,almond hulls,proximate,volatile solids,humorous,knife mill (2mm),,% total weight,14.0,3,77.80666666666667,77.67,0.345880518869356,0.4445384099940313,77.55,78.2,0.6500000000000057,"78.2,77.67,77.55","(15)04c6,(15)8749,(15)b8d3",pass,False,False,0.81538461538461,(15)04c6,False,calculated,not_calculated,ROUT not implemented from scratch during MVP per handoff guardrails; no trusted existing implementation wired up yet.
398,179,14,olive stems / leaves,proximate,ash,excellent,as is,,% total weight,21.0,3,2.5033333333333334,2.51,0.3500476158086688,13.983260285299684,2.15,2.85,0.7000000000000002,"2.51,2.85,2.15","(15)0931,(15)cfe9,(15)f3b8",pass,True,False,0.514285714285714,(15)f3b8,False,calculated,not_calculated,ROUT not implemented from scratch during MVP per handoff guardrails; no trusted existing implementation wired up yet.
399,160,19,walnut shells,proximate,moisture,cutaway,knife mill (2mm),,% total weight,12.0,3,9.866666666666667,9.86,0.0115470053837932,0.1170304599708779,9.86,9.88,0.0200000000000013,"9.86,9.86,9.88","(15)14f9,(15)53d1,(15)6ecb",pass,False,False,1.0,(15)6ecb,True,calculated,not_calculated,ROUT not implemented from scratch during MVP per handoff guardrails; no trusted existing implementation wired up yet.
400,71,25,almond hulls,proximate,total solids,humorous,knife mill (2mm),,% total weight,14.0,3,84.58999999999999,84.56,0.0984885780179602,0.1164305213594517,84.51,84.7,0.1899999999999977,"84.56,84.51,84.7","(15)19f2,(15)9a81,(15)f648",pass,False,False,0.7368421052631697,(15)f648,False,calculated,not_calculated,ROUT not implemented from scratch during MVP per handoff guardrails; no trusted existing implementation wired up yet.
401,179,14,olive stems / leaves,proximate,volatile solids,excellent,as is,,% total weight,21.0,3,47.67,46.42,3.2128647652834674,6.739804416369768,45.27,51.32,6.049999999999997,"45.27,46.42,51.32","(15)1e0f,(15)4136,(15)dec9",pass,False,False,0.809917355371901,(15)dec9,False,calculated,not_calculated,ROUT not implemented from scratch during MVP per handoff guardrails; no trusted existing implementation wired up yet.
402,160,19,walnut shells,proximate,total solids,cutaway,knife mill (2mm),,% total weight,12.0,3,90.13333333333333,90.14,0.0115470053837902,0.0128110266831992,90.12,90.14,0.019999999999996,"90.14,90.14,90.12","(15)2551,(15)80f1,(15)ea15",pass,False,False,1.0,(15)ea15,True,calculated,not_calculated,ROUT not implemented from scratch during MVP per handoff guardrails; no trusted existing implementation wired up yet.
403,179,14,olive stems / leaves,proximate,total solids,excellent,as is,,% total weight,21.0,3,50.17,48.56,3.1772787098396003,6.333025134222843,48.12,53.83,5.710000000000001,"48.56,48.12,53.83","(15)282d,(15)9329,(15)e432",pass,False,False,0.9229422066549904,(15)e432,False,calculated,not_calculated,ROUT not implemented from scratch during MVP per handoff guardrails; no trusted existing implementation wired up yet.
404,160,19,walnut shells,proximate,ash,cutaway,knife mill (2mm),,% total weight,12.0,3,1.1233333333333333,1.07,0.1011599393699567,9.005335848957575,1.06,1.24,0.1799999999999999,"1.06,1.07,1.24","(15)2ca0,(15)bdac,(15)c9c6",pass,False,False,0.9444444444444444,(15)c9c6,False,calculated,not_calculated,ROUT not implemented from scratch during MVP per handoff guardrails; no trusted existing implementation wired up yet.
405,71,25,almond hulls,proximate,moisture,humorous,knife mill (2mm),,% total weight,14.0,3,15.410000000000002,15.44,0.0984885780179606,0.639121207124988,15.3,15.49,0.1899999999999995,"15.3,15.44,15.49","(15)5a1e,(15)9e63,(15)efa4",pass,False,False,0.7368421052631534,(15)5a1e,False,calculated,not_calculated,ROUT not implemented from scratch during MVP per handoff guardrails; no trusted existing implementation wired up yet.
406,160,19,walnut shells,proximate,volatile solids,cutaway,knife mill (2mm),,% total weight,12.0,3,89.00999999999999,89.06,0.0866025403784471,0.0972952930889194,88.91,89.06,0.1500000000000056,"88.91,89.06,89.06","(15)77aa,(15)dcc2,(15)e5c4",pass,False,False,1.0,(15)77aa,True,calculated,not_calculated,ROUT not implemented from scratch during MVP per handoff guardrails; no trusted existing implementation wired up yet.
407,179,14,olive stems / leaves,proximate,moisture,excellent,as is,,% total weight,21.0,3,49.830000000000005,51.44,3.1772787098396003,6.376236624201486,46.17,51.88,5.710000000000001,"51.88,46.17,51.44","(15)9253,(15)9820,(15)a12f",pass,False,False,0.9229422066549904,(15)9820,False,calculated,not_calculated,ROUT not implemented from scratch during MVP per handoff guardrails; no trusted existing implementation wired up yet.
408,71,25,almond hulls,proximate,ash,humorous,knife mill (2mm),,% total weight,14.0,3,6.783333333333334,6.89,0.2478574859336172,3.653918711552097,6.5,6.96,0.4599999999999999,"6.5,6.96,6.89","(15)9365,(15)c5df,(15)d7bb",pass,False,False,0.8478260869565211,(15)9365,False,calculated,not_calculated,ROUT not implemented from scratch during MVP per handoff guardrails; no trusted existing implementation wired up yet.
409,56,33,sweet potato culls,proximate,moisture,tackle,oven dry + knife mill (2mm),,% total weight,5.0,1,3.43,3.43,,,3.43,3.43,0.0,3.43,(1a)14db,fail,,,,,,not_applicable_n_out_of_range,not_calculated,ROUT not implemented from scratch during MVP per handoff guardrails; no trusted existing implementation wired up yet.
410,56,33,sweet potato culls,proximate,volatile solids,tackle,oven dry + knife mill (2mm),,% total weight,5.0,3,4.78,4.78,0.0499999999999998,1.0460251046025069,4.73,4.83,0.0999999999999996,"4.73,4.78,4.83","(1a)33d7,(1a)3fa8,(1a)5921",fail,False,False,0.5,(1a)33d7,False,calculated,not_calculated,ROUT not implemented from scratch during MVP per handoff guardrails; no trusted existing implementation wired up yet.
411,56,33,sweet potato culls,proximate,ash,tackle,oven dry + knife mill (2mm),,% total weight,5.0,3,4.933333333333333,4.9,0.0665832811847938,1.349661105097172,4.89,5.01,0.1200000000000001,"4.9,4.89,5.01","(1a)3730,(1a)c42b,(1a)d2ad",fail,False,False,0.9166666666666611,(1a)d2ad,False,calculated,not_calculated,ROUT not implemented from scratch during MVP per handoff guardrails; no trusted existing implementation wired up yet.
412,56,33,sweet potato culls,proximate,total solids,tackle,oven dry + knife mill (2mm),,% total weight,5.0,3,90.28333333333336,90.32,0.1193035344544824,0.1321434754895504,90.15,90.38,0.2299999999999897,"90.32,90.38,90.15","(1a)3794,(1a)e81a,(1a)ed82",fail,False,False,0.7391304347825872,(1a)ed82,False,calculated,not_calculated,ROUT not implemented from scratch during MVP per handoff guardrails; no trusted existing implementation wired up yet.
413,64,23,grape pomace,proximate,volatile solids,ebony,oven dry + knife mill (2mm),,% total weight,5.0,3,6.253333333333333,6.2,0.3629508690350985,5.804118374761703,5.92,6.64,0.7199999999999998,"6.2,6.64,5.92","(1b)05cf,(1b)0dca,(1b)2201",fail,False,False,0.6111111111111106,(1b)0dca,False,calculated,not_calculated,ROUT not implemented from scratch during MVP per handoff guardrails; no trusted existing implementation wired up yet.
414,64,23,grape pomace,proximate,total solids,ebony,oven dry + knife mill (2mm),,% total weight,5.0,3,87.01,87.08,0.8272242743053378,0.9507232206704264,86.15,87.8,1.6499999999999917,"87.08,86.15,87.8","(1b)3899,(1b)bd1e,(1b)c76a",fail,False,False,0.563636363636362,(1b)bd1e,False,calculated,not_calculated,ROUT not implemented from scratch during MVP per handoff guardrails; no trusted existing implementation wired up yet.
415,64,23,grape pomace,proximate,moisture,ebony,oven dry + knife mill (2mm),,% total weight,5.0,1,2.19,2.19,,,2.19,2.19,0.0,2.19,(1b)4a9f,fail,,,,,,not_applicable_n_out_of_range,not_calculated,ROUT not implemented from scratch during MVP per handoff guardrails; no trusted existing implementation wired up yet.
416,64,23,grape pomace,proximate,ash,ebony,oven dry + knife mill (2mm),,% total weight,5.0,3,6.733333333333333,6.72,0.4601449047129972,6.83383521850986,6.28,7.2,0.92,"7.2,6.28,6.72","(1b)6053,(1b)6d6b,(1b)8f07",fail,False,False,0.5217391304347831,(1b)6053,False,calculated,not_calculated,ROUT not implemented from scratch during MVP per handoff guardrails; no trusted existing implementation wired up yet.
417,35,13,walnut hulls,proximate,ash,energetic,oven dry,,% total weight,23.0,3,25.566666666666663,25.92,0.664630223006247,2.599596700154812,24.8,25.98,1.1799999999999995,"25.98,24.8,25.92","(20)4df9,(20)bd5a,(20)db96",fail,False,False,0.9491525423728824,(20)bd5a,False,calculated,not_calculated,ROUT not implemented from scratch during MVP per handoff guardrails; no trusted existing implementation wired up yet.
418,35,13,walnut hulls,proximate,moisture,energetic,oven dry,,% total weight,23.0,3,6.66,6.66,0.04,0.6006006006006012,6.62,6.7,0.08,"6.66,6.62,6.7","(20)5930,(20)7b34,(20)a041",fail,False,False,0.5,(20)7b34,False,calculated,not_calculated,ROUT not implemented from scratch during MVP per handoff guardrails; no trusted existing implementation wired up yet.
419,35,13,walnut hulls,proximate,volatile solids,energetic,oven dry,,% total weight,23.0,3,67.77666666666667,67.47,0.6653069467045579,0.9816165052445156,67.32,68.54,1.220000000000013,"68.54,67.32,67.47","(20)60db,(20)7a71,(20)7d8e",fail,False,False,0.8770491803278655,(20)60db,False,calculated,not_calculated,ROUT not implemented from scratch during MVP per handoff guardrails; no trusted existing implementation wired up yet.
420,35,13,walnut hulls,proximate,total solids,energetic,oven dry,,% total weight,23.0,3,93.34,93.34,0.0399999999999991,0.0428540818512954,93.3,93.38,0.0799999999999983,"93.38,93.34,93.3","(20)7bfe,(20)e321,(20)e873",fail,False,False,0.5000000000000888,(20)e873,False,calculated,not_calculated,ROUT not implemented from scratch during MVP per handoff guardrails; no trusted existing implementation wired up yet.
421,89,36,peach screening waste,proximate,volatile solids,rushes,as is,,% total weight,10.0,3,2.453333333333333,2.46,0.2300724523564986,9.377953221052932,2.22,2.68,0.4599999999999999,"2.22,2.46,2.68","(23)3d5d,(23)502a,(23)f85f",pass,False,False,0.5217391304347822,(23)3d5d,False,calculated,not_calculated,ROUT not implemented from scratch during MVP per handoff guardrails; no trusted existing implementation wired up yet.
422,89,36,peach screening waste,proximate,moisture,rushes,as is,,% total weight,10.0,3,97.31333333333332,97.32,0.2500666577801472,0.256970601267535,97.06,97.56,0.5,"97.56,97.06,97.32","(23)564c,(23)6951,(23)8788",pass,False,False,0.5199999999999818,(23)6951,False,calculated,not_calculated,ROUT not implemented from scratch during MVP per handoff guardrails; no trusted existing implementation wired up yet.
423,89,36,peach screening waste,proximate,ash,rushes,as is,,% total weight,10.0,3,0.2333333333333333,0.22,0.023094010767585,9.897433186107872,0.22,0.26,0.04,"0.26,0.22,0.22","(23)5b30,(23)ac37,(23)d546",pass,False,False,1.0,(23)5b30,True,calculated,not_calculated,ROUT not implemented from scratch during MVP per handoff guardrails; no trusted existing implementation wired up yet.
424,89,36,peach screening waste,proximate,total solids,rushes,as is,,% total weight,10.0,3,2.686666666666667,2.68,0.2500666577801473,9.30769197692856,2.44,2.94,0.5,"2.94,2.44,2.68","(23)77d7,(23)8d59,(23)a636",pass,False,False,0.5199999999999996,(23)77d7,False,calculated,not_calculated,ROUT not implemented from scratch during MVP per handoff guardrails; no trusted existing implementation wired up yet.
425,49,31,almond shells,proximate,ash,tiny,knife mill (2mm),,% total weight,5.0,3,6.453333333333333,6.52,0.4338586559391584,6.723016362693571,5.99,6.85,0.8599999999999994,"6.52,6.85,5.99","(24)00b5,(24)01da,(24)3c8f",pass,False,False,0.6162790697674415,(24)3c8f,False,calculated,not_calculated,ROUT not implemented from scratch during MVP per handoff guardrails; no trusted existing implementation wired up yet.
426,49,31,almond shells,proximate,moisture,tiny,knife mill (2mm),,% total weight,20.0,3,8.736666666666666,8.77,0.1137248140615468,1.3016956970035882,8.61,8.83,0.2200000000000006,"8.61,8.77,8.83","(24)033b,(24)1fd9,(24)c0c3",pass,False,False,0.7272727272727258,(24)033b,False,calculated,not_calculated,ROUT not implemented from scratch during MVP per handoff guardrails; no trusted existing implementation wired up yet.
427,49,31,almond shells,proximate,total solids,tiny,knife mill (2mm),,% total weight,5.0,3,87.58,87.46,0.8364807230295257,0.9551047305657978,86.81,88.47,1.6599999999999966,"87.46,88.47,86.81","(24)1385,(24)4222,(24)96ff",pass,False,False,0.6084337349397634,(24)4222,False,calculated,not_calculated,ROUT not implemented from scratch during MVP per handoff guardrails; no trusted existing implementation wired up yet.
428,49,31,almond shells,proximate,volatile solids,tiny,knife mill (2mm),,% total weight,5.0,3,5.966666666666666,6.02,0.4026578365477732,6.748455361135865,5.54,6.34,0.7999999999999998,"6.02,5.54,6.34","(24)15c4,(24)16b6,(24)7616",pass,False,False,0.5999999999999995,(24)16b6,False,calculated,not_calculated,ROUT not implemented from scratch during MVP per handoff guardrails; no trusted existing implementation wired up yet.
429,49,31,almond shells,proximate,total solids,tiny,knife mill (2mm),,% total weight,20.0,3,91.26333333333334,91.23,0.1137248140615455,0.1246117251121796,91.17,91.39,0.2199999999999988,"91.39,91.23,91.17","(24)31a4,(24)5785,(24)8d62",pass,False,False,0.7272727272727155,(24)31a4,False,calculated,not_calculated,ROUT not implemented from scratch during MVP per handoff guardrails; no trusted existing implementation wired up yet.
430,49,31,almond shells,proximate,volatile solids,tiny,knife mill (2mm),,% total weight,20.0,3,84.27666666666666,84.42,0.3760762334066547,0.4462400428034507,83.85,84.56,0.710000000000008,"83.85,84.42,84.56","(24)48e4,(24)57ea,(24)7cb6",pass,False,False,0.8028169014084521,(24)48e4,False,calculated,not_calculated,ROUT not implemented from scratch during MVP per handoff guardrails; no trusted existing implementation wired up yet.
431,49,31,almond shells,proximate,ash,tiny,knife mill (2mm),,% total weight,20.0,3,6.986666666666667,6.83,0.2888482877451993,4.134278927650754,6.81,7.32,0.5100000000000007,"6.81,6.83,7.32","(24)7d51,(24)bbda,(24)ea69",pass,False,False,0.9607843137254893,(24)ea69,False,calculated,not_calculated,ROUT not implemented from scratch during MVP per handoff guardrails; no trusted existing implementation wired up yet.
432,49,31,almond shells,proximate,moisture,tiny,knife mill (2mm),,% total weight,5.0,1,2.32,2.32,,,2.32,2.32,0.0,2.32,(24)f511,pass,,,,,,not_applicable_n_out_of_range,not_calculated,ROUT not implemented from scratch during MVP per handoff guardrails; no trusted existing implementation wired up yet.
433,59,37,tomato pomace,proximate,volatile solids,oakleaf,oven dry + knife mill (2mm),,% total weight,5.0,3,0.99,2.59,2.946183972531247,297.5943406597219,-2.41,2.79,5.2,"-2.41,2.59,2.79","(26)1b74,(26)5c31,(26)9ebb",fail,True,True,0.9615384615384615,(26)1b74,False,calculated,not_calculated,ROUT not implemented from scratch during MVP per handoff guardrails; no trusted existing implementation wired up yet.
434,59,37,tomato pomace,proximate,ash,oakleaf,oven dry + knife mill (2mm),,% total weight,5.0,3,2.6933333333333334,2.67,0.0680685928555404,2.5272992396859078,2.64,2.77,0.1299999999999999,"2.64,2.77,2.67","(26)5a2b,(26)edec,(26)f3b6","fail,pass",False,False,0.7692307692307705,(26)edec,False,calculated,not_calculated,ROUT not implemented from scratch during MVP per handoff guardrails; no trusted existing implementation wired up yet.
435,59,37,tomato pomace,proximate,total solids,oakleaf,oven dry + knife mill (2mm),,% total weight,5.0,3,96.31333333333332,94.77,2.963517054672262,3.076954095665808,94.44,99.73,5.290000000000006,"94.77,94.44,99.73","(26)6286,(26)b528,(26)b8f7",fail,False,False,0.9376181474480155,(26)b8f7,False,calculated,not_calculated,ROUT not implemented from scratch during MVP per handoff guardrails; no trusted existing implementation wired up yet.
436,59,37,tomato pomace,proximate,moisture,oakleaf,oven dry + knife mill (2mm),,% total weight,5.0,1,2.01,2.01,,,2.01,2.01,0.0,2.01,(26)75ab,fail,,,,,,not_applicable_n_out_of_range,not_calculated,ROUT not implemented from scratch during MVP per handoff guardrails; no trusted existing implementation wired up yet.
437,144,25,almond hulls,proximate,ash,tiny,knife mill (2mm),,% total weight,6.0,3,9.75,8.42,3.1715453646448126,32.528670406613465,7.46,13.37,5.909999999999999,"13.37,8.42,7.46","(27)13cb,(27)23cd,(27)fa51",pass,True,True,0.8375634517766497,(27)13cb,False,calculated,not_calculated,ROUT not implemented from scratch during MVP per handoff guardrails; no trusted existing implementation wired up yet.
438,144,25,almond hulls,proximate,volatile solids,tiny,knife mill (2mm),,% total weight,6.0,3,75.07666666666667,76.48,3.176670164391222,4.231234956788024,71.44,77.31,5.8700000000000045,"76.48,77.31,71.44","(27)35cd,(27)7991,(27)8c1d",pass,False,False,0.8586030664395234,(27)8c1d,False,calculated,not_calculated,ROUT not implemented from scratch during MVP per handoff guardrails; no trusted existing implementation wired up yet.
439,144,25,almond hulls,proximate,moisture,tiny,knife mill (2mm),,% total weight,6.0,3,15.173333333333332,15.19,0.0665832811847942,0.4388177582477653,15.1,15.23,0.1300000000000007,"15.1,15.23,15.19","(27)7a5d,(27)9c73,(27)bf60",pass,False,False,0.6923076923076871,(27)7a5d,False,calculated,not_calculated,ROUT not implemented from scratch during MVP per handoff guardrails; no trusted existing implementation wired up yet.
440,144,25,almond hulls,proximate,total solids,tiny,knife mill (2mm),,% total weight,6.0,3,84.82666666666667,84.81,0.0665832811847984,0.0784933368258391,84.77,84.9,0.1300000000000096,"84.77,84.9,84.81","(27)83ce,(27)baf0,(27)de83",pass,False,False,0.6923076923076671,(27)baf0,False,calculated,not_calculated,ROUT not implemented from scratch during MVP per handoff guardrails; no trusted existing implementation wired up yet.
441,68,24,corn stover cobs,proximate,volatile solids,caterpillar,knife mill (2mm),,% total weight,4.0,3,85.03,85.25,0.7544534445544042,0.8872791303709329,84.19,85.65,1.460000000000008,"85.25,84.19,85.65","(28)0e4d,(28)17f4,(28)5a04",pass,False,False,0.7260273972602715,(28)17f4,False,calculated,not_calculated,ROUT not implemented from scratch during MVP per handoff guardrails; no trusted existing implementation wired up yet.
442,68,24,corn stover cobs,proximate,moisture,caterpillar,knife mill (2mm),,% total weight,4.0,3,4.92,4.92,0.0300000000000002,0.6097560975609807,4.89,4.95,0.0600000000000005,"4.89,4.95,4.92","(28)1cdc,(28)37a3,(28)45b4",pass,False,False,0.5,(28)1cdc,False,calculated,not_calculated,ROUT not implemented from scratch during MVP per handoff guardrails; no trusted existing implementation wired up yet.
443,68,24,corn stover cobs,proximate,ash,caterpillar,knife mill (2mm),,% total weight,4.0,3,10.05,9.83,0.7835177087979567,7.796196107442356,9.4,10.92,1.5199999999999996,"9.4,9.83,10.92","(28)2b5c,(28)6ebd,(28)ec2a",pass,False,False,0.7171052631578948,(28)ec2a,False,calculated,not_calculated,ROUT not implemented from scratch during MVP per handoff guardrails; no trusted existing implementation wired up yet.
444,68,24,corn stover cobs,proximate,total solids,caterpillar,knife mill (2mm),,% total weight,4.0,3,95.08,95.08,0.0300000000000011,0.0315523769457311,95.05,95.11,0.0600000000000022,"95.05,95.11,95.08","(28)5dec,(28)7463,(28)9043",pass,False,False,0.5,(28)5dec,False,calculated,not_calculated,ROUT not implemented from scratch during MVP per handoff guardrails; no trusted existing implementation wired up yet.
445,44,19,walnut shells,proximate,total solids,energetic,as is,,% total weight,23.0,3,91.2,91.2,0.009999999999998,0.0109649122806995,91.19,91.21,0.019999999999996,"91.21,91.19,91.2","(29)1497,(29)262a,(29)877a",pass,False,False,0.5000000000003553,(29)262a,False,calculated,not_calculated,ROUT not implemented from scratch during MVP per handoff guardrails; no trusted existing implementation wired up yet.
446,44,19,walnut shells,proximate,ash,energetic,as is,,% total weight,23.0,3,1.24,1.25,0.0264575131106459,2.133670412148865,1.21,1.26,0.05,"1.25,1.21,1.26","(29)1b5a,(29)f43d,(29)f78f",pass,False,False,0.8,(29)f43d,False,calculated,not_calculated,ROUT not implemented from scratch during MVP per handoff guardrails; no trusted existing implementation wired up yet.
447,44,19,walnut shells,proximate,volatile solids,energetic,as is,,% total weight,23.0,3,89.96,89.95,0.0360555127546366,0.040079493946906,89.93,90.0,0.0699999999999931,"89.93,90.0,89.95","(29)2773,(29)eff5,(29)ff20",pass,False,False,0.7142857142857433,(29)eff5,False,calculated,not_calculated,ROUT not implemented from scratch during MVP per handoff guardrails; no trusted existing implementation wired up yet.
448,44,19,walnut shells,proximate,moisture,energetic,as is,,% total weight,23.0,3,8.799999999999999,8.8,0.0100000000000006,0.1136363636363713,8.79,8.81,0.0200000000000013,"8.81,8.8,8.79","(29)6761,(29)a631,(29)bb18",pass,False,False,0.5000000000000444,(29)bb18,False,calculated,not_calculated,ROUT not implemented from scratch during MVP per handoff guardrails; no trusted existing implementation wired up yet.
449,20,34,grape stem,proximate,ash,maplewood,as is,,% total weight,17.0,3,2.926666666666667,2.92,0.2500666577801473,8.544418830756742,2.68,3.18,0.5,"3.18,2.68,2.92","(31)0a4b,(31)3601,(31)bb96",pass,False,False,0.5200000000000005,(31)0a4b,False,calculated,not_calculated,ROUT not implemented from scratch during MVP per handoff guardrails; no trusted existing implementation wired up yet.
450,20,34,grape stem,proximate,moisture,maplewood,as is,,% total weight,17.0,3,69.38333333333334,69.62,1.1238475578713258,1.6197658773067392,68.16,70.37,2.210000000000008,"70.37,69.62,68.16","(31)2091,(31)2dab,(31)f992",pass,False,False,0.6606334841628971,(31)f992,False,calculated,not_calculated,ROUT not implemented from scratch during MVP per handoff guardrails; no trusted existing implementation wired up yet.
451,48,25,almond hulls,proximate,volatile solids,vibrant,knife mill (2mm),,% total weight,5.0,3,4.603333333333333,4.72,0.2375570107012909,5.160543317189521,4.33,4.76,0.4299999999999997,"4.76,4.33,4.72","(31)2f4b,(31)7d82,(31)df51",pass,False,False,0.9069767441860463,(31)7d82,False,calculated,not_calculated,ROUT not implemented from scratch during MVP per handoff guardrails; no trusted existing implementation wired up yet.
452,20,34,grape stem,proximate,volatile solids,maplewood,as is,,% total weight,17.0,3,27.69,27.71,0.9701546268507912,3.5036281215268734,26.71,28.65,1.9399999999999975,"28.65,26.71,27.71","(31)3091,(31)9831,(31)992b",pass,False,False,0.5154639175257738,(31)9831,False,calculated,not_calculated,ROUT not implemented from scratch during MVP per handoff guardrails; no trusted existing implementation wired up yet.
453,48,25,almond hulls,proximate,total solids,vibrant,knife mill (2mm),,% total weight,5.0,3,90.71333333333332,90.47,0.492375195692608,0.5427815047688045,90.39,91.28,0.8900000000000006,"91.28,90.47,90.39","(31)3f5b,(31)4c41,(31)b30c",pass,False,False,0.9101123595505638,(31)3f5b,False,calculated,not_calculated,ROUT not implemented from scratch during MVP per handoff guardrails; no trusted existing implementation wired up yet.
454,48,25,almond hulls,proximate,ash,vibrant,knife mill (2mm),,% total weight,20.0,3,5.753333333333333,5.6,0.4214656965084272,7.32559148044775,5.43,6.23,0.8000000000000007,"5.6,6.23,5.43","(31)52a8,(31)58c7,(31)d70c",pass,False,False,0.7875000000000003,(31)58c7,False,calculated,not_calculated,ROUT not implemented from scratch during MVP per handoff guardrails; no trusted existing implementation wired up yet.
455,48,25,almond hulls,proximate,volatile solids,vibrant,knife mill (2mm),,% total weight,20.0,3,80.60666666666667,80.66,0.3332166462428492,0.4133859642413975,80.25,80.91,0.6599999999999966,"80.25,80.91,80.66","(31)587e,(31)797b,(31)c865",pass,False,False,0.6212121212121192,(31)587e,False,calculated,not_calculated,ROUT not implemented from scratch during MVP per handoff guardrails; no trusted existing implementation wired up yet.
456,48,25,almond hulls,proximate,total solids,vibrant,knife mill (2mm),,% total weight,20.0,3,86.36,86.35,0.1053565375285246,0.1219969170084815,86.26,86.47,0.2099999999999937,"86.47,86.35,86.26","(31)728e,(31)abf9,(31)f2e1",pass,False,False,0.5714285714286101,(31)728e,False,calculated,not_calculated,ROUT not implemented from scratch during MVP per handoff guardrails; no trusted existing implementation wired up yet.
457,48,25,almond hulls,proximate,ash,vibrant,knife mill (2mm),,% total weight,5.0,3,4.683333333333333,4.81,0.2548201980482185,5.441000670068724,4.39,4.85,0.4599999999999999,"4.85,4.39,4.81","(31)7611,(31)88e9,(31)db23",pass,False,False,0.9130434782608695,(31)88e9,False,calculated,not_calculated,ROUT not implemented from scratch during MVP per handoff guardrails; no trusted existing implementation wired up yet.
458,48,25,almond hulls,proximate,moisture,vibrant,knife mill (2mm),,% total weight,20.0,3,13.64,13.65,0.1053565375285278,0.7724086329070956,13.53,13.74,0.2100000000000008,"13.74,13.65,13.53","(31)7f43,(31)d4cc,(31)d666",pass,False,False,0.5714285714285738,(31)d666,False,calculated,not_calculated,ROUT not implemented from scratch during MVP per handoff guardrails; no trusted existing implementation wired up yet.
459,20,34,grape stem,proximate,total solids,maplewood,as is,,% total weight,17.0,3,30.616666666666664,30.38,1.1238475578713218,3.670705142747922,29.63,31.84,2.210000000000001,"31.84,30.38,29.63","(31)883a,(31)8db9,(31)ae33",pass,False,False,0.660633484162896,(31)883a,False,calculated,not_calculated,ROUT not implemented from scratch during MVP per handoff guardrails; no trusted existing implementation wired up yet.
460,48,25,almond hulls,proximate,moisture,vibrant,knife mill (2mm),,% total weight,5.0,1,0.98,0.98,,,0.98,0.98,0.0,0.98,(31)e069,pass,,,,,,not_applicable_n_out_of_range,not_calculated,ROUT not implemented from scratch during MVP per handoff guardrails; no trusted existing implementation wired up yet.
461,225,2,grape vine prunings,proximate,volatile solids,boatswain,chipper (1in) + knife mill (2mm),,% total weight,19.0,3,61.88333333333333,62.04,0.7081195755896977,1.1442815657253398,61.11,62.5,1.3900000000000006,"61.11,62.04,62.5","(35)0520,(35)3782,(35)b851",pass,False,False,0.6690647482014384,(35)0520,False,calculated,not_calculated,ROUT not implemented from scratch during MVP per handoff guardrails; no trusted existing implementation wired up yet.
462,225,2,grape vine prunings,proximate,ash,boatswain,chipper (1in) + knife mill (2mm),,% total weight,19.0,3,2.7,2.73,0.0793725393319377,2.939723678960656,2.61,2.76,0.1499999999999999,"2.76,2.61,2.73","(35)1074,(35)7a98,(35)8876",pass,False,False,0.8000000000000012,(35)7a98,False,calculated,not_calculated,ROUT not implemented from scratch during MVP per handoff guardrails; no trusted existing implementation wired up yet.
463,225,2,grape vine prunings,proximate,moisture,boatswain,chipper (1in) + knife mill (2mm),,% total weight,19.0,3,35.413333333333334,35.19,0.6638021793677172,1.8744413950519123,34.89,36.16,1.269999999999996,"36.16,34.89,35.19","(35)4da8,(35)7671,(35)9cd2",pass,False,False,0.7637795275590566,(35)4da8,False,calculated,not_calculated,ROUT not implemented from scratch during MVP per handoff guardrails; no trusted existing implementation wired up yet.
464,225,2,grape vine prunings,proximate,total solids,boatswain,chipper (1in) + knife mill (2mm),,% total weight,19.0,3,64.58666666666666,64.81,0.6638021793677172,1.0277696831663663,63.84,65.11,1.269999999999996,"64.81,63.84,65.11","(35)96f8,(35)f6cd,(35)fa9d",pass,False,False,0.7637795275590566,(35)f6cd,False,calculated,not_calculated,ROUT not implemented from scratch during MVP per handoff guardrails; no trusted existing implementation wired up yet.
465,47,31,almond shells,proximate,total solids,vibrant,knife mill (2mm),,% total weight,20.0,3,88.34333333333332,88.34,0.075055534994654,0.0849589121925677,88.27,88.42,0.1500000000000056,"88.27,88.42,88.34","(37)0a72,(37)3454,(37)c6ee",pass,False,False,0.5333333333333018,(37)3454,False,calculated,not_calculated,ROUT not implemented from scratch during MVP per handoff guardrails; no trusted existing implementation wired up yet.
466,47,31,almond shells,proximate,total solids,vibrant,knife mill (2mm),,% total weight,5.0,3,90.89333333333332,90.6,0.5519359866264717,0.6072348393279356,90.55,91.53,0.980000000000004,"90.6,91.53,90.55","(37)0d0d,(37)456d,(37)798c",pass,False,False,0.9489795918367377,(37)456d,False,calculated,not_calculated,ROUT not implemented from scratch during MVP per handoff guardrails; no trusted existing implementation wired up yet.
467,47,31,almond shells,proximate,volatile solids,vibrant,knife mill (2mm),,% total weight,20.0,3,83.92666666666666,83.97,0.1497776129244022,0.1784624826329362,83.76,84.05,0.289999999999992,"84.05,83.97,83.76","(37)1ad1,(37)3422,(37)9116",pass,False,False,0.7241379310344811,(37)9116,False,calculated,not_calculated,ROUT not implemented from scratch during MVP per handoff guardrails; no trusted existing implementation wired up yet.
468,47,31,almond shells,proximate,moisture,vibrant,knife mill (2mm),,% total weight,20.0,3,11.656666666666666,11.66,0.0750555349946515,0.6438850585757924,11.58,11.73,0.1500000000000003,"11.66,11.58,11.73","(37)203d,(37)3fcc,(37)6e14",pass,False,False,0.5333333333333325,(37)3fcc,False,calculated,not_calculated,ROUT not implemented from scratch during MVP per handoff guardrails; no trusted existing implementation wired up yet.
469,47,31,almond shells,proximate,volatile solids,vibrant,knife mill (2mm),,% total weight,5.0,3,4.3933333333333335,4.55,0.2888482877451993,6.574695472197253,4.06,4.57,0.5100000000000007,"4.55,4.57,4.06","(37)281b,(37)6370,(37)6a07",pass,False,False,0.9607843137254893,(37)6a07,False,calculated,not_calculated,ROUT not implemented from scratch during MVP per handoff guardrails; no trusted existing implementation wired up yet.
470,47,31,almond shells,proximate,moisture,vibrant,knife mill (2mm),,% total weight,5.0,1,3.09,3.09,,,3.09,3.09,0.0,3.09,(37)2c6f,pass,,,,,,not_applicable_n_out_of_range,not_calculated,ROUT not implemented from scratch during MVP per handoff guardrails; no trusted existing implementation wired up yet.
471,47,31,almond shells,proximate,ash,vibrant,knife mill (2mm),,% total weight,5.0,3,4.713333333333333,4.85,0.2631222782915449,5.5825094404146745,4.41,4.88,0.4699999999999997,"4.41,4.88,4.85","(37)74ea,(37)8948,(37)b5a6",pass,False,False,0.9361702127659569,(37)74ea,False,calculated,not_calculated,ROUT not implemented from scratch during MVP per handoff guardrails; no trusted existing implementation wired up yet.
472,47,31,almond shells,proximate,ash,vibrant,knife mill (2mm),,% total weight,20.0,3,4.416666666666667,4.37,0.0808290376865474,1.8300914193180544,4.37,4.51,0.1399999999999996,"4.51,4.37,4.37","(37)94ef,(37)ec36,(37)f659",pass,False,False,1.0,(37)94ef,True,calculated,not_calculated,ROUT not implemented from scratch during MVP per handoff guardrails; no trusted existing implementation wired up yet.
473,136,23,grape pomace,proximate,moisture,rigging,as is,,% total weight,8.0,3,60.19,61.15,1.8476200908195368,3.069646271506125,58.06,61.36,3.299999999999997,"58.06,61.36,61.15","(3a)135e,(3a)7389,(3a)b992",pass,False,False,0.9363636363636361,(3a)135e,False,calculated,not_calculated,ROUT not implemented from scratch during MVP per handoff guardrails; no trusted existing implementation wired up yet.
474,136,23,grape pomace,proximate,ash,rigging,as is,,% total weight,8.0,3,2.896666666666667,2.86,0.2967041174863155,10.242949970758875,2.62,3.21,0.5899999999999999,"2.62,2.86,3.21","(3a)4c61,(3a)931b,(3a)b9a7",pass,True,False,0.5932203389830512,(3a)b9a7,False,calculated,not_calculated,ROUT not implemented from scratch during MVP per handoff guardrails; no trusted existing implementation wired up yet.
475,136,23,grape pomace,proximate,total solids,rigging,as is,,% total weight,8.0,3,39.81,38.85,1.8476200908195368,4.641095430342971,38.64,41.94,3.299999999999997,"38.64,41.94,38.85","(3a)7725,(3a)8415,(3a)b28e",pass,False,False,0.9363636363636361,(3a)8415,False,calculated,not_calculated,ROUT not implemented from scratch during MVP per handoff guardrails; no trusted existing implementation wired up yet.
476,136,23,grape pomace,proximate,volatile solids,rigging,as is,,% total weight,8.0,3,36.91,36.02,1.889364972682618,5.118843057931774,35.63,39.08,3.449999999999996,"35.63,36.02,39.08","(3a)ad47,(3a)b7c5,(3a)e457",pass,False,False,0.8869565217391301,(3a)e457,False,calculated,not_calculated,ROUT not implemented from scratch during MVP per handoff guardrails; no trusted existing implementation wired up yet.
477,77,5,alfalfa,proximate,volatile solids,possessive,knife mill (2mm),,% total weight,15.0,3,83.41333333333334,83.25,0.2829016319029137,0.3391563681700531,83.25,83.74,0.4899999999999949,"83.25,83.74,83.25","(3c)1fb9,(3c)8756,(3c)b612",pass,False,False,1.0,(3c)8756,True,calculated,not_calculated,ROUT not implemented from scratch during MVP per handoff guardrails; no trusted existing implementation wired up yet.
478,77,5,alfalfa,proximate,moisture,possessive,knife mill (2mm),,% total weight,15.0,3,9.333333333333334,9.22,0.2138535324312726,2.291287847477921,9.2,9.58,0.3800000000000008,"9.2,9.22,9.58","(3c)28f6,(3c)5f76,(3c)d814",pass,False,False,0.9473684210526281,(3c)d814,False,calculated,not_calculated,ROUT not implemented from scratch during MVP per handoff guardrails; no trusted existing implementation wired up yet.
479,77,5,alfalfa,proximate,total solids,possessive,knife mill (2mm),,% total weight,15.0,3,90.66666666666669,90.78,0.2138535324312709,0.2358678666521371,90.42,90.8,0.3799999999999954,"90.8,90.42,90.78","(3c)38c5,(3c)b62a,(3c)b796",pass,False,False,0.9473684210526414,(3c)b62a,False,calculated,not_calculated,ROUT not implemented from scratch during MVP per handoff guardrails; no trusted existing implementation wired up yet.
480,77,5,alfalfa,proximate,ash,possessive,knife mill (2mm),,% total weight,15.0,3,7.253333333333333,7.17,0.2650157228040126,3.6537094136582624,7.04,7.55,0.5099999999999998,"7.17,7.55,7.04","(3c)445a,(3c)bc0d,(3c)f25a",pass,False,False,0.7450980392156864,(3c)bc0d,False,calculated,not_calculated,ROUT not implemented from scratch during MVP per handoff guardrails; no trusted existing implementation wired up yet.
481,81,27,rice straw,proximate,total solids,possessive,knife mill (2mm),,% total weight,24.0,3,93.08666666666666,93.12,0.182300118851671,0.1958391307580796,92.89,93.25,0.3599999999999994,"92.89,93.25,93.12","(42)0969,(42)c366,(42)d993",pass,False,False,0.6388888888889009,(42)0969,False,calculated,not_calculated,ROUT not implemented from scratch during MVP per handoff guardrails; no trusted existing implementation wired up yet.
482,81,27,rice straw,proximate,moisture,possessive,knife mill (2mm),,% total weight,24.0,3,6.913333333333334,6.88,0.182300118851671,2.6369351810752804,6.75,7.11,0.3600000000000003,"7.11,6.88,6.75","(42)2cda,(42)6ac9,(42)729d",pass,False,False,0.6388888888888895,(42)2cda,False,calculated,not_calculated,ROUT not implemented from scratch during MVP per handoff guardrails; no trusted existing implementation wired up yet.
483,81,27,rice straw,proximate,ash,possessive,knife mill (2mm),,% total weight,24.0,3,12.12,11.97,0.3499999999999999,2.8877887788778875,11.87,12.52,0.6500000000000004,"12.52,11.87,11.97","(42)8ed2,(42)a5e2,(42)a6fe",pass,False,False,0.846153846153844,(42)8ed2,False,calculated,not_calculated,ROUT not implemented from scratch during MVP per handoff guardrails; no trusted existing implementation wired up yet.
484,81,27,rice straw,proximate,volatile solids,possessive,knife mill (2mm),,% total weight,24.0,3,80.96666666666665,80.92,0.2532455988429671,0.31277760252322,80.74,81.24,0.5,"80.92,81.24,80.74","(42)9f6d,(42)c1de,(42)fdff",pass,False,False,0.6399999999999864,(42)c1de,False,calculated,not_calculated,ROUT not implemented from scratch during MVP per handoff guardrails; no trusted existing implementation wired up yet.
485,145,35,almond branches,proximate,ash,humorous,knife mill (2mm),,% total weight,6.0,3,4.180000000000001,4.16,0.0435889894354068,1.0427987903207374,4.15,4.23,0.08,"4.23,4.15,4.16","(4c)27f2,(4c)e625,(4c)ece7",pass,False,False,0.8750000000000028,(4c)27f2,False,calculated,not_calculated,ROUT not implemented from scratch during MVP per handoff guardrails; no trusted existing implementation wired up yet.
486,145,35,almond branches,proximate,volatile solids,humorous,knife mill (2mm),,% total weight,6.0,3,85.65666666666668,85.65,0.0802080627701043,0.0936390194615375,85.58,85.74,0.1599999999999966,"85.65,85.58,85.74","(4c)71d5,(4c)d019,(4c)d9b9",pass,False,False,0.5624999999999445,(4c)d9b9,False,calculated,not_calculated,ROUT not implemented from scratch during MVP per handoff guardrails; no trusted existing implementation wired up yet.
487,145,35,almond branches,proximate,total solids,humorous,knife mill (2mm),,% total weight,6.0,3,89.83666666666666,89.81,0.0550757054728646,0.0613064882262602,89.8,89.9,0.1000000000000085,"89.9,89.81,89.8","(4c)73de,(4c)8fc4,(4c)e4aa",pass,False,False,0.8999999999999574,(4c)73de,False,calculated,not_calculated,ROUT not implemented from scratch during MVP per handoff guardrails; no trusted existing implementation wired up yet.
488,145,35,almond branches,proximate,moisture,humorous,knife mill (2mm),,% total weight,6.0,3,10.163333333333332,10.19,0.0550757054728608,0.5419059246263779,10.1,10.2,0.0999999999999996,"10.2,10.1,10.19","(4c)7e41,(4c)bfe6,(4c)d694",pass,False,False,0.9000000000000018,(4c)bfe6,False,calculated,not_calculated,ROUT not implemented from scratch during MVP per handoff guardrails; no trusted existing implementation wired up yet.
489,55,22,walnut tree sticks,proximate,volatile solids,energetic,oven dry + knife mill (2mm),,% total weight,5.0,3,5.566666666666667,5.15,0.8548879068821438,15.357267788301982,5.0,6.55,1.5499999999999998,"6.55,5.0,5.15","(4d)2938,(4d)4bb4,(4d)8872",fail,True,False,0.9032258064516127,(4d)2938,False,calculated,not_calculated,ROUT not implemented from scratch during MVP per handoff guardrails; no trusted existing implementation wired up yet.
490,55,22,walnut tree sticks,proximate,ash,energetic,oven dry + knife mill (2mm),,% total weight,5.0,3,5.613333333333333,5.48,0.239652526240249,4.269344291690897,5.47,5.89,0.4199999999999999,"5.48,5.89,5.47","(4d)3f9c,(4d)52a0,(4d)88a1",fail,False,False,0.9761904761904746,(4d)52a0,True,calculated,not_calculated,ROUT not implemented from scratch during MVP per handoff guardrails; no trusted existing implementation wired up yet.
491,55,22,walnut tree sticks,proximate,moisture,energetic,oven dry + knife mill (2mm),,% total weight,5.0,1,1.57,1.57,,,1.57,1.57,0.0,1.57,(4d)8434,fail,,,,,,not_applicable_n_out_of_range,not_calculated,ROUT not implemented from scratch during MVP per handoff guardrails; no trusted existing implementation wired up yet.
492,55,22,walnut tree sticks,proximate,total solids,energetic,oven dry + knife mill (2mm),,% total weight,5.0,3,88.82000000000001,89.37,1.094120651482276,1.2318404092347175,87.56,89.53,1.9699999999999989,"89.53,87.56,89.37","(4d)bb8f,(4d)cf3f,(4d)f301",fail,False,False,0.9187817258883265,(4d)cf3f,False,calculated,not_calculated,ROUT not implemented from scratch during MVP per handoff guardrails; no trusted existing implementation wired up yet.
493,314,125,#n/a,proximate,total solids,,#n/a,,% total weight,13.0,3,45.35666666666666,45.3,2.995402032003941,6.604105310510637,42.39,48.38,5.990000000000002,"42.39,48.38,45.3","(53)0dc0,(53)6b40,(53)a583",pass,False,False,0.5141903171953263,(53)6b40,False,calculated,not_calculated,ROUT not implemented from scratch during MVP per handoff guardrails; no trusted existing implementation wired up yet.
494,314,125,#n/a,proximate,volatile solids,,#n/a,,% total weight,13.0,3,42.34666666666666,42.01,3.3576827326793888,7.929036679815937,39.17,45.86,6.689999999999998,"39.17,45.86,42.01","(53)1474,(53)e9f9,(53)f2dc",pass,False,False,0.5754857997010467,(53)e9f9,False,calculated,not_calculated,ROUT not implemented from scratch during MVP per handoff guardrails; no trusted existing implementation wired up yet.
495,314,125,#n/a,proximate,ash,,#n/a,,% total weight,13.0,3,3.0066666666666664,3.21,0.4233595792388939,14.080695540096253,2.52,3.29,0.77,"3.29,3.21,2.52","(53)2f4f,(53)5ed1,(53)7192",pass,True,False,0.8961038961038961,(53)7192,False,calculated,not_calculated,ROUT not implemented from scratch during MVP per handoff guardrails; no trusted existing implementation wired up yet.
496,140,9,pistachio hulls,proximate,total solids,stuntman,as is,,% total weight,18.0,3,13.22,13.16,0.9813765841918182,7.423423481027369,12.27,14.23,1.9600000000000009,"13.16,14.23,12.27","(53)3b53,(53)49b8,(53)b829",pass,False,False,0.5459183673469387,(53)49b8,False,calculated,not_calculated,ROUT not implemented from scratch during MVP per handoff guardrails; no trusted existing implementation wired up yet.
497,140,9,pistachio hulls,proximate,ash,stuntman,as is,,% total weight,18.0,3,1.1166666666666667,1.12,0.0152752523165193,1.367933043270393,1.1,1.13,0.0299999999999998,"1.13,1.1,1.12","(53)59db,(53)6488,(53)d2ff",pass,False,False,0.6666666666666716,(53)6488,False,calculated,not_calculated,ROUT not implemented from scratch during MVP per handoff guardrails; no trusted existing implementation wired up yet.
498,140,9,pistachio hulls,proximate,volatile solids,stuntman,as is,,% total weight,18.0,3,12.1,12.05,0.9759610647971564,8.065793923943442,11.15,13.1,1.9499999999999995,"12.05,13.1,11.15","(53)6b37,(53)88c6,(53)9e2f",pass,False,False,0.5384615384615381,(53)88c6,False,calculated,not_calculated,ROUT not implemented from scratch during MVP per handoff guardrails; no trusted existing implementation wired up yet.
499,314,125,#n/a,proximate,moisture,,#n/a,,% total weight,13.0,3,54.64333333333334,54.7,2.995402032003941,5.481733725377797,51.62,57.61,5.990000000000002,"51.62,57.61,54.7","(53)7399,(53)e807,(53)ffc8",pass,False,False,0.5141903171953263,(53)7399,False,calculated,not_calculated,ROUT not implemented from scratch during MVP per handoff guardrails; no trusted existing implementation wired up yet.
500,140,9,pistachio hulls,proximate,moisture,stuntman,as is,,% total weight,18.0,3,86.78000000000002,86.84,0.9813765841918218,1.1308787556946551,85.77,87.73,1.960000000000008,"86.84,85.77,87.73","(53)d0dd,(53)e9ff,(53)fc52",pass,False,False,0.5459183673469403,(53)e9ff,False,calculated,not_calculated,ROUT not implemented from scratch during MVP per handoff guardrails; no trusted existing implementation wired up yet.
501,8,37,tomato pomace,proximate,ash,pinecrest,as is,,% total weight,9.0,3,0.8566666666666668,0.85,0.1001665280087781,11.692590818145304,0.76,0.96,0.1999999999999999,"0.85,0.96,0.76","(55)1963,(55)1bf6,(55)afbf",pass,True,False,0.55,(55)1bf6,False,calculated,not_calculated,ROUT not implemented from scratch during MVP per handoff guardrails; no trusted existing implementation wired up yet.
502,8,37,tomato pomace,proximate,total solids,pinecrest,as is,,% total weight,9.0,3,19.19333333333333,19.25,0.1069267662156366,0.5571036794840392,19.07,19.26,0.1900000000000012,"19.26,19.25,19.07","(55)1e0d,(55)9fb3,(55)edd2",pass,False,False,0.9473684210526238,(55)edd2,False,calculated,not_calculated,ROUT not implemented from scratch during MVP per handoff guardrails; no trusted existing implementation wired up yet.
503,8,37,tomato pomace,proximate,moisture,pinecrest,as is,,% total weight,9.0,3,80.80666666666667,80.75,0.1069267662156418,0.1323241888651618,80.74,80.93,0.1900000000000119,"80.75,80.74,80.93","(55)8c83,(55)a0cd,(55)c24c",pass,False,False,0.947368421052608,(55)c24c,False,calculated,not_calculated,ROUT not implemented from scratch during MVP per handoff guardrails; no trusted existing implementation wired up yet.
504,8,37,tomato pomace,proximate,volatile solids,pinecrest,as is,,% total weight,9.0,3,18.33666666666667,18.31,0.0550757054728602,0.3003583283377218,18.3,18.4,0.0999999999999978,"18.3,18.4,18.31","(55)ac67,(55)bfa7,(55)d348",pass,False,False,0.9000000000000178,(55)bfa7,False,calculated,not_calculated,ROUT not implemented from scratch during MVP per handoff guardrails; no trusted existing implementation wired up yet.
505,138,11,pistachio stems & leaves,proximate,ash,tripod,as is,,% total weight,18.0,3,6.326666666666667,6.37,0.9157692576917688,14.474751175317738,5.39,7.22,1.83,"6.37,7.22,5.39","(56)0954,(56)b037,(56)b3fe",pass,True,False,0.5355191256830604,(56)b3fe,False,calculated,not_calculated,ROUT not implemented from scratch during MVP per handoff guardrails; no trusted existing implementation wired up yet.
506,37,33,sweet potato culls,proximate,total solids,tackle,oven dry,,% total weight,23.0,3,87.45666666666666,87.47,0.0321455025366434,0.0367559201166026,87.42,87.48,0.0600000000000022,"87.42,87.48,87.47","(56)277a,(56)5205,(56)7f4e",fail,False,False,0.8333333333332544,(56)277a,False,calculated,not_calculated,ROUT not implemented from scratch during MVP per handoff guardrails; no trusted existing implementation wired up yet.
507,37,33,sweet potato culls,proximate,moisture,tackle,oven dry,,% total weight,23.0,3,12.543333333333331,12.53,0.0321455025366435,0.2562755982193211,12.52,12.58,0.0600000000000005,"12.53,12.52,12.58","(56)3724,(56)5acb,(56)c39a",fail,False,False,0.8333333333333383,(56)c39a,False,calculated,not_calculated,ROUT not implemented from scratch during MVP per handoff guardrails; no trusted existing implementation wired up yet.
508,37,33,sweet potato culls,proximate,ash,tackle,oven dry,,% total weight,23.0,3,4.853333333333333,4.87,0.037859388972002,0.7800698277198223,4.81,4.88,0.0700000000000002,"4.87,4.88,4.81","(56)37ff,(56)5206,(56)cf20",fail,False,False,0.8571428571428608,(56)cf20,False,calculated,not_calculated,ROUT not implemented from scratch during MVP per handoff guardrails; no trusted existing implementation wired up yet.
509,138,11,pistachio stems & leaves,proximate,volatile solids,tripod,as is,,% total weight,18.0,3,32.303333333333335,32.16,1.0622774276681837,3.2884452409499025,31.32,33.43,2.1099999999999994,"32.16,31.32,33.43","(56)3941,(56)76fd,(56)f5d2",pass,False,False,0.6018957345971581,(56)f5d2,False,calculated,not_calculated,ROUT not implemented from scratch during MVP per handoff guardrails; no trusted existing implementation wired up yet.
510,37,33,sweet potato culls,proximate,volatile solids,tackle,oven dry,,% total weight,23.0,3,82.60333333333334,82.6,0.0057735026918992,0.0069894306427091,82.6,82.61,0.0100000000000051,"82.6,82.6,82.61","(56)472a,(56)78c6,(56)955f",fail,False,False,1.0,(56)955f,True,calculated,not_calculated,ROUT not implemented from scratch during MVP per handoff guardrails; no trusted existing implementation wired up yet.
511,138,11,pistachio stems & leaves,proximate,total solids,tripod,as is,,% total weight,18.0,3,38.63,37.69,1.750771258617185,4.532154435975111,37.55,40.65,3.1000000000000014,"37.55,40.65,37.69","(56)7287,(56)a5bd,(56)e37f",pass,False,False,0.9548387096774192,(56)a5bd,False,calculated,not_calculated,ROUT not implemented from scratch during MVP per handoff guardrails; no trusted existing implementation wired up yet.
512,138,11,pistachio stems & leaves,proximate,moisture,tripod,as is,,% total weight,18.0,3,61.370000000000005,62.31,1.750771258617185,2.852812870485881,59.35,62.45,3.1000000000000014,"62.45,62.31,59.35","(56)a00d,(56)b725,(56)e360",pass,False,False,0.9548387096774192,(56)e360,False,calculated,not_calculated,ROUT not implemented from scratch during MVP per handoff guardrails; no trusted existing implementation wired up yet.
513,69,29,corn stover stalks,proximate,total solids,caterpillar,knife mill (2mm),,% total weight,4.0,3,87.19333333333334,87.15,0.0929157324317743,0.1065628860368999,87.13,87.3,0.1700000000000017,"87.13,87.3,87.15","(5b)05d1,(5b)35b8,(5b)8a35",pass,False,False,0.8823529411764116,(5b)35b8,False,calculated,not_calculated,ROUT not implemented from scratch during MVP per handoff guardrails; no trusted existing implementation wired up yet.
514,69,29,corn stover stalks,proximate,moisture,caterpillar,knife mill (2mm),,% total weight,4.0,3,12.806666666666665,12.85,0.0929157324317757,0.7255262813517108,12.7,12.87,0.1699999999999999,"12.7,12.85,12.87","(5b)4d95,(5b)6993,(5b)93d2",pass,False,False,0.882352941176473,(5b)4d95,False,calculated,not_calculated,ROUT not implemented from scratch during MVP per handoff guardrails; no trusted existing implementation wired up yet.
515,69,29,corn stover stalks,proximate,ash,caterpillar,knife mill (2mm),,% total weight,4.0,3,4.8500000000000005,4.83,0.200748598998847,4.139146371110248,4.66,5.06,0.3999999999999994,"5.06,4.83,4.66","(5b)5997,(5b)8cb4,(5b)9a70",pass,False,False,0.5749999999999996,(5b)5997,False,calculated,not_calculated,ROUT not implemented from scratch during MVP per handoff guardrails; no trusted existing implementation wired up yet.
516,69,29,corn stover stalks,proximate,volatile solids,caterpillar,knife mill (2mm),,% total weight,4.0,3,82.33666666666666,82.46,0.2136195996001559,0.2594464996560738,82.09,82.46,0.3699999999999903,"82.46,82.46,82.09","(5b)8c21,(5b)8df9,(5b)ace1",pass,False,False,1.0,(5b)ace1,True,calculated,not_calculated,ROUT not implemented from scratch during MVP per handoff guardrails; no trusted existing implementation wired up yet.
517,80,20,wheat straw,proximate,total solids,possessive,knife mill (2mm),,% total weight,24.0,3,93.37333333333332,93.36,0.0230940107675886,0.0247329831153669,93.36,93.4,0.0400000000000062,"93.4,93.36,93.36","(62)0751,(62)82b8,(62)d792",pass,False,False,1.0,(62)0751,True,calculated,not_calculated,ROUT not implemented from scratch during MVP per handoff guardrails; no trusted existing implementation wired up yet.
518,80,20,wheat straw,proximate,ash,possessive,knife mill (2mm),,% total weight,24.0,3,13.066666666666668,12.99,0.1778576209593878,1.3611552624442949,12.94,13.27,0.33,"12.99,12.94,13.27","(62)0822,(62)912d,(62)d03c",pass,False,False,0.8484848484848464,(62)d03c,False,calculated,not_calculated,ROUT not implemented from scratch during MVP per handoff guardrails; no trusted existing implementation wired up yet.
519,80,20,wheat straw,proximate,moisture,possessive,knife mill (2mm),,% total weight,24.0,3,6.626666666666666,6.64,0.023094010767585,0.3485011685249253,6.6,6.64,0.04,"6.6,6.64,6.64","(62)0d6c,(62)c19e,(62)fe0d",pass,False,False,1.0,(62)0d6c,True,calculated,not_calculated,ROUT not implemented from scratch during MVP per handoff guardrails; no trusted existing implementation wired up yet.
520,80,20,wheat straw,proximate,volatile solids,possessive,knife mill (2mm),,% total weight,24.0,3,80.30666666666666,80.37,0.1929594085120804,0.2402781942288898,80.09,80.46,0.3699999999999903,"80.37,80.46,80.09","(62)16a8,(62)1984,(62)6539",pass,False,False,0.7567567567567796,(62)6539,False,calculated,not_calculated,ROUT not implemented from scratch during MVP per handoff guardrails; no trusted existing implementation wired up yet.
521,152,10,cotton stem mix,proximate,ash,schooner,knife mill (2mm),,% total weight,12.0,3,7.836666666666667,7.98,0.5006329327294932,6.388340273026285,7.28,8.25,0.9699999999999998,"8.25,7.28,7.98","(62)4208,(62)89ab,(62)8acf",pass,False,False,0.7216494845360828,(62)89ab,False,calculated,not_calculated,ROUT not implemented from scratch during MVP per handoff guardrails; no trusted existing implementation wired up yet.
522,152,10,cotton stem mix,proximate,total solids,schooner,knife mill (2mm),,% total weight,12.0,3,87.52666666666666,87.5,0.0642910050732816,0.0734530486784389,87.48,87.6,0.1199999999999903,"87.6,87.5,87.48","(62)88b7,(62)a2a5,(62)ab4a",pass,False,False,0.833333333333353,(62)88b7,False,calculated,not_calculated,ROUT not implemented from scratch during MVP per handoff guardrails; no trusted existing implementation wired up yet.
523,152,10,cotton stem mix,proximate,volatile solids,schooner,knife mill (2mm),,% total weight,12.0,3,79.69333333333333,79.62,0.4841831609353321,0.6075579232081297,79.25,80.21,0.9599999999999936,"79.62,79.25,80.21","(62)b7b9,(62)c1a3,(62)e32f",pass,False,False,0.614583333333326,(62)e32f,False,calculated,not_calculated,ROUT not implemented from scratch during MVP per handoff guardrails; no trusted existing implementation wired up yet.
524,152,10,cotton stem mix,proximate,moisture,schooner,knife mill (2mm),,% total weight,12.0,3,12.473333333333334,12.5,0.064291005073286,0.5154276195079049,12.4,12.52,0.1199999999999992,"12.52,12.5,12.4","(62)c3e2,(62)e4e1,(62)eb64",pass,False,False,0.8333333333333358,(62)eb64,False,calculated,not_calculated,ROUT not implemented from scratch during MVP per handoff guardrails; no trusted existing implementation wired up yet.
525,26,18,lees,proximate,ash,maplewood,as is,,% total weight,11.0,3,3.66,3.72,0.1216552506059645,3.3239139509826363,3.52,3.74,0.2200000000000002,"3.52,3.74,3.72","(63)074e,(63)4ae3,(63)6908",pass,False,False,0.9090909090909091,(63)074e,False,calculated,not_calculated,ROUT not implemented from scratch during MVP per handoff guardrails; no trusted existing implementation wired up yet.
526,26,18,lees,proximate,total solids,maplewood,as is,,% total weight,11.0,3,11.716666666666669,11.7,0.047258156262526,0.4033413052278186,11.68,11.77,0.0899999999999998,"11.77,11.7,11.68","(63)20ff,(63)f431,(63)f954",pass,False,False,0.7777777777777821,(63)20ff,False,calculated,not_calculated,ROUT not implemented from scratch during MVP per handoff guardrails; no trusted existing implementation wired up yet.
527,26,18,lees,proximate,volatile solids,maplewood,as is,,% total weight,11.0,3,8.056666666666667,7.97,0.1588500340992516,1.9716595047486756,7.96,8.24,0.2800000000000002,"7.96,8.24,7.97","(63)35f9,(63)5e8c,(63)8d56",pass,False,False,0.9642857142857151,(63)5e8c,False,calculated,not_calculated,ROUT not implemented from scratch during MVP per handoff guardrails; no trusted existing implementation wired up yet.
528,26,18,lees,proximate,moisture,maplewood,as is,,% total weight,11.0,3,88.28333333333335,88.3,0.0472581562625206,0.0535300995988529,88.23,88.32,0.0899999999999892,"88.3,88.32,88.23","(63)59f8,(63)e362,(63)f7da",pass,False,False,0.7777777777777953,(63)f7da,False,calculated,not_calculated,ROUT not implemented from scratch during MVP per handoff guardrails; no trusted existing implementation wired up yet.
529,16,23,grape pomace,proximate,ash,maplewood,as is,,% total weight,17.0,3,3.24,3.18,0.1399999999999998,4.320987654320983,3.14,3.4,0.2599999999999998,"3.14,3.18,3.4","(67)04af,(67)2228,(67)9fc6",pass,False,False,0.8461538461538459,(67)9fc6,False,calculated,not_calculated,ROUT not implemented from scratch during MVP per handoff guardrails; no trusted existing implementation wired up yet.
530,16,23,grape pomace,proximate,moisture,maplewood,as is,,% total weight,17.0,3,54.71333333333333,54.82,0.5774368652357845,1.0553860093257912,54.09,55.23,1.1399999999999937,"54.09,55.23,54.82","(67)307a,(67)aad9,(67)ae03",pass,False,False,0.6403508771929833,(67)307a,False,calculated,not_calculated,ROUT not implemented from scratch during MVP per handoff guardrails; no trusted existing implementation wired up yet.
531,16,23,grape pomace,proximate,volatile solids,maplewood,as is,,% total weight,17.0,3,42.04666666666667,41.78,0.5873102530463197,1.3968057389717448,41.64,42.72,1.0799999999999983,"42.72,41.64,41.78","(67)80f3,(67)ab89,(67)f964",pass,False,False,0.8703703703703697,(67)80f3,False,calculated,not_calculated,ROUT not implemented from scratch during MVP per handoff guardrails; no trusted existing implementation wired up yet.
532,16,23,grape pomace,proximate,total solids,maplewood,as is,,% total weight,17.0,3,45.28666666666667,45.18,0.5774368652357845,1.275070363394195,44.77,45.91,1.1399999999999937,"44.77,45.91,45.18","(67)a1ce,(67)a8bf,(67)ca08",pass,False,False,0.6403508771929833,(67)a8bf,False,calculated,not_calculated,ROUT not implemented from scratch during MVP per handoff guardrails; no trusted existing implementation wired up yet.
533,60,37,tomato pomace,proximate,ash,pinecrest,oven dry + knife mill (2mm),,% total weight,5.0,3,4.69,4.67,0.2306512518934158,4.917937140584561,4.47,4.93,0.4599999999999999,"4.93,4.47,4.67","(69)03bb,(69)f054,(69)feba",fail,False,False,0.5652173913043474,(69)03bb,False,calculated,not_calculated,ROUT not implemented from scratch during MVP per handoff guardrails; no trusted existing implementation wired up yet.
534,60,37,tomato pomace,proximate,volatile solids,pinecrest,oven dry + knife mill (2mm),,% total weight,5.0,3,4.72,4.66,0.1682260384126073,3.5641109833179523,4.59,4.91,0.3200000000000003,"4.66,4.91,4.59","(69)0e70,(69)520e,(69)85c2",fail,False,False,0.7812499999999993,(69)520e,False,calculated,not_calculated,ROUT not implemented from scratch during MVP per handoff guardrails; no trusted existing implementation wired up yet.
535,60,37,tomato pomace,proximate,moisture,pinecrest,oven dry + knife mill (2mm),,% total weight,5.0,1,2.54,2.54,,,2.54,2.54,0.0,2.54,(69)403d,fail,,,,,,not_applicable_n_out_of_range,not_calculated,ROUT not implemented from scratch during MVP per handoff guardrails; no trusted existing implementation wired up yet.
536,60,37,tomato pomace,proximate,total solids,pinecrest,oven dry + knife mill (2mm),,% total weight,5.0,3,90.58666666666666,90.66,0.3951371070063323,0.4361978661388715,90.16,90.94,0.7800000000000011,"90.94,90.16,90.66","(69)64e5,(69)7192,(69)ce1a",fail,False,False,0.6410256410256401,(69)7192,False,calculated,not_calculated,ROUT not implemented from scratch during MVP per handoff guardrails; no trusted existing implementation wired up yet.
537,223,22,walnut tree sticks,proximate,total solids,badger,chipper (1in) + knife mill (2mm),,% total weight,19.0,3,67.0,66.78,0.6677574409918623,0.9966528970027796,66.47,67.75,1.2800000000000011,"66.47,67.75,66.78","(6b)0caf,(6b)a75e,(6b)e390",pass,False,False,0.7578124999999984,(6b)a75e,False,calculated,not_calculated,ROUT not implemented from scratch during MVP per handoff guardrails; no trusted existing implementation wired up yet.
538,223,22,walnut tree sticks,proximate,ash,badger,chipper (1in) + knife mill (2mm),,% total weight,19.0,3,2.7466666666666666,2.82,0.1270170592217175,4.6244074959363175,2.6,2.82,0.2199999999999997,"2.6,2.82,2.82","(6b)3fbc,(6b)b11b,(6b)c254",pass,False,False,1.0,(6b)3fbc,True,calculated,not_calculated,ROUT not implemented from scratch during MVP per handoff guardrails; no trusted existing implementation wired up yet.
539,223,22,walnut tree sticks,proximate,moisture,badger,chipper (1in) + knife mill (2mm),,% total weight,19.0,3,33.0,33.22,0.6677574409918623,2.023507396945037,32.25,33.53,1.2800000000000011,"32.25,33.53,33.22","(6b)43a2,(6b)dcb2,(6b)f818",pass,False,False,0.7578124999999984,(6b)43a2,False,calculated,not_calculated,ROUT not implemented from scratch during MVP per handoff guardrails; no trusted existing implementation wired up yet.
540,223,22,walnut tree sticks,proximate,volatile solids,badger,chipper (1in) + knife mill (2mm),,% total weight,19.0,3,64.25333333333334,63.96,0.587735768295021,0.9147163856012984,63.87,64.93,1.0600000000000094,"64.93,63.87,63.96","(6b)4a5c,(6b)8b47,(6b)a9b2",pass,False,False,0.9150943396226391,(6b)4a5c,False,calculated,not_calculated,ROUT not implemented from scratch during MVP per handoff guardrails; no trusted existing implementation wired up yet.
541,61,37,tomato pomace,proximate,volatile solids,riverstone,oven dry + knife mill (2mm),,% total weight,5.0,3,3.48,3.23,0.7279423054061358,20.917882339256774,2.91,4.3,1.3899999999999997,"4.3,2.91,3.23","(6d)0433,(6d)64fe,(6d)6e3e",fail,True,True,0.7697841726618706,(6d)0433,False,calculated,not_calculated,ROUT not implemented from scratch during MVP per handoff guardrails; no trusted existing implementation wired up yet.
542,61,37,tomato pomace,proximate,total solids,riverstone,oven dry + knife mill (2mm),,% total weight,5.0,3,93.62666666666668,93.94,0.7694370236304796,0.8218139671359438,92.75,94.19,1.4399999999999975,"92.75,94.19,93.94","(6d)30b0,(6d)666c,(6d)85cc",fail,False,False,0.8263888888888886,(6d)30b0,False,calculated,not_calculated,ROUT not implemented from scratch during MVP per handoff guardrails; no trusted existing implementation wired up yet.
543,61,37,tomato pomace,proximate,moisture,riverstone,oven dry + knife mill (2mm),,% total weight,5.0,1,0.36,0.36,,,0.36,0.36,0.0,0.36,(6d)70e9,fail,,,,,,not_applicable_n_out_of_range,not_calculated,ROUT not implemented from scratch during MVP per handoff guardrails; no trusted existing implementation wired up yet.
544,61,37,tomato pomace,proximate,ash,riverstone,oven dry + knife mill (2mm),,% total weight,5.0,3,2.893333333333333,2.9,0.0602771377334171,2.083311211984463,2.83,2.95,0.1200000000000001,"2.95,2.83,2.9","(6d)750f,(6d)8d7d,(6d)d448",fail,False,False,0.5833333333333315,(6d)8d7d,False,calculated,not_calculated,ROUT not implemented from scratch during MVP per handoff guardrails; no trusted existing implementation wired up yet.
545,147,31,almond shells,proximate,moisture,humorous,knife mill (2mm),,% total weight,6.0,3,7.686666666666667,7.69,0.0152752523165196,0.1987240110561963,7.67,7.7,0.0300000000000002,"7.67,7.7,7.69","(71)052f,(71)0984,(71)7354",pass,False,False,0.6666666666666765,(71)052f,False,calculated,not_calculated,ROUT not implemented from scratch during MVP per handoff guardrails; no trusted existing implementation wired up yet.
546,147,31,almond shells,proximate,ash,humorous,knife mill (2mm),,% total weight,6.0,3,4.3,4.33,0.2066397831977183,4.80557635343531,4.08,4.49,0.4100000000000001,"4.08,4.49,4.33","(71)0acc,(71)569c,(71)da38",pass,False,False,0.6097560975609754,(71)0acc,False,calculated,not_calculated,ROUT not implemented from scratch during MVP per handoff guardrails; no trusted existing implementation wired up yet.
547,147,31,almond shells,proximate,total solids,humorous,knife mill (2mm),,% total weight,6.0,3,92.31333333333332,92.31,0.0152752523165195,0.016547178793081,92.3,92.33,0.0300000000000011,"92.31,92.3,92.33","(71)393e,(71)cdac,(71)f312",pass,False,False,0.6666666666665088,(71)f312,False,calculated,not_calculated,ROUT not implemented from scratch during MVP per handoff guardrails; no trusted existing implementation wired up yet.
548,147,31,almond shells,proximate,volatile solids,humorous,knife mill (2mm),,% total weight,6.0,3,88.01333333333334,88.0,0.2103172207246323,0.2389606355756314,87.81,88.23,0.4200000000000017,"88.23,87.81,88.0","(71)48d6,(71)68c8,(71)81a2",pass,False,False,0.5476190476190549,(71)48d6,False,calculated,not_calculated,ROUT not implemented from scratch during MVP per handoff guardrails; no trusted existing implementation wired up yet.
549,67,21,corn stover husks,proximate,volatile solids,caterpillar,knife mill (2mm),,% total weight,4.0,3,76.87333333333333,76.92,0.145716619962631,0.1895541843239498,76.71,76.99,0.2800000000000011,"76.71,76.92,76.99","(72)111d,(72)5327,(72)cd32",pass,False,False,0.7500000000000254,(72)111d,False,calculated,not_calculated,ROUT not implemented from scratch during MVP per handoff guardrails; no trusted existing implementation wired up yet.
550,67,21,corn stover husks,proximate,total solids,caterpillar,knife mill (2mm),,% total weight,4.0,3,81.64333333333333,81.61,0.0757187779440048,0.0927433690572876,81.59,81.73,0.1400000000000005,"81.61,81.73,81.59","(72)1f3f,(72)32e2,(72)5b2f",pass,False,False,0.8571428571428862,(72)32e2,False,calculated,not_calculated,ROUT not implemented from scratch during MVP per handoff guardrails; no trusted existing implementation wired up yet.
551,67,21,corn stover husks,proximate,moisture,caterpillar,knife mill (2mm),,% total weight,4.0,3,18.356666666666666,18.39,0.075718777944004,0.4124865331977705,18.27,18.41,0.1400000000000005,"18.27,18.41,18.39","(72)4254,(72)a9ae,(72)b6c5",pass,False,False,0.8571428571428608,(72)4254,False,calculated,not_calculated,ROUT not implemented from scratch during MVP per handoff guardrails; no trusted existing implementation wired up yet.
552,67,21,corn stover husks,proximate,ash,caterpillar,knife mill (2mm),,% total weight,4.0,3,4.766666666666667,4.81,0.1401189970465577,2.939559378599113,4.61,4.88,0.2699999999999996,"4.81,4.61,4.88","(72)4d45,(72)d7d8,(72)d853",pass,False,False,0.7407407407407393,(72)d7d8,False,calculated,not_calculated,ROUT not implemented from scratch during MVP per handoff guardrails; no trusted existing implementation wired up yet.
553,4,37,tomato pomace,proximate,total solids,oakleaf,as is,,% total weight,9.0,3,37.22333333333333,36.79,0.803077414284161,2.157457009807901,36.73,38.15,1.4200000000000017,"36.73,38.15,36.79","(73)015e,(73)dd5f,(73)ef72",pass,False,False,0.9577464788732379,(73)dd5f,False,calculated,not_calculated,ROUT not implemented from scratch during MVP per handoff guardrails; no trusted existing implementation wired up yet.
554,4,37,tomato pomace,proximate,volatile solids,oakleaf,as is,,% total weight,9.0,3,36.36666666666667,35.91,0.9511221442766108,2.61536794943156,35.73,37.46,1.730000000000004,"35.73,37.46,35.91","(73)3621,(73)6b2c,(73)8267",pass,False,False,0.8959537572254339,(73)6b2c,False,calculated,not_calculated,ROUT not implemented from scratch during MVP per handoff guardrails; no trusted existing implementation wired up yet.
555,4,37,tomato pomace,proximate,ash,oakleaf,as is,,% total weight,9.0,3,0.86,0.89,0.1571623364550171,18.274690285467106,0.69,1.0,0.31,"0.89,1.0,0.69","(73)415f,(73)560c,(73)9335",pass,True,False,0.6451612903225807,(73)9335,False,calculated,not_calculated,ROUT not implemented from scratch during MVP per handoff guardrails; no trusted existing implementation wired up yet.
556,4,37,tomato pomace,proximate,moisture,oakleaf,as is,,% total weight,9.0,3,62.77666666666667,63.21,0.803077414284161,1.2792610008243417,61.85,63.27,1.4200000000000017,"63.27,63.21,61.85","(73)957d,(73)9ba8,(73)b7b7",pass,False,False,0.9577464788732379,(73)b7b7,False,calculated,not_calculated,ROUT not implemented from scratch during MVP per handoff guardrails; no trusted existing implementation wired up yet.
557,177,23,grape pomace,proximate,ash,boatswain,as is,,% total weight,21.0,3,5.136666666666666,5.26,0.3707200201409864,7.217132124743408,4.72,5.43,0.71,"4.72,5.43,5.26","(75)205b,(75)62db,(75)8f14",pass,False,False,0.7605633802816902,(75)205b,False,calculated,not_calculated,ROUT not implemented from scratch during MVP per handoff guardrails; no trusted existing implementation wired up yet.
558,177,23,grape pomace,proximate,moisture,boatswain,as is,,% total weight,21.0,3,53.75,53.75,0.5200000000000031,0.967441860465122,53.23,54.27,1.0400000000000065,"53.23,53.75,54.27","(75)455c,(75)6b19,(75)b333",pass,False,False,0.5,(75)455c,False,calculated,not_calculated,ROUT not implemented from scratch during MVP per handoff guardrails; no trusted existing implementation wired up yet.
559,177,23,grape pomace,proximate,total solids,boatswain,as is,,% total weight,21.0,3,46.25,46.25,0.5200000000000031,1.124324324324331,45.73,46.77,1.0400000000000065,"46.25,45.73,46.77","(75)511e,(75)5e86,(75)a028",pass,False,False,0.5,(75)5e86,False,calculated,not_calculated,ROUT not implemented from scratch during MVP per handoff guardrails; no trusted existing implementation wired up yet.
560,177,23,grape pomace,proximate,volatile solids,boatswain,as is,,% total weight,21.0,3,41.11333333333333,41.51,0.7044383105235938,1.7134059766262215,40.3,41.53,1.230000000000004,"41.51,41.53,40.3","(75)52b4,(75)a2a2,(75)b527",pass,False,False,0.9837398373983715,(75)b527,True,calculated,not_calculated,ROUT not implemented from scratch during MVP per handoff guardrails; no trusted existing implementation wired up yet.
561,113,23,grape pomace,proximate,total solids,boatswain,as is,,% total weight,13.0,3,34.809999999999995,34.08,2.2554157044766745,6.479217766379416,33.01,37.34,4.330000000000005,"33.01,37.34,34.08","(7a)11b9,(7a)c576,(7a)fba4",pass,False,False,0.7528868360277139,(7a)c576,False,calculated,not_calculated,ROUT not implemented from scratch during MVP per handoff guardrails; no trusted existing implementation wired up yet.
562,113,23,grape pomace,proximate,moisture,boatswain,as is,,% total weight,13.0,3,65.19,65.92,2.2554157044766714,3.459757178212412,62.66,66.99,4.329999999999998,"65.92,62.66,66.99","(7a)16ee,(7a)4002,(7a)b0b5",pass,False,False,0.7528868360277151,(7a)4002,False,calculated,not_calculated,ROUT not implemented from scratch during MVP per handoff guardrails; no trusted existing implementation wired up yet.
563,113,23,grape pomace,proximate,ash,boatswain,as is,,% total weight,13.0,3,1.5633333333333332,1.52,0.1887679351302369,12.07470800406633,1.4,1.77,0.3700000000000001,"1.4,1.77,1.52","(7a)20c9,(7a)85c3,(7a)98cc",pass,True,False,0.6756756756756754,(7a)85c3,False,calculated,not_calculated,ROUT not implemented from scratch during MVP per handoff guardrails; no trusted existing implementation wired up yet.
564,113,23,grape pomace,proximate,volatile solids,boatswain,as is,,% total weight,13.0,3,33.25333333333333,32.69,2.0926617818781263,6.293088758655152,31.5,35.57,4.07,"31.5,35.57,32.69","(7a)8042,(7a)81fd,(7a)f6b3",pass,False,False,0.7076167076167081,(7a)81fd,False,calculated,not_calculated,ROUT not implemented from scratch during MVP per handoff guardrails; no trusted existing implementation wired up yet.
565,150,35,almond branches,proximate,ash,capstan,knife mill (2mm),,% total weight,6.0,3,3.1133333333333333,3.11,0.0251661147842359,0.8083334513137893,3.09,3.14,0.0500000000000002,"3.09,3.11,3.14","(7e)103a,(7e)800f,(7e)938f",pass,False,False,0.6000000000000018,(7e)938f,False,calculated,not_calculated,ROUT not implemented from scratch during MVP per handoff guardrails; no trusted existing implementation wired up yet.
566,150,35,almond branches,proximate,moisture,capstan,knife mill (2mm),,% total weight,6.0,3,10.916666666666666,10.88,0.0635085296108585,0.5817575231529024,10.88,10.99,0.1099999999999994,"10.99,10.88,10.88","(7e)1c60,(7e)33e8,(7e)3990",pass,False,False,1.0,(7e)1c60,True,calculated,not_calculated,ROUT not implemented from scratch during MVP per handoff guardrails; no trusted existing implementation wired up yet.
567,51,15,almond shells and hulls mix,proximate,total solids,tiny,knife mill (2mm),,% total weight,20.0,3,89.26666666666667,89.28,0.0321455025366434,0.0360106451119978,89.23,89.29,0.0600000000000022,"89.29,89.23,89.28","(7e)2c3d,(7e)b85b,(7e)dcb0",pass,False,False,0.8333333333332544,(7e)b85b,False,calculated,not_calculated,ROUT not implemented from scratch during MVP per handoff guardrails; no trusted existing implementation wired up yet.
568,51,15,almond shells and hulls mix,proximate,moisture,tiny,knife mill (2mm),,% total weight,20.0,3,10.733333333333334,10.72,0.0321455025366425,0.2994922596581599,10.71,10.77,0.0599999999999987,"10.72,10.77,10.71","(7e)31fe,(7e)4470,(7e)8288",pass,False,False,0.8333333333333334,(7e)4470,False,calculated,not_calculated,ROUT not implemented from scratch during MVP per handoff guardrails; no trusted existing implementation wired up yet.
569,51,15,almond shells and hulls mix,proximate,ash,tiny,knife mill (2mm),,% total weight,5.0,3,5.546666666666667,5.59,0.1401189970465582,2.526183840983622,5.39,5.66,0.2700000000000004,"5.39,5.66,5.59","(7e)368a,(7e)5050,(7e)e7a4",pass,False,False,0.7407407407407401,(7e)368a,False,calculated,not_calculated,ROUT not implemented from scratch during MVP per handoff guardrails; no trusted existing implementation wired up yet.
570,51,15,almond shells and hulls mix,proximate,ash,tiny,knife mill (2mm),,% total weight,20.0,3,7.303333333333334,7.38,0.2154839514519199,2.950487696740117,7.06,7.47,0.4100000000000001,"7.38,7.06,7.47","(7e)371b,(7e)3aaf,(7e)9cae",pass,False,False,0.7804878048780493,(7e)3aaf,False,calculated,not_calculated,ROUT not implemented from scratch during MVP per handoff guardrails; no trusted existing implementation wired up yet.
571,51,15,almond shells and hulls mix,proximate,volatile solids,tiny,knife mill (2mm),,% total weight,20.0,3,81.96333333333332,81.89,0.248260615751534,0.3028922881185091,81.76,82.24,0.4799999999999897,"81.76,81.89,82.24","(7e)3bb4,(7e)4412,(7e)8720",pass,False,False,0.7291666666666704,(7e)8720,False,calculated,not_calculated,ROUT not implemented from scratch during MVP per handoff guardrails; no trusted existing implementation wired up yet.
572,51,15,almond shells and hulls mix,proximate,total solids,tiny,knife mill (2mm),,% total weight,5.0,3,89.29,89.13,0.3124099870362695,0.3498823911258478,89.09,89.65,0.5600000000000023,"89.13,89.65,89.09","(7e)5198,(7e)9385,(7e)b35c",pass,False,False,0.928571428571443,(7e)9385,False,calculated,not_calculated,ROUT not implemented from scratch during MVP per handoff guardrails; no trusted existing implementation wired up yet.
573,150,35,almond branches,proximate,volatile solids,capstan,knife mill (2mm),,% total weight,6.0,3,85.97333333333334,85.98,0.0702376916856851,0.0816970669420965,85.9,86.04,0.1400000000000005,"86.04,85.9,85.98","(7e)54d9,(7e)978b,(7e)a6ff",pass,False,False,0.571428571428557,(7e)978b,False,calculated,not_calculated,ROUT not implemented from scratch during MVP per handoff guardrails; no trusted existing implementation wired up yet.
574,51,15,almond shells and hulls mix,proximate,volatile solids,tiny,knife mill (2mm),,% total weight,5.0,3,5.163333333333334,5.25,0.1767295485574876,3.4227801528241617,4.96,5.28,0.3200000000000003,"5.25,5.28,4.96","(7e)6ead,(7e)7191,(7e)8aca",pass,False,False,0.9062499999999993,(7e)8aca,False,calculated,not_calculated,ROUT not implemented from scratch during MVP per handoff guardrails; no trusted existing implementation wired up yet.
575,150,35,almond branches,proximate,total solids,capstan,knife mill (2mm),,% total weight,6.0,3,89.08333333333333,89.12,0.0635085296108585,0.0712911464294015,89.01,89.12,0.1099999999999994,"89.12,89.01,89.12","(7e)7774,(7e)e58c,(7e)e64d",pass,False,False,1.0,(7e)e58c,True,calculated,not_calculated,ROUT not implemented from scratch during MVP per handoff guardrails; no trusted existing implementation wired up yet.
576,51,15,almond shells and hulls mix,proximate,moisture,tiny,knife mill (2mm),,% total weight,5.0,1,6.24,6.24,,,6.24,6.24,0.0,6.24,(7e)a2ad,pass,,,,,,not_applicable_n_out_of_range,not_calculated,ROUT not implemented from scratch during MVP per handoff guardrails; no trusted existing implementation wired up yet.
577,57,19,walnut shells,proximate,volatile solids,energetic,oven dry + knife mill (2mm),,% total weight,5.0,3,1.7833333333333332,1.67,0.3156474826976027,17.699858842856226,1.54,2.14,0.6000000000000001,"2.14,1.54,1.67","(82)0834,(82)bb5d,(82)ebbf",fail,True,False,0.7833333333333335,(82)0834,False,calculated,not_calculated,ROUT not implemented from scratch during MVP per handoff guardrails; no trusted existing implementation wired up yet.
578,57,19,walnut shells,proximate,ash,energetic,oven dry + knife mill (2mm),,% total weight,5.0,3,1.643333333333333,1.62,0.0776745346515402,4.726645110641393,1.58,1.73,0.1499999999999999,"1.62,1.73,1.58","(82)39e9,(82)53a2,(82)c957",fail,False,False,0.733333333333333,(82)53a2,False,calculated,not_calculated,ROUT not implemented from scratch during MVP per handoff guardrails; no trusted existing implementation wired up yet.
579,57,19,walnut shells,proximate,total solids,energetic,oven dry + knife mill (2mm),,% total weight,5.0,3,96.57666666666668,96.61,0.2814841617806122,0.2914618732412372,96.28,96.84,0.5600000000000023,"96.28,96.84,96.61","(82)5774,(82)7c2d,(82)bb4c",fail,False,False,0.5892857142857089,(82)5774,False,calculated,not_calculated,ROUT not implemented from scratch during MVP per handoff guardrails; no trusted existing implementation wired up yet.
580,57,19,walnut shells,proximate,moisture,energetic,oven dry + knife mill (2mm),,% total weight,5.0,1,3.09,3.09,,,3.09,3.09,0.0,3.09,(82)adaf,fail,,,,,,not_applicable_n_out_of_range,not_calculated,ROUT not implemented from scratch during MVP per handoff guardrails; no trusted existing implementation wired up yet.
581,95,37,tomato pomace,proximate,ash,oakleaf,oven dry + knife mill (2mm),,% total weight,7.0,3,3.6666666666666665,3.66,0.0115470053837925,0.3149183286488871,3.66,3.68,0.02,"3.68,3.66,3.66","(83)0fe6,(83)5867,(83)a295",fail,False,False,1.0,(83)0fe6,True,calculated,not_calculated,ROUT not implemented from scratch during MVP per handoff guardrails; no trusted existing implementation wired up yet.
582,95,37,tomato pomace,proximate,total solids,oakleaf,oven dry + knife mill (2mm),,% total weight,7.0,3,97.41,97.4,0.0264575131106433,0.0271609825589193,97.39,97.44,0.0499999999999971,"97.4,97.44,97.39","(83)1c05,(83)4162,(83)88bc",fail,False,False,0.7999999999998864,(83)4162,False,calculated,not_calculated,ROUT not implemented from scratch during MVP per handoff guardrails; no trusted existing implementation wired up yet.
583,95,37,tomato pomace,proximate,volatile solids,oakleaf,oven dry + knife mill (2mm),,% total weight,7.0,3,93.74,93.74,0.0200000000000031,0.021335609131644,93.72,93.76,0.0400000000000062,"93.76,93.72,93.74","(83)201b,(83)6abe,(83)f94e",fail,False,False,0.5000000000001776,(83)201b,False,calculated,not_calculated,ROUT not implemented from scratch during MVP per handoff guardrails; no trusted existing implementation wired up yet.
584,95,37,tomato pomace,proximate,moisture,oakleaf,oven dry + knife mill (2mm),,% total weight,7.0,3,2.59,2.6,0.0264575131106458,1.021525602727639,2.56,2.61,0.0499999999999998,"2.61,2.56,2.6","(83)905f,(83)a1c2,(83)d3b7",fail,False,False,0.8000000000000036,(83)a1c2,False,calculated,not_calculated,ROUT not implemented from scratch during MVP per handoff guardrails; no trusted existing implementation wired up yet.
585,247,95,olive prunings,proximate,total solids,excellent,chipper (1in) + freeze,,% total weight,1.0,3,83.57,83.45,1.0551303237041427,1.2625706876919265,82.58,84.68,2.1000000000000085,"82.58,84.68,83.45","(85)3181,(85)b606,(85)bc99",pass,False,False,0.5857142857142852,(85)b606,False,calculated,not_calculated,ROUT not implemented from scratch during MVP per handoff guardrails; no trusted existing implementation wired up yet.
586,247,95,olive prunings,proximate,volatile solids,excellent,chipper (1in) + freeze,,% total weight,1.0,3,80.40333333333335,80.23,0.9617865321022774,1.1962023118058254,79.54,81.44,1.8999999999999917,"79.54,81.44,80.23","(85)4f9f,(85)7c9d,(85)db24",pass,False,False,0.6368421052631574,(85)7c9d,False,calculated,not_calculated,ROUT not implemented from scratch during MVP per handoff guardrails; no trusted existing implementation wired up yet.
587,247,95,olive prunings,proximate,moisture,excellent,chipper (1in) + freeze,,% total weight,1.0,3,16.430000000000003,16.55,1.0551303237041392,6.421973972636269,15.32,17.42,2.1000000000000014,"15.32,17.42,16.55","(85)6ad0,(85)a7d3,(85)c5a9",pass,False,False,0.5857142857142855,(85)6ad0,False,calculated,not_calculated,ROUT not implemented from scratch during MVP per handoff guardrails; no trusted existing implementation wired up yet.
588,247,95,olive prunings,proximate,ash,excellent,chipper (1in) + freeze,,% total weight,1.0,3,3.16,3.21,0.1044030650891054,3.303894464845109,3.04,3.23,0.1899999999999999,"3.04,3.21,3.23","(85)b143,(85)b1ce,(85)fc38",pass,False,False,0.894736842105263,(85)b143,False,calculated,not_calculated,ROUT not implemented from scratch during MVP per handoff guardrails; no trusted existing implementation wired up yet.
589,146,25,almond hulls,proximate,ash,humorous,knife mill (2mm),,% total weight,6.0,3,8.416666666666666,8.54,0.3707200201409866,4.404594298704791,8.0,8.71,0.7100000000000009,"8.0,8.71,8.54","(86)318b,(86)c450,(86)e114",pass,False,False,0.760563380281688,(86)318b,False,calculated,not_calculated,ROUT not implemented from scratch during MVP per handoff guardrails; no trusted existing implementation wired up yet.
590,146,25,almond hulls,proximate,moisture,humorous,knife mill (2mm),,% total weight,6.0,3,12.363333333333337,12.38,0.0862167810425171,0.6973587034983864,12.27,12.44,0.1699999999999999,"12.27,12.44,12.38","(86)4c9a,(86)7800,(86)8657",pass,False,False,0.6470588235294191,(86)4c9a,False,calculated,not_calculated,ROUT not implemented from scratch during MVP per handoff guardrails; no trusted existing implementation wired up yet.
591,146,25,almond hulls,proximate,total solids,humorous,knife mill (2mm),,% total weight,6.0,3,87.63666666666667,87.62,0.0862167810425177,0.0983798041639927,87.56,87.73,0.1700000000000017,"87.62,87.73,87.56","(86)521a,(86)5338,(86)e04f",pass,False,False,0.6470588235294019,(86)5338,False,calculated,not_calculated,ROUT not implemented from scratch during MVP per handoff guardrails; no trusted existing implementation wired up yet.
592,146,25,almond hulls,proximate,volatile solids,humorous,knife mill (2mm),,% total weight,6.0,3,79.22333333333331,79.02,0.3521836642056714,0.4445453749387867,79.02,79.63,0.6099999999999994,"79.02,79.63,79.02","(86)785f,(86)7b7d,(86)de75",pass,False,False,1.0,(86)7b7d,True,calculated,not_calculated,ROUT not implemented from scratch during MVP per handoff guardrails; no trusted existing implementation wired up yet.
593,158,10,cotton stem mix,proximate,ash,schooner,knife mill (2mm),,% total weight,12.0,3,7.763333333333333,7.86,0.4429823171790645,5.706083948206071,7.28,8.15,0.8700000000000001,"8.15,7.28,7.86","(91)2d91,(91)656a,(91)82c3",pass,False,False,0.6666666666666666,(91)656a,False,calculated,not_calculated,ROUT not implemented from scratch during MVP per handoff guardrails; no trusted existing implementation wired up yet.
594,158,10,cotton stem mix,proximate,moisture,schooner,knife mill (2mm),,% total weight,12.0,3,15.156666666666666,15.19,0.0665832811847935,0.4393002937197726,15.08,15.2,0.1199999999999992,"15.08,15.19,15.2","(91)643b,(91)8117,(91)a354",pass,False,False,0.9166666666666679,(91)643b,False,calculated,not_calculated,ROUT not implemented from scratch during MVP per handoff guardrails; no trusted existing implementation wired up yet.
595,158,10,cotton stem mix,proximate,volatile solids,schooner,knife mill (2mm),,% total weight,12.0,3,77.08,77.06,0.4303486958269998,0.5583143433147377,76.66,77.52,0.8599999999999994,"76.66,77.52,77.06","(91)8ac1,(91)c59b,(91)ed6c",pass,False,False,0.5348837209302256,(91)c59b,False,calculated,not_calculated,ROUT not implemented from scratch during MVP per handoff guardrails; no trusted existing implementation wired up yet.
596,158,10,cotton stem mix,proximate,total solids,schooner,knife mill (2mm),,% total weight,12.0,3,84.84333333333333,84.81,0.0665832811847952,0.078477917555646,84.8,84.92,0.1200000000000045,"84.92,84.8,84.81","(91)c400,(91)d241,(91)f62b",pass,False,False,0.9166666666666272,(91)c400,False,calculated,not_calculated,ROUT not implemented from scratch during MVP per handoff guardrails; no trusted existing implementation wired up yet.
597,151,8,rice hulls,proximate,moisture,sextant,knife mill (2mm),,% total weight,12.0,3,8.936666666666666,8.92,0.037859388972002,0.4236410552629844,8.91,8.98,0.0700000000000002,"8.91,8.92,8.98","(96)0ed8,(96)4217,(96)4c68",pass,False,False,0.8571428571428608,(96)4c68,False,calculated,not_calculated,ROUT not implemented from scratch during MVP per handoff guardrails; no trusted existing implementation wired up yet.
598,151,8,rice hulls,proximate,total solids,sextant,knife mill (2mm),,% total weight,12.0,3,91.06333333333332,91.08,0.0378593889720049,0.0415747893100094,91.02,91.09,0.0700000000000073,"91.09,91.08,91.02","(96)0f07,(96)1858,(96)9557",pass,False,False,0.8571428571427991,(96)9557,False,calculated,not_calculated,ROUT not implemented from scratch during MVP per handoff guardrails; no trusted existing implementation wired up yet.
599,151,8,rice hulls,proximate,ash,sextant,knife mill (2mm),,% total weight,12.0,3,19.316666666666663,19.24,0.1415391583037481,0.7327307591220785,19.23,19.48,0.25,"19.48,19.23,19.24","(96)10cd,(96)80be,(96)cb75",pass,False,False,0.960000000000008,(96)10cd,False,calculated,not_calculated,ROUT not implemented from scratch during MVP per handoff guardrails; no trusted existing implementation wired up yet.
600,151,8,rice hulls,proximate,volatile solids,sextant,knife mill (2mm),,% total weight,12.0,3,71.75,71.78,0.1276714533480372,0.1779393078021425,71.61,71.86,0.25,"71.78,71.61,71.86","(96)367a,(96)7e58,(96)f2b9",pass,False,False,0.6800000000000068,(96)7e58,False,calculated,not_calculated,ROUT not implemented from scratch during MVP per handoff guardrails; no trusted existing implementation wired up yet.
601,165,14,olive stems / leaves,proximate,total solids,excellent,oven dry + knife mill (2mm),,% total weight,3.0,3,99.02666666666666,99.02,0.0305505046330406,0.0308507856130072,99.0,99.06,0.0600000000000022,"99.02,99.06,99.0","(a0)0613,(a0)0f63,(a0)440c",fail,False,False,0.6666666666667456,(a0)0f63,False,calculated,not_calculated,ROUT not implemented from scratch during MVP per handoff guardrails; no trusted existing implementation wired up yet.
602,72,35,almond branches,proximate,total solids,humorous,knife mill (2mm),,% total weight,14.0,3,81.80333333333334,81.79,0.0611010092660796,0.0746925666428584,81.75,81.87,0.1200000000000045,"81.79,81.75,81.87","(a0)0798,(a0)3630,(a0)8a8a",pass,False,False,0.6666666666666272,(a0)8a8a,False,calculated,not_calculated,ROUT not implemented from scratch during MVP per handoff guardrails; no trusted existing implementation wired up yet.
603,72,35,almond branches,proximate,volatile solids,humorous,knife mill (2mm),,% total weight,14.0,3,79.35333333333334,79.3,0.1101514109457246,0.1388113218672493,79.28,79.48,0.2000000000000028,"79.48,79.28,79.3","(a0)165b,(a0)31cc,(a0)e8de",pass,False,False,0.9000000000000213,(a0)165b,False,calculated,not_calculated,ROUT not implemented from scratch during MVP per handoff guardrails; no trusted existing implementation wired up yet.
604,165,14,olive stems / leaves,proximate,moisture,excellent,oven dry + knife mill (2mm),,% total weight,3.0,3,0.9733333333333332,0.98,0.0305505046330389,3.138750475997153,0.94,1.0,0.06,"0.98,1.0,0.94","(a0)1dfe,(a0)8c02,(a0)93ee",fail,False,False,0.6666666666666666,(a0)93ee,False,calculated,not_calculated,ROUT not implemented from scratch during MVP per handoff guardrails; no trusted existing implementation wired up yet.
605,165,14,olive stems / leaves,proximate,volatile solids,excellent,oven dry + knife mill (2mm),,% total weight,3.0,3,95.61666666666667,95.74,0.258134331953996,0.2699679260456643,95.32,95.79,0.4700000000000131,"95.32,95.74,95.79","(a0)464e,(a0)806f,(a0)d091",fail,False,False,0.8936170212765745,(a0)464e,False,calculated,not_calculated,ROUT not implemented from scratch during MVP per handoff guardrails; no trusted existing implementation wired up yet.
606,72,35,almond branches,proximate,moisture,humorous,knife mill (2mm),,% total weight,14.0,3,18.19666666666667,18.21,0.0611010092660785,0.3357813295443039,18.13,18.25,0.120000000000001,"18.25,18.21,18.13","(a0)5eca,(a0)76dd,(a0)e490",pass,False,False,0.6666666666666765,(a0)e490,False,calculated,not_calculated,ROUT not implemented from scratch during MVP per handoff guardrails; no trusted existing implementation wired up yet.
607,165,14,olive stems / leaves,proximate,ash,excellent,oven dry + knife mill (2mm),,% total weight,3.0,3,3.41,3.27,0.2511971337416095,7.366484860457759,3.26,3.7,0.4400000000000004,"3.27,3.26,3.7","(a0)97b0,(a0)c7de,(a0)f05c",fail,False,False,0.9772727272727267,(a0)f05c,True,calculated,not_calculated,ROUT not implemented from scratch during MVP per handoff guardrails; no trusted existing implementation wired up yet.
608,72,35,almond branches,proximate,ash,humorous,knife mill (2mm),,% total weight,14.0,3,2.4533333333333336,2.47,0.1357694123627753,5.534079308265299,2.31,2.58,0.27,"2.47,2.31,2.58","(a0)a8a6,(a0)c2b6,(a0)fa1a",pass,False,False,0.5925925925925931,(a0)c2b6,False,calculated,not_calculated,ROUT not implemented from scratch during MVP per handoff guardrails; no trusted existing implementation wired up yet.
609,143,31,almond shells,proximate,total solids,tiny,knife mill (2mm),,% total weight,6.0,3,88.73,88.67,0.1039230484541283,0.1171227864917484,88.67,88.85,0.1799999999999926,"88.67,88.85,88.67","(a2)0fb0,(a2)1666,(a2)acce",pass,False,False,1.0,(a2)1666,True,calculated,not_calculated,ROUT not implemented from scratch during MVP per handoff guardrails; no trusted existing implementation wired up yet.
610,143,31,almond shells,proximate,moisture,tiny,knife mill (2mm),,% total weight,6.0,3,11.27,11.33,0.1039230484541324,0.9221211042957628,11.15,11.33,0.1799999999999997,"11.33,11.15,11.33","(a2)2ca5,(a2)4a98,(a2)e9ba",pass,False,False,1.0,(a2)4a98,True,calculated,not_calculated,ROUT not implemented from scratch during MVP per handoff guardrails; no trusted existing implementation wired up yet.
611,143,31,almond shells,proximate,ash,tiny,knife mill (2mm),,% total weight,6.0,3,4.573333333333333,4.33,0.4389001405027497,9.596941847727765,4.31,5.08,0.7700000000000005,"4.33,4.31,5.08","(a2)4d15,(a2)67e3,(a2)83ca",pass,False,False,0.9740259740259735,(a2)83ca,True,calculated,not_calculated,ROUT not implemented from scratch during MVP per handoff guardrails; no trusted existing implementation wired up yet.
612,143,31,almond shells,proximate,volatile solids,tiny,knife mill (2mm),,% total weight,6.0,3,84.16,84.34,0.3292415526630866,0.3912090692289527,83.78,84.36,0.5799999999999983,"84.36,84.34,83.78","(a2)506b,(a2)5599,(a2)9df4",pass,False,False,0.9655172413793172,(a2)9df4,False,calculated,not_calculated,ROUT not implemented from scratch during MVP per handoff guardrails; no trusted existing implementation wired up yet.
613,159,10,cotton stem mix,proximate,volatile solids,schooner,knife mill (2mm),,% total weight,12.0,3,80.85333333333334,81.48,1.3079118216964585,1.6176350037472684,79.35,81.73,2.3800000000000097,"81.73,81.48,79.35","(a4)0127,(a4)ea8e,(a4)faf6",pass,False,False,0.8949579831932777,(a4)faf6,False,calculated,not_calculated,ROUT not implemented from scratch during MVP per handoff guardrails; no trusted existing implementation wired up yet.
614,159,10,cotton stem mix,proximate,moisture,schooner,knife mill (2mm),,% total weight,12.0,3,5.9,5.88,0.1113552872566003,1.8873777501118696,5.8,6.02,0.2199999999999997,"5.88,6.02,5.8","(a4)1475,(a4)1e14,(a4)be52",pass,False,False,0.6363636363636356,(a4)1e14,False,calculated,not_calculated,ROUT not implemented from scratch during MVP per handoff guardrails; no trusted existing implementation wired up yet.
615,159,10,cotton stem mix,proximate,ash,schooner,knife mill (2mm),,% total weight,12.0,3,13.243333333333334,12.49,1.3923122255203149,10.513306510347205,12.39,14.85,2.459999999999999,"14.85,12.49,12.39","(a4)2aac,(a4)8c15,(a4)ce9f",pass,True,False,0.9593495934959351,(a4)2aac,False,calculated,not_calculated,ROUT not implemented from scratch during MVP per handoff guardrails; no trusted existing implementation wired up yet.
616,159,10,cotton stem mix,proximate,total solids,schooner,knife mill (2mm),,% total weight,12.0,3,94.1,94.12,0.1113552872565999,0.1183371809315621,93.98,94.2,0.2199999999999988,"93.98,94.12,94.2","(a4)7680,(a4)b94a,(a4)d8c4",pass,False,False,0.6363636363636422,(a4)7680,False,calculated,not_calculated,ROUT not implemented from scratch during MVP per handoff guardrails; no trusted existing implementation wired up yet.
617,162,31,almond shells,proximate,moisture,humorous,knife mill (2mm),,% total weight,6.0,3,9.1,9.07,0.0793725393319377,0.8722257069443705,9.04,9.19,0.1500000000000003,"9.07,9.19,9.04","(a5)0f27,(a5)14af,(a5)d80a",pass,False,False,0.7999999999999929,(a5)14af,False,calculated,not_calculated,ROUT not implemented from scratch during MVP per handoff guardrails; no trusted existing implementation wired up yet.
618,162,31,almond shells,proximate,total solids,humorous,knife mill (2mm),,% total weight,6.0,3,90.9,90.93,0.0793725393319353,0.0873185251176406,90.81,90.96,0.1499999999999914,"90.96,90.81,90.93","(a5)3f2a,(a5)bf23,(a5)cff8",pass,False,False,0.8000000000000758,(a5)bf23,False,calculated,not_calculated,ROUT not implemented from scratch during MVP per handoff guardrails; no trusted existing implementation wired up yet.
619,162,31,almond shells,proximate,volatile solids,humorous,knife mill (2mm),,% total weight,6.0,3,84.02,84.27,0.7374957626996901,0.8777621550817546,83.19,84.6,1.4099999999999966,"84.6,84.27,83.19","(a5)6033,(a5)9969,(a5)c7b6",pass,False,False,0.7659574468085113,(a5)c7b6,False,calculated,not_calculated,ROUT not implemented from scratch during MVP per handoff guardrails; no trusted existing implementation wired up yet.
620,162,31,almond shells,proximate,ash,humorous,knife mill (2mm),,% total weight,6.0,3,6.88,6.69,0.6656575696257048,9.67525537246664,6.33,7.62,1.29,"7.62,6.69,6.33","(a5)69b3,(a5)8dfa,(a5)c3d4",pass,False,False,0.7209302325581393,(a5)69b3,False,calculated,not_calculated,ROUT not implemented from scratch during MVP per handoff guardrails; no trusted existing implementation wired up yet.
621,161,25,almond hulls,proximate,moisture,humorous,knife mill (2mm),,% total weight,6.0,3,14.26,14.24,0.0435889894354068,0.3056731376957,14.23,14.31,0.08,"14.31,14.24,14.23","(a8)011a,(a8)28fb,(a8)a93a",pass,False,False,0.8750000000000028,(a8)011a,False,calculated,not_calculated,ROUT not implemented from scratch during MVP per handoff guardrails; no trusted existing implementation wired up yet.
622,161,25,almond hulls,proximate,volatile solids,humorous,knife mill (2mm),,% total weight,6.0,3,76.29333333333334,76.57,0.4792007234273884,0.6281030104343608,75.74,76.57,0.8299999999999983,"76.57,76.57,75.74","(a8)19a3,(a8)4564,(a8)5bb6",pass,False,False,1.0,(a8)5bb6,True,calculated,not_calculated,ROUT not implemented from scratch during MVP per handoff guardrails; no trusted existing implementation wired up yet.
623,161,25,almond hulls,proximate,ash,humorous,knife mill (2mm),,% total weight,6.0,3,9.446666666666664,9.19,0.5063924696649165,5.360541316142377,9.12,10.03,0.91,"10.03,9.12,9.19","(a8)1b90,(a8)ad0d,(a8)bae7",pass,False,False,0.9230769230769228,(a8)1b90,False,calculated,not_calculated,ROUT not implemented from scratch during MVP per handoff guardrails; no trusted existing implementation wired up yet.
624,161,25,almond hulls,proximate,total solids,humorous,knife mill (2mm),,% total weight,6.0,3,85.74000000000001,85.76,0.0435889894354078,0.0508385694371446,85.69,85.77,0.0799999999999983,"85.76,85.77,85.69","(a8)a78c,(a8)c977,(a8)f819",pass,False,False,0.875000000000111,(a8)f819,False,calculated,not_calculated,ROUT not implemented from scratch during MVP per handoff guardrails; no trusted existing implementation wired up yet.
625,238,22,walnut tree sticks,proximate,moisture,badger,chipper (1in) + freeze,,% total weight,1.0,3,38.586666666666666,38.91,1.0625598022386016,2.753696792256224,37.4,39.45,2.0500000000000043,"38.91,39.45,37.4","(aa)00dd,(aa)f1e8,(aa)fbcb",pass,False,False,0.7365853658536561,(aa)fbcb,False,calculated,not_calculated,ROUT not implemented from scratch during MVP per handoff guardrails; no trusted existing implementation wired up yet.
626,238,22,walnut tree sticks,proximate,total solids,badger,chipper (1in) + freeze,,% total weight,1.0,3,61.41333333333333,61.09,1.0625598022386016,1.7301777066412314,60.55,62.6,2.0500000000000043,"62.6,61.09,60.55","(aa)1828,(aa)503d,(aa)f885",pass,False,False,0.7365853658536561,(aa)1828,False,calculated,not_calculated,ROUT not implemented from scratch during MVP per handoff guardrails; no trusted existing implementation wired up yet.
627,141,3,pistachio shells,proximate,moisture,stuntman,as is,,% total weight,18.0,3,15.803333333333333,15.88,0.2250185177565021,1.4238674399272444,15.55,15.98,0.4299999999999997,"15.55,15.88,15.98","(aa)1d11,(aa)a789,(aa)f2a6",pass,False,False,0.767441860465117,(aa)1d11,False,calculated,not_calculated,ROUT not implemented from scratch during MVP per handoff guardrails; no trusted existing implementation wired up yet.
628,141,3,pistachio shells,proximate,volatile solids,stuntman,as is,,% total weight,18.0,3,82.25999999999999,82.26,0.0599999999999951,0.0729394602479883,82.2,82.32,0.1199999999999903,"82.26,82.32,82.2","(aa)1e46,(aa)4ea9,(aa)73c7",pass,False,False,0.5000000000000592,(aa)73c7,False,calculated,not_calculated,ROUT not implemented from scratch during MVP per handoff guardrails; no trusted existing implementation wired up yet.
629,141,3,pistachio shells,proximate,ash,stuntman,as is,,% total weight,18.0,3,1.93,1.85,0.2884441020371191,14.945290260990628,1.69,2.25,0.56,"2.25,1.85,1.69","(aa)4721,(aa)d3c0,(aa)f74a",pass,True,False,0.7142857142857141,(aa)4721,False,calculated,not_calculated,ROUT not implemented from scratch during MVP per handoff guardrails; no trusted existing implementation wired up yet.
630,238,22,walnut tree sticks,proximate,volatile solids,badger,chipper (1in) + freeze,,% total weight,1.0,3,59.58666666666667,59.52,0.9717166939665788,1.6307619612327906,58.65,60.59,1.9400000000000048,"59.52,60.59,58.65","(aa)4e50,(aa)565e,(aa)9822",pass,False,False,0.5515463917525761,(aa)565e,False,calculated,not_calculated,ROUT not implemented from scratch during MVP per handoff guardrails; no trusted existing implementation wired up yet.
631,238,22,walnut tree sticks,proximate,ash,badger,chipper (1in) + freeze,,% total weight,1.0,3,1.83,1.9,0.2233830790368866,12.20672563043096,1.58,2.01,0.4299999999999997,"1.9,2.01,1.58","(aa)697a,(aa)7741,(aa)9cf5",pass,True,False,0.744186046511628,(aa)9cf5,False,calculated,not_calculated,ROUT not implemented from scratch during MVP per handoff guardrails; no trusted existing implementation wired up yet.
632,141,3,pistachio shells,proximate,total solids,stuntman,as is,,% total weight,18.0,3,84.19666666666666,84.12,0.2250185177565046,0.2672534753036596,84.02,84.45,0.4300000000000068,"84.45,84.12,84.02","(aa)843f,(aa)956d,(aa)be82",pass,False,False,0.7674418604651001,(aa)843f,False,calculated,not_calculated,ROUT not implemented from scratch during MVP per handoff guardrails; no trusted existing implementation wired up yet.
633,244,95,olive prunings,proximate,moisture,excellent,chipper (1in) + freeze,,% total weight,1.0,3,20.62333333333333,20.78,0.2800595174839326,1.3579740624726002,20.3,20.79,0.4899999999999984,"20.79,20.78,20.3","(ab)251b,(ab)7ab6,(ab)938c",pass,False,False,0.9795918367346979,(ab)938c,True,calculated,not_calculated,ROUT not implemented from scratch during MVP per handoff guardrails; no trusted existing implementation wired up yet.
634,244,95,olive prunings,proximate,volatile solids,excellent,chipper (1in) + freeze,,% total weight,1.0,3,76.74,76.81,0.330605505096334,0.4308124903522726,76.38,77.03,0.6500000000000057,"77.03,76.38,76.81","(ab)260d,(ab)5767,(ab)aec5",pass,False,False,0.6615384615384663,(ab)5767,False,calculated,not_calculated,ROUT not implemented from scratch during MVP per handoff guardrails; no trusted existing implementation wired up yet.
635,244,95,olive prunings,proximate,ash,excellent,chipper (1in) + freeze,,% total weight,1.0,3,2.6366666666666667,2.67,0.2218858565419015,8.415392789199807,2.4,2.84,0.4399999999999999,"2.67,2.4,2.84","(ab)35cd,(ab)64ab,(ab)d0a1",pass,False,False,0.6136363636363638,(ab)64ab,False,calculated,not_calculated,ROUT not implemented from scratch during MVP per handoff guardrails; no trusted existing implementation wired up yet.
636,244,95,olive prunings,proximate,total solids,excellent,chipper (1in) + freeze,,% total weight,1.0,3,79.37666666666667,79.22,0.2800595174839367,0.3528234798017093,79.21,79.7,0.4900000000000091,"79.22,79.7,79.21","(ab)bb2b,(ab)e228,(ab)f3e6",pass,False,False,0.9795918367346839,(ab)e228,True,calculated,not_calculated,ROUT not implemented from scratch during MVP per handoff guardrails; no trusted existing implementation wired up yet.
637,63,34,grape stem,proximate,volatile solids,maplewood,oven dry + knife mill (2mm),,% total weight,5.0,3,7.173333333333333,7.09,0.3524674925909241,4.913580287048199,6.87,7.56,0.6899999999999995,"7.09,6.87,7.56","(ad)06ea,(ad)52d3,(ad)64bb",fail,False,False,0.6811594202898552,(ad)64bb,False,calculated,not_calculated,ROUT not implemented from scratch during MVP per handoff guardrails; no trusted existing implementation wired up yet.
638,63,34,grape stem,proximate,ash,maplewood,oven dry + knife mill (2mm),,% total weight,5.0,3,7.673333333333335,7.58,0.2914332399252584,3.798000520311795,7.44,8.0,0.5599999999999996,"8.0,7.44,7.58","(ad)15b6,(ad)282c,(ad)8439",fail,False,False,0.7500000000000004,(ad)15b6,False,calculated,not_calculated,ROUT not implemented from scratch during MVP per handoff guardrails; no trusted existing implementation wired up yet.
639,63,34,grape stem,proximate,total solids,maplewood,oven dry + knife mill (2mm),,% total weight,5.0,3,85.15333333333332,85.33,0.6434542200757825,0.7556418461705737,84.44,85.69,1.25,"85.33,84.44,85.69","(ad)4b5c,(ad)e383,(ad)e544",fail,False,False,0.7120000000000004,(ad)e383,False,calculated,not_calculated,ROUT not implemented from scratch during MVP per handoff guardrails; no trusted existing implementation wired up yet.
640,63,34,grape stem,proximate,moisture,maplewood,oven dry + knife mill (2mm),,% total weight,5.0,1,0.57,0.57,,,0.57,0.57,0.0,0.57,(ad)fcba,fail,,,,,,not_applicable_n_out_of_range,not_calculated,ROUT not implemented from scratch during MVP per handoff guardrails; no trusted existing implementation wired up yet.
641,241,97,peach tree prunings,proximate,moisture,thylacine,chipper (1in) + freeze,,% total weight,1.0,3,24.60666666666667,24.12,0.9398049443013872,3.8193102586076417,24.01,25.69,1.6799999999999995,"24.01,25.69,24.12","(b3)1211,(b3)aa7d,(b3)ca3d",pass,False,False,0.9345238095238099,(b3)aa7d,False,calculated,not_calculated,ROUT not implemented from scratch during MVP per handoff guardrails; no trusted existing implementation wired up yet.
642,149,25,almond hulls,proximate,moisture,capstan,knife mill (2mm),,% total weight,6.0,3,14.223333333333334,14.24,0.0288675134594817,0.2029588478519922,14.19,14.24,0.0500000000000007,"14.24,14.24,14.19","(b3)26d3,(b3)3c83,(b3)fc9e",pass,False,False,1.0,(b3)fc9e,True,calculated,not_calculated,ROUT not implemented from scratch during MVP per handoff guardrails; no trusted existing implementation wired up yet.
643,241,97,peach tree prunings,proximate,volatile solids,thylacine,chipper (1in) + freeze,,% total weight,1.0,3,73.19333333333334,73.78,1.1127593330695271,1.5203014842920943,71.91,73.89,1.980000000000004,"71.91,73.89,73.78","(b3)3d8e,(b3)a4cb,(b3)c446",pass,False,False,0.9444444444444449,(b3)3d8e,False,calculated,not_calculated,ROUT not implemented from scratch during MVP per handoff guardrails; no trusted existing implementation wired up yet.
644,149,25,almond hulls,proximate,total solids,capstan,knife mill (2mm),,% total weight,6.0,3,85.77666666666666,85.76,0.0288675134594796,0.0336542728708036,85.76,85.81,0.0499999999999971,"85.76,85.81,85.76","(b3)40aa,(b3)71d8,(b3)ffc6",pass,False,False,1.0,(b3)71d8,True,calculated,not_calculated,ROUT not implemented from scratch during MVP per handoff guardrails; no trusted existing implementation wired up yet.
645,241,97,peach tree prunings,proximate,total solids,thylacine,chipper (1in) + freeze,,% total weight,1.0,3,75.39333333333333,75.88,0.9398049443013832,1.2465358709453307,74.31,75.99,1.6799999999999926,"75.88,74.31,75.99","(b3)4af1,(b3)4e73,(b3)cd95",pass,False,False,0.9345238095238095,(b3)4e73,False,calculated,not_calculated,ROUT not implemented from scratch during MVP per handoff guardrails; no trusted existing implementation wired up yet.
646,149,25,almond hulls,proximate,ash,capstan,knife mill (2mm),,% total weight,6.0,3,7.853333333333334,7.74,1.1840748850192426,15.077354223504786,6.73,9.09,2.3599999999999994,"9.09,6.73,7.74","(b3)7030,(b3)8e32,(b3)a724",pass,True,False,0.5720338983050848,(b3)7030,False,calculated,not_calculated,ROUT not implemented from scratch during MVP per handoff guardrails; no trusted existing implementation wired up yet.
647,149,25,almond hulls,proximate,volatile solids,capstan,knife mill (2mm),,% total weight,6.0,3,77.92,78.02,1.1632282665066254,1.492849418001316,76.71,79.03,2.3200000000000074,"78.02,76.71,79.03","(b3)91ee,(b3)a008,(b3)fe33",pass,False,False,0.5646551724137923,(b3)a008,False,calculated,not_calculated,ROUT not implemented from scratch during MVP per handoff guardrails; no trusted existing implementation wired up yet.
648,241,97,peach tree prunings,proximate,ash,thylacine,chipper (1in) + freeze,,% total weight,1.0,3,2.2,2.21,0.2051828452868318,9.326492967583269,1.99,2.4,0.4099999999999999,"2.4,2.21,1.99","(b3)a081,(b3)b37d,(b3)df00",pass,False,False,0.5365853658536586,(b3)df00,False,calculated,not_calculated,ROUT not implemented from scratch during MVP per handoff guardrails; no trusted existing implementation wired up yet.
649,36,22,walnut tree sticks,proximate,moisture,energetic,oven dry,,% total weight,4.0,3,7.06,7.08,0.0435889894354068,0.6174077823712015,7.01,7.09,0.08,"7.08,7.01,7.09","(b4)3508,(b4)82bb,(b4)ab75",fail,False,False,0.8750000000000028,(b4)82bb,False,calculated,not_calculated,ROUT not implemented from scratch during MVP per handoff guardrails; no trusted existing implementation wired up yet.
650,36,22,walnut tree sticks,proximate,ash,energetic,oven dry,,% total weight,4.0,3,7.296666666666667,7.33,0.2516611478423583,3.4489878644452943,7.03,7.53,0.5,"7.03,7.53,7.33","(b4)421b,(b4)57c6,(b4)d76f",fail,False,False,0.5999999999999996,(b4)421b,False,calculated,not_calculated,ROUT not implemented from scratch during MVP per handoff guardrails; no trusted existing implementation wired up yet.
651,36,22,walnut tree sticks,proximate,volatile solids,energetic,oven dry,,% total weight,4.0,3,85.64333333333333,85.58,0.2902297940138664,0.3388819452931145,85.39,85.96,0.5699999999999932,"85.58,85.96,85.39","(b4)5896,(b4)a5bf,(b4)c82f",fail,False,False,0.6666666666666666,(b4)a5bf,False,calculated,not_calculated,ROUT not implemented from scratch during MVP per handoff guardrails; no trusted existing implementation wired up yet.
652,36,22,walnut tree sticks,proximate,total solids,energetic,oven dry,,% total weight,4.0,3,92.94,92.92,0.0435889894354045,0.0469001392677045,92.91,92.99,0.0799999999999983,"92.99,92.91,92.92","(b4)5c41,(b4)a36d,(b4)ff08",fail,False,False,0.8749999999999334,(b4)5c41,False,calculated,not_calculated,ROUT not implemented from scratch during MVP per handoff guardrails; no trusted existing implementation wired up yet.
653,40,35,almond branches,proximate,ash,vibrant,as is,,% total weight,4.0,3,3.16,3.22,0.1307669683062204,4.1381951995639366,3.01,3.25,0.2400000000000002,"3.25,3.22,3.01","(b5)0633,(b5)c7ac,(b5)d48f",pass,False,False,0.8750000000000009,(b5)d48f,False,calculated,not_calculated,ROUT not implemented from scratch during MVP per handoff guardrails; no trusted existing implementation wired up yet.
654,40,35,almond branches,proximate,moisture,vibrant,as is,,% total weight,4.0,3,9.18,9.18,0.04,0.4357298474945538,9.14,9.22,0.08,"9.14,9.22,9.18","(b5)0e47,(b5)2bd9,(b5)6a31",pass,False,False,0.5000000000000111,(b5)2bd9,False,calculated,not_calculated,ROUT not implemented from scratch during MVP per handoff guardrails; no trusted existing implementation wired up yet.
655,175,28,walnut shelling fines,proximate,volatile solids,cutaway,as is,,% total weight,2.0,3,85.71333333333332,85.67,0.1021436896402955,0.119168962013256,85.64,85.83,0.1899999999999977,"85.83,85.67,85.64","(b5)132e,(b5)889c,(b5)c2b4",pass,False,False,0.8421052631578869,(b5)132e,False,calculated,not_calculated,ROUT not implemented from scratch during MVP per handoff guardrails; no trusted existing implementation wired up yet.
656,175,28,walnut shelling fines,proximate,moisture,cutaway,as is,,% total weight,2.0,3,11.176666666666668,11.17,0.0208166599946608,0.1862510587055849,11.16,11.2,0.0399999999999991,"11.2,11.17,11.16","(b5)1375,(b5)2804,(b5)3236",pass,False,False,0.75,(b5)1375,False,calculated,not_calculated,ROUT not implemented from scratch during MVP per handoff guardrails; no trusted existing implementation wired up yet.
657,175,28,walnut shelling fines,proximate,total solids,cutaway,as is,,% total weight,2.0,3,88.82333333333334,88.83,0.020816659994664,0.0234360265635876,88.8,88.84,0.0400000000000062,"88.83,88.84,88.8","(b5)17da,(b5)7900,(b5)92df",pass,False,False,0.7499999999999112,(b5)92df,False,calculated,not_calculated,ROUT not implemented from scratch during MVP per handoff guardrails; no trusted existing implementation wired up yet.
658,40,35,almond branches,proximate,total solids,vibrant,as is,,% total weight,4.0,3,90.82,90.82,0.0399999999999991,0.0440431622990521,90.78,90.86,0.0799999999999983,"90.78,90.82,90.86","(b5)2b8d,(b5)52ea,(b5)62c5",pass,False,False,0.5000000000000888,(b5)62c5,False,calculated,not_calculated,ROUT not implemented from scratch during MVP per handoff guardrails; no trusted existing implementation wired up yet.
659,175,28,walnut shelling fines,proximate,ash,cutaway,as is,,% total weight,2.0,3,3.11,3.13,0.0916515138991168,2.9469940160487744,3.01,3.19,0.1800000000000001,"3.13,3.19,3.01","(b5)4181,(b5)ba9a,(b5)cf5f",pass,False,False,0.6666666666666666,(b5)cf5f,False,calculated,not_calculated,ROUT not implemented from scratch during MVP per handoff guardrails; no trusted existing implementation wired up yet.
660,40,35,almond branches,proximate,volatile solids,vibrant,as is,,% total weight,4.0,3,87.66000000000001,87.64,0.1410673597966595,0.1609255758574714,87.53,87.81,0.2800000000000011,"87.81,87.53,87.64","(b5)4ddb,(b5)dc2a,(b5)ff81",pass,False,False,0.6071428571428608,(b5)4ddb,False,calculated,not_calculated,ROUT not implemented from scratch during MVP per handoff guardrails; no trusted existing implementation wired up yet.
661,12,37,tomato pomace,proximate,volatile solids,riverstone,as is,,% total weight,9.0,3,32.78333333333333,33.05,0.6150067750304328,1.875973894348041,32.08,33.22,1.1400000000000006,"33.22,33.05,32.08","(b6)30c2,(b6)7969,(b6)e484",pass,False,False,0.8508771929824547,(b6)e484,False,calculated,not_calculated,ROUT not implemented from scratch during MVP per handoff guardrails; no trusted existing implementation wired up yet.
662,12,37,tomato pomace,proximate,total solids,riverstone,as is,,% total weight,9.0,3,33.75333333333334,34.03,0.64143069254077,1.900347696644588,33.02,34.21,1.1899999999999975,"34.03,34.21,33.02","(b6)423c,(b6)9e89,(b6)f28f",pass,False,False,0.8487394957983193,(b6)f28f,False,calculated,not_calculated,ROUT not implemented from scratch during MVP per handoff guardrails; no trusted existing implementation wired up yet.
663,12,37,tomato pomace,proximate,moisture,riverstone,as is,,% total weight,9.0,3,66.24666666666667,65.97,0.6414306925407715,0.9682459885389524,65.79,66.98,1.1899999999999975,"65.97,66.98,65.79","(b6)8362,(b6)e6b5,(b6)fd74",pass,False,False,0.8487394957983252,(b6)e6b5,False,calculated,not_calculated,ROUT not implemented from scratch during MVP per handoff guardrails; no trusted existing implementation wired up yet.
664,12,37,tomato pomace,proximate,ash,riverstone,as is,,% total weight,9.0,3,0.97,0.98,0.0264575131106459,2.727578671200611,0.94,0.99,0.05,"0.94,0.98,0.99","(b6)90d0,(b6)d6bd,(b6)ef37",pass,False,False,0.8,(b6)90d0,False,calculated,not_calculated,ROUT not implemented from scratch during MVP per handoff guardrails; no trusted existing implementation wired up yet.
665,154,25,almond hulls,proximate,moisture,capstan,knife mill (2mm),,% total weight,6.0,3,11.246666666666668,11.24,0.0115470053837922,0.1026704687355566,11.24,11.26,0.0199999999999995,"11.26,11.24,11.24","(b7)022b,(b7)336b,(b7)dfa9",pass,False,False,1.0,(b7)022b,True,calculated,not_calculated,ROUT not implemented from scratch during MVP per handoff guardrails; no trusted existing implementation wired up yet.
666,154,25,almond hulls,proximate,total solids,capstan,knife mill (2mm),,% total weight,6.0,3,88.75333333333333,88.76,0.0115470053837984,0.0130102216447815,88.74,88.76,0.0200000000000102,"88.76,88.74,88.76","(b7)1b12,(b7)d205,(b7)ee55",pass,False,False,1.0,(b7)d205,True,calculated,not_calculated,ROUT not implemented from scratch during MVP per handoff guardrails; no trusted existing implementation wired up yet.
667,154,25,almond hulls,proximate,volatile solids,capstan,knife mill (2mm),,% total weight,6.0,3,82.10333333333334,82.45,0.8638479804533472,1.0521472702529502,81.12,82.74,1.6199999999999903,"81.12,82.74,82.45","(b7)1ef0,(b7)6a6a,(b7)be6f",pass,False,False,0.8209876543209915,(b7)1ef0,False,calculated,not_calculated,ROUT not implemented from scratch during MVP per handoff guardrails; no trusted existing implementation wired up yet.
668,154,25,almond hulls,proximate,ash,capstan,knife mill (2mm),,% total weight,6.0,3,6.646666666666667,6.3,0.8732315462312004,13.137886854030096,6.0,7.64,1.6399999999999997,"6.3,6.0,7.64","(b7)3f0a,(b7)4f88,(b7)922e",pass,True,False,0.8170731707317074,(b7)922e,False,calculated,not_calculated,ROUT not implemented from scratch during MVP per handoff guardrails; no trusted existing implementation wired up yet.
669,79,5,alfalfa,proximate,moisture,possessive,knife mill (2mm),,% total weight,15.0,3,10.62,10.61,0.1153256259467082,1.085928681230774,10.51,10.74,0.2300000000000004,"10.51,10.61,10.74","(b8)013c,(b8)4c2d,(b8)aaf9",pass,False,False,0.5652173913043502,(b8)aaf9,False,calculated,not_calculated,ROUT not implemented from scratch during MVP per handoff guardrails; no trusted existing implementation wired up yet.
670,79,5,alfalfa,proximate,total solids,possessive,knife mill (2mm),,% total weight,15.0,3,89.38,89.39,0.1153256259467028,0.1290284470202538,89.26,89.49,0.2299999999999897,"89.49,89.26,89.39","(b8)1fc5,(b8)54ca,(b8)a597",pass,False,False,0.5652173913043532,(b8)54ca,False,calculated,not_calculated,ROUT not implemented from scratch during MVP per handoff guardrails; no trusted existing implementation wired up yet.
671,79,5,alfalfa,proximate,ash,possessive,knife mill (2mm),,% total weight,15.0,3,8.586666666666666,8.18,0.8649470118645034,10.073140666123876,8.0,9.58,1.58,"8.0,9.58,8.18","(b8)3851,(b8)a682,(b8)c611",pass,True,False,0.8860759493670888,(b8)a682,False,calculated,not_calculated,ROUT not implemented from scratch during MVP per handoff guardrails; no trusted existing implementation wired up yet.
672,79,5,alfalfa,proximate,volatile solids,possessive,knife mill (2mm),,% total weight,15.0,3,80.79333333333334,81.26,0.851958527942138,1.0544911229583356,79.81,81.31,1.5,"79.81,81.26,81.31","(b8)9fd3,(b8)b92c,(b8)fd1c",pass,False,False,0.9666666666666686,(b8)9fd3,False,calculated,not_calculated,ROUT not implemented from scratch during MVP per handoff guardrails; no trusted existing implementation wired up yet.
673,164,32,olive pomace,proximate,total solids,excellent,oven dry + knife mill (2mm),,% total weight,3.0,3,99.18,99.18,0.0200000000000031,0.0201653559185351,99.16,99.2,0.0400000000000062,"99.16,99.18,99.2","(ba)19a4,(ba)6557,(ba)a65e",fail,False,False,0.5000000000001776,(ba)19a4,False,calculated,not_calculated,ROUT not implemented from scratch during MVP per handoff guardrails; no trusted existing implementation wired up yet.
674,164,32,olive pomace,proximate,volatile solids,excellent,oven dry + knife mill (2mm),,% total weight,3.0,3,92.74333333333334,92.73,0.0513160143944655,0.0553312163258443,92.7,92.8,0.0999999999999943,"92.7,92.8,92.73","(ba)1cb0,(ba)1db5,(ba)253d",fail,False,False,0.6999999999999715,(ba)1db5,False,calculated,not_calculated,ROUT not implemented from scratch during MVP per handoff guardrails; no trusted existing implementation wired up yet.
675,164,32,olive pomace,proximate,moisture,excellent,oven dry + knife mill (2mm),,% total weight,3.0,3,0.82,0.82,0.0199999999999999,2.439024390243898,0.8,0.84,0.0399999999999999,"0.82,0.8,0.84","(ba)1fff,(ba)57df,(ba)6ffd",fail,False,False,0.5000000000000014,(ba)6ffd,False,calculated,not_calculated,ROUT not implemented from scratch during MVP per handoff guardrails; no trusted existing implementation wired up yet.
676,164,32,olive pomace,proximate,ash,excellent,oven dry + knife mill (2mm),,% total weight,3.0,3,6.433333333333334,6.43,0.0450924975282293,0.7009196506978651,6.39,6.48,0.0900000000000007,"6.43,6.48,6.39","(ba)64ef,(ba)847d,(ba)edc5",fail,False,False,0.5555555555555588,(ba)847d,False,calculated,not_calculated,ROUT not implemented from scratch during MVP per handoff guardrails; no trusted existing implementation wired up yet.
677,106,37,tomato pomace,proximate,volatile solids,gainful,as is,,% total weight,22.0,3,30.223333333333333,30.19,0.231804515342848,0.7669720370889425,30.01,30.47,0.4599999999999973,"30.19,30.47,30.01","(bd)0153,(bd)06b4,(bd)d85b",pass,False,False,0.6086956521739114,(bd)06b4,False,calculated,not_calculated,ROUT not implemented from scratch during MVP per handoff guardrails; no trusted existing implementation wired up yet.
678,106,37,tomato pomace,proximate,moisture,gainful,as is,,% total weight,22.0,3,68.71,68.76,0.2487971060924993,0.3620973746070431,68.44,68.93,0.4900000000000091,"68.76,68.93,68.44","(bd)0b70,(bd)0da9,(bd)d518",pass,False,False,0.6530612244897989,(bd)d518,False,calculated,not_calculated,ROUT not implemented from scratch during MVP per handoff guardrails; no trusted existing implementation wired up yet.
679,106,37,tomato pomace,proximate,total solids,gainful,as is,,% total weight,22.0,3,31.290000000000003,31.24,0.2487971060924939,0.7951329692952825,31.07,31.56,0.4899999999999984,"31.24,31.56,31.07","(bd)37c2,(bd)4a81,(bd)88c2",pass,False,False,0.6530612244897985,(bd)4a81,False,calculated,not_calculated,ROUT not implemented from scratch during MVP per handoff guardrails; no trusted existing implementation wired up yet.
680,106,37,tomato pomace,proximate,ash,gainful,as is,,% total weight,22.0,3,1.0666666666666669,1.06,0.0208166599946613,1.9515618744995007,1.05,1.09,0.04,"1.06,1.09,1.05","(bd)6585,(bd)a328,(bd)ad61",pass,False,False,0.75,(bd)a328,False,calculated,not_calculated,ROUT not implemented from scratch during MVP per handoff guardrails; no trusted existing implementation wired up yet.
681,178,32,olive pomace,proximate,total solids,excellent,as is,,% total weight,21.0,3,27.82333333333333,27.88,0.1625833119767618,0.5843416028876071,27.64,27.95,0.3099999999999987,"27.95,27.88,27.64","(be)09db,(be)c432,(be)ff01",pass,False,False,0.774193548387095,(be)ff01,False,calculated,not_calculated,ROUT not implemented from scratch during MVP per handoff guardrails; no trusted existing implementation wired up yet.
682,178,32,olive pomace,proximate,ash,excellent,as is,,% total weight,21.0,3,2.106666666666667,2.09,0.0378593889720017,1.7971228942405906,2.08,2.15,0.0699999999999998,"2.15,2.08,2.09","(be)0c30,(be)91a5,(be)91d3",pass,False,False,0.8571428571428599,(be)0c30,False,calculated,not_calculated,ROUT not implemented from scratch during MVP per handoff guardrails; no trusted existing implementation wired up yet.
683,156,4,corn stover whole,proximate,ash,possessive,knife mill (2mm),,% total weight,12.0,3,9.63,9.81,1.47824219937059,15.350386286298962,8.07,11.01,2.9399999999999995,"11.01,9.81,8.07","(be)1570,(be)30c5,(be)fcd7",pass,True,False,0.5918367346938778,(be)fcd7,False,calculated,not_calculated,ROUT not implemented from scratch during MVP per handoff guardrails; no trusted existing implementation wired up yet.
684,156,4,corn stover whole,proximate,total solids,possessive,knife mill (2mm),,% total weight,12.0,3,92.04,92.07,0.05196152422706,0.0564553718242721,91.98,92.07,0.0899999999999892,"91.98,92.07,92.07","(be)28ae,(be)5cf6,(be)e487",pass,False,False,1.0,(be)28ae,True,calculated,not_calculated,ROUT not implemented from scratch during MVP per handoff guardrails; no trusted existing implementation wired up yet.
685,156,4,corn stover whole,proximate,moisture,possessive,knife mill (2mm),,% total weight,12.0,3,7.96,7.93,0.0519615242270662,0.6527829676767115,7.93,8.02,0.0899999999999998,"7.93,8.02,7.93","(be)4edd,(be)b18d,(be)d5ca",pass,False,False,1.0,(be)b18d,True,calculated,not_calculated,ROUT not implemented from scratch during MVP per handoff guardrails; no trusted existing implementation wired up yet.
686,178,32,olive pomace,proximate,volatile solids,excellent,as is,,% total weight,21.0,3,25.716666666666665,25.79,0.2003330560175573,0.7790008659140274,25.49,25.87,0.3800000000000025,"25.79,25.87,25.49","(be)5a90,(be)72fa,(be)e5fc",pass,False,False,0.7894736842105229,(be)e5fc,False,calculated,not_calculated,ROUT not implemented from scratch during MVP per handoff guardrails; no trusted existing implementation wired up yet.
687,156,4,corn stover whole,proximate,volatile solids,possessive,knife mill (2mm),,% total weight,12.0,3,82.41,82.26,1.4309088021254153,1.7363290888550118,81.06,83.91,2.8499999999999943,"81.06,82.26,83.91","(be)5c5d,(be)848b,(be)e2ee",pass,False,False,0.5789473684210508,(be)e2ee,False,calculated,not_calculated,ROUT not implemented from scratch during MVP per handoff guardrails; no trusted existing implementation wired up yet.
688,178,32,olive pomace,proximate,moisture,excellent,as is,,% total weight,21.0,3,72.17666666666668,72.12,0.1625833119767626,0.225257440507222,72.05,72.36,0.3100000000000023,"72.12,72.05,72.36","(be)be17,(be)dadf,(be)deb0",pass,False,False,0.7741935483870745,(be)deb0,False,calculated,not_calculated,ROUT not implemented from scratch during MVP per handoff guardrails; no trusted existing implementation wired up yet.
689,104,37,tomato pomace,proximate,total solids,pinecrest,as is,,% total weight,22.0,3,20.046666666666667,19.99,0.2990540642314253,1.4917894790393678,19.78,20.37,0.5899999999999999,"19.99,20.37,19.78","(c1)0355,(c1)1c94,(c1)bc11",pass,False,False,0.644067796610174,(c1)1c94,False,calculated,not_calculated,ROUT not implemented from scratch during MVP per handoff guardrails; no trusted existing implementation wired up yet.
690,54,12,almond woodchips,proximate,total solids,popular,knife mill (2mm),,% total weight,4.0,3,91.46,91.48,0.0435889894354078,0.0476590743881564,91.41,91.49,0.0799999999999983,"91.41,91.48,91.49","(c1)07d7,(c1)531c,(c1)9e66",pass,False,False,0.875000000000111,(c1)07d7,False,calculated,not_calculated,ROUT not implemented from scratch during MVP per handoff guardrails; no trusted existing implementation wired up yet.
691,54,12,almond woodchips,proximate,total solids,popular,knife mill (2mm),,% total weight,5.0,3,95.65666666666668,95.63,0.1123981020005826,0.1175015876230086,95.56,95.78,0.2199999999999988,"95.56,95.63,95.78","(c1)0933,(c1)3b02,(c1)5ea9",pass,False,False,0.6818181818182112,(c1)5ea9,False,calculated,not_calculated,ROUT not implemented from scratch during MVP per handoff guardrails; no trusted existing implementation wired up yet.
692,54,12,almond woodchips,proximate,moisture,popular,knife mill (2mm),,% total weight,4.0,3,8.54,8.52,0.0435889894354068,0.5104097123583937,8.51,8.59,0.08,"8.59,8.52,8.51","(c1)0a99,(c1)0aaf,(c1)2d9c",pass,False,False,0.8750000000000028,(c1)0a99,False,calculated,not_calculated,ROUT not implemented from scratch during MVP per handoff guardrails; no trusted existing implementation wired up yet.
693,104,37,tomato pomace,proximate,ash,pinecrest,as is,,% total weight,22.0,3,1.0633333333333337,1.07,0.0208166599946613,1.9576796233223832,1.04,1.08,0.04,"1.08,1.07,1.04","(c1)0f89,(c1)bf44,(c1)c692",pass,False,False,0.75,(c1)c692,False,calculated,not_calculated,ROUT not implemented from scratch during MVP per handoff guardrails; no trusted existing implementation wired up yet.
694,104,37,tomato pomace,proximate,moisture,pinecrest,as is,,% total weight,22.0,3,79.95333333333333,80.01,0.2990540642314275,0.374035767820513,79.63,80.22,0.5900000000000034,"80.01,80.22,79.63","(c1)0fbc,(c1)a373,(c1)f2e1",pass,False,False,0.6440677966101821,(c1)f2e1,False,calculated,not_calculated,ROUT not implemented from scratch during MVP per handoff guardrails; no trusted existing implementation wired up yet.
695,54,12,almond woodchips,proximate,ash,popular,knife mill (2mm),,% total weight,4.0,3,2.1333333333333333,2.15,0.047258156262526,2.2152260748059067,2.08,2.17,0.0899999999999998,"2.08,2.15,2.17","(c1)1d19,(c1)f3bd,(c1)fd3d",pass,False,False,0.7777777777777772,(c1)1d19,False,calculated,not_calculated,ROUT not implemented from scratch during MVP per handoff guardrails; no trusted existing implementation wired up yet.
696,54,12,almond woodchips,proximate,volatile solids,popular,knife mill (2mm),,% total weight,5.0,3,2.2166666666666663,2.21,0.0702376916856849,3.168617670030902,2.15,2.29,0.1400000000000001,"2.15,2.29,2.21","(c1)269e,(c1)6de6,(c1)c0b8",pass,False,False,0.5714285714285714,(c1)6de6,False,calculated,not_calculated,ROUT not implemented from scratch during MVP per handoff guardrails; no trusted existing implementation wired up yet.
697,54,12,almond woodchips,proximate,volatile solids,popular,knife mill (2mm),,% total weight,4.0,3,89.32666666666665,89.33,0.0057735026918992,0.006463358487834,89.32,89.33,0.0100000000000051,"89.33,89.32,89.33","(c1)3aa5,(c1)565f,(c1)db8b",pass,False,False,1.0,(c1)565f,True,calculated,not_calculated,ROUT not implemented from scratch during MVP per handoff guardrails; no trusted existing implementation wired up yet.
698,54,12,almond woodchips,proximate,ash,popular,knife mill (2mm),,% total weight,5.0,3,2.1266666666666665,2.15,0.0493288286231625,2.319537396073476,2.07,2.16,0.0900000000000003,"2.07,2.15,2.16","(c1)49aa,(c1)7d12,(c1)e0aa",pass,False,False,0.8888888888888867,(c1)49aa,False,calculated,not_calculated,ROUT not implemented from scratch during MVP per handoff guardrails; no trusted existing implementation wired up yet.
699,104,37,tomato pomace,proximate,volatile solids,pinecrest,as is,,% total weight,22.0,3,18.98,18.92,0.284780617317962,1.5004247487774605,18.73,19.29,0.5599999999999987,"18.92,19.29,18.73","(c1)5a94,(c1)6548,(c1)d3f4",pass,False,False,0.6607142857142827,(c1)6548,False,calculated,not_calculated,ROUT not implemented from scratch during MVP per handoff guardrails; no trusted existing implementation wired up yet.
700,54,12,almond woodchips,proximate,moisture,popular,knife mill (2mm),,% total weight,5.0,1,3.1,3.1,,,3.1,3.1,0.0,3.1,(c1)f82f,pass,,,,,,not_applicable_n_out_of_range,not_calculated,ROUT not implemented from scratch during MVP per handoff guardrails; no trusted existing implementation wired up yet.
701,29,6,unused oak stick,proximate,moisture,maplewood,knife mill (2mm),,% total weight,5.0,1,1.9,1.9,,,1.9,1.9,0.0,1.9,(c4)0424,pass,,,,,,not_applicable_n_out_of_range,not_calculated,ROUT not implemented from scratch during MVP per handoff guardrails; no trusted existing implementation wired up yet.
702,29,6,unused oak stick,proximate,volatile solids,maplewood,knife mill (2mm),,% total weight,5.0,3,9.95,9.8,0.7858116822750859,7.897604846985787,9.25,10.8,1.5500000000000007,"10.8,9.25,9.8","(c4)08a8,(c4)29ca,(c4)48ba",pass,False,False,0.6451612903225803,(c4)08a8,False,calculated,not_calculated,ROUT not implemented from scratch during MVP per handoff guardrails; no trusted existing implementation wired up yet.
703,29,6,unused oak stick,proximate,ash,maplewood,knife mill (2mm),,% total weight,11.0,3,0.0766666666666666,0.03,0.0808290376865476,105.42917959114904,0.03,0.17,0.14,"0.17,0.03,0.03","(c4)2c69,(c4)f2e8,(c4)fce1",pass,True,True,1.0,(c4)2c69,True,calculated,not_calculated,ROUT not implemented from scratch during MVP per handoff guardrails; no trusted existing implementation wired up yet.
704,29,6,unused oak stick,proximate,total solids,maplewood,knife mill (2mm),,% total weight,5.0,3,89.88666666666667,89.99,0.7801495583113089,0.8679257861506812,89.06,90.61,1.5499999999999972,"89.99,89.06,90.61","(c4)3411,(c4)821f,(c4)aa4e",pass,False,False,0.5999999999999963,(c4)821f,False,calculated,not_calculated,ROUT not implemented from scratch during MVP per handoff guardrails; no trusted existing implementation wired up yet.
705,29,6,unused oak stick,proximate,moisture,maplewood,knife mill (2mm),,% total weight,11.0,3,1.4066666666666665,1.43,0.0493288286231623,3.5067887646797917,1.35,1.44,0.0899999999999998,"1.35,1.44,1.43","(c4)370c,(c4)654a,(c4)7906",pass,False,False,0.8888888888888886,(c4)370c,False,calculated,not_calculated,ROUT not implemented from scratch during MVP per handoff guardrails; no trusted existing implementation wired up yet.
706,29,6,unused oak stick,proximate,ash,maplewood,knife mill (2mm),,% total weight,5.0,3,0.16,0.14,0.0435889894354067,27.2431183971292,0.13,0.21,0.0799999999999999,"0.21,0.13,0.14","(c4)3d57,(c4)4fd8,(c4)af5d",pass,True,True,0.8749999999999999,(c4)3d57,False,calculated,not_calculated,ROUT not implemented from scratch during MVP per handoff guardrails; no trusted existing implementation wired up yet.
707,29,6,unused oak stick,proximate,volatile solids,maplewood,knife mill (2mm),,% total weight,11.0,3,98.51666666666668,98.54,0.1167618659209156,0.118519911271442,98.39,98.62,0.2300000000000039,"98.62,98.39,98.54","(c4)8229,(c4)c0c2,(c4)eab8",pass,False,False,0.6521739130434917,(c4)c0c2,False,calculated,not_calculated,ROUT not implemented from scratch during MVP per handoff guardrails; no trusted existing implementation wired up yet.
708,29,6,unused oak stick,proximate,total solids,maplewood,knife mill (2mm),,% total weight,11.0,3,98.59333333333332,98.57,0.0493288286231665,0.0500326208227398,98.56,98.65,0.0900000000000034,"98.65,98.56,98.57","(c4)95d4,(c4)bed1,(c4)db74",pass,False,False,0.8888888888889942,(c4)95d4,False,calculated,not_calculated,ROUT not implemented from scratch during MVP per handoff guardrails; no trusted existing implementation wired up yet.
709,27,26,spent oak chips,proximate,moisture,maplewood,knife mill (2mm),,% total weight,11.0,3,10.356666666666667,10.4,0.4565449959569512,4.408223327553439,9.88,10.79,0.9099999999999984,"10.4,10.79,9.88","(c5)03cc,(c5)1f33,(c5)f394",pass,False,False,0.571428571428572,(c5)f394,False,calculated,not_calculated,ROUT not implemented from scratch during MVP per handoff guardrails; no trusted existing implementation wired up yet.
710,27,26,spent oak chips,proximate,total solids,maplewood,knife mill (2mm),,% total weight,11.0,3,89.64333333333332,89.6,0.4565449959569576,0.5092905171869532,89.21,90.12,0.9100000000000108,"89.21,90.12,89.6","(c5)24ec,(c5)8d66,(c5)cff6",pass,False,False,0.5714285714285758,(c5)8d66,False,calculated,not_calculated,ROUT not implemented from scratch during MVP per handoff guardrails; no trusted existing implementation wired up yet.
711,27,26,spent oak chips,proximate,total solids,maplewood,knife mill (2mm),,% total weight,5.0,3,95.89666666666666,95.43,1.3613718571108124,1.419623751723187,94.83,97.43,2.6000000000000085,"94.83,97.43,95.43","(c5)256d,(c5)cbce,(c5)d419",pass,False,False,0.7692307692307667,(c5)cbce,False,calculated,not_calculated,ROUT not implemented from scratch during MVP per handoff guardrails; no trusted existing implementation wired up yet.
712,27,26,spent oak chips,proximate,ash,maplewood,knife mill (2mm),,% total weight,5.0,3,0.58,0.59,0.0754983443527075,13.016955922880603,0.5,0.65,0.15,"0.65,0.5,0.59","(c5)25fb,(c5)d156,(c5)e77c",pass,True,False,0.5999999999999998,(c5)d156,False,calculated,not_calculated,ROUT not implemented from scratch during MVP per handoff guardrails; no trusted existing implementation wired up yet.
713,27,26,spent oak chips,proximate,ash,maplewood,knife mill (2mm),,% total weight,11.0,3,0.5966666666666667,0.6,0.0057735026918962,0.9676261494798204,0.59,0.6,0.01,"0.59,0.6,0.6","(c5)2aba,(c5)4f3a,(c5)e0f8",pass,False,False,1.0,(c5)2aba,True,calculated,not_calculated,ROUT not implemented from scratch during MVP per handoff guardrails; no trusted existing implementation wired up yet.
714,27,26,spent oak chips,proximate,moisture,maplewood,knife mill (2mm),,% total weight,5.0,1,2.45,2.45,,,2.45,2.45,0.0,2.45,(c5)3797,pass,,,,,,not_applicable_n_out_of_range,not_calculated,ROUT not implemented from scratch during MVP per handoff guardrails; no trusted existing implementation wired up yet.
715,27,26,spent oak chips,proximate,volatile solids,maplewood,knife mill (2mm),,% total weight,11.0,3,89.04666666666667,89.0,0.4518111699961937,0.507386954401655,88.62,89.52,0.8999999999999915,"88.62,89.0,89.52","(c5)38cf,(c5)954b,(c5)d04b",pass,False,False,0.5777777777777788,(c5)d04b,False,calculated,not_calculated,ROUT not implemented from scratch during MVP per handoff guardrails; no trusted existing implementation wired up yet.
716,27,26,spent oak chips,proximate,volatile solids,maplewood,knife mill (2mm),,% total weight,5.0,3,3.526666666666667,3.98,1.2816135663035613,36.34064932807829,2.08,4.52,2.4399999999999995,"2.08,4.52,3.98","(c5)92ea,(c5)a54b,(c5)c7bb",pass,True,True,0.778688524590164,(c5)92ea,False,calculated,not_calculated,ROUT not implemented from scratch during MVP per handoff guardrails; no trusted existing implementation wired up yet.
717,53,35,almond branches,proximate,total solids,vibrant,knife mill (2mm),,% total weight,5.0,3,93.04666666666668,93.03,0.2454248017893303,0.2637652809944797,92.81,93.3,0.4899999999999949,"92.81,93.03,93.3","(c7)0c5a,(c7)360c,(c7)9da6",pass,False,False,0.5510204081632629,(c7)9da6,False,calculated,not_calculated,ROUT not implemented from scratch during MVP per handoff guardrails; no trusted existing implementation wired up yet.
718,53,35,almond branches,proximate,volatile solids,vibrant,knife mill (2mm),,% total weight,5.0,3,3.6966666666666663,3.69,0.1401189970465579,3.7904147082026487,3.56,3.84,0.2799999999999998,"3.56,3.84,3.69","(c7)67ba,(c7)8704,(c7)b27e",pass,False,False,0.5357142857142858,(c7)8704,False,calculated,not_calculated,ROUT not implemented from scratch during MVP per handoff guardrails; no trusted existing implementation wired up yet.
719,53,35,almond branches,proximate,moisture,vibrant,knife mill (2mm),,% total weight,5.0,1,4.25,4.25,,,4.25,4.25,0.0,4.25,(c7)7b5b,pass,,,,,,not_applicable_n_out_of_range,not_calculated,ROUT not implemented from scratch during MVP per handoff guardrails; no trusted existing implementation wired up yet.
720,53,35,almond branches,proximate,ash,vibrant,knife mill (2mm),,% total weight,5.0,3,3.2533333333333334,3.28,0.1026320287889375,3.1546730160534078,3.14,3.34,0.1999999999999997,"3.28,3.34,3.14","(c7)af57,(c7)b66b,(c7)b6cf",pass,False,False,0.6999999999999993,(c7)b6cf,False,calculated,not_calculated,ROUT not implemented from scratch during MVP per handoff guardrails; no trusted existing implementation wired up yet.
721,155,27,rice straw,proximate,total solids,possessive,knife mill (2mm),,% total weight,12.0,3,91.98666666666668,91.95,0.1484362938547518,0.1613671842166456,91.86,92.15,0.2900000000000062,"91.95,92.15,91.86","(ca)1450,(ca)c48a,(ca)e6df",pass,False,False,0.689655172413788,(ca)c48a,False,calculated,not_calculated,ROUT not implemented from scratch during MVP per handoff guardrails; no trusted existing implementation wired up yet.
722,155,27,rice straw,proximate,moisture,possessive,knife mill (2mm),,% total weight,12.0,3,8.013333333333334,8.05,0.1484362938547493,1.8523663958579364,7.85,8.14,0.2900000000000009,"8.14,8.05,7.85","(ca)15f5,(ca)defa,(ca)fd00",pass,False,False,0.6896551724137946,(ca)fd00,False,calculated,not_calculated,ROUT not implemented from scratch during MVP per handoff guardrails; no trusted existing implementation wired up yet.
723,155,27,rice straw,proximate,volatile solids,possessive,knife mill (2mm),,% total weight,12.0,3,79.04,78.99,0.1900000000000025,0.2403846153846186,78.88,79.25,0.3700000000000045,"78.88,78.99,79.25","(ca)3d4f,(ca)3f5f,(ca)e58e",pass,False,False,0.7027027027027078,(ca)e58e,False,calculated,not_calculated,ROUT not implemented from scratch during MVP per handoff guardrails; no trusted existing implementation wired up yet.
724,155,27,rice straw,proximate,ash,possessive,knife mill (2mm),,% total weight,12.0,3,12.943333333333332,12.9,0.1115048578911851,0.861484866529888,12.86,13.07,0.2100000000000008,"12.86,13.07,12.9","(ca)44a4,(ca)71a9,(ca)7d3d",pass,False,False,0.8095238095238059,(ca)71a9,False,calculated,not_calculated,ROUT not implemented from scratch during MVP per handoff guardrails; no trusted existing implementation wired up yet.
725,157,10,cotton stem mix,proximate,volatile solids,schooner,knife mill (2mm),,% total weight,12.0,3,87.27333333333333,87.28,0.0404145188432727,0.0463079812580469,87.23,87.31,0.0799999999999983,"87.28,87.31,87.23","(ce)119d,(ce)c5f7,(ce)c910",pass,False,False,0.6249999999999778,(ce)c910,False,calculated,not_calculated,ROUT not implemented from scratch during MVP per handoff guardrails; no trusted existing implementation wired up yet.
726,157,10,cotton stem mix,proximate,total solids,schooner,knife mill (2mm),,% total weight,12.0,3,95.07333333333334,95.05,0.0585946527708236,0.061631007051564,95.03,95.14,0.1099999999999994,"95.14,95.03,95.05","(ce)1611,(ce)99bc,(ce)f609",pass,False,False,0.8181818181818534,(ce)1611,False,calculated,not_calculated,ROUT not implemented from scratch during MVP per handoff guardrails; no trusted existing implementation wired up yet.
727,157,10,cotton stem mix,proximate,ash,schooner,knife mill (2mm),,% total weight,12.0,3,7.793333333333334,7.82,0.0461880215351701,0.592660669826819,7.74,7.82,0.08,"7.82,7.74,7.82","(ce)5cd7,(ce)6f27,(ce)b9eb",pass,False,False,1.0,(ce)6f27,True,calculated,not_calculated,ROUT not implemented from scratch during MVP per handoff guardrails; no trusted existing implementation wired up yet.
728,157,10,cotton stem mix,proximate,moisture,schooner,knife mill (2mm),,% total weight,12.0,3,4.926666666666667,4.95,0.0585946527708229,1.1893366597595991,4.86,4.97,0.1099999999999994,"4.86,4.97,4.95","(ce)7d13,(ce)b1b4,(ce)e2ab",pass,False,False,0.8181818181818211,(ce)7d13,False,calculated,not_calculated,ROUT not implemented from scratch during MVP per handoff guardrails; no trusted existing implementation wired up yet.
729,224,22,walnut tree sticks,proximate,ash,badger,chipper (1in) + knife mill (2mm),,% total weight,19.0,3,2.686666666666667,2.7,0.0709459888459759,2.6406695600239187,2.61,2.75,0.1400000000000001,"2.7,2.75,2.61","(d0)074b,(d0)4f8b,(d0)6f72",pass,False,False,0.6428571428571445,(d0)6f72,False,calculated,not_calculated,ROUT not implemented from scratch during MVP per handoff guardrails; no trusted existing implementation wired up yet.
730,97,37,tomato pomace,proximate,ash,gossamer,oven dry + knife mill (2mm),,% total weight,7.0,3,2.436666666666667,2.47,0.1625833119767628,6.672365744600388,2.26,2.58,0.3200000000000003,"2.58,2.47,2.26","(d0)0c4a,(d0)9631,(d0)d9f7",fail,False,False,0.6562500000000007,(d0)d9f7,False,calculated,not_calculated,ROUT not implemented from scratch during MVP per handoff guardrails; no trusted existing implementation wired up yet.
731,97,37,tomato pomace,proximate,volatile solids,gossamer,oven dry + knife mill (2mm),,% total weight,7.0,3,96.38333333333333,96.32,0.2218858565418988,0.2302118518504916,96.2,96.63,0.4299999999999926,"96.2,96.32,96.63","(d0)1a87,(d0)8476,(d0)9253",fail,False,False,0.7209302325581572,(d0)9253,False,calculated,not_calculated,ROUT not implemented from scratch during MVP per handoff guardrails; no trusted existing implementation wired up yet.
732,97,37,tomato pomace,proximate,moisture,gossamer,oven dry + knife mill (2mm),,% total weight,7.0,3,1.18,1.21,0.0608276253029821,5.154883500252723,1.11,1.22,0.1099999999999998,"1.21,1.11,1.22","(d0)29b6,(d0)7fa3,(d0)8aa8",fail,False,False,0.909090909090909,(d0)7fa3,False,calculated,not_calculated,ROUT not implemented from scratch during MVP per handoff guardrails; no trusted existing implementation wired up yet.
733,120,23,grape pomace,proximate,total solids,rigging,as is,,% total weight,13.0,3,49.59666666666667,48.6,2.137061845930839,4.308882006715852,48.14,52.05,3.9099999999999966,"48.14,48.6,52.05","(d0)2b08,(d0)b82a,(d0)eae5",pass,False,False,0.8823529411764702,(d0)eae5,False,calculated,not_calculated,ROUT not implemented from scratch during MVP per handoff guardrails; no trusted existing implementation wired up yet.
734,120,23,grape pomace,proximate,volatile solids,rigging,as is,,% total weight,13.0,3,47.546666666666674,46.75,1.4938652326543185,3.141892665425515,46.62,49.27,2.6500000000000057,"46.75,46.62,49.27","(d0)58a2,(d0)84cc,(d0)cf11",pass,False,False,0.9509433962264142,(d0)cf11,False,calculated,not_calculated,ROUT not implemented from scratch during MVP per handoff guardrails; no trusted existing implementation wired up yet.
735,120,23,grape pomace,proximate,ash,rigging,as is,,% total weight,13.0,3,2.0500000000000003,1.85,0.6533758489567852,31.8719926320383,1.52,2.78,1.2599999999999998,"2.78,1.85,1.52","(d0)618a,(d0)6928,(d0)c43e",pass,True,True,0.738095238095238,(d0)618a,False,calculated,not_calculated,ROUT not implemented from scratch during MVP per handoff guardrails; no trusted existing implementation wired up yet.
736,224,22,walnut tree sticks,proximate,volatile solids,badger,chipper (1in) + knife mill (2mm),,% total weight,19.0,3,58.873333333333335,59.68,1.5646192295038848,2.6576025866332547,57.07,59.87,2.799999999999997,"59.87,57.07,59.68","(d0)78a2,(d0)e8f8,(d0)eb1f",pass,False,False,0.9321428571428579,(d0)e8f8,False,calculated,not_calculated,ROUT not implemented from scratch during MVP per handoff guardrails; no trusted existing implementation wired up yet.
737,224,22,walnut tree sticks,proximate,moisture,badger,chipper (1in) + knife mill (2mm),,% total weight,19.0,3,38.44,37.62,1.6325440269714016,4.246992786085852,37.38,40.32,2.9399999999999977,"37.38,40.32,37.62","(d0)9372,(d0)f364,(d0)fe39",pass,False,False,0.9183673469387772,(d0)f364,False,calculated,not_calculated,ROUT not implemented from scratch during MVP per handoff guardrails; no trusted existing implementation wired up yet.
738,120,23,grape pomace,proximate,moisture,rigging,as is,,% total weight,13.0,3,50.40333333333333,51.4,2.137061845930839,4.239921657160583,47.95,51.86,3.9099999999999966,"51.86,51.4,47.95","(d0)93ea,(d0)95a6,(d0)afc7",pass,False,False,0.8823529411764702,(d0)afc7,False,calculated,not_calculated,ROUT not implemented from scratch during MVP per handoff guardrails; no trusted existing implementation wired up yet.
739,224,22,walnut tree sticks,proximate,total solids,badger,chipper (1in) + knife mill (2mm),,% total weight,19.0,3,61.56,62.38,1.6325440269714016,2.65195585927778,59.68,62.62,2.9399999999999977,"62.38,59.68,62.62","(d0)9423,(d0)ccf4,(d0)d325",pass,False,False,0.9183673469387772,(d0)ccf4,False,calculated,not_calculated,ROUT not implemented from scratch during MVP per handoff guardrails; no trusted existing implementation wired up yet.
740,97,37,tomato pomace,proximate,total solids,gossamer,oven dry + knife mill (2mm),,% total weight,7.0,3,98.82,98.79,0.0608276253029806,0.0615539620552323,98.78,98.89,0.1099999999999994,"98.79,98.89,98.78","(d0)aa62,(d0)b1ac,(d0)c6ba",fail,False,False,0.9090909090908621,(d0)b1ac,False,calculated,not_calculated,ROUT not implemented from scratch during MVP per handoff guardrails; no trusted existing implementation wired up yet.
741,24,1,spent yeast,proximate,moisture,maplewood,as is,,% total weight,17.0,3,59.02,59.0,0.1609347693943108,0.2726783622404453,58.87,59.19,0.3200000000000003,"58.87,59.0,59.19","(d2)032d,(d2)5b08,(d2)dc17",pass,False,False,0.5937499999999923,(d2)dc17,False,calculated,not_calculated,ROUT not implemented from scratch during MVP per handoff guardrails; no trusted existing implementation wired up yet.
742,105,37,tomato pomace,proximate,total solids,gossamer,as is,,% total weight,22.0,3,49.303333333333335,49.22,0.1892969448600105,0.3839435025218252,49.17,49.52,0.3500000000000014,"49.22,49.17,49.52","(d2)0450,(d2)7baf,(d2)d40c",pass,False,False,0.8571428571428659,(d2)d40c,False,calculated,not_calculated,ROUT not implemented from scratch during MVP per handoff guardrails; no trusted existing implementation wired up yet.
743,24,1,spent yeast,proximate,volatile solids,maplewood,as is,,% total weight,17.0,3,31.01333333333333,31.2,0.5064911976859341,1.6331401473106215,30.44,31.4,0.9599999999999972,"30.44,31.2,31.4","(d2)0e21,(d2)b4e2,(d2)ea45",pass,False,False,0.7916666666666669,(d2)0e21,False,calculated,not_calculated,ROUT not implemented from scratch during MVP per handoff guardrails; no trusted existing implementation wired up yet.
744,105,37,tomato pomace,proximate,volatile solids,gossamer,as is,,% total weight,22.0,3,47.93666666666667,47.85,0.2042873792805951,0.4261610026018951,47.79,48.17,0.3800000000000025,"47.85,47.79,48.17","(d2)16b1,(d2)225e,(d2)bd25",pass,False,False,0.8421052631578898,(d2)bd25,False,calculated,not_calculated,ROUT not implemented from scratch during MVP per handoff guardrails; no trusted existing implementation wired up yet.
745,105,37,tomato pomace,proximate,moisture,gossamer,as is,,% total weight,22.0,3,50.69666666666666,50.78,0.1892969448600105,0.3733913042146307,50.48,50.83,0.3500000000000014,"50.48,50.78,50.83","(d2)2413,(d2)272c,(d2)ec13",pass,False,False,0.8571428571428659,(d2)2413,False,calculated,not_calculated,ROUT not implemented from scratch during MVP per handoff guardrails; no trusted existing implementation wired up yet.
746,24,1,spent yeast,proximate,total solids,maplewood,as is,,% total weight,17.0,3,40.98,41.0,0.1609347693943108,0.3927153962769908,40.81,41.13,0.3200000000000003,"41.0,41.13,40.81","(d2)3cb3,(d2)80fc,(d2)8f44",pass,False,False,0.5937499999999923,(d2)8f44,False,calculated,not_calculated,ROUT not implemented from scratch during MVP per handoff guardrails; no trusted existing implementation wired up yet.
747,105,37,tomato pomace,proximate,ash,gossamer,as is,,% total weight,22.0,3,1.3666666666666665,1.37,0.0152752523165193,1.1177013890136136,1.35,1.38,0.0299999999999998,"1.35,1.38,1.37","(d2)6530,(d2)96cd,(d2)e469",pass,False,False,0.6666666666666716,(d2)6530,False,calculated,not_calculated,ROUT not implemented from scratch during MVP per handoff guardrails; no trusted existing implementation wired up yet.
748,24,1,spent yeast,proximate,ash,maplewood,as is,,% total weight,17.0,3,9.97,9.81,0.3487119154832531,3.497611990804946,9.73,10.37,0.6399999999999988,"10.37,9.81,9.73","(d2)7df7,(d2)a988,(d2)bfe9",pass,False,False,0.8749999999999997,(d2)7df7,False,calculated,not_calculated,ROUT not implemented from scratch during MVP per handoff guardrails; no trusted existing implementation wired up yet.
749,75,7,sargassum,proximate,volatile solids,hairpin,as is,,% total weight,16.0,3,10.32,10.44,0.5204805471869239,5.0434161549120535,9.75,10.77,1.0199999999999996,"10.44,10.77,9.75","(d9)3bd6,(d9)a817,(d9)b18a",pass,False,False,0.6764705882352939,(d9)b18a,False,calculated,not_calculated,ROUT not implemented from scratch during MVP per handoff guardrails; no trusted existing implementation wired up yet.
750,75,7,sargassum,proximate,ash,hairpin,as is,,% total weight,16.0,3,8.753333333333332,8.71,0.6660580555276945,7.609193322860182,8.11,9.44,1.33,"8.71,8.11,9.44","(d9)4098,(d9)ad79,(d9)d83b",pass,False,False,0.5488721804511267,(d9)d83b,False,calculated,not_calculated,ROUT not implemented from scratch during MVP per handoff guardrails; no trusted existing implementation wired up yet.
751,75,7,sargassum,proximate,moisture,hairpin,as is,,% total weight,16.0,3,80.92666666666666,80.85,1.1768743914850588,1.4542479505952617,79.79,82.14,2.3499999999999943,"79.79,82.14,80.85","(d9)5c9f,(d9)b75c,(d9)bcd7",pass,False,False,0.54893617021277,(d9)b75c,False,calculated,not_calculated,ROUT not implemented from scratch during MVP per handoff guardrails; no trusted existing implementation wired up yet.
752,75,7,sargassum,proximate,total solids,hairpin,as is,,% total weight,16.0,3,19.07333333333333,19.15,1.176874391485062,6.170260703347056,17.86,20.21,2.3500000000000014,"20.21,19.15,17.86","(d9)6b1f,(d9)8120,(d9)cef0",pass,False,False,0.5489361702127653,(d9)cef0,False,calculated,not_calculated,ROUT not implemented from scratch during MVP per handoff guardrails; no trusted existing implementation wired up yet.
753,153,3,pistachio shells,proximate,total solids,tripod,knife mill (2mm),,% total weight,12.0,3,91.24333333333334,91.24,0.015275252316521,0.0167412256418964,91.23,91.26,0.0300000000000011,"91.23,91.24,91.26","(da)026e,(da)0c37,(da)8740",pass,False,False,0.6666666666669825,(da)8740,False,calculated,not_calculated,ROUT not implemented from scratch during MVP per handoff guardrails; no trusted existing implementation wired up yet.
754,82,20,wheat straw,proximate,moisture,wardrobe,knife mill (2mm),,% total weight,24.0,3,5.623333333333332,5.68,0.2891942830232531,5.142755477591936,5.31,5.88,0.5700000000000003,"5.68,5.31,5.88","(da)0ac2,(da)66a0,(da)ec02",pass,False,False,0.6491228070175438,(da)66a0,False,calculated,not_calculated,ROUT not implemented from scratch during MVP per handoff guardrails; no trusted existing implementation wired up yet.
755,82,20,wheat straw,proximate,volatile solids,wardrobe,knife mill (2mm),,% total weight,24.0,3,83.94666666666667,83.02,1.7543184811582362,2.0898012402615582,82.85,85.97,3.1200000000000045,"83.02,82.85,85.97","(da)1ee5,(da)5b54,(da)b8d0",pass,False,False,0.94551282051282,(da)b8d0,False,calculated,not_calculated,ROUT not implemented from scratch during MVP per handoff guardrails; no trusted existing implementation wired up yet.
756,153,3,pistachio shells,proximate,ash,tripod,knife mill (2mm),,% total weight,12.0,3,0.6933333333333334,0.66,0.0577350269189625,8.327167344081138,0.66,0.76,0.0999999999999999,"0.66,0.76,0.66","(da)2c9e,(da)8a0c,(da)a93d",pass,False,False,1.0,(da)8a0c,True,calculated,not_calculated,ROUT not implemented from scratch during MVP per handoff guardrails; no trusted existing implementation wired up yet.
757,82,20,wheat straw,proximate,ash,wardrobe,knife mill (2mm),,% total weight,24.0,3,10.433333333333332,11.27,1.483924975641738,14.222923089217938,8.72,11.31,2.59,"11.31,11.27,8.72","(da)49d3,(da)74a7,(da)fa91",pass,True,False,0.9845559845559843,(da)fa91,True,calculated,not_calculated,ROUT not implemented from scratch during MVP per handoff guardrails; no trusted existing implementation wired up yet.
758,153,3,pistachio shells,proximate,moisture,tripod,knife mill (2mm),,% total weight,12.0,3,8.756666666666666,8.76,0.0152752523165191,0.1744414044520648,8.74,8.77,0.0299999999999993,"8.74,8.77,8.76","(da)55c3,(da)5933,(da)6c4d",pass,False,False,0.6666666666666666,(da)55c3,False,calculated,not_calculated,ROUT not implemented from scratch during MVP per handoff guardrails; no trusted existing implementation wired up yet.
759,82,20,wheat straw,proximate,total solids,wardrobe,knife mill (2mm),,% total weight,24.0,3,94.37666666666668,94.32,0.2891942830232504,0.3064256168790842,94.12,94.69,0.5699999999999932,"94.12,94.32,94.69","(da)62b6,(da)798b,(da)f61e",pass,False,False,0.6491228070175596,(da)f61e,False,calculated,not_calculated,ROUT not implemented from scratch during MVP per handoff guardrails; no trusted existing implementation wired up yet.
760,153,3,pistachio shells,proximate,volatile solids,tripod,knife mill (2mm),,% total weight,12.0,3,90.55,90.57,0.0624499799839783,0.0689673992092527,90.48,90.6,0.1199999999999903,"90.57,90.6,90.48","(da)98c5,(da)9dea,(da)a9c1",pass,False,False,0.7499999999999704,(da)a9c1,False,calculated,not_calculated,ROUT not implemented from scratch during MVP per handoff guardrails; no trusted existing implementation wired up yet.
761,137,34,grape stem,proximate,total solids,rigging,as is,,% total weight,8.0,3,32.40333333333333,32.08,0.7865324744302248,2.427319641282456,31.83,33.3,1.4699999999999989,"32.08,33.3,31.83","(e0)0642,(e0)06aa,(e0)27b3",pass,False,False,0.8299319727891156,(e0)06aa,False,calculated,not_calculated,ROUT not implemented from scratch during MVP per handoff guardrails; no trusted existing implementation wired up yet.
762,137,34,grape stem,proximate,moisture,rigging,as is,,% total weight,8.0,3,67.59666666666668,67.92,0.7865324744302248,1.1635669526557888,66.7,68.17,1.4699999999999989,"68.17,67.92,66.7","(e0)0a0c,(e0)587b,(e0)de95",pass,False,False,0.8299319727891156,(e0)de95,False,calculated,not_calculated,ROUT not implemented from scratch during MVP per handoff guardrails; no trusted existing implementation wired up yet.
763,137,34,grape stem,proximate,volatile solids,rigging,as is,,% total weight,8.0,3,30.14333333333333,29.96,0.6836909633257792,2.268133241155964,29.57,30.9,1.3299999999999983,"29.57,30.9,29.96","(e0)39a1,(e0)5baa,(e0)7904",pass,False,False,0.7067669172932323,(e0)5baa,False,calculated,not_calculated,ROUT not implemented from scratch during MVP per handoff guardrails; no trusted existing implementation wired up yet.
764,137,34,grape stem,proximate,ash,rigging,as is,,% total weight,8.0,3,2.263333333333333,2.41,0.3442867022313427,15.211489052931196,1.87,2.51,0.6399999999999997,"1.87,2.51,2.41","(e0)4395,(e0)5f5a,(e0)a10d",pass,True,False,0.8437500000000004,(e0)4395,False,calculated,not_calculated,ROUT not implemented from scratch during MVP per handoff guardrails; no trusted existing implementation wired up yet.
765,73,7,sargassum,proximate,volatile solids,hairpin,as is,,% total weight,16.0,3,53.74333333333334,53.7,0.3768730997740927,0.7012462316704571,53.39,54.14,0.75,"54.14,53.39,53.7","(e5)009c,(e5)1ded,(e5)60d4",pass,False,False,0.5866666666666637,(e5)009c,False,calculated,not_calculated,ROUT not implemented from scratch during MVP per handoff guardrails; no trusted existing implementation wired up yet.
766,73,7,sargassum,proximate,moisture,hairpin,as is,,% total weight,16.0,3,14.160000000000002,14.1,1.231097071720991,8.694188359611516,12.96,15.42,2.459999999999999,"14.1,15.42,12.96","(e5)1fdb,(e5)4838,(e5)9406",pass,False,False,0.5365853658536589,(e5)4838,False,calculated,not_calculated,ROUT not implemented from scratch during MVP per handoff guardrails; no trusted existing implementation wired up yet.
767,73,7,sargassum,proximate,total solids,hairpin,as is,,% total weight,16.0,3,85.83999999999999,85.9,1.2310970717209957,1.4341764582024643,84.58,87.04,2.460000000000008,"87.04,84.58,85.9","(e5)3ccb,(e5)4897,(e5)7b63",pass,False,False,0.5365853658536598,(e5)4897,False,calculated,not_calculated,ROUT not implemented from scratch during MVP per handoff guardrails; no trusted existing implementation wired up yet.
768,73,7,sargassum,proximate,ash,hairpin,as is,,% total weight,16.0,3,32.096666666666664,31.76,1.4153562566835716,4.409667431769358,30.88,33.65,2.77,"31.76,33.65,30.88","(e5)77df,(e5)e6bf,(e5)ef1b",pass,False,False,0.6823104693140785,(e5)e6bf,False,calculated,not_calculated,ROUT not implemented from scratch during MVP per handoff guardrails; no trusted existing implementation wired up yet.
769,58,13,walnut hulls,proximate,ash,energetic,oven dry + knife mill (2mm),,% total weight,5.0,3,38.4,38.5,3.721007927967904,9.690124812416416,34.63,42.07,7.439999999999998,"38.5,42.07,34.63","(e7)3eac,(e7)6dae,(e7)ae0c",fail,False,False,0.5201612903225804,(e7)ae0c,False,calculated,not_calculated,ROUT not implemented from scratch during MVP per handoff guardrails; no trusted existing implementation wired up yet.
770,58,13,walnut hulls,proximate,total solids,energetic,oven dry + knife mill (2mm),,% total weight,5.0,3,33.943333333333335,33.74,5.657741009743496,16.66819505963909,28.39,39.7,11.310000000000002,"28.39,33.74,39.7","(e7)43ff,(e7)4b6e,(e7)86e3",fail,True,False,0.5269672855879752,(e7)86e3,False,calculated,not_calculated,ROUT not implemented from scratch during MVP per handoff guardrails; no trusted existing implementation wired up yet.
771,58,13,walnut hulls,proximate,volatile solids,energetic,oven dry + knife mill (2mm),,% total weight,5.0,3,27.656666666666663,27.76,1.9370682314604533,7.003982999133855,25.67,29.54,3.869999999999997,"27.76,25.67,29.54","(e7)8540,(e7)97be,(e7)fade",fail,False,False,0.5400516795865636,(e7)97be,False,calculated,not_calculated,ROUT not implemented from scratch during MVP per handoff guardrails; no trusted existing implementation wired up yet.
772,58,13,walnut hulls,proximate,moisture,energetic,oven dry + knife mill (2mm),,% total weight,5.0,1,2.66,2.66,,,2.66,2.66,0.0,2.66,(e7)b266,fail,,,,,,not_applicable_n_out_of_range,not_calculated,ROUT not implemented from scratch during MVP per handoff guardrails; no trusted existing implementation wired up yet.
773,22,1,spent yeast,proximate,total solids,maplewood,oven dry,,% total weight,5.0,3,58.35666666666666,56.0,4.125243427160791,7.069018267825655,55.95,63.12,7.169999999999995,"63.12,56.0,55.95","(e8)0406,(e8)a921,(e8)da18",pass,False,False,0.9930264993026503,(e8)0406,True,calculated,not_calculated,ROUT not implemented from scratch during MVP per handoff guardrails; no trusted existing implementation wired up yet.
774,22,1,spent yeast,proximate,volatile solids,maplewood,oven dry,,% total weight,5.0,3,17.646666666666665,19.53,3.270693096781374,18.53433942263718,13.87,19.54,5.67,"19.53,19.54,13.87","(e8)1aef,(e8)5061,(e8)7f66",pass,True,False,0.9982363315696653,(e8)7f66,True,calculated,not_calculated,ROUT not implemented from scratch during MVP per handoff guardrails; no trusted existing implementation wired up yet.
775,22,1,spent yeast,proximate,ash,maplewood,oven dry,,% total weight,5.0,3,23.993333333333336,24.46,0.851958527942137,3.5508135368524743,23.01,24.51,1.5,"23.01,24.46,24.51","(e8)3339,(e8)82bd,(e8)cd70",pass,False,False,0.9666666666666662,(e8)3339,False,calculated,not_calculated,ROUT not implemented from scratch during MVP per handoff guardrails; no trusted existing implementation wired up yet.
776,22,1,spent yeast,proximate,moisture,maplewood,oven dry,,% total weight,5.0,1,1.57,1.57,,,1.57,1.57,0.0,1.57,(e8)9f94,pass,,,,,,not_applicable_n_out_of_range,not_calculated,ROUT not implemented from scratch during MVP per handoff guardrails; no trusted existing implementation wired up yet.
777,226,17,grape vines,proximate,ash,boatswain,chipper (1in) + knife mill (2mm),,% total weight,19.0,3,2.4,2.43,0.0608276253029821,2.534484387624257,2.33,2.44,0.1099999999999998,"2.43,2.44,2.33","(eb)1bdd,(eb)3b38,(eb)419c",pass,False,False,0.909090909090911,(eb)419c,False,calculated,not_calculated,ROUT not implemented from scratch during MVP per handoff guardrails; no trusted existing implementation wired up yet.
778,226,17,grape vines,proximate,moisture,boatswain,chipper (1in) + knife mill (2mm),,% total weight,19.0,3,47.873333333333335,47.52,1.806110000341431,3.772684863545671,46.27,49.83,3.559999999999995,"46.27,47.52,49.83","(eb)29ca,(eb)34ec,(eb)f65a",pass,False,False,0.6488764044943816,(eb)f65a,False,calculated,not_calculated,ROUT not implemented from scratch during MVP per handoff guardrails; no trusted existing implementation wired up yet.
779,226,17,grape vines,proximate,total solids,boatswain,chipper (1in) + knife mill (2mm),,% total weight,19.0,3,52.126666666666665,52.48,1.806110000341431,3.4648484467478537,50.17,53.73,3.559999999999995,"50.17,53.73,52.48","(eb)3e95,(eb)6e5e,(eb)b8a2",pass,False,False,0.6488764044943816,(eb)3e95,False,calculated,not_calculated,ROUT not implemented from scratch during MVP per handoff guardrails; no trusted existing implementation wired up yet.
780,226,17,grape vines,proximate,volatile solids,boatswain,chipper (1in) + knife mill (2mm),,% total weight,19.0,3,49.73,50.05,1.742182539230604,3.503282805611511,47.85,51.29,3.4399999999999977,"51.29,47.85,50.05","(eb)8d0e,(eb)bef9,(eb)deb0",pass,False,False,0.6395348837209294,(eb)bef9,False,calculated,not_calculated,ROUT not implemented from scratch during MVP per handoff guardrails; no trusted existing implementation wired up yet.
781,121,23,grape pomace,proximate,total solids,rigging,as is,,% total weight,13.0,3,45.873333333333335,45.9,0.9502806602963876,2.0715317402188367,44.91,46.81,1.9000000000000057,"44.91,45.9,46.81","(ec)2264,(ec)9166,(ec)9c57",pass,False,False,0.5210526315789469,(ec)2264,False,calculated,not_calculated,ROUT not implemented from scratch during MVP per handoff guardrails; no trusted existing implementation wired up yet.
782,121,23,grape pomace,proximate,volatile solids,rigging,as is,,% total weight,13.0,3,42.65,42.45,1.2421352583354164,2.9123921649130518,41.52,43.98,2.4599999999999937,"41.52,43.98,42.45","(ec)2807,(ec)5fe0,(ec)6581",pass,False,False,0.6219512195121942,(ec)5fe0,False,calculated,not_calculated,ROUT not implemented from scratch during MVP per handoff guardrails; no trusted existing implementation wired up yet.
783,121,23,grape pomace,proximate,ash,rigging,as is,,% total weight,13.0,3,3.2266666666666666,3.39,0.3453018003621373,10.701502077338969,2.83,3.46,0.6299999999999999,"3.46,3.39,2.83","(ec)306a,(ec)3778,(ec)6752",pass,True,False,0.8888888888888892,(ec)6752,False,calculated,not_calculated,ROUT not implemented from scratch during MVP per handoff guardrails; no trusted existing implementation wired up yet.
784,121,23,grape pomace,proximate,moisture,rigging,as is,,% total weight,13.0,3,54.126666666666665,54.1,0.9502806602963876,1.755660783895285,53.19,55.09,1.9000000000000057,"53.19,55.09,54.1","(ec)bb5f,(ec)c401,(ec)c8dc",pass,False,False,0.5210526315789469,(ec)c401,False,calculated,not_calculated,ROUT not implemented from scratch during MVP per handoff guardrails; no trusted existing implementation wired up yet.
785,78,5,alfalfa,proximate,total solids,possessive,knife mill (2mm),,% total weight,15.0,3,89.91333333333334,89.76,0.536687370201066,0.5968940871221169,89.47,90.51,1.0400000000000065,"90.51,89.76,89.47","(ed)0175,(ed)b883,(ed)e911",pass,False,False,0.7211538461538418,(ed)0175,False,calculated,not_calculated,ROUT not implemented from scratch during MVP per handoff guardrails; no trusted existing implementation wired up yet.
786,78,5,alfalfa,proximate,ash,possessive,knife mill (2mm),,% total weight,15.0,3,11.026666666666666,7.12,7.1597928275428,64.93161572741354,6.67,19.29,12.62,"6.67,7.12,19.29","(ed)16e1,(ed)5629,(ed)c23d","fail,pass",True,True,0.9643423137876386,(ed)c23d,False,calculated,not_calculated,ROUT not implemented from scratch during MVP per handoff guardrails; no trusted existing implementation wired up yet.
787,78,5,alfalfa,proximate,moisture,possessive,knife mill (2mm),,% total weight,15.0,3,10.086666666666666,10.24,0.536687370201063,5.320760444822172,9.49,10.53,1.0399999999999991,"9.49,10.24,10.53","(ed)506d,(ed)6456,(ed)d54a",pass,False,False,0.7211538461538467,(ed)506d,False,calculated,not_calculated,ROUT not implemented from scratch during MVP per handoff guardrails; no trusted existing implementation wired up yet.
788,78,5,alfalfa,proximate,volatile solids,possessive,knife mill (2mm),,% total weight,15.0,3,78.88666666666667,82.35,6.649829571750944,8.429598882469715,71.22,83.09,11.870000000000005,"82.35,83.09,71.22","(ed)8621,(ed)b558,(ed)cdf5","fail,pass",False,False,0.9376579612468401,(ed)cdf5,False,calculated,not_calculated,ROUT not implemented from scratch during MVP per handoff guardrails; no trusted existing implementation wired up yet.
789,103,37,tomato pomace,proximate,moisture,oakleaf,as is,,% total weight,22.0,3,71.34000000000002,71.42,0.4948737212663466,0.6936833771605642,70.81,71.79,0.980000000000004,"70.81,71.79,71.42","(f1)1171,(f1)9ab9,(f1)c1f4",pass,False,False,0.6224489795918337,(f1)1171,False,calculated,not_calculated,ROUT not implemented from scratch during MVP per handoff guardrails; no trusted existing implementation wired up yet.
790,103,37,tomato pomace,proximate,ash,oakleaf,as is,,% total weight,22.0,3,1.1266666666666667,1.12,0.0115470053837923,1.02488213465613,1.12,1.14,0.0199999999999997,"1.12,1.12,1.14","(f1)281c,(f1)ccea,(f1)cd95",pass,False,False,1.0,(f1)cd95,True,calculated,not_calculated,ROUT not implemented from scratch during MVP per handoff guardrails; no trusted existing implementation wired up yet.
791,103,37,tomato pomace,proximate,total solids,oakleaf,as is,,% total weight,22.0,3,28.66,28.58,0.4948737212663453,1.726705238193808,28.21,29.19,0.9800000000000004,"28.58,29.19,28.21","(f1)73d7,(f1)c7dc,(f1)e36a",pass,False,False,0.6224489795918395,(f1)c7dc,False,calculated,not_calculated,ROUT not implemented from scratch during MVP per handoff guardrails; no trusted existing implementation wired up yet.
792,103,37,tomato pomace,proximate,volatile solids,oakleaf,as is,,% total weight,22.0,3,27.536666666666672,27.46,0.4796179034745607,1.741742779837407,27.1,28.05,0.9499999999999992,"28.05,27.1,27.46","(f1)894e,(f1)b3e8,(f1)e662",pass,False,False,0.6210526315789476,(f1)894e,False,calculated,not_calculated,ROUT not implemented from scratch during MVP per handoff guardrails; no trusted existing implementation wired up yet.
793,180,35,almond branches,proximate,total solids,tiny,as is,,% total weight,2.0,3,85.89333333333333,86.8,3.08170948230578,3.587833144565872,82.46,88.42,5.960000000000008,"82.46,88.42,86.8","(f3)161b,(f3)8392,(f3)8ccd","pass,provisional",False,False,0.7281879194630868,(f3)161b,False,calculated,not_calculated,ROUT not implemented from scratch during MVP per handoff guardrails; no trusted existing implementation wired up yet.
794,180,35,almond branches,proximate,moisture,tiny,as is,,% total weight,2.0,3,14.106666666666667,13.2,3.081709482305776,21.84576665150597,11.58,17.54,5.959999999999999,"13.2,11.58,17.54","(f3)1ee7,(f3)3c7d,(f3)f33d","pass,provisional",True,True,0.7281879194630874,(f3)f33d,False,calculated,not_calculated,ROUT not implemented from scratch during MVP per handoff guardrails; no trusted existing implementation wired up yet.
795,180,35,almond branches,proximate,volatile solids,tiny,as is,,% total weight,2.0,3,20.13,19.35,4.471319715699158,22.212219153994823,16.1,24.94,8.84,"19.35,16.1,24.94","(f3)4605,(f3)c096,(f3)e4ed","pass,provisional",True,True,0.6323529411764706,(f3)e4ed,False,calculated,not_calculated,ROUT not implemented from scratch during MVP per handoff guardrails; no trusted existing implementation wired up yet.
796,180,35,almond branches,proximate,ash,tiny,as is,,% total weight,2.0,3,65.76,67.45,7.538441483489807,11.4635667328008,57.52,72.31,14.79,"57.52,72.31,67.45","(f3)889a,(f3)96d0,(f3)b348","pass,provisional",True,False,0.6713995943204868,(f3)889a,False,calculated,not_calculated,ROUT not implemented from scratch during MVP per handoff guardrails; no trusted existing implementation wired up yet.
797,114,23,grape pomace,proximate,ash,boatswain,as is,,% total weight,13.0,3,3.1566666666666663,3.19,0.3810949138119445,12.072700543145023,2.76,3.52,0.7600000000000002,"3.19,3.52,2.76","(f6)03ae,(f6)7a8f,(f6)b538",pass,True,False,0.5657894736842106,(f6)b538,False,calculated,not_calculated,ROUT not implemented from scratch during MVP per handoff guardrails; no trusted existing implementation wired up yet.
798,90,16,peach stems / leaves,proximate,volatile solids,rushes,as is,,% total weight,10.0,3,25.35666666666667,25.37,0.3801753981168875,1.4993114162622092,24.97,25.73,0.7600000000000016,"24.97,25.37,25.73","(f6)0d8f,(f6)c49a,(f6)dace",pass,False,False,0.526315789473686,(f6)0d8f,False,calculated,not_calculated,ROUT not implemented from scratch during MVP per handoff guardrails; no trusted existing implementation wired up yet.
799,114,23,grape pomace,proximate,moisture,boatswain,as is,,% total weight,13.0,3,62.34,62.36,0.8101851640211625,1.299623298076937,61.52,63.14,1.6199999999999974,"61.52,62.36,63.14","(f6)1245,(f6)1591,(f6)dcf1",pass,False,False,0.518518518518517,(f6)1245,False,calculated,not_calculated,ROUT not implemented from scratch during MVP per handoff guardrails; no trusted existing implementation wired up yet.
800,90,16,peach stems / leaves,proximate,moisture,rushes,as is,,% total weight,10.0,3,69.32,69.38,0.3044667469527704,0.4392191964119596,68.99,69.59,0.6000000000000085,"69.38,69.59,68.99","(f6)1bbf,(f6)e58a,(f6)eefe",pass,False,False,0.6499999999999917,(f6)eefe,False,calculated,not_calculated,ROUT not implemented from scratch during MVP per handoff guardrails; no trusted existing implementation wired up yet.
801,90,16,peach stems / leaves,proximate,ash,rushes,as is,,% total weight,10.0,3,5.323333333333333,5.28,0.1115048578911848,2.094643542101156,5.24,5.45,0.2099999999999999,"5.45,5.28,5.24","(f6)2613,(f6)7c56,(f6)8d8f",pass,False,False,0.8095238095238093,(f6)2613,False,calculated,not_calculated,ROUT not implemented from scratch during MVP per handoff guardrails; no trusted existing implementation wired up yet.
802,90,16,peach stems / leaves,proximate,total solids,rushes,as is,,% total weight,10.0,3,30.680000000000003,30.62,0.3044667469527672,0.9923948727274028,30.41,31.01,0.6000000000000014,"30.62,31.01,30.41","(f6)2c6f,(f6)d062,(f6)d2f7",pass,False,False,0.6499999999999994,(f6)d062,False,calculated,not_calculated,ROUT not implemented from scratch during MVP per handoff guardrails; no trusted existing implementation wired up yet.
803,114,23,grape pomace,proximate,volatile solids,boatswain,as is,,% total weight,13.0,3,34.49666666666666,34.11,1.0735610524480352,3.112071849786555,33.67,35.71,2.039999999999999,"35.71,34.11,33.67","(f6)8443,(f6)8a55,(f6)a52c",pass,False,False,0.7843137254901971,(f6)8443,False,calculated,not_calculated,ROUT not implemented from scratch during MVP per handoff guardrails; no trusted existing implementation wired up yet.
804,114,23,grape pomace,proximate,total solids,boatswain,as is,,% total weight,13.0,3,37.66,37.64,0.8101851640211625,2.1513148274592733,36.86,38.48,1.6199999999999974,"38.48,37.64,36.86","(f6)97a5,(f6)9e2b,(f6)edc1",pass,False,False,0.518518518518517,(f6)97a5,False,calculated,not_calculated,ROUT not implemented from scratch during MVP per handoff guardrails; no trusted existing implementation wired up yet.
805,62,23,grape pomace,proximate,volatile solids,maplewood,oven dry + knife mill (2mm),,% total weight,5.0,3,6.056666666666668,6.13,0.2871120571019845,4.740430221826932,5.74,6.3,0.5599999999999996,"6.3,6.13,5.74","(fe)0936,(fe)1ccd,(fe)65cf",fail,False,False,0.6964285714285714,(fe)65cf,False,calculated,not_calculated,ROUT not implemented from scratch during MVP per handoff guardrails; no trusted existing implementation wired up yet.
806,62,23,grape pomace,proximate,moisture,maplewood,oven dry + knife mill (2mm),,% total weight,5.0,1,4.05,4.05,,,4.05,4.05,0.0,4.05,(fe)0adf,fail,,,,,,not_applicable_n_out_of_range,not_calculated,ROUT not implemented from scratch during MVP per handoff guardrails; no trusted existing implementation wired up yet.
807,62,23,grape pomace,proximate,ash,maplewood,oven dry + knife mill (2mm),,% total weight,5.0,3,6.343333333333334,6.4,0.4178915329763614,6.58788543840822,5.9,6.73,0.8300000000000001,"6.4,5.9,6.73","(fe)1000,(fe)424e,(fe)68ef",fail,False,False,0.6024096385542168,(fe)424e,False,calculated,not_calculated,ROUT not implemented from scratch during MVP per handoff guardrails; no trusted existing implementation wired up yet.
808,62,23,grape pomace,proximate,total solids,maplewood,oven dry + knife mill (2mm),,% total weight,5.0,3,87.59999999999998,87.47,0.7040596565632776,0.8037210691361618,86.97,88.36,1.3900000000000006,"88.36,86.97,87.47","(fe)73e0,(fe)cdef,(fe)f1a3",fail,False,False,0.6402877697841728,(fe)73e0,False,calculated,not_calculated,ROUT not implemented from scratch during MVP per handoff guardrails; no trusted existing implementation wired up yet.
809,98,37,tomato pomace,proximate,moisture,gainful,oven dry + knife mill (2mm),,% total weight,7.0,3,1.6866666666666668,1.68,0.0404145188432738,2.3961177179806623,1.65,1.73,0.08,"1.68,1.65,1.73","(ff)0cdb,(ff)2b7a,(ff)92cc",fail,False,False,0.625,(ff)92cc,False,calculated,not_calculated,ROUT not implemented from scratch during MVP per handoff guardrails; no trusted existing implementation wired up yet.
810,98,37,tomato pomace,proximate,ash,gainful,oven dry + knife mill (2mm),,% total weight,7.0,3,3.1133333333333333,3.11,0.0351188458428423,1.1280143204339097,3.08,3.15,0.0699999999999998,"3.11,3.08,3.15","(ff)100a,(ff)62da,(ff)9c9a",fail,False,False,0.5714285714285733,(ff)9c9a,False,calculated,not_calculated,ROUT not implemented from scratch during MVP per handoff guardrails; no trusted existing implementation wired up yet.
811,98,37,tomato pomace,proximate,total solids,gainful,oven dry + knife mill (2mm),,% total weight,7.0,3,98.31333333333332,98.32,0.0404145188432727,0.0411078716111135,98.27,98.35,0.0799999999999983,"98.32,98.27,98.35","(ff)29a7,(ff)ce42,(ff)e5df",fail,False,False,0.6249999999999778,(ff)ce42,False,calculated,not_calculated,ROUT not implemented from scratch during MVP per handoff guardrails; no trusted existing implementation wired up yet.
812,98,37,tomato pomace,proximate,volatile solids,gainful,oven dry + knife mill (2mm),,% total weight,7.0,3,95.19666666666666,95.19,0.0404145188432727,0.0424537121502217,95.16,95.24,0.0799999999999983,"95.24,95.16,95.19","(ff)7405,(ff)8079,(ff)fc00",fail,False,False,0.6249999999999778,(ff)7405,False,calculated,not_calculated,ROUT not implemented from scratch during MVP per handoff guardrails; no trusted existing implementation wired up yet.
813,59,37,tomato pomace,ultimate,nitrogen,oakleaf,oven dry + knife mill (2mm),,,25.0,4,25.0,25.0,0.0,0.0,25.0,25.0,0.0,"25.0,25.0,25.0,25.0",")uc6c8c6,)u878987,)uc6c8c6,)u878987",,False,False,,,,not_applicable_zero_range,not_calculated,ROUT not implemented from scratch during MVP per handoff guardrails; no trusted existing implementation wired up yet.
814,59,37,tomato pomace,ultimate,oxygen,oakleaf,oven dry + knife mill (2mm),,,25.0,2,25.0,25.0,0.0,0.0,25.0,25.0,0.0,"25.0,25.0",")u636363,)u636363",,False,False,,,,not_applicable_n_out_of_range,not_calculated,ROUT not implemented from scratch during MVP per handoff guardrails; no trusted existing implementation wired up yet.
815,59,37,tomato pomace,ultimate,carbon,oakleaf,oven dry + knife mill (2mm),,,25.0,4,25.0,25.0,0.0,0.0,25.0,25.0,0.0,"25.0,25.0,25.0,25.0",")u856c85,)u777177,)u856c85,)u777177",,False,False,,,,not_applicable_zero_range,not_calculated,ROUT not implemented from scratch during MVP per handoff guardrails; no trusted existing implementation wired up yet.
816,59,37,tomato pomace,ultimate,sulfur,oakleaf,oven dry + knife mill (2mm),,,25.0,2,25.0,25.0,0.0,0.0,25.0,25.0,0.0,"25.0,25.0",")uebefeb,)uebefeb",,False,False,,,,not_applicable_n_out_of_range,not_calculated,ROUT not implemented from scratch during MVP per handoff guardrails; no trusted existing implementation wired up yet.
817,27,26,spent oak chips,ultimate,adf-r,maplewood,knife mill (2mm),,pc,26.0,1,82.9,82.9,,,82.9,82.9,0.0,82.9,)ud4f6d4,pass,,,,,,not_applicable_n_out_of_range,not_calculated,ROUT not implemented from scratch during MVP per handoff guardrails; no trusted existing implementation wired up yet.
818,316,125,#n/a,ultimate,adf-r,,#n/a,,pc,26.0,1,32.9,32.9,,,32.9,32.9,0.0,32.9,)uf414f4,pass,,,,,,not_applicable_n_out_of_range,not_calculated,ROUT not implemented from scratch during MVP per handoff guardrails; no trusted existing implementation wired up yet.
819,71,25,almond hulls,ultimate,dm,humorous,knife mill (2mm),,pc,26.0,1,88.6,88.6,,,88.6,88.6,0.0,88.6,)u22e822,pass,,,,,,not_applicable_n_out_of_range,not_calculated,ROUT not implemented from scratch during MVP per handoff guardrails; no trusted existing implementation wired up yet.
820,70,31,almond shells,ultimate,dm,humorous,knife mill (2mm),,pc,26.0,2,81.3,81.3,0.0,0.0,81.3,81.3,0.0,"81.3,81.3",")ud275d2,)u542d54",pass,False,False,,,,not_applicable_n_out_of_range,not_calculated,ROUT not implemented from scratch during MVP per handoff guardrails; no trusted existing implementation wired up yet.
821,57,19,walnut shells,ultimate,dm,energetic,oven dry + knife mill (2mm),,pc,26.0,1,92.2,92.2,,,92.2,92.2,0.0,92.2,)ud354d3,pass,,,,,,not_applicable_n_out_of_range,not_calculated,ROUT not implemented from scratch during MVP per handoff guardrails; no trusted existing implementation wired up yet.
822,64,23,grape pomace,ultimate,dm,ebony,oven dry + knife mill (2mm),,pc,26.0,1,93.8,93.8,,,93.8,93.8,0.0,93.8,)u670267,pass,,,,,,not_applicable_n_out_of_range,not_calculated,ROUT not implemented from scratch during MVP per handoff guardrails; no trusted existing implementation wired up yet.
823,58,13,walnut hulls,ultimate,dm,energetic,oven dry + knife mill (2mm),,pc,26.0,1,93.8,93.8,,,93.8,93.8,0.0,93.8,)u5bb65b,pass,,,,,,not_applicable_n_out_of_range,not_calculated,ROUT not implemented from scratch during MVP per handoff guardrails; no trusted existing implementation wired up yet.
824,56,33,sweet potato culls,ultimate,dm,tackle,oven dry + knife mill (2mm),,pc,26.0,1,90.4,90.4,,,90.4,90.4,0.0,90.4,)ud06fd0,pass,,,,,,not_applicable_n_out_of_range,not_calculated,ROUT not implemented from scratch during MVP per handoff guardrails; no trusted existing implementation wired up yet.
825,51,15,almond shells and hulls mix,ultimate,dm,tiny,knife mill (2mm),,pc,26.0,1,91.0,91.0,,,91.0,91.0,0.0,91.0,)uca43ca,pass,,,,,,not_applicable_n_out_of_range,not_calculated,ROUT not implemented from scratch during MVP per handoff guardrails; no trusted existing implementation wired up yet.
826,60,37,tomato pomace,ultimate,dm,pinecrest,oven dry + knife mill (2mm),,pc,26.0,1,91.6,91.6,,,91.6,91.6,0.0,91.6,)u94e494,pass,,,,,,not_applicable_n_out_of_range,not_calculated,ROUT not implemented from scratch during MVP per handoff guardrails; no trusted existing implementation wired up yet.
827,59,37,tomato pomace,ultimate,dm,oakleaf,oven dry + knife mill (2mm),,pc,26.0,1,95.6,95.6,,,95.6,95.6,0.0,95.6,)u700170,pass,,,,,,not_applicable_n_out_of_range,not_calculated,ROUT not implemented from scratch during MVP per handoff guardrails; no trusted existing implementation wired up yet.
828,61,37,tomato pomace,ultimate,dm,riverstone,oven dry + knife mill (2mm),,pc,26.0,1,95.3,95.3,,,95.3,95.3,0.0,95.3,)u95ce95,pass,,,,,,not_applicable_n_out_of_range,not_calculated,ROUT not implemented from scratch during MVP per handoff guardrails; no trusted existing implementation wired up yet.
829,27,26,spent oak chips,ultimate,dm,maplewood,knife mill (2mm),,pc,26.0,1,90.7,90.7,,,90.7,90.7,0.0,90.7,)u0e280e,pass,,,,,,not_applicable_n_out_of_range,not_calculated,ROUT not implemented from scratch during MVP per handoff guardrails; no trusted existing implementation wired up yet.
830,316,125,#n/a,ultimate,dm,,#n/a,,pc,26.0,1,97.3,97.3,,,97.3,97.3,0.0,97.3,)u88e188,pass,,,,,,not_applicable_n_out_of_range,not_calculated,ROUT not implemented from scratch during MVP per handoff guardrails; no trusted existing implementation wired up yet.
831,62,23,grape pomace,ultimate,dm,maplewood,oven dry + knife mill (2mm),,pc,26.0,1,93.9,93.9,,,93.9,93.9,0.0,93.9,)u0ecf0e,pass,,,,,,not_applicable_n_out_of_range,not_calculated,ROUT not implemented from scratch during MVP per handoff guardrails; no trusted existing implementation wired up yet.
832,71,25,almond hulls,ultimate,adf-r,humorous,knife mill (2mm),,pc,26.0,2,19.45,19.45,0.3535533905932738,1.8177552215592483,19.2,19.7,0.5,"19.2,19.7",")u55d655,)u4be74b",pass,False,False,,,,not_applicable_n_out_of_range,not_calculated,ROUT not implemented from scratch during MVP per handoff guardrails; no trusted existing implementation wired up yet.
833,70,31,almond shells,ultimate,adf-r,humorous,knife mill (2mm),,pc,26.0,2,54.7,54.7,0.0,0.0,54.7,54.7,0.0,"54.7,54.7",")u7a157a,)ub890b8",pass,False,False,,,,not_applicable_n_out_of_range,not_calculated,ROUT not implemented from scratch during MVP per handoff guardrails; no trusted existing implementation wired up yet.
834,57,19,walnut shells,ultimate,adf-r,energetic,oven dry + knife mill (2mm),,pc,26.0,1,71.9,71.9,,,71.9,71.9,0.0,71.9,)u672b67,pass,,,,,,not_applicable_n_out_of_range,not_calculated,ROUT not implemented from scratch during MVP per handoff guardrails; no trusted existing implementation wired up yet.
835,64,23,grape pomace,ultimate,adf-r,ebony,oven dry + knife mill (2mm),,pc,26.0,1,39.8,39.8,,,39.8,39.8,0.0,39.8,)ua51aa5,pass,,,,,,not_applicable_n_out_of_range,not_calculated,ROUT not implemented from scratch during MVP per handoff guardrails; no trusted existing implementation wired up yet.
836,58,13,walnut hulls,ultimate,adf-r,energetic,oven dry + knife mill (2mm),,pc,26.0,1,67.4,67.4,,,67.4,67.4,0.0,67.4,)u2b452b,pass,,,,,,not_applicable_n_out_of_range,not_calculated,ROUT not implemented from scratch during MVP per handoff guardrails; no trusted existing implementation wired up yet.
837,56,33,sweet potato culls,ultimate,adf-r,tackle,oven dry + knife mill (2mm),,pc,26.0,1,12.1,12.1,,,12.1,12.1,0.0,12.1,)u975c97,pass,,,,,,not_applicable_n_out_of_range,not_calculated,ROUT not implemented from scratch during MVP per handoff guardrails; no trusted existing implementation wired up yet.
838,51,15,almond shells and hulls mix,ultimate,adf-r,tiny,knife mill (2mm),,pc,26.0,1,27.8,27.8,,,27.8,27.8,0.0,27.8,)ubae4ba,pass,,,,,,not_applicable_n_out_of_range,not_calculated,ROUT not implemented from scratch during MVP per handoff guardrails; no trusted existing implementation wired up yet.
839,60,37,tomato pomace,ultimate,adf-r,pinecrest,oven dry + knife mill (2mm),,pc,26.0,1,41.5,41.5,,,41.5,41.5,0.0,41.5,)uec98ec,pass,,,,,,not_applicable_n_out_of_range,not_calculated,ROUT not implemented from scratch during MVP per handoff guardrails; no trusted existing implementation wired up yet.
840,59,37,tomato pomace,ultimate,adf-r,oakleaf,oven dry + knife mill (2mm),,pc,26.0,1,51.2,51.2,,,51.2,51.2,0.0,51.2,)uf1eef1,pass,,,,,,not_applicable_n_out_of_range,not_calculated,ROUT not implemented from scratch during MVP per handoff guardrails; no trusted existing implementation wired up yet.
841,61,37,tomato pomace,ultimate,adf-r,riverstone,oven dry + knife mill (2mm),,pc,26.0,2,46.0,46.0,0.4242640687119244,0.9223131928520096,45.7,46.3,0.5999999999999943,"45.7,46.3",")u56c956,)u4e174e",pass,False,False,,,,not_applicable_n_out_of_range,not_calculated,ROUT not implemented from scratch during MVP per handoff guardrails; no trusted existing implementation wired up yet.
842,62,23,grape pomace,ultimate,adf-r,maplewood,oven dry + knife mill (2mm),,pc,26.0,2,43.8,43.8,0.1414213562373065,0.3228798087609738,43.7,43.9,0.1999999999999957,"43.7,43.9",")ub6acb6,)u3c723c",pass,False,False,,,,not_applicable_n_out_of_range,not_calculated,ROUT not implemented from scratch during MVP per handoff guardrails; no trusted existing implementation wired up yet.
843,71,25,almond hulls,ultimate,cf,humorous,knife mill (2mm),,pc,26.0,2,1.91,1.91,0.0565685424949237,2.961703795545743,1.87,1.95,0.0799999999999998,"1.95,1.87",")u1f751f,)u763f76",pass,False,False,,,,not_applicable_n_out_of_range,not_calculated,ROUT not implemented from scratch during MVP per handoff guardrails; no trusted existing implementation wired up yet.
844,70,31,almond shells,ultimate,cf,humorous,knife mill (2mm),,pc,26.0,2,1.45,1.45,0.0,0.0,1.45,1.45,0.0,"1.45,1.45",")u970a97,)u8d218d",pass,False,False,,,,not_applicable_n_out_of_range,not_calculated,ROUT not implemented from scratch during MVP per handoff guardrails; no trusted existing implementation wired up yet.
845,57,19,walnut shells,ultimate,cf,energetic,oven dry + knife mill (2mm),,pc,26.0,1,2.6,2.6,,,2.6,2.6,0.0,2.6,)u8b208b,pass,,,,,,not_applicable_n_out_of_range,not_calculated,ROUT not implemented from scratch during MVP per handoff guardrails; no trusted existing implementation wired up yet.
846,64,23,grape pomace,ultimate,cf,ebony,oven dry + knife mill (2mm),,pc,26.0,1,6.22,6.22,,,6.22,6.22,0.0,6.22,)ufc42fc,pass,,,,,,not_applicable_n_out_of_range,not_calculated,ROUT not implemented from scratch during MVP per handoff guardrails; no trusted existing implementation wired up yet.
847,58,13,walnut hulls,ultimate,cf,energetic,oven dry + knife mill (2mm),,pc,26.0,1,2.02,2.02,,,2.02,2.02,0.0,2.02,)u1ce41c,pass,,,,,,not_applicable_n_out_of_range,not_calculated,ROUT not implemented from scratch during MVP per handoff guardrails; no trusted existing implementation wired up yet.
848,56,33,sweet potato culls,ultimate,cf,tackle,oven dry + knife mill (2mm),,pc,26.0,1,0.96,0.96,,,0.96,0.96,0.0,0.96,)u4b124b,pass,,,,,,not_applicable_n_out_of_range,not_calculated,ROUT not implemented from scratch during MVP per handoff guardrails; no trusted existing implementation wired up yet.
849,51,15,almond shells and hulls mix,ultimate,cf,tiny,knife mill (2mm),,pc,26.0,1,1.64,1.64,,,1.64,1.64,0.0,1.64,)u089908,pass,,,,,,not_applicable_n_out_of_range,not_calculated,ROUT not implemented from scratch during MVP per handoff guardrails; no trusted existing implementation wired up yet.
850,60,37,tomato pomace,ultimate,cf,pinecrest,oven dry + knife mill (2mm),,pc,26.0,1,3.39,3.39,,,3.39,3.39,0.0,3.39,)u755475,pass,,,,,,not_applicable_n_out_of_range,not_calculated,ROUT not implemented from scratch during MVP per handoff guardrails; no trusted existing implementation wired up yet.
851,59,37,tomato pomace,ultimate,cf,oakleaf,oven dry + knife mill (2mm),,pc,26.0,1,8.7,8.7,,,8.7,8.7,0.0,8.7,)ub7bdb7,pass,,,,,,not_applicable_n_out_of_range,not_calculated,ROUT not implemented from scratch during MVP per handoff guardrails; no trusted existing implementation wired up yet.
852,61,37,tomato pomace,ultimate,cf,riverstone,oven dry + knife mill (2mm),,pc,26.0,2,9.895,9.895,0.1484924240491756,1.5006813951407338,9.79,10.0,0.2100000000000008,"9.79,10.0",")u9abc9a,)u99ce99",pass,False,False,,,,not_applicable_n_out_of_range,not_calculated,ROUT not implemented from scratch during MVP per handoff guardrails; no trusted existing implementation wired up yet.
853,27,26,spent oak chips,ultimate,cf,maplewood,knife mill (2mm),,pc,26.0,1,0.5,0.5,,,0.5,0.5,0.0,0.5,)ub36fb3,pass,,,,,,not_applicable_n_out_of_range,not_calculated,ROUT not implemented from scratch during MVP per handoff guardrails; no trusted existing implementation wired up yet.
854,316,125,#n/a,ultimate,cf,,#n/a,,pc,26.0,1,1.96,1.96,,,1.96,1.96,0.0,1.96,)u0e740e,pass,,,,,,not_applicable_n_out_of_range,not_calculated,ROUT not implemented from scratch during MVP per handoff guardrails; no trusted existing implementation wired up yet.
855,62,23,grape pomace,ultimate,cf,maplewood,oven dry + knife mill (2mm),,pc,26.0,2,7.66,7.66,0.2828427124746193,3.692463609329234,7.46,7.86,0.4000000000000003,"7.46,7.86",")u515f51,)ud1e8d1",pass,False,False,,,,not_applicable_n_out_of_range,not_calculated,ROUT not implemented from scratch during MVP per handoff guardrails; no trusted existing implementation wired up yet.
856,71,25,almond hulls,ultimate,nitrogen,humorous,knife mill (2mm),,pc,26.0,2,0.87,0.87,0.0,0.0,0.87,0.87,0.0,"0.87,0.87",")u021e02,)ub9dab9",pass,False,False,,,,not_applicable_n_out_of_range,not_calculated,ROUT not implemented from scratch during MVP per handoff guardrails; no trusted existing implementation wired up yet.
857,70,31,almond shells,ultimate,nitrogen,humorous,knife mill (2mm),,pc,26.0,2,0.7,0.7,0.0,0.0,0.7,0.7,0.0,"0.7,0.7",")u93e193,)u336a33",pass,False,False,,,,not_applicable_n_out_of_range,not_calculated,ROUT not implemented from scratch during MVP per handoff guardrails; no trusted existing implementation wired up yet.
858,57,19,walnut shells,ultimate,nitrogen,energetic,oven dry + knife mill (2mm),,pc,26.0,1,0.36,0.36,,,0.36,0.36,0.0,0.36,)u068606,pass,,,,,,not_applicable_n_out_of_range,not_calculated,ROUT not implemented from scratch during MVP per handoff guardrails; no trusted existing implementation wired up yet.
859,64,23,grape pomace,ultimate,nitrogen,ebony,oven dry + knife mill (2mm),,pc,26.0,1,1.68,1.68,,,1.68,1.68,0.0,1.68,)uba78ba,pass,,,,,,not_applicable_n_out_of_range,not_calculated,ROUT not implemented from scratch during MVP per handoff guardrails; no trusted existing implementation wired up yet.
860,58,13,walnut hulls,ultimate,nitrogen,energetic,oven dry + knife mill (2mm),,pc,26.0,1,1.52,1.52,,,1.52,1.52,0.0,1.52,)u645364,pass,,,,,,not_applicable_n_out_of_range,not_calculated,ROUT not implemented from scratch during MVP per handoff guardrails; no trusted existing implementation wired up yet.
861,56,33,sweet potato culls,ultimate,nitrogen,tackle,oven dry + knife mill (2mm),,pc,26.0,1,1.57,1.57,,,1.57,1.57,0.0,1.57,)u7a3f7a,pass,,,,,,not_applicable_n_out_of_range,not_calculated,ROUT not implemented from scratch during MVP per handoff guardrails; no trusted existing implementation wired up yet.
862,51,15,almond shells and hulls mix,ultimate,nitrogen,tiny,knife mill (2mm),,pc,26.0,1,0.65,0.65,,,0.65,0.65,0.0,0.65,)udcacdc,pass,,,,,,not_applicable_n_out_of_range,not_calculated,ROUT not implemented from scratch during MVP per handoff guardrails; no trusted existing implementation wired up yet.
863,60,37,tomato pomace,ultimate,nitrogen,pinecrest,oven dry + knife mill (2mm),,pc,26.0,1,2.28,2.28,,,2.28,2.28,0.0,2.28,)u73ee73,pass,,,,,,not_applicable_n_out_of_range,not_calculated,ROUT not implemented from scratch during MVP per handoff guardrails; no trusted existing implementation wired up yet.
864,59,37,tomato pomace,ultimate,nitrogen,oakleaf,oven dry + knife mill (2mm),,pc,26.0,1,2.58,2.58,,,2.58,2.58,0.0,2.58,)ud118d1,pass,,,,,,not_applicable_n_out_of_range,not_calculated,ROUT not implemented from scratch during MVP per handoff guardrails; no trusted existing implementation wired up yet.
865,61,37,tomato pomace,ultimate,nitrogen,riverstone,oven dry + knife mill (2mm),,pc,26.0,2,2.91,2.91,0.0989949493661167,3.4018882943682724,2.84,2.98,0.1400000000000001,"2.84,2.98",")u34b134,)u91a791",pass,False,False,,,,not_applicable_n_out_of_range,not_calculated,ROUT not implemented from scratch during MVP per handoff guardrails; no trusted existing implementation wired up yet.
866,27,26,spent oak chips,ultimate,nitrogen,maplewood,knife mill (2mm),,pc,26.0,1,0.23,0.23,,,0.23,0.23,0.0,0.23,)uf825f8,pass,,,,,,not_applicable_n_out_of_range,not_calculated,ROUT not implemented from scratch during MVP per handoff guardrails; no trusted existing implementation wired up yet.
867,315,125,#n/a,ultimate,nitrogen,,#n/a,,pc,26.0,1,3.06,3.06,,,3.06,3.06,0.0,3.06,7ud442d4,pass,,,,,,not_applicable_n_out_of_range,not_calculated,ROUT not implemented from scratch during MVP per handoff guardrails; no trusted existing implementation wired up yet.
868,62,23,grape pomace,ultimate,nitrogen,maplewood,oven dry + knife mill (2mm),,pc,26.0,2,1.865,1.865,0.0919238815542511,4.928894453311051,1.8,1.93,0.1299999999999999,"1.8,1.93",")u608260,)u87a587",pass,False,False,,,,not_applicable_n_out_of_range,not_calculated,ROUT not implemented from scratch during MVP per handoff guardrails; no trusted existing implementation wired up yet.
869,70,31,almond shells,ultimate,sulfur,humorous,knife mill (2mm),,pc,26.0,1,270.0,270.0,,,270.0,270.0,0.0,270.0,)udff5df,fail,,,,,,not_applicable_n_out_of_range,not_calculated,ROUT not implemented from scratch during MVP per handoff guardrails; no trusted existing implementation wired up yet.
870,42,25,almond hulls,xrf,la,tiny,as is,,ppm,46.0,1,0.0,0.0,,,0.0,0.0,0.0,0.0,(03)0161,provisional,,,,,,not_applicable_n_out_of_range,not_calculated,ROUT not implemented from scratch during MVP per handoff guardrails; no trusted existing implementation wired up yet.
871,42,25,almond hulls,xrf,co,tiny,as is,,ppm,46.0,1,0.0,0.0,,,0.0,0.0,0.0,0.0,(03)01b6,provisional,,,,,,not_applicable_n_out_of_range,not_calculated,ROUT not implemented from scratch during MVP per handoff guardrails; no trusted existing implementation wired up yet.
872,42,25,almond hulls,xrf,rb,tiny,as is,,ppm,46.0,1,7.0,7.0,,,7.0,7.0,0.0,7.0,(03)0663,provisional,,,,,,not_applicable_n_out_of_range,not_calculated,ROUT not implemented from scratch during MVP per handoff guardrails; no trusted existing implementation wired up yet.
873,42,25,almond hulls,xrf,al,tiny,as is,,ppm,46.0,1,4350.0,4350.0,,,4350.0,4350.0,0.0,4350.0,(03)1244,provisional,,,,,,not_applicable_n_out_of_range,not_calculated,ROUT not implemented from scratch during MVP per handoff guardrails; no trusted existing implementation wired up yet.
874,42,25,almond hulls,xrf,mg,tiny,as is,,ppm,46.0,1,0.0,0.0,,,0.0,0.0,0.0,0.0,(03)1492,provisional,,,,,,not_applicable_n_out_of_range,not_calculated,ROUT not implemented from scratch during MVP per handoff guardrails; no trusted existing implementation wired up yet.
875,42,25,almond hulls,xrf,zn,tiny,as is,,ppm,46.0,1,25.0,25.0,,,25.0,25.0,0.0,25.0,(03)1c00,provisional,,,,,,not_applicable_n_out_of_range,not_calculated,ROUT not implemented from scratch during MVP per handoff guardrails; no trusted existing implementation wired up yet.
876,42,25,almond hulls,xrf,mo,tiny,as is,,ppm,46.0,1,10.0,10.0,,,10.0,10.0,0.0,10.0,(03)1dc2,provisional,,,,,,not_applicable_n_out_of_range,not_calculated,ROUT not implemented from scratch during MVP per handoff guardrails; no trusted existing implementation wired up yet.
877,42,25,almond hulls,xrf,th,tiny,as is,,ppm,46.0,1,76.0,76.0,,,76.0,76.0,0.0,76.0,(03)2448,provisional,,,,,,not_applicable_n_out_of_range,not_calculated,ROUT not implemented from scratch during MVP per handoff guardrails; no trusted existing implementation wired up yet.
878,42,25,almond hulls,xrf,y,tiny,as is,,ppm,46.0,1,0.0,0.0,,,0.0,0.0,0.0,0.0,(03)337a,provisional,,,,,,not_applicable_n_out_of_range,not_calculated,ROUT not implemented from scratch during MVP per handoff guardrails; no trusted existing implementation wired up yet.
879,42,25,almond hulls,xrf,s,tiny,as is,,ppm,46.0,1,359.0,359.0,,,359.0,359.0,0.0,359.0,(03)3e42,provisional,,,,,,not_applicable_n_out_of_range,not_calculated,ROUT not implemented from scratch during MVP per handoff guardrails; no trusted existing implementation wired up yet.
880,42,25,almond hulls,xrf,cr,tiny,as is,,ppm,46.0,1,0.0,0.0,,,0.0,0.0,0.0,0.0,(03)5e0f,provisional,,,,,,not_applicable_n_out_of_range,not_calculated,ROUT not implemented from scratch during MVP per handoff guardrails; no trusted existing implementation wired up yet.
881,42,25,almond hulls,xrf,ca,tiny,as is,,ppm,46.0,1,3850.0,3850.0,,,3850.0,3850.0,0.0,3850.0,(03)645d,provisional,,,,,,not_applicable_n_out_of_range,not_calculated,ROUT not implemented from scratch during MVP per handoff guardrails; no trusted existing implementation wired up yet.
882,42,25,almond hulls,xrf,si,tiny,as is,,ppm,46.0,1,17900.0,17900.0,,,17900.0,17900.0,0.0,17900.0,(03)663c,provisional,,,,,,not_applicable_n_out_of_range,not_calculated,ROUT not implemented from scratch during MVP per handoff guardrails; no trusted existing implementation wired up yet.
883,42,25,almond hulls,xrf,cd,tiny,as is,,ppm,46.0,1,0.0,0.0,,,0.0,0.0,0.0,0.0,(03)6772,provisional,,,,,,not_applicable_n_out_of_range,not_calculated,ROUT not implemented from scratch during MVP per handoff guardrails; no trusted existing implementation wired up yet.
884,42,25,almond hulls,xrf,u,tiny,as is,,ppm,46.0,1,21.0,21.0,,,21.0,21.0,0.0,21.0,(03)68d1,provisional,,,,,,not_applicable_n_out_of_range,not_calculated,ROUT not implemented from scratch during MVP per handoff guardrails; no trusted existing implementation wired up yet.
885,42,25,almond hulls,xrf,fe,tiny,as is,,ppm,46.0,1,527.0,527.0,,,527.0,527.0,0.0,527.0,(03)6a5b,provisional,,,,,,not_applicable_n_out_of_range,not_calculated,ROUT not implemented from scratch during MVP per handoff guardrails; no trusted existing implementation wired up yet.
886,42,25,almond hulls,xrf,hg,tiny,as is,,ppm,46.0,1,0.0,0.0,,,0.0,0.0,0.0,0.0,(03)6fa2,provisional,,,,,,not_applicable_n_out_of_range,not_calculated,ROUT not implemented from scratch during MVP per handoff guardrails; no trusted existing implementation wired up yet.
887,42,25,almond hulls,xrf,ti,tiny,as is,,ppm,46.0,1,344.0,344.0,,,344.0,344.0,0.0,344.0,(03)79f8,provisional,,,,,,not_applicable_n_out_of_range,not_calculated,ROUT not implemented from scratch during MVP per handoff guardrails; no trusted existing implementation wired up yet.
888,42,25,almond hulls,xrf,sb,tiny,as is,,ppm,46.0,1,0.0,0.0,,,0.0,0.0,0.0,0.0,(03)7bbf,provisional,,,,,,not_applicable_n_out_of_range,not_calculated,ROUT not implemented from scratch during MVP per handoff guardrails; no trusted existing implementation wired up yet.
889,42,25,almond hulls,xrf,p,tiny,as is,,ppm,46.0,1,529.0,529.0,,,529.0,529.0,0.0,529.0,(03)82cf,provisional,,,,,,not_applicable_n_out_of_range,not_calculated,ROUT not implemented from scratch during MVP per handoff guardrails; no trusted existing implementation wired up yet.
890,42,25,almond hulls,xrf,as,tiny,as is,,ppm,46.0,1,0.0,0.0,,,0.0,0.0,0.0,0.0,(03)87ee,provisional,,,,,,not_applicable_n_out_of_range,not_calculated,ROUT not implemented from scratch during MVP per handoff guardrails; no trusted existing implementation wired up yet.
891,42,25,almond hulls,xrf,sn,tiny,as is,,ppm,46.0,1,0.0,0.0,,,0.0,0.0,0.0,0.0,(03)8ac6,provisional,,,,,,not_applicable_n_out_of_range,not_calculated,ROUT not implemented from scratch during MVP per handoff guardrails; no trusted existing implementation wired up yet.
892,42,25,almond hulls,xrf,se,tiny,as is,,ppm,46.0,1,0.0,0.0,,,0.0,0.0,0.0,0.0,(03)8bb0,provisional,,,,,,not_applicable_n_out_of_range,not_calculated,ROUT not implemented from scratch during MVP per handoff guardrails; no trusted existing implementation wired up yet.
893,42,25,almond hulls,xrf,pb,tiny,as is,,ppm,46.0,1,0.0,0.0,,,0.0,0.0,0.0,0.0,(03)9180,provisional,,,,,,not_applicable_n_out_of_range,not_calculated,ROUT not implemented from scratch during MVP per handoff guardrails; no trusted existing implementation wired up yet.
894,42,25,almond hulls,xrf,pr,tiny,as is,,ppm,46.0,1,58.0,58.0,,,58.0,58.0,0.0,58.0,(03)a7f4,provisional,,,,,,not_applicable_n_out_of_range,not_calculated,ROUT not implemented from scratch during MVP per handoff guardrails; no trusted existing implementation wired up yet.
895,42,25,almond hulls,xrf,ni,tiny,as is,,ppm,46.0,1,0.0,0.0,,,0.0,0.0,0.0,0.0,(03)b582,provisional,,,,,,not_applicable_n_out_of_range,not_calculated,ROUT not implemented from scratch during MVP per handoff guardrails; no trusted existing implementation wired up yet.
896,42,25,almond hulls,xrf,bi,tiny,as is,,ppm,46.0,1,0.0,0.0,,,0.0,0.0,0.0,0.0,(03)b6d0,provisional,,,,,,not_applicable_n_out_of_range,not_calculated,ROUT not implemented from scratch during MVP per handoff guardrails; no trusted existing implementation wired up yet.
897,42,25,almond hulls,xrf,ba,tiny,as is,,ppm,46.0,1,22.0,22.0,,,22.0,22.0,0.0,22.0,(03)b995,provisional,,,,,,not_applicable_n_out_of_range,not_calculated,ROUT not implemented from scratch during MVP per handoff guardrails; no trusted existing implementation wired up yet.
898,42,25,almond hulls,xrf,k,tiny,as is,,ppm,46.0,1,39100.0,39100.0,,,39100.0,39100.0,0.0,39100.0,(03)bbdf,provisional,,,,,,not_applicable_n_out_of_range,not_calculated,ROUT not implemented from scratch during MVP per handoff guardrails; no trusted existing implementation wired up yet.
899,42,25,almond hulls,xrf,nd,tiny,as is,,ppm,46.0,1,0.0,0.0,,,0.0,0.0,0.0,0.0,(03)d09a,provisional,,,,,,not_applicable_n_out_of_range,not_calculated,ROUT not implemented from scratch during MVP per handoff guardrails; no trusted existing implementation wired up yet.
900,42,25,almond hulls,xrf,v,tiny,as is,,ppm,46.0,1,0.0,0.0,,,0.0,0.0,0.0,0.0,(03)d3b2,provisional,,,,,,not_applicable_n_out_of_range,not_calculated,ROUT not implemented from scratch during MVP per handoff guardrails; no trusted existing implementation wired up yet.
901,42,25,almond hulls,xrf,sr,tiny,as is,,ppm,46.0,1,16.0,16.0,,,16.0,16.0,0.0,16.0,(03)d950,provisional,,,,,,not_applicable_n_out_of_range,not_calculated,ROUT not implemented from scratch during MVP per handoff guardrails; no trusted existing implementation wired up yet.
902,42,25,almond hulls,xrf,mn,tiny,as is,,ppm,46.0,1,0.0,0.0,,,0.0,0.0,0.0,0.0,(03)da2a,provisional,,,,,,not_applicable_n_out_of_range,not_calculated,ROUT not implemented from scratch during MVP per handoff guardrails; no trusted existing implementation wired up yet.
903,42,25,almond hulls,xrf,zr,tiny,as is,,ppm,46.0,1,0.0,0.0,,,0.0,0.0,0.0,0.0,(03)e3e0,provisional,,,,,,not_applicable_n_out_of_range,not_calculated,ROUT not implemented from scratch during MVP per handoff guardrails; no trusted existing implementation wired up yet.
904,42,25,almond hulls,xrf,w,tiny,as is,,ppm,46.0,1,0.0,0.0,,,0.0,0.0,0.0,0.0,(03)e8b6,provisional,,,,,,not_applicable_n_out_of_range,not_calculated,ROUT not implemented from scratch during MVP per handoff guardrails; no trusted existing implementation wired up yet.
905,42,25,almond hulls,xrf,ce,tiny,as is,,ppm,46.0,1,42.0,42.0,,,42.0,42.0,0.0,42.0,(03)ea08,provisional,,,,,,not_applicable_n_out_of_range,not_calculated,ROUT not implemented from scratch during MVP per handoff guardrails; no trusted existing implementation wired up yet.
906,42,25,almond hulls,xrf,cu,tiny,as is,,ppm,46.0,1,12.0,12.0,,,12.0,12.0,0.0,12.0,(03)f15b,provisional,,,,,,not_applicable_n_out_of_range,not_calculated,ROUT not implemented from scratch during MVP per handoff guardrails; no trusted existing implementation wired up yet.
907,42,25,almond hulls,xrf,nb,tiny,as is,,ppm,46.0,1,0.0,0.0,,,0.0,0.0,0.0,0.0,(03)f6cb,provisional,,,,,,not_applicable_n_out_of_range,not_calculated,ROUT not implemented from scratch during MVP per handoff guardrails; no trusted existing implementation wired up yet.
908,42,25,almond hulls,xrf,ag,tiny,as is,,ppm,46.0,1,0.0,0.0,,,0.0,0.0,0.0,0.0,(03)fcf0,provisional,,,,,,not_applicable_n_out_of_range,not_calculated,ROUT not implemented from scratch during MVP per handoff guardrails; no trusted existing implementation wired up yet.
909,148,31,almond shells,xrf,k,capstan,knife mill (2mm),,ppm,47.0,3,21800.0,21100.0,1212.4355652982142,5.561631033478047,21100.0,23200.0,2100.0,"21100.0,23200.0,21100.0","(04)0082,(04)7479,(04)d4f0",pass,False,False,1.0,(04)7479,True,calculated,not_calculated,ROUT not implemented from scratch during MVP per handoff guardrails; no trusted existing implementation wired up yet.
910,148,31,almond shells,xrf,si,capstan,knife mill (2mm),,ppm,47.0,3,5280.0,5280.0,160.0,3.0303030303030303,5120.0,5440.0,320.0,"5440.0,5280.0,5120.0","(04)059f,(04)29ee,(04)a859",pass,False,False,0.5,(04)a859,False,calculated,not_calculated,ROUT not implemented from scratch during MVP per handoff guardrails; no trusted existing implementation wired up yet.
911,148,31,almond shells,xrf,s,capstan,knife mill (2mm),,ppm,47.0,3,467.0,473.0,16.822603841260722,3.602270629820284,448.0,480.0,32.0,"480.0,448.0,473.0","(04)05fc,(04)5c8d,(04)66c9",pass,False,False,0.78125,(04)5c8d,False,calculated,not_calculated,ROUT not implemented from scratch during MVP per handoff guardrails; no trusted existing implementation wired up yet.
912,148,31,almond shells,xrf,cu,capstan,knife mill (2mm),,ppm,47.0,3,10.333333333333334,11.0,1.1547005383792517,11.174521339154047,9.0,11.0,2.0,"9.0,11.0,11.0","(04)0a4a,(04)1da4,(04)a116",pass,True,False,1.0,(04)0a4a,True,calculated,not_calculated,ROUT not implemented from scratch during MVP per handoff guardrails; no trusted existing implementation wired up yet.
913,148,31,almond shells,xrf,pr,capstan,knife mill (2mm),,ppm,47.0,2,111.5,111.5,50.20458146424488,45.02653046120616,76.0,147.0,71.0,"147.0,76.0","(04)0e4d,(04)a48f",pass,True,True,,,,not_applicable_n_out_of_range,not_calculated,ROUT not implemented from scratch during MVP per handoff guardrails; no trusted existing implementation wired up yet.
914,148,31,almond shells,xrf,ca,capstan,knife mill (2mm),,ppm,47.0,3,4046.6666666666665,4040.0,30.550504633038937,0.7549548097126592,4020.0,4080.0,60.0,"4080.0,4020.0,4040.0","(04)11d4,(04)1b93,(04)7202",pass,False,False,0.6666666666666666,(04)11d4,False,calculated,not_calculated,ROUT not implemented from scratch during MVP per handoff guardrails; no trusted existing implementation wired up yet.
915,148,31,almond shells,xrf,p,capstan,knife mill (2mm),,ppm,47.0,3,764.6666666666666,773.0,14.433756729740644,1.887588064046292,748.0,773.0,25.0,"773.0,773.0,748.0","(04)158c,(04)1ae0,(04)b583",pass,False,False,1.0,(04)b583,True,calculated,not_calculated,ROUT not implemented from scratch during MVP per handoff guardrails; no trusted existing implementation wired up yet.
916,148,31,almond shells,xrf,sr,capstan,knife mill (2mm),,ppm,47.0,3,21.666666666666668,21.0,1.1547005383792517,5.32938710021193,21.0,23.0,2.0,"21.0,23.0,21.0","(04)1b40,(04)2bcb,(04)8233",pass,False,False,1.0,(04)2bcb,True,calculated,not_calculated,ROUT not implemented from scratch during MVP per handoff guardrails; no trusted existing implementation wired up yet.
917,148,31,almond shells,xrf,u,capstan,knife mill (2mm),,ppm,47.0,3,15.0,15.0,1.0,6.666666666666667,14.0,16.0,2.0,"16.0,15.0,14.0","(04)211e,(04)5f9c,(04)84a7",pass,False,False,0.5,(04)84a7,False,calculated,not_calculated,ROUT not implemented from scratch during MVP per handoff guardrails; no trusted existing implementation wired up yet.
918,148,31,almond shells,xrf,ba,capstan,knife mill (2mm),,ppm,47.0,3,26.0,26.0,3.0,11.538461538461538,23.0,29.0,6.0,"26.0,23.0,29.0","(04)26c5,(04)3a6c,(04)5c87",pass,True,False,0.5,(04)3a6c,False,calculated,not_calculated,ROUT not implemented from scratch during MVP per handoff guardrails; no trusted existing implementation wired up yet.
919,148,31,almond shells,xrf,mg,capstan,knife mill (2mm),,ppm,47.0,1,3880.0,3880.0,,,3880.0,3880.0,0.0,3880.0,(04)285e,fail,,,,,,not_applicable_n_out_of_range,not_calculated,ROUT not implemented from scratch during MVP per handoff guardrails; no trusted existing implementation wired up yet.
920,148,31,almond shells,xrf,ce,capstan,knife mill (2mm),,ppm,47.0,2,63.5,63.5,20.50609665440988,32.29306559749587,49.0,78.0,29.0,"49.0,78.0","(04)288a,(04)9261",pass,True,True,,,,not_applicable_n_out_of_range,not_calculated,ROUT not implemented from scratch during MVP per handoff guardrails; no trusted existing implementation wired up yet.
921,148,31,almond shells,xrf,th,capstan,knife mill (2mm),,ppm,47.0,3,43.66666666666666,44.0,2.516611478423583,5.76323239333645,41.0,46.0,5.0,"41.0,44.0,46.0","(04)37d2,(04)8493,(04)ee12",pass,False,False,0.6,(04)37d2,False,calculated,not_calculated,ROUT not implemented from scratch during MVP per handoff guardrails; no trusted existing implementation wired up yet.
922,148,31,almond shells,xrf,rb,capstan,knife mill (2mm),,ppm,47.0,3,13.333333333333334,14.0,1.1547005383792517,8.660254037844387,12.0,14.0,2.0,"14.0,14.0,12.0","(04)3d9a,(04)9df6,(04)bc1d",pass,False,False,1.0,(04)bc1d,True,calculated,not_calculated,ROUT not implemented from scratch during MVP per handoff guardrails; no trusted existing implementation wired up yet.
923,148,31,almond shells,xrf,ti,capstan,knife mill (2mm),,ppm,47.0,2,194.5,194.5,12.020815280171307,6.180367753301443,186.0,203.0,17.0,"203.0,186.0","(04)3dd4,(04)d17f",pass,False,False,,,,not_applicable_n_out_of_range,not_calculated,ROUT not implemented from scratch during MVP per handoff guardrails; no trusted existing implementation wired up yet.
924,148,31,almond shells,xrf,w,capstan,knife mill (2mm),,ppm,47.0,1,4.0,4.0,,,4.0,4.0,0.0,4.0,(04)3eb6,fail,,,,,,not_applicable_n_out_of_range,not_calculated,ROUT not implemented from scratch during MVP per handoff guardrails; no trusted existing implementation wired up yet.
925,148,31,almond shells,xrf,al,capstan,knife mill (2mm),,ppm,47.0,3,1490.0,1550.0,112.69427669584644,7.563374274889023,1360.0,1560.0,200.0,"1560.0,1360.0,1550.0","(04)56cc,(04)888c,(04)e8bc",pass,False,False,0.95,(04)888c,False,calculated,not_calculated,ROUT not implemented from scratch during MVP per handoff guardrails; no trusted existing implementation wired up yet.
926,148,31,almond shells,xrf,mn,capstan,knife mill (2mm),,ppm,47.0,3,37.333333333333336,31.0,11.846237095944574,31.730992221280108,30.0,51.0,21.0,"31.0,51.0,30.0","(04)661b,(04)c6e9,(04)f326",pass,True,True,0.9523809523809523,(04)c6e9,False,calculated,not_calculated,ROUT not implemented from scratch during MVP per handoff guardrails; no trusted existing implementation wired up yet.
927,148,31,almond shells,xrf,la,capstan,knife mill (2mm),,ppm,47.0,2,47.5,47.5,0.7071067811865476,1.4886458551295738,47.0,48.0,1.0,"48.0,47.0","(04)7819,(04)f5c6",pass,False,False,,,,not_applicable_n_out_of_range,not_calculated,ROUT not implemented from scratch during MVP per handoff guardrails; no trusted existing implementation wired up yet.
928,148,31,almond shells,xrf,nd,capstan,knife mill (2mm),,ppm,47.0,1,94.0,94.0,,,94.0,94.0,0.0,94.0,(04)ceef,fail,,,,,,not_applicable_n_out_of_range,not_calculated,ROUT not implemented from scratch during MVP per handoff guardrails; no trusted existing implementation wired up yet.
929,148,31,almond shells,xrf,fe,capstan,knife mill (2mm),,ppm,47.0,3,517.6666666666666,517.0,8.020806277010644,1.549415249905469,510.0,526.0,16.0,"517.0,510.0,526.0","(04)d1f3,(04)e0e2,(04)ef87",pass,False,False,0.5625,(04)ef87,False,calculated,not_calculated,ROUT not implemented from scratch during MVP per handoff guardrails; no trusted existing implementation wired up yet.
930,148,31,almond shells,xrf,zn,capstan,knife mill (2mm),,ppm,47.0,3,20.666666666666668,21.0,0.5773502691896258,2.793630334788512,20.0,21.0,1.0,"21.0,21.0,20.0","(04)e2e0,(04)ec94,(04)edd8",pass,False,False,1.0,(04)edd8,True,calculated,not_calculated,ROUT not implemented from scratch during MVP per handoff guardrails; no trusted existing implementation wired up yet.
931,160,19,walnut shells,xrf,rb,cutaway,knife mill (2mm),,ppm,47.0,3,4.666666666666667,5.0,0.5773502691896258,12.37179148263484,4.0,5.0,1.0,"4.0,5.0,5.0","(15)00d9,(15)1653,(15)3ec3",pass,True,False,1.0,(15)00d9,True,calculated,not_calculated,ROUT not implemented from scratch during MVP per handoff guardrails; no trusted existing implementation wired up yet.
932,160,19,walnut shells,xrf,u,cutaway,knife mill (2mm),,ppm,47.0,3,16.0,16.0,1.0,6.25,15.0,17.0,2.0,"15.0,17.0,16.0","(15)02c5,(15)8fd6,(15)c0c0",pass,False,False,0.5,(15)02c5,False,calculated,not_calculated,ROUT not implemented from scratch during MVP per handoff guardrails; no trusted existing implementation wired up yet.
933,160,19,walnut shells,xrf,p,cutaway,knife mill (2mm),,ppm,47.0,3,380.6666666666667,389.0,24.583192089989723,6.457931372151416,353.0,400.0,47.0,"389.0,400.0,353.0","(15)058d,(15)1716,(15)5e56",pass,False,False,0.7659574468085106,(15)5e56,False,calculated,not_calculated,ROUT not implemented from scratch during MVP per handoff guardrails; no trusted existing implementation wired up yet.
934,160,19,walnut shells,xrf,sr,cutaway,knife mill (2mm),,ppm,47.0,3,18.0,18.0,1.0,5.555555555555555,17.0,19.0,2.0,"17.0,18.0,19.0","(15)0c45,(15)6cc3,(15)cc90",pass,False,False,0.5,(15)0c45,False,calculated,not_calculated,ROUT not implemented from scratch during MVP per handoff guardrails; no trusted existing implementation wired up yet.
935,160,19,walnut shells,xrf,th,cutaway,knife mill (2mm),,ppm,47.0,3,53.66666666666666,53.0,2.0816659994661326,3.878880744346832,52.0,56.0,4.0,"53.0,52.0,56.0","(15)1296,(15)2d15,(15)7be0",pass,False,False,0.75,(15)7be0,False,calculated,not_calculated,ROUT not implemented from scratch during MVP per handoff guardrails; no trusted existing implementation wired up yet.
936,160,19,walnut shells,xrf,mn,cutaway,knife mill (2mm),,ppm,47.0,3,29.33333333333333,28.0,3.2145502536643185,10.958694046582904,27.0,33.0,6.0,"28.0,27.0,33.0","(15)1866,(15)4bdc,(15)f551",pass,True,False,0.8333333333333334,(15)f551,False,calculated,not_calculated,ROUT not implemented from scratch during MVP per handoff guardrails; no trusted existing implementation wired up yet.
937,160,19,walnut shells,xrf,fe,cutaway,knife mill (2mm),,ppm,47.0,3,81.66666666666667,82.0,3.511884584284246,4.300266837899076,78.0,85.0,7.0,"78.0,82.0,85.0","(15)1fc3,(15)3918,(15)c396",pass,False,False,0.5714285714285714,(15)1fc3,False,calculated,not_calculated,ROUT not implemented from scratch during MVP per handoff guardrails; no trusted existing implementation wired up yet.
938,160,19,walnut shells,xrf,la,cutaway,knife mill (2mm),,ppm,47.0,1,43.0,43.0,,,43.0,43.0,0.0,43.0,(15)2474,pass,,,,,,not_applicable_n_out_of_range,not_calculated,ROUT not implemented from scratch during MVP per handoff guardrails; no trusted existing implementation wired up yet.
939,160,19,walnut shells,xrf,cu,cutaway,knife mill (2mm),,ppm,47.0,3,11.666666666666666,11.0,2.0816659994661326,17.842851423995423,10.0,14.0,4.0,"10.0,14.0,11.0","(15)290b,(15)5b43,(15)8b42",pass,True,False,0.75,(15)5b43,False,calculated,not_calculated,ROUT not implemented from scratch during MVP per handoff guardrails; no trusted existing implementation wired up yet.
940,160,19,walnut shells,xrf,zn,cutaway,knife mill (2mm),,ppm,47.0,3,9.333333333333334,10.0,1.1547005383792517,12.37179148263484,8.0,10.0,2.0,"10.0,10.0,8.0","(15)2b3b,(15)652a,(15)86eb",pass,True,False,1.0,(15)86eb,True,calculated,not_calculated,ROUT not implemented from scratch during MVP per handoff guardrails; no trusted existing implementation wired up yet.
941,160,19,walnut shells,xrf,pr,cutaway,knife mill (2mm),,ppm,47.0,2,70.0,70.0,2.8284271247461903,4.040610178208843,68.0,72.0,4.0,"72.0,68.0","(15)326b,(15)71f8",pass,False,False,,,,not_applicable_n_out_of_range,not_calculated,ROUT not implemented from scratch during MVP per handoff guardrails; no trusted existing implementation wired up yet.
942,160,19,walnut shells,xrf,k,cutaway,knife mill (2mm),,ppm,47.0,3,5436.666666666667,5120.0,664.2539674953649,12.218037415610636,4990.0,6200.0,1210.0,"6200.0,5120.0,4990.0","(15)33c3,(15)7859,(15)deae",pass,True,False,0.8925619834710744,(15)33c3,False,calculated,not_calculated,ROUT not implemented from scratch during MVP per handoff guardrails; no trusted existing implementation wired up yet.
943,160,19,walnut shells,xrf,s,cutaway,knife mill (2mm),,ppm,47.0,3,326.0,341.0,30.4138126514911,9.329390383892976,291.0,346.0,55.0,"346.0,291.0,341.0","(15)412b,(15)7432,(15)cba3",pass,False,False,0.9090909090909091,(15)7432,False,calculated,not_calculated,ROUT not implemented from scratch during MVP per handoff guardrails; no trusted existing implementation wired up yet.
944,160,19,walnut shells,xrf,si,cutaway,knife mill (2mm),,ppm,47.0,3,998.6666666666666,977.0,72.95432360959379,7.30517259108082,939.0,1080.0,141.0,"1080.0,977.0,939.0","(15)4ac4,(15)939b,(15)c846",pass,False,False,0.7304964539007093,(15)4ac4,False,calculated,not_calculated,ROUT not implemented from scratch during MVP per handoff guardrails; no trusted existing implementation wired up yet.
945,160,19,walnut shells,xrf,nd,cutaway,knife mill (2mm),,ppm,47.0,1,95.0,95.0,,,95.0,95.0,0.0,95.0,(15)5971,fail,,,,,,not_applicable_n_out_of_range,not_calculated,ROUT not implemented from scratch during MVP per handoff guardrails; no trusted existing implementation wired up yet.
946,160,19,walnut shells,xrf,co,cutaway,knife mill (2mm),,ppm,47.0,1,8.0,8.0,,,8.0,8.0,0.0,8.0,(15)698e,fail,,,,,,not_applicable_n_out_of_range,not_calculated,ROUT not implemented from scratch during MVP per handoff guardrails; no trusted existing implementation wired up yet.
947,160,19,walnut shells,xrf,ca,cutaway,knife mill (2mm),,ppm,47.0,3,4530.0,4540.0,45.8257569495584,1.0116061136767858,4480.0,4570.0,90.0,"4540.0,4480.0,4570.0","(15)73d9,(15)8a38,(15)d7c8",pass,False,False,0.6666666666666666,(15)8a38,False,calculated,not_calculated,ROUT not implemented from scratch during MVP per handoff guardrails; no trusted existing implementation wired up yet.
948,160,19,walnut shells,xrf,ce,cutaway,knife mill (2mm),,ppm,47.0,3,47.0,45.0,5.291502622129181,11.25851621729613,43.0,53.0,10.0,"43.0,53.0,45.0","(15)aee8,(15)f368,(15)fbf3",pass,True,False,0.8,(15)f368,False,calculated,not_calculated,ROUT not implemented from scratch during MVP per handoff guardrails; no trusted existing implementation wired up yet.
949,160,19,walnut shells,xrf,ba,cutaway,knife mill (2mm),,ppm,47.0,3,27.33333333333333,25.0,4.041451884327381,14.78579957680749,25.0,32.0,7.0,"25.0,25.0,32.0","(15)b130,(15)d38f,(15)dc7b",pass,True,False,1.0,(15)dc7b,True,calculated,not_calculated,ROUT not implemented from scratch during MVP per handoff guardrails; no trusted existing implementation wired up yet.
950,160,19,walnut shells,xrf,ti,cutaway,knife mill (2mm),,ppm,47.0,2,219.0,219.0,12.727922061357855,5.81183655769765,210.0,228.0,18.0,"210.0,228.0","(15)b707,(15)bc5c",pass,False,False,,,,not_applicable_n_out_of_range,not_calculated,ROUT not implemented from scratch during MVP per handoff guardrails; no trusted existing implementation wired up yet.
951,160,19,walnut shells,xrf,al,cutaway,knife mill (2mm),,ppm,47.0,2,711.0,711.0,117.37972567696688,16.509103470740772,628.0,794.0,166.0,"628.0,794.0","(15)c823,(15)e759",pass,True,False,,,,not_applicable_n_out_of_range,not_calculated,ROUT not implemented from scratch during MVP per handoff guardrails; no trusted existing implementation wired up yet.
952,45,13,walnut hulls,xrf,ni,energetic,as is,,ppm,44.0,1,0.0,0.0,,,0.0,0.0,0.0,0.0,(19)02f4,provisional,,,,,,not_applicable_n_out_of_range,not_calculated,ROUT not implemented from scratch during MVP per handoff guardrails; no trusted existing implementation wired up yet.
953,45,13,walnut hulls,xrf,u,energetic,as is,,ppm,44.0,1,14.0,14.0,,,14.0,14.0,0.0,14.0,(19)1637,provisional,,,,,,not_applicable_n_out_of_range,not_calculated,ROUT not implemented from scratch during MVP per handoff guardrails; no trusted existing implementation wired up yet.
954,45,13,walnut hulls,xrf,pr,energetic,as is,,ppm,44.0,1,53.0,53.0,,,53.0,53.0,0.0,53.0,(19)16a6,provisional,,,,,,not_applicable_n_out_of_range,not_calculated,ROUT not implemented from scratch during MVP per handoff guardrails; no trusted existing implementation wired up yet.
955,45,13,walnut hulls,xrf,se,energetic,as is,,ppm,44.0,1,0.0,0.0,,,0.0,0.0,0.0,0.0,(19)278a,provisional,,,,,,not_applicable_n_out_of_range,not_calculated,ROUT not implemented from scratch during MVP per handoff guardrails; no trusted existing implementation wired up yet.
956,45,13,walnut hulls,xrf,ti,energetic,as is,,ppm,44.0,1,0.0,0.0,,,0.0,0.0,0.0,0.0,(19)3303,provisional,,,,,,not_applicable_n_out_of_range,not_calculated,ROUT not implemented from scratch during MVP per handoff guardrails; no trusted existing implementation wired up yet.
957,45,13,walnut hulls,xrf,v,energetic,as is,,ppm,44.0,1,0.0,0.0,,,0.0,0.0,0.0,0.0,(19)3655,provisional,,,,,,not_applicable_n_out_of_range,not_calculated,ROUT not implemented from scratch during MVP per handoff guardrails; no trusted existing implementation wired up yet.
958,45,13,walnut hulls,xrf,p,energetic,as is,,ppm,44.0,1,0.0,0.0,,,0.0,0.0,0.0,0.0,(19)37ca,provisional,,,,,,not_applicable_n_out_of_range,not_calculated,ROUT not implemented from scratch during MVP per handoff guardrails; no trusted existing implementation wired up yet.
959,45,13,walnut hulls,xrf,si,energetic,as is,,ppm,44.0,1,6540.0,6540.0,,,6540.0,6540.0,0.0,6540.0,(19)38c9,provisional,,,,,,not_applicable_n_out_of_range,not_calculated,ROUT not implemented from scratch during MVP per handoff guardrails; no trusted existing implementation wired up yet.
960,45,13,walnut hulls,xrf,sr,energetic,as is,,ppm,44.0,1,49.0,49.0,,,49.0,49.0,0.0,49.0,(19)55eb,provisional,,,,,,not_applicable_n_out_of_range,not_calculated,ROUT not implemented from scratch during MVP per handoff guardrails; no trusted existing implementation wired up yet.
961,45,13,walnut hulls,xrf,w,energetic,as is,,ppm,44.0,1,0.0,0.0,,,0.0,0.0,0.0,0.0,(19)5874,provisional,,,,,,not_applicable_n_out_of_range,not_calculated,ROUT not implemented from scratch during MVP per handoff guardrails; no trusted existing implementation wired up yet.
962,45,13,walnut hulls,xrf,cd,energetic,as is,,ppm,44.0,1,0.0,0.0,,,0.0,0.0,0.0,0.0,(19)6aed,provisional,,,,,,not_applicable_n_out_of_range,not_calculated,ROUT not implemented from scratch during MVP per handoff guardrails; no trusted existing implementation wired up yet.
963,45,13,walnut hulls,xrf,ba,energetic,as is,,ppm,44.0,1,17.0,17.0,,,17.0,17.0,0.0,17.0,(19)6fb1,provisional,,,,,,not_applicable_n_out_of_range,not_calculated,ROUT not implemented from scratch during MVP per handoff guardrails; no trusted existing implementation wired up yet.
964,45,13,walnut hulls,xrf,sn,energetic,as is,,ppm,44.0,1,0.0,0.0,,,0.0,0.0,0.0,0.0,(19)8819,provisional,,,,,,not_applicable_n_out_of_range,not_calculated,ROUT not implemented from scratch during MVP per handoff guardrails; no trusted existing implementation wired up yet.
965,45,13,walnut hulls,xrf,y,energetic,as is,,ppm,44.0,1,0.0,0.0,,,0.0,0.0,0.0,0.0,(19)8bc9,provisional,,,,,,not_applicable_n_out_of_range,not_calculated,ROUT not implemented from scratch during MVP per handoff guardrails; no trusted existing implementation wired up yet.
966,45,13,walnut hulls,xrf,co,energetic,as is,,ppm,44.0,1,0.0,0.0,,,0.0,0.0,0.0,0.0,(19)8cb9,provisional,,,,,,not_applicable_n_out_of_range,not_calculated,ROUT not implemented from scratch during MVP per handoff guardrails; no trusted existing implementation wired up yet.
967,45,13,walnut hulls,xrf,mo,energetic,as is,,ppm,44.0,1,11.0,11.0,,,11.0,11.0,0.0,11.0,(19)90a5,provisional,,,,,,not_applicable_n_out_of_range,not_calculated,ROUT not implemented from scratch during MVP per handoff guardrails; no trusted existing implementation wired up yet.
968,45,13,walnut hulls,xrf,rb,energetic,as is,,ppm,44.0,1,14.0,14.0,,,14.0,14.0,0.0,14.0,(19)9629,provisional,,,,,,not_applicable_n_out_of_range,not_calculated,ROUT not implemented from scratch during MVP per handoff guardrails; no trusted existing implementation wired up yet.
969,45,13,walnut hulls,xrf,sb,energetic,as is,,ppm,44.0,1,0.0,0.0,,,0.0,0.0,0.0,0.0,(19)9c14,provisional,,,,,,not_applicable_n_out_of_range,not_calculated,ROUT not implemented from scratch during MVP per handoff guardrails; no trusted existing implementation wired up yet.
970,45,13,walnut hulls,xrf,k,energetic,as is,,ppm,44.0,1,3940.0,3940.0,,,3940.0,3940.0,0.0,3940.0,(19)a5fe,provisional,,,,,,not_applicable_n_out_of_range,not_calculated,ROUT not implemented from scratch during MVP per handoff guardrails; no trusted existing implementation wired up yet.
971,45,13,walnut hulls,xrf,ag,energetic,as is,,ppm,44.0,1,0.0,0.0,,,0.0,0.0,0.0,0.0,(19)ade8,provisional,,,,,,not_applicable_n_out_of_range,not_calculated,ROUT not implemented from scratch during MVP per handoff guardrails; no trusted existing implementation wired up yet.
972,45,13,walnut hulls,xrf,th,energetic,as is,,ppm,44.0,1,73.0,73.0,,,73.0,73.0,0.0,73.0,(19)b41c,provisional,,,,,,not_applicable_n_out_of_range,not_calculated,ROUT not implemented from scratch during MVP per handoff guardrails; no trusted existing implementation wired up yet.
973,45,13,walnut hulls,xrf,ce,energetic,as is,,ppm,44.0,1,43.0,43.0,,,43.0,43.0,0.0,43.0,(19)b77b,provisional,,,,,,not_applicable_n_out_of_range,not_calculated,ROUT not implemented from scratch during MVP per handoff guardrails; no trusted existing implementation wired up yet.
974,45,13,walnut hulls,xrf,mg,energetic,as is,,ppm,44.0,1,0.0,0.0,,,0.0,0.0,0.0,0.0,(19)c238,provisional,,,,,,not_applicable_n_out_of_range,not_calculated,ROUT not implemented from scratch during MVP per handoff guardrails; no trusted existing implementation wired up yet.
975,45,13,walnut hulls,xrf,fe,energetic,as is,,ppm,44.0,1,2830.0,2830.0,,,2830.0,2830.0,0.0,2830.0,(19)c4fb,provisional,,,,,,not_applicable_n_out_of_range,not_calculated,ROUT not implemented from scratch during MVP per handoff guardrails; no trusted existing implementation wired up yet.
976,45,13,walnut hulls,xrf,pb,energetic,as is,,ppm,44.0,1,0.0,0.0,,,0.0,0.0,0.0,0.0,(19)c890,provisional,,,,,,not_applicable_n_out_of_range,not_calculated,ROUT not implemented from scratch during MVP per handoff guardrails; no trusted existing implementation wired up yet.
977,45,13,walnut hulls,xrf,nb,energetic,as is,,ppm,44.0,1,0.0,0.0,,,0.0,0.0,0.0,0.0,(19)cadd,provisional,,,,,,not_applicable_n_out_of_range,not_calculated,ROUT not implemented from scratch during MVP per handoff guardrails; no trusted existing implementation wired up yet.
978,45,13,walnut hulls,xrf,al,energetic,as is,,ppm,44.0,1,0.0,0.0,,,0.0,0.0,0.0,0.0,(19)d4e1,provisional,,,,,,not_applicable_n_out_of_range,not_calculated,ROUT not implemented from scratch during MVP per handoff guardrails; no trusted existing implementation wired up yet.
979,45,13,walnut hulls,xrf,hg,energetic,as is,,ppm,44.0,1,0.0,0.0,,,0.0,0.0,0.0,0.0,(19)d761,provisional,,,,,,not_applicable_n_out_of_range,not_calculated,ROUT not implemented from scratch during MVP per handoff guardrails; no trusted existing implementation wired up yet.
980,45,13,walnut hulls,xrf,cr,energetic,as is,,ppm,44.0,1,0.0,0.0,,,0.0,0.0,0.0,0.0,(19)db1e,provisional,,,,,,not_applicable_n_out_of_range,not_calculated,ROUT not implemented from scratch during MVP per handoff guardrails; no trusted existing implementation wired up yet.
981,45,13,walnut hulls,xrf,zr,energetic,as is,,ppm,44.0,1,0.0,0.0,,,0.0,0.0,0.0,0.0,(19)de3d,provisional,,,,,,not_applicable_n_out_of_range,not_calculated,ROUT not implemented from scratch during MVP per handoff guardrails; no trusted existing implementation wired up yet.
982,45,13,walnut hulls,xrf,bi,energetic,as is,,ppm,44.0,1,0.0,0.0,,,0.0,0.0,0.0,0.0,(19)e666,provisional,,,,,,not_applicable_n_out_of_range,not_calculated,ROUT not implemented from scratch during MVP per handoff guardrails; no trusted existing implementation wired up yet.
983,45,13,walnut hulls,xrf,la,energetic,as is,,ppm,44.0,1,29.0,29.0,,,29.0,29.0,0.0,29.0,(19)e679,provisional,,,,,,not_applicable_n_out_of_range,not_calculated,ROUT not implemented from scratch during MVP per handoff guardrails; no trusted existing implementation wired up yet.
984,45,13,walnut hulls,xrf,nd,energetic,as is,,ppm,44.0,1,76.0,76.0,,,76.0,76.0,0.0,76.0,(19)e74d,provisional,,,,,,not_applicable_n_out_of_range,not_calculated,ROUT not implemented from scratch during MVP per handoff guardrails; no trusted existing implementation wired up yet.
985,45,13,walnut hulls,xrf,zn,energetic,as is,,ppm,44.0,1,13.0,13.0,,,13.0,13.0,0.0,13.0,(19)e9e9,provisional,,,,,,not_applicable_n_out_of_range,not_calculated,ROUT not implemented from scratch during MVP per handoff guardrails; no trusted existing implementation wired up yet.
986,45,13,walnut hulls,xrf,mn,energetic,as is,,ppm,44.0,1,69.0,69.0,,,69.0,69.0,0.0,69.0,(19)eed6,provisional,,,,,,not_applicable_n_out_of_range,not_calculated,ROUT not implemented from scratch during MVP per handoff guardrails; no trusted existing implementation wired up yet.
987,45,13,walnut hulls,xrf,ca,energetic,as is,,ppm,44.0,1,4370.0,4370.0,,,4370.0,4370.0,0.0,4370.0,(19)f0d5,provisional,,,,,,not_applicable_n_out_of_range,not_calculated,ROUT not implemented from scratch during MVP per handoff guardrails; no trusted existing implementation wired up yet.
988,45,13,walnut hulls,xrf,as,energetic,as is,,ppm,44.0,1,0.0,0.0,,,0.0,0.0,0.0,0.0,(19)f104,provisional,,,,,,not_applicable_n_out_of_range,not_calculated,ROUT not implemented from scratch during MVP per handoff guardrails; no trusted existing implementation wired up yet.
989,45,13,walnut hulls,xrf,s,energetic,as is,,ppm,44.0,1,168.0,168.0,,,168.0,168.0,0.0,168.0,(19)f5a6,provisional,,,,,,not_applicable_n_out_of_range,not_calculated,ROUT not implemented from scratch during MVP per handoff guardrails; no trusted existing implementation wired up yet.
990,45,13,walnut hulls,xrf,cu,energetic,as is,,ppm,44.0,1,14.0,14.0,,,14.0,14.0,0.0,14.0,(19)f91f,provisional,,,,,,not_applicable_n_out_of_range,not_calculated,ROUT not implemented from scratch during MVP per handoff guardrails; no trusted existing implementation wired up yet.
991,108,23,grape pomace,xrf,mn,boatswain,oven dry + knife mill (2mm),,ppm,47.0,3,46.0,48.0,9.16515138991168,19.924242151981915,36.0,54.0,18.0,"36.0,54.0,48.0","(24)017d,(24)4337,(24)8e40",pass,True,False,0.6666666666666666,(24)017d,False,calculated,not_calculated,ROUT not implemented from scratch during MVP per handoff guardrails; no trusted existing implementation wired up yet.
992,108,23,grape pomace,xrf,ba,boatswain,oven dry + knife mill (2mm),,ppm,47.0,3,731.3333333333334,65.0,1176.7116610849632,160.89949786941156,39.0,2090.0,2051.0,"65.0,39.0,2090.0","(24)073c,(24)3336,(24)c777",pass,True,True,0.9873232569478303,(24)c777,True,calculated,not_calculated,ROUT not implemented from scratch during MVP per handoff guardrails; no trusted existing implementation wired up yet.
993,108,23,grape pomace,xrf,ce,boatswain,oven dry + knife mill (2mm),,ppm,47.0,3,1393.3333333333333,116.0,2248.87734955318,161.40268058994113,74.0,3990.0,3916.0,"74.0,3990.0,116.0","(24)0db7,(24)c76f,(24)f293",pass,True,True,0.9892747701736466,(24)c76f,True,calculated,not_calculated,ROUT not implemented from scratch during MVP per handoff guardrails; no trusted existing implementation wired up yet.
994,108,23,grape pomace,xrf,p,boatswain,oven dry + knife mill (2mm),,ppm,47.0,3,2663.333333333333,2670.0,30.550504633038937,1.147077770952651,2630.0,2690.0,60.0,"2670.0,2630.0,2690.0","(24)14de,(24)90b9,(24)c97d",pass,False,False,0.6666666666666666,(24)90b9,False,calculated,not_calculated,ROUT not implemented from scratch during MVP per handoff guardrails; no trusted existing implementation wired up yet.
995,108,23,grape pomace,xrf,zn,boatswain,oven dry + knife mill (2mm),,ppm,47.0,3,24.33333333333333,24.0,1.5275252316519463,6.277500951994301,23.0,26.0,3.0,"24.0,26.0,23.0","(24)1ba3,(24)5cba,(24)779c",pass,False,False,0.6666666666666666,(24)5cba,False,calculated,not_calculated,ROUT not implemented from scratch during MVP per handoff guardrails; no trusted existing implementation wired up yet.
996,108,23,grape pomace,xrf,la,boatswain,oven dry + knife mill (2mm),,ppm,47.0,3,1058.6666666666667,75.0,1707.225917485244,161.26189396900918,71.0,3030.0,2959.0,"71.0,3030.0,75.0","(24)2053,(24)3474,(24)4cbe",pass,True,True,0.9986481919567421,(24)3474,True,calculated,not_calculated,ROUT not implemented from scratch during MVP per handoff guardrails; no trusted existing implementation wired up yet.
997,108,23,grape pomace,xrf,s,boatswain,oven dry + knife mill (2mm),,ppm,47.0,3,2586.6666666666665,2590.0,75.05553499465135,2.901631507525181,2510.0,2660.0,150.0,"2590.0,2510.0,2660.0","(24)235a,(24)a140,(24)c072",pass,False,False,0.5333333333333333,(24)a140,False,calculated,not_calculated,ROUT not implemented from scratch during MVP per handoff guardrails; no trusted existing implementation wired up yet.
998,108,23,grape pomace,xrf,u,boatswain,oven dry + knife mill (2mm),,ppm,47.0,3,13.333333333333334,14.0,1.1547005383792517,8.660254037844387,12.0,14.0,2.0,"14.0,12.0,14.0","(24)3380,(24)55e4,(24)b15e",pass,False,False,1.0,(24)55e4,True,calculated,not_calculated,ROUT not implemented from scratch during MVP per handoff guardrails; no trusted existing implementation wired up yet.
999,108,23,grape pomace,xrf,al,boatswain,oven dry + knife mill (2mm),,ppm,47.0,1,717.0,717.0,,,717.0,717.0,0.0,717.0,(24)5058,fail,,,,,,not_applicable_n_out_of_range,not_calculated,ROUT not implemented from scratch during MVP per handoff guardrails; no trusted existing implementation wired up yet.
1000,108,23,grape pomace,xrf,cu,boatswain,oven dry + knife mill (2mm),,ppm,47.0,3,22.33333333333333,22.0,0.5773502691896258,2.5851504590580263,22.0,23.0,1.0,"22.0,22.0,23.0","(24)6efc,(24)a238,(24)d959",pass,False,False,1.0,(24)d959,True,calculated,not_calculated,ROUT not implemented from scratch during MVP per handoff guardrails; no trusted existing implementation wired up yet.
1001,108,23,grape pomace,xrf,k,boatswain,oven dry + knife mill (2mm),,ppm,47.0,3,19933.33333333333,20300.0,635.0852961085884,3.186046635996264,19200.0,20300.0,1100.0,"20300.0,20300.0,19200.0","(24)7190,(24)bea0,(24)c419",pass,False,False,1.0,(24)c419,True,calculated,not_calculated,ROUT not implemented from scratch during MVP per handoff guardrails; no trusted existing implementation wired up yet.
1002,108,23,grape pomace,xrf,ca,boatswain,oven dry + knife mill (2mm),,ppm,47.0,3,6593.333333333333,6540.0,128.58201014657274,1.9501821559136412,6500.0,6740.0,240.0,"6500.0,6540.0,6740.0","(24)7d9c,(24)9e55,(24)fec7",pass,False,False,0.8333333333333334,(24)fec7,False,calculated,not_calculated,ROUT not implemented from scratch during MVP per handoff guardrails; no trusted existing implementation wired up yet.
1003,108,23,grape pomace,xrf,fe,boatswain,oven dry + knife mill (2mm),,ppm,47.0,3,385.3333333333333,387.0,4.725815626252609,1.2264227403769743,380.0,389.0,9.0,"380.0,387.0,389.0","(24)80af,(24)9d04,(24)c93f",pass,False,False,0.7777777777777778,(24)80af,False,calculated,not_calculated,ROUT not implemented from scratch during MVP per handoff guardrails; no trusted existing implementation wired up yet.
1004,108,23,grape pomace,xrf,th,boatswain,oven dry + knife mill (2mm),,ppm,47.0,3,39.66666666666666,41.0,3.214550253664318,8.103908202515088,36.0,42.0,6.0,"41.0,36.0,42.0","(24)9495,(24)95d4,(24)bbdf",pass,False,False,0.8333333333333334,(24)95d4,False,calculated,not_calculated,ROUT not implemented from scratch during MVP per handoff guardrails; no trusted existing implementation wired up yet.
1005,108,23,grape pomace,xrf,sr,boatswain,oven dry + knife mill (2mm),,ppm,47.0,3,35.0,35.0,1.0,2.857142857142857,34.0,36.0,2.0,"34.0,35.0,36.0","(24)964c,(24)b3af,(24)dcf4",pass,False,False,0.5,(24)964c,False,calculated,not_calculated,ROUT not implemented from scratch during MVP per handoff guardrails; no trusted existing implementation wired up yet.
1006,108,23,grape pomace,xrf,pr,boatswain,oven dry + knife mill (2mm),,ppm,47.0,1,93.0,93.0,,,93.0,93.0,0.0,93.0,(24)9677,fail,,,,,,not_applicable_n_out_of_range,not_calculated,ROUT not implemented from scratch during MVP per handoff guardrails; no trusted existing implementation wired up yet.
1007,108,23,grape pomace,xrf,si,boatswain,oven dry + knife mill (2mm),,ppm,47.0,3,3260.0,3270.0,36.05551275463989,1.1059973237619598,3220.0,3290.0,70.0,"3270.0,3220.0,3290.0","(24)b5ac,(24)c423,(24)ed40",pass,False,False,0.7142857142857143,(24)c423,False,calculated,not_calculated,ROUT not implemented from scratch during MVP per handoff guardrails; no trusted existing implementation wired up yet.
1008,108,23,grape pomace,xrf,rb,boatswain,oven dry + knife mill (2mm),,ppm,47.0,3,3.0,3.0,0.0,0.0,3.0,3.0,0.0,"3.0,3.0,3.0","(24)bc68,(24)e688,(24)f8ff",pass,False,False,,,,not_applicable_zero_range,not_calculated,ROUT not implemented from scratch during MVP per handoff guardrails; no trusted existing implementation wired up yet.
1009,108,23,grape pomace,xrf,mg,boatswain,oven dry + knife mill (2mm),,ppm,47.0,1,3670.0,3670.0,,,3670.0,3670.0,0.0,3670.0,(24)e069,fail,,,,,,not_applicable_n_out_of_range,not_calculated,ROUT not implemented from scratch during MVP per handoff guardrails; no trusted existing implementation wired up yet.
1010,108,23,grape pomace,xrf,mo,boatswain,oven dry + knife mill (2mm),,ppm,47.0,1,4.0,4.0,,,4.0,4.0,0.0,4.0,(24)ecad,fail,,,,,,not_applicable_n_out_of_range,not_calculated,ROUT not implemented from scratch during MVP per handoff guardrails; no trusted existing implementation wired up yet.
1011,108,23,grape pomace,xrf,co,boatswain,oven dry + knife mill (2mm),,ppm,47.0,1,12.0,12.0,,,12.0,12.0,0.0,12.0,(24)f574,fail,,,,,,not_applicable_n_out_of_range,not_calculated,ROUT not implemented from scratch during MVP per handoff guardrails; no trusted existing implementation wired up yet.
1012,144,25,almond hulls,xrf,fe,tiny,knife mill (2mm),,ppm,47.0,3,475.0,463.0,21.656407827707717,4.559243753201623,462.0,500.0,38.0,"463.0,500.0,462.0","(27)0312,(27)1859,(27)65d2",pass,False,False,0.9736842105263158,(27)1859,True,calculated,not_calculated,ROUT not implemented from scratch during MVP per handoff guardrails; no trusted existing implementation wired up yet.
1013,144,25,almond hulls,xrf,k,tiny,knife mill (2mm),,ppm,47.0,3,33133.333333333336,33300.0,472.58156262526086,1.4263025028931413,32600.0,33500.0,900.0,"32600.0,33300.0,33500.0","(27)0f78,(27)3513,(27)7555",pass,False,False,0.7777777777777778,(27)0f78,False,calculated,not_calculated,ROUT not implemented from scratch during MVP per handoff guardrails; no trusted existing implementation wired up yet.
1014,144,25,almond hulls,xrf,sr,tiny,knife mill (2mm),,ppm,47.0,3,17.0,17.0,1.0,5.88235294117647,16.0,18.0,2.0,"18.0,16.0,17.0","(27)12e7,(27)a0c4,(27)d090",pass,False,False,0.5,(27)a0c4,False,calculated,not_calculated,ROUT not implemented from scratch during MVP per handoff guardrails; no trusted existing implementation wired up yet.
1015,144,25,almond hulls,xrf,zn,tiny,knife mill (2mm),,ppm,47.0,3,15.333333333333334,15.0,0.5773502691896257,3.765327842541037,15.0,16.0,1.0,"15.0,15.0,16.0","(27)1b32,(27)845c,(27)e35f",pass,False,False,1.0,(27)e35f,True,calculated,not_calculated,ROUT not implemented from scratch during MVP per handoff guardrails; no trusted existing implementation wired up yet.
1016,144,25,almond hulls,xrf,si,tiny,knife mill (2mm),,ppm,47.0,3,3023.333333333333,2980.0,111.50485789118488,3.68814303939972,2940.0,3150.0,210.0,"2940.0,3150.0,2980.0","(27)1d4d,(27)5fa1,(27)854b",pass,False,False,0.8095238095238095,(27)5fa1,False,calculated,not_calculated,ROUT not implemented from scratch during MVP per handoff guardrails; no trusted existing implementation wired up yet.
1017,144,25,almond hulls,xrf,cu,tiny,knife mill (2mm),,ppm,47.0,3,12.0,12.0,0.0,0.0,12.0,12.0,0.0,"12.0,12.0,12.0","(27)2cf6,(27)86fa,(27)d003",pass,False,False,,,,not_applicable_zero_range,not_calculated,ROUT not implemented from scratch during MVP per handoff guardrails; no trusted existing implementation wired up yet.
1018,144,25,almond hulls,xrf,th,tiny,knife mill (2mm),,ppm,47.0,3,44.66666666666666,46.0,3.214550253664318,7.1967542992484725,41.0,47.0,6.0,"47.0,46.0,41.0","(27)3849,(27)7675,(27)bda6",pass,False,False,0.8333333333333334,(27)bda6,False,calculated,not_calculated,ROUT not implemented from scratch during MVP per handoff guardrails; no trusted existing implementation wired up yet.
1019,144,25,almond hulls,xrf,p,tiny,knife mill (2mm),,ppm,47.0,3,1273.3333333333333,1270.0,35.11884584284247,2.7580245426316075,1240.0,1310.0,70.0,"1270.0,1240.0,1310.0","(27)3cec,(27)3f13,(27)67db",pass,False,False,0.5714285714285714,(27)67db,False,calculated,not_calculated,ROUT not implemented from scratch during MVP per handoff guardrails; no trusted existing implementation wired up yet.
1020,144,25,almond hulls,xrf,ti,tiny,knife mill (2mm),,ppm,47.0,1,185.0,185.0,,,185.0,185.0,0.0,185.0,(27)3d65,fail,,,,,,not_applicable_n_out_of_range,not_calculated,ROUT not implemented from scratch during MVP per handoff guardrails; no trusted existing implementation wired up yet.
1021,144,25,almond hulls,xrf,ca,tiny,knife mill (2mm),,ppm,47.0,3,2646.6666666666665,2640.0,30.550504633038937,1.154301182608524,2620.0,2680.0,60.0,"2640.0,2680.0,2620.0","(27)3e86,(27)b043,(27)ddf2",pass,False,False,0.6666666666666666,(27)b043,False,calculated,not_calculated,ROUT not implemented from scratch during MVP per handoff guardrails; no trusted existing implementation wired up yet.
1022,144,25,almond hulls,xrf,la,tiny,knife mill (2mm),,ppm,47.0,1,57.0,57.0,,,57.0,57.0,0.0,57.0,(27)4ac4,fail,,,,,,not_applicable_n_out_of_range,not_calculated,ROUT not implemented from scratch during MVP per handoff guardrails; no trusted existing implementation wired up yet.
1023,144,25,almond hulls,xrf,nd,tiny,knife mill (2mm),,ppm,47.0,2,112.5,112.5,27.577164466275352,24.513035081133648,93.0,132.0,39.0,"132.0,93.0","(27)61d2,(27)9ace",pass,True,True,,,,not_applicable_n_out_of_range,not_calculated,ROUT not implemented from scratch during MVP per handoff guardrails; no trusted existing implementation wired up yet.
1024,144,25,almond hulls,xrf,rb,tiny,knife mill (2mm),,ppm,47.0,3,9.333333333333334,10.0,1.1547005383792517,12.37179148263484,8.0,10.0,2.0,"10.0,10.0,8.0","(27)6534,(27)6acb,(27)edc1",pass,True,False,1.0,(27)edc1,True,calculated,not_calculated,ROUT not implemented from scratch during MVP per handoff guardrails; no trusted existing implementation wired up yet.
1025,144,25,almond hulls,xrf,u,tiny,knife mill (2mm),,ppm,47.0,3,13.666666666666666,14.0,1.5275252316519468,11.177013890136196,12.0,15.0,3.0,"14.0,15.0,12.0","(27)67c0,(27)b6ae,(27)f621",pass,True,False,0.6666666666666666,(27)f621,False,calculated,not_calculated,ROUT not implemented from scratch during MVP per handoff guardrails; no trusted existing implementation wired up yet.
1026,144,25,almond hulls,xrf,pr,tiny,knife mill (2mm),,ppm,47.0,1,71.0,71.0,,,71.0,71.0,0.0,71.0,(27)6dcd,fail,,,,,,not_applicable_n_out_of_range,not_calculated,ROUT not implemented from scratch during MVP per handoff guardrails; no trusted existing implementation wired up yet.
1027,144,25,almond hulls,xrf,s,tiny,knife mill (2mm),,ppm,47.0,3,237.33333333333331,225.0,31.374086972106983,13.219418668022604,214.0,273.0,59.0,"225.0,273.0,214.0","(27)71b6,(27)7234,(27)9af4",pass,True,False,0.8135593220338984,(27)7234,False,calculated,not_calculated,ROUT not implemented from scratch during MVP per handoff guardrails; no trusted existing implementation wired up yet.
1028,144,25,almond hulls,xrf,mn,tiny,knife mill (2mm),,ppm,47.0,3,38.66666666666666,36.0,6.429100507328637,16.626984070677512,34.0,46.0,12.0,"36.0,46.0,34.0","(27)75ce,(27)98eb,(27)c4dc",pass,True,False,0.8333333333333334,(27)98eb,False,calculated,not_calculated,ROUT not implemented from scratch during MVP per handoff guardrails; no trusted existing implementation wired up yet.
1029,144,25,almond hulls,xrf,ce,tiny,knife mill (2mm),,ppm,47.0,3,53.333333333333336,48.0,10.11599393699568,18.967488631866896,47.0,65.0,18.0,"65.0,47.0,48.0","(27)8cf6,(27)9743,(27)e706",pass,True,False,0.9444444444444444,(27)8cf6,False,calculated,not_calculated,ROUT not implemented from scratch during MVP per handoff guardrails; no trusted existing implementation wired up yet.
1030,144,25,almond hulls,xrf,ba,tiny,knife mill (2mm),,ppm,47.0,1,47.0,47.0,,,47.0,47.0,0.0,47.0,(27)d2bd,fail,,,,,,not_applicable_n_out_of_range,not_calculated,ROUT not implemented from scratch during MVP per handoff guardrails; no trusted existing implementation wired up yet.
1031,44,19,walnut shells,xrf,se,energetic,as is,,ppm,44.0,1,0.0,0.0,,,0.0,0.0,0.0,0.0,(29)030e,provisional,,,,,,not_applicable_n_out_of_range,not_calculated,ROUT not implemented from scratch during MVP per handoff guardrails; no trusted existing implementation wired up yet.
1032,44,19,walnut shells,xrf,cd,energetic,as is,,ppm,44.0,1,0.0,0.0,,,0.0,0.0,0.0,0.0,(29)06ad,provisional,,,,,,not_applicable_n_out_of_range,not_calculated,ROUT not implemented from scratch during MVP per handoff guardrails; no trusted existing implementation wired up yet.
1033,44,19,walnut shells,xrf,pb,energetic,as is,,ppm,44.0,1,0.0,0.0,,,0.0,0.0,0.0,0.0,(29)0ab9,provisional,,,,,,not_applicable_n_out_of_range,not_calculated,ROUT not implemented from scratch during MVP per handoff guardrails; no trusted existing implementation wired up yet.
1034,44,19,walnut shells,xrf,al,energetic,as is,,ppm,44.0,1,0.0,0.0,,,0.0,0.0,0.0,0.0,(29)0b5a,provisional,,,,,,not_applicable_n_out_of_range,not_calculated,ROUT not implemented from scratch during MVP per handoff guardrails; no trusted existing implementation wired up yet.
1035,44,19,walnut shells,xrf,nd,energetic,as is,,ppm,44.0,1,0.0,0.0,,,0.0,0.0,0.0,0.0,(29)16ec,provisional,,,,,,not_applicable_n_out_of_range,not_calculated,ROUT not implemented from scratch during MVP per handoff guardrails; no trusted existing implementation wired up yet.
1036,44,19,walnut shells,xrf,w,energetic,as is,,ppm,44.0,1,0.0,0.0,,,0.0,0.0,0.0,0.0,(29)186d,provisional,,,,,,not_applicable_n_out_of_range,not_calculated,ROUT not implemented from scratch during MVP per handoff guardrails; no trusted existing implementation wired up yet.
1037,44,19,walnut shells,xrf,fe,energetic,as is,,ppm,44.0,1,41.0,41.0,,,41.0,41.0,0.0,41.0,(29)1def,provisional,,,,,,not_applicable_n_out_of_range,not_calculated,ROUT not implemented from scratch during MVP per handoff guardrails; no trusted existing implementation wired up yet.
1038,44,19,walnut shells,xrf,sb,energetic,as is,,ppm,44.0,1,0.0,0.0,,,0.0,0.0,0.0,0.0,(29)2496,provisional,,,,,,not_applicable_n_out_of_range,not_calculated,ROUT not implemented from scratch during MVP per handoff guardrails; no trusted existing implementation wired up yet.
1039,44,19,walnut shells,xrf,as,energetic,as is,,ppm,44.0,1,0.0,0.0,,,0.0,0.0,0.0,0.0,(29)3e7f,provisional,,,,,,not_applicable_n_out_of_range,not_calculated,ROUT not implemented from scratch during MVP per handoff guardrails; no trusted existing implementation wired up yet.
1040,44,19,walnut shells,xrf,ca,energetic,as is,,ppm,44.0,1,8200.0,8200.0,,,8200.0,8200.0,0.0,8200.0,(29)4607,provisional,,,,,,not_applicable_n_out_of_range,not_calculated,ROUT not implemented from scratch during MVP per handoff guardrails; no trusted existing implementation wired up yet.
1041,44,19,walnut shells,xrf,k,energetic,as is,,ppm,44.0,1,12700.0,12700.0,,,12700.0,12700.0,0.0,12700.0,(29)4b23,provisional,,,,,,not_applicable_n_out_of_range,not_calculated,ROUT not implemented from scratch during MVP per handoff guardrails; no trusted existing implementation wired up yet.
1042,44,19,walnut shells,xrf,ba,energetic,as is,,ppm,44.0,1,36.0,36.0,,,36.0,36.0,0.0,36.0,(29)55e0,provisional,,,,,,not_applicable_n_out_of_range,not_calculated,ROUT not implemented from scratch during MVP per handoff guardrails; no trusted existing implementation wired up yet.
1043,44,19,walnut shells,xrf,mg,energetic,as is,,ppm,44.0,1,0.0,0.0,,,0.0,0.0,0.0,0.0,(29)5c08,provisional,,,,,,not_applicable_n_out_of_range,not_calculated,ROUT not implemented from scratch during MVP per handoff guardrails; no trusted existing implementation wired up yet.
1044,44,19,walnut shells,xrf,rb,energetic,as is,,ppm,44.0,1,0.0,0.0,,,0.0,0.0,0.0,0.0,(29)5c68,provisional,,,,,,not_applicable_n_out_of_range,not_calculated,ROUT not implemented from scratch during MVP per handoff guardrails; no trusted existing implementation wired up yet.
1045,44,19,walnut shells,xrf,sn,energetic,as is,,ppm,44.0,1,0.0,0.0,,,0.0,0.0,0.0,0.0,(29)5dbe,provisional,,,,,,not_applicable_n_out_of_range,not_calculated,ROUT not implemented from scratch during MVP per handoff guardrails; no trusted existing implementation wired up yet.
1046,44,19,walnut shells,xrf,mo,energetic,as is,,ppm,44.0,1,6.0,6.0,,,6.0,6.0,0.0,6.0,(29)5fac,provisional,,,,,,not_applicable_n_out_of_range,not_calculated,ROUT not implemented from scratch during MVP per handoff guardrails; no trusted existing implementation wired up yet.
1047,44,19,walnut shells,xrf,cu,energetic,as is,,ppm,44.0,1,15.0,15.0,,,15.0,15.0,0.0,15.0,(29)6322,provisional,,,,,,not_applicable_n_out_of_range,not_calculated,ROUT not implemented from scratch during MVP per handoff guardrails; no trusted existing implementation wired up yet.
1048,44,19,walnut shells,xrf,la,energetic,as is,,ppm,44.0,1,60.0,60.0,,,60.0,60.0,0.0,60.0,(29)7924,provisional,,,,,,not_applicable_n_out_of_range,not_calculated,ROUT not implemented from scratch during MVP per handoff guardrails; no trusted existing implementation wired up yet.
1049,44,19,walnut shells,xrf,p,energetic,as is,,ppm,44.0,1,705.0,705.0,,,705.0,705.0,0.0,705.0,(29)7a00,provisional,,,,,,not_applicable_n_out_of_range,not_calculated,ROUT not implemented from scratch during MVP per handoff guardrails; no trusted existing implementation wired up yet.
1050,44,19,walnut shells,xrf,sr,energetic,as is,,ppm,44.0,1,18.0,18.0,,,18.0,18.0,0.0,18.0,(29)80ed,provisional,,,,,,not_applicable_n_out_of_range,not_calculated,ROUT not implemented from scratch during MVP per handoff guardrails; no trusted existing implementation wired up yet.
1051,44,19,walnut shells,xrf,v,energetic,as is,,ppm,44.0,1,0.0,0.0,,,0.0,0.0,0.0,0.0,(29)845f,provisional,,,,,,not_applicable_n_out_of_range,not_calculated,ROUT not implemented from scratch during MVP per handoff guardrails; no trusted existing implementation wired up yet.
1052,44,19,walnut shells,xrf,mn,energetic,as is,,ppm,44.0,1,34.0,34.0,,,34.0,34.0,0.0,34.0,(29)8fb5,provisional,,,,,,not_applicable_n_out_of_range,not_calculated,ROUT not implemented from scratch during MVP per handoff guardrails; no trusted existing implementation wired up yet.
1053,44,19,walnut shells,xrf,ce,energetic,as is,,ppm,44.0,1,0.0,0.0,,,0.0,0.0,0.0,0.0,(29)aa06,provisional,,,,,,not_applicable_n_out_of_range,not_calculated,ROUT not implemented from scratch during MVP per handoff guardrails; no trusted existing implementation wired up yet.
1054,44,19,walnut shells,xrf,hg,energetic,as is,,ppm,44.0,1,0.0,0.0,,,0.0,0.0,0.0,0.0,(29)aaf5,provisional,,,,,,not_applicable_n_out_of_range,not_calculated,ROUT not implemented from scratch during MVP per handoff guardrails; no trusted existing implementation wired up yet.
1055,44,19,walnut shells,xrf,zn,energetic,as is,,ppm,44.0,1,21.0,21.0,,,21.0,21.0,0.0,21.0,(29)c080,provisional,,,,,,not_applicable_n_out_of_range,not_calculated,ROUT not implemented from scratch during MVP per handoff guardrails; no trusted existing implementation wired up yet.
1056,44,19,walnut shells,xrf,y,energetic,as is,,ppm,44.0,1,0.0,0.0,,,0.0,0.0,0.0,0.0,(29)c0b6,provisional,,,,,,not_applicable_n_out_of_range,not_calculated,ROUT not implemented from scratch during MVP per handoff guardrails; no trusted existing implementation wired up yet.
1057,44,19,walnut shells,xrf,zr,energetic,as is,,ppm,44.0,1,0.0,0.0,,,0.0,0.0,0.0,0.0,(29)c2c4,provisional,,,,,,not_applicable_n_out_of_range,not_calculated,ROUT not implemented from scratch during MVP per handoff guardrails; no trusted existing implementation wired up yet.
1058,44,19,walnut shells,xrf,si,energetic,as is,,ppm,44.0,1,400.0,400.0,,,400.0,400.0,0.0,400.0,(29)c43e,provisional,,,,,,not_applicable_n_out_of_range,not_calculated,ROUT not implemented from scratch during MVP per handoff guardrails; no trusted existing implementation wired up yet.
1059,44,19,walnut shells,xrf,nb,energetic,as is,,ppm,44.0,1,0.0,0.0,,,0.0,0.0,0.0,0.0,(29)cfef,provisional,,,,,,not_applicable_n_out_of_range,not_calculated,ROUT not implemented from scratch during MVP per handoff guardrails; no trusted existing implementation wired up yet.
1060,44,19,walnut shells,xrf,s,energetic,as is,,ppm,44.0,1,332.0,332.0,,,332.0,332.0,0.0,332.0,(29)da7e,provisional,,,,,,not_applicable_n_out_of_range,not_calculated,ROUT not implemented from scratch during MVP per handoff guardrails; no trusted existing implementation wired up yet.
1061,44,19,walnut shells,xrf,bi,energetic,as is,,ppm,44.0,1,0.0,0.0,,,0.0,0.0,0.0,0.0,(29)dd24,provisional,,,,,,not_applicable_n_out_of_range,not_calculated,ROUT not implemented from scratch during MVP per handoff guardrails; no trusted existing implementation wired up yet.
1062,44,19,walnut shells,xrf,pr,energetic,as is,,ppm,44.0,1,0.0,0.0,,,0.0,0.0,0.0,0.0,(29)e246,provisional,,,,,,not_applicable_n_out_of_range,not_calculated,ROUT not implemented from scratch during MVP per handoff guardrails; no trusted existing implementation wired up yet.
1063,44,19,walnut shells,xrf,ag,energetic,as is,,ppm,44.0,1,3.0,3.0,,,3.0,3.0,0.0,3.0,(29)ea64,provisional,,,,,,not_applicable_n_out_of_range,not_calculated,ROUT not implemented from scratch during MVP per handoff guardrails; no trusted existing implementation wired up yet.
1064,44,19,walnut shells,xrf,co,energetic,as is,,ppm,44.0,1,0.0,0.0,,,0.0,0.0,0.0,0.0,(29)eda5,provisional,,,,,,not_applicable_n_out_of_range,not_calculated,ROUT not implemented from scratch during MVP per handoff guardrails; no trusted existing implementation wired up yet.
1065,44,19,walnut shells,xrf,cr,energetic,as is,,ppm,44.0,1,0.0,0.0,,,0.0,0.0,0.0,0.0,(29)efab,provisional,,,,,,not_applicable_n_out_of_range,not_calculated,ROUT not implemented from scratch during MVP per handoff guardrails; no trusted existing implementation wired up yet.
1066,44,19,walnut shells,xrf,ni,energetic,as is,,ppm,44.0,1,0.0,0.0,,,0.0,0.0,0.0,0.0,(29)f31d,provisional,,,,,,not_applicable_n_out_of_range,not_calculated,ROUT not implemented from scratch during MVP per handoff guardrails; no trusted existing implementation wired up yet.
1067,44,19,walnut shells,xrf,u,energetic,as is,,ppm,44.0,1,22.0,22.0,,,22.0,22.0,0.0,22.0,(29)fbc4,provisional,,,,,,not_applicable_n_out_of_range,not_calculated,ROUT not implemented from scratch during MVP per handoff guardrails; no trusted existing implementation wired up yet.
1068,44,19,walnut shells,xrf,th,energetic,as is,,ppm,44.0,1,72.0,72.0,,,72.0,72.0,0.0,72.0,(29)fdf5,provisional,,,,,,not_applicable_n_out_of_range,not_calculated,ROUT not implemented from scratch during MVP per handoff guardrails; no trusted existing implementation wired up yet.
1069,44,19,walnut shells,xrf,ti,energetic,as is,,ppm,44.0,1,0.0,0.0,,,0.0,0.0,0.0,0.0,(29)fe09,provisional,,,,,,not_applicable_n_out_of_range,not_calculated,ROUT not implemented from scratch during MVP per handoff guardrails; no trusted existing implementation wired up yet.
1070,77,5,alfalfa,xrf,ti,possessive,knife mill (2mm),,ppm,47.0,1,210.0,210.0,,,210.0,210.0,0.0,210.0,(3c)06e7,pass,,,,,,not_applicable_n_out_of_range,not_calculated,ROUT not implemented from scratch during MVP per handoff guardrails; no trusted existing implementation wired up yet.
1071,77,5,alfalfa,xrf,p,possessive,knife mill (2mm),,ppm,47.0,3,2880.0,2850.0,79.37253933193772,2.755990949025615,2820.0,2970.0,150.0,"2850.0,2820.0,2970.0","(3c)0963,(3c)0ac6,(3c)4cd3",pass,False,False,0.8,(3c)4cd3,False,calculated,not_calculated,ROUT not implemented from scratch during MVP per handoff guardrails; no trusted existing implementation wired up yet.
1072,77,5,alfalfa,xrf,s,possessive,knife mill (2mm),,ppm,47.0,3,5123.333333333333,5030.0,291.4332399252586,5.68835211304994,4890.0,5450.0,560.0,"5450.0,5030.0,4890.0","(3c)0d51,(3c)42e7,(3c)6c00",pass,False,False,0.75,(3c)0d51,False,calculated,not_calculated,ROUT not implemented from scratch during MVP per handoff guardrails; no trusted existing implementation wired up yet.
1073,77,5,alfalfa,xrf,sr,possessive,knife mill (2mm),,ppm,47.0,3,131.33333333333334,132.0,2.081665999466133,1.585024872689949,129.0,133.0,4.0,"129.0,132.0,133.0","(3c)0dc1,(3c)7a73,(3c)8a22",pass,False,False,0.75,(3c)0dc1,False,calculated,not_calculated,ROUT not implemented from scratch during MVP per handoff guardrails; no trusted existing implementation wired up yet.
1074,77,5,alfalfa,xrf,cu,possessive,knife mill (2mm),,ppm,47.0,3,26.666666666666668,28.0,2.309401076758504,8.660254037844387,24.0,28.0,4.0,"24.0,28.0,28.0","(3c)1002,(3c)1f46,(3c)a0c1",pass,False,False,1.0,(3c)1002,True,calculated,not_calculated,ROUT not implemented from scratch during MVP per handoff guardrails; no trusted existing implementation wired up yet.
1075,77,5,alfalfa,xrf,ca,possessive,knife mill (2mm),,ppm,47.0,3,28166.666666666668,28500.0,1823.001188516709,6.472193568698375,26200.0,29800.0,3600.0,"28500.0,26200.0,29800.0","(3c)2216,(3c)591a,(3c)c9ed",pass,False,False,0.6388888888888888,(3c)591a,False,calculated,not_calculated,ROUT not implemented from scratch during MVP per handoff guardrails; no trusted existing implementation wired up yet.
1076,77,5,alfalfa,xrf,nd,possessive,knife mill (2mm),,ppm,47.0,1,99.0,99.0,,,99.0,99.0,0.0,99.0,(3c)231b,fail,,,,,,not_applicable_n_out_of_range,not_calculated,ROUT not implemented from scratch during MVP per handoff guardrails; no trusted existing implementation wired up yet.
1077,77,5,alfalfa,xrf,ba,possessive,knife mill (2mm),,ppm,47.0,3,26.0,25.0,5.5677643628300215,21.414478318577007,21.0,32.0,11.0,"32.0,21.0,25.0","(3c)2527,(3c)571f,(3c)9bd2",pass,True,True,0.6363636363636364,(3c)2527,False,calculated,not_calculated,ROUT not implemented from scratch during MVP per handoff guardrails; no trusted existing implementation wired up yet.
1078,77,5,alfalfa,xrf,mg,possessive,knife mill (2mm),,ppm,47.0,3,11000.0,11900.0,2193.171219946131,19.93792018132846,8500.0,12600.0,4100.0,"12600.0,8500.0,11900.0","(3c)3685,(3c)8e19,(3c)d65e",pass,True,False,0.8292682926829268,(3c)8e19,False,calculated,not_calculated,ROUT not implemented from scratch during MVP per handoff guardrails; no trusted existing implementation wired up yet.
1079,77,5,alfalfa,xrf,zn,possessive,knife mill (2mm),,ppm,47.0,3,48.333333333333336,49.0,2.0816659994661326,4.30689517130924,46.0,50.0,4.0,"49.0,50.0,46.0","(3c)3c97,(3c)63ce,(3c)6efb",pass,False,False,0.75,(3c)6efb,False,calculated,not_calculated,ROUT not implemented from scratch during MVP per handoff guardrails; no trusted existing implementation wired up yet.
1080,77,5,alfalfa,xrf,u,possessive,knife mill (2mm),,ppm,47.0,3,20.0,19.0,1.7320508075688772,8.660254037844387,19.0,22.0,3.0,"19.0,19.0,22.0","(3c)41dd,(3c)7021,(3c)8474",pass,False,False,1.0,(3c)8474,True,calculated,not_calculated,ROUT not implemented from scratch during MVP per handoff guardrails; no trusted existing implementation wired up yet.
1081,77,5,alfalfa,xrf,fe,possessive,knife mill (2mm),,ppm,47.0,3,689.0,731.0,78.88599368709251,11.449345963293544,598.0,738.0,140.0,"731.0,738.0,598.0","(3c)4266,(3c)6380,(3c)bf79",pass,True,False,0.95,(3c)bf79,False,calculated,not_calculated,ROUT not implemented from scratch during MVP per handoff guardrails; no trusted existing implementation wired up yet.
1082,77,5,alfalfa,xrf,th,possessive,knife mill (2mm),,ppm,47.0,3,57.0,59.0,4.358898943540674,7.647191129018727,52.0,60.0,8.0,"52.0,59.0,60.0","(3c)498c,(3c)7cb1,(3c)c4db",pass,False,False,0.875,(3c)498c,False,calculated,not_calculated,ROUT not implemented from scratch during MVP per handoff guardrails; no trusted existing implementation wired up yet.
1083,77,5,alfalfa,xrf,mo,possessive,knife mill (2mm),,ppm,47.0,3,9.0,9.0,3.0,33.33333333333333,6.0,12.0,6.0,"6.0,9.0,12.0","(3c)499c,(3c)6b5b,(3c)8416",pass,True,True,0.5,(3c)499c,False,calculated,not_calculated,ROUT not implemented from scratch during MVP per handoff guardrails; no trusted existing implementation wired up yet.
1084,77,5,alfalfa,xrf,k,possessive,knife mill (2mm),,ppm,47.0,3,16000.0,15800.0,435.88989435406734,2.7243118397129207,15700.0,16500.0,800.0,"15800.0,15700.0,16500.0","(3c)5217,(3c)8c25,(3c)b25e",pass,False,False,0.875,(3c)b25e,False,calculated,not_calculated,ROUT not implemented from scratch during MVP per handoff guardrails; no trusted existing implementation wired up yet.
1085,77,5,alfalfa,xrf,al,possessive,knife mill (2mm),,ppm,47.0,3,2550.0,2570.0,230.65125189341592,9.045147133075131,2310.0,2770.0,460.0,"2310.0,2570.0,2770.0","(3c)5a02,(3c)9178,(3c)d6c9",pass,False,False,0.5652173913043478,(3c)5a02,False,calculated,not_calculated,ROUT not implemented from scratch during MVP per handoff guardrails; no trusted existing implementation wired up yet.
1086,77,5,alfalfa,xrf,la,possessive,knife mill (2mm),,ppm,47.0,1,43.0,43.0,,,43.0,43.0,0.0,43.0,(3c)5a58,fail,,,,,,not_applicable_n_out_of_range,not_calculated,ROUT not implemented from scratch during MVP per handoff guardrails; no trusted existing implementation wired up yet.
1087,77,5,alfalfa,xrf,rb,possessive,knife mill (2mm),,ppm,47.0,3,52.0,52.0,1.0,1.9230769230769231,51.0,53.0,2.0,"51.0,53.0,52.0","(3c)5d2a,(3c)8c59,(3c)e679",pass,False,False,0.5,(3c)5d2a,False,calculated,not_calculated,ROUT not implemented from scratch during MVP per handoff guardrails; no trusted existing implementation wired up yet.
1088,77,5,alfalfa,xrf,si,possessive,knife mill (2mm),,ppm,47.0,3,5220.0,5200.0,170.8800749063506,3.273564653378364,5060.0,5400.0,340.0,"5200.0,5400.0,5060.0","(3c)5d2d,(3c)91be,(3c)dbd9",pass,False,False,0.5882352941176471,(3c)91be,False,calculated,not_calculated,ROUT not implemented from scratch during MVP per handoff guardrails; no trusted existing implementation wired up yet.
1089,77,5,alfalfa,xrf,pb,possessive,knife mill (2mm),,ppm,47.0,3,4.0,4.0,0.0,0.0,4.0,4.0,0.0,"4.0,4.0,4.0","(3c)86cb,(3c)b4bd,(3c)f1a9",pass,False,False,,,,not_applicable_zero_range,not_calculated,ROUT not implemented from scratch during MVP per handoff guardrails; no trusted existing implementation wired up yet.
1090,77,5,alfalfa,xrf,pr,possessive,knife mill (2mm),,ppm,47.0,2,62.5,62.5,6.363961030678928,10.182337649086284,58.0,67.0,9.0,"58.0,67.0","(3c)a571,(3c)d5df",pass,True,False,,,,not_applicable_n_out_of_range,not_calculated,ROUT not implemented from scratch during MVP per handoff guardrails; no trusted existing implementation wired up yet.
1091,77,5,alfalfa,xrf,mn,possessive,knife mill (2mm),,ppm,47.0,3,78.33333333333333,78.0,8.504900548115383,10.857319848657935,70.0,87.0,17.0,"87.0,78.0,70.0","(3c)a739,(3c)a980,(3c)d61c",pass,True,False,0.5294117647058824,(3c)a739,False,calculated,not_calculated,ROUT not implemented from scratch during MVP per handoff guardrails; no trusted existing implementation wired up yet.
1092,77,5,alfalfa,xrf,ce,possessive,knife mill (2mm),,ppm,47.0,2,42.5,42.5,3.5355339059327378,8.31890330807703,40.0,45.0,5.0,"40.0,45.0","(3c)b5b6,(3c)ba3d",pass,False,False,,,,not_applicable_n_out_of_range,not_calculated,ROUT not implemented from scratch during MVP per handoff guardrails; no trusted existing implementation wired up yet.
1093,81,27,rice straw,xrf,th,possessive,knife mill (2mm),,ppm,47.0,3,67.66666666666667,68.0,4.509249752822894,6.663915890871272,63.0,72.0,9.0,"63.0,68.0,72.0","(42)00bd,(42)8e9c,(42)f66d",pass,False,False,0.5555555555555556,(42)00bd,False,calculated,not_calculated,ROUT not implemented from scratch during MVP per handoff guardrails; no trusted existing implementation wired up yet.
1094,81,27,rice straw,xrf,sr,possessive,knife mill (2mm),,ppm,47.0,3,31.33333333333333,30.0,2.309401076758504,7.370428968378202,30.0,34.0,4.0,"30.0,30.0,34.0","(42)02da,(42)85a9,(42)e4b6",pass,False,False,1.0,(42)e4b6,True,calculated,not_calculated,ROUT not implemented from scratch during MVP per handoff guardrails; no trusted existing implementation wired up yet.
1095,81,27,rice straw,xrf,mo,possessive,knife mill (2mm),,ppm,47.0,3,11.0,10.0,1.7320508075688772,15.745916432444336,10.0,13.0,3.0,"10.0,13.0,10.0","(42)0652,(42)6055,(42)8dba",pass,True,False,1.0,(42)6055,True,calculated,not_calculated,ROUT not implemented from scratch during MVP per handoff guardrails; no trusted existing implementation wired up yet.
1096,81,27,rice straw,xrf,ba,possessive,knife mill (2mm),,ppm,47.0,3,30.0,30.0,6.0,20.0,24.0,36.0,12.0,"30.0,24.0,36.0","(42)0cc3,(42)1364,(42)aa88",pass,True,False,0.5,(42)1364,False,calculated,not_calculated,ROUT not implemented from scratch during MVP per handoff guardrails; no trusted existing implementation wired up yet.
1097,81,27,rice straw,xrf,k,possessive,knife mill (2mm),,ppm,47.0,3,32700.0,32800.0,264.5751311064591,0.8090982602644009,32400.0,32900.0,500.0,"32800.0,32900.0,32400.0","(42)0ff6,(42)141b,(42)e694",pass,False,False,0.8,(42)e694,False,calculated,not_calculated,ROUT not implemented from scratch during MVP per handoff guardrails; no trusted existing implementation wired up yet.
1098,81,27,rice straw,xrf,pb,possessive,knife mill (2mm),,ppm,47.0,3,7.0,7.0,0.0,0.0,7.0,7.0,0.0,"7.0,7.0,7.0","(42)23fb,(42)c2aa,(42)d2c7",pass,False,False,,,,not_applicable_zero_range,not_calculated,ROUT not implemented from scratch during MVP per handoff guardrails; no trusted existing implementation wired up yet.
1099,81,27,rice straw,xrf,ca,possessive,knife mill (2mm),,ppm,47.0,3,10083.333333333334,9890.0,361.1555528208494,3.5817079618596632,9860.0,10500.0,640.0,"9860.0,10500.0,9890.0","(42)27a1,(42)b359,(42)c5fe",pass,False,False,0.953125,(42)b359,False,calculated,not_calculated,ROUT not implemented from scratch during MVP per handoff guardrails; no trusted existing implementation wired up yet.
1100,81,27,rice straw,xrf,cu,possessive,knife mill (2mm),,ppm,47.0,3,21.666666666666668,23.0,3.2145502536643185,14.836385786143008,18.0,24.0,6.0,"18.0,24.0,23.0","(42)27ce,(42)a467,(42)d223",pass,True,False,0.8333333333333334,(42)27ce,False,calculated,not_calculated,ROUT not implemented from scratch during MVP per handoff guardrails; no trusted existing implementation wired up yet.
1101,81,27,rice straw,xrf,ce,possessive,knife mill (2mm),,ppm,47.0,1,45.0,45.0,,,45.0,45.0,0.0,45.0,(42)2860,fail,,,,,,not_applicable_n_out_of_range,not_calculated,ROUT not implemented from scratch during MVP per handoff guardrails; no trusted existing implementation wired up yet.
1102,81,27,rice straw,xrf,ti,possessive,knife mill (2mm),,ppm,47.0,3,498.0,476.0,53.50700888668698,10.74437929451546,459.0,559.0,100.0,"559.0,459.0,476.0","(42)2aba,(42)4886,(42)f48f",pass,True,False,0.83,(42)2aba,False,calculated,not_calculated,ROUT not implemented from scratch during MVP per handoff guardrails; no trusted existing implementation wired up yet.
1103,81,27,rice straw,xrf,mn,possessive,knife mill (2mm),,ppm,47.0,3,948.3333333333334,957.0,25.146238950056397,2.651624493854804,920.0,968.0,48.0,"920.0,968.0,957.0","(42)2f18,(42)ce3b,(42)edc0",pass,False,False,0.7708333333333334,(42)2f18,False,calculated,not_calculated,ROUT not implemented from scratch during MVP per handoff guardrails; no trusted existing implementation wired up yet.
1104,81,27,rice straw,xrf,al,possessive,knife mill (2mm),,ppm,47.0,3,8516.666666666666,8470.0,392.08842540086965,4.603777989051308,8150.0,8930.0,780.0,"8930.0,8150.0,8470.0","(42)33af,(42)9894,(42)dbc4",pass,False,False,0.5897435897435898,(42)33af,False,calculated,not_calculated,ROUT not implemented from scratch during MVP per handoff guardrails; no trusted existing implementation wired up yet.
1105,81,27,rice straw,xrf,mg,possessive,knife mill (2mm),,ppm,47.0,3,8433.333333333334,8540.0,1323.2283753507304,15.690455043684548,7060.0,9700.0,2640.0,"9700.0,7060.0,8540.0","(42)33f4,(42)3574,(42)de8f",pass,True,False,0.5606060606060606,(42)3574,False,calculated,not_calculated,ROUT not implemented from scratch during MVP per handoff guardrails; no trusted existing implementation wired up yet.
1106,81,27,rice straw,xrf,fe,possessive,knife mill (2mm),,ppm,47.0,3,4306.666666666667,4290.0,37.859388972001824,0.8790879792260484,4280.0,4350.0,70.0,"4350.0,4290.0,4280.0","(42)4739,(42)4fd0,(42)df9a",pass,False,False,0.8571428571428571,(42)4739,False,calculated,not_calculated,ROUT not implemented from scratch during MVP per handoff guardrails; no trusted existing implementation wired up yet.
1107,81,27,rice straw,xrf,pr,possessive,knife mill (2mm),,ppm,47.0,1,64.0,64.0,,,64.0,64.0,0.0,64.0,(42)4b79,fail,,,,,,not_applicable_n_out_of_range,not_calculated,ROUT not implemented from scratch during MVP per handoff guardrails; no trusted existing implementation wired up yet.
1108,81,27,rice straw,xrf,zn,possessive,knife mill (2mm),,ppm,47.0,3,65.0,65.0,1.0,1.5384615384615383,64.0,66.0,2.0,"66.0,65.0,64.0","(42)5074,(42)58a4,(42)eda6",pass,False,False,0.5,(42)eda6,False,calculated,not_calculated,ROUT not implemented from scratch during MVP per handoff guardrails; no trusted existing implementation wired up yet.
1109,81,27,rice straw,xrf,rb,possessive,knife mill (2mm),,ppm,47.0,3,45.66666666666666,45.0,1.1547005383792517,2.528541324918069,45.0,47.0,2.0,"45.0,45.0,47.0","(42)606e,(42)81a4,(42)fd60",pass,False,False,1.0,(42)fd60,True,calculated,not_calculated,ROUT not implemented from scratch during MVP per handoff guardrails; no trusted existing implementation wired up yet.
1110,81,27,rice straw,xrf,si,possessive,knife mill (2mm),,ppm,47.0,3,89633.33333333333,89300.0,1823.001188516709,2.033842902770594,88000.0,91600.0,3600.0,"91600.0,88000.0,89300.0","(42)646b,(42)c813,(42)e4f1",pass,False,False,0.6388888888888888,(42)646b,False,calculated,not_calculated,ROUT not implemented from scratch during MVP per handoff guardrails; no trusted existing implementation wired up yet.
1111,81,27,rice straw,xrf,u,possessive,knife mill (2mm),,ppm,47.0,3,21.666666666666668,22.0,1.5275252316519468,7.050116453778216,20.0,23.0,3.0,"20.0,23.0,22.0","(42)6d2d,(42)835a,(42)df09",pass,False,False,0.6666666666666666,(42)6d2d,False,calculated,not_calculated,ROUT not implemented from scratch during MVP per handoff guardrails; no trusted existing implementation wired up yet.
1112,81,27,rice straw,xrf,s,possessive,knife mill (2mm),,ppm,47.0,3,4270.0,4260.0,26.457513110645905,0.619613890179061,4250.0,4300.0,50.0,"4250.0,4260.0,4300.0","(42)7245,(42)90d7,(42)d91d",pass,False,False,0.8,(42)d91d,False,calculated,not_calculated,ROUT not implemented from scratch during MVP per handoff guardrails; no trusted existing implementation wired up yet.
1113,81,27,rice straw,xrf,as,possessive,knife mill (2mm),,ppm,47.0,3,7.333333333333333,7.0,0.5773502691896258,7.872958216222171,7.0,8.0,1.0,"8.0,7.0,7.0","(42)ae01,(42)b665,(42)d51d",pass,False,False,1.0,(42)ae01,True,calculated,not_calculated,ROUT not implemented from scratch during MVP per handoff guardrails; no trusted existing implementation wired up yet.
1114,81,27,rice straw,xrf,p,possessive,knife mill (2mm),,ppm,47.0,3,2470.0,2430.0,78.10249675906654,3.1620444032010746,2420.0,2560.0,140.0,"2560.0,2430.0,2420.0","(42)d6ff,(42)dfa5,(42)ec83",pass,False,False,0.9285714285714286,(42)d6ff,False,calculated,not_calculated,ROUT not implemented from scratch during MVP per handoff guardrails; no trusted existing implementation wired up yet.
1115,81,27,rice straw,xrf,la,possessive,knife mill (2mm),,ppm,47.0,1,45.0,45.0,,,45.0,45.0,0.0,45.0,(42)f039,fail,,,,,,not_applicable_n_out_of_range,not_calculated,ROUT not implemented from scratch during MVP per handoff guardrails; no trusted existing implementation wired up yet.
1116,125,26,spent oak chips,xrf,mn,rigging,oven dry + knife mill (2mm),,ppm,47.0,3,24.666666666666668,25.0,4.509249752822894,18.280742241173893,20.0,29.0,9.0,"20.0,25.0,29.0","(48)0028,(48)ea46,(48)f75c",pass,True,False,0.5555555555555556,(48)0028,False,calculated,not_calculated,ROUT not implemented from scratch during MVP per handoff guardrails; no trusted existing implementation wired up yet.
1117,125,26,spent oak chips,xrf,ti,rigging,oven dry + knife mill (2mm),,ppm,47.0,3,205.0,184.0,40.77989700820736,19.892632686930423,179.0,252.0,73.0,"184.0,252.0,179.0","(48)05de,(48)435d,(48)f6fa",pass,True,False,0.9315068493150684,(48)435d,False,calculated,not_calculated,ROUT not implemented from scratch during MVP per handoff guardrails; no trusted existing implementation wired up yet.
1118,125,26,spent oak chips,xrf,zn,rigging,oven dry + knife mill (2mm),,ppm,47.0,3,9.0,9.0,0.0,0.0,9.0,9.0,0.0,"9.0,9.0,9.0","(48)06bb,(48)3e59,(48)d6ad",pass,False,False,,,,not_applicable_zero_range,not_calculated,ROUT not implemented from scratch during MVP per handoff guardrails; no trusted existing implementation wired up yet.
1119,125,26,spent oak chips,xrf,k,rigging,oven dry + knife mill (2mm),,ppm,47.0,3,28800.0,32000.0,5629.387178015028,19.546483256996623,22300.0,32100.0,9800.0,"22300.0,32100.0,32000.0","(48)06c7,(48)118d,(48)61cf",pass,True,False,0.9897959183673469,(48)06c7,True,calculated,not_calculated,ROUT not implemented from scratch during MVP per handoff guardrails; no trusted existing implementation wired up yet.
1120,125,26,spent oak chips,xrf,ba,rigging,oven dry + knife mill (2mm),,ppm,47.0,2,23.0,23.0,2.8284271247461903,12.297509238026914,21.0,25.0,4.0,"25.0,21.0","(48)098e,(48)7694",pass,True,False,,,,not_applicable_n_out_of_range,not_calculated,ROUT not implemented from scratch during MVP per handoff guardrails; no trusted existing implementation wired up yet.
1121,125,26,spent oak chips,xrf,cu,rigging,oven dry + knife mill (2mm),,ppm,47.0,3,9.333333333333334,9.0,0.5773502691896257,6.1858957413174185,9.0,10.0,1.0,"10.0,9.0,9.0","(48)0a1a,(48)1491,(48)d3c5",pass,False,False,1.0,(48)0a1a,True,calculated,not_calculated,ROUT not implemented from scratch during MVP per handoff guardrails; no trusted existing implementation wired up yet.
1122,125,26,spent oak chips,xrf,ce,rigging,oven dry + knife mill (2mm),,ppm,47.0,3,52.0,48.0,10.583005244258365,20.351933162035312,44.0,64.0,20.0,"64.0,48.0,44.0","(48)0a9f,(48)66e8,(48)e8ea",pass,True,True,0.8,(48)0a9f,False,calculated,not_calculated,ROUT not implemented from scratch during MVP per handoff guardrails; no trusted existing implementation wired up yet.
1123,125,26,spent oak chips,xrf,u,rigging,oven dry + knife mill (2mm),,ppm,47.0,3,16.0,16.0,1.0,6.25,15.0,17.0,2.0,"17.0,16.0,15.0","(48)0d90,(48)6513,(48)9155",pass,False,False,0.5,(48)9155,False,calculated,not_calculated,ROUT not implemented from scratch during MVP per handoff guardrails; no trusted existing implementation wired up yet.
1124,125,26,spent oak chips,xrf,mo,rigging,oven dry + knife mill (2mm),,ppm,47.0,2,5.0,5.0,1.4142135623730951,28.284271247461906,4.0,6.0,2.0,"4.0,6.0","(48)1a28,(48)9bd5",pass,True,True,,,,not_applicable_n_out_of_range,not_calculated,ROUT not implemented from scratch during MVP per handoff guardrails; no trusted existing implementation wired up yet.
1125,125,26,spent oak chips,xrf,rb,rigging,oven dry + knife mill (2mm),,ppm,47.0,3,19.33333333333333,20.0,1.1547005383792517,5.972588991616818,18.0,20.0,2.0,"18.0,20.0,20.0","(48)1f4d,(48)bd1e,(48)f8a1",pass,False,False,1.0,(48)1f4d,True,calculated,not_calculated,ROUT not implemented from scratch during MVP per handoff guardrails; no trusted existing implementation wired up yet.
1126,125,26,spent oak chips,xrf,si,rigging,oven dry + knife mill (2mm),,ppm,47.0,3,458.0,475.0,55.48873759602033,12.11544488996077,396.0,503.0,107.0,"503.0,475.0,396.0","(48)2597,(48)9756,(48)de20",pass,True,False,0.7383177570093458,(48)de20,False,calculated,not_calculated,ROUT not implemented from scratch during MVP per handoff guardrails; no trusted existing implementation wired up yet.
1127,125,26,spent oak chips,xrf,th,rigging,oven dry + knife mill (2mm),,ppm,47.0,3,54.333333333333336,56.0,3.785938897200183,6.967985700368434,50.0,57.0,7.0,"57.0,50.0,56.0","(48)5010,(48)690f,(48)749d",pass,False,False,0.8571428571428571,(48)690f,False,calculated,not_calculated,ROUT not implemented from scratch during MVP per handoff guardrails; no trusted existing implementation wired up yet.
1128,125,26,spent oak chips,xrf,la,rigging,oven dry + knife mill (2mm),,ppm,47.0,1,44.0,44.0,,,44.0,44.0,0.0,44.0,(48)51b2,fail,,,,,,not_applicable_n_out_of_range,not_calculated,ROUT not implemented from scratch during MVP per handoff guardrails; no trusted existing implementation wired up yet.
1129,125,26,spent oak chips,xrf,s,rigging,oven dry + knife mill (2mm),,ppm,47.0,3,1690.0,1660.0,88.88194417315589,5.259286637464846,1620.0,1790.0,170.0,"1660.0,1620.0,1790.0","(48)5469,(48)b713,(48)e5b8",pass,False,False,0.7647058823529411,(48)e5b8,False,calculated,not_calculated,ROUT not implemented from scratch during MVP per handoff guardrails; no trusted existing implementation wired up yet.
1130,125,26,spent oak chips,xrf,sr,rigging,oven dry + knife mill (2mm),,ppm,47.0,3,5.333333333333333,5.0,0.5773502691896258,10.825317547305485,5.0,6.0,1.0,"5.0,6.0,5.0","(48)5b71,(48)a73d,(48)b3f9",pass,True,False,1.0,(48)a73d,True,calculated,not_calculated,ROUT not implemented from scratch during MVP per handoff guardrails; no trusted existing implementation wired up yet.
1131,125,26,spent oak chips,xrf,fe,rigging,oven dry + knife mill (2mm),,ppm,47.0,3,129.0,126.0,6.082762530298219,4.715319790928852,125.0,136.0,11.0,"136.0,126.0,125.0","(48)5d1c,(48)9844,(48)eb5d",pass,False,False,0.9090909090909091,(48)5d1c,False,calculated,not_calculated,ROUT not implemented from scratch during MVP per handoff guardrails; no trusted existing implementation wired up yet.
1132,125,26,spent oak chips,xrf,ca,rigging,oven dry + knife mill (2mm),,ppm,47.0,3,1610.0,1720.0,199.24858845171275,12.375688723708866,1380.0,1730.0,350.0,"1380.0,1720.0,1730.0","(48)68fb,(48)c60a,(48)d3ca",pass,True,False,0.9714285714285714,(48)68fb,True,calculated,not_calculated,ROUT not implemented from scratch during MVP per handoff guardrails; no trusted existing implementation wired up yet.
1133,125,26,spent oak chips,xrf,pb,rigging,oven dry + knife mill (2mm),,ppm,47.0,1,4.0,4.0,,,4.0,4.0,0.0,4.0,(48)a94e,fail,,,,,,not_applicable_n_out_of_range,not_calculated,ROUT not implemented from scratch during MVP per handoff guardrails; no trusted existing implementation wired up yet.
1134,125,26,spent oak chips,xrf,p,rigging,oven dry + knife mill (2mm),,ppm,47.0,3,399.6666666666667,382.0,41.42865353029632,10.365801550532856,370.0,447.0,77.0,"382.0,370.0,447.0","(48)afe3,(48)f34e,(48)f90a",pass,True,False,0.8441558441558441,(48)f90a,False,calculated,not_calculated,ROUT not implemented from scratch during MVP per handoff guardrails; no trusted existing implementation wired up yet.
1135,145,35,almond branches,xrf,ba,humorous,knife mill (2mm),,ppm,47.0,3,34.666666666666664,30.0,8.082903768654761,23.3160685634272,30.0,44.0,14.0,"30.0,30.0,44.0","(4c)01fb,(4c)24e6,(4c)44cd",pass,True,True,1.0,(4c)44cd,True,calculated,not_calculated,ROUT not implemented from scratch during MVP per handoff guardrails; no trusted existing implementation wired up yet.
1136,145,35,almond branches,xrf,s,humorous,knife mill (2mm),,ppm,47.0,3,783.6666666666666,798.0,25.69695182961071,3.27906658821064,754.0,799.0,45.0,"798.0,799.0,754.0","(4c)0781,(4c)8df5,(4c)d431",pass,False,False,0.9777777777777777,(4c)d431,True,calculated,not_calculated,ROUT not implemented from scratch during MVP per handoff guardrails; no trusted existing implementation wired up yet.
1137,145,35,almond branches,xrf,pb,humorous,knife mill (2mm),,ppm,47.0,2,3.0,3.0,0.0,0.0,3.0,3.0,0.0,"3.0,3.0","(4c)0a11,(4c)532e",pass,False,False,,,,not_applicable_n_out_of_range,not_calculated,ROUT not implemented from scratch during MVP per handoff guardrails; no trusted existing implementation wired up yet.
1138,145,35,almond branches,xrf,th,humorous,knife mill (2mm),,ppm,47.0,3,51.0,52.0,1.7320508075688772,3.396178054056622,49.0,52.0,3.0,"52.0,52.0,49.0","(4c)0c47,(4c)6587,(4c)f943",pass,False,False,1.0,(4c)f943,True,calculated,not_calculated,ROUT not implemented from scratch during MVP per handoff guardrails; no trusted existing implementation wired up yet.
1139,145,35,almond branches,xrf,ca,humorous,knife mill (2mm),,ppm,47.0,3,14366.666666666666,14400.0,450.9249752822894,3.138688923078581,13900.0,14800.0,900.0,"14800.0,13900.0,14400.0","(4c)18d2,(4c)2d30,(4c)a8c6",pass,False,False,0.5555555555555556,(4c)2d30,False,calculated,not_calculated,ROUT not implemented from scratch during MVP per handoff guardrails; no trusted existing implementation wired up yet.
1140,145,35,almond branches,xrf,zn,humorous,knife mill (2mm),,ppm,47.0,3,34.333333333333336,37.0,4.618802153517007,13.452821806360213,29.0,37.0,8.0,"37.0,29.0,37.0","(4c)2850,(4c)3298,(4c)3361",pass,True,False,1.0,(4c)3298,True,calculated,not_calculated,ROUT not implemented from scratch during MVP per handoff guardrails; no trusted existing implementation wired up yet.
1141,145,35,almond branches,xrf,p,humorous,knife mill (2mm),,ppm,47.0,3,1120.0,1120.0,10.0,0.8928571428571428,1110.0,1130.0,20.0,"1110.0,1130.0,1120.0","(4c)2f11,(4c)8d6e,(4c)bf75",pass,False,False,0.5,(4c)2f11,False,calculated,not_calculated,ROUT not implemented from scratch during MVP per handoff guardrails; no trusted existing implementation wired up yet.
1142,145,35,almond branches,xrf,mn,humorous,knife mill (2mm),,ppm,47.0,3,97.33333333333331,96.0,8.082903768654761,8.30435318697407,90.0,106.0,16.0,"106.0,90.0,96.0","(4c)318f,(4c)415a,(4c)aad7",pass,False,False,0.625,(4c)318f,False,calculated,not_calculated,ROUT not implemented from scratch during MVP per handoff guardrails; no trusted existing implementation wired up yet.
1143,145,35,almond branches,xrf,pr,humorous,knife mill (2mm),,ppm,47.0,3,75.33333333333333,70.0,12.858201014657274,17.068408426536205,66.0,90.0,24.0,"90.0,70.0,66.0","(4c)3b8d,(4c)7171,(4c)aca6",pass,True,False,0.8333333333333334,(4c)3b8d,False,calculated,not_calculated,ROUT not implemented from scratch during MVP per handoff guardrails; no trusted existing implementation wired up yet.
1144,145,35,almond branches,xrf,la,humorous,knife mill (2mm),,ppm,47.0,2,34.5,34.5,2.1213203435596424,6.148754619013457,33.0,36.0,3.0,"36.0,33.0","(4c)512b,(4c)e434",pass,False,False,,,,not_applicable_n_out_of_range,not_calculated,ROUT not implemented from scratch during MVP per handoff guardrails; no trusted existing implementation wired up yet.
1145,145,35,almond branches,xrf,k,humorous,knife mill (2mm),,ppm,47.0,3,3646.6666666666665,3680.0,75.71877794400365,2.0763833074224034,3560.0,3700.0,140.0,"3680.0,3560.0,3700.0","(4c)5f14,(4c)9845,(4c)b52e",pass,False,False,0.8571428571428571,(4c)9845,False,calculated,not_calculated,ROUT not implemented from scratch during MVP per handoff guardrails; no trusted existing implementation wired up yet.
1146,145,35,almond branches,xrf,ce,humorous,knife mill (2mm),,ppm,47.0,1,49.0,49.0,,,49.0,49.0,0.0,49.0,(4c)649f,fail,,,,,,not_applicable_n_out_of_range,not_calculated,ROUT not implemented from scratch during MVP per handoff guardrails; no trusted existing implementation wired up yet.
1147,145,35,almond branches,xrf,fe,humorous,knife mill (2mm),,ppm,47.0,3,529.6666666666666,537.0,19.08751773629388,3.6036849093065855,508.0,544.0,36.0,"537.0,508.0,544.0","(4c)6ce3,(4c)871a,(4c)c889",pass,False,False,0.8055555555555556,(4c)871a,False,calculated,not_calculated,ROUT not implemented from scratch during MVP per handoff guardrails; no trusted existing implementation wired up yet.
1148,145,35,almond branches,xrf,u,humorous,knife mill (2mm),,ppm,47.0,3,21.0,21.0,0.0,0.0,21.0,21.0,0.0,"21.0,21.0,21.0","(4c)6cef,(4c)718b,(4c)c3f8",pass,False,False,,,,not_applicable_zero_range,not_calculated,ROUT not implemented from scratch during MVP per handoff guardrails; no trusted existing implementation wired up yet.
1149,145,35,almond branches,xrf,si,humorous,knife mill (2mm),,ppm,47.0,3,4243.333333333333,4150.0,170.39170558842744,4.015515449845109,4140.0,4440.0,300.0,"4440.0,4150.0,4140.0","(4c)7edc,(4c)e751,(4c)f674",pass,False,False,0.9666666666666667,(4c)7edc,False,calculated,not_calculated,ROUT not implemented from scratch during MVP per handoff guardrails; no trusted existing implementation wired up yet.
1150,145,35,almond branches,xrf,cu,humorous,knife mill (2mm),,ppm,47.0,3,48.66666666666666,47.0,3.785938897200183,7.779326501096266,46.0,53.0,7.0,"46.0,53.0,47.0","(4c)8bac,(4c)a61b,(4c)d8e6",pass,False,False,0.8571428571428571,(4c)a61b,False,calculated,not_calculated,ROUT not implemented from scratch during MVP per handoff guardrails; no trusted existing implementation wired up yet.
1151,145,35,almond branches,xrf,al,humorous,knife mill (2mm),,ppm,47.0,3,2106.6666666666665,2010.0,335.60889936551644,15.930802185071984,1830.0,2480.0,650.0,"1830.0,2010.0,2480.0","(4c)8c88,(4c)9406,(4c)978e",pass,True,False,0.7230769230769231,(4c)978e,False,calculated,not_calculated,ROUT not implemented from scratch during MVP per handoff guardrails; no trusted existing implementation wired up yet.
1152,145,35,almond branches,xrf,ti,humorous,knife mill (2mm),,ppm,47.0,2,194.0,194.0,18.384776310850235,9.476688820025894,181.0,207.0,26.0,"207.0,181.0","(4c)909e,(4c)cb09",pass,False,False,,,,not_applicable_n_out_of_range,not_calculated,ROUT not implemented from scratch during MVP per handoff guardrails; no trusted existing implementation wired up yet.
1153,145,35,almond branches,xrf,sr,humorous,knife mill (2mm),,ppm,47.0,3,101.66666666666669,102.0,0.5773502691896257,0.5678855106783204,101.0,102.0,1.0,"102.0,102.0,101.0","(4c)9a91,(4c)c1f0,(4c)dbea",pass,False,False,1.0,(4c)dbea,True,calculated,not_calculated,ROUT not implemented from scratch during MVP per handoff guardrails; no trusted existing implementation wired up yet.
1154,145,35,almond branches,xrf,mg,humorous,knife mill (2mm),,ppm,47.0,1,4520.0,4520.0,,,4520.0,4520.0,0.0,4520.0,(4c)afec,fail,,,,,,not_applicable_n_out_of_range,not_calculated,ROUT not implemented from scratch during MVP per handoff guardrails; no trusted existing implementation wired up yet.
1155,145,35,almond branches,xrf,co,humorous,knife mill (2mm),,ppm,47.0,1,14.0,14.0,,,14.0,14.0,0.0,14.0,(4c)bac4,fail,,,,,,not_applicable_n_out_of_range,not_calculated,ROUT not implemented from scratch during MVP per handoff guardrails; no trusted existing implementation wired up yet.
1156,46,22,walnut tree sticks,xrf,sr,energetic,as is,,ppm,44.0,1,6.0,6.0,,,6.0,6.0,0.0,6.0,(51)1b6d,provisional,,,,,,not_applicable_n_out_of_range,not_calculated,ROUT not implemented from scratch during MVP per handoff guardrails; no trusted existing implementation wired up yet.
1157,46,22,walnut tree sticks,xrf,pb,energetic,as is,,ppm,44.0,1,9.0,9.0,,,9.0,9.0,0.0,9.0,(51)266c,provisional,,,,,,not_applicable_n_out_of_range,not_calculated,ROUT not implemented from scratch during MVP per handoff guardrails; no trusted existing implementation wired up yet.
1158,46,22,walnut tree sticks,xrf,zr,energetic,as is,,ppm,44.0,1,17.0,17.0,,,17.0,17.0,0.0,17.0,(51)32e0,provisional,,,,,,not_applicable_n_out_of_range,not_calculated,ROUT not implemented from scratch during MVP per handoff guardrails; no trusted existing implementation wired up yet.
1159,46,22,walnut tree sticks,xrf,as,energetic,as is,,ppm,44.0,1,0.0,0.0,,,0.0,0.0,0.0,0.0,(51)3972,provisional,,,,,,not_applicable_n_out_of_range,not_calculated,ROUT not implemented from scratch during MVP per handoff guardrails; no trusted existing implementation wired up yet.
1160,46,22,walnut tree sticks,xrf,sb,energetic,as is,,ppm,44.0,1,0.0,0.0,,,0.0,0.0,0.0,0.0,(51)3a77,provisional,,,,,,not_applicable_n_out_of_range,not_calculated,ROUT not implemented from scratch during MVP per handoff guardrails; no trusted existing implementation wired up yet.
1161,46,22,walnut tree sticks,xrf,k,energetic,as is,,ppm,44.0,1,3620.0,3620.0,,,3620.0,3620.0,0.0,3620.0,(51)3ea8,provisional,,,,,,not_applicable_n_out_of_range,not_calculated,ROUT not implemented from scratch during MVP per handoff guardrails; no trusted existing implementation wired up yet.
1162,46,22,walnut tree sticks,xrf,mo,energetic,as is,,ppm,44.0,1,0.0,0.0,,,0.0,0.0,0.0,0.0,(51)4355,provisional,,,,,,not_applicable_n_out_of_range,not_calculated,ROUT not implemented from scratch during MVP per handoff guardrails; no trusted existing implementation wired up yet.
1163,46,22,walnut tree sticks,xrf,mg,energetic,as is,,ppm,44.0,1,0.0,0.0,,,0.0,0.0,0.0,0.0,(51)54f2,provisional,,,,,,not_applicable_n_out_of_range,not_calculated,ROUT not implemented from scratch during MVP per handoff guardrails; no trusted existing implementation wired up yet.
1164,46,22,walnut tree sticks,xrf,si,energetic,as is,,ppm,44.0,1,33200.0,33200.0,,,33200.0,33200.0,0.0,33200.0,(51)5784,provisional,,,,,,not_applicable_n_out_of_range,not_calculated,ROUT not implemented from scratch during MVP per handoff guardrails; no trusted existing implementation wired up yet.
1165,46,22,walnut tree sticks,xrf,w,energetic,as is,,ppm,44.0,1,0.0,0.0,,,0.0,0.0,0.0,0.0,(51)5c64,provisional,,,,,,not_applicable_n_out_of_range,not_calculated,ROUT not implemented from scratch during MVP per handoff guardrails; no trusted existing implementation wired up yet.
1166,46,22,walnut tree sticks,xrf,y,energetic,as is,,ppm,44.0,1,0.0,0.0,,,0.0,0.0,0.0,0.0,(51)6065,provisional,,,,,,not_applicable_n_out_of_range,not_calculated,ROUT not implemented from scratch during MVP per handoff guardrails; no trusted existing implementation wired up yet.
1167,46,22,walnut tree sticks,xrf,rb,energetic,as is,,ppm,44.0,1,0.0,0.0,,,0.0,0.0,0.0,0.0,(51)612b,provisional,,,,,,not_applicable_n_out_of_range,not_calculated,ROUT not implemented from scratch during MVP per handoff guardrails; no trusted existing implementation wired up yet.
1168,46,22,walnut tree sticks,xrf,cu,energetic,as is,,ppm,44.0,1,18.0,18.0,,,18.0,18.0,0.0,18.0,(51)6294,provisional,,,,,,not_applicable_n_out_of_range,not_calculated,ROUT not implemented from scratch during MVP per handoff guardrails; no trusted existing implementation wired up yet.
1169,46,22,walnut tree sticks,xrf,cd,energetic,as is,,ppm,44.0,1,0.0,0.0,,,0.0,0.0,0.0,0.0,(51)6de8,provisional,,,,,,not_applicable_n_out_of_range,not_calculated,ROUT not implemented from scratch during MVP per handoff guardrails; no trusted existing implementation wired up yet.
1170,46,22,walnut tree sticks,xrf,v,energetic,as is,,ppm,44.0,1,0.0,0.0,,,0.0,0.0,0.0,0.0,(51)6e93,provisional,,,,,,not_applicable_n_out_of_range,not_calculated,ROUT not implemented from scratch during MVP per handoff guardrails; no trusted existing implementation wired up yet.
1171,46,22,walnut tree sticks,xrf,bi,energetic,as is,,ppm,44.0,1,0.0,0.0,,,0.0,0.0,0.0,0.0,(51)7364,provisional,,,,,,not_applicable_n_out_of_range,not_calculated,ROUT not implemented from scratch during MVP per handoff guardrails; no trusted existing implementation wired up yet.
1172,46,22,walnut tree sticks,xrf,al,energetic,as is,,ppm,44.0,1,18600.0,18600.0,,,18600.0,18600.0,0.0,18600.0,(51)784d,provisional,,,,,,not_applicable_n_out_of_range,not_calculated,ROUT not implemented from scratch during MVP per handoff guardrails; no trusted existing implementation wired up yet.
1173,46,22,walnut tree sticks,xrf,cr,energetic,as is,,ppm,44.0,1,0.0,0.0,,,0.0,0.0,0.0,0.0,(51)85d2,provisional,,,,,,not_applicable_n_out_of_range,not_calculated,ROUT not implemented from scratch during MVP per handoff guardrails; no trusted existing implementation wired up yet.
1174,46,22,walnut tree sticks,xrf,ti,energetic,as is,,ppm,44.0,1,2370.0,2370.0,,,2370.0,2370.0,0.0,2370.0,(51)8987,provisional,,,,,,not_applicable_n_out_of_range,not_calculated,ROUT not implemented from scratch during MVP per handoff guardrails; no trusted existing implementation wired up yet.
1175,46,22,walnut tree sticks,xrf,p,energetic,as is,,ppm,44.0,1,783.0,783.0,,,783.0,783.0,0.0,783.0,(51)8d84,provisional,,,,,,not_applicable_n_out_of_range,not_calculated,ROUT not implemented from scratch during MVP per handoff guardrails; no trusted existing implementation wired up yet.
1176,46,22,walnut tree sticks,xrf,ba,energetic,as is,,ppm,44.0,1,0.0,0.0,,,0.0,0.0,0.0,0.0,(51)95fd,provisional,,,,,,not_applicable_n_out_of_range,not_calculated,ROUT not implemented from scratch during MVP per handoff guardrails; no trusted existing implementation wired up yet.
1177,46,22,walnut tree sticks,xrf,mn,energetic,as is,,ppm,44.0,1,223.0,223.0,,,223.0,223.0,0.0,223.0,(51)9bf6,provisional,,,,,,not_applicable_n_out_of_range,not_calculated,ROUT not implemented from scratch during MVP per handoff guardrails; no trusted existing implementation wired up yet.
1178,46,22,walnut tree sticks,xrf,zn,energetic,as is,,ppm,44.0,1,37.0,37.0,,,37.0,37.0,0.0,37.0,(51)a7b6,provisional,,,,,,not_applicable_n_out_of_range,not_calculated,ROUT not implemented from scratch during MVP per handoff guardrails; no trusted existing implementation wired up yet.
1179,46,22,walnut tree sticks,xrf,nb,energetic,as is,,ppm,44.0,1,0.0,0.0,,,0.0,0.0,0.0,0.0,(51)ab92,provisional,,,,,,not_applicable_n_out_of_range,not_calculated,ROUT not implemented from scratch during MVP per handoff guardrails; no trusted existing implementation wired up yet.
1180,46,22,walnut tree sticks,xrf,sn,energetic,as is,,ppm,44.0,1,0.0,0.0,,,0.0,0.0,0.0,0.0,(51)b0a9,provisional,,,,,,not_applicable_n_out_of_range,not_calculated,ROUT not implemented from scratch during MVP per handoff guardrails; no trusted existing implementation wired up yet.
1181,46,22,walnut tree sticks,xrf,ag,energetic,as is,,ppm,44.0,1,0.0,0.0,,,0.0,0.0,0.0,0.0,(51)b445,provisional,,,,,,not_applicable_n_out_of_range,not_calculated,ROUT not implemented from scratch during MVP per handoff guardrails; no trusted existing implementation wired up yet.
1182,46,22,walnut tree sticks,xrf,ce,energetic,as is,,ppm,44.0,1,0.0,0.0,,,0.0,0.0,0.0,0.0,(51)b4f9,provisional,,,,,,not_applicable_n_out_of_range,not_calculated,ROUT not implemented from scratch during MVP per handoff guardrails; no trusted existing implementation wired up yet.
1183,46,22,walnut tree sticks,xrf,th,energetic,as is,,ppm,44.0,1,60.0,60.0,,,60.0,60.0,0.0,60.0,(51)bed2,provisional,,,,,,not_applicable_n_out_of_range,not_calculated,ROUT not implemented from scratch during MVP per handoff guardrails; no trusted existing implementation wired up yet.
1184,46,22,walnut tree sticks,xrf,se,energetic,as is,,ppm,44.0,1,0.0,0.0,,,0.0,0.0,0.0,0.0,(51)c340,provisional,,,,,,not_applicable_n_out_of_range,not_calculated,ROUT not implemented from scratch during MVP per handoff guardrails; no trusted existing implementation wired up yet.
1185,46,22,walnut tree sticks,xrf,ni,energetic,as is,,ppm,44.0,1,0.0,0.0,,,0.0,0.0,0.0,0.0,(51)cb31,provisional,,,,,,not_applicable_n_out_of_range,not_calculated,ROUT not implemented from scratch during MVP per handoff guardrails; no trusted existing implementation wired up yet.
1186,46,22,walnut tree sticks,xrf,hg,energetic,as is,,ppm,44.0,1,0.0,0.0,,,0.0,0.0,0.0,0.0,(51)ce96,provisional,,,,,,not_applicable_n_out_of_range,not_calculated,ROUT not implemented from scratch during MVP per handoff guardrails; no trusted existing implementation wired up yet.
1187,46,22,walnut tree sticks,xrf,u,energetic,as is,,ppm,44.0,1,21.0,21.0,,,21.0,21.0,0.0,21.0,(51)d238,provisional,,,,,,not_applicable_n_out_of_range,not_calculated,ROUT not implemented from scratch during MVP per handoff guardrails; no trusted existing implementation wired up yet.
1188,46,22,walnut tree sticks,xrf,nd,energetic,as is,,ppm,44.0,1,0.0,0.0,,,0.0,0.0,0.0,0.0,(51)daee,provisional,,,,,,not_applicable_n_out_of_range,not_calculated,ROUT not implemented from scratch during MVP per handoff guardrails; no trusted existing implementation wired up yet.
1189,46,22,walnut tree sticks,xrf,pr,energetic,as is,,ppm,44.0,1,0.0,0.0,,,0.0,0.0,0.0,0.0,(51)db7f,provisional,,,,,,not_applicable_n_out_of_range,not_calculated,ROUT not implemented from scratch during MVP per handoff guardrails; no trusted existing implementation wired up yet.
1190,46,22,walnut tree sticks,xrf,fe,energetic,as is,,ppm,44.0,1,11000.0,11000.0,,,11000.0,11000.0,0.0,11000.0,(51)e459,provisional,,,,,,not_applicable_n_out_of_range,not_calculated,ROUT not implemented from scratch during MVP per handoff guardrails; no trusted existing implementation wired up yet.
1191,46,22,walnut tree sticks,xrf,co,energetic,as is,,ppm,44.0,1,0.0,0.0,,,0.0,0.0,0.0,0.0,(51)e5af,provisional,,,,,,not_applicable_n_out_of_range,not_calculated,ROUT not implemented from scratch during MVP per handoff guardrails; no trusted existing implementation wired up yet.
1192,46,22,walnut tree sticks,xrf,la,energetic,as is,,ppm,44.0,1,0.0,0.0,,,0.0,0.0,0.0,0.0,(51)eaf0,provisional,,,,,,not_applicable_n_out_of_range,not_calculated,ROUT not implemented from scratch during MVP per handoff guardrails; no trusted existing implementation wired up yet.
1193,46,22,walnut tree sticks,xrf,ca,energetic,as is,,ppm,44.0,1,1300.0,1300.0,,,1300.0,1300.0,0.0,1300.0,(51)eb26,provisional,,,,,,not_applicable_n_out_of_range,not_calculated,ROUT not implemented from scratch during MVP per handoff guardrails; no trusted existing implementation wired up yet.
1194,46,22,walnut tree sticks,xrf,s,energetic,as is,,ppm,44.0,1,820.0,820.0,,,820.0,820.0,0.0,820.0,(51)f60a,provisional,,,,,,not_applicable_n_out_of_range,not_calculated,ROUT not implemented from scratch during MVP per handoff guardrails; no trusted existing implementation wired up yet.
1195,41,31,almond shells,xrf,ba,tiny,as is,,ppm,46.0,1,0.0,0.0,,,0.0,0.0,0.0,0.0,(60)0836,provisional,,,,,,not_applicable_n_out_of_range,not_calculated,ROUT not implemented from scratch during MVP per handoff guardrails; no trusted existing implementation wired up yet.
1196,41,31,almond shells,xrf,cd,tiny,as is,,ppm,46.0,1,0.0,0.0,,,0.0,0.0,0.0,0.0,(60)083a,provisional,,,,,,not_applicable_n_out_of_range,not_calculated,ROUT not implemented from scratch during MVP per handoff guardrails; no trusted existing implementation wired up yet.
1197,41,31,almond shells,xrf,ce,tiny,as is,,ppm,46.0,1,0.0,0.0,,,0.0,0.0,0.0,0.0,(60)0bbc,provisional,,,,,,not_applicable_n_out_of_range,not_calculated,ROUT not implemented from scratch during MVP per handoff guardrails; no trusted existing implementation wired up yet.
1198,41,31,almond shells,xrf,si,tiny,as is,,ppm,46.0,1,13500.0,13500.0,,,13500.0,13500.0,0.0,13500.0,(60)195f,provisional,,,,,,not_applicable_n_out_of_range,not_calculated,ROUT not implemented from scratch during MVP per handoff guardrails; no trusted existing implementation wired up yet.
1199,41,31,almond shells,xrf,v,tiny,as is,,ppm,46.0,1,0.0,0.0,,,0.0,0.0,0.0,0.0,(60)210a,provisional,,,,,,not_applicable_n_out_of_range,not_calculated,ROUT not implemented from scratch during MVP per handoff guardrails; no trusted existing implementation wired up yet.
1200,41,31,almond shells,xrf,la,tiny,as is,,ppm,46.0,1,0.0,0.0,,,0.0,0.0,0.0,0.0,(60)34dc,provisional,,,,,,not_applicable_n_out_of_range,not_calculated,ROUT not implemented from scratch during MVP per handoff guardrails; no trusted existing implementation wired up yet.
1201,41,31,almond shells,xrf,fe,tiny,as is,,ppm,46.0,1,941.0,941.0,,,941.0,941.0,0.0,941.0,(60)472d,provisional,,,,,,not_applicable_n_out_of_range,not_calculated,ROUT not implemented from scratch during MVP per handoff guardrails; no trusted existing implementation wired up yet.
1202,41,31,almond shells,xrf,al,tiny,as is,,ppm,46.0,1,4760.0,4760.0,,,4760.0,4760.0,0.0,4760.0,(60)48a6,provisional,,,,,,not_applicable_n_out_of_range,not_calculated,ROUT not implemented from scratch during MVP per handoff guardrails; no trusted existing implementation wired up yet.
1203,41,31,almond shells,xrf,nb,tiny,as is,,ppm,46.0,1,0.0,0.0,,,0.0,0.0,0.0,0.0,(60)534f,provisional,,,,,,not_applicable_n_out_of_range,not_calculated,ROUT not implemented from scratch during MVP per handoff guardrails; no trusted existing implementation wired up yet.
1204,41,31,almond shells,xrf,cr,tiny,as is,,ppm,46.0,1,0.0,0.0,,,0.0,0.0,0.0,0.0,(60)5e0f,provisional,,,,,,not_applicable_n_out_of_range,not_calculated,ROUT not implemented from scratch during MVP per handoff guardrails; no trusted existing implementation wired up yet.
1205,41,31,almond shells,xrf,ag,tiny,as is,,ppm,46.0,1,0.0,0.0,,,0.0,0.0,0.0,0.0,(60)63de,provisional,,,,,,not_applicable_n_out_of_range,not_calculated,ROUT not implemented from scratch during MVP per handoff guardrails; no trusted existing implementation wired up yet.
1206,41,31,almond shells,xrf,cu,tiny,as is,,ppm,46.0,1,13.0,13.0,,,13.0,13.0,0.0,13.0,(60)7942,provisional,,,,,,not_applicable_n_out_of_range,not_calculated,ROUT not implemented from scratch during MVP per handoff guardrails; no trusted existing implementation wired up yet.
1207,41,31,almond shells,xrf,nd,tiny,as is,,ppm,46.0,1,66.0,66.0,,,66.0,66.0,0.0,66.0,(60)7f39,provisional,,,,,,not_applicable_n_out_of_range,not_calculated,ROUT not implemented from scratch during MVP per handoff guardrails; no trusted existing implementation wired up yet.
1208,41,31,almond shells,xrf,ca,tiny,as is,,ppm,46.0,1,7530.0,7530.0,,,7530.0,7530.0,0.0,7530.0,(60)802d,provisional,,,,,,not_applicable_n_out_of_range,not_calculated,ROUT not implemented from scratch during MVP per handoff guardrails; no trusted existing implementation wired up yet.
1209,41,31,almond shells,xrf,hg,tiny,as is,,ppm,46.0,1,0.0,0.0,,,0.0,0.0,0.0,0.0,(60)8186,provisional,,,,,,not_applicable_n_out_of_range,not_calculated,ROUT not implemented from scratch during MVP per handoff guardrails; no trusted existing implementation wired up yet.
1210,41,31,almond shells,xrf,ni,tiny,as is,,ppm,46.0,1,0.0,0.0,,,0.0,0.0,0.0,0.0,(60)8372,provisional,,,,,,not_applicable_n_out_of_range,not_calculated,ROUT not implemented from scratch during MVP per handoff guardrails; no trusted existing implementation wired up yet.
1211,41,31,almond shells,xrf,as,tiny,as is,,ppm,46.0,1,0.0,0.0,,,0.0,0.0,0.0,0.0,(60)83e5,provisional,,,,,,not_applicable_n_out_of_range,not_calculated,ROUT not implemented from scratch during MVP per handoff guardrails; no trusted existing implementation wired up yet.
1212,41,31,almond shells,xrf,rb,tiny,as is,,ppm,46.0,1,0.0,0.0,,,0.0,0.0,0.0,0.0,(60)8f24,provisional,,,,,,not_applicable_n_out_of_range,not_calculated,ROUT not implemented from scratch during MVP per handoff guardrails; no trusted existing implementation wired up yet.
1213,41,31,almond shells,xrf,sb,tiny,as is,,ppm,46.0,1,0.0,0.0,,,0.0,0.0,0.0,0.0,(60)99da,provisional,,,,,,not_applicable_n_out_of_range,not_calculated,ROUT not implemented from scratch during MVP per handoff guardrails; no trusted existing implementation wired up yet.
1214,41,31,almond shells,xrf,w,tiny,as is,,ppm,46.0,1,0.0,0.0,,,0.0,0.0,0.0,0.0,(60)a0d8,provisional,,,,,,not_applicable_n_out_of_range,not_calculated,ROUT not implemented from scratch during MVP per handoff guardrails; no trusted existing implementation wired up yet.
1215,41,31,almond shells,xrf,k,tiny,as is,,ppm,46.0,1,23200.0,23200.0,,,23200.0,23200.0,0.0,23200.0,(60)b4f6,provisional,,,,,,not_applicable_n_out_of_range,not_calculated,ROUT not implemented from scratch during MVP per handoff guardrails; no trusted existing implementation wired up yet.
1216,41,31,almond shells,xrf,th,tiny,as is,,ppm,46.0,1,85.0,85.0,,,85.0,85.0,0.0,85.0,(60)baba,provisional,,,,,,not_applicable_n_out_of_range,not_calculated,ROUT not implemented from scratch during MVP per handoff guardrails; no trusted existing implementation wired up yet.
1217,41,31,almond shells,xrf,mg,tiny,as is,,ppm,46.0,1,0.0,0.0,,,0.0,0.0,0.0,0.0,(60)bc2a,provisional,,,,,,not_applicable_n_out_of_range,not_calculated,ROUT not implemented from scratch during MVP per handoff guardrails; no trusted existing implementation wired up yet.
1218,41,31,almond shells,xrf,p,tiny,as is,,ppm,46.0,1,339.0,339.0,,,339.0,339.0,0.0,339.0,(60)be99,provisional,,,,,,not_applicable_n_out_of_range,not_calculated,ROUT not implemented from scratch during MVP per handoff guardrails; no trusted existing implementation wired up yet.
1219,41,31,almond shells,xrf,co,tiny,as is,,ppm,46.0,1,0.0,0.0,,,0.0,0.0,0.0,0.0,(60)c966,provisional,,,,,,not_applicable_n_out_of_range,not_calculated,ROUT not implemented from scratch during MVP per handoff guardrails; no trusted existing implementation wired up yet.
1220,41,31,almond shells,xrf,se,tiny,as is,,ppm,46.0,1,0.0,0.0,,,0.0,0.0,0.0,0.0,(60)cc2b,provisional,,,,,,not_applicable_n_out_of_range,not_calculated,ROUT not implemented from scratch during MVP per handoff guardrails; no trusted existing implementation wired up yet.
1221,41,31,almond shells,xrf,y,tiny,as is,,ppm,46.0,1,0.0,0.0,,,0.0,0.0,0.0,0.0,(60)cc97,provisional,,,,,,not_applicable_n_out_of_range,not_calculated,ROUT not implemented from scratch during MVP per handoff guardrails; no trusted existing implementation wired up yet.
1222,41,31,almond shells,xrf,pb,tiny,as is,,ppm,46.0,1,0.0,0.0,,,0.0,0.0,0.0,0.0,(60)d32a,provisional,,,,,,not_applicable_n_out_of_range,not_calculated,ROUT not implemented from scratch during MVP per handoff guardrails; no trusted existing implementation wired up yet.
1223,41,31,almond shells,xrf,ti,tiny,as is,,ppm,46.0,1,421.0,421.0,,,421.0,421.0,0.0,421.0,(60)d682,provisional,,,,,,not_applicable_n_out_of_range,not_calculated,ROUT not implemented from scratch during MVP per handoff guardrails; no trusted existing implementation wired up yet.
1224,41,31,almond shells,xrf,bi,tiny,as is,,ppm,46.0,1,0.0,0.0,,,0.0,0.0,0.0,0.0,(60)ddeb,provisional,,,,,,not_applicable_n_out_of_range,not_calculated,ROUT not implemented from scratch during MVP per handoff guardrails; no trusted existing implementation wired up yet.
1225,41,31,almond shells,xrf,sn,tiny,as is,,ppm,46.0,1,0.0,0.0,,,0.0,0.0,0.0,0.0,(60)dea5,provisional,,,,,,not_applicable_n_out_of_range,not_calculated,ROUT not implemented from scratch during MVP per handoff guardrails; no trusted existing implementation wired up yet.
1226,41,31,almond shells,xrf,mo,tiny,as is,,ppm,46.0,1,0.0,0.0,,,0.0,0.0,0.0,0.0,(60)ec56,provisional,,,,,,not_applicable_n_out_of_range,not_calculated,ROUT not implemented from scratch during MVP per handoff guardrails; no trusted existing implementation wired up yet.
1227,41,31,almond shells,xrf,pr,tiny,as is,,ppm,46.0,1,0.0,0.0,,,0.0,0.0,0.0,0.0,(60)f45e,provisional,,,,,,not_applicable_n_out_of_range,not_calculated,ROUT not implemented from scratch during MVP per handoff guardrails; no trusted existing implementation wired up yet.
1228,41,31,almond shells,xrf,u,tiny,as is,,ppm,46.0,1,21.0,21.0,,,21.0,21.0,0.0,21.0,(60)f538,provisional,,,,,,not_applicable_n_out_of_range,not_calculated,ROUT not implemented from scratch during MVP per handoff guardrails; no trusted existing implementation wired up yet.
1229,41,31,almond shells,xrf,mn,tiny,as is,,ppm,46.0,1,47.0,47.0,,,47.0,47.0,0.0,47.0,(60)f714,provisional,,,,,,not_applicable_n_out_of_range,not_calculated,ROUT not implemented from scratch during MVP per handoff guardrails; no trusted existing implementation wired up yet.
1230,41,31,almond shells,xrf,s,tiny,as is,,ppm,46.0,1,431.0,431.0,,,431.0,431.0,0.0,431.0,(60)f88b,provisional,,,,,,not_applicable_n_out_of_range,not_calculated,ROUT not implemented from scratch during MVP per handoff guardrails; no trusted existing implementation wired up yet.
1231,41,31,almond shells,xrf,sr,tiny,as is,,ppm,46.0,1,48.0,48.0,,,48.0,48.0,0.0,48.0,(60)fa52,provisional,,,,,,not_applicable_n_out_of_range,not_calculated,ROUT not implemented from scratch during MVP per handoff guardrails; no trusted existing implementation wired up yet.
1232,41,31,almond shells,xrf,zn,tiny,as is,,ppm,46.0,1,16.0,16.0,,,16.0,16.0,0.0,16.0,(60)fe21,provisional,,,,,,not_applicable_n_out_of_range,not_calculated,ROUT not implemented from scratch during MVP per handoff guardrails; no trusted existing implementation wired up yet.
1233,41,31,almond shells,xrf,zr,tiny,as is,,ppm,46.0,1,0.0,0.0,,,0.0,0.0,0.0,0.0,(60)ff63,provisional,,,,,,not_applicable_n_out_of_range,not_calculated,ROUT not implemented from scratch during MVP per handoff guardrails; no trusted existing implementation wired up yet.
1234,80,20,wheat straw,xrf,th,possessive,knife mill (2mm),,ppm,47.0,3,78.0,78.0,4.0,5.128205128205128,74.0,82.0,8.0,"74.0,78.0,82.0","(62)00c5,(62)2bb0,(62)abbc",pass,False,False,0.5,(62)00c5,False,calculated,not_calculated,ROUT not implemented from scratch during MVP per handoff guardrails; no trusted existing implementation wired up yet.
1235,80,20,wheat straw,xrf,p,possessive,knife mill (2mm),,ppm,47.0,3,3053.333333333333,2990.0,183.3939293797189,6.006351398899092,2910.0,3260.0,350.0,"3260.0,2990.0,2910.0","(62)01e1,(62)5a02,(62)bcbd",pass,False,False,0.7714285714285715,(62)01e1,False,calculated,not_calculated,ROUT not implemented from scratch during MVP per handoff guardrails; no trusted existing implementation wired up yet.
1236,80,20,wheat straw,xrf,mg,possessive,knife mill (2mm),,ppm,47.0,3,8400.0,8800.0,718.9575787207476,8.559018794294616,7570.0,8830.0,1260.0,"8830.0,8800.0,7570.0","(62)02c3,(62)3b96,(62)82c1",pass,False,False,0.9761904761904762,(62)82c1,True,calculated,not_calculated,ROUT not implemented from scratch during MVP per handoff guardrails; no trusted existing implementation wired up yet.
1237,152,10,cotton stem mix,xrf,ca,schooner,knife mill (2mm),,ppm,47.0,3,17166.666666666668,17300.0,321.45502536643187,1.872553545823875,16800.0,17400.0,600.0,"17300.0,17400.0,16800.0","(62)0317,(62)7982,(62)e486",pass,False,False,0.8333333333333334,(62)e486,False,calculated,not_calculated,ROUT not implemented from scratch during MVP per handoff guardrails; no trusted existing implementation wired up yet.
1238,80,20,wheat straw,xrf,k,possessive,knife mill (2mm),,ppm,47.0,3,44433.333333333336,44200.0,493.2882862316248,1.1101761880681726,44100.0,45000.0,900.0,"45000.0,44100.0,44200.0","(62)038f,(62)294a,(62)7e32",pass,False,False,0.8888888888888888,(62)038f,False,calculated,not_calculated,ROUT not implemented from scratch during MVP per handoff guardrails; no trusted existing implementation wired up yet.
1239,152,10,cotton stem mix,xrf,fe,schooner,knife mill (2mm),,ppm,47.0,3,1153.3333333333333,1150.0,45.09249752822894,3.909754120944706,1110.0,1200.0,90.0,"1200.0,1150.0,1110.0","(62)1801,(62)570f,(62)77cd",pass,False,False,0.5555555555555556,(62)1801,False,calculated,not_calculated,ROUT not implemented from scratch during MVP per handoff guardrails; no trusted existing implementation wired up yet.
1240,152,10,cotton stem mix,xrf,al,schooner,knife mill (2mm),,ppm,47.0,3,2966.6666666666665,3000.0,261.5976554431124,8.81789849808244,2690.0,3210.0,520.0,"3000.0,3210.0,2690.0","(62)1b34,(62)aa50,(62)ce3c",pass,False,False,0.5961538461538461,(62)ce3c,False,calculated,not_calculated,ROUT not implemented from scratch during MVP per handoff guardrails; no trusted existing implementation wired up yet.
1241,80,20,wheat straw,xrf,rb,possessive,knife mill (2mm),,ppm,47.0,3,9.0,9.0,1.0,11.11111111111111,8.0,10.0,2.0,"10.0,9.0,8.0","(62)1e10,(62)9474,(62)bc05",pass,True,False,0.5,(62)bc05,False,calculated,not_calculated,ROUT not implemented from scratch during MVP per handoff guardrails; no trusted existing implementation wired up yet.
1242,80,20,wheat straw,xrf,mn,possessive,knife mill (2mm),,ppm,47.0,3,87.33333333333333,92.0,17.47378989610821,20.00815636958956,68.0,102.0,34.0,"102.0,68.0,92.0","(62)21d0,(62)5479,(62)fa7d",pass,True,True,0.7058823529411765,(62)5479,False,calculated,not_calculated,ROUT not implemented from scratch during MVP per handoff guardrails; no trusted existing implementation wired up yet.
1243,152,10,cotton stem mix,xrf,mn,schooner,knife mill (2mm),,ppm,47.0,3,53.0,49.0,12.489995996796797,23.566030182635465,43.0,67.0,24.0,"43.0,67.0,49.0","(62)224b,(62)55f5,(62)cd96",pass,True,True,0.75,(62)55f5,False,calculated,not_calculated,ROUT not implemented from scratch during MVP per handoff guardrails; no trusted existing implementation wired up yet.
1244,152,10,cotton stem mix,xrf,mg,schooner,knife mill (2mm),,ppm,47.0,3,9750.0,9990.0,2279.495558232128,23.37944162289362,7360.0,11900.0,4540.0,"11900.0,9990.0,7360.0","(62)24d1,(62)4154,(62)4f6a",pass,True,True,0.579295154185022,(62)4f6a,False,calculated,not_calculated,ROUT not implemented from scratch during MVP per handoff guardrails; no trusted existing implementation wired up yet.
1245,152,10,cotton stem mix,xrf,zn,schooner,knife mill (2mm),,ppm,47.0,3,23.0,23.0,0.0,0.0,23.0,23.0,0.0,"23.0,23.0,23.0","(62)25d6,(62)62c2,(62)bfc6",pass,False,False,,,,not_applicable_zero_range,not_calculated,ROUT not implemented from scratch during MVP per handoff guardrails; no trusted existing implementation wired up yet.
1246,152,10,cotton stem mix,xrf,sr,schooner,knife mill (2mm),,ppm,47.0,3,61.333333333333336,61.0,1.5275252316519463,2.490530268997739,60.0,63.0,3.0,"61.0,63.0,60.0","(62)2a62,(62)506b,(62)b981",pass,False,False,0.6666666666666666,(62)506b,False,calculated,not_calculated,ROUT not implemented from scratch during MVP per handoff guardrails; no trusted existing implementation wired up yet.
1247,152,10,cotton stem mix,xrf,k,schooner,knife mill (2mm),,ppm,47.0,3,19933.33333333333,19900.0,57.735026918962575,0.2896406032723875,19900.0,20000.0,100.0,"19900.0,20000.0,19900.0","(62)2b52,(62)a275,(62)b802",pass,False,False,1.0,(62)a275,True,calculated,not_calculated,ROUT not implemented from scratch during MVP per handoff guardrails; no trusted existing implementation wired up yet.
1248,152,10,cotton stem mix,xrf,pb,schooner,knife mill (2mm),,ppm,47.0,1,4.0,4.0,,,4.0,4.0,0.0,4.0,(62)2b80,fail,,,,,,not_applicable_n_out_of_range,not_calculated,ROUT not implemented from scratch during MVP per handoff guardrails; no trusted existing implementation wired up yet.
1249,152,10,cotton stem mix,xrf,s,schooner,knife mill (2mm),,ppm,47.0,3,4383.333333333333,4400.0,66.58328118479393,1.519010217143588,4310.0,4440.0,130.0,"4400.0,4310.0,4440.0","(62)2be4,(62)4c66,(62)c48b",pass,False,False,0.6923076923076923,(62)4c66,False,calculated,not_calculated,ROUT not implemented from scratch during MVP per handoff guardrails; no trusted existing implementation wired up yet.
1250,80,20,wheat straw,xrf,pb,possessive,knife mill (2mm),,ppm,47.0,3,5.333333333333333,6.0,1.1547005383792517,21.65063509461097,4.0,6.0,2.0,"6.0,4.0,6.0","(62)3b54,(62)6c63,(62)87aa",pass,True,True,1.0,(62)6c63,True,calculated,not_calculated,ROUT not implemented from scratch during MVP per handoff guardrails; no trusted existing implementation wired up yet.
1251,80,20,wheat straw,xrf,ba,possessive,knife mill (2mm),,ppm,47.0,3,24.666666666666668,26.0,4.163331998932265,16.878372968644317,20.0,28.0,8.0,"20.0,28.0,26.0","(62)3d32,(62)4583,(62)665d",pass,True,False,0.75,(62)3d32,False,calculated,not_calculated,ROUT not implemented from scratch during MVP per handoff guardrails; no trusted existing implementation wired up yet.
1252,152,10,cotton stem mix,xrf,p,schooner,knife mill (2mm),,ppm,47.0,3,1456.6666666666667,1480.0,68.06859285554046,4.672901111364333,1380.0,1510.0,130.0,"1480.0,1380.0,1510.0","(62)4037,(62)6541,(62)99a2",pass,False,False,0.7692307692307693,(62)6541,False,calculated,not_calculated,ROUT not implemented from scratch during MVP per handoff guardrails; no trusted existing implementation wired up yet.
1253,80,20,wheat straw,xrf,cu,possessive,knife mill (2mm),,ppm,47.0,3,13.666666666666666,13.0,2.0816659994661326,15.231702435118043,12.0,16.0,4.0,"16.0,12.0,13.0","(62)442b,(62)96bb,(62)e069",pass,True,False,0.75,(62)442b,False,calculated,not_calculated,ROUT not implemented from scratch during MVP per handoff guardrails; no trusted existing implementation wired up yet.
1254,152,10,cotton stem mix,xrf,mo,schooner,knife mill (2mm),,ppm,47.0,1,6.0,6.0,,,6.0,6.0,0.0,6.0,(62)460d,fail,,,,,,not_applicable_n_out_of_range,not_calculated,ROUT not implemented from scratch during MVP per handoff guardrails; no trusted existing implementation wired up yet.
1255,80,20,wheat straw,xrf,s,possessive,knife mill (2mm),,ppm,47.0,3,2806.6666666666665,2820.0,190.35055380358975,6.78208624003289,2610.0,2990.0,380.0,"2820.0,2990.0,2610.0","(62)46ec,(62)4fb5,(62)7b09",pass,False,False,0.5526315789473685,(62)7b09,False,calculated,not_calculated,ROUT not implemented from scratch during MVP per handoff guardrails; no trusted existing implementation wired up yet.
1256,80,20,wheat straw,xrf,si,possessive,knife mill (2mm),,ppm,47.0,3,92466.66666666669,92700.0,3156.474826976026,3.413635357219928,89200.0,95500.0,6300.0,"95500.0,89200.0,92700.0","(62)4b7e,(62)ac33,(62)c630",pass,False,False,0.5555555555555556,(62)ac33,False,calculated,not_calculated,ROUT not implemented from scratch during MVP per handoff guardrails; no trusted existing implementation wired up yet.
1257,80,20,wheat straw,xrf,zn,possessive,knife mill (2mm),,ppm,47.0,3,19.666666666666668,19.0,4.041451884327381,20.549755344037525,16.0,24.0,8.0,"24.0,16.0,19.0","(62)56ec,(62)d2d8,(62)ed65",pass,True,True,0.625,(62)56ec,False,calculated,not_calculated,ROUT not implemented from scratch during MVP per handoff guardrails; no trusted existing implementation wired up yet.
1258,152,10,cotton stem mix,xrf,si,schooner,knife mill (2mm),,ppm,47.0,3,7040.0,7380.0,741.0128204019145,10.52575028979992,6190.0,7550.0,1360.0,"7550.0,6190.0,7380.0","(62)572d,(62)acb0,(62)cb09",pass,True,False,0.875,(62)acb0,False,calculated,not_calculated,ROUT not implemented from scratch during MVP per handoff guardrails; no trusted existing implementation wired up yet.
1259,152,10,cotton stem mix,xrf,u,schooner,knife mill (2mm),,ppm,47.0,3,22.0,21.0,1.7320508075688772,7.872958216222169,21.0,24.0,3.0,"21.0,21.0,24.0","(62)5bac,(62)6267,(62)fdc0",pass,False,False,1.0,(62)fdc0,True,calculated,not_calculated,ROUT not implemented from scratch during MVP per handoff guardrails; no trusted existing implementation wired up yet.
1260,80,20,wheat straw,xrf,mo,possessive,knife mill (2mm),,ppm,47.0,2,7.5,7.5,0.7071067811865476,9.428090415820636,7.0,8.0,1.0,"7.0,8.0","(62)61ad,(62)6386",pass,False,False,,,,not_applicable_n_out_of_range,not_calculated,ROUT not implemented from scratch during MVP per handoff guardrails; no trusted existing implementation wired up yet.
1261,80,20,wheat straw,xrf,sr,possessive,knife mill (2mm),,ppm,47.0,3,18.33333333333333,19.0,1.1547005383792517,6.298366572977736,17.0,19.0,2.0,"17.0,19.0,19.0","(62)6a74,(62)bd61,(62)ebbc",pass,False,False,1.0,(62)6a74,True,calculated,not_calculated,ROUT not implemented from scratch during MVP per handoff guardrails; no trusted existing implementation wired up yet.
1262,152,10,cotton stem mix,xrf,ba,schooner,knife mill (2mm),,ppm,47.0,3,24.666666666666668,27.0,5.859465277082315,23.75458896114452,18.0,29.0,11.0,"27.0,29.0,18.0","(62)6c52,(62)c0e4,(62)d9c3",pass,True,True,0.8181818181818182,(62)d9c3,False,calculated,not_calculated,ROUT not implemented from scratch during MVP per handoff guardrails; no trusted existing implementation wired up yet.
1263,152,10,cotton stem mix,xrf,ti,schooner,knife mill (2mm),,ppm,47.0,2,234.5,234.5,12.020815280171307,5.1261472410112185,226.0,243.0,17.0,"243.0,226.0","(62)7082,(62)e4d2",pass,False,False,,,,not_applicable_n_out_of_range,not_calculated,ROUT not implemented from scratch during MVP per handoff guardrails; no trusted existing implementation wired up yet.
1264,152,10,cotton stem mix,xrf,rb,schooner,knife mill (2mm),,ppm,47.0,3,17.666666666666668,18.0,0.5773502691896258,3.268020391639391,17.0,18.0,1.0,"18.0,18.0,17.0","(62)76c8,(62)f8d3,(62)fb45",pass,False,False,1.0,(62)fb45,True,calculated,not_calculated,ROUT not implemented from scratch during MVP per handoff guardrails; no trusted existing implementation wired up yet.
1265,152,10,cotton stem mix,xrf,la,schooner,knife mill (2mm),,ppm,47.0,1,45.0,45.0,,,45.0,45.0,0.0,45.0,(62)7cd7,fail,,,,,,not_applicable_n_out_of_range,not_calculated,ROUT not implemented from scratch during MVP per handoff guardrails; no trusted existing implementation wired up yet.
1266,152,10,cotton stem mix,xrf,th,schooner,knife mill (2mm),,ppm,47.0,3,66.0,67.0,2.6457513110645907,4.008714107673622,63.0,68.0,5.0,"68.0,67.0,63.0","(62)8f0d,(62)ce3b,(62)cf10",pass,False,False,0.8,(62)cf10,False,calculated,not_calculated,ROUT not implemented from scratch during MVP per handoff guardrails; no trusted existing implementation wired up yet.
1267,80,20,wheat straw,xrf,ca,possessive,knife mill (2mm),,ppm,47.0,3,5046.666666666667,4950.0,212.2105872319601,4.204965400897491,4900.0,5290.0,390.0,"5290.0,4950.0,4900.0","(62)979b,(62)a901,(62)bec1",pass,False,False,0.8717948717948718,(62)979b,False,calculated,not_calculated,ROUT not implemented from scratch during MVP per handoff guardrails; no trusted existing implementation wired up yet.
1268,80,20,wheat straw,xrf,fe,possessive,knife mill (2mm),,ppm,47.0,3,382.3333333333333,369.0,23.96525262402492,6.268156745603728,368.0,410.0,42.0,"368.0,369.0,410.0","(62)9baf,(62)a2f8,(62)b482",pass,False,False,0.9761904761904762,(62)b482,True,calculated,not_calculated,ROUT not implemented from scratch during MVP per handoff guardrails; no trusted existing implementation wired up yet.
1269,152,10,cotton stem mix,xrf,cu,schooner,knife mill (2mm),,ppm,47.0,3,14.666666666666666,15.0,1.5275252316519468,10.414944761263277,13.0,16.0,3.0,"15.0,13.0,16.0","(62)ac7a,(62)b86b,(62)f49c",pass,True,False,0.6666666666666666,(62)b86b,False,calculated,not_calculated,ROUT not implemented from scratch during MVP per handoff guardrails; no trusted existing implementation wired up yet.
1270,152,10,cotton stem mix,xrf,ce,schooner,knife mill (2mm),,ppm,47.0,1,53.0,53.0,,,53.0,53.0,0.0,53.0,(62)adf8,fail,,,,,,not_applicable_n_out_of_range,not_calculated,ROUT not implemented from scratch during MVP per handoff guardrails; no trusted existing implementation wired up yet.
1271,80,20,wheat straw,xrf,u,possessive,knife mill (2mm),,ppm,47.0,3,21.33333333333333,20.0,2.309401076758504,10.825317547305485,20.0,24.0,4.0,"24.0,20.0,20.0","(62)b4b7,(62)c0ce,(62)fa19",pass,True,False,1.0,(62)b4b7,True,calculated,not_calculated,ROUT not implemented from scratch during MVP per handoff guardrails; no trusted existing implementation wired up yet.
1272,80,20,wheat straw,xrf,nd,possessive,knife mill (2mm),,ppm,47.0,1,81.0,81.0,,,81.0,81.0,0.0,81.0,(62)beab,fail,,,,,,not_applicable_n_out_of_range,not_calculated,ROUT not implemented from scratch during MVP per handoff guardrails; no trusted existing implementation wired up yet.
1273,80,20,wheat straw,xrf,la,possessive,knife mill (2mm),,ppm,47.0,1,38.0,38.0,,,38.0,38.0,0.0,38.0,(62)d43b,fail,,,,,,not_applicable_n_out_of_range,not_calculated,ROUT not implemented from scratch during MVP per handoff guardrails; no trusted existing implementation wired up yet.
1274,80,20,wheat straw,xrf,pr,possessive,knife mill (2mm),,ppm,47.0,1,68.0,68.0,,,68.0,68.0,0.0,68.0,(62)d97b,fail,,,,,,not_applicable_n_out_of_range,not_calculated,ROUT not implemented from scratch during MVP per handoff guardrails; no trusted existing implementation wired up yet.
1275,80,20,wheat straw,xrf,al,possessive,knife mill (2mm),,ppm,47.0,1,1370.0,1370.0,,,1370.0,1370.0,0.0,1370.0,(62)da9a,fail,,,,,,not_applicable_n_out_of_range,not_calculated,ROUT not implemented from scratch during MVP per handoff guardrails; no trusted existing implementation wired up yet.
1276,123,26,spent oak chips,xrf,ti,rigging,oven dry + knife mill (2mm),,ppm,47.0,1,250.0,250.0,,,250.0,250.0,0.0,250.0,(65)0040,fail,,,,,,not_applicable_n_out_of_range,not_calculated,ROUT not implemented from scratch during MVP per handoff guardrails; no trusted existing implementation wired up yet.
1277,123,26,spent oak chips,xrf,u,rigging,oven dry + knife mill (2mm),,ppm,47.0,3,20.666666666666668,20.0,1.1547005383792517,5.587260669577023,20.0,22.0,2.0,"22.0,20.0,20.0","(65)0179,(65)1899,(65)8328",pass,False,False,1.0,(65)0179,True,calculated,not_calculated,ROUT not implemented from scratch during MVP per handoff guardrails; no trusted existing implementation wired up yet.
1278,117,23,grape pomace,xrf,u,rigging,oven dry + knife mill (2mm),,ppm,47.0,3,12.666666666666666,13.0,0.5773502691896257,4.5580284409707295,12.0,13.0,1.0,"13.0,13.0,12.0","(65)03f2,(65)5587,(65)efe3",pass,False,False,1.0,(65)efe3,True,calculated,not_calculated,ROUT not implemented from scratch during MVP per handoff guardrails; no trusted existing implementation wired up yet.
1279,123,26,spent oak chips,xrf,s,rigging,oven dry + knife mill (2mm),,ppm,47.0,3,2376.6666666666665,2360.0,37.859388972001824,1.5929616678261638,2350.0,2420.0,70.0,"2420.0,2360.0,2350.0","(65)0762,(65)876c,(65)ddf6",pass,False,False,0.8571428571428571,(65)0762,False,calculated,not_calculated,ROUT not implemented from scratch during MVP per handoff guardrails; no trusted existing implementation wired up yet.
1280,117,23,grape pomace,xrf,pr,rigging,oven dry + knife mill (2mm),,ppm,47.0,2,100.5,100.5,31.81980515339464,31.66149766506929,78.0,123.0,45.0,"78.0,123.0","(65)07b3,(65)6963",pass,True,True,,,,not_applicable_n_out_of_range,not_calculated,ROUT not implemented from scratch during MVP per handoff guardrails; no trusted existing implementation wired up yet.
1281,123,26,spent oak chips,xrf,zn,rigging,oven dry + knife mill (2mm),,ppm,47.0,3,14.666666666666666,15.0,1.5275252316519468,10.414944761263277,13.0,16.0,3.0,"13.0,16.0,15.0","(65)0f71,(65)15c5,(65)682e",pass,True,False,0.6666666666666666,(65)0f71,False,calculated,not_calculated,ROUT not implemented from scratch during MVP per handoff guardrails; no trusted existing implementation wired up yet.
1282,123,26,spent oak chips,xrf,nd,rigging,oven dry + knife mill (2mm),,ppm,47.0,1,91.0,91.0,,,91.0,91.0,0.0,91.0,(65)108b,fail,,,,,,not_applicable_n_out_of_range,not_calculated,ROUT not implemented from scratch during MVP per handoff guardrails; no trusted existing implementation wired up yet.
1283,117,23,grape pomace,xrf,zn,rigging,oven dry + knife mill (2mm),,ppm,47.0,3,22.666666666666668,24.0,3.2145502536643185,14.181839354401404,19.0,25.0,6.0,"24.0,19.0,25.0","(65)1198,(65)cbd6,(65)d703",pass,True,False,0.8333333333333334,(65)cbd6,False,calculated,not_calculated,ROUT not implemented from scratch during MVP per handoff guardrails; no trusted existing implementation wired up yet.
1284,117,23,grape pomace,xrf,si,rigging,oven dry + knife mill (2mm),,ppm,47.0,3,1176.6666666666667,1180.0,25.166114784235837,2.138763296110694,1150.0,1200.0,50.0,"1200.0,1180.0,1150.0","(65)1632,(65)c0c2,(65)f13a",pass,False,False,0.6,(65)f13a,False,calculated,not_calculated,ROUT not implemented from scratch during MVP per handoff guardrails; no trusted existing implementation wired up yet.
1285,123,26,spent oak chips,xrf,ce,rigging,oven dry + knife mill (2mm),,ppm,47.0,3,59.0,61.0,4.358898943540674,7.387964311085889,54.0,62.0,8.0,"54.0,62.0,61.0","(65)1737,(65)476c,(65)ed0b",pass,False,False,0.875,(65)1737,False,calculated,not_calculated,ROUT not implemented from scratch during MVP per handoff guardrails; no trusted existing implementation wired up yet.
1286,123,26,spent oak chips,xrf,th,rigging,oven dry + knife mill (2mm),,ppm,47.0,3,60.66666666666666,61.0,2.516611478423583,4.148260678720192,58.0,63.0,5.0,"61.0,58.0,63.0","(65)2038,(65)dd10,(65)eff5",pass,False,False,0.6,(65)dd10,False,calculated,not_calculated,ROUT not implemented from scratch during MVP per handoff guardrails; no trusted existing implementation wired up yet.
1287,123,26,spent oak chips,xrf,ca,rigging,oven dry + knife mill (2mm),,ppm,47.0,3,1233.3333333333333,1240.0,60.27713773341708,4.887335491898683,1170.0,1290.0,120.0,"1290.0,1170.0,1240.0","(65)2122,(65)5cf2,(65)f061",pass,False,False,0.5833333333333334,(65)5cf2,False,calculated,not_calculated,ROUT not implemented from scratch during MVP per handoff guardrails; no trusted existing implementation wired up yet.
1288,123,26,spent oak chips,xrf,mn,rigging,oven dry + knife mill (2mm),,ppm,47.0,3,28.666666666666668,28.0,4.041451884327381,14.098087968583886,25.0,33.0,8.0,"25.0,28.0,33.0","(65)23e5,(65)2ca6,(65)be45",pass,True,False,0.625,(65)be45,False,calculated,not_calculated,ROUT not implemented from scratch during MVP per handoff guardrails; no trusted existing implementation wired up yet.
1289,117,23,grape pomace,xrf,ca,rigging,oven dry + knife mill (2mm),,ppm,47.0,3,7133.333333333333,7300.0,306.15900008546754,4.291948599328984,6780.0,7320.0,540.0,"6780.0,7320.0,7300.0","(65)245d,(65)6730,(65)70c1",pass,False,False,0.9629629629629629,(65)245d,False,calculated,not_calculated,ROUT not implemented from scratch during MVP per handoff guardrails; no trusted existing implementation wired up yet.
1290,123,26,spent oak chips,xrf,pb,rigging,oven dry + knife mill (2mm),,ppm,47.0,3,4.0,4.0,0.0,0.0,4.0,4.0,0.0,"4.0,4.0,4.0","(65)2525,(65)58d1,(65)820a",pass,False,False,,,,not_applicable_zero_range,not_calculated,ROUT not implemented from scratch during MVP per handoff guardrails; no trusted existing implementation wired up yet.
1291,117,23,grape pomace,xrf,s,rigging,oven dry + knife mill (2mm),,ppm,47.0,3,2663.333333333333,2660.0,25.166114784235837,0.9449104424619212,2640.0,2690.0,50.0,"2690.0,2640.0,2660.0","(65)2ddc,(65)c479,(65)d98d",pass,False,False,0.6,(65)2ddc,False,calculated,not_calculated,ROUT not implemented from scratch during MVP per handoff guardrails; no trusted existing implementation wired up yet.
1292,123,26,spent oak chips,xrf,la,rigging,oven dry + knife mill (2mm),,ppm,47.0,2,38.0,38.0,8.48528137423857,22.329687826943605,32.0,44.0,12.0,"44.0,32.0","(65)31f0,(65)7448",pass,True,True,,,,not_applicable_n_out_of_range,not_calculated,ROUT not implemented from scratch during MVP per handoff guardrails; no trusted existing implementation wired up yet.
1293,117,23,grape pomace,xrf,fe,rigging,oven dry + knife mill (2mm),,ppm,47.0,3,267.0,267.0,6.0,2.247191011235955,261.0,273.0,12.0,"273.0,267.0,261.0","(65)3415,(65)afaf,(65)d484",pass,False,False,0.5,(65)d484,False,calculated,not_calculated,ROUT not implemented from scratch during MVP per handoff guardrails; no trusted existing implementation wired up yet.
1294,123,26,spent oak chips,xrf,cu,rigging,oven dry + knife mill (2mm),,ppm,47.0,3,9.0,10.0,2.6457513110645907,29.397236789606563,6.0,11.0,5.0,"6.0,11.0,10.0","(65)3505,(65)894b,(65)ff53",pass,True,True,0.8,(65)3505,False,calculated,not_calculated,ROUT not implemented from scratch during MVP per handoff guardrails; no trusted existing implementation wired up yet.
1295,117,23,grape pomace,xrf,th,rigging,oven dry + knife mill (2mm),,ppm,47.0,3,36.0,35.0,1.7320508075688772,4.811252243246881,35.0,38.0,3.0,"38.0,35.0,35.0","(65)3cab,(65)a509,(65)b1e9",pass,False,False,1.0,(65)3cab,True,calculated,not_calculated,ROUT not implemented from scratch during MVP per handoff guardrails; no trusted existing implementation wired up yet.
1296,117,23,grape pomace,xrf,mo,rigging,oven dry + knife mill (2mm),,ppm,47.0,3,5.333333333333333,5.0,1.5275252316519463,28.641098093474,4.0,7.0,3.0,"4.0,7.0,5.0","(65)3d3b,(65)53d6,(65)ece0",pass,True,True,0.6666666666666666,(65)53d6,False,calculated,not_calculated,ROUT not implemented from scratch during MVP per handoff guardrails; no trusted existing implementation wired up yet.
1297,117,23,grape pomace,xrf,p,rigging,oven dry + knife mill (2mm),,ppm,47.0,3,3430.0,3420.0,26.457513110645905,0.7713560673657699,3410.0,3460.0,50.0,"3410.0,3460.0,3420.0","(65)40f0,(65)5c0e,(65)5cbf",pass,False,False,0.8,(65)5c0e,False,calculated,not_calculated,ROUT not implemented from scratch during MVP per handoff guardrails; no trusted existing implementation wired up yet.
1298,123,26,spent oak chips,xrf,sr,rigging,oven dry + knife mill (2mm),,ppm,47.0,3,13.0,13.0,1.0,7.6923076923076925,12.0,14.0,2.0,"13.0,12.0,14.0","(65)4199,(65)bbd4,(65)fb9f",pass,False,False,0.5,(65)bbd4,False,calculated,not_calculated,ROUT not implemented from scratch during MVP per handoff guardrails; no trusted existing implementation wired up yet.
1299,117,23,grape pomace,xrf,rb,rigging,oven dry + knife mill (2mm),,ppm,47.0,3,7.0,7.0,0.0,0.0,7.0,7.0,0.0,"7.0,7.0,7.0","(65)44e6,(65)f448,(65)f5a2",pass,False,False,,,,not_applicable_zero_range,not_calculated,ROUT not implemented from scratch during MVP per handoff guardrails; no trusted existing implementation wired up yet.
1300,117,23,grape pomace,xrf,k,rigging,oven dry + knife mill (2mm),,ppm,47.0,3,16433.333333333332,16200.0,404.145188432738,2.459301349489278,16200.0,16900.0,700.0,"16200.0,16900.0,16200.0","(65)4a98,(65)999c,(65)b753",pass,False,False,1.0,(65)999c,True,calculated,not_calculated,ROUT not implemented from scratch during MVP per handoff guardrails; no trusted existing implementation wired up yet.
1301,123,26,spent oak chips,xrf,ba,rigging,oven dry + knife mill (2mm),,ppm,47.0,3,22.666666666666668,21.0,2.886751345948129,12.735667702712334,21.0,26.0,5.0,"21.0,26.0,21.0","(65)4b03,(65)5d26,(65)6092",pass,True,False,1.0,(65)5d26,True,calculated,not_calculated,ROUT not implemented from scratch during MVP per handoff guardrails; no trusted existing implementation wired up yet.
1302,117,23,grape pomace,xrf,mn,rigging,oven dry + knife mill (2mm),,ppm,47.0,3,42.0,43.0,7.54983443527075,17.97579627445417,34.0,49.0,15.0,"49.0,43.0,34.0","(65)56be,(65)5a38,(65)d89b",pass,True,False,0.6,(65)d89b,False,calculated,not_calculated,ROUT not implemented from scratch during MVP per handoff guardrails; no trusted existing implementation wired up yet.
1303,117,23,grape pomace,xrf,co,rigging,oven dry + knife mill (2mm),,ppm,47.0,1,13.0,13.0,,,13.0,13.0,0.0,13.0,(65)5756,pass,,,,,,not_applicable_n_out_of_range,not_calculated,ROUT not implemented from scratch during MVP per handoff guardrails; no trusted existing implementation wired up yet.
1304,123,26,spent oak chips,xrf,k,rigging,oven dry + knife mill (2mm),,ppm,47.0,3,5730.0,5660.0,204.20577856662135,3.5638006730649456,5570.0,5960.0,390.0,"5570.0,5960.0,5660.0","(65)5c03,(65)81c7,(65)f12e",pass,False,False,0.7692307692307693,(65)81c7,False,calculated,not_calculated,ROUT not implemented from scratch during MVP per handoff guardrails; no trusted existing implementation wired up yet.
1305,117,23,grape pomace,xrf,ce,rigging,oven dry + knife mill (2mm),,ppm,47.0,2,59.5,59.5,16.263455967290593,27.333539440824527,48.0,71.0,23.0,"71.0,48.0","(65)6500,(65)fce3",pass,True,True,,,,not_applicable_n_out_of_range,not_calculated,ROUT not implemented from scratch during MVP per handoff guardrails; no trusted existing implementation wired up yet.
1306,123,26,spent oak chips,xrf,pr,rigging,oven dry + knife mill (2mm),,ppm,47.0,2,99.5,99.5,3.5355339059327378,3.553300407972601,97.0,102.0,5.0,"97.0,102.0","(65)651a,(65)6e13",pass,False,False,,,,not_applicable_n_out_of_range,not_calculated,ROUT not implemented from scratch during MVP per handoff guardrails; no trusted existing implementation wired up yet.
1307,123,26,spent oak chips,xrf,si,rigging,oven dry + knife mill (2mm),,ppm,47.0,3,1063.3333333333333,1050.0,32.145502536643185,3.0230880128504567,1040.0,1100.0,60.0,"1100.0,1040.0,1050.0","(65)6af2,(65)79e8,(65)fea4",pass,False,False,0.8333333333333334,(65)6af2,False,calculated,not_calculated,ROUT not implemented from scratch during MVP per handoff guardrails; no trusted existing implementation wired up yet.
1308,123,26,spent oak chips,xrf,al,rigging,oven dry + knife mill (2mm),,ppm,47.0,2,793.5,793.5,123.74368670764582,15.59466751199065,706.0,881.0,175.0,"881.0,706.0","(65)6bdb,(65)b02e",pass,True,False,,,,not_applicable_n_out_of_range,not_calculated,ROUT not implemented from scratch during MVP per handoff guardrails; no trusted existing implementation wired up yet.
1309,117,23,grape pomace,xrf,ba,rigging,oven dry + knife mill (2mm),,ppm,47.0,2,29.0,29.0,5.656854249492381,19.50639396376683,25.0,33.0,8.0,"33.0,25.0","(65)754a,(65)bebc",pass,True,False,,,,not_applicable_n_out_of_range,not_calculated,ROUT not implemented from scratch during MVP per handoff guardrails; no trusted existing implementation wired up yet.
1310,123,26,spent oak chips,xrf,rb,rigging,oven dry + knife mill (2mm),,ppm,47.0,3,7.666666666666667,8.0,0.5773502691896258,7.530655685082076,7.0,8.0,1.0,"7.0,8.0,8.0","(65)7c35,(65)d407,(65)d5bb",pass,False,False,1.0,(65)7c35,True,calculated,not_calculated,ROUT not implemented from scratch during MVP per handoff guardrails; no trusted existing implementation wired up yet.
1311,117,23,grape pomace,xrf,cu,rigging,oven dry + knife mill (2mm),,ppm,47.0,3,18.33333333333333,18.0,0.5773502691896258,3.1491832864888685,18.0,19.0,1.0,"18.0,18.0,19.0","(65)8c78,(65)8eb6,(65)b893","fail,pass",False,False,1.0,(65)b893,True,calculated,not_calculated,ROUT not implemented from scratch during MVP per handoff guardrails; no trusted existing implementation wired up yet.
1312,123,26,spent oak chips,xrf,fe,rigging,oven dry + knife mill (2mm),,ppm,47.0,3,275.6666666666667,272.0,18.77054430040145,6.809145453591819,259.0,296.0,37.0,"272.0,259.0,296.0","(65)8db0,(65)905d,(65)bd1d",pass,False,False,0.6486486486486487,(65)bd1d,False,calculated,not_calculated,ROUT not implemented from scratch during MVP per handoff guardrails; no trusted existing implementation wired up yet.
1313,117,23,grape pomace,xrf,sr,rigging,oven dry + knife mill (2mm),,ppm,47.0,3,45.66666666666666,46.0,0.5773502691896258,1.2642706624590347,45.0,46.0,1.0,"45.0,46.0,46.0","(65)9b52,(65)b906,(65)ce2a",pass,False,False,1.0,(65)9b52,True,calculated,not_calculated,ROUT not implemented from scratch during MVP per handoff guardrails; no trusted existing implementation wired up yet.
1314,117,23,grape pomace,xrf,mg,rigging,oven dry + knife mill (2mm),,ppm,47.0,1,4510.0,4510.0,,,4510.0,4510.0,0.0,4510.0,(65)a456,fail,,,,,,not_applicable_n_out_of_range,not_calculated,ROUT not implemented from scratch during MVP per handoff guardrails; no trusted existing implementation wired up yet.
1315,117,23,grape pomace,xrf,la,rigging,oven dry + knife mill (2mm),,ppm,47.0,1,45.0,45.0,,,45.0,45.0,0.0,45.0,(65)ac64,fail,,,,,,not_applicable_n_out_of_range,not_calculated,ROUT not implemented from scratch during MVP per handoff guardrails; no trusted existing implementation wired up yet.
1316,123,26,spent oak chips,xrf,p,rigging,oven dry + knife mill (2mm),,ppm,47.0,3,257.6666666666667,258.0,4.509249752822894,1.750032245597501,253.0,262.0,9.0,"262.0,258.0,253.0","(65)b4d1,(65)d5b4,(65)dbce",pass,False,False,0.5555555555555556,(65)dbce,False,calculated,not_calculated,ROUT not implemented from scratch during MVP per handoff guardrails; no trusted existing implementation wired up yet.
1317,123,26,spent oak chips,xrf,mo,rigging,oven dry + knife mill (2mm),,ppm,47.0,1,6.0,6.0,,,6.0,6.0,0.0,6.0,(65)fb19,fail,,,,,,not_applicable_n_out_of_range,not_calculated,ROUT not implemented from scratch during MVP per handoff guardrails; no trusted existing implementation wired up yet.
1318,147,31,almond shells,xrf,th,humorous,knife mill (2mm),,ppm,47.0,3,41.0,41.0,1.0,2.4390243902439024,40.0,42.0,2.0,"42.0,40.0,41.0","(71)0462,(71)9e66,(71)e47c",pass,False,False,0.5,(71)9e66,False,calculated,not_calculated,ROUT not implemented from scratch during MVP per handoff guardrails; no trusted existing implementation wired up yet.
1319,147,31,almond shells,xrf,p,humorous,knife mill (2mm),,ppm,47.0,3,765.6666666666666,759.0,20.816659994661325,2.7187627333036124,749.0,789.0,40.0,"749.0,789.0,759.0","(71)063b,(71)4ebd,(71)6c10",pass,False,False,0.75,(71)4ebd,False,calculated,not_calculated,ROUT not implemented from scratch during MVP per handoff guardrails; no trusted existing implementation wired up yet.
1320,147,31,almond shells,xrf,k,humorous,knife mill (2mm),,ppm,47.0,3,21766.666666666668,21800.0,57.735026918962575,0.2652451466414819,21700.0,21800.0,100.0,"21800.0,21700.0,21800.0","(71)1059,(71)7936,(71)f66e",pass,False,False,1.0,(71)7936,True,calculated,not_calculated,ROUT not implemented from scratch during MVP per handoff guardrails; no trusted existing implementation wired up yet.
1321,147,31,almond shells,xrf,mg,humorous,knife mill (2mm),,ppm,47.0,1,3760.0,3760.0,,,3760.0,3760.0,0.0,3760.0,(71)1173,fail,,,,,,not_applicable_n_out_of_range,not_calculated,ROUT not implemented from scratch during MVP per handoff guardrails; no trusted existing implementation wired up yet.
1322,147,31,almond shells,xrf,mn,humorous,knife mill (2mm),,ppm,47.0,3,34.333333333333336,33.0,6.110100926607787,17.796410465847924,29.0,41.0,12.0,"29.0,33.0,41.0","(71)1d78,(71)8004,(71)f183",pass,True,False,0.6666666666666666,(71)f183,False,calculated,not_calculated,ROUT not implemented from scratch during MVP per handoff guardrails; no trusted existing implementation wired up yet.
1323,147,31,almond shells,xrf,cu,humorous,knife mill (2mm),,ppm,47.0,3,9.333333333333334,9.0,1.5275252316519468,16.366341767699428,8.0,11.0,3.0,"8.0,11.0,9.0","(71)1f61,(71)7bce,(71)bbb1",pass,True,False,0.6666666666666666,(71)7bce,False,calculated,not_calculated,ROUT not implemented from scratch during MVP per handoff guardrails; no trusted existing implementation wired up yet.
1324,147,31,almond shells,xrf,ba,humorous,knife mill (2mm),,ppm,47.0,2,28.5,28.5,7.7781745930520225,27.29184067737552,23.0,34.0,11.0,"34.0,23.0","(71)233e,(71)3d48",pass,True,True,,,,not_applicable_n_out_of_range,not_calculated,ROUT not implemented from scratch during MVP per handoff guardrails; no trusted existing implementation wired up yet.
1325,147,31,almond shells,xrf,mo,humorous,knife mill (2mm),,ppm,47.0,3,5.0,5.0,0.0,0.0,5.0,5.0,0.0,"5.0,5.0,5.0","(71)2a46,(71)cb0d,(71)f738",pass,False,False,,,,not_applicable_zero_range,not_calculated,ROUT not implemented from scratch during MVP per handoff guardrails; no trusted existing implementation wired up yet.
1326,147,31,almond shells,xrf,la,humorous,knife mill (2mm),,ppm,47.0,3,43.0,41.0,3.4641016151377544,8.05605026776222,41.0,47.0,6.0,"41.0,41.0,47.0","(71)3bc3,(71)cc32,(71)e011",pass,False,False,1.0,(71)e011,True,calculated,not_calculated,ROUT not implemented from scratch during MVP per handoff guardrails; no trusted existing implementation wired up yet.
1327,147,31,almond shells,xrf,zn,humorous,knife mill (2mm),,ppm,47.0,3,10.0,10.0,1.0,10.0,9.0,11.0,2.0,"10.0,11.0,9.0","(71)461c,(71)5223,(71)6626",pass,False,False,0.5,(71)6626,False,calculated,not_calculated,ROUT not implemented from scratch during MVP per handoff guardrails; no trusted existing implementation wired up yet.
1328,147,31,almond shells,xrf,s,humorous,knife mill (2mm),,ppm,47.0,3,330.6666666666667,335.0,9.29157324317757,2.8099515856383777,320.0,337.0,17.0,"320.0,335.0,337.0","(71)4860,(71)7f8d,(71)c775",pass,False,False,0.8823529411764706,(71)4860,False,calculated,not_calculated,ROUT not implemented from scratch during MVP per handoff guardrails; no trusted existing implementation wired up yet.
1329,147,31,almond shells,xrf,pr,humorous,knife mill (2mm),,ppm,47.0,3,93.33333333333331,101.0,19.65536398374076,21.05931855400795,71.0,108.0,37.0,"108.0,101.0,71.0","(71)4a3c,(71)cb98,(71)cc2a",pass,True,True,0.8108108108108109,(71)cc2a,False,calculated,not_calculated,ROUT not implemented from scratch during MVP per handoff guardrails; no trusted existing implementation wired up yet.
1330,147,31,almond shells,xrf,ca,humorous,knife mill (2mm),,ppm,47.0,3,2970.0,2970.0,20.0,0.6734006734006733,2950.0,2990.0,40.0,"2970.0,2990.0,2950.0","(71)4ccb,(71)e322,(71)f439",pass,False,False,0.5,(71)f439,False,calculated,not_calculated,ROUT not implemented from scratch during MVP per handoff guardrails; no trusted existing implementation wired up yet.
1331,147,31,almond shells,xrf,u,humorous,knife mill (2mm),,ppm,47.0,3,11.666666666666666,12.0,0.5773502691896257,4.948716593053935,11.0,12.0,1.0,"12.0,12.0,11.0","(71)5730,(71)a1b0,(71)dd2f",pass,False,False,1.0,(71)dd2f,True,calculated,not_calculated,ROUT not implemented from scratch during MVP per handoff guardrails; no trusted existing implementation wired up yet.
1332,147,31,almond shells,xrf,si,humorous,knife mill (2mm),,ppm,47.0,3,1726.6666666666667,1720.0,60.27713773341708,3.490953922784773,1670.0,1790.0,120.0,"1670.0,1720.0,1790.0","(71)5de7,(71)7d26,(71)7d74",pass,False,False,0.5833333333333334,(71)7d74,False,calculated,not_calculated,ROUT not implemented from scratch during MVP per handoff guardrails; no trusted existing implementation wired up yet.
1333,147,31,almond shells,xrf,ti,humorous,knife mill (2mm),,ppm,47.0,2,160.5,160.5,2.1213203435596424,1.321694918105696,159.0,162.0,3.0,"159.0,162.0","(71)81e0,(71)e79d",pass,False,False,,,,not_applicable_n_out_of_range,not_calculated,ROUT not implemented from scratch during MVP per handoff guardrails; no trusted existing implementation wired up yet.
1334,147,31,almond shells,xrf,fe,humorous,knife mill (2mm),,ppm,47.0,3,159.66666666666666,157.0,12.220201853215572,7.653571098047332,149.0,173.0,24.0,"157.0,149.0,173.0","(71)918f,(71)b8a7,(71)de49",pass,False,False,0.6666666666666666,(71)de49,False,calculated,not_calculated,ROUT not implemented from scratch during MVP per handoff guardrails; no trusted existing implementation wired up yet.
1335,147,31,almond shells,xrf,sr,humorous,knife mill (2mm),,ppm,47.0,3,16.666666666666668,17.0,0.5773502691896258,3.4641016151377544,16.0,17.0,1.0,"17.0,17.0,16.0","(71)a274,(71)a543,(71)ac33",pass,False,False,1.0,(71)ac33,True,calculated,not_calculated,ROUT not implemented from scratch during MVP per handoff guardrails; no trusted existing implementation wired up yet.
1336,147,31,almond shells,xrf,rb,humorous,knife mill (2mm),,ppm,47.0,3,21.666666666666668,22.0,0.5773502691896258,2.664693550105965,21.0,22.0,1.0,"21.0,22.0,22.0","(71)aba8,(71)d39a,(71)e085",pass,False,False,1.0,(71)aba8,True,calculated,not_calculated,ROUT not implemented from scratch during MVP per handoff guardrails; no trusted existing implementation wired up yet.
1337,147,31,almond shells,xrf,co,humorous,knife mill (2mm),,ppm,47.0,1,9.0,9.0,,,9.0,9.0,0.0,9.0,(71)b58e,fail,,,,,,not_applicable_n_out_of_range,not_calculated,ROUT not implemented from scratch during MVP per handoff guardrails; no trusted existing implementation wired up yet.
1338,147,31,almond shells,xrf,ce,humorous,knife mill (2mm),,ppm,47.0,1,50.0,50.0,,,50.0,50.0,0.0,50.0,(71)ee98,fail,,,,,,not_applicable_n_out_of_range,not_calculated,ROUT not implemented from scratch during MVP per handoff guardrails; no trusted existing implementation wired up yet.
1339,84,30,peach pomace,xrf,mo,rushes,oven dry + knife mill (2mm),,ppm,47.0,3,5.333333333333333,5.0,0.5773502691896258,10.825317547305485,5.0,6.0,1.0,"5.0,5.0,6.0","(78)03fa,(78)24fe,(78)7dd7",pass,True,False,1.0,(78)7dd7,True,calculated,not_calculated,ROUT not implemented from scratch during MVP per handoff guardrails; no trusted existing implementation wired up yet.
1340,84,30,peach pomace,xrf,rb,rushes,oven dry + knife mill (2mm),,ppm,47.0,3,40.333333333333336,40.0,0.5773502691896258,1.4314469484040309,40.0,41.0,1.0,"41.0,40.0,40.0","(78)08ef,(78)52a9,(78)d557",pass,False,False,1.0,(78)08ef,True,calculated,not_calculated,ROUT not implemented from scratch during MVP per handoff guardrails; no trusted existing implementation wired up yet.
1341,84,30,peach pomace,xrf,k,rushes,oven dry + knife mill (2mm),,ppm,47.0,3,48900.0,47900.0,1819.3405398660248,3.720532801362015,47800.0,51000.0,3200.0,"47900.0,51000.0,47800.0","(78)0e9e,(78)16ed,(78)f308",pass,False,False,0.96875,(78)16ed,False,calculated,not_calculated,ROUT not implemented from scratch during MVP per handoff guardrails; no trusted existing implementation wired up yet.
1342,84,30,peach pomace,xrf,u,rushes,oven dry + knife mill (2mm),,ppm,47.0,3,11.666666666666666,12.0,0.5773502691896257,4.948716593053935,11.0,12.0,1.0,"11.0,12.0,12.0","(78)0f6e,(78)2124,(78)daf4",pass,False,False,1.0,(78)0f6e,True,calculated,not_calculated,ROUT not implemented from scratch during MVP per handoff guardrails; no trusted existing implementation wired up yet.
1343,84,30,peach pomace,xrf,cu,rushes,oven dry + knife mill (2mm),,ppm,47.0,3,21.666666666666668,21.0,1.1547005383792517,5.32938710021193,21.0,23.0,2.0,"23.0,21.0,21.0","(78)1254,(78)8bb2,(78)d5c2",pass,False,False,1.0,(78)1254,True,calculated,not_calculated,ROUT not implemented from scratch during MVP per handoff guardrails; no trusted existing implementation wired up yet.
1344,84,30,peach pomace,xrf,s,rushes,oven dry + knife mill (2mm),,ppm,47.0,3,1800.0,1780.0,121.2435565298214,6.735753140545634,1690.0,1930.0,240.0,"1930.0,1690.0,1780.0","(78)161a,(78)b9b0,(78)e8e5",pass,False,False,0.625,(78)161a,False,calculated,not_calculated,ROUT not implemented from scratch during MVP per handoff guardrails; no trusted existing implementation wired up yet.
1345,84,30,peach pomace,xrf,th,rushes,oven dry + knife mill (2mm),,ppm,47.0,3,39.333333333333336,39.0,4.509249752822894,11.464194286837866,35.0,44.0,9.0,"35.0,44.0,39.0","(78)2604,(78)b9df,(78)efa1",pass,True,False,0.5555555555555556,(78)b9df,False,calculated,not_calculated,ROUT not implemented from scratch during MVP per handoff guardrails; no trusted existing implementation wired up yet.
1346,84,30,peach pomace,xrf,pr,rushes,oven dry + knife mill (2mm),,ppm,47.0,1,106.0,106.0,,,106.0,106.0,0.0,106.0,(78)296e,fail,,,,,,not_applicable_n_out_of_range,not_calculated,ROUT not implemented from scratch during MVP per handoff guardrails; no trusted existing implementation wired up yet.
1347,84,30,peach pomace,xrf,ca,rushes,oven dry + knife mill (2mm),,ppm,47.0,3,3376.6666666666665,3390.0,23.09401076758503,0.6839292428702378,3350.0,3390.0,40.0,"3350.0,3390.0,3390.0","(78)2aac,(78)2ec0,(78)8efe",pass,False,False,1.0,(78)2aac,True,calculated,not_calculated,ROUT not implemented from scratch during MVP per handoff guardrails; no trusted existing implementation wired up yet.
1348,84,30,peach pomace,xrf,al,rushes,oven dry + knife mill (2mm),,ppm,47.0,3,2003.3333333333333,2280.0,577.0904030854554,28.80650930543038,1340.0,2390.0,1050.0,"2390.0,1340.0,2280.0","(78)30dc,(78)494a,(78)6091",pass,True,True,0.8952380952380953,(78)494a,False,calculated,not_calculated,ROUT not implemented from scratch during MVP per handoff guardrails; no trusted existing implementation wired up yet.
1349,84,30,peach pomace,xrf,ba,rushes,oven dry + knife mill (2mm),,ppm,47.0,2,29.5,29.5,2.1213203435596424,7.190916418846245,28.0,31.0,3.0,"31.0,28.0","(78)3489,(78)feb9",pass,False,False,,,,not_applicable_n_out_of_range,not_calculated,ROUT not implemented from scratch during MVP per handoff guardrails; no trusted existing implementation wired up yet.
1350,84,30,peach pomace,xrf,fe,rushes,oven dry + knife mill (2mm),,ppm,47.0,3,301.0,300.0,4.58257569495584,1.5224503969952956,297.0,306.0,9.0,"297.0,300.0,306.0","(78)39ec,(78)4307,(78)a804",pass,False,False,0.6666666666666666,(78)a804,False,calculated,not_calculated,ROUT not implemented from scratch during MVP per handoff guardrails; no trusted existing implementation wired up yet.
1351,84,30,peach pomace,xrf,zn,rushes,oven dry + knife mill (2mm),,ppm,47.0,3,41.0,40.0,2.6457513110645907,6.453051978206319,39.0,44.0,5.0,"44.0,40.0,39.0","(78)4743,(78)8f8c,(78)cc7c",pass,False,False,0.8,(78)4743,False,calculated,not_calculated,ROUT not implemented from scratch during MVP per handoff guardrails; no trusted existing implementation wired up yet.
1352,84,30,peach pomace,xrf,si,rushes,oven dry + knife mill (2mm),,ppm,47.0,3,1643.3333333333333,1600.0,83.86497083606083,5.103345081301876,1590.0,1740.0,150.0,"1740.0,1600.0,1590.0","(78)5491,(78)6a1f,(78)a8e9",pass,False,False,0.9333333333333333,(78)5491,False,calculated,not_calculated,ROUT not implemented from scratch during MVP per handoff guardrails; no trusted existing implementation wired up yet.
1353,84,30,peach pomace,xrf,sr,rushes,oven dry + knife mill (2mm),,ppm,47.0,3,19.666666666666668,20.0,0.5773502691896258,2.9356793348625043,19.0,20.0,1.0,"20.0,19.0,20.0","(78)5546,(78)9049,(78)9ae1",pass,False,False,1.0,(78)9049,True,calculated,not_calculated,ROUT not implemented from scratch during MVP per handoff guardrails; no trusted existing implementation wired up yet.
1354,84,30,peach pomace,xrf,p,rushes,oven dry + knife mill (2mm),,ppm,47.0,3,4956.666666666667,4890.0,133.1665623695879,2.686615246192088,4870.0,5110.0,240.0,"5110.0,4870.0,4890.0","(78)5699,(78)b212,(78)f45c",pass,False,False,0.9166666666666666,(78)5699,False,calculated,not_calculated,ROUT not implemented from scratch during MVP per handoff guardrails; no trusted existing implementation wired up yet.
1355,84,30,peach pomace,xrf,mn,rushes,oven dry + knife mill (2mm),,ppm,47.0,3,70.66666666666667,69.0,3.7859388972001824,5.357460703585164,68.0,75.0,7.0,"69.0,75.0,68.0","(78)57f0,(78)bc48,(78)d22b",pass,False,False,0.8571428571428571,(78)bc48,False,calculated,not_calculated,ROUT not implemented from scratch during MVP per handoff guardrails; no trusted existing implementation wired up yet.
1356,84,30,peach pomace,xrf,mg,rushes,oven dry + knife mill (2mm),,ppm,47.0,2,5010.0,5010.0,1781.9090885900998,35.5670476764491,3750.0,6270.0,2520.0,"6270.0,3750.0","(78)62cd,(78)ea27",pass,True,True,,,,not_applicable_n_out_of_range,not_calculated,ROUT not implemented from scratch during MVP per handoff guardrails; no trusted existing implementation wired up yet.
1357,84,30,peach pomace,xrf,nd,rushes,oven dry + knife mill (2mm),,ppm,47.0,1,104.0,104.0,,,104.0,104.0,0.0,104.0,(78)6934,fail,,,,,,not_applicable_n_out_of_range,not_calculated,ROUT not implemented from scratch during MVP per handoff guardrails; no trusted existing implementation wired up yet.
1358,84,30,peach pomace,xrf,pb,rushes,oven dry + knife mill (2mm),,ppm,47.0,1,4.0,4.0,,,4.0,4.0,0.0,4.0,(78)e75a,fail,,,,,,not_applicable_n_out_of_range,not_calculated,ROUT not implemented from scratch during MVP per handoff guardrails; no trusted existing implementation wired up yet.
1359,84,30,peach pomace,xrf,la,rushes,oven dry + knife mill (2mm),,ppm,47.0,1,43.0,43.0,,,43.0,43.0,0.0,43.0,(78)ec3d,fail,,,,,,not_applicable_n_out_of_range,not_calculated,ROUT not implemented from scratch during MVP per handoff guardrails; no trusted existing implementation wired up yet.
1360,150,35,almond branches,xrf,ba,capstan,knife mill (2mm),,ppm,47.0,3,33.666666666666664,30.0,8.144527815247077,24.19166677796162,28.0,43.0,15.0,"28.0,43.0,30.0","(7e)00df,(7e)292a,(7e)5837",pass,True,True,0.8666666666666667,(7e)292a,False,calculated,not_calculated,ROUT not implemented from scratch during MVP per handoff guardrails; no trusted existing implementation wired up yet.
1361,150,35,almond branches,xrf,p,capstan,knife mill (2mm),,ppm,47.0,3,473.3333333333333,477.0,23.713568549109883,5.009908848403496,448.0,495.0,47.0,"448.0,495.0,477.0","(7e)12b9,(7e)4f9f,(7e)9e16",pass,False,False,0.6170212765957447,(7e)12b9,False,calculated,not_calculated,ROUT not implemented from scratch during MVP per handoff guardrails; no trusted existing implementation wired up yet.
1362,150,35,almond branches,xrf,s,capstan,knife mill (2mm),,ppm,47.0,3,637.3333333333334,643.0,15.30795000427338,2.4018750006705094,620.0,649.0,29.0,"649.0,643.0,620.0","(7e)14b2,(7e)3682,(7e)7bd2",pass,False,False,0.7931034482758621,(7e)7bd2,False,calculated,not_calculated,ROUT not implemented from scratch during MVP per handoff guardrails; no trusted existing implementation wired up yet.
1363,150,35,almond branches,xrf,al,capstan,knife mill (2mm),,ppm,47.0,3,2046.6666666666667,2060.0,110.6044001535804,5.404123786005556,1930.0,2150.0,220.0,"2150.0,2060.0,1930.0","(7e)204a,(7e)f713,(7e)ff77",pass,False,False,0.5909090909090909,(7e)ff77,False,calculated,not_calculated,ROUT not implemented from scratch during MVP per handoff guardrails; no trusted existing implementation wired up yet.
1364,150,35,almond branches,xrf,fe,capstan,knife mill (2mm),,ppm,47.0,3,335.3333333333333,335.0,7.505553499465135,2.2382366300591854,328.0,343.0,15.0,"328.0,335.0,343.0","(7e)20c4,(7e)9118,(7e)ac5d",pass,False,False,0.5333333333333333,(7e)ac5d,False,calculated,not_calculated,ROUT not implemented from scratch during MVP per handoff guardrails; no trusted existing implementation wired up yet.
1365,150,35,almond branches,xrf,k,capstan,knife mill (2mm),,ppm,47.0,3,3490.0,3590.0,217.94494717703367,6.244840893324747,3240.0,3640.0,400.0,"3590.0,3240.0,3640.0","(7e)36c6,(7e)8e65,(7e)eb9a",pass,False,False,0.875,(7e)8e65,False,calculated,not_calculated,ROUT not implemented from scratch during MVP per handoff guardrails; no trusted existing implementation wired up yet.
1366,150,35,almond branches,xrf,sr,capstan,knife mill (2mm),,ppm,47.0,3,83.66666666666667,83.0,1.1547005383792517,1.3801201653935278,83.0,85.0,2.0,"83.0,83.0,85.0","(7e)39c7,(7e)53b3,(7e)e852",pass,False,False,1.0,(7e)e852,True,calculated,not_calculated,ROUT not implemented from scratch during MVP per handoff guardrails; no trusted existing implementation wired up yet.
1367,150,35,almond branches,xrf,th,capstan,knife mill (2mm),,ppm,47.0,3,48.0,47.0,2.6457513110645907,5.51198189805123,46.0,51.0,5.0,"47.0,46.0,51.0","(7e)3bb9,(7e)e15b,(7e)ff8d",pass,False,False,0.8,(7e)ff8d,False,calculated,not_calculated,ROUT not implemented from scratch during MVP per handoff guardrails; no trusted existing implementation wired up yet.
1368,150,35,almond branches,xrf,ce,capstan,knife mill (2mm),,ppm,47.0,2,46.0,46.0,5.656854249492381,12.297509238026914,42.0,50.0,8.0,"42.0,50.0","(7e)3c65,(7e)b204",pass,True,False,,,,not_applicable_n_out_of_range,not_calculated,ROUT not implemented from scratch during MVP per handoff guardrails; no trusted existing implementation wired up yet.
1369,150,35,almond branches,xrf,co,capstan,knife mill (2mm),,ppm,47.0,1,12.0,12.0,,,12.0,12.0,0.0,12.0,(7e)538f,fail,,,,,,not_applicable_n_out_of_range,not_calculated,ROUT not implemented from scratch during MVP per handoff guardrails; no trusted existing implementation wired up yet.
1370,150,35,almond branches,xrf,u,capstan,knife mill (2mm),,ppm,47.0,3,18.33333333333333,18.0,0.5773502691896258,3.1491832864888685,18.0,19.0,1.0,"19.0,18.0,18.0","(7e)5d7f,(7e)6736,(7e)a14d",pass,False,False,1.0,(7e)5d7f,True,calculated,not_calculated,ROUT not implemented from scratch during MVP per handoff guardrails; no trusted existing implementation wired up yet.
1371,150,35,almond branches,xrf,la,capstan,knife mill (2mm),,ppm,47.0,1,37.0,37.0,,,37.0,37.0,0.0,37.0,(7e)5f27,fail,,,,,,not_applicable_n_out_of_range,not_calculated,ROUT not implemented from scratch during MVP per handoff guardrails; no trusted existing implementation wired up yet.
1372,150,35,almond branches,xrf,zn,capstan,knife mill (2mm),,ppm,47.0,3,1130.0,1130.0,20.0,1.7699115044247788,1110.0,1150.0,40.0,"1130.0,1110.0,1150.0","(7e)5fcb,(7e)71cd,(7e)d47e",pass,False,False,0.5,(7e)71cd,False,calculated,not_calculated,ROUT not implemented from scratch during MVP per handoff guardrails; no trusted existing implementation wired up yet.
1373,150,35,almond branches,xrf,ca,capstan,knife mill (2mm),,ppm,47.0,3,9816.666666666666,9810.0,60.27713773341708,0.6140285677427886,9760.0,9880.0,120.0,"9760.0,9810.0,9880.0","(7e)64ec,(7e)78a1,(7e)af83",pass,False,False,0.5833333333333334,(7e)af83,False,calculated,not_calculated,ROUT not implemented from scratch during MVP per handoff guardrails; no trusted existing implementation wired up yet.
1374,150,35,almond branches,xrf,mn,capstan,knife mill (2mm),,ppm,47.0,3,86.66666666666667,81.0,13.428824718989125,15.494797752679755,77.0,102.0,25.0,"102.0,81.0,77.0","(7e)652e,(7e)66a5,(7e)9e12",pass,True,False,0.84,(7e)652e,False,calculated,not_calculated,ROUT not implemented from scratch during MVP per handoff guardrails; no trusted existing implementation wired up yet.
1375,150,35,almond branches,xrf,si,capstan,knife mill (2mm),,ppm,47.0,3,4190.0,4200.0,26.457513110645905,0.6314442269843891,4160.0,4210.0,50.0,"4200.0,4210.0,4160.0","(7e)7da7,(7e)9353,(7e)935a",pass,False,False,0.8,(7e)935a,False,calculated,not_calculated,ROUT not implemented from scratch during MVP per handoff guardrails; no trusted existing implementation wired up yet.
1376,150,35,almond branches,xrf,pr,capstan,knife mill (2mm),,ppm,47.0,1,107.0,107.0,,,107.0,107.0,0.0,107.0,(7e)8c05,fail,,,,,,not_applicable_n_out_of_range,not_calculated,ROUT not implemented from scratch during MVP per handoff guardrails; no trusted existing implementation wired up yet.
1377,150,35,almond branches,xrf,pb,capstan,knife mill (2mm),,ppm,47.0,1,3.0,3.0,,,3.0,3.0,0.0,3.0,(7e)9dab,fail,,,,,,not_applicable_n_out_of_range,not_calculated,ROUT not implemented from scratch during MVP per handoff guardrails; no trusted existing implementation wired up yet.
1378,150,35,almond branches,xrf,ti,capstan,knife mill (2mm),,ppm,47.0,1,159.0,159.0,,,159.0,159.0,0.0,159.0,(7e)c18a,fail,,,,,,not_applicable_n_out_of_range,not_calculated,ROUT not implemented from scratch during MVP per handoff guardrails; no trusted existing implementation wired up yet.
1379,150,35,almond branches,xrf,cu,capstan,knife mill (2mm),,ppm,47.0,3,48.66666666666666,49.0,1.5275252316519463,3.1387504759971505,47.0,50.0,3.0,"47.0,50.0,49.0","(7e)dd01,(7e)deee,(7e)f266",pass,False,False,0.6666666666666666,(7e)dd01,False,calculated,not_calculated,ROUT not implemented from scratch during MVP per handoff guardrails; no trusted existing implementation wired up yet.
1380,107,23,grape pomace,xrf,sr,boatswain,oven dry + knife mill (2mm),,ppm,47.0,3,15.333333333333334,15.0,1.5275252316519468,9.962121075990956,14.0,17.0,3.0,"14.0,15.0,17.0","(82)0268,(82)6a18,(82)de29",pass,False,False,0.6666666666666666,(82)de29,False,calculated,not_calculated,ROUT not implemented from scratch during MVP per handoff guardrails; no trusted existing implementation wired up yet.
1381,107,23,grape pomace,xrf,ba,boatswain,oven dry + knife mill (2mm),,ppm,47.0,3,25.33333333333333,26.0,2.081665999466133,8.21710262947158,23.0,27.0,4.0,"23.0,26.0,27.0","(82)0338,(82)3723,(82)7039",pass,False,False,0.75,(82)0338,False,calculated,not_calculated,ROUT not implemented from scratch during MVP per handoff guardrails; no trusted existing implementation wired up yet.
1382,107,23,grape pomace,xrf,ca,boatswain,oven dry + knife mill (2mm),,ppm,47.0,3,4270.0,4300.0,60.8276253029822,1.4245345504211289,4200.0,4310.0,110.0,"4300.0,4310.0,4200.0","(82)09bb,(82)19cf,(82)8eb7",pass,False,False,0.9090909090909091,(82)8eb7,False,calculated,not_calculated,ROUT not implemented from scratch during MVP per handoff guardrails; no trusted existing implementation wired up yet.
1383,107,23,grape pomace,xrf,zn,boatswain,oven dry + knife mill (2mm),,ppm,47.0,3,19.33333333333333,19.0,0.5773502691896258,2.98629449580841,19.0,20.0,1.0,"19.0,20.0,19.0","(82)0a81,(82)68e4,(82)bcc5",pass,False,False,1.0,(82)68e4,True,calculated,not_calculated,ROUT not implemented from scratch during MVP per handoff guardrails; no trusted existing implementation wired up yet.
1384,107,23,grape pomace,xrf,p,boatswain,oven dry + knife mill (2mm),,ppm,47.0,3,2446.6666666666665,2420.0,55.075705472861024,2.251050632405764,2410.0,2510.0,100.0,"2510.0,2410.0,2420.0","(82)0fe9,(82)9420,(82)c77d",pass,False,False,0.9,(82)0fe9,False,calculated,not_calculated,ROUT not implemented from scratch during MVP per handoff guardrails; no trusted existing implementation wired up yet.
1385,107,23,grape pomace,xrf,ti,boatswain,oven dry + knife mill (2mm),,ppm,47.0,2,191.0,191.0,28.284271247461906,14.808518977728744,171.0,211.0,40.0,"211.0,171.0","(82)19a5,(82)e0bf",pass,True,False,,,,not_applicable_n_out_of_range,not_calculated,ROUT not implemented from scratch during MVP per handoff guardrails; no trusted existing implementation wired up yet.
1386,107,23,grape pomace,xrf,s,boatswain,oven dry + knife mill (2mm),,ppm,47.0,3,2030.0,2060.0,108.16653826391968,5.328400899700476,1910.0,2120.0,210.0,"2060.0,1910.0,2120.0","(82)20ae,(82)2348,(82)8397",pass,False,False,0.7142857142857143,(82)2348,False,calculated,not_calculated,ROUT not implemented from scratch during MVP per handoff guardrails; no trusted existing implementation wired up yet.
1387,107,23,grape pomace,xrf,rb,boatswain,oven dry + knife mill (2mm),,ppm,47.0,3,10.0,10.0,0.0,0.0,10.0,10.0,0.0,"10.0,10.0,10.0","(82)2643,(82)43aa,(82)67f8",pass,False,False,,,,not_applicable_zero_range,not_calculated,ROUT not implemented from scratch during MVP per handoff guardrails; no trusted existing implementation wired up yet.
1388,107,23,grape pomace,xrf,si,boatswain,oven dry + knife mill (2mm),,ppm,47.0,3,1310.0,1290.0,52.91502622129181,4.0393149787245655,1270.0,1370.0,100.0,"1270.0,1370.0,1290.0","(82)2f3c,(82)3fb8,(82)ada4",pass,False,False,0.8,(82)3fb8,False,calculated,not_calculated,ROUT not implemented from scratch during MVP per handoff guardrails; no trusted existing implementation wired up yet.
1389,107,23,grape pomace,xrf,u,boatswain,oven dry + knife mill (2mm),,ppm,47.0,3,13.333333333333334,13.0,0.5773502691896257,4.330127018922193,13.0,14.0,1.0,"13.0,14.0,13.0","(82)31a4,(82)8ff1,(82)dd9a",pass,False,False,1.0,(82)8ff1,True,calculated,not_calculated,ROUT not implemented from scratch during MVP per handoff guardrails; no trusted existing implementation wired up yet.
1390,107,23,grape pomace,xrf,fe,boatswain,oven dry + knife mill (2mm),,ppm,47.0,3,288.6666666666667,284.0,17.473789896108208,6.053275945534021,274.0,308.0,34.0,"274.0,308.0,284.0","(82)33ff,(82)7e18,(82)ee27",pass,False,False,0.7058823529411765,(82)7e18,False,calculated,not_calculated,ROUT not implemented from scratch during MVP per handoff guardrails; no trusted existing implementation wired up yet.
1391,107,23,grape pomace,xrf,k,boatswain,oven dry + knife mill (2mm),,ppm,47.0,3,11466.666666666666,11600.0,321.45502536643187,2.80338684912586,11100.0,11700.0,600.0,"11100.0,11700.0,11600.0","(82)3f2a,(82)76e2,(82)9390",pass,False,False,0.8333333333333334,(82)3f2a,False,calculated,not_calculated,ROUT not implemented from scratch during MVP per handoff guardrails; no trusted existing implementation wired up yet.
1392,107,23,grape pomace,xrf,th,boatswain,oven dry + knife mill (2mm),,ppm,47.0,3,45.66666666666666,47.0,2.309401076758503,5.057082649836138,43.0,47.0,4.0,"47.0,47.0,43.0","(82)4450,(82)4507,(82)e136",pass,False,False,1.0,(82)e136,True,calculated,not_calculated,ROUT not implemented from scratch during MVP per handoff guardrails; no trusted existing implementation wired up yet.
1393,107,23,grape pomace,xrf,mn,boatswain,oven dry + knife mill (2mm),,ppm,47.0,3,34.0,35.0,1.7320508075688772,5.094267081084933,32.0,35.0,3.0,"35.0,32.0,35.0","(82)58a1,(82)928f,(82)f3b0",pass,False,False,1.0,(82)928f,True,calculated,not_calculated,ROUT not implemented from scratch during MVP per handoff guardrails; no trusted existing implementation wired up yet.
1394,107,23,grape pomace,xrf,cu,boatswain,oven dry + knife mill (2mm),,ppm,47.0,3,16.333333333333332,16.0,1.5275252316519463,9.352195295828244,15.0,18.0,3.0,"16.0,15.0,18.0","(82)70b4,(82)953e,(82)a54f",pass,False,False,0.6666666666666666,(82)a54f,False,calculated,not_calculated,ROUT not implemented from scratch during MVP per handoff guardrails; no trusted existing implementation wired up yet.
1395,107,23,grape pomace,xrf,mg,boatswain,oven dry + knife mill (2mm),,ppm,47.0,1,4530.0,4530.0,,,4530.0,4530.0,0.0,4530.0,(82)a684,fail,,,,,,not_applicable_n_out_of_range,not_calculated,ROUT not implemented from scratch during MVP per handoff guardrails; no trusted existing implementation wired up yet.
1396,107,23,grape pomace,xrf,mo,boatswain,oven dry + knife mill (2mm),,ppm,47.0,2,4.5,4.5,2.1213203435596424,47.14045207910316,3.0,6.0,3.0,"3.0,6.0","(82)cb28,(82)dffc",pass,True,True,,,,not_applicable_n_out_of_range,not_calculated,ROUT not implemented from scratch during MVP per handoff guardrails; no trusted existing implementation wired up yet.
1397,107,23,grape pomace,xrf,pr,boatswain,oven dry + knife mill (2mm),,ppm,47.0,1,112.0,112.0,,,112.0,112.0,0.0,112.0,(82)f280,fail,,,,,,not_applicable_n_out_of_range,not_calculated,ROUT not implemented from scratch during MVP per handoff guardrails; no trusted existing implementation wired up yet.
1398,146,25,almond hulls,xrf,pr,humorous,knife mill (2mm),,ppm,47.0,2,139.5,139.5,47.37615433949868,33.961400960214114,106.0,173.0,67.0,"106.0,173.0","(86)0324,(86)ea8b",pass,True,True,,,,not_applicable_n_out_of_range,not_calculated,ROUT not implemented from scratch during MVP per handoff guardrails; no trusted existing implementation wired up yet.
1399,43,15,almond shells and hulls mix,xrf,sn,tiny,as is,,ppm,46.0,1,0.0,0.0,,,0.0,0.0,0.0,0.0,(86)05a0,provisional,,,,,,not_applicable_n_out_of_range,not_calculated,ROUT not implemented from scratch during MVP per handoff guardrails; no trusted existing implementation wired up yet.
1400,43,15,almond shells and hulls mix,xrf,sb,tiny,as is,,ppm,46.0,1,0.0,0.0,,,0.0,0.0,0.0,0.0,(86)05fe,provisional,,,,,,not_applicable_n_out_of_range,not_calculated,ROUT not implemented from scratch during MVP per handoff guardrails; no trusted existing implementation wired up yet.
1401,146,25,almond hulls,xrf,rb,humorous,knife mill (2mm),,ppm,47.0,3,16.0,16.0,0.0,0.0,16.0,16.0,0.0,"16.0,16.0,16.0","(86)06e6,(86)160d,(86)b2bc",pass,False,False,,,,not_applicable_zero_range,not_calculated,ROUT not implemented from scratch during MVP per handoff guardrails; no trusted existing implementation wired up yet.
1402,146,25,almond hulls,xrf,cu,humorous,knife mill (2mm),,ppm,47.0,3,10.0,9.0,1.7320508075688772,17.320508075688775,9.0,12.0,3.0,"9.0,12.0,9.0","(86)0d46,(86)4d71,(86)92f3",pass,True,False,1.0,(86)4d71,True,calculated,not_calculated,ROUT not implemented from scratch during MVP per handoff guardrails; no trusted existing implementation wired up yet.
1403,146,25,almond hulls,xrf,k,humorous,knife mill (2mm),,ppm,47.0,3,37400.0,37400.0,200.0,0.53475935828877,37200.0,37600.0,400.0,"37600.0,37400.0,37200.0","(86)0d90,(86)d082,(86)ed15",pass,False,False,0.5,(86)ed15,False,calculated,not_calculated,ROUT not implemented from scratch during MVP per handoff guardrails; no trusted existing implementation wired up yet.
1404,43,15,almond shells and hulls mix,xrf,w,tiny,as is,,ppm,46.0,1,0.0,0.0,,,0.0,0.0,0.0,0.0,(86)1006,provisional,,,,,,not_applicable_n_out_of_range,not_calculated,ROUT not implemented from scratch during MVP per handoff guardrails; no trusted existing implementation wired up yet.
1405,146,25,almond hulls,xrf,mn,humorous,knife mill (2mm),,ppm,47.0,3,42.333333333333336,40.0,4.041451884327381,9.546736734631606,40.0,47.0,7.0,"47.0,40.0,40.0","(86)1089,(86)75a3,(86)bf72",pass,False,False,1.0,(86)1089,True,calculated,not_calculated,ROUT not implemented from scratch during MVP per handoff guardrails; no trusted existing implementation wired up yet.
1406,43,15,almond shells and hulls mix,xrf,nb,tiny,as is,,ppm,46.0,1,0.0,0.0,,,0.0,0.0,0.0,0.0,(86)1122,provisional,,,,,,not_applicable_n_out_of_range,not_calculated,ROUT not implemented from scratch during MVP per handoff guardrails; no trusted existing implementation wired up yet.
1407,146,25,almond hulls,xrf,ti,humorous,knife mill (2mm),,ppm,47.0,2,211.5,211.5,10.606601717798211,5.014941710542891,204.0,219.0,15.0,"219.0,204.0","(86)1159,(86)8318",pass,False,False,,,,not_applicable_n_out_of_range,not_calculated,ROUT not implemented from scratch during MVP per handoff guardrails; no trusted existing implementation wired up yet.
1408,43,15,almond shells and hulls mix,xrf,mg,tiny,as is,,ppm,46.0,1,0.0,0.0,,,0.0,0.0,0.0,0.0,(86)151f,provisional,,,,,,not_applicable_n_out_of_range,not_calculated,ROUT not implemented from scratch during MVP per handoff guardrails; no trusted existing implementation wired up yet.
1409,146,25,almond hulls,xrf,la,humorous,knife mill (2mm),,ppm,47.0,2,54.5,54.5,6.363961030678928,11.676992716842069,50.0,59.0,9.0,"59.0,50.0","(86)1a30,(86)e083",pass,True,False,,,,not_applicable_n_out_of_range,not_calculated,ROUT not implemented from scratch during MVP per handoff guardrails; no trusted existing implementation wired up yet.
1410,146,25,almond hulls,xrf,th,humorous,knife mill (2mm),,ppm,47.0,3,34.0,34.0,2.0,5.88235294117647,32.0,36.0,4.0,"32.0,34.0,36.0","(86)1a62,(86)449e,(86)d3c8",pass,False,False,0.5,(86)1a62,False,calculated,not_calculated,ROUT not implemented from scratch during MVP per handoff guardrails; no trusted existing implementation wired up yet.
1411,43,15,almond shells and hulls mix,xrf,zn,tiny,as is,,ppm,46.0,1,21.0,21.0,,,21.0,21.0,0.0,21.0,(86)1a72,provisional,,,,,,not_applicable_n_out_of_range,not_calculated,ROUT not implemented from scratch during MVP per handoff guardrails; no trusted existing implementation wired up yet.
1412,43,15,almond shells and hulls mix,xrf,hg,tiny,as is,,ppm,46.0,1,0.0,0.0,,,0.0,0.0,0.0,0.0,(86)1ce4,provisional,,,,,,not_applicable_n_out_of_range,not_calculated,ROUT not implemented from scratch during MVP per handoff guardrails; no trusted existing implementation wired up yet.
1413,146,25,almond hulls,xrf,p,humorous,knife mill (2mm),,ppm,47.0,3,1276.6666666666667,1270.0,20.81665999466133,1.6305477802606785,1260.0,1300.0,40.0,"1270.0,1300.0,1260.0","(86)271a,(86)bd0e,(86)c191",pass,False,False,0.75,(86)bd0e,False,calculated,not_calculated,ROUT not implemented from scratch during MVP per handoff guardrails; no trusted existing implementation wired up yet.
1414,43,15,almond shells and hulls mix,xrf,k,tiny,as is,,ppm,46.0,1,17600.0,17600.0,,,17600.0,17600.0,0.0,17600.0,(86)289f,provisional,,,,,,not_applicable_n_out_of_range,not_calculated,ROUT not implemented from scratch during MVP per handoff guardrails; no trusted existing implementation wired up yet.
1415,146,25,almond hulls,xrf,s,humorous,knife mill (2mm),,ppm,47.0,3,327.0,326.0,10.535653752852738,3.221912462646097,317.0,338.0,21.0,"317.0,326.0,338.0","(86)2bdc,(86)9ab1,(86)aaef",pass,False,False,0.5714285714285714,(86)aaef,False,calculated,not_calculated,ROUT not implemented from scratch during MVP per handoff guardrails; no trusted existing implementation wired up yet.
1416,43,15,almond shells and hulls mix,xrf,mo,tiny,as is,,ppm,46.0,1,13.0,13.0,,,13.0,13.0,0.0,13.0,(86)3326,provisional,,,,,,not_applicable_n_out_of_range,not_calculated,ROUT not implemented from scratch during MVP per handoff guardrails; no trusted existing implementation wired up yet.
1417,146,25,almond hulls,xrf,sr,humorous,knife mill (2mm),,ppm,47.0,3,21.33333333333333,22.0,1.1547005383792517,5.412658773652741,20.0,22.0,2.0,"22.0,20.0,22.0","(86)340e,(86)741c,(86)c93e",pass,False,False,1.0,(86)741c,True,calculated,not_calculated,ROUT not implemented from scratch during MVP per handoff guardrails; no trusted existing implementation wired up yet.
1418,43,15,almond shells and hulls mix,xrf,fe,tiny,as is,,ppm,46.0,1,255.0,255.0,,,255.0,255.0,0.0,255.0,(86)3b40,provisional,,,,,,not_applicable_n_out_of_range,not_calculated,ROUT not implemented from scratch during MVP per handoff guardrails; no trusted existing implementation wired up yet.
1419,146,25,almond hulls,xrf,zn,humorous,knife mill (2mm),,ppm,47.0,3,15.666666666666666,16.0,0.5773502691896257,3.6852144841891006,15.0,16.0,1.0,"15.0,16.0,16.0","(86)3ec5,(86)4ce1,(86)6b0a",pass,False,False,1.0,(86)3ec5,True,calculated,not_calculated,ROUT not implemented from scratch during MVP per handoff guardrails; no trusted existing implementation wired up yet.
1420,146,25,almond hulls,xrf,u,humorous,knife mill (2mm),,ppm,47.0,3,10.333333333333334,10.0,0.5773502691896257,5.587260669577023,10.0,11.0,1.0,"10.0,10.0,11.0","(86)4418,(86)8027,(86)8dad",pass,False,False,1.0,(86)8dad,True,calculated,not_calculated,ROUT not implemented from scratch during MVP per handoff guardrails; no trusted existing implementation wired up yet.
1421,43,15,almond shells and hulls mix,xrf,cr,tiny,as is,,ppm,46.0,1,0.0,0.0,,,0.0,0.0,0.0,0.0,(86)4707,provisional,,,,,,not_applicable_n_out_of_range,not_calculated,ROUT not implemented from scratch during MVP per handoff guardrails; no trusted existing implementation wired up yet.
1422,43,15,almond shells and hulls mix,xrf,th,tiny,as is,,ppm,46.0,1,97.0,97.0,,,97.0,97.0,0.0,97.0,(86)48ce,provisional,,,,,,not_applicable_n_out_of_range,not_calculated,ROUT not implemented from scratch during MVP per handoff guardrails; no trusted existing implementation wired up yet.
1423,43,15,almond shells and hulls mix,xrf,u,tiny,as is,,ppm,46.0,1,18.0,18.0,,,18.0,18.0,0.0,18.0,(86)4c6e,provisional,,,,,,not_applicable_n_out_of_range,not_calculated,ROUT not implemented from scratch during MVP per handoff guardrails; no trusted existing implementation wired up yet.
1424,146,25,almond hulls,xrf,ca,humorous,knife mill (2mm),,ppm,47.0,3,3030.0,3040.0,105.35653752852738,3.477113449786382,2920.0,3130.0,210.0,"3040.0,3130.0,2920.0","(86)4d84,(86)8db7,(86)c4e2",pass,False,False,0.5714285714285714,(86)c4e2,False,calculated,not_calculated,ROUT not implemented from scratch during MVP per handoff guardrails; no trusted existing implementation wired up yet.
1425,43,15,almond shells and hulls mix,xrf,ni,tiny,as is,,ppm,46.0,1,0.0,0.0,,,0.0,0.0,0.0,0.0,(86)5170,provisional,,,,,,not_applicable_n_out_of_range,not_calculated,ROUT not implemented from scratch during MVP per handoff guardrails; no trusted existing implementation wired up yet.
1426,146,25,almond hulls,xrf,ba,humorous,knife mill (2mm),,ppm,47.0,1,27.0,27.0,,,27.0,27.0,0.0,27.0,(86)5267,pass,,,,,,not_applicable_n_out_of_range,not_calculated,ROUT not implemented from scratch during MVP per handoff guardrails; no trusted existing implementation wired up yet.
1427,146,25,almond hulls,xrf,co,humorous,knife mill (2mm),,ppm,47.0,1,10.0,10.0,,,10.0,10.0,0.0,10.0,(86)5654,fail,,,,,,not_applicable_n_out_of_range,not_calculated,ROUT not implemented from scratch during MVP per handoff guardrails; no trusted existing implementation wired up yet.
1428,43,15,almond shells and hulls mix,xrf,pb,tiny,as is,,ppm,46.0,1,0.0,0.0,,,0.0,0.0,0.0,0.0,(86)56a7,provisional,,,,,,not_applicable_n_out_of_range,not_calculated,ROUT not implemented from scratch during MVP per handoff guardrails; no trusted existing implementation wired up yet.
1429,43,15,almond shells and hulls mix,xrf,ti,tiny,as is,,ppm,46.0,1,0.0,0.0,,,0.0,0.0,0.0,0.0,(86)5c61,provisional,,,,,,not_applicable_n_out_of_range,not_calculated,ROUT not implemented from scratch during MVP per handoff guardrails; no trusted existing implementation wired up yet.
1430,43,15,almond shells and hulls mix,xrf,se,tiny,as is,,ppm,46.0,1,0.0,0.0,,,0.0,0.0,0.0,0.0,(86)6819,provisional,,,,,,not_applicable_n_out_of_range,not_calculated,ROUT not implemented from scratch during MVP per handoff guardrails; no trusted existing implementation wired up yet.
1431,43,15,almond shells and hulls mix,xrf,as,tiny,as is,,ppm,46.0,1,0.0,0.0,,,0.0,0.0,0.0,0.0,(86)6835,provisional,,,,,,not_applicable_n_out_of_range,not_calculated,ROUT not implemented from scratch during MVP per handoff guardrails; no trusted existing implementation wired up yet.
1432,43,15,almond shells and hulls mix,xrf,y,tiny,as is,,ppm,46.0,1,0.0,0.0,,,0.0,0.0,0.0,0.0,(86)7aeb,provisional,,,,,,not_applicable_n_out_of_range,not_calculated,ROUT not implemented from scratch during MVP per handoff guardrails; no trusted existing implementation wired up yet.
1433,146,25,almond hulls,xrf,nd,humorous,knife mill (2mm),,ppm,47.0,1,156.0,156.0,,,156.0,156.0,0.0,156.0,(86)7c0e,fail,,,,,,not_applicable_n_out_of_range,not_calculated,ROUT not implemented from scratch during MVP per handoff guardrails; no trusted existing implementation wired up yet.
1434,43,15,almond shells and hulls mix,xrf,v,tiny,as is,,ppm,46.0,1,0.0,0.0,,,0.0,0.0,0.0,0.0,(86)7e43,provisional,,,,,,not_applicable_n_out_of_range,not_calculated,ROUT not implemented from scratch during MVP per handoff guardrails; no trusted existing implementation wired up yet.
1435,43,15,almond shells and hulls mix,xrf,ba,tiny,as is,,ppm,46.0,1,0.0,0.0,,,0.0,0.0,0.0,0.0,(86)7e75,provisional,,,,,,not_applicable_n_out_of_range,not_calculated,ROUT not implemented from scratch during MVP per handoff guardrails; no trusted existing implementation wired up yet.
1436,43,15,almond shells and hulls mix,xrf,p,tiny,as is,,ppm,46.0,1,297.0,297.0,,,297.0,297.0,0.0,297.0,(86)94ce,provisional,,,,,,not_applicable_n_out_of_range,not_calculated,ROUT not implemented from scratch during MVP per handoff guardrails; no trusted existing implementation wired up yet.
1437,43,15,almond shells and hulls mix,xrf,s,tiny,as is,,ppm,46.0,1,0.0,0.0,,,0.0,0.0,0.0,0.0,(86)997e,provisional,,,,,,not_applicable_n_out_of_range,not_calculated,ROUT not implemented from scratch during MVP per handoff guardrails; no trusted existing implementation wired up yet.
1438,43,15,almond shells and hulls mix,xrf,mn,tiny,as is,,ppm,46.0,1,58.0,58.0,,,58.0,58.0,0.0,58.0,(86)99ed,provisional,,,,,,not_applicable_n_out_of_range,not_calculated,ROUT not implemented from scratch during MVP per handoff guardrails; no trusted existing implementation wired up yet.
1439,43,15,almond shells and hulls mix,xrf,cd,tiny,as is,,ppm,46.0,1,0.0,0.0,,,0.0,0.0,0.0,0.0,(86)9b0e,provisional,,,,,,not_applicable_n_out_of_range,not_calculated,ROUT not implemented from scratch during MVP per handoff guardrails; no trusted existing implementation wired up yet.
1440,43,15,almond shells and hulls mix,xrf,pr,tiny,as is,,ppm,46.0,1,0.0,0.0,,,0.0,0.0,0.0,0.0,(86)a171,provisional,,,,,,not_applicable_n_out_of_range,not_calculated,ROUT not implemented from scratch during MVP per handoff guardrails; no trusted existing implementation wired up yet.
1441,43,15,almond shells and hulls mix,xrf,zr,tiny,as is,,ppm,46.0,1,0.0,0.0,,,0.0,0.0,0.0,0.0,(86)a353,provisional,,,,,,not_applicable_n_out_of_range,not_calculated,ROUT not implemented from scratch during MVP per handoff guardrails; no trusted existing implementation wired up yet.
1442,43,15,almond shells and hulls mix,xrf,ag,tiny,as is,,ppm,46.0,1,0.0,0.0,,,0.0,0.0,0.0,0.0,(86)a75b,provisional,,,,,,not_applicable_n_out_of_range,not_calculated,ROUT not implemented from scratch during MVP per handoff guardrails; no trusted existing implementation wired up yet.
1443,43,15,almond shells and hulls mix,xrf,al,tiny,as is,,ppm,46.0,1,0.0,0.0,,,0.0,0.0,0.0,0.0,(86)abbc,provisional,,,,,,not_applicable_n_out_of_range,not_calculated,ROUT not implemented from scratch during MVP per handoff guardrails; no trusted existing implementation wired up yet.
1444,43,15,almond shells and hulls mix,xrf,cu,tiny,as is,,ppm,46.0,1,20.0,20.0,,,20.0,20.0,0.0,20.0,(86)ba5c,provisional,,,,,,not_applicable_n_out_of_range,not_calculated,ROUT not implemented from scratch during MVP per handoff guardrails; no trusted existing implementation wired up yet.
1445,146,25,almond hulls,xrf,si,humorous,knife mill (2mm),,ppm,47.0,3,2936.6666666666665,2990.0,185.8314648635514,6.327972696829219,2730.0,3090.0,360.0,"2990.0,2730.0,3090.0","(86)c19d,(86)dce9,(86)ea76",pass,False,False,0.7222222222222222,(86)dce9,False,calculated,not_calculated,ROUT not implemented from scratch during MVP per handoff guardrails; no trusted existing implementation wired up yet.
1446,146,25,almond hulls,xrf,ce,humorous,knife mill (2mm),,ppm,47.0,1,90.0,90.0,,,90.0,90.0,0.0,90.0,(86)c368,fail,,,,,,not_applicable_n_out_of_range,not_calculated,ROUT not implemented from scratch during MVP per handoff guardrails; no trusted existing implementation wired up yet.
1447,43,15,almond shells and hulls mix,xrf,la,tiny,as is,,ppm,46.0,1,0.0,0.0,,,0.0,0.0,0.0,0.0,(86)c3aa,provisional,,,,,,not_applicable_n_out_of_range,not_calculated,ROUT not implemented from scratch during MVP per handoff guardrails; no trusted existing implementation wired up yet.
1448,43,15,almond shells and hulls mix,xrf,sr,tiny,as is,,ppm,46.0,1,21.0,21.0,,,21.0,21.0,0.0,21.0,(86)cc40,provisional,,,,,,not_applicable_n_out_of_range,not_calculated,ROUT not implemented from scratch during MVP per handoff guardrails; no trusted existing implementation wired up yet.
1449,43,15,almond shells and hulls mix,xrf,ca,tiny,as is,,ppm,46.0,1,4980.0,4980.0,,,4980.0,4980.0,0.0,4980.0,(86)d397,provisional,,,,,,not_applicable_n_out_of_range,not_calculated,ROUT not implemented from scratch during MVP per handoff guardrails; no trusted existing implementation wired up yet.
1450,43,15,almond shells and hulls mix,xrf,nd,tiny,as is,,ppm,46.0,1,68.0,68.0,,,68.0,68.0,0.0,68.0,(86)d407,provisional,,,,,,not_applicable_n_out_of_range,not_calculated,ROUT not implemented from scratch during MVP per handoff guardrails; no trusted existing implementation wired up yet.
1451,43,15,almond shells and hulls mix,xrf,co,tiny,as is,,ppm,46.0,1,0.0,0.0,,,0.0,0.0,0.0,0.0,(86)dae4,provisional,,,,,,not_applicable_n_out_of_range,not_calculated,ROUT not implemented from scratch during MVP per handoff guardrails; no trusted existing implementation wired up yet.
1452,146,25,almond hulls,xrf,fe,humorous,knife mill (2mm),,ppm,47.0,3,282.6666666666667,288.0,12.858201014657272,4.548891868392903,268.0,292.0,24.0,"268.0,288.0,292.0","(86)e57e,(86)e924,(86)fcb6",pass,False,False,0.8333333333333334,(86)e57e,False,calculated,not_calculated,ROUT not implemented from scratch during MVP per handoff guardrails; no trusted existing implementation wired up yet.
1453,43,15,almond shells and hulls mix,xrf,ce,tiny,as is,,ppm,46.0,1,0.0,0.0,,,0.0,0.0,0.0,0.0,(86)e683,provisional,,,,,,not_applicable_n_out_of_range,not_calculated,ROUT not implemented from scratch during MVP per handoff guardrails; no trusted existing implementation wired up yet.
1454,43,15,almond shells and hulls mix,xrf,si,tiny,as is,,ppm,46.0,1,2220.0,2220.0,,,2220.0,2220.0,0.0,2220.0,(86)f052,provisional,,,,,,not_applicable_n_out_of_range,not_calculated,ROUT not implemented from scratch during MVP per handoff guardrails; no trusted existing implementation wired up yet.
1455,43,15,almond shells and hulls mix,xrf,rb,tiny,as is,,ppm,46.0,1,10.0,10.0,,,10.0,10.0,0.0,10.0,(86)f465,provisional,,,,,,not_applicable_n_out_of_range,not_calculated,ROUT not implemented from scratch during MVP per handoff guardrails; no trusted existing implementation wired up yet.
1456,43,15,almond shells and hulls mix,xrf,bi,tiny,as is,,ppm,46.0,1,0.0,0.0,,,0.0,0.0,0.0,0.0,(86)fe3c,provisional,,,,,,not_applicable_n_out_of_range,not_calculated,ROUT not implemented from scratch during MVP per handoff guardrails; no trusted existing implementation wired up yet.
1457,135,34,grape stem,xrf,zn,rigging,oven dry + knife mill (2mm),,ppm,47.0,3,25.0,25.0,0.0,0.0,25.0,25.0,0.0,"25.0,25.0,25.0","(87)0136,(87)47d7,(87)4ced",pass,False,False,,,,not_applicable_zero_range,not_calculated,ROUT not implemented from scratch during MVP per handoff guardrails; no trusted existing implementation wired up yet.
1458,135,34,grape stem,xrf,ba,rigging,oven dry + knife mill (2mm),,ppm,47.0,3,38.66666666666666,36.0,8.32666399786453,21.5344758565462,32.0,48.0,16.0,"32.0,48.0,36.0","(87)095f,(87)3bed,(87)5d90",pass,True,True,0.75,(87)3bed,False,calculated,not_calculated,ROUT not implemented from scratch during MVP per handoff guardrails; no trusted existing implementation wired up yet.
1459,135,34,grape stem,xrf,rb,rigging,oven dry + knife mill (2mm),,ppm,47.0,3,33.666666666666664,34.0,0.5773502691896258,1.714901789672156,33.0,34.0,1.0,"34.0,34.0,33.0","(87)1b1a,(87)c44e,(87)d7e5",pass,False,False,1.0,(87)d7e5,True,calculated,not_calculated,ROUT not implemented from scratch during MVP per handoff guardrails; no trusted existing implementation wired up yet.
1460,135,34,grape stem,xrf,u,rigging,oven dry + knife mill (2mm),,ppm,47.0,3,11.666666666666666,12.0,1.5275252316519468,13.093073414159544,10.0,13.0,3.0,"10.0,12.0,13.0","(87)1c44,(87)29bc,(87)3925",pass,True,False,0.6666666666666666,(87)1c44,False,calculated,not_calculated,ROUT not implemented from scratch during MVP per handoff guardrails; no trusted existing implementation wired up yet.
1461,135,34,grape stem,xrf,mg,rigging,oven dry + knife mill (2mm),,ppm,47.0,3,5170.0,4910.0,898.6656775464388,17.382314846159357,4430.0,6170.0,1740.0,"6170.0,4430.0,4910.0","(87)1e71,(87)53dc,(87)cc40",pass,True,False,0.7241379310344828,(87)1e71,False,calculated,not_calculated,ROUT not implemented from scratch during MVP per handoff guardrails; no trusted existing implementation wired up yet.
1462,135,34,grape stem,xrf,s,rigging,oven dry + knife mill (2mm),,ppm,47.0,3,965.3333333333334,976.0,22.030282189144405,2.282142491969379,940.0,980.0,40.0,"976.0,940.0,980.0","(87)2aed,(87)5187,(87)6f03",pass,False,False,0.9,(87)5187,False,calculated,not_calculated,ROUT not implemented from scratch during MVP per handoff guardrails; no trusted existing implementation wired up yet.
1463,135,34,grape stem,xrf,th,rigging,oven dry + knife mill (2mm),,ppm,47.0,3,32.666666666666664,31.0,2.8867513459481287,8.836993916167742,31.0,36.0,5.0,"31.0,31.0,36.0","(87)2cd4,(87)df40,(87)f6d3",pass,False,False,1.0,(87)f6d3,True,calculated,not_calculated,ROUT not implemented from scratch during MVP per handoff guardrails; no trusted existing implementation wired up yet.
1464,135,34,grape stem,xrf,cu,rigging,oven dry + knife mill (2mm),,ppm,47.0,3,22.0,21.0,1.7320508075688772,7.872958216222169,21.0,24.0,3.0,"24.0,21.0,21.0","(87)2fc0,(87)92e1,(87)d35d",pass,False,False,1.0,(87)2fc0,True,calculated,not_calculated,ROUT not implemented from scratch during MVP per handoff guardrails; no trusted existing implementation wired up yet.
1465,135,34,grape stem,xrf,fe,rigging,oven dry + knife mill (2mm),,ppm,47.0,3,76.66666666666667,76.0,4.041451884327381,5.271458979557453,73.0,81.0,8.0,"76.0,81.0,73.0","(87)359d,(87)db78,(87)eb8b",pass,False,False,0.625,(87)db78,False,calculated,not_calculated,ROUT not implemented from scratch during MVP per handoff guardrails; no trusted existing implementation wired up yet.
1466,135,34,grape stem,xrf,si,rigging,oven dry + knife mill (2mm),,ppm,47.0,3,1323.3333333333333,1360.0,109.6965511460289,8.289411925392612,1200.0,1410.0,210.0,"1200.0,1410.0,1360.0","(87)3610,(87)af75,(87)c541",pass,False,False,0.7619047619047619,(87)3610,False,calculated,not_calculated,ROUT not implemented from scratch during MVP per handoff guardrails; no trusted existing implementation wired up yet.
1467,135,34,grape stem,xrf,k,rigging,oven dry + knife mill (2mm),,ppm,47.0,3,19266.666666666668,19600.0,665.8328118479393,3.455879646269581,18500.0,19700.0,1200.0,"18500.0,19600.0,19700.0","(87)3d63,(87)8a79,(87)e23f",pass,False,False,0.9166666666666666,(87)3d63,False,calculated,not_calculated,ROUT not implemented from scratch during MVP per handoff guardrails; no trusted existing implementation wired up yet.
1468,135,34,grape stem,xrf,p,rigging,oven dry + knife mill (2mm),,ppm,47.0,3,1380.0,1380.0,10.0,0.7246376811594203,1370.0,1390.0,20.0,"1380.0,1390.0,1370.0","(87)4be8,(87)544b,(87)bd72",pass,False,False,0.5,(87)bd72,False,calculated,not_calculated,ROUT not implemented from scratch during MVP per handoff guardrails; no trusted existing implementation wired up yet.
1469,135,34,grape stem,xrf,ca,rigging,oven dry + knife mill (2mm),,ppm,47.0,3,8053.333333333333,8190.0,245.4248017893329,3.047493399701981,7770.0,8200.0,430.0,"8200.0,8190.0,7770.0","(87)50ae,(87)bfee,(87)c584",pass,False,False,0.9767441860465116,(87)c584,True,calculated,not_calculated,ROUT not implemented from scratch during MVP per handoff guardrails; no trusted existing implementation wired up yet.
1470,135,34,grape stem,xrf,co,rigging,oven dry + knife mill (2mm),,ppm,47.0,2,9.0,9.0,0.0,0.0,9.0,9.0,0.0,"9.0,9.0","(87)5d0b,(87)5dca",pass,False,False,,,,not_applicable_n_out_of_range,not_calculated,ROUT not implemented from scratch during MVP per handoff guardrails; no trusted existing implementation wired up yet.
1471,135,34,grape stem,xrf,mn,rigging,oven dry + knife mill (2mm),,ppm,47.0,3,116.66666666666669,122.0,10.11599393699568,8.670851945996295,105.0,123.0,18.0,"122.0,105.0,123.0","(87)7361,(87)a292,(87)e351",pass,False,False,0.9444444444444444,(87)a292,False,calculated,not_calculated,ROUT not implemented from scratch during MVP per handoff guardrails; no trusted existing implementation wired up yet.
1472,135,34,grape stem,xrf,sr,rigging,oven dry + knife mill (2mm),,ppm,47.0,3,67.33333333333333,67.0,1.5275252316519468,2.26860182918606,66.0,69.0,3.0,"69.0,67.0,66.0","(87)799b,(87)c18c,(87)ed0c",pass,False,False,0.6666666666666666,(87)799b,False,calculated,not_calculated,ROUT not implemented from scratch during MVP per handoff guardrails; no trusted existing implementation wired up yet.
1473,135,34,grape stem,xrf,nd,rigging,oven dry + knife mill (2mm),,ppm,47.0,1,104.0,104.0,,,104.0,104.0,0.0,104.0,(87)891b,fail,,,,,,not_applicable_n_out_of_range,not_calculated,ROUT not implemented from scratch during MVP per handoff guardrails; no trusted existing implementation wired up yet.
1474,135,34,grape stem,xrf,ce,rigging,oven dry + knife mill (2mm),,ppm,47.0,2,51.0,51.0,1.4142135623730951,2.77296776935901,50.0,52.0,2.0,"50.0,52.0","(87)b16e,(87)f640",pass,False,False,,,,not_applicable_n_out_of_range,not_calculated,ROUT not implemented from scratch during MVP per handoff guardrails; no trusted existing implementation wired up yet.
1475,135,34,grape stem,xrf,pr,rigging,oven dry + knife mill (2mm),,ppm,47.0,1,76.0,76.0,,,76.0,76.0,0.0,76.0,(87)e2c4,fail,,,,,,not_applicable_n_out_of_range,not_calculated,ROUT not implemented from scratch during MVP per handoff guardrails; no trusted existing implementation wired up yet.
1476,85,36,peach screening waste,xrf,u,rushes,oven dry + knife mill (2mm),,ppm,47.0,3,16.0,15.0,2.6457513110645907,16.535945694153693,14.0,19.0,5.0,"19.0,14.0,15.0","(8f)08fc,(8f)d049,(8f)d68b",pass,True,False,0.8,(8f)08fc,False,calculated,not_calculated,ROUT not implemented from scratch during MVP per handoff guardrails; no trusted existing implementation wired up yet.
1477,85,36,peach screening waste,xrf,th,rushes,oven dry + knife mill (2mm),,ppm,47.0,3,54.66666666666666,55.0,0.5773502691896258,1.0561285412005352,54.0,55.0,1.0,"55.0,54.0,55.0","(8f)0c29,(8f)a6d1,(8f)cb32",pass,False,False,1.0,(8f)a6d1,True,calculated,not_calculated,ROUT not implemented from scratch during MVP per handoff guardrails; no trusted existing implementation wired up yet.
1478,85,36,peach screening waste,xrf,si,rushes,oven dry + knife mill (2mm),,ppm,47.0,3,2023.3333333333333,1990.0,66.58328118479393,3.29077172247746,1980.0,2100.0,120.0,"1980.0,1990.0,2100.0","(8f)0c55,(8f)b2bd,(8f)fdda",pass,False,False,0.9166666666666666,(8f)fdda,False,calculated,not_calculated,ROUT not implemented from scratch during MVP per handoff guardrails; no trusted existing implementation wired up yet.
1479,85,36,peach screening waste,xrf,ti,rushes,oven dry + knife mill (2mm),,ppm,47.0,1,231.0,231.0,,,231.0,231.0,0.0,231.0,(8f)121b,fail,,,,,,not_applicable_n_out_of_range,not_calculated,ROUT not implemented from scratch during MVP per handoff guardrails; no trusted existing implementation wired up yet.
1480,85,36,peach screening waste,xrf,sr,rushes,oven dry + knife mill (2mm),,ppm,47.0,3,40.0,40.0,1.0,2.5,39.0,41.0,2.0,"39.0,40.0,41.0","(8f)14ba,(8f)581a,(8f)f12d",pass,False,False,0.5,(8f)14ba,False,calculated,not_calculated,ROUT not implemented from scratch during MVP per handoff guardrails; no trusted existing implementation wired up yet.
1481,85,36,peach screening waste,xrf,p,rushes,oven dry + knife mill (2mm),,ppm,47.0,3,4046.6666666666665,4160.0,250.06665778014732,6.179571444319952,3760.0,4220.0,460.0,"4220.0,3760.0,4160.0","(8f)2cab,(8f)69f7,(8f)b5a3",pass,False,False,0.8695652173913043,(8f)69f7,False,calculated,not_calculated,ROUT not implemented from scratch during MVP per handoff guardrails; no trusted existing implementation wired up yet.
1482,85,36,peach screening waste,xrf,ca,rushes,oven dry + knife mill (2mm),,ppm,47.0,3,5310.0,5300.0,65.57438524302,1.234922509284746,5250.0,5380.0,130.0,"5250.0,5300.0,5380.0","(8f)302e,(8f)3be8,(8f)984d",pass,False,False,0.6153846153846154,(8f)984d,False,calculated,not_calculated,ROUT not implemented from scratch during MVP per handoff guardrails; no trusted existing implementation wired up yet.
1483,85,36,peach screening waste,xrf,mo,rushes,oven dry + knife mill (2mm),,ppm,47.0,3,6.666666666666667,7.0,1.5275252316519463,22.9128784747792,5.0,8.0,3.0,"5.0,8.0,7.0","(8f)329a,(8f)6733,(8f)a99e",pass,True,True,0.6666666666666666,(8f)329a,False,calculated,not_calculated,ROUT not implemented from scratch during MVP per handoff guardrails; no trusted existing implementation wired up yet.
1484,85,36,peach screening waste,xrf,fe,rushes,oven dry + knife mill (2mm),,ppm,47.0,3,2790.0,2800.0,17.320508075688775,0.6208067410641138,2770.0,2800.0,30.0,"2800.0,2800.0,2770.0","(8f)38dd,(8f)6ca6,(8f)f7a9",pass,False,False,1.0,(8f)f7a9,True,calculated,not_calculated,ROUT not implemented from scratch during MVP per handoff guardrails; no trusted existing implementation wired up yet.
1485,85,36,peach screening waste,xrf,rb,rushes,oven dry + knife mill (2mm),,ppm,47.0,3,11.666666666666666,12.0,0.5773502691896257,4.948716593053935,11.0,12.0,1.0,"12.0,12.0,11.0","(8f)3a24,(8f)4d70,(8f)5993",pass,False,False,1.0,(8f)5993,True,calculated,not_calculated,ROUT not implemented from scratch during MVP per handoff guardrails; no trusted existing implementation wired up yet.
1486,85,36,peach screening waste,xrf,ba,rushes,oven dry + knife mill (2mm),,ppm,47.0,3,32.666666666666664,34.0,4.163331998932266,12.744893874282448,28.0,36.0,8.0,"28.0,34.0,36.0","(8f)3ba3,(8f)5a35,(8f)eaeb",pass,True,False,0.75,(8f)3ba3,False,calculated,not_calculated,ROUT not implemented from scratch during MVP per handoff guardrails; no trusted existing implementation wired up yet.
1487,85,36,peach screening waste,xrf,zr,rushes,oven dry + knife mill (2mm),,ppm,47.0,1,4.0,4.0,,,4.0,4.0,0.0,4.0,(8f)4054,pass,,,,,,not_applicable_n_out_of_range,not_calculated,ROUT not implemented from scratch during MVP per handoff guardrails; no trusted existing implementation wired up yet.
1488,85,36,peach screening waste,xrf,cu,rushes,oven dry + knife mill (2mm),,ppm,47.0,3,45.333333333333336,43.0,4.041451884327381,8.914967391898633,43.0,50.0,7.0,"43.0,50.0,43.0","(8f)4744,(8f)49ee,(8f)c0c0",pass,False,False,1.0,(8f)49ee,True,calculated,not_calculated,ROUT not implemented from scratch during MVP per handoff guardrails; no trusted existing implementation wired up yet.
1489,85,36,peach screening waste,xrf,pb,rushes,oven dry + knife mill (2mm),,ppm,47.0,3,5.0,5.0,1.0,20.0,4.0,6.0,2.0,"4.0,5.0,6.0","(8f)4d52,(8f)c3c3,(8f)d90c",pass,True,False,0.5,(8f)4d52,False,calculated,not_calculated,ROUT not implemented from scratch during MVP per handoff guardrails; no trusted existing implementation wired up yet.
1490,85,36,peach screening waste,xrf,k,rushes,oven dry + knife mill (2mm),,ppm,47.0,3,61766.66666666666,62100.0,850.4900548115382,1.3769401858794468,60800.0,62400.0,1600.0,"62400.0,62100.0,60800.0","(8f)665b,(8f)8118,(8f)d2f3",pass,False,False,0.8125,(8f)d2f3,False,calculated,not_calculated,ROUT not implemented from scratch during MVP per handoff guardrails; no trusted existing implementation wired up yet.
1491,85,36,peach screening waste,xrf,al,rushes,oven dry + knife mill (2mm),,ppm,47.0,3,3150.0,3120.0,60.8276253029822,1.9310357239041969,3110.0,3220.0,110.0,"3220.0,3110.0,3120.0","(8f)7d32,(8f)b8da,(8f)ff6e",pass,False,False,0.9090909090909091,(8f)7d32,False,calculated,not_calculated,ROUT not implemented from scratch during MVP per handoff guardrails; no trusted existing implementation wired up yet.
1492,85,36,peach screening waste,xrf,mn,rushes,oven dry + knife mill (2mm),,ppm,47.0,3,83.0,79.0,14.422205101855956,17.37615072512766,71.0,99.0,28.0,"71.0,99.0,79.0","(8f)8678,(8f)9f30,(8f)e2af",pass,True,False,0.7142857142857143,(8f)9f30,False,calculated,not_calculated,ROUT not implemented from scratch during MVP per handoff guardrails; no trusted existing implementation wired up yet.
1493,85,36,peach screening waste,xrf,ce,rushes,oven dry + knife mill (2mm),,ppm,47.0,1,46.0,46.0,,,46.0,46.0,0.0,46.0,(8f)86e0,fail,,,,,,not_applicable_n_out_of_range,not_calculated,ROUT not implemented from scratch during MVP per handoff guardrails; no trusted existing implementation wired up yet.
1494,85,36,peach screening waste,xrf,la,rushes,oven dry + knife mill (2mm),,ppm,47.0,2,36.0,36.0,2.8284271247461903,7.856742013183863,34.0,38.0,4.0,"34.0,38.0","(8f)9c66,(8f)d405",pass,False,False,,,,not_applicable_n_out_of_range,not_calculated,ROUT not implemented from scratch during MVP per handoff guardrails; no trusted existing implementation wired up yet.
1495,85,36,peach screening waste,xrf,s,rushes,oven dry + knife mill (2mm),,ppm,47.0,3,2313.333333333333,2280.0,94.51631252505216,4.085719561601678,2240.0,2420.0,180.0,"2280.0,2240.0,2420.0","(8f)a00f,(8f)b662,(8f)ea5f",pass,False,False,0.7777777777777778,(8f)ea5f,False,calculated,not_calculated,ROUT not implemented from scratch during MVP per handoff guardrails; no trusted existing implementation wired up yet.
1496,85,36,peach screening waste,xrf,zn,rushes,oven dry + knife mill (2mm),,ppm,47.0,3,63.66666666666666,64.0,1.5275252316519463,2.399254290552796,62.0,65.0,3.0,"65.0,64.0,62.0","(8f)e00f,(8f)e679,(8f)fcda",pass,False,False,0.6666666666666666,(8f)fcda,False,calculated,not_calculated,ROUT not implemented from scratch during MVP per handoff guardrails; no trusted existing implementation wired up yet.
1497,158,10,cotton stem mix,xrf,al,schooner,knife mill (2mm),,ppm,47.0,3,2043.3333333333333,2060.0,145.7166199626293,7.131319084631124,1890.0,2180.0,290.0,"1890.0,2180.0,2060.0","(91)0593,(91)98c2,(91)a4bb",pass,False,False,0.5862068965517241,(91)0593,False,calculated,not_calculated,ROUT not implemented from scratch during MVP per handoff guardrails; no trusted existing implementation wired up yet.
1498,158,10,cotton stem mix,xrf,s,schooner,knife mill (2mm),,ppm,47.0,3,5290.0,5580.0,537.3081052803875,10.157053029875,4670.0,5620.0,950.0,"4670.0,5620.0,5580.0","(91)0781,(91)24e4,(91)b448",pass,True,False,0.9578947368421052,(91)0781,False,calculated,not_calculated,ROUT not implemented from scratch during MVP per handoff guardrails; no trusted existing implementation wired up yet.
1499,158,10,cotton stem mix,xrf,p,schooner,knife mill (2mm),,ppm,47.0,3,2200.0,2190.0,26.457513110645905,1.2026142323020863,2180.0,2230.0,50.0,"2230.0,2190.0,2180.0","(91)0d4e,(91)98bb,(91)a060",pass,False,False,0.8,(91)0d4e,False,calculated,not_calculated,ROUT not implemented from scratch during MVP per handoff guardrails; no trusted existing implementation wired up yet.
1500,158,10,cotton stem mix,xrf,ti,schooner,knife mill (2mm),,ppm,47.0,1,236.0,236.0,,,236.0,236.0,0.0,236.0,(91)185f,pass,,,,,,not_applicable_n_out_of_range,not_calculated,ROUT not implemented from scratch during MVP per handoff guardrails; no trusted existing implementation wired up yet.
1501,158,10,cotton stem mix,xrf,rb,schooner,knife mill (2mm),,ppm,47.0,3,15.666666666666666,16.0,0.5773502691896257,3.6852144841891006,15.0,16.0,1.0,"15.0,16.0,16.0","(91)1941,(91)5d86,(91)cfd4",pass,False,False,1.0,(91)1941,True,calculated,not_calculated,ROUT not implemented from scratch during MVP per handoff guardrails; no trusted existing implementation wired up yet.
1502,158,10,cotton stem mix,xrf,sr,schooner,knife mill (2mm),,ppm,47.0,3,101.0,101.0,1.0,0.99009900990099,100.0,102.0,2.0,"102.0,101.0,100.0","(91)19f8,(91)1dca,(91)e39d",pass,False,False,0.5,(91)e39d,False,calculated,not_calculated,ROUT not implemented from scratch during MVP per handoff guardrails; no trusted existing implementation wired up yet.
1503,158,10,cotton stem mix,xrf,zn,schooner,knife mill (2mm),,ppm,47.0,3,23.666666666666668,23.0,2.081665999466133,8.795771828730139,22.0,26.0,4.0,"26.0,23.0,22.0","(91)1a29,(91)1ab9,(91)e8df",pass,False,False,0.75,(91)1a29,False,calculated,not_calculated,ROUT not implemented from scratch during MVP per handoff guardrails; no trusted existing implementation wired up yet.
1504,158,10,cotton stem mix,xrf,mn,schooner,knife mill (2mm),,ppm,47.0,3,61.66666666666666,62.0,3.5118845842842465,5.694947974514995,58.0,65.0,7.0,"65.0,58.0,62.0","(91)2459,(91)70ce,(91)b1c9",pass,False,False,0.5714285714285714,(91)70ce,False,calculated,not_calculated,ROUT not implemented from scratch during MVP per handoff guardrails; no trusted existing implementation wired up yet.
1505,158,10,cotton stem mix,xrf,mg,schooner,knife mill (2mm),,ppm,47.0,3,7956.666666666667,7580.0,1306.3817716629903,16.418706807662215,6880.0,9410.0,2530.0,"9410.0,7580.0,6880.0","(91)3344,(91)a511,(91)f07e",pass,True,False,0.7233201581027668,(91)3344,False,calculated,not_calculated,ROUT not implemented from scratch during MVP per handoff guardrails; no trusted existing implementation wired up yet.
1506,158,10,cotton stem mix,xrf,ce,schooner,knife mill (2mm),,ppm,47.0,3,51.0,52.0,1.7320508075688772,3.396178054056622,49.0,52.0,3.0,"52.0,49.0,52.0","(91)33f8,(91)5b21,(91)eef8",pass,False,False,1.0,(91)5b21,True,calculated,not_calculated,ROUT not implemented from scratch during MVP per handoff guardrails; no trusted existing implementation wired up yet.
1507,158,10,cotton stem mix,xrf,si,schooner,knife mill (2mm),,ppm,47.0,3,6776.666666666667,7040.0,760.0219295081777,11.215276874198391,5920.0,7370.0,1450.0,"5920.0,7040.0,7370.0","(91)3943,(91)4f5f,(91)b55e",pass,True,False,0.7724137931034483,(91)3943,False,calculated,not_calculated,ROUT not implemented from scratch during MVP per handoff guardrails; no trusted existing implementation wired up yet.
1508,158,10,cotton stem mix,xrf,th,schooner,knife mill (2mm),,ppm,47.0,3,61.333333333333336,62.0,2.0816659994661326,3.3940206513034767,59.0,63.0,4.0,"62.0,63.0,59.0","(91)3ae1,(91)94d9,(91)e67a",pass,False,False,0.75,(91)e67a,False,calculated,not_calculated,ROUT not implemented from scratch during MVP per handoff guardrails; no trusted existing implementation wired up yet.
1509,158,10,cotton stem mix,xrf,u,schooner,knife mill (2mm),,ppm,47.0,3,19.666666666666668,20.0,2.516611478423584,12.796329551306355,17.0,22.0,5.0,"20.0,22.0,17.0","(91)5162,(91)d608,(91)eb41",pass,True,False,0.6,(91)eb41,False,calculated,not_calculated,ROUT not implemented from scratch during MVP per handoff guardrails; no trusted existing implementation wired up yet.
1510,158,10,cotton stem mix,xrf,ba,schooner,knife mill (2mm),,ppm,47.0,3,23.33333333333333,24.0,3.055050463303893,13.093073414159544,20.0,26.0,6.0,"20.0,24.0,26.0","(91)51e5,(91)6863,(91)9534",pass,True,False,0.6666666666666666,(91)51e5,False,calculated,not_calculated,ROUT not implemented from scratch during MVP per handoff guardrails; no trusted existing implementation wired up yet.
1511,158,10,cotton stem mix,xrf,pb,schooner,knife mill (2mm),,ppm,47.0,1,4.0,4.0,,,4.0,4.0,0.0,4.0,(91)5327,fail,,,,,,not_applicable_n_out_of_range,not_calculated,ROUT not implemented from scratch during MVP per handoff guardrails; no trusted existing implementation wired up yet.
1512,158,10,cotton stem mix,xrf,cu,schooner,knife mill (2mm),,ppm,47.0,3,17.333333333333332,16.0,2.309401076758504,13.323467750529828,16.0,20.0,4.0,"16.0,16.0,20.0","(91)5e14,(91)632f,(91)e940",pass,True,False,1.0,(91)e940,True,calculated,not_calculated,ROUT not implemented from scratch during MVP per handoff guardrails; no trusted existing implementation wired up yet.
1513,158,10,cotton stem mix,xrf,ca,schooner,knife mill (2mm),,ppm,47.0,3,23166.666666666668,24100.0,1792.5772879665003,7.737743689064029,21100.0,24300.0,3200.0,"24100.0,21100.0,24300.0","(91)6c24,(91)8197,(91)efc0",pass,False,False,0.9375,(91)8197,False,calculated,not_calculated,ROUT not implemented from scratch during MVP per handoff guardrails; no trusted existing implementation wired up yet.
1514,158,10,cotton stem mix,xrf,fe,schooner,knife mill (2mm),,ppm,47.0,3,865.0,867.0,4.358898943540674,0.5039189530104826,860.0,868.0,8.0,"860.0,867.0,868.0","(91)7a37,(91)b73b,(91)e95b",pass,False,False,0.875,(91)7a37,False,calculated,not_calculated,ROUT not implemented from scratch during MVP per handoff guardrails; no trusted existing implementation wired up yet.
1515,158,10,cotton stem mix,xrf,k,schooner,knife mill (2mm),,ppm,47.0,3,34633.333333333336,34300.0,757.1877794400365,2.186297726968344,34100.0,35500.0,1400.0,"35500.0,34300.0,34100.0","(91)7b02,(91)b2d9,(91)cf42",pass,False,False,0.8571428571428571,(91)7b02,False,calculated,not_calculated,ROUT not implemented from scratch during MVP per handoff guardrails; no trusted existing implementation wired up yet.
1516,158,10,cotton stem mix,xrf,mo,schooner,knife mill (2mm),,ppm,47.0,1,7.0,7.0,,,7.0,7.0,0.0,7.0,(91)82fa,fail,,,,,,not_applicable_n_out_of_range,not_calculated,ROUT not implemented from scratch during MVP per handoff guardrails; no trusted existing implementation wired up yet.
1517,158,10,cotton stem mix,xrf,pr,schooner,knife mill (2mm),,ppm,47.0,1,66.0,66.0,,,66.0,66.0,0.0,66.0,(91)be9d,fail,,,,,,not_applicable_n_out_of_range,not_calculated,ROUT not implemented from scratch during MVP per handoff guardrails; no trusted existing implementation wired up yet.
1518,158,10,cotton stem mix,xrf,nd,schooner,knife mill (2mm),,ppm,47.0,1,94.0,94.0,,,94.0,94.0,0.0,94.0,(91)da82,fail,,,,,,not_applicable_n_out_of_range,not_calculated,ROUT not implemented from scratch during MVP per handoff guardrails; no trusted existing implementation wired up yet.
1519,158,10,cotton stem mix,xrf,la,schooner,knife mill (2mm),,ppm,47.0,1,39.0,39.0,,,39.0,39.0,0.0,39.0,(91)dc52,fail,,,,,,not_applicable_n_out_of_range,not_calculated,ROUT not implemented from scratch during MVP per handoff guardrails; no trusted existing implementation wired up yet.
1520,151,8,rice hulls,xrf,u,sextant,knife mill (2mm),,ppm,47.0,3,13.0,13.0,1.0,7.6923076923076925,12.0,14.0,2.0,"12.0,14.0,13.0","(96)01af,(96)1ea9,(96)8dd6",pass,False,False,0.5,(96)01af,False,calculated,not_calculated,ROUT not implemented from scratch during MVP per handoff guardrails; no trusted existing implementation wired up yet.
1521,151,8,rice hulls,xrf,s,sextant,knife mill (2mm),,ppm,47.0,3,711.6666666666666,721.0,56.58032638058332,7.950397149496485,651.0,763.0,112.0,"763.0,721.0,651.0","(96)0608,(96)1850,(96)f1e5",pass,False,False,0.625,(96)f1e5,False,calculated,not_calculated,ROUT not implemented from scratch during MVP per handoff guardrails; no trusted existing implementation wired up yet.
1522,151,8,rice hulls,xrf,sr,sextant,knife mill (2mm),,ppm,47.0,3,3.6666666666666665,3.0,1.1547005383792517,31.49183286488868,3.0,5.0,2.0,"5.0,3.0,3.0","(96)0792,(96)52ec,(96)b45f",pass,True,True,1.0,(96)0792,True,calculated,not_calculated,ROUT not implemented from scratch during MVP per handoff guardrails; no trusted existing implementation wired up yet.
1523,151,8,rice hulls,xrf,ti,sextant,knife mill (2mm),,ppm,47.0,1,209.0,209.0,,,209.0,209.0,0.0,209.0,(96)07e9,fail,,,,,,not_applicable_n_out_of_range,not_calculated,ROUT not implemented from scratch during MVP per handoff guardrails; no trusted existing implementation wired up yet.
1524,151,8,rice hulls,xrf,ca,sextant,knife mill (2mm),,ppm,47.0,3,1173.3333333333333,1160.0,32.145502536643185,2.739673511645726,1150.0,1210.0,60.0,"1160.0,1150.0,1210.0","(96)0ae5,(96)c851,(96)e05d",pass,False,False,0.8333333333333334,(96)e05d,False,calculated,not_calculated,ROUT not implemented from scratch during MVP per handoff guardrails; no trusted existing implementation wired up yet.
1525,151,8,rice hulls,xrf,mn,sextant,knife mill (2mm),,ppm,47.0,3,393.3333333333333,397.0,10.016652800877813,2.5466066442909696,382.0,401.0,19.0,"401.0,397.0,382.0","(96)0b23,(96)2f08,(96)98cb",pass,False,False,0.7894736842105263,(96)98cb,False,calculated,not_calculated,ROUT not implemented from scratch during MVP per handoff guardrails; no trusted existing implementation wired up yet.
1526,151,8,rice hulls,xrf,si,sextant,knife mill (2mm),,ppm,47.0,3,157666.66666666666,160000.0,4932.882862316247,3.128678348192123,152000.0,161000.0,9000.0,"160000.0,152000.0,161000.0","(96)1cd8,(96)bae6,(96)d3a4",pass,False,False,0.8888888888888888,(96)bae6,False,calculated,not_calculated,ROUT not implemented from scratch during MVP per handoff guardrails; no trusted existing implementation wired up yet.
1527,151,8,rice hulls,xrf,th,sextant,knife mill (2mm),,ppm,47.0,3,44.0,44.0,1.0,2.272727272727273,43.0,45.0,2.0,"43.0,44.0,45.0","(96)2953,(96)c0f2,(96)ea2c",pass,False,False,0.5,(96)2953,False,calculated,not_calculated,ROUT not implemented from scratch during MVP per handoff guardrails; no trusted existing implementation wired up yet.
1528,151,8,rice hulls,xrf,fe,sextant,knife mill (2mm),,ppm,47.0,3,166.66666666666666,167.0,6.506407098647712,3.903844259188627,160.0,173.0,13.0,"167.0,160.0,173.0","(96)4256,(96)56ef,(96)e984",pass,False,False,0.5384615384615384,(96)56ef,False,calculated,not_calculated,ROUT not implemented from scratch during MVP per handoff guardrails; no trusted existing implementation wired up yet.
1529,151,8,rice hulls,xrf,nd,sextant,knife mill (2mm),,ppm,47.0,1,119.0,119.0,,,119.0,119.0,0.0,119.0,(96)4a3d,fail,,,,,,not_applicable_n_out_of_range,not_calculated,ROUT not implemented from scratch during MVP per handoff guardrails; no trusted existing implementation wired up yet.
1530,151,8,rice hulls,xrf,ba,sextant,knife mill (2mm),,ppm,47.0,2,26.0,26.0,1.4142135623730951,5.439282932204212,25.0,27.0,2.0,"27.0,25.0","(96)4d0c,(96)c986",pass,False,False,,,,not_applicable_n_out_of_range,not_calculated,ROUT not implemented from scratch during MVP per handoff guardrails; no trusted existing implementation wired up yet.
1531,151,8,rice hulls,xrf,rb,sextant,knife mill (2mm),,ppm,47.0,3,19.0,19.0,1.0,5.263157894736842,18.0,20.0,2.0,"19.0,20.0,18.0","(96)5046,(96)519f,(96)580a",pass,False,False,0.5,(96)580a,False,calculated,not_calculated,ROUT not implemented from scratch during MVP per handoff guardrails; no trusted existing implementation wired up yet.
1532,151,8,rice hulls,xrf,zn,sextant,knife mill (2mm),,ppm,47.0,3,29.0,29.0,1.0,3.4482758620689653,28.0,30.0,2.0,"30.0,28.0,29.0","(96)5d93,(96)5f14,(96)f340",pass,False,False,0.5,(96)5f14,False,calculated,not_calculated,ROUT not implemented from scratch during MVP per handoff guardrails; no trusted existing implementation wired up yet.
1533,151,8,rice hulls,xrf,p,sextant,knife mill (2mm),,ppm,47.0,3,941.0,887.0,103.20368210485516,10.967447620069622,876.0,1060.0,184.0,"876.0,1060.0,887.0","(96)5ec1,(96)ccf6,(96)f408",pass,True,False,0.9402173913043478,(96)ccf6,False,calculated,not_calculated,ROUT not implemented from scratch during MVP per handoff guardrails; no trusted existing implementation wired up yet.
1534,151,8,rice hulls,xrf,k,sextant,knife mill (2mm),,ppm,47.0,3,7936.666666666667,7820.0,237.5570107012911,2.9931584716668342,7780.0,8210.0,430.0,"8210.0,7780.0,7820.0","(96)5f1d,(96)784a,(96)dac2",pass,False,False,0.9069767441860465,(96)5f1d,False,calculated,not_calculated,ROUT not implemented from scratch during MVP per handoff guardrails; no trusted existing implementation wired up yet.
1535,151,8,rice hulls,xrf,pr,sextant,knife mill (2mm),,ppm,47.0,2,78.0,78.0,2.8284271247461903,3.626188621469475,76.0,80.0,4.0,"76.0,80.0","(96)62f0,(96)7e83",pass,False,False,,,,not_applicable_n_out_of_range,not_calculated,ROUT not implemented from scratch during MVP per handoff guardrails; no trusted existing implementation wired up yet.
1536,151,8,rice hulls,xrf,al,sextant,knife mill (2mm),,ppm,47.0,1,550.0,550.0,,,550.0,550.0,0.0,550.0,(96)7037,fail,,,,,,not_applicable_n_out_of_range,not_calculated,ROUT not implemented from scratch during MVP per handoff guardrails; no trusted existing implementation wired up yet.
1537,151,8,rice hulls,xrf,cu,sextant,knife mill (2mm),,ppm,47.0,3,8.666666666666666,9.0,2.516611478423583,29.037824751041345,6.0,11.0,5.0,"6.0,11.0,9.0","(96)8280,(96)85ec,(96)be54",pass,True,True,0.6,(96)8280,False,calculated,not_calculated,ROUT not implemented from scratch during MVP per handoff guardrails; no trusted existing implementation wired up yet.
1538,151,8,rice hulls,xrf,ce,sextant,knife mill (2mm),,ppm,47.0,1,58.0,58.0,,,58.0,58.0,0.0,58.0,(96)de4f,fail,,,,,,not_applicable_n_out_of_range,not_calculated,ROUT not implemented from scratch during MVP per handoff guardrails; no trusted existing implementation wired up yet.
1539,151,8,rice hulls,xrf,la,sextant,knife mill (2mm),,ppm,47.0,1,51.0,51.0,,,51.0,51.0,0.0,51.0,(96)f7d3,fail,,,,,,not_applicable_n_out_of_range,not_calculated,ROUT not implemented from scratch during MVP per handoff guardrails; no trusted existing implementation wired up yet.
1540,38,31,almond shells,xrf,sn,vibrant,as is,,ppm,46.0,1,0.0,0.0,,,0.0,0.0,0.0,0.0,(99)0a57,provisional,,,,,,not_applicable_n_out_of_range,not_calculated,ROUT not implemented from scratch during MVP per handoff guardrails; no trusted existing implementation wired up yet.
1541,38,31,almond shells,xrf,la,vibrant,as is,,ppm,46.0,1,0.0,0.0,,,0.0,0.0,0.0,0.0,(99)0a89,provisional,,,,,,not_applicable_n_out_of_range,not_calculated,ROUT not implemented from scratch during MVP per handoff guardrails; no trusted existing implementation wired up yet.
1542,38,31,almond shells,xrf,rb,vibrant,as is,,ppm,46.0,1,12.0,12.0,,,12.0,12.0,0.0,12.0,(99)0dae,provisional,,,,,,not_applicable_n_out_of_range,not_calculated,ROUT not implemented from scratch during MVP per handoff guardrails; no trusted existing implementation wired up yet.
1543,38,31,almond shells,xrf,ce,vibrant,as is,,ppm,46.0,1,51.0,51.0,,,51.0,51.0,0.0,51.0,(99)170a,provisional,,,,,,not_applicable_n_out_of_range,not_calculated,ROUT not implemented from scratch during MVP per handoff guardrails; no trusted existing implementation wired up yet.
1544,38,31,almond shells,xrf,si,vibrant,as is,,ppm,46.0,1,19200.0,19200.0,,,19200.0,19200.0,0.0,19200.0,(99)1c59,provisional,,,,,,not_applicable_n_out_of_range,not_calculated,ROUT not implemented from scratch during MVP per handoff guardrails; no trusted existing implementation wired up yet.
1545,38,31,almond shells,xrf,cr,vibrant,as is,,ppm,46.0,1,0.0,0.0,,,0.0,0.0,0.0,0.0,(99)2ba3,provisional,,,,,,not_applicable_n_out_of_range,not_calculated,ROUT not implemented from scratch during MVP per handoff guardrails; no trusted existing implementation wired up yet.
1546,38,31,almond shells,xrf,as,vibrant,as is,,ppm,46.0,1,0.0,0.0,,,0.0,0.0,0.0,0.0,(99)2ccc,provisional,,,,,,not_applicable_n_out_of_range,not_calculated,ROUT not implemented from scratch during MVP per handoff guardrails; no trusted existing implementation wired up yet.
1547,38,31,almond shells,xrf,hg,vibrant,as is,,ppm,46.0,1,0.0,0.0,,,0.0,0.0,0.0,0.0,(99)334b,provisional,,,,,,not_applicable_n_out_of_range,not_calculated,ROUT not implemented from scratch during MVP per handoff guardrails; no trusted existing implementation wired up yet.
1548,38,31,almond shells,xrf,co,vibrant,as is,,ppm,46.0,1,0.0,0.0,,,0.0,0.0,0.0,0.0,(99)3688,provisional,,,,,,not_applicable_n_out_of_range,not_calculated,ROUT not implemented from scratch during MVP per handoff guardrails; no trusted existing implementation wired up yet.
1549,38,31,almond shells,xrf,zr,vibrant,as is,,ppm,46.0,1,0.0,0.0,,,0.0,0.0,0.0,0.0,(99)3dac,provisional,,,,,,not_applicable_n_out_of_range,not_calculated,ROUT not implemented from scratch during MVP per handoff guardrails; no trusted existing implementation wired up yet.
1550,38,31,almond shells,xrf,ba,vibrant,as is,,ppm,46.0,1,0.0,0.0,,,0.0,0.0,0.0,0.0,(99)419d,provisional,,,,,,not_applicable_n_out_of_range,not_calculated,ROUT not implemented from scratch during MVP per handoff guardrails; no trusted existing implementation wired up yet.
1551,38,31,almond shells,xrf,sr,vibrant,as is,,ppm,46.0,1,19.0,19.0,,,19.0,19.0,0.0,19.0,(99)4204,provisional,,,,,,not_applicable_n_out_of_range,not_calculated,ROUT not implemented from scratch during MVP per handoff guardrails; no trusted existing implementation wired up yet.
1552,38,31,almond shells,xrf,mo,vibrant,as is,,ppm,46.0,1,0.0,0.0,,,0.0,0.0,0.0,0.0,(99)4e1c,provisional,,,,,,not_applicable_n_out_of_range,not_calculated,ROUT not implemented from scratch during MVP per handoff guardrails; no trusted existing implementation wired up yet.
1553,38,31,almond shells,xrf,ti,vibrant,as is,,ppm,46.0,1,382.0,382.0,,,382.0,382.0,0.0,382.0,(99)5025,provisional,,,,,,not_applicable_n_out_of_range,not_calculated,ROUT not implemented from scratch during MVP per handoff guardrails; no trusted existing implementation wired up yet.
1554,38,31,almond shells,xrf,se,vibrant,as is,,ppm,46.0,1,0.0,0.0,,,0.0,0.0,0.0,0.0,(99)54f5,provisional,,,,,,not_applicable_n_out_of_range,not_calculated,ROUT not implemented from scratch during MVP per handoff guardrails; no trusted existing implementation wired up yet.
1555,38,31,almond shells,xrf,nb,vibrant,as is,,ppm,46.0,1,0.0,0.0,,,0.0,0.0,0.0,0.0,(99)6183,provisional,,,,,,not_applicable_n_out_of_range,not_calculated,ROUT not implemented from scratch during MVP per handoff guardrails; no trusted existing implementation wired up yet.
1556,38,31,almond shells,xrf,ni,vibrant,as is,,ppm,46.0,1,0.0,0.0,,,0.0,0.0,0.0,0.0,(99)61ce,provisional,,,,,,not_applicable_n_out_of_range,not_calculated,ROUT not implemented from scratch during MVP per handoff guardrails; no trusted existing implementation wired up yet.
1557,38,31,almond shells,xrf,pb,vibrant,as is,,ppm,46.0,1,5.0,5.0,,,5.0,5.0,0.0,5.0,(99)69cc,provisional,,,,,,not_applicable_n_out_of_range,not_calculated,ROUT not implemented from scratch during MVP per handoff guardrails; no trusted existing implementation wired up yet.
1558,38,31,almond shells,xrf,pr,vibrant,as is,,ppm,46.0,1,64.0,64.0,,,64.0,64.0,0.0,64.0,(99)6e06,provisional,,,,,,not_applicable_n_out_of_range,not_calculated,ROUT not implemented from scratch during MVP per handoff guardrails; no trusted existing implementation wired up yet.
1559,38,31,almond shells,xrf,ca,vibrant,as is,,ppm,46.0,1,4710.0,4710.0,,,4710.0,4710.0,0.0,4710.0,(99)701a,provisional,,,,,,not_applicable_n_out_of_range,not_calculated,ROUT not implemented from scratch during MVP per handoff guardrails; no trusted existing implementation wired up yet.
1560,38,31,almond shells,xrf,nd,vibrant,as is,,ppm,46.0,1,98.0,98.0,,,98.0,98.0,0.0,98.0,(99)7363,provisional,,,,,,not_applicable_n_out_of_range,not_calculated,ROUT not implemented from scratch during MVP per handoff guardrails; no trusted existing implementation wired up yet.
1561,38,31,almond shells,xrf,cu,vibrant,as is,,ppm,46.0,1,14.0,14.0,,,14.0,14.0,0.0,14.0,(99)7d3d,provisional,,,,,,not_applicable_n_out_of_range,not_calculated,ROUT not implemented from scratch during MVP per handoff guardrails; no trusted existing implementation wired up yet.
1562,38,31,almond shells,xrf,v,vibrant,as is,,ppm,46.0,1,0.0,0.0,,,0.0,0.0,0.0,0.0,(99)7d66,provisional,,,,,,not_applicable_n_out_of_range,not_calculated,ROUT not implemented from scratch during MVP per handoff guardrails; no trusted existing implementation wired up yet.
1563,38,31,almond shells,xrf,zn,vibrant,as is,,ppm,46.0,1,28.0,28.0,,,28.0,28.0,0.0,28.0,(99)9b2d,provisional,,,,,,not_applicable_n_out_of_range,not_calculated,ROUT not implemented from scratch during MVP per handoff guardrails; no trusted existing implementation wired up yet.
1564,38,31,almond shells,xrf,al,vibrant,as is,,ppm,46.0,1,6290.0,6290.0,,,6290.0,6290.0,0.0,6290.0,(99)a550,provisional,,,,,,not_applicable_n_out_of_range,not_calculated,ROUT not implemented from scratch during MVP per handoff guardrails; no trusted existing implementation wired up yet.
1565,38,31,almond shells,xrf,mg,vibrant,as is,,ppm,46.0,1,0.0,0.0,,,0.0,0.0,0.0,0.0,(99)ab09,provisional,,,,,,not_applicable_n_out_of_range,not_calculated,ROUT not implemented from scratch during MVP per handoff guardrails; no trusted existing implementation wired up yet.
1566,38,31,almond shells,xrf,mn,vibrant,as is,,ppm,46.0,1,38.0,38.0,,,38.0,38.0,0.0,38.0,(99)ab96,provisional,,,,,,not_applicable_n_out_of_range,not_calculated,ROUT not implemented from scratch during MVP per handoff guardrails; no trusted existing implementation wired up yet.
1567,38,31,almond shells,xrf,bi,vibrant,as is,,ppm,46.0,1,0.0,0.0,,,0.0,0.0,0.0,0.0,(99)ac31,provisional,,,,,,not_applicable_n_out_of_range,not_calculated,ROUT not implemented from scratch during MVP per handoff guardrails; no trusted existing implementation wired up yet.
1568,38,31,almond shells,xrf,sb,vibrant,as is,,ppm,46.0,1,0.0,0.0,,,0.0,0.0,0.0,0.0,(99)aebc,provisional,,,,,,not_applicable_n_out_of_range,not_calculated,ROUT not implemented from scratch during MVP per handoff guardrails; no trusted existing implementation wired up yet.
1569,38,31,almond shells,xrf,k,vibrant,as is,,ppm,46.0,1,19500.0,19500.0,,,19500.0,19500.0,0.0,19500.0,(99)b2d7,provisional,,,,,,not_applicable_n_out_of_range,not_calculated,ROUT not implemented from scratch during MVP per handoff guardrails; no trusted existing implementation wired up yet.
1570,38,31,almond shells,xrf,y,vibrant,as is,,ppm,46.0,1,0.0,0.0,,,0.0,0.0,0.0,0.0,(99)bb44,provisional,,,,,,not_applicable_n_out_of_range,not_calculated,ROUT not implemented from scratch during MVP per handoff guardrails; no trusted existing implementation wired up yet.
1571,38,31,almond shells,xrf,th,vibrant,as is,,ppm,46.0,1,64.0,64.0,,,64.0,64.0,0.0,64.0,(99)c0f7,provisional,,,,,,not_applicable_n_out_of_range,not_calculated,ROUT not implemented from scratch during MVP per handoff guardrails; no trusted existing implementation wired up yet.
1572,38,31,almond shells,xrf,cd,vibrant,as is,,ppm,46.0,1,0.0,0.0,,,0.0,0.0,0.0,0.0,(99)cc39,provisional,,,,,,not_applicable_n_out_of_range,not_calculated,ROUT not implemented from scratch during MVP per handoff guardrails; no trusted existing implementation wired up yet.
1573,38,31,almond shells,xrf,w,vibrant,as is,,ppm,46.0,1,0.0,0.0,,,0.0,0.0,0.0,0.0,(99)d168,provisional,,,,,,not_applicable_n_out_of_range,not_calculated,ROUT not implemented from scratch during MVP per handoff guardrails; no trusted existing implementation wired up yet.
1574,38,31,almond shells,xrf,p,vibrant,as is,,ppm,46.0,1,745.0,745.0,,,745.0,745.0,0.0,745.0,(99)d19e,provisional,,,,,,not_applicable_n_out_of_range,not_calculated,ROUT not implemented from scratch during MVP per handoff guardrails; no trusted existing implementation wired up yet.
1575,38,31,almond shells,xrf,fe,vibrant,as is,,ppm,46.0,1,822.0,822.0,,,822.0,822.0,0.0,822.0,(99)d794,provisional,,,,,,not_applicable_n_out_of_range,not_calculated,ROUT not implemented from scratch during MVP per handoff guardrails; no trusted existing implementation wired up yet.
1576,38,31,almond shells,xrf,u,vibrant,as is,,ppm,46.0,1,20.0,20.0,,,20.0,20.0,0.0,20.0,(99)e65f,provisional,,,,,,not_applicable_n_out_of_range,not_calculated,ROUT not implemented from scratch during MVP per handoff guardrails; no trusted existing implementation wired up yet.
1577,38,31,almond shells,xrf,s,vibrant,as is,,ppm,46.0,1,532.0,532.0,,,532.0,532.0,0.0,532.0,(99)ee86,provisional,,,,,,not_applicable_n_out_of_range,not_calculated,ROUT not implemented from scratch during MVP per handoff guardrails; no trusted existing implementation wired up yet.
1578,38,31,almond shells,xrf,ag,vibrant,as is,,ppm,46.0,1,0.0,0.0,,,0.0,0.0,0.0,0.0,(99)f094,provisional,,,,,,not_applicable_n_out_of_range,not_calculated,ROUT not implemented from scratch during MVP per handoff guardrails; no trusted existing implementation wired up yet.
1579,165,14,olive stems / leaves,xrf,k,excellent,oven dry + knife mill (2mm),,ppm,47.0,3,13833.333333333334,13800.0,57.735026918962575,0.4173616403780427,13800.0,13900.0,100.0,"13900.0,13800.0,13800.0","(a0)0699,(a0)30bb,(a0)48a6",pass,False,False,1.0,(a0)0699,True,calculated,not_calculated,ROUT not implemented from scratch during MVP per handoff guardrails; no trusted existing implementation wired up yet.
1580,165,14,olive stems / leaves,xrf,fe,excellent,oven dry + knife mill (2mm),,ppm,47.0,3,208.66666666666663,209.0,0.5773502691896258,0.27668543251899,208.0,209.0,1.0,"209.0,208.0,209.0","(a0)0d8a,(a0)5a5f,(a0)6fa9",pass,False,False,1.0,(a0)5a5f,True,calculated,not_calculated,ROUT not implemented from scratch during MVP per handoff guardrails; no trusted existing implementation wired up yet.
1581,165,14,olive stems / leaves,xrf,mn,excellent,oven dry + knife mill (2mm),,ppm,47.0,3,34.666666666666664,39.0,12.096831541082702,34.8947063685078,21.0,44.0,23.0,"44.0,21.0,39.0","(a0)103a,(a0)e544,(a0)fd19",pass,True,True,0.782608695652174,(a0)e544,False,calculated,not_calculated,ROUT not implemented from scratch during MVP per handoff guardrails; no trusted existing implementation wired up yet.
1582,165,14,olive stems / leaves,xrf,ti,excellent,oven dry + knife mill (2mm),,ppm,47.0,3,157.0,156.0,4.58257569495584,2.918838022264866,153.0,162.0,9.0,"153.0,156.0,162.0","(a0)160a,(a0)6722,(a0)8087",pass,False,False,0.6666666666666666,(a0)8087,False,calculated,not_calculated,ROUT not implemented from scratch during MVP per handoff guardrails; no trusted existing implementation wired up yet.
1583,165,14,olive stems / leaves,xrf,u,excellent,oven dry + knife mill (2mm),,ppm,47.0,3,13.333333333333334,13.0,0.5773502691896257,4.330127018922193,13.0,14.0,1.0,"13.0,13.0,14.0","(a0)17f2,(a0)47ab,(a0)904b",pass,False,False,1.0,(a0)904b,True,calculated,not_calculated,ROUT not implemented from scratch during MVP per handoff guardrails; no trusted existing implementation wired up yet.
1584,165,14,olive stems / leaves,xrf,si,excellent,oven dry + knife mill (2mm),,ppm,47.0,3,1630.0,1540.0,191.57244060668015,11.752910466667496,1500.0,1850.0,350.0,"1500.0,1850.0,1540.0","(a0)1fc0,(a0)85c6,(a0)c3e3",pass,True,False,0.8857142857142857,(a0)85c6,False,calculated,not_calculated,ROUT not implemented from scratch during MVP per handoff guardrails; no trusted existing implementation wired up yet.
1585,165,14,olive stems / leaves,xrf,mo,excellent,oven dry + knife mill (2mm),,ppm,47.0,3,4.0,4.0,0.0,0.0,4.0,4.0,0.0,"4.0,4.0,4.0","(a0)207e,(a0)771f,(a0)b72b",pass,False,False,,,,not_applicable_zero_range,not_calculated,ROUT not implemented from scratch during MVP per handoff guardrails; no trusted existing implementation wired up yet.
1586,165,14,olive stems / leaves,xrf,ca,excellent,oven dry + knife mill (2mm),,ppm,47.0,3,6810.0,6960.0,277.308492477241,4.072077716259045,6490.0,6980.0,490.0,"6960.0,6490.0,6980.0","(a0)21ce,(a0)6f72,(a0)859b",pass,False,False,0.9591836734693877,(a0)6f72,False,calculated,not_calculated,ROUT not implemented from scratch during MVP per handoff guardrails; no trusted existing implementation wired up yet.
1587,165,14,olive stems / leaves,xrf,sr,excellent,oven dry + knife mill (2mm),,ppm,47.0,3,33.666666666666664,34.0,0.5773502691896258,1.714901789672156,33.0,34.0,1.0,"34.0,34.0,33.0","(a0)2357,(a0)7a26,(a0)ad97",pass,False,False,1.0,(a0)ad97,True,calculated,not_calculated,ROUT not implemented from scratch during MVP per handoff guardrails; no trusted existing implementation wired up yet.
1588,165,14,olive stems / leaves,xrf,p,excellent,oven dry + knife mill (2mm),,ppm,47.0,3,1540.0,1530.0,17.320508075688775,1.1247083166031673,1530.0,1560.0,30.0,"1530.0,1560.0,1530.0","(a0)27d1,(a0)33b6,(a0)c009",pass,False,False,1.0,(a0)33b6,True,calculated,not_calculated,ROUT not implemented from scratch during MVP per handoff guardrails; no trusted existing implementation wired up yet.
1589,165,14,olive stems / leaves,xrf,cu,excellent,oven dry + knife mill (2mm),,ppm,47.0,3,89.33333333333333,90.0,2.081665999466133,2.3302231337307457,87.0,91.0,4.0,"87.0,90.0,91.0","(a0)30dd,(a0)37e6,(a0)f5b5",pass,False,False,0.75,(a0)30dd,False,calculated,not_calculated,ROUT not implemented from scratch during MVP per handoff guardrails; no trusted existing implementation wired up yet.
1590,165,14,olive stems / leaves,xrf,zn,excellent,oven dry + knife mill (2mm),,ppm,47.0,3,31.666666666666668,32.0,2.516611478423584,7.947194142390264,29.0,34.0,5.0,"34.0,32.0,29.0","(a0)321b,(a0)6a7f,(a0)7843",pass,False,False,0.6,(a0)7843,False,calculated,not_calculated,ROUT not implemented from scratch during MVP per handoff guardrails; no trusted existing implementation wired up yet.
1591,165,14,olive stems / leaves,xrf,s,excellent,oven dry + knife mill (2mm),,ppm,47.0,3,1183.3333333333333,1210.0,55.07570547286102,4.654284969537551,1120.0,1220.0,100.0,"1210.0,1220.0,1120.0","(a0)4ac8,(a0)522a,(a0)ae85",pass,False,False,0.9,(a0)ae85,False,calculated,not_calculated,ROUT not implemented from scratch during MVP per handoff guardrails; no trusted existing implementation wired up yet.
1592,165,14,olive stems / leaves,xrf,ce,excellent,oven dry + knife mill (2mm),,ppm,47.0,3,67.66666666666667,64.0,7.234178138070236,10.690903652320545,63.0,76.0,13.0,"76.0,63.0,64.0","(a0)5627,(a0)807c,(a0)8ef9",pass,True,False,0.9230769230769231,(a0)5627,False,calculated,not_calculated,ROUT not implemented from scratch during MVP per handoff guardrails; no trusted existing implementation wired up yet.
1593,165,14,olive stems / leaves,xrf,rb,excellent,oven dry + knife mill (2mm),,ppm,47.0,3,47.0,47.0,1.0,2.127659574468085,46.0,48.0,2.0,"47.0,48.0,46.0","(a0)6374,(a0)eca5,(a0)ed80",pass,False,False,0.5,(a0)ed80,False,calculated,not_calculated,ROUT not implemented from scratch during MVP per handoff guardrails; no trusted existing implementation wired up yet.
1594,165,14,olive stems / leaves,xrf,th,excellent,oven dry + knife mill (2mm),,ppm,47.0,3,39.66666666666666,40.0,0.5773502691896258,1.4555048803099813,39.0,40.0,1.0,"40.0,39.0,40.0","(a0)86de,(a0)a1f6,(a0)fbf9",pass,False,False,1.0,(a0)a1f6,True,calculated,not_calculated,ROUT not implemented from scratch during MVP per handoff guardrails; no trusted existing implementation wired up yet.
1595,165,14,olive stems / leaves,xrf,ba,excellent,oven dry + knife mill (2mm),,ppm,47.0,2,34.0,34.0,4.242640687119285,12.478354962115544,31.0,37.0,6.0,"37.0,31.0","(a0)9410,(a0)d0fd",pass,True,False,,,,not_applicable_n_out_of_range,not_calculated,ROUT not implemented from scratch during MVP per handoff guardrails; no trusted existing implementation wired up yet.
1596,165,14,olive stems / leaves,xrf,mg,excellent,oven dry + knife mill (2mm),,ppm,47.0,3,4176.666666666667,4260.0,529.9371031861548,12.688039182429884,3610.0,4660.0,1050.0,"4260.0,3610.0,4660.0","(a0)a755,(a0)c9e0,(a0)d795",pass,True,False,0.6190476190476191,(a0)c9e0,False,calculated,not_calculated,ROUT not implemented from scratch during MVP per handoff guardrails; no trusted existing implementation wired up yet.
1597,165,14,olive stems / leaves,xrf,la,excellent,oven dry + knife mill (2mm),,ppm,47.0,1,52.0,52.0,,,52.0,52.0,0.0,52.0,(a0)c690,pass,,,,,,not_applicable_n_out_of_range,not_calculated,ROUT not implemented from scratch during MVP per handoff guardrails; no trusted existing implementation wired up yet.
1598,165,14,olive stems / leaves,xrf,al,excellent,oven dry + knife mill (2mm),,ppm,47.0,1,719.0,719.0,,,719.0,719.0,0.0,719.0,(a0)d828,fail,,,,,,not_applicable_n_out_of_range,not_calculated,ROUT not implemented from scratch during MVP per handoff guardrails; no trusted existing implementation wired up yet.
1599,165,14,olive stems / leaves,xrf,pb,excellent,oven dry + knife mill (2mm),,ppm,47.0,1,3.0,3.0,,,3.0,3.0,0.0,3.0,(a0)dfc6,fail,,,,,,not_applicable_n_out_of_range,not_calculated,ROUT not implemented from scratch during MVP per handoff guardrails; no trusted existing implementation wired up yet.
1600,165,14,olive stems / leaves,xrf,pr,excellent,oven dry + knife mill (2mm),,ppm,47.0,1,75.0,75.0,,,75.0,75.0,0.0,75.0,(a0)e445,fail,,,,,,not_applicable_n_out_of_range,not_calculated,ROUT not implemented from scratch during MVP per handoff guardrails; no trusted existing implementation wired up yet.
1601,143,31,almond shells,xrf,cu,tiny,knife mill (2mm),,ppm,47.0,3,13.333333333333334,13.0,0.5773502691896257,4.330127018922193,13.0,14.0,1.0,"14.0,13.0,13.0","(a2)002d,(a2)2648,(a2)534d",pass,False,False,1.0,(a2)002d,True,calculated,not_calculated,ROUT not implemented from scratch during MVP per handoff guardrails; no trusted existing implementation wired up yet.
1602,143,31,almond shells,xrf,u,tiny,knife mill (2mm),,ppm,47.0,3,15.0,15.0,2.0,13.333333333333334,13.0,17.0,4.0,"17.0,15.0,13.0","(a2)05da,(a2)203e,(a2)bb0f",pass,True,False,0.5,(a2)bb0f,False,calculated,not_calculated,ROUT not implemented from scratch during MVP per handoff guardrails; no trusted existing implementation wired up yet.
1603,143,31,almond shells,xrf,si,tiny,knife mill (2mm),,ppm,47.0,3,4183.333333333333,4170.0,90.73771725877468,2.169029097819315,4100.0,4280.0,180.0,"4170.0,4100.0,4280.0","(a2)0c6a,(a2)123a,(a2)2f1a",pass,False,False,0.6111111111111112,(a2)2f1a,False,calculated,not_calculated,ROUT not implemented from scratch during MVP per handoff guardrails; no trusted existing implementation wired up yet.
1604,143,31,almond shells,xrf,fe,tiny,knife mill (2mm),,ppm,47.0,3,356.3333333333333,349.0,18.14754345175493,5.09285597336434,343.0,377.0,34.0,"349.0,343.0,377.0","(a2)13c1,(a2)930e,(a2)a207",pass,False,False,0.8235294117647058,(a2)a207,False,calculated,not_calculated,ROUT not implemented from scratch during MVP per handoff guardrails; no trusted existing implementation wired up yet.
1605,143,31,almond shells,xrf,mn,tiny,knife mill (2mm),,ppm,47.0,3,41.333333333333336,39.0,5.859465277082316,14.17612567036044,37.0,48.0,11.0,"39.0,37.0,48.0","(a2)140b,(a2)2d46,(a2)3726",pass,True,False,0.8181818181818182,(a2)3726,False,calculated,not_calculated,ROUT not implemented from scratch during MVP per handoff guardrails; no trusted existing implementation wired up yet.
1606,143,31,almond shells,xrf,k,tiny,knife mill (2mm),,ppm,47.0,3,40166.66666666666,40500.0,665.8328118479393,1.6576750502438324,39400.0,40600.0,1200.0,"40600.0,40500.0,39400.0","(a2)1bf3,(a2)1e20,(a2)7349",pass,False,False,0.9166666666666666,(a2)7349,False,calculated,not_calculated,ROUT not implemented from scratch during MVP per handoff guardrails; no trusted existing implementation wired up yet.
1607,143,31,almond shells,xrf,ti,tiny,knife mill (2mm),,ppm,47.0,2,228.0,228.0,25.45584412271571,11.164843913471802,210.0,246.0,36.0,"210.0,246.0","(a2)1c54,(a2)5c98",pass,True,False,,,,not_applicable_n_out_of_range,not_calculated,ROUT not implemented from scratch during MVP per handoff guardrails; no trusted existing implementation wired up yet.
1608,143,31,almond shells,xrf,sr,tiny,knife mill (2mm),,ppm,47.0,3,23.33333333333333,23.0,0.5773502691896258,2.474358296526968,23.0,24.0,1.0,"24.0,23.0,23.0","(a2)1e71,(a2)7a0d,(a2)e68b",pass,False,False,1.0,(a2)1e71,True,calculated,not_calculated,ROUT not implemented from scratch during MVP per handoff guardrails; no trusted existing implementation wired up yet.
1609,143,31,almond shells,xrf,p,tiny,knife mill (2mm),,ppm,47.0,3,1353.3333333333333,1330.0,49.32882862316247,3.644987336686882,1320.0,1410.0,90.0,"1320.0,1410.0,1330.0","(a2)26f5,(a2)761b,(a2)bf24",pass,False,False,0.8888888888888888,(a2)761b,False,calculated,not_calculated,ROUT not implemented from scratch during MVP per handoff guardrails; no trusted existing implementation wired up yet.
1610,143,31,almond shells,xrf,pr,tiny,knife mill (2mm),,ppm,47.0,1,52.0,52.0,,,52.0,52.0,0.0,52.0,(a2)3109,fail,,,,,,not_applicable_n_out_of_range,not_calculated,ROUT not implemented from scratch during MVP per handoff guardrails; no trusted existing implementation wired up yet.
1611,143,31,almond shells,xrf,al,tiny,knife mill (2mm),,ppm,47.0,2,974.0,974.0,65.05382386916237,6.679037358230223,928.0,1020.0,92.0,"1020.0,928.0","(a2)3ada,(a2)e179",pass,False,False,,,,not_applicable_n_out_of_range,not_calculated,ROUT not implemented from scratch during MVP per handoff guardrails; no trusted existing implementation wired up yet.
1612,143,31,almond shells,xrf,th,tiny,knife mill (2mm),,ppm,47.0,3,51.0,51.0,3.0,5.88235294117647,48.0,54.0,6.0,"51.0,54.0,48.0","(a2)3c76,(a2)9c87,(a2)d963",pass,False,False,0.5,(a2)d963,False,calculated,not_calculated,ROUT not implemented from scratch during MVP per handoff guardrails; no trusted existing implementation wired up yet.
1613,143,31,almond shells,xrf,zn,tiny,knife mill (2mm),,ppm,47.0,3,16.333333333333332,16.0,1.5275252316519463,9.352195295828244,15.0,18.0,3.0,"16.0,15.0,18.0","(a2)409e,(a2)892f,(a2)a6c3",pass,False,False,0.6666666666666666,(a2)a6c3,False,calculated,not_calculated,ROUT not implemented from scratch during MVP per handoff guardrails; no trusted existing implementation wired up yet.
1614,143,31,almond shells,xrf,ca,tiny,knife mill (2mm),,ppm,47.0,3,3153.333333333333,3130.0,40.41451884327381,1.2816443607803532,3130.0,3200.0,70.0,"3200.0,3130.0,3130.0","(a2)4986,(a2)4b51,(a2)555d",pass,False,False,1.0,(a2)4986,True,calculated,not_calculated,ROUT not implemented from scratch during MVP per handoff guardrails; no trusted existing implementation wired up yet.
1615,143,31,almond shells,xrf,pb,tiny,knife mill (2mm),,ppm,47.0,2,3.5,3.5,0.7071067811865476,20.203050891044217,3.0,4.0,1.0,"4.0,3.0","(a2)610c,(a2)c72f",pass,True,True,,,,not_applicable_n_out_of_range,not_calculated,ROUT not implemented from scratch during MVP per handoff guardrails; no trusted existing implementation wired up yet.
1616,143,31,almond shells,xrf,ba,tiny,knife mill (2mm),,ppm,47.0,1,28.0,28.0,,,28.0,28.0,0.0,28.0,(a2)6337,fail,,,,,,not_applicable_n_out_of_range,not_calculated,ROUT not implemented from scratch during MVP per handoff guardrails; no trusted existing implementation wired up yet.
1617,143,31,almond shells,xrf,rb,tiny,knife mill (2mm),,ppm,47.0,3,18.0,18.0,1.0,5.555555555555555,17.0,19.0,2.0,"18.0,19.0,17.0","(a2)715a,(a2)b31d,(a2)c47b",pass,False,False,0.5,(a2)c47b,False,calculated,not_calculated,ROUT not implemented from scratch during MVP per handoff guardrails; no trusted existing implementation wired up yet.
1618,143,31,almond shells,xrf,s,tiny,knife mill (2mm),,ppm,47.0,3,598.3333333333334,598.0,11.503622617824933,1.9226110224777044,587.0,610.0,23.0,"610.0,587.0,598.0","(a2)91a0,(a2)9b59,(a2)e84e",pass,False,False,0.5217391304347826,(a2)91a0,False,calculated,not_calculated,ROUT not implemented from scratch during MVP per handoff guardrails; no trusted existing implementation wired up yet.
1619,143,31,almond shells,xrf,nd,tiny,knife mill (2mm),,ppm,47.0,1,101.0,101.0,,,101.0,101.0,0.0,101.0,(a2)dab7,fail,,,,,,not_applicable_n_out_of_range,not_calculated,ROUT not implemented from scratch during MVP per handoff guardrails; no trusted existing implementation wired up yet.
1620,159,10,cotton stem mix,xrf,mo,schooner,knife mill (2mm),,ppm,47.0,2,6.5,6.5,0.7071067811865476,10.878565864408424,6.0,7.0,1.0,"6.0,7.0","(a4)099a,(a4)aa2f",pass,True,False,,,,not_applicable_n_out_of_range,not_calculated,ROUT not implemented from scratch during MVP per handoff guardrails; no trusted existing implementation wired up yet.
1621,159,10,cotton stem mix,xrf,pr,schooner,knife mill (2mm),,ppm,47.0,2,62.5,62.5,0.7071067811865476,1.1313708498984762,62.0,63.0,1.0,"63.0,62.0","(a4)0a2d,(a4)e0f6",pass,False,False,,,,not_applicable_n_out_of_range,not_calculated,ROUT not implemented from scratch during MVP per handoff guardrails; no trusted existing implementation wired up yet.
1622,159,10,cotton stem mix,xrf,al,schooner,knife mill (2mm),,ppm,47.0,3,4236.666666666667,4190.0,312.62330900515616,7.378992344732245,3950.0,4570.0,620.0,"4190.0,3950.0,4570.0","(a4)1086,(a4)be17,(a4)de19",pass,False,False,0.6129032258064516,(a4)de19,False,calculated,not_calculated,ROUT not implemented from scratch during MVP per handoff guardrails; no trusted existing implementation wired up yet.
1623,159,10,cotton stem mix,xrf,th,schooner,knife mill (2mm),,ppm,47.0,3,53.66666666666666,53.0,4.041451884327381,7.530655685082076,50.0,58.0,8.0,"58.0,53.0,50.0","(a4)1216,(a4)6a3b,(a4)c254",pass,False,False,0.625,(a4)1216,False,calculated,not_calculated,ROUT not implemented from scratch during MVP per handoff guardrails; no trusted existing implementation wired up yet.
1624,159,10,cotton stem mix,xrf,rb,schooner,knife mill (2mm),,ppm,47.0,3,22.666666666666668,23.0,0.5773502691896258,2.547133540542467,22.0,23.0,1.0,"23.0,22.0,23.0","(a4)1e79,(a4)3253,(a4)4664",pass,False,False,1.0,(a4)3253,True,calculated,not_calculated,ROUT not implemented from scratch during MVP per handoff guardrails; no trusted existing implementation wired up yet.
1625,159,10,cotton stem mix,xrf,zn,schooner,knife mill (2mm),,ppm,47.0,3,25.0,26.0,3.605551275463989,14.422205101855956,21.0,28.0,7.0,"28.0,26.0,21.0","(a4)24cb,(a4)a2d9,(a4)b44f",pass,True,False,0.7142857142857143,(a4)b44f,False,calculated,not_calculated,ROUT not implemented from scratch during MVP per handoff guardrails; no trusted existing implementation wired up yet.
1626,159,10,cotton stem mix,xrf,k,schooner,knife mill (2mm),,ppm,47.0,3,36266.66666666666,36200.0,115.47005383792516,0.3183916925678083,36200.0,36400.0,200.0,"36200.0,36400.0,36200.0","(a4)2a66,(a4)4252,(a4)e3a7",pass,False,False,1.0,(a4)4252,True,calculated,not_calculated,ROUT not implemented from scratch during MVP per handoff guardrails; no trusted existing implementation wired up yet.
1627,159,10,cotton stem mix,xrf,pb,schooner,knife mill (2mm),,ppm,47.0,2,6.0,6.0,0.0,0.0,6.0,6.0,0.0,"6.0,6.0","(a4)2dcc,(a4)97ca",pass,False,False,,,,not_applicable_n_out_of_range,not_calculated,ROUT not implemented from scratch during MVP per handoff guardrails; no trusted existing implementation wired up yet.
1628,159,10,cotton stem mix,xrf,p,schooner,knife mill (2mm),,ppm,47.0,3,1936.6666666666667,1940.0,5.773502691896257,0.2981154574128876,1930.0,1940.0,10.0,"1940.0,1930.0,1940.0","(a4)305b,(a4)8a90,(a4)e3e0",pass,False,False,1.0,(a4)8a90,True,calculated,not_calculated,ROUT not implemented from scratch during MVP per handoff guardrails; no trusted existing implementation wired up yet.
1629,159,10,cotton stem mix,xrf,mg,schooner,knife mill (2mm),,ppm,47.0,3,9280.0,8830.0,1068.5972113008718,11.515056156259394,8510.0,10500.0,1990.0,"10500.0,8830.0,8510.0","(a4)3408,(a4)c3ec,(a4)f489",pass,True,False,0.8391959798994975,(a4)3408,False,calculated,not_calculated,ROUT not implemented from scratch during MVP per handoff guardrails; no trusted existing implementation wired up yet.
1630,159,10,cotton stem mix,xrf,si,schooner,knife mill (2mm),,ppm,47.0,3,13233.333333333334,13400.0,568.6240703077327,4.296907332300247,12600.0,13700.0,1100.0,"12600.0,13700.0,13400.0","(a4)356e,(a4)ae74,(a4)e3ab",pass,False,False,0.7272727272727273,(a4)356e,False,calculated,not_calculated,ROUT not implemented from scratch during MVP per handoff guardrails; no trusted existing implementation wired up yet.
1631,159,10,cotton stem mix,xrf,cu,schooner,knife mill (2mm),,ppm,47.0,3,14.666666666666666,14.0,2.081665999466133,14.19317726908727,13.0,17.0,4.0,"14.0,13.0,17.0","(a4)3f8e,(a4)b186,(a4)c3da",pass,True,False,0.75,(a4)c3da,False,calculated,not_calculated,ROUT not implemented from scratch during MVP per handoff guardrails; no trusted existing implementation wired up yet.
1632,159,10,cotton stem mix,xrf,y,schooner,knife mill (2mm),,ppm,47.0,3,8.333333333333334,9.0,1.1547005383792517,13.856406460551018,7.0,9.0,2.0,"9.0,7.0,9.0","(a4)3fdb,(a4)b84a,(a4)f7ff",pass,True,False,1.0,(a4)b84a,True,calculated,not_calculated,ROUT not implemented from scratch during MVP per handoff guardrails; no trusted existing implementation wired up yet.
1633,159,10,cotton stem mix,xrf,s,schooner,knife mill (2mm),,ppm,47.0,3,4706.666666666667,4730.0,116.7618659209133,2.480776188121387,4580.0,4810.0,230.0,"4580.0,4810.0,4730.0","(a4)4dc4,(a4)786b,(a4)862f",pass,False,False,0.6521739130434783,(a4)4dc4,False,calculated,not_calculated,ROUT not implemented from scratch during MVP per handoff guardrails; no trusted existing implementation wired up yet.
1634,159,10,cotton stem mix,xrf,mn,schooner,knife mill (2mm),,ppm,47.0,3,91.0,90.0,2.6457513110645907,2.907419023147902,89.0,94.0,5.0,"90.0,89.0,94.0","(a4)5fda,(a4)8afa,(a4)b5c5",pass,False,False,0.8,(a4)b5c5,False,calculated,not_calculated,ROUT not implemented from scratch during MVP per handoff guardrails; no trusted existing implementation wired up yet.
1635,159,10,cotton stem mix,xrf,ti,schooner,knife mill (2mm),,ppm,47.0,3,339.6666666666667,315.0,64.63229326995393,19.028153072606653,291.0,413.0,122.0,"315.0,413.0,291.0","(a4)6f16,(a4)98bd,(a4)a140",pass,True,False,0.8032786885245902,(a4)98bd,False,calculated,not_calculated,ROUT not implemented from scratch during MVP per handoff guardrails; no trusted existing implementation wired up yet.
1636,159,10,cotton stem mix,xrf,sr,schooner,knife mill (2mm),,ppm,47.0,3,106.0,106.0,2.0,1.8867924528301887,104.0,108.0,4.0,"106.0,108.0,104.0","(a4)6fbc,(a4)8be4,(a4)8c17",pass,False,False,0.5,(a4)8c17,False,calculated,not_calculated,ROUT not implemented from scratch during MVP per handoff guardrails; no trusted existing implementation wired up yet.
1637,159,10,cotton stem mix,xrf,ce,schooner,knife mill (2mm),,ppm,47.0,2,42.0,42.0,1.4142135623730951,3.367175148507369,41.0,43.0,2.0,"41.0,43.0","(a4)71f8,(a4)95e6",pass,False,False,,,,not_applicable_n_out_of_range,not_calculated,ROUT not implemented from scratch during MVP per handoff guardrails; no trusted existing implementation wired up yet.
1638,159,10,cotton stem mix,xrf,u,schooner,knife mill (2mm),,ppm,47.0,3,20.33333333333333,21.0,1.1547005383792517,5.678855106783205,19.0,21.0,2.0,"19.0,21.0,21.0","(a4)7c64,(a4)bdf4,(a4)f2f2",pass,False,False,1.0,(a4)7c64,True,calculated,not_calculated,ROUT not implemented from scratch during MVP per handoff guardrails; no trusted existing implementation wired up yet.
1639,159,10,cotton stem mix,xrf,fe,schooner,knife mill (2mm),,ppm,47.0,3,2216.6666666666665,2230.0,32.145502536643185,1.450173046765858,2180.0,2240.0,60.0,"2240.0,2180.0,2230.0","(a4)92ee,(a4)be2e,(a4)ca06",pass,False,False,0.8333333333333334,(a4)be2e,False,calculated,not_calculated,ROUT not implemented from scratch during MVP per handoff guardrails; no trusted existing implementation wired up yet.
1640,159,10,cotton stem mix,xrf,ba,schooner,knife mill (2mm),,ppm,47.0,3,35.0,34.0,3.605551275463989,10.301575072754254,32.0,39.0,7.0,"39.0,32.0,34.0","(a4)9dea,(a4)b3ee,(a4)d518",pass,True,False,0.7142857142857143,(a4)9dea,False,calculated,not_calculated,ROUT not implemented from scratch during MVP per handoff guardrails; no trusted existing implementation wired up yet.
1641,159,10,cotton stem mix,xrf,la,schooner,knife mill (2mm),,ppm,47.0,2,36.0,36.0,1.4142135623730951,3.9283710065919313,35.0,37.0,2.0,"37.0,35.0","(a4)ab26,(a4)b096",pass,False,False,,,,not_applicable_n_out_of_range,not_calculated,ROUT not implemented from scratch during MVP per handoff guardrails; no trusted existing implementation wired up yet.
1642,159,10,cotton stem mix,xrf,ca,schooner,knife mill (2mm),,ppm,47.0,3,20833.33333333333,21000.0,378.59388972001824,1.817250670656088,20400.0,21100.0,700.0,"20400.0,21000.0,21100.0","(a4)be7f,(a4)dd6b,(a4)ed64",pass,False,False,0.8571428571428571,(a4)be7f,False,calculated,not_calculated,ROUT not implemented from scratch during MVP per handoff guardrails; no trusted existing implementation wired up yet.
1643,159,10,cotton stem mix,xrf,nd,schooner,knife mill (2mm),,ppm,47.0,1,88.0,88.0,,,88.0,88.0,0.0,88.0,(a4)e671,fail,,,,,,not_applicable_n_out_of_range,not_calculated,ROUT not implemented from scratch during MVP per handoff guardrails; no trusted existing implementation wired up yet.
1644,162,31,almond shells,xrf,mn,humorous,knife mill (2mm),,ppm,47.0,3,42.0,40.0,4.358898943540674,10.378330817953984,39.0,47.0,8.0,"39.0,40.0,47.0","(a5)0297,(a5)2eba,(a5)a87e",pass,True,False,0.875,(a5)a87e,False,calculated,not_calculated,ROUT not implemented from scratch during MVP per handoff guardrails; no trusted existing implementation wired up yet.
1645,162,31,almond shells,xrf,si,humorous,knife mill (2mm),,ppm,47.0,3,3596.6666666666665,3580.0,28.86751345948129,0.8026185391885438,3580.0,3630.0,50.0,"3580.0,3630.0,3580.0","(a5)0f76,(a5)62e9,(a5)c88e",pass,False,False,1.0,(a5)62e9,True,calculated,not_calculated,ROUT not implemented from scratch during MVP per handoff guardrails; no trusted existing implementation wired up yet.
1646,162,31,almond shells,xrf,u,humorous,knife mill (2mm),,ppm,47.0,3,16.0,16.0,0.0,0.0,16.0,16.0,0.0,"16.0,16.0,16.0","(a5)1206,(a5)5179,(a5)6801",pass,False,False,,,,not_applicable_zero_range,not_calculated,ROUT not implemented from scratch during MVP per handoff guardrails; no trusted existing implementation wired up yet.
1647,162,31,almond shells,xrf,ca,humorous,knife mill (2mm),,ppm,47.0,3,4136.666666666667,4040.0,203.05992547357377,4.908781437717335,4000.0,4370.0,370.0,"4000.0,4370.0,4040.0","(a5)129e,(a5)22fd,(a5)cc8f",pass,False,False,0.8918918918918919,(a5)22fd,False,calculated,not_calculated,ROUT not implemented from scratch during MVP per handoff guardrails; no trusted existing implementation wired up yet.
1648,162,31,almond shells,xrf,sr,humorous,knife mill (2mm),,ppm,47.0,3,38.66666666666666,38.0,1.1547005383792517,2.98629449580841,38.0,40.0,2.0,"40.0,38.0,38.0","(a5)1efe,(a5)6f21,(a5)9997",pass,False,False,1.0,(a5)1efe,True,calculated,not_calculated,ROUT not implemented from scratch during MVP per handoff guardrails; no trusted existing implementation wired up yet.
1649,162,31,almond shells,xrf,k,humorous,knife mill (2mm),,ppm,47.0,3,35566.666666666664,35700.0,321.4550253664318,0.9038098182748786,35200.0,35800.0,600.0,"35700.0,35800.0,35200.0","(a5)227a,(a5)758e,(a5)91fa",pass,False,False,0.8333333333333334,(a5)91fa,False,calculated,not_calculated,ROUT not implemented from scratch during MVP per handoff guardrails; no trusted existing implementation wired up yet.
1650,162,31,almond shells,xrf,ba,humorous,knife mill (2mm),,ppm,47.0,3,34.0,35.0,5.5677643628300215,16.37577753773536,28.0,39.0,11.0,"35.0,28.0,39.0","(a5)2887,(a5)ba12,(a5)cc51",pass,True,False,0.6363636363636364,(a5)ba12,False,calculated,not_calculated,ROUT not implemented from scratch during MVP per handoff guardrails; no trusted existing implementation wired up yet.
1651,162,31,almond shells,xrf,fe,humorous,knife mill (2mm),,ppm,47.0,3,286.6666666666667,290.0,9.451631252505216,3.2970806694785635,276.0,294.0,18.0,"294.0,276.0,290.0","(a5)415d,(a5)51ba,(a5)67f1",pass,False,False,0.7777777777777778,(a5)51ba,False,calculated,not_calculated,ROUT not implemented from scratch during MVP per handoff guardrails; no trusted existing implementation wired up yet.
1652,162,31,almond shells,xrf,th,humorous,knife mill (2mm),,ppm,47.0,3,50.333333333333336,50.0,1.5275252316519463,3.0348183410303573,49.0,52.0,3.0,"50.0,49.0,52.0","(a5)477b,(a5)887a,(a5)8a0e",pass,False,False,0.6666666666666666,(a5)8a0e,False,calculated,not_calculated,ROUT not implemented from scratch during MVP per handoff guardrails; no trusted existing implementation wired up yet.
1653,162,31,almond shells,xrf,cu,humorous,knife mill (2mm),,ppm,47.0,3,12.333333333333334,12.0,1.5275252316519468,12.385339716096864,11.0,14.0,3.0,"12.0,11.0,14.0","(a5)4f7a,(a5)eacb,(a5)f79c",pass,True,False,0.6666666666666666,(a5)f79c,False,calculated,not_calculated,ROUT not implemented from scratch during MVP per handoff guardrails; no trusted existing implementation wired up yet.
1654,162,31,almond shells,xrf,la,humorous,knife mill (2mm),,ppm,47.0,1,35.0,35.0,,,35.0,35.0,0.0,35.0,(a5)697a,fail,,,,,,not_applicable_n_out_of_range,not_calculated,ROUT not implemented from scratch during MVP per handoff guardrails; no trusted existing implementation wired up yet.
1655,162,31,almond shells,xrf,s,humorous,knife mill (2mm),,ppm,47.0,3,542.3333333333334,528.0,42.35957192103496,7.810615596994769,509.0,590.0,81.0,"590.0,509.0,528.0","(a5)757a,(a5)d7cb,(a5)fb27",pass,False,False,0.7654320987654321,(a5)757a,False,calculated,not_calculated,ROUT not implemented from scratch during MVP per handoff guardrails; no trusted existing implementation wired up yet.
1656,162,31,almond shells,xrf,p,humorous,knife mill (2mm),,ppm,47.0,3,672.0,674.0,8.18535277187245,1.2180584481953052,663.0,679.0,16.0,"674.0,663.0,679.0","(a5)7c0c,(a5)b14b,(a5)c7f7",pass,False,False,0.6875,(a5)b14b,False,calculated,not_calculated,ROUT not implemented from scratch during MVP per handoff guardrails; no trusted existing implementation wired up yet.
1657,162,31,almond shells,xrf,zn,humorous,knife mill (2mm),,ppm,47.0,3,12.666666666666666,13.0,1.5275252316519468,12.059409723568,11.0,14.0,3.0,"11.0,13.0,14.0","(a5)8303,(a5)9f99,(a5)b993",pass,True,False,0.6666666666666666,(a5)8303,False,calculated,not_calculated,ROUT not implemented from scratch during MVP per handoff guardrails; no trusted existing implementation wired up yet.
1658,162,31,almond shells,xrf,rb,humorous,knife mill (2mm),,ppm,47.0,3,27.33333333333333,27.0,0.5773502691896258,2.1122570824010705,27.0,28.0,1.0,"27.0,27.0,28.0","(a5)9e3f,(a5)acb5,(a5)c629",pass,False,False,1.0,(a5)c629,True,calculated,not_calculated,ROUT not implemented from scratch during MVP per handoff guardrails; no trusted existing implementation wired up yet.
1659,162,31,almond shells,xrf,mo,humorous,knife mill (2mm),,ppm,47.0,1,5.0,5.0,,,5.0,5.0,0.0,5.0,(a5)b95e,fail,,,,,,not_applicable_n_out_of_range,not_calculated,ROUT not implemented from scratch during MVP per handoff guardrails; no trusted existing implementation wired up yet.
1660,162,31,almond shells,xrf,pb,humorous,knife mill (2mm),,ppm,47.0,1,3.0,3.0,,,3.0,3.0,0.0,3.0,(a5)bbea,fail,,,,,,not_applicable_n_out_of_range,not_calculated,ROUT not implemented from scratch during MVP per handoff guardrails; no trusted existing implementation wired up yet.
1661,162,31,almond shells,xrf,ce,humorous,knife mill (2mm),,ppm,47.0,2,49.0,49.0,0.0,0.0,49.0,49.0,0.0,"49.0,49.0","(a5)cefb,(a5)f0fd",pass,False,False,,,,not_applicable_n_out_of_range,not_calculated,ROUT not implemented from scratch during MVP per handoff guardrails; no trusted existing implementation wired up yet.
1662,162,31,almond shells,xrf,ti,humorous,knife mill (2mm),,ppm,47.0,1,178.0,178.0,,,178.0,178.0,0.0,178.0,(a5)e9d8,fail,,,,,,not_applicable_n_out_of_range,not_calculated,ROUT not implemented from scratch during MVP per handoff guardrails; no trusted existing implementation wired up yet.
1663,162,31,almond shells,xrf,nd,humorous,knife mill (2mm),,ppm,47.0,1,102.0,102.0,,,102.0,102.0,0.0,102.0,(a5)f12d,fail,,,,,,not_applicable_n_out_of_range,not_calculated,ROUT not implemented from scratch during MVP per handoff guardrails; no trusted existing implementation wired up yet.
1664,162,31,almond shells,xrf,co,humorous,knife mill (2mm),,ppm,47.0,1,11.0,11.0,,,11.0,11.0,0.0,11.0,(a5)fcd1,pass,,,,,,not_applicable_n_out_of_range,not_calculated,ROUT not implemented from scratch during MVP per handoff guardrails; no trusted existing implementation wired up yet.
1665,161,25,almond hulls,xrf,ce,humorous,knife mill (2mm),,ppm,47.0,3,57.333333333333336,51.0,13.650396819628847,23.808831662143337,48.0,73.0,25.0,"73.0,51.0,48.0","(a8)0739,(a8)29d6,(a8)9833",pass,True,True,0.88,(a8)0739,False,calculated,not_calculated,ROUT not implemented from scratch during MVP per handoff guardrails; no trusted existing implementation wired up yet.
1666,161,25,almond hulls,xrf,fe,humorous,knife mill (2mm),,ppm,47.0,3,384.3333333333333,383.0,3.2145502536643185,0.8363964233298314,382.0,388.0,6.0,"388.0,382.0,383.0","(a8)0d35,(a8)a184,(a8)d840",pass,False,False,0.8333333333333334,(a8)0d35,False,calculated,not_calculated,ROUT not implemented from scratch during MVP per handoff guardrails; no trusted existing implementation wired up yet.
1667,161,25,almond hulls,xrf,cu,humorous,knife mill (2mm),,ppm,47.0,3,9.666666666666666,9.0,2.0816659994661326,21.5344758565462,8.0,12.0,4.0,"8.0,12.0,9.0","(a8)0d58,(a8)6be0,(a8)873b",pass,True,True,0.75,(a8)6be0,False,calculated,not_calculated,ROUT not implemented from scratch during MVP per handoff guardrails; no trusted existing implementation wired up yet.
1668,161,25,almond hulls,xrf,ba,humorous,knife mill (2mm),,ppm,47.0,3,25.0,25.0,2.0,8.0,23.0,27.0,4.0,"23.0,27.0,25.0","(a8)1462,(a8)2924,(a8)c855",pass,False,False,0.5,(a8)1462,False,calculated,not_calculated,ROUT not implemented from scratch during MVP per handoff guardrails; no trusted existing implementation wired up yet.
1669,161,25,almond hulls,xrf,pr,humorous,knife mill (2mm),,ppm,47.0,3,89.0,76.0,26.962937525425527,30.295435421826436,71.0,120.0,49.0,"120.0,76.0,71.0","(a8)1c96,(a8)3d19,(a8)6712",pass,True,True,0.8979591836734694,(a8)1c96,False,calculated,not_calculated,ROUT not implemented from scratch during MVP per handoff guardrails; no trusted existing implementation wired up yet.
1670,161,25,almond hulls,xrf,si,humorous,knife mill (2mm),,ppm,47.0,3,3240.0,3190.0,113.57816691600549,3.505498978889058,3160.0,3370.0,210.0,"3370.0,3190.0,3160.0","(a8)21c5,(a8)2c1f,(a8)cc2d",pass,False,False,0.8571428571428571,(a8)21c5,False,calculated,not_calculated,ROUT not implemented from scratch during MVP per handoff guardrails; no trusted existing implementation wired up yet.
1671,161,25,almond hulls,xrf,p,humorous,knife mill (2mm),,ppm,47.0,3,1166.6666666666667,1160.0,30.550504633038933,2.6186146828319083,1140.0,1200.0,60.0,"1200.0,1140.0,1160.0","(a8)2310,(a8)5b0f,(a8)d5a7",pass,False,False,0.6666666666666666,(a8)2310,False,calculated,not_calculated,ROUT not implemented from scratch during MVP per handoff guardrails; no trusted existing implementation wired up yet.
1672,161,25,almond hulls,xrf,mn,humorous,knife mill (2mm),,ppm,47.0,3,34.333333333333336,34.0,0.5773502691896258,1.6816027257950266,34.0,35.0,1.0,"34.0,35.0,34.0","(a8)2557,(a8)3708,(a8)9b1b",pass,False,False,1.0,(a8)3708,True,calculated,not_calculated,ROUT not implemented from scratch during MVP per handoff guardrails; no trusted existing implementation wired up yet.
1673,161,25,almond hulls,xrf,u,humorous,knife mill (2mm),,ppm,47.0,3,11.333333333333334,11.0,0.5773502691896257,5.094267081084933,11.0,12.0,1.0,"11.0,11.0,12.0","(a8)29d4,(a8)8ae6,(a8)bba7",pass,False,False,1.0,(a8)bba7,True,calculated,not_calculated,ROUT not implemented from scratch during MVP per handoff guardrails; no trusted existing implementation wired up yet.
1674,161,25,almond hulls,xrf,th,humorous,knife mill (2mm),,ppm,47.0,3,36.0,36.0,2.0,5.555555555555555,34.0,38.0,4.0,"34.0,36.0,38.0","(a8)2c95,(a8)3d90,(a8)4cf7",pass,False,False,0.5,(a8)2c95,False,calculated,not_calculated,ROUT not implemented from scratch during MVP per handoff guardrails; no trusted existing implementation wired up yet.
1675,161,25,almond hulls,xrf,ca,humorous,knife mill (2mm),,ppm,47.0,3,2646.6666666666665,2670.0,40.41451884327381,1.526996933624955,2600.0,2670.0,70.0,"2670.0,2670.0,2600.0","(a8)3159,(a8)3f44,(a8)ede9",pass,False,False,1.0,(a8)ede9,True,calculated,not_calculated,ROUT not implemented from scratch during MVP per handoff guardrails; no trusted existing implementation wired up yet.
1676,161,25,almond hulls,xrf,sr,humorous,knife mill (2mm),,ppm,47.0,3,15.0,15.0,0.0,0.0,15.0,15.0,0.0,"15.0,15.0,15.0","(a8)316c,(a8)8165,(a8)acb2",pass,False,False,,,,not_applicable_zero_range,not_calculated,ROUT not implemented from scratch during MVP per handoff guardrails; no trusted existing implementation wired up yet.
1677,161,25,almond hulls,xrf,zn,humorous,knife mill (2mm),,ppm,47.0,3,14.333333333333334,15.0,1.1547005383792517,8.05605026776222,13.0,15.0,2.0,"13.0,15.0,15.0","(a8)40df,(a8)6307,(a8)ddd7",pass,False,False,1.0,(a8)40df,True,calculated,not_calculated,ROUT not implemented from scratch during MVP per handoff guardrails; no trusted existing implementation wired up yet.
1678,161,25,almond hulls,xrf,ti,humorous,knife mill (2mm),,ppm,47.0,2,210.5,210.5,6.363961030678928,3.0232593969971155,206.0,215.0,9.0,"206.0,215.0","(a8)42c7,(a8)45e9",pass,False,False,,,,not_applicable_n_out_of_range,not_calculated,ROUT not implemented from scratch during MVP per handoff guardrails; no trusted existing implementation wired up yet.
1679,161,25,almond hulls,xrf,s,humorous,knife mill (2mm),,ppm,47.0,3,240.0,243.0,21.656407827707717,9.023503261544882,217.0,260.0,43.0,"217.0,260.0,243.0","(a8)45bc,(a8)b257,(a8)b75a",pass,False,False,0.6046511627906976,(a8)45bc,False,calculated,not_calculated,ROUT not implemented from scratch during MVP per handoff guardrails; no trusted existing implementation wired up yet.
1680,161,25,almond hulls,xrf,k,humorous,knife mill (2mm),,ppm,47.0,3,33933.333333333336,34000.0,115.47005383792516,0.3402850309565574,33800.0,34000.0,200.0,"34000.0,33800.0,34000.0","(a8)62d5,(a8)7443,(a8)bcb1",pass,False,False,1.0,(a8)7443,True,calculated,not_calculated,ROUT not implemented from scratch during MVP per handoff guardrails; no trusted existing implementation wired up yet.
1681,161,25,almond hulls,xrf,rb,humorous,knife mill (2mm),,ppm,47.0,3,10.666666666666666,11.0,0.5773502691896257,5.412658773652741,10.0,11.0,1.0,"10.0,11.0,11.0","(a8)8059,(a8)93fd,(a8)da74",pass,False,False,1.0,(a8)8059,True,calculated,not_calculated,ROUT not implemented from scratch during MVP per handoff guardrails; no trusted existing implementation wired up yet.
1682,161,25,almond hulls,xrf,la,humorous,knife mill (2mm),,ppm,47.0,2,43.0,43.0,5.656854249492381,13.15547499881949,39.0,47.0,8.0,"47.0,39.0","(a8)8c82,(a8)b268",pass,True,False,,,,not_applicable_n_out_of_range,not_calculated,ROUT not implemented from scratch during MVP per handoff guardrails; no trusted existing implementation wired up yet.
1683,149,25,almond hulls,xrf,zn,capstan,knife mill (2mm),,ppm,47.0,3,14.0,14.0,1.0,7.142857142857142,13.0,15.0,2.0,"14.0,13.0,15.0","(b3)06f3,(b3)091e,(b3)1b9a",pass,False,False,0.5,(b3)091e,False,calculated,not_calculated,ROUT not implemented from scratch during MVP per handoff guardrails; no trusted existing implementation wired up yet.
1684,149,25,almond hulls,xrf,si,capstan,knife mill (2mm),,ppm,47.0,3,3666.6666666666665,3660.0,50.33222956847167,1.3726971700492272,3620.0,3720.0,100.0,"3720.0,3620.0,3660.0","(b3)0cf7,(b3)f4a3,(b3)fb26",pass,False,False,0.6,(b3)0cf7,False,calculated,not_calculated,ROUT not implemented from scratch during MVP per handoff guardrails; no trusted existing implementation wired up yet.
1685,149,25,almond hulls,xrf,p,capstan,knife mill (2mm),,ppm,47.0,3,1173.3333333333333,1160.0,23.094010767585036,1.9682395540555429,1160.0,1200.0,40.0,"1200.0,1160.0,1160.0","(b3)1f12,(b3)a47c,(b3)e01a",pass,False,False,1.0,(b3)1f12,True,calculated,not_calculated,ROUT not implemented from scratch during MVP per handoff guardrails; no trusted existing implementation wired up yet.
1686,149,25,almond hulls,xrf,mo,capstan,knife mill (2mm),,ppm,47.0,2,4.0,4.0,0.0,0.0,4.0,4.0,0.0,"4.0,4.0","(b3)2bb6,(b3)f043",pass,False,False,,,,not_applicable_n_out_of_range,not_calculated,ROUT not implemented from scratch during MVP per handoff guardrails; no trusted existing implementation wired up yet.
1687,149,25,almond hulls,xrf,u,capstan,knife mill (2mm),,ppm,47.0,3,13.333333333333334,13.0,1.5275252316519468,11.4564392373896,12.0,15.0,3.0,"12.0,15.0,13.0","(b3)3281,(b3)ad09,(b3)c2b0",pass,True,False,0.6666666666666666,(b3)ad09,False,calculated,not_calculated,ROUT not implemented from scratch during MVP per handoff guardrails; no trusted existing implementation wired up yet.
1688,149,25,almond hulls,xrf,s,capstan,knife mill (2mm),,ppm,47.0,3,320.6666666666667,306.0,50.61949558552844,15.785705484052528,279.0,377.0,98.0,"377.0,279.0,306.0","(b3)3a02,(b3)4c62,(b3)d6be",pass,True,False,0.7244897959183674,(b3)3a02,False,calculated,not_calculated,ROUT not implemented from scratch during MVP per handoff guardrails; no trusted existing implementation wired up yet.
1689,149,25,almond hulls,xrf,th,capstan,knife mill (2mm),,ppm,47.0,3,39.333333333333336,37.0,4.041451884327381,10.274877672018762,37.0,44.0,7.0,"37.0,44.0,37.0","(b3)3c75,(b3)a334,(b3)d35d",pass,True,False,1.0,(b3)a334,True,calculated,not_calculated,ROUT not implemented from scratch during MVP per handoff guardrails; no trusted existing implementation wired up yet.
1690,149,25,almond hulls,xrf,sr,capstan,knife mill (2mm),,ppm,47.0,3,21.33333333333333,21.0,0.5773502691896258,2.706329386826371,21.0,22.0,1.0,"22.0,21.0,21.0","(b3)46dd,(b3)f4e1,(b3)fda8",pass,False,False,1.0,(b3)46dd,True,calculated,not_calculated,ROUT not implemented from scratch during MVP per handoff guardrails; no trusted existing implementation wired up yet.
1691,149,25,almond hulls,xrf,fe,capstan,knife mill (2mm),,ppm,47.0,3,382.0,388.0,22.60530911091463,5.917620186103306,357.0,401.0,44.0,"388.0,357.0,401.0","(b3)51bb,(b3)df55,(b3)f940",pass,False,False,0.7045454545454546,(b3)df55,False,calculated,not_calculated,ROUT not implemented from scratch during MVP per handoff guardrails; no trusted existing implementation wired up yet.
1692,149,25,almond hulls,xrf,k,capstan,knife mill (2mm),,ppm,47.0,3,31066.666666666668,31500.0,929.157324317757,2.9908497563876297,30000.0,31700.0,1700.0,"30000.0,31500.0,31700.0","(b3)5644,(b3)a7f9,(b3)e59b",pass,False,False,0.8823529411764706,(b3)5644,False,calculated,not_calculated,ROUT not implemented from scratch during MVP per handoff guardrails; no trusted existing implementation wired up yet.
1693,149,25,almond hulls,xrf,cu,capstan,knife mill (2mm),,ppm,47.0,3,9.0,9.0,1.0,11.11111111111111,8.0,10.0,2.0,"8.0,9.0,10.0","(b3)5795,(b3)5a3d,(b3)84a6",pass,True,False,0.5,(b3)5795,False,calculated,not_calculated,ROUT not implemented from scratch during MVP per handoff guardrails; no trusted existing implementation wired up yet.
1694,149,25,almond hulls,xrf,ti,capstan,knife mill (2mm),,ppm,47.0,2,191.5,191.5,26.16295090390226,13.66211535451815,173.0,210.0,37.0,"210.0,173.0","(b3)5fb0,(b3)ff54",pass,True,False,,,,not_applicable_n_out_of_range,not_calculated,ROUT not implemented from scratch during MVP per handoff guardrails; no trusted existing implementation wired up yet.
1695,149,25,almond hulls,xrf,la,capstan,knife mill (2mm),,ppm,47.0,2,55.5,55.5,2.1213203435596424,3.8221988172245807,54.0,57.0,3.0,"57.0,54.0","(b3)6387,(b3)d2dc",pass,False,False,,,,not_applicable_n_out_of_range,not_calculated,ROUT not implemented from scratch during MVP per handoff guardrails; no trusted existing implementation wired up yet.
1696,149,25,almond hulls,xrf,mn,capstan,knife mill (2mm),,ppm,47.0,3,42.66666666666666,39.0,9.073771725877467,21.266652482525316,36.0,53.0,17.0,"53.0,39.0,36.0","(b3)6547,(b3)90f2,(b3)e1f0",pass,True,True,0.8235294117647058,(b3)6547,False,calculated,not_calculated,ROUT not implemented from scratch during MVP per handoff guardrails; no trusted existing implementation wired up yet.
1697,149,25,almond hulls,xrf,ca,capstan,knife mill (2mm),,ppm,47.0,3,3436.6666666666665,3470.0,133.1665623695879,3.874875723654352,3290.0,3550.0,260.0,"3290.0,3470.0,3550.0","(b3)65d9,(b3)91ea,(b3)ddbc",pass,False,False,0.6923076923076923,(b3)65d9,False,calculated,not_calculated,ROUT not implemented from scratch during MVP per handoff guardrails; no trusted existing implementation wired up yet.
1698,149,25,almond hulls,xrf,rb,capstan,knife mill (2mm),,ppm,47.0,3,20.666666666666668,21.0,0.5773502691896258,2.793630334788512,20.0,21.0,1.0,"21.0,21.0,20.0","(b3)6c91,(b3)7bc6,(b3)a785",pass,False,False,1.0,(b3)a785,True,calculated,not_calculated,ROUT not implemented from scratch during MVP per handoff guardrails; no trusted existing implementation wired up yet.
1699,149,25,almond hulls,xrf,pr,capstan,knife mill (2mm),,ppm,47.0,2,106.0,106.0,5.656854249492381,5.336654952351302,102.0,110.0,8.0,"102.0,110.0","(b3)bac4,(b3)fe74",pass,False,False,,,,not_applicable_n_out_of_range,not_calculated,ROUT not implemented from scratch during MVP per handoff guardrails; no trusted existing implementation wired up yet.
1700,149,25,almond hulls,xrf,ba,capstan,knife mill (2mm),,ppm,47.0,1,27.0,27.0,,,27.0,27.0,0.0,27.0,(b3)d2b5,fail,,,,,,not_applicable_n_out_of_range,not_calculated,ROUT not implemented from scratch during MVP per handoff guardrails; no trusted existing implementation wired up yet.
1701,40,35,almond branches,xrf,cr,vibrant,as is,,ppm,46.0,1,0.0,0.0,,,0.0,0.0,0.0,0.0,(b5)04e4,provisional,,,,,,not_applicable_n_out_of_range,not_calculated,ROUT not implemented from scratch during MVP per handoff guardrails; no trusted existing implementation wired up yet.
1702,40,35,almond branches,xrf,mn,vibrant,as is,,ppm,46.0,1,130.0,130.0,,,130.0,130.0,0.0,130.0,(b5)0654,provisional,,,,,,not_applicable_n_out_of_range,not_calculated,ROUT not implemented from scratch during MVP per handoff guardrails; no trusted existing implementation wired up yet.
1703,40,35,almond branches,xrf,ba,vibrant,as is,,ppm,46.0,1,0.0,0.0,,,0.0,0.0,0.0,0.0,(b5)0aed,provisional,,,,,,not_applicable_n_out_of_range,not_calculated,ROUT not implemented from scratch during MVP per handoff guardrails; no trusted existing implementation wired up yet.
1704,40,35,almond branches,xrf,k,vibrant,as is,,ppm,46.0,1,3630.0,3630.0,,,3630.0,3630.0,0.0,3630.0,(b5)11be,provisional,,,,,,not_applicable_n_out_of_range,not_calculated,ROUT not implemented from scratch during MVP per handoff guardrails; no trusted existing implementation wired up yet.
1705,40,35,almond branches,xrf,sb,vibrant,as is,,ppm,46.0,1,0.0,0.0,,,0.0,0.0,0.0,0.0,(b5)1277,provisional,,,,,,not_applicable_n_out_of_range,not_calculated,ROUT not implemented from scratch during MVP per handoff guardrails; no trusted existing implementation wired up yet.
1706,40,35,almond branches,xrf,pb,vibrant,as is,,ppm,46.0,1,0.0,0.0,,,0.0,0.0,0.0,0.0,(b5)15e4,provisional,,,,,,not_applicable_n_out_of_range,not_calculated,ROUT not implemented from scratch during MVP per handoff guardrails; no trusted existing implementation wired up yet.
1707,40,35,almond branches,xrf,se,vibrant,as is,,ppm,46.0,1,0.0,0.0,,,0.0,0.0,0.0,0.0,(b5)1f10,provisional,,,,,,not_applicable_n_out_of_range,not_calculated,ROUT not implemented from scratch during MVP per handoff guardrails; no trusted existing implementation wired up yet.
1708,40,35,almond branches,xrf,zr,vibrant,as is,,ppm,46.0,1,0.0,0.0,,,0.0,0.0,0.0,0.0,(b5)23e1,provisional,,,,,,not_applicable_n_out_of_range,not_calculated,ROUT not implemented from scratch during MVP per handoff guardrails; no trusted existing implementation wired up yet.
1709,40,35,almond branches,xrf,nd,vibrant,as is,,ppm,46.0,1,0.0,0.0,,,0.0,0.0,0.0,0.0,(b5)3118,provisional,,,,,,not_applicable_n_out_of_range,not_calculated,ROUT not implemented from scratch during MVP per handoff guardrails; no trusted existing implementation wired up yet.
1710,40,35,almond branches,xrf,si,vibrant,as is,,ppm,46.0,1,15300.0,15300.0,,,15300.0,15300.0,0.0,15300.0,(b5)33d6,provisional,,,,,,not_applicable_n_out_of_range,not_calculated,ROUT not implemented from scratch during MVP per handoff guardrails; no trusted existing implementation wired up yet.
1711,40,35,almond branches,xrf,ti,vibrant,as is,,ppm,46.0,1,451.0,451.0,,,451.0,451.0,0.0,451.0,(b5)3c39,provisional,,,,,,not_applicable_n_out_of_range,not_calculated,ROUT not implemented from scratch during MVP per handoff guardrails; no trusted existing implementation wired up yet.
1712,40,35,almond branches,xrf,pr,vibrant,as is,,ppm,46.0,1,46.0,46.0,,,46.0,46.0,0.0,46.0,(b5)5294,provisional,,,,,,not_applicable_n_out_of_range,not_calculated,ROUT not implemented from scratch during MVP per handoff guardrails; no trusted existing implementation wired up yet.
1713,40,35,almond branches,xrf,mo,vibrant,as is,,ppm,46.0,1,9.0,9.0,,,9.0,9.0,0.0,9.0,(b5)5484,provisional,,,,,,not_applicable_n_out_of_range,not_calculated,ROUT not implemented from scratch during MVP per handoff guardrails; no trusted existing implementation wired up yet.
1714,40,35,almond branches,xrf,u,vibrant,as is,,ppm,46.0,1,23.0,23.0,,,23.0,23.0,0.0,23.0,(b5)561e,provisional,,,,,,not_applicable_n_out_of_range,not_calculated,ROUT not implemented from scratch during MVP per handoff guardrails; no trusted existing implementation wired up yet.
1715,40,35,almond branches,xrf,s,vibrant,as is,,ppm,46.0,1,767.0,767.0,,,767.0,767.0,0.0,767.0,(b5)57ab,provisional,,,,,,not_applicable_n_out_of_range,not_calculated,ROUT not implemented from scratch during MVP per handoff guardrails; no trusted existing implementation wired up yet.
1716,40,35,almond branches,xrf,p,vibrant,as is,,ppm,46.0,1,808.0,808.0,,,808.0,808.0,0.0,808.0,(b5)7051,provisional,,,,,,not_applicable_n_out_of_range,not_calculated,ROUT not implemented from scratch during MVP per handoff guardrails; no trusted existing implementation wired up yet.
1717,40,35,almond branches,xrf,la,vibrant,as is,,ppm,46.0,1,26.0,26.0,,,26.0,26.0,0.0,26.0,(b5)72a9,provisional,,,,,,not_applicable_n_out_of_range,not_calculated,ROUT not implemented from scratch during MVP per handoff guardrails; no trusted existing implementation wired up yet.
1718,40,35,almond branches,xrf,fe,vibrant,as is,,ppm,46.0,1,1030.0,1030.0,,,1030.0,1030.0,0.0,1030.0,(b5)79c1,provisional,,,,,,not_applicable_n_out_of_range,not_calculated,ROUT not implemented from scratch during MVP per handoff guardrails; no trusted existing implementation wired up yet.
1719,40,35,almond branches,xrf,sr,vibrant,as is,,ppm,46.0,1,91.0,91.0,,,91.0,91.0,0.0,91.0,(b5)87f9,provisional,,,,,,not_applicable_n_out_of_range,not_calculated,ROUT not implemented from scratch during MVP per handoff guardrails; no trusted existing implementation wired up yet.
1720,40,35,almond branches,xrf,cu,vibrant,as is,,ppm,46.0,1,65.0,65.0,,,65.0,65.0,0.0,65.0,(b5)9018,provisional,,,,,,not_applicable_n_out_of_range,not_calculated,ROUT not implemented from scratch during MVP per handoff guardrails; no trusted existing implementation wired up yet.
1721,40,35,almond branches,xrf,rb,vibrant,as is,,ppm,46.0,1,0.0,0.0,,,0.0,0.0,0.0,0.0,(b5)9832,provisional,,,,,,not_applicable_n_out_of_range,not_calculated,ROUT not implemented from scratch during MVP per handoff guardrails; no trusted existing implementation wired up yet.
1722,40,35,almond branches,xrf,ce,vibrant,as is,,ppm,46.0,1,0.0,0.0,,,0.0,0.0,0.0,0.0,(b5)9dc6,provisional,,,,,,not_applicable_n_out_of_range,not_calculated,ROUT not implemented from scratch during MVP per handoff guardrails; no trusted existing implementation wired up yet.
1723,40,35,almond branches,xrf,al,vibrant,as is,,ppm,46.0,1,5220.0,5220.0,,,5220.0,5220.0,0.0,5220.0,(b5)a05e,provisional,,,,,,not_applicable_n_out_of_range,not_calculated,ROUT not implemented from scratch during MVP per handoff guardrails; no trusted existing implementation wired up yet.
1724,40,35,almond branches,xrf,ni,vibrant,as is,,ppm,46.0,1,0.0,0.0,,,0.0,0.0,0.0,0.0,(b5)a395,provisional,,,,,,not_applicable_n_out_of_range,not_calculated,ROUT not implemented from scratch during MVP per handoff guardrails; no trusted existing implementation wired up yet.
1725,40,35,almond branches,xrf,mg,vibrant,as is,,ppm,46.0,1,0.0,0.0,,,0.0,0.0,0.0,0.0,(b5)a427,provisional,,,,,,not_applicable_n_out_of_range,not_calculated,ROUT not implemented from scratch during MVP per handoff guardrails; no trusted existing implementation wired up yet.
1726,40,35,almond branches,xrf,ag,vibrant,as is,,ppm,46.0,1,0.0,0.0,,,0.0,0.0,0.0,0.0,(b5)afa1,provisional,,,,,,not_applicable_n_out_of_range,not_calculated,ROUT not implemented from scratch during MVP per handoff guardrails; no trusted existing implementation wired up yet.
1727,40,35,almond branches,xrf,y,vibrant,as is,,ppm,46.0,1,0.0,0.0,,,0.0,0.0,0.0,0.0,(b5)c02f,provisional,,,,,,not_applicable_n_out_of_range,not_calculated,ROUT not implemented from scratch during MVP per handoff guardrails; no trusted existing implementation wired up yet.
1728,40,35,almond branches,xrf,co,vibrant,as is,,ppm,46.0,1,0.0,0.0,,,0.0,0.0,0.0,0.0,(b5)ce7d,provisional,,,,,,not_applicable_n_out_of_range,not_calculated,ROUT not implemented from scratch during MVP per handoff guardrails; no trusted existing implementation wired up yet.
1729,40,35,almond branches,xrf,v,vibrant,as is,,ppm,46.0,1,0.0,0.0,,,0.0,0.0,0.0,0.0,(b5)cfc0,provisional,,,,,,not_applicable_n_out_of_range,not_calculated,ROUT not implemented from scratch during MVP per handoff guardrails; no trusted existing implementation wired up yet.
1730,40,35,almond branches,xrf,zn,vibrant,as is,,ppm,46.0,1,56.0,56.0,,,56.0,56.0,0.0,56.0,(b5)d2b3,provisional,,,,,,not_applicable_n_out_of_range,not_calculated,ROUT not implemented from scratch during MVP per handoff guardrails; no trusted existing implementation wired up yet.
1731,40,35,almond branches,xrf,sn,vibrant,as is,,ppm,46.0,1,0.0,0.0,,,0.0,0.0,0.0,0.0,(b5)d665,provisional,,,,,,not_applicable_n_out_of_range,not_calculated,ROUT not implemented from scratch during MVP per handoff guardrails; no trusted existing implementation wired up yet.
1732,40,35,almond branches,xrf,th,vibrant,as is,,ppm,46.0,1,66.0,66.0,,,66.0,66.0,0.0,66.0,(b5)dbf8,provisional,,,,,,not_applicable_n_out_of_range,not_calculated,ROUT not implemented from scratch during MVP per handoff guardrails; no trusted existing implementation wired up yet.
1733,40,35,almond branches,xrf,as,vibrant,as is,,ppm,46.0,1,0.0,0.0,,,0.0,0.0,0.0,0.0,(b5)e102,provisional,,,,,,not_applicable_n_out_of_range,not_calculated,ROUT not implemented from scratch during MVP per handoff guardrails; no trusted existing implementation wired up yet.
1734,40,35,almond branches,xrf,hg,vibrant,as is,,ppm,46.0,1,0.0,0.0,,,0.0,0.0,0.0,0.0,(b5)e902,provisional,,,,,,not_applicable_n_out_of_range,not_calculated,ROUT not implemented from scratch during MVP per handoff guardrails; no trusted existing implementation wired up yet.
1735,40,35,almond branches,xrf,nb,vibrant,as is,,ppm,46.0,1,0.0,0.0,,,0.0,0.0,0.0,0.0,(b5)eb3c,provisional,,,,,,not_applicable_n_out_of_range,not_calculated,ROUT not implemented from scratch during MVP per handoff guardrails; no trusted existing implementation wired up yet.
1736,40,35,almond branches,xrf,cd,vibrant,as is,,ppm,46.0,1,0.0,0.0,,,0.0,0.0,0.0,0.0,(b5)f7e9,provisional,,,,,,not_applicable_n_out_of_range,not_calculated,ROUT not implemented from scratch during MVP per handoff guardrails; no trusted existing implementation wired up yet.
1737,40,35,almond branches,xrf,bi,vibrant,as is,,ppm,46.0,1,0.0,0.0,,,0.0,0.0,0.0,0.0,(b5)fe59,provisional,,,,,,not_applicable_n_out_of_range,not_calculated,ROUT not implemented from scratch during MVP per handoff guardrails; no trusted existing implementation wired up yet.
1738,40,35,almond branches,xrf,ca,vibrant,as is,,ppm,46.0,1,9940.0,9940.0,,,9940.0,9940.0,0.0,9940.0,(b5)fec1,provisional,,,,,,not_applicable_n_out_of_range,not_calculated,ROUT not implemented from scratch during MVP per handoff guardrails; no trusted existing implementation wired up yet.
1739,40,35,almond branches,xrf,w,vibrant,as is,,ppm,46.0,1,0.0,0.0,,,0.0,0.0,0.0,0.0,(b5)ffcd,provisional,,,,,,not_applicable_n_out_of_range,not_calculated,ROUT not implemented from scratch during MVP per handoff guardrails; no trusted existing implementation wired up yet.
1740,154,25,almond hulls,xrf,si,capstan,knife mill (2mm),,ppm,47.0,3,2186.6666666666665,2200.0,23.09401076758503,1.056128541200535,2160.0,2200.0,40.0,"2200.0,2160.0,2200.0","(b7)0cb2,(b7)d340,(b7)e3c3",pass,False,False,1.0,(b7)d340,True,calculated,not_calculated,ROUT not implemented from scratch during MVP per handoff guardrails; no trusted existing implementation wired up yet.
1741,154,25,almond hulls,xrf,zn,capstan,knife mill (2mm),,ppm,47.0,3,15.0,15.0,1.0,6.666666666666667,14.0,16.0,2.0,"15.0,16.0,14.0","(b7)0fed,(b7)81fe,(b7)fb82",pass,False,False,0.5,(b7)fb82,False,calculated,not_calculated,ROUT not implemented from scratch during MVP per handoff guardrails; no trusted existing implementation wired up yet.
1742,154,25,almond hulls,xrf,fe,capstan,knife mill (2mm),,ppm,47.0,3,230.66666666666663,228.0,7.371114795831994,3.195569998193061,225.0,239.0,14.0,"225.0,239.0,228.0","(b7)1333,(b7)479c,(b7)bc80",pass,False,False,0.7857142857142857,(b7)479c,False,calculated,not_calculated,ROUT not implemented from scratch during MVP per handoff guardrails; no trusted existing implementation wired up yet.
1743,154,25,almond hulls,xrf,cu,capstan,knife mill (2mm),,ppm,47.0,3,13.333333333333334,13.0,2.516611478423584,18.87458608817688,11.0,16.0,5.0,"13.0,11.0,16.0","(b7)1cd7,(b7)8304,(b7)86a3",pass,True,False,0.6,(b7)86a3,False,calculated,not_calculated,ROUT not implemented from scratch during MVP per handoff guardrails; no trusted existing implementation wired up yet.
1744,154,25,almond hulls,xrf,ca,capstan,knife mill (2mm),,ppm,47.0,3,2716.6666666666665,2710.0,60.277137733417085,2.2187903460153526,2660.0,2780.0,120.0,"2660.0,2780.0,2710.0","(b7)2362,(b7)7a43,(b7)8fcb",pass,False,False,0.5833333333333334,(b7)7a43,False,calculated,not_calculated,ROUT not implemented from scratch during MVP per handoff guardrails; no trusted existing implementation wired up yet.
1745,154,25,almond hulls,xrf,p,capstan,knife mill (2mm),,ppm,47.0,3,922.6666666666666,907.0,27.13546265191241,2.940982223834437,907.0,954.0,47.0,"907.0,907.0,954.0","(b7)2a0d,(b7)4e5c,(b7)e81c",pass,False,False,1.0,(b7)e81c,True,calculated,not_calculated,ROUT not implemented from scratch during MVP per handoff guardrails; no trusted existing implementation wired up yet.
1746,154,25,almond hulls,xrf,s,capstan,knife mill (2mm),,ppm,47.0,3,232.66666666666663,227.0,15.307950004273378,6.579348139372512,221.0,250.0,29.0,"250.0,227.0,221.0","(b7)2c0b,(b7)ad04,(b7)c84c",pass,False,False,0.7931034482758621,(b7)2c0b,False,calculated,not_calculated,ROUT not implemented from scratch during MVP per handoff guardrails; no trusted existing implementation wired up yet.
1747,154,25,almond hulls,xrf,mn,capstan,knife mill (2mm),,ppm,47.0,3,33.666666666666664,33.0,2.0816659994661326,6.183166335047919,32.0,36.0,4.0,"33.0,36.0,32.0","(b7)30f5,(b7)6342,(b7)8674",pass,False,False,0.75,(b7)6342,False,calculated,not_calculated,ROUT not implemented from scratch during MVP per handoff guardrails; no trusted existing implementation wired up yet.
1748,154,25,almond hulls,xrf,mo,capstan,knife mill (2mm),,ppm,47.0,2,4.5,4.5,0.7071067811865476,15.713484026367723,4.0,5.0,1.0,"4.0,5.0","(b7)35ae,(b7)9b02",pass,True,False,,,,not_applicable_n_out_of_range,not_calculated,ROUT not implemented from scratch during MVP per handoff guardrails; no trusted existing implementation wired up yet.
1749,154,25,almond hulls,xrf,th,capstan,knife mill (2mm),,ppm,47.0,3,43.333333333333336,42.0,3.214550253664318,7.418192893071502,41.0,47.0,6.0,"42.0,47.0,41.0","(b7)37fe,(b7)e433,(b7)f93c",pass,False,False,0.8333333333333334,(b7)e433,False,calculated,not_calculated,ROUT not implemented from scratch during MVP per handoff guardrails; no trusted existing implementation wired up yet.
1750,154,25,almond hulls,xrf,rb,capstan,knife mill (2mm),,ppm,47.0,3,24.33333333333333,24.0,0.5773502691896258,2.3726723391354487,24.0,25.0,1.0,"24.0,25.0,24.0","(b7)4cd4,(b7)c595,(b7)ece7",pass,False,False,1.0,(b7)c595,True,calculated,not_calculated,ROUT not implemented from scratch during MVP per handoff guardrails; no trusted existing implementation wired up yet.
1751,154,25,almond hulls,xrf,pr,capstan,knife mill (2mm),,ppm,47.0,1,51.0,51.0,,,51.0,51.0,0.0,51.0,(b7)51eb,fail,,,,,,not_applicable_n_out_of_range,not_calculated,ROUT not implemented from scratch during MVP per handoff guardrails; no trusted existing implementation wired up yet.
1752,154,25,almond hulls,xrf,u,capstan,knife mill (2mm),,ppm,47.0,3,14.0,14.0,1.0,7.142857142857142,13.0,15.0,2.0,"15.0,13.0,14.0","(b7)58c0,(b7)9cae,(b7)cf35",pass,False,False,0.5,(b7)9cae,False,calculated,not_calculated,ROUT not implemented from scratch during MVP per handoff guardrails; no trusted existing implementation wired up yet.
1753,154,25,almond hulls,xrf,sr,capstan,knife mill (2mm),,ppm,47.0,3,13.0,13.0,1.0,7.6923076923076925,12.0,14.0,2.0,"13.0,12.0,14.0","(b7)6aa0,(b7)a876,(b7)e808",pass,False,False,0.5,(b7)a876,False,calculated,not_calculated,ROUT not implemented from scratch during MVP per handoff guardrails; no trusted existing implementation wired up yet.
1754,154,25,almond hulls,xrf,ba,capstan,knife mill (2mm),,ppm,47.0,2,23.5,23.5,0.7071067811865476,3.0089650263257344,23.0,24.0,1.0,"23.0,24.0","(b7)9f1b,(b7)b12a",pass,False,False,,,,not_applicable_n_out_of_range,not_calculated,ROUT not implemented from scratch during MVP per handoff guardrails; no trusted existing implementation wired up yet.
1755,154,25,almond hulls,xrf,nd,capstan,knife mill (2mm),,ppm,47.0,1,131.0,131.0,,,131.0,131.0,0.0,131.0,(b7)a384,fail,,,,,,not_applicable_n_out_of_range,not_calculated,ROUT not implemented from scratch during MVP per handoff guardrails; no trusted existing implementation wired up yet.
1756,154,25,almond hulls,xrf,k,capstan,knife mill (2mm),,ppm,47.0,3,28666.666666666668,28700.0,57.735026918962575,0.2014012566940554,28600.0,28700.0,100.0,"28700.0,28700.0,28600.0","(b7)ad58,(b7)bb50,(b7)ea76",pass,False,False,1.0,(b7)ea76,True,calculated,not_calculated,ROUT not implemented from scratch during MVP per handoff guardrails; no trusted existing implementation wired up yet.
1757,154,25,almond hulls,xrf,pb,capstan,knife mill (2mm),,ppm,47.0,1,3.0,3.0,,,3.0,3.0,0.0,3.0,(b7)e10a,fail,,,,,,not_applicable_n_out_of_range,not_calculated,ROUT not implemented from scratch during MVP per handoff guardrails; no trusted existing implementation wired up yet.
1758,79,5,alfalfa,xrf,fe,possessive,knife mill (2mm),,ppm,47.0,3,376.6666666666667,376.0,20.008331597945222,5.311946441932361,357.0,397.0,40.0,"357.0,376.0,397.0","(b8)007a,(b8)7790,(b8)7fa1",pass,False,False,0.525,(b8)7fa1,False,calculated,not_calculated,ROUT not implemented from scratch during MVP per handoff guardrails; no trusted existing implementation wired up yet.
1759,79,5,alfalfa,xrf,si,possessive,knife mill (2mm),,ppm,47.0,3,3656.6666666666665,3450.0,393.1072796748152,10.750426973787109,3410.0,4110.0,700.0,"3450.0,4110.0,3410.0","(b8)0440,(b8)9ee9,(b8)e5e9",pass,True,False,0.9428571428571428,(b8)9ee9,False,calculated,not_calculated,ROUT not implemented from scratch during MVP per handoff guardrails; no trusted existing implementation wired up yet.
1760,79,5,alfalfa,xrf,rb,possessive,knife mill (2mm),,ppm,47.0,3,54.66666666666666,55.0,0.5773502691896258,1.0561285412005352,54.0,55.0,1.0,"54.0,55.0,55.0","(b8)06c3,(b8)0ebf,(b8)9ba3",pass,False,False,1.0,(b8)06c3,True,calculated,not_calculated,ROUT not implemented from scratch during MVP per handoff guardrails; no trusted existing implementation wired up yet.
1761,79,5,alfalfa,xrf,th,possessive,knife mill (2mm),,ppm,47.0,3,65.0,64.0,4.58257569495584,7.050116453778216,61.0,70.0,9.0,"64.0,61.0,70.0","(b8)0988,(b8)5bad,(b8)9d48",pass,False,False,0.6666666666666666,(b8)9d48,False,calculated,not_calculated,ROUT not implemented from scratch during MVP per handoff guardrails; no trusted existing implementation wired up yet.
1762,79,5,alfalfa,xrf,zn,possessive,knife mill (2mm),,ppm,47.0,3,45.66666666666666,45.0,1.1547005383792517,2.528541324918069,45.0,47.0,2.0,"47.0,45.0,45.0","(b8)0a91,(b8)5cbc,(b8)b3df",pass,False,False,1.0,(b8)0a91,True,calculated,not_calculated,ROUT not implemented from scratch during MVP per handoff guardrails; no trusted existing implementation wired up yet.
1763,79,5,alfalfa,xrf,s,possessive,knife mill (2mm),,ppm,47.0,3,4526.666666666667,4630.0,205.5075018906447,4.539930085949441,4290.0,4660.0,370.0,"4660.0,4630.0,4290.0","(b8)1248,(b8)19d4,(b8)d196",pass,False,False,0.918918918918919,(b8)d196,False,calculated,not_calculated,ROUT not implemented from scratch during MVP per handoff guardrails; no trusted existing implementation wired up yet.
1764,79,5,alfalfa,xrf,pr,possessive,knife mill (2mm),,ppm,47.0,1,79.0,79.0,,,79.0,79.0,0.0,79.0,(b8)17e5,fail,,,,,,not_applicable_n_out_of_range,not_calculated,ROUT not implemented from scratch during MVP per handoff guardrails; no trusted existing implementation wired up yet.
1765,79,5,alfalfa,xrf,ba,possessive,knife mill (2mm),,ppm,47.0,3,23.33333333333333,24.0,4.041451884327381,17.320508075688775,19.0,27.0,8.0,"24.0,19.0,27.0","(b8)1fae,(b8)7489,(b8)c11e",pass,True,False,0.625,(b8)7489,False,calculated,not_calculated,ROUT not implemented from scratch during MVP per handoff guardrails; no trusted existing implementation wired up yet.
1766,79,5,alfalfa,xrf,cu,possessive,knife mill (2mm),,ppm,47.0,3,25.666666666666668,27.0,3.2145502536643185,12.52422176752332,22.0,28.0,6.0,"28.0,27.0,22.0","(b8)2dc2,(b8)a1e8,(b8)b956",pass,True,False,0.8333333333333334,(b8)b956,False,calculated,not_calculated,ROUT not implemented from scratch during MVP per handoff guardrails; no trusted existing implementation wired up yet.
1767,79,5,alfalfa,xrf,ce,possessive,knife mill (2mm),,ppm,47.0,1,48.0,48.0,,,48.0,48.0,0.0,48.0,(b8)2e09,fail,,,,,,not_applicable_n_out_of_range,not_calculated,ROUT not implemented from scratch during MVP per handoff guardrails; no trusted existing implementation wired up yet.
1768,79,5,alfalfa,xrf,mo,possessive,knife mill (2mm),,ppm,47.0,2,7.0,7.0,1.4142135623730951,20.203050891044217,6.0,8.0,2.0,"8.0,6.0","(b8)350e,(b8)3c73",pass,True,True,,,,not_applicable_n_out_of_range,not_calculated,ROUT not implemented from scratch during MVP per handoff guardrails; no trusted existing implementation wired up yet.
1769,79,5,alfalfa,xrf,k,possessive,knife mill (2mm),,ppm,47.0,3,12766.666666666666,12800.0,57.735026918962575,0.452232586832605,12700.0,12800.0,100.0,"12800.0,12800.0,12700.0","(b8)3eb9,(b8)5ea6,(b8)6c14",pass,False,False,1.0,(b8)6c14,True,calculated,not_calculated,ROUT not implemented from scratch during MVP per handoff guardrails; no trusted existing implementation wired up yet.
1770,79,5,alfalfa,xrf,u,possessive,knife mill (2mm),,ppm,47.0,3,22.666666666666668,23.0,0.5773502691896258,2.547133540542467,22.0,23.0,1.0,"22.0,23.0,23.0","(b8)3ec9,(b8)4742,(b8)e0c0",pass,False,False,1.0,(b8)3ec9,True,calculated,not_calculated,ROUT not implemented from scratch during MVP per handoff guardrails; no trusted existing implementation wired up yet.
1771,79,5,alfalfa,xrf,ti,possessive,knife mill (2mm),,ppm,47.0,2,244.0,244.0,8.48528137423857,3.4775743337043314,238.0,250.0,12.0,"238.0,250.0","(b8)40b7,(b8)560e",pass,False,False,,,,not_applicable_n_out_of_range,not_calculated,ROUT not implemented from scratch during MVP per handoff guardrails; no trusted existing implementation wired up yet.
1772,79,5,alfalfa,xrf,p,possessive,knife mill (2mm),,ppm,47.0,3,3403.333333333333,3450.0,184.48125469362284,5.420604937128977,3200.0,3560.0,360.0,"3450.0,3200.0,3560.0","(b8)4955,(b8)c943,(b8)caa4",pass,False,False,0.6944444444444444,(b8)c943,False,calculated,not_calculated,ROUT not implemented from scratch during MVP per handoff guardrails; no trusted existing implementation wired up yet.
1773,79,5,alfalfa,xrf,nd,possessive,knife mill (2mm),,ppm,47.0,1,73.0,73.0,,,73.0,73.0,0.0,73.0,(b8)4f4c,fail,,,,,,not_applicable_n_out_of_range,not_calculated,ROUT not implemented from scratch during MVP per handoff guardrails; no trusted existing implementation wired up yet.
1774,79,5,alfalfa,xrf,mg,possessive,knife mill (2mm),,ppm,47.0,3,11443.333333333334,12200.0,1854.624849756234,16.207033350622492,9330.0,12800.0,3470.0,"9330.0,12200.0,12800.0","(b8)5862,(b8)606a,(b8)b2bf",pass,True,False,0.8270893371757925,(b8)5862,False,calculated,not_calculated,ROUT not implemented from scratch during MVP per handoff guardrails; no trusted existing implementation wired up yet.
1775,79,5,alfalfa,xrf,al,possessive,knife mill (2mm),,ppm,47.0,3,1366.6666666666667,1320.0,174.7378989610821,12.785699923981616,1220.0,1560.0,340.0,"1220.0,1320.0,1560.0","(b8)62d8,(b8)9254,(b8)dff0",pass,True,False,0.7058823529411765,(b8)dff0,False,calculated,not_calculated,ROUT not implemented from scratch during MVP per handoff guardrails; no trusted existing implementation wired up yet.
1776,79,5,alfalfa,xrf,sr,possessive,knife mill (2mm),,ppm,47.0,3,119.66666666666669,120.0,2.516611478423583,2.103017948543384,117.0,122.0,5.0,"122.0,117.0,120.0","(b8)71e0,(b8)c86b,(b8)fe91",pass,False,False,0.6,(b8)c86b,False,calculated,not_calculated,ROUT not implemented from scratch during MVP per handoff guardrails; no trusted existing implementation wired up yet.
1777,79,5,alfalfa,xrf,pb,possessive,knife mill (2mm),,ppm,47.0,3,6.0,5.0,1.7320508075688772,28.867513459481287,5.0,8.0,3.0,"5.0,8.0,5.0","(b8)8129,(b8)94d2,(b8)b5d1",pass,True,True,1.0,(b8)94d2,True,calculated,not_calculated,ROUT not implemented from scratch during MVP per handoff guardrails; no trusted existing implementation wired up yet.
1778,79,5,alfalfa,xrf,ca,possessive,knife mill (2mm),,ppm,47.0,3,24600.0,24700.0,556.7764362830022,2.2633188466788705,24000.0,25100.0,1100.0,"24700.0,24000.0,25100.0","(b8)8b97,(b8)acd9,(b8)b127",pass,False,False,0.6363636363636364,(b8)acd9,False,calculated,not_calculated,ROUT not implemented from scratch during MVP per handoff guardrails; no trusted existing implementation wired up yet.
1779,79,5,alfalfa,xrf,la,possessive,knife mill (2mm),,ppm,47.0,2,37.0,37.0,2.8284271247461903,7.644397634449163,35.0,39.0,4.0,"35.0,39.0","(b8)cfcd,(b8)f400",pass,False,False,,,,not_applicable_n_out_of_range,not_calculated,ROUT not implemented from scratch during MVP per handoff guardrails; no trusted existing implementation wired up yet.
1780,79,5,alfalfa,xrf,mn,possessive,knife mill (2mm),,ppm,47.0,3,76.66666666666667,78.0,16.041612554021285,20.92384246176689,60.0,92.0,32.0,"60.0,92.0,78.0","(b8)deb4,(b8)f752,(b8)f769",pass,True,True,0.5625,(b8)deb4,False,calculated,not_calculated,ROUT not implemented from scratch during MVP per handoff guardrails; no trusted existing implementation wired up yet.
1781,79,5,alfalfa,xrf,w,possessive,knife mill (2mm),,ppm,47.0,1,117.0,117.0,,,117.0,117.0,0.0,117.0,(b8)ee31,fail,,,,,,not_applicable_n_out_of_range,not_calculated,ROUT not implemented from scratch during MVP per handoff guardrails; no trusted existing implementation wired up yet.
1782,164,32,olive pomace,xrf,k,excellent,oven dry + knife mill (2mm),,ppm,47.0,3,35700.0,35700.0,100.0,0.2801120448179272,35600.0,35800.0,200.0,"35600.0,35700.0,35800.0","(ba)0081,(ba)2010,(ba)abb8",pass,False,False,0.5,(ba)0081,False,calculated,not_calculated,ROUT not implemented from scratch during MVP per handoff guardrails; no trusted existing implementation wired up yet.
1783,164,32,olive pomace,xrf,s,excellent,oven dry + knife mill (2mm),,ppm,47.0,3,1843.3333333333333,1850.0,11.547005383792516,0.6264198219055614,1830.0,1850.0,20.0,"1850.0,1830.0,1850.0","(ba)0261,(ba)d20c,(ba)e714",pass,False,False,1.0,(ba)d20c,True,calculated,not_calculated,ROUT not implemented from scratch during MVP per handoff guardrails; no trusted existing implementation wired up yet.
1784,164,32,olive pomace,xrf,zn,excellent,oven dry + knife mill (2mm),,ppm,47.0,3,31.33333333333333,31.0,1.5275252316519463,4.875080526548765,30.0,33.0,3.0,"31.0,33.0,30.0","(ba)08d2,(ba)3796,(ba)fc66",pass,False,False,0.6666666666666666,(ba)3796,False,calculated,not_calculated,ROUT not implemented from scratch during MVP per handoff guardrails; no trusted existing implementation wired up yet.
1785,164,32,olive pomace,xrf,fe,excellent,oven dry + knife mill (2mm),,ppm,47.0,3,351.6666666666667,349.0,5.507570547286102,1.5661338049154792,348.0,358.0,10.0,"348.0,349.0,358.0","(ba)08dc,(ba)37b0,(ba)7eea",pass,False,False,0.9,(ba)7eea,False,calculated,not_calculated,ROUT not implemented from scratch during MVP per handoff guardrails; no trusted existing implementation wired up yet.
1786,164,32,olive pomace,xrf,ca,excellent,oven dry + knife mill (2mm),,ppm,47.0,3,2960.0,2960.0,20.0,0.6756756756756757,2940.0,2980.0,40.0,"2980.0,2940.0,2960.0","(ba)1832,(ba)a7dd,(ba)d0df",pass,False,False,0.5,(ba)a7dd,False,calculated,not_calculated,ROUT not implemented from scratch during MVP per handoff guardrails; no trusted existing implementation wired up yet.
1787,164,32,olive pomace,xrf,cu,excellent,oven dry + knife mill (2mm),,ppm,47.0,3,35.666666666666664,36.0,0.5773502691896258,1.6187390724942785,35.0,36.0,1.0,"36.0,36.0,35.0","(ba)200e,(ba)986c,(ba)d0cb",pass,False,False,1.0,(ba)d0cb,True,calculated,not_calculated,ROUT not implemented from scratch during MVP per handoff guardrails; no trusted existing implementation wired up yet.
1788,164,32,olive pomace,xrf,mn,excellent,oven dry + knife mill (2mm),,ppm,47.0,3,38.333333333333336,39.0,9.018499505645789,23.526520449510752,29.0,47.0,18.0,"29.0,47.0,39.0","(ba)272e,(ba)3dc6,(ba)8565",pass,True,True,0.5555555555555556,(ba)272e,False,calculated,not_calculated,ROUT not implemented from scratch during MVP per handoff guardrails; no trusted existing implementation wired up yet.
1789,164,32,olive pomace,xrf,u,excellent,oven dry + knife mill (2mm),,ppm,47.0,3,10.333333333333334,10.0,0.5773502691896257,5.587260669577023,10.0,11.0,1.0,"11.0,10.0,10.0","(ba)2d78,(ba)a48c,(ba)c2d2",pass,False,False,1.0,(ba)2d78,True,calculated,not_calculated,ROUT not implemented from scratch during MVP per handoff guardrails; no trusted existing implementation wired up yet.
1790,164,32,olive pomace,xrf,th,excellent,oven dry + knife mill (2mm),,ppm,47.0,3,29.666666666666668,30.0,3.5118845842842465,11.837813205452516,26.0,33.0,7.0,"26.0,33.0,30.0","(ba)2f0b,(ba)418b,(ba)7ee4",pass,True,False,0.5714285714285714,(ba)2f0b,False,calculated,not_calculated,ROUT not implemented from scratch during MVP per handoff guardrails; no trusted existing implementation wired up yet.
1791,164,32,olive pomace,xrf,sr,excellent,oven dry + knife mill (2mm),,ppm,47.0,3,14.666666666666666,15.0,0.5773502691896257,3.936479108111085,14.0,15.0,1.0,"15.0,15.0,14.0","(ba)440c,(ba)8c78,(ba)b832",pass,False,False,1.0,(ba)b832,True,calculated,not_calculated,ROUT not implemented from scratch during MVP per handoff guardrails; no trusted existing implementation wired up yet.
1792,164,32,olive pomace,xrf,nd,excellent,oven dry + knife mill (2mm),,ppm,47.0,1,127.0,127.0,,,127.0,127.0,0.0,127.0,(ba)4c81,fail,,,,,,not_applicable_n_out_of_range,not_calculated,ROUT not implemented from scratch during MVP per handoff guardrails; no trusted existing implementation wired up yet.
1793,164,32,olive pomace,xrf,pr,excellent,oven dry + knife mill (2mm),,ppm,47.0,2,99.5,99.5,24.748737341529164,24.87310285580821,82.0,117.0,35.0,"82.0,117.0","(ba)607e,(ba)d2ed",pass,True,True,,,,not_applicable_n_out_of_range,not_calculated,ROUT not implemented from scratch during MVP per handoff guardrails; no trusted existing implementation wired up yet.
1794,164,32,olive pomace,xrf,mg,excellent,oven dry + knife mill (2mm),,ppm,47.0,3,8093.333333333333,7820.0,2580.8784034381265,31.88894238185494,5660.0,10800.0,5140.0,"5660.0,10800.0,7820.0","(ba)7703,(ba)9588,(ba)c244",pass,True,True,0.5797665369649806,(ba)9588,False,calculated,not_calculated,ROUT not implemented from scratch during MVP per handoff guardrails; no trusted existing implementation wired up yet.
1795,164,32,olive pomace,xrf,p,excellent,oven dry + knife mill (2mm),,ppm,47.0,3,3166.6666666666665,3180.0,41.63331998932266,1.3147364207154524,3120.0,3200.0,80.0,"3200.0,3120.0,3180.0","(ba)7b5d,(ba)9088,(ba)b9e1",pass,False,False,0.75,(ba)9088,False,calculated,not_calculated,ROUT not implemented from scratch during MVP per handoff guardrails; no trusted existing implementation wired up yet.
1796,164,32,olive pomace,xrf,ba,excellent,oven dry + knife mill (2mm),,ppm,47.0,1,34.0,34.0,,,34.0,34.0,0.0,34.0,(ba)86e1,fail,,,,,,not_applicable_n_out_of_range,not_calculated,ROUT not implemented from scratch during MVP per handoff guardrails; no trusted existing implementation wired up yet.
1797,164,32,olive pomace,xrf,si,excellent,oven dry + knife mill (2mm),,ppm,47.0,3,7120.0,7110.0,17.320508075688775,0.2432655628607974,7110.0,7140.0,30.0,"7140.0,7110.0,7110.0","(ba)8d27,(ba)b95d,(ba)eb0a",pass,False,False,1.0,(ba)8d27,True,calculated,not_calculated,ROUT not implemented from scratch during MVP per handoff guardrails; no trusted existing implementation wired up yet.
1798,164,32,olive pomace,xrf,rb,excellent,oven dry + knife mill (2mm),,ppm,47.0,3,38.333333333333336,38.0,0.5773502691896258,1.5061311370164152,38.0,39.0,1.0,"38.0,39.0,38.0","(ba)94a3,(ba)a279,(ba)ade5",pass,False,False,1.0,(ba)a279,True,calculated,not_calculated,ROUT not implemented from scratch during MVP per handoff guardrails; no trusted existing implementation wired up yet.
1799,164,32,olive pomace,xrf,ce,excellent,oven dry + knife mill (2mm),,ppm,47.0,2,67.5,67.5,20.50609665440988,30.379402450977597,53.0,82.0,29.0,"82.0,53.0","(ba)eb4f,(ba)f494",pass,True,True,,,,not_applicable_n_out_of_range,not_calculated,ROUT not implemented from scratch during MVP per handoff guardrails; no trusted existing implementation wired up yet.
1800,124,26,spent oak chips,xrf,k,rigging,oven dry + knife mill (2mm),,ppm,47.0,3,11300.0,11300.0,100.0,0.8849557522123894,11200.0,11400.0,200.0,"11400.0,11200.0,11300.0","(bc)08ae,(bc)6562,(bc)8a70",pass,False,False,0.5,(bc)6562,False,calculated,not_calculated,ROUT not implemented from scratch during MVP per handoff guardrails; no trusted existing implementation wired up yet.
1801,124,26,spent oak chips,xrf,s,rigging,oven dry + knife mill (2mm),,ppm,47.0,3,2300.0,2300.0,40.0,1.7391304347826086,2260.0,2340.0,80.0,"2260.0,2300.0,2340.0","(bc)19cb,(bc)40ae,(bc)5d08",pass,False,False,0.5,(bc)19cb,False,calculated,not_calculated,ROUT not implemented from scratch during MVP per handoff guardrails; no trusted existing implementation wired up yet.
1802,124,26,spent oak chips,xrf,mn,rigging,oven dry + knife mill (2mm),,ppm,47.0,3,40.0,39.0,12.529964086141668,31.32491021535417,28.0,53.0,25.0,"53.0,39.0,28.0","(bc)1c20,(bc)614a,(bc)8b3d",pass,True,True,0.56,(bc)1c20,False,calculated,not_calculated,ROUT not implemented from scratch during MVP per handoff guardrails; no trusted existing implementation wired up yet.
1803,124,26,spent oak chips,xrf,pb,rigging,oven dry + knife mill (2mm),,ppm,47.0,2,3.5,3.5,0.7071067811865476,20.203050891044217,3.0,4.0,1.0,"3.0,4.0","(bc)246b,(bc)a577",pass,True,True,,,,not_applicable_n_out_of_range,not_calculated,ROUT not implemented from scratch during MVP per handoff guardrails; no trusted existing implementation wired up yet.
1804,124,26,spent oak chips,xrf,ba,rigging,oven dry + knife mill (2mm),,ppm,47.0,3,20.0,21.0,2.6457513110645907,13.228756555322954,17.0,22.0,5.0,"21.0,17.0,22.0","(bc)262e,(bc)4fa7,(bc)643a",pass,True,False,0.8,(bc)4fa7,False,calculated,not_calculated,ROUT not implemented from scratch during MVP per handoff guardrails; no trusted existing implementation wired up yet.
1805,124,26,spent oak chips,xrf,la,rigging,oven dry + knife mill (2mm),,ppm,47.0,2,35.0,35.0,5.656854249492381,16.162440712835373,31.0,39.0,8.0,"31.0,39.0","(bc)2dd6,(bc)2e19",pass,True,False,,,,not_applicable_n_out_of_range,not_calculated,ROUT not implemented from scratch during MVP per handoff guardrails; no trusted existing implementation wired up yet.
1806,124,26,spent oak chips,xrf,si,rigging,oven dry + knife mill (2mm),,ppm,47.0,3,571.6666666666666,548.0,126.17580327992104,22.071569086866656,459.0,708.0,249.0,"459.0,548.0,708.0","(bc)45a2,(bc)4f9d,(bc)7210",pass,True,True,0.642570281124498,(bc)7210,False,calculated,not_calculated,ROUT not implemented from scratch during MVP per handoff guardrails; no trusted existing implementation wired up yet.
1807,124,26,spent oak chips,xrf,u,rigging,oven dry + knife mill (2mm),,ppm,47.0,3,21.0,21.0,1.0,4.761904761904762,20.0,22.0,2.0,"20.0,22.0,21.0","(bc)4833,(bc)6dfc,(bc)f6ff",pass,False,False,0.5,(bc)4833,False,calculated,not_calculated,ROUT not implemented from scratch during MVP per handoff guardrails; no trusted existing implementation wired up yet.
1808,124,26,spent oak chips,xrf,th,rigging,oven dry + knife mill (2mm),,ppm,47.0,3,66.33333333333333,65.0,5.131601439446884,7.736082572030479,62.0,72.0,10.0,"72.0,65.0,62.0","(bc)4aba,(bc)554b,(bc)82f6",pass,False,False,0.7,(bc)4aba,False,calculated,not_calculated,ROUT not implemented from scratch during MVP per handoff guardrails; no trusted existing implementation wired up yet.
1809,124,26,spent oak chips,xrf,ca,rigging,oven dry + knife mill (2mm),,ppm,47.0,3,930.6666666666666,920.0,34.26854728950927,3.682150496723776,903.0,969.0,66.0,"920.0,903.0,969.0","(bc)5f09,(bc)b542,(bc)c509",pass,False,False,0.7424242424242424,(bc)c509,False,calculated,not_calculated,ROUT not implemented from scratch during MVP per handoff guardrails; no trusted existing implementation wired up yet.
1810,124,26,spent oak chips,xrf,cu,rigging,oven dry + knife mill (2mm),,ppm,47.0,3,10.666666666666666,11.0,1.5275252316519468,14.320549046737002,9.0,12.0,3.0,"12.0,9.0,11.0","(bc)7131,(bc)d30c,(bc)e748",pass,True,False,0.6666666666666666,(bc)d30c,False,calculated,not_calculated,ROUT not implemented from scratch during MVP per handoff guardrails; no trusted existing implementation wired up yet.
1811,124,26,spent oak chips,xrf,rb,rigging,oven dry + knife mill (2mm),,ppm,47.0,3,10.666666666666666,11.0,0.5773502691896257,5.412658773652741,10.0,11.0,1.0,"11.0,11.0,10.0","(bc)7dbc,(bc)8881,(bc)a5c5",pass,False,False,1.0,(bc)a5c5,True,calculated,not_calculated,ROUT not implemented from scratch during MVP per handoff guardrails; no trusted existing implementation wired up yet.
1812,124,26,spent oak chips,xrf,sr,rigging,oven dry + knife mill (2mm),,ppm,47.0,3,3.333333333333333,4.0,1.1547005383792517,34.64101615137754,2.0,4.0,2.0,"4.0,2.0,4.0","(bc)84c7,(bc)a7af,(bc)bda1",pass,True,True,1.0,(bc)a7af,True,calculated,not_calculated,ROUT not implemented from scratch during MVP per handoff guardrails; no trusted existing implementation wired up yet.
1813,124,26,spent oak chips,xrf,fe,rigging,oven dry + knife mill (2mm),,ppm,47.0,3,113.33333333333331,118.0,10.785793124908958,9.516876286684376,101.0,121.0,20.0,"121.0,101.0,118.0","(bc)90fe,(bc)9af2,(bc)cd62",pass,False,False,0.85,(bc)9af2,False,calculated,not_calculated,ROUT not implemented from scratch during MVP per handoff guardrails; no trusted existing implementation wired up yet.
1814,124,26,spent oak chips,xrf,mo,rigging,oven dry + knife mill (2mm),,ppm,47.0,1,5.0,5.0,,,5.0,5.0,0.0,5.0,(bc)9bc8,fail,,,,,,not_applicable_n_out_of_range,not_calculated,ROUT not implemented from scratch during MVP per handoff guardrails; no trusted existing implementation wired up yet.
1815,124,26,spent oak chips,xrf,ti,rigging,oven dry + knife mill (2mm),,ppm,47.0,1,244.0,244.0,,,244.0,244.0,0.0,244.0,(bc)ad7a,fail,,,,,,not_applicable_n_out_of_range,not_calculated,ROUT not implemented from scratch during MVP per handoff guardrails; no trusted existing implementation wired up yet.
1816,124,26,spent oak chips,xrf,p,rigging,oven dry + knife mill (2mm),,ppm,47.0,3,447.0,453.0,20.663978319771825,4.622813941783406,424.0,464.0,40.0,"424.0,453.0,464.0","(bc)b420,(bc)d0e7,(bc)d797",pass,False,False,0.725,(bc)b420,False,calculated,not_calculated,ROUT not implemented from scratch during MVP per handoff guardrails; no trusted existing implementation wired up yet.
1817,124,26,spent oak chips,xrf,zn,rigging,oven dry + knife mill (2mm),,ppm,47.0,3,8.0,8.0,1.0,12.5,7.0,9.0,2.0,"8.0,7.0,9.0","(bc)b723,(bc)f2df,(bc)f816",pass,True,False,0.5,(bc)f2df,False,calculated,not_calculated,ROUT not implemented from scratch during MVP per handoff guardrails; no trusted existing implementation wired up yet.
1818,124,26,spent oak chips,xrf,co,rigging,oven dry + knife mill (2mm),,ppm,47.0,1,9.0,9.0,,,9.0,9.0,0.0,9.0,(bc)d6f6,fail,,,,,,not_applicable_n_out_of_range,not_calculated,ROUT not implemented from scratch during MVP per handoff guardrails; no trusted existing implementation wired up yet.
1819,156,4,corn stover whole,xrf,zn,possessive,knife mill (2mm),,ppm,47.0,3,111.66666666666669,112.0,3.511884584284246,3.14497126950828,108.0,115.0,7.0,"108.0,115.0,112.0","(be)00cc,(be)3af1,(be)c08e",pass,False,False,0.5714285714285714,(be)00cc,False,calculated,not_calculated,ROUT not implemented from scratch during MVP per handoff guardrails; no trusted existing implementation wired up yet.
1820,156,4,corn stover whole,xrf,nd,possessive,knife mill (2mm),,ppm,47.0,3,94.66666666666669,94.0,25.00666577801473,26.41549201902965,70.0,120.0,50.0,"120.0,70.0,94.0","(be)01e4,(be)4ef0,(be)ffb7",pass,True,True,0.52,(be)01e4,False,calculated,not_calculated,ROUT not implemented from scratch during MVP per handoff guardrails; no trusted existing implementation wired up yet.
1821,156,4,corn stover whole,xrf,p,possessive,knife mill (2mm),,ppm,47.0,3,1763.3333333333333,1800.0,148.43629385474878,8.41793726964549,1600.0,1890.0,290.0,"1890.0,1800.0,1600.0","(be)04d5,(be)10ee,(be)931d",pass,False,False,0.6896551724137931,(be)931d,False,calculated,not_calculated,ROUT not implemented from scratch during MVP per handoff guardrails; no trusted existing implementation wired up yet.
1822,122,26,spent oak chips,xrf,pb,rigging,oven dry + knife mill (2mm),,ppm,47.0,3,4.0,4.0,0.0,0.0,4.0,4.0,0.0,"4.0,4.0,4.0","(be)0732,(be)2cd8,(be)e69c",pass,False,False,,,,not_applicable_zero_range,not_calculated,ROUT not implemented from scratch during MVP per handoff guardrails; no trusted existing implementation wired up yet.
1823,156,4,corn stover whole,xrf,u,possessive,knife mill (2mm),,ppm,47.0,3,25.33333333333333,25.0,1.5275252316519468,6.029704861784,24.0,27.0,3.0,"24.0,27.0,25.0","(be)0883,(be)52f8,(be)5a1e",pass,False,False,0.6666666666666666,(be)52f8,False,calculated,not_calculated,ROUT not implemented from scratch during MVP per handoff guardrails; no trusted existing implementation wired up yet.
1824,156,4,corn stover whole,xrf,ce,possessive,knife mill (2mm),,ppm,47.0,3,37.0,36.0,4.58257569495584,12.385339716096864,33.0,42.0,9.0,"36.0,33.0,42.0","(be)0c95,(be)55ec,(be)a2b0",pass,True,False,0.6666666666666666,(be)a2b0,False,calculated,not_calculated,ROUT not implemented from scratch during MVP per handoff guardrails; no trusted existing implementation wired up yet.
1825,156,4,corn stover whole,xrf,fe,possessive,knife mill (2mm),,ppm,47.0,3,4396.666666666667,4400.0,15.275252316519468,0.3474280284272812,4380.0,4410.0,30.0,"4400.0,4410.0,4380.0","(be)1441,(be)cb37,(be)d4cd",pass,False,False,0.6666666666666666,(be)d4cd,False,calculated,not_calculated,ROUT not implemented from scratch during MVP per handoff guardrails; no trusted existing implementation wired up yet.
1826,122,26,spent oak chips,xrf,ca,rigging,oven dry + knife mill (2mm),,ppm,47.0,3,961.0,973.0,28.930952282978865,3.010504920185105,928.0,982.0,54.0,"928.0,973.0,982.0","(be)1553,(be)cbe5,(be)cefc",pass,False,False,0.8333333333333334,(be)1553,False,calculated,not_calculated,ROUT not implemented from scratch during MVP per handoff guardrails; no trusted existing implementation wired up yet.
1827,122,26,spent oak chips,xrf,cu,rigging,oven dry + knife mill (2mm),,ppm,47.0,3,8.0,9.0,2.6457513110645907,33.071891388307385,5.0,10.0,5.0,"9.0,5.0,10.0","(be)186d,(be)1955,(be)3e56",pass,True,True,0.8,(be)1955,False,calculated,not_calculated,ROUT not implemented from scratch during MVP per handoff guardrails; no trusted existing implementation wired up yet.
1828,122,26,spent oak chips,xrf,mn,rigging,oven dry + knife mill (2mm),,ppm,47.0,3,26.33333333333333,24.0,5.859465277082316,22.25113396360373,22.0,33.0,11.0,"33.0,24.0,22.0","(be)1cfe,(be)2bc8,(be)6344",pass,True,True,0.8181818181818182,(be)1cfe,False,calculated,not_calculated,ROUT not implemented from scratch during MVP per handoff guardrails; no trusted existing implementation wired up yet.
1829,156,4,corn stover whole,xrf,sr,possessive,knife mill (2mm),,ppm,47.0,3,36.66666666666666,37.0,0.5773502691896258,1.5745916432444342,36.0,37.0,1.0,"37.0,37.0,36.0","(be)1f2f,(be)709f,(be)7255",pass,False,False,1.0,(be)7255,True,calculated,not_calculated,ROUT not implemented from scratch during MVP per handoff guardrails; no trusted existing implementation wired up yet.
1830,122,26,spent oak chips,xrf,k,rigging,oven dry + knife mill (2mm),,ppm,47.0,3,8880.0,9000.0,261.5339366124404,2.945201988878833,8580.0,9060.0,480.0,"8580.0,9000.0,9060.0","(be)1f81,(be)6834,(be)e28c",pass,False,False,0.875,(be)1f81,False,calculated,not_calculated,ROUT not implemented from scratch during MVP per handoff guardrails; no trusted existing implementation wired up yet.
1831,156,4,corn stover whole,xrf,s,possessive,knife mill (2mm),,ppm,47.0,3,1693.3333333333333,1690.0,145.0287327853806,8.56468894401854,1550.0,1840.0,290.0,"1690.0,1550.0,1840.0","(be)2148,(be)31c0,(be)5373",pass,False,False,0.5172413793103449,(be)5373,False,calculated,not_calculated,ROUT not implemented from scratch during MVP per handoff guardrails; no trusted existing implementation wired up yet.
1832,156,4,corn stover whole,xrf,pr,possessive,knife mill (2mm),,ppm,47.0,3,59.0,63.0,7.810249675906654,13.237711315096025,50.0,64.0,14.0,"63.0,64.0,50.0","(be)236c,(be)4380,(be)5311",pass,True,False,0.9285714285714286,(be)5311,False,calculated,not_calculated,ROUT not implemented from scratch during MVP per handoff guardrails; no trusted existing implementation wired up yet.
1833,122,26,spent oak chips,xrf,zn,rigging,oven dry + knife mill (2mm),,ppm,47.0,3,12.0,12.0,1.0,8.333333333333332,11.0,13.0,2.0,"11.0,12.0,13.0","(be)2404,(be)3619,(be)645f",pass,False,False,0.5,(be)2404,False,calculated,not_calculated,ROUT not implemented from scratch during MVP per handoff guardrails; no trusted existing implementation wired up yet.
1834,122,26,spent oak chips,xrf,u,rigging,oven dry + knife mill (2mm),,ppm,47.0,3,17.666666666666668,17.0,2.081665999466133,11.783015091317733,16.0,20.0,4.0,"17.0,16.0,20.0","(be)24c7,(be)608b,(be)f383",pass,True,False,0.75,(be)f383,False,calculated,not_calculated,ROUT not implemented from scratch during MVP per handoff guardrails; no trusted existing implementation wired up yet.
1835,156,4,corn stover whole,xrf,rb,possessive,knife mill (2mm),,ppm,47.0,3,22.666666666666668,23.0,0.5773502691896258,2.547133540542467,22.0,23.0,1.0,"23.0,22.0,23.0","(be)2718,(be)9a38,(be)d183",pass,False,False,1.0,(be)9a38,True,calculated,not_calculated,ROUT not implemented from scratch during MVP per handoff guardrails; no trusted existing implementation wired up yet.
1836,122,26,spent oak chips,xrf,pr,rigging,oven dry + knife mill (2mm),,ppm,47.0,2,105.5,105.5,24.748737341529164,23.45851880713665,88.0,123.0,35.0,"123.0,88.0","(be)273f,(be)b376",pass,True,True,,,,not_applicable_n_out_of_range,not_calculated,ROUT not implemented from scratch during MVP per handoff guardrails; no trusted existing implementation wired up yet.
1837,122,26,spent oak chips,xrf,rb,rigging,oven dry + knife mill (2mm),,ppm,47.0,3,10.333333333333334,10.0,0.5773502691896257,5.587260669577023,10.0,11.0,1.0,"10.0,11.0,10.0","(be)29ea,(be)71bd,(be)a228",pass,False,False,1.0,(be)71bd,True,calculated,not_calculated,ROUT not implemented from scratch during MVP per handoff guardrails; no trusted existing implementation wired up yet.
1838,156,4,corn stover whole,xrf,mg,possessive,knife mill (2mm),,ppm,47.0,3,11766.666666666666,11400.0,1877.0544300401448,15.952303938018227,10100.0,13800.0,3700.0,"13800.0,10100.0,11400.0","(be)2e9d,(be)c29a,(be)e958",pass,True,False,0.6486486486486487,(be)2e9d,False,calculated,not_calculated,ROUT not implemented from scratch during MVP per handoff guardrails; no trusted existing implementation wired up yet.
1839,156,4,corn stover whole,xrf,th,possessive,knife mill (2mm),,ppm,47.0,3,74.0,73.0,3.605551275463989,4.87236658846485,71.0,78.0,7.0,"71.0,73.0,78.0","(be)321d,(be)37de,(be)3d4d",pass,False,False,0.7142857142857143,(be)3d4d,False,calculated,not_calculated,ROUT not implemented from scratch during MVP per handoff guardrails; no trusted existing implementation wired up yet.
1840,156,4,corn stover whole,xrf,si,possessive,knife mill (2mm),,ppm,47.0,3,39400.0,39400.0,100.0,0.2538071065989847,39300.0,39500.0,200.0,"39400.0,39300.0,39500.0","(be)3a50,(be)3d58,(be)7e3d",pass,False,False,0.5,(be)3d58,False,calculated,not_calculated,ROUT not implemented from scratch during MVP per handoff guardrails; no trusted existing implementation wired up yet.
1841,122,26,spent oak chips,xrf,la,rigging,oven dry + knife mill (2mm),,ppm,47.0,1,35.0,35.0,,,35.0,35.0,0.0,35.0,(be)3a93,fail,,,,,,not_applicable_n_out_of_range,not_calculated,ROUT not implemented from scratch during MVP per handoff guardrails; no trusted existing implementation wired up yet.
1842,156,4,corn stover whole,xrf,ti,possessive,knife mill (2mm),,ppm,47.0,3,625.6666666666666,623.0,72.0370275159472,11.513643183156184,555.0,699.0,144.0,"623.0,555.0,699.0","(be)3c81,(be)daf7,(be)f78a",pass,True,False,0.5277777777777778,(be)f78a,False,calculated,not_calculated,ROUT not implemented from scratch during MVP per handoff guardrails; no trusted existing implementation wired up yet.
1843,122,26,spent oak chips,xrf,ba,rigging,oven dry + knife mill (2mm),,ppm,47.0,2,21.5,21.5,0.7071067811865476,3.2888687497048723,21.0,22.0,1.0,"22.0,21.0","(be)4403,(be)5e1d",pass,False,False,,,,not_applicable_n_out_of_range,not_calculated,ROUT not implemented from scratch during MVP per handoff guardrails; no trusted existing implementation wired up yet.
1844,156,4,corn stover whole,xrf,k,possessive,knife mill (2mm),,ppm,47.0,3,27933.33333333333,27700.0,493.2882862316248,1.765948518728967,27600.0,28500.0,900.0,"27700.0,27600.0,28500.0","(be)46be,(be)a0f9,(be)cd1f",pass,False,False,0.8888888888888888,(be)cd1f,False,calculated,not_calculated,ROUT not implemented from scratch during MVP per handoff guardrails; no trusted existing implementation wired up yet.
1845,156,4,corn stover whole,xrf,al,possessive,knife mill (2mm),,ppm,47.0,3,11066.666666666666,11100.0,251.66114784235836,2.2740465166478163,10800.0,11300.0,500.0,"11300.0,10800.0,11100.0","(be)47e6,(be)ad80,(be)da34",pass,False,False,0.6,(be)ad80,False,calculated,not_calculated,ROUT not implemented from scratch during MVP per handoff guardrails; no trusted existing implementation wired up yet.
1846,122,26,spent oak chips,xrf,s,rigging,oven dry + knife mill (2mm),,ppm,47.0,3,2170.0,2190.0,52.91502622129181,2.4384804710272725,2110.0,2210.0,100.0,"2110.0,2190.0,2210.0","(be)5a0f,(be)9fb4,(be)cb2c",pass,False,False,0.8,(be)5a0f,False,calculated,not_calculated,ROUT not implemented from scratch during MVP per handoff guardrails; no trusted existing implementation wired up yet.
1847,122,26,spent oak chips,xrf,ce,rigging,oven dry + knife mill (2mm),,ppm,47.0,2,74.0,74.0,18.384776310850235,24.844292311959776,61.0,87.0,26.0,"61.0,87.0","(be)5d48,(be)d7b1",pass,True,True,,,,not_applicable_n_out_of_range,not_calculated,ROUT not implemented from scratch during MVP per handoff guardrails; no trusted existing implementation wired up yet.
1848,156,4,corn stover whole,xrf,mn,possessive,knife mill (2mm),,ppm,47.0,3,193.33333333333331,185.0,19.85782801147531,10.27129035076309,179.0,216.0,37.0,"179.0,185.0,216.0","(be)60d4,(be)e133,(be)e509",pass,True,False,0.8378378378378378,(be)e509,False,calculated,not_calculated,ROUT not implemented from scratch during MVP per handoff guardrails; no trusted existing implementation wired up yet.
1849,156,4,corn stover whole,xrf,cu,possessive,knife mill (2mm),,ppm,47.0,3,23.0,26.0,6.082762530298219,26.44679360999226,16.0,27.0,11.0,"26.0,27.0,16.0","(be)68e6,(be)88df,(be)9ba2",pass,True,True,0.9090909090909091,(be)9ba2,False,calculated,not_calculated,ROUT not implemented from scratch during MVP per handoff guardrails; no trusted existing implementation wired up yet.
1850,156,4,corn stover whole,xrf,zr,possessive,knife mill (2mm),,ppm,47.0,3,7.0,7.0,1.0,14.285714285714285,6.0,8.0,2.0,"6.0,8.0,7.0","(be)6aea,(be)d31b,(be)e507",pass,True,False,0.5,(be)6aea,False,calculated,not_calculated,ROUT not implemented from scratch during MVP per handoff guardrails; no trusted existing implementation wired up yet.
1851,122,26,spent oak chips,xrf,mo,rigging,oven dry + knife mill (2mm),,ppm,47.0,2,6.0,6.0,0.0,0.0,6.0,6.0,0.0,"6.0,6.0","(be)6e03,(be)9c2a",pass,False,False,,,,not_applicable_n_out_of_range,not_calculated,ROUT not implemented from scratch during MVP per handoff guardrails; no trusted existing implementation wired up yet.
1852,156,4,corn stover whole,xrf,ca,possessive,knife mill (2mm),,ppm,47.0,3,8780.0,9020.0,441.92759587968703,5.033343916625137,8270.0,9050.0,780.0,"8270.0,9020.0,9050.0","(be)6ed6,(be)cff5,(be)da16",pass,False,False,0.9615384615384616,(be)6ed6,False,calculated,not_calculated,ROUT not implemented from scratch during MVP per handoff guardrails; no trusted existing implementation wired up yet.
1853,122,26,spent oak chips,xrf,p,rigging,oven dry + knife mill (2mm),,ppm,47.0,3,440.6666666666667,455.0,25.69695182961071,5.831380899306515,411.0,456.0,45.0,"456.0,455.0,411.0","(be)70ad,(be)aeea,(be)ed67",pass,False,False,0.9777777777777777,(be)ed67,True,calculated,not_calculated,ROUT not implemented from scratch during MVP per handoff guardrails; no trusted existing implementation wired up yet.
1854,156,4,corn stover whole,xrf,ba,possessive,knife mill (2mm),,ppm,47.0,3,22.0,24.0,4.358898943540674,19.81317701609397,17.0,25.0,8.0,"17.0,24.0,25.0","(be)73ee,(be)d70b,(be)e5f1",pass,True,False,0.875,(be)73ee,False,calculated,not_calculated,ROUT not implemented from scratch during MVP per handoff guardrails; no trusted existing implementation wired up yet.
1855,122,26,spent oak chips,xrf,fe,rigging,oven dry + knife mill (2mm),,ppm,47.0,3,61.66666666666666,58.0,8.144527815247079,13.207342403103372,56.0,71.0,15.0,"56.0,58.0,71.0","(be)7a8b,(be)de63,(be)e32d",pass,True,False,0.8666666666666667,(be)e32d,False,calculated,not_calculated,ROUT not implemented from scratch during MVP per handoff guardrails; no trusted existing implementation wired up yet.
1856,122,26,spent oak chips,xrf,co,rigging,oven dry + knife mill (2mm),,ppm,47.0,1,8.0,8.0,,,8.0,8.0,0.0,8.0,(be)8382,fail,,,,,,not_applicable_n_out_of_range,not_calculated,ROUT not implemented from scratch during MVP per handoff guardrails; no trusted existing implementation wired up yet.
1857,156,4,corn stover whole,xrf,la,possessive,knife mill (2mm),,ppm,47.0,2,28.5,28.5,2.1213203435596424,7.443229275647869,27.0,30.0,3.0,"27.0,30.0","(be)8e9c,(be)c145",pass,False,False,,,,not_applicable_n_out_of_range,not_calculated,ROUT not implemented from scratch during MVP per handoff guardrails; no trusted existing implementation wired up yet.
1858,156,4,corn stover whole,xrf,pb,possessive,knife mill (2mm),,ppm,47.0,3,8.0,8.0,1.0,12.5,7.0,9.0,2.0,"9.0,8.0,7.0","(be)91d2,(be)b4fc,(be)d078",pass,True,False,0.5,(be)d078,False,calculated,not_calculated,ROUT not implemented from scratch during MVP per handoff guardrails; no trusted existing implementation wired up yet.
1859,156,4,corn stover whole,xrf,mo,possessive,knife mill (2mm),,ppm,47.0,1,8.0,8.0,,,8.0,8.0,0.0,8.0,(be)adea,fail,,,,,,not_applicable_n_out_of_range,not_calculated,ROUT not implemented from scratch during MVP per handoff guardrails; no trusted existing implementation wired up yet.
1860,122,26,spent oak chips,xrf,sr,rigging,oven dry + knife mill (2mm),,ppm,47.0,3,5.666666666666667,6.0,0.5773502691896258,10.188534162169868,5.0,6.0,1.0,"6.0,6.0,5.0","(be)ae58,(be)bdb7,(be)d206",pass,True,False,1.0,(be)d206,True,calculated,not_calculated,ROUT not implemented from scratch during MVP per handoff guardrails; no trusted existing implementation wired up yet.
1861,122,26,spent oak chips,xrf,th,rigging,oven dry + knife mill (2mm),,ppm,47.0,3,59.66666666666666,61.0,3.214550253664318,5.387514391616175,56.0,62.0,6.0,"62.0,61.0,56.0","(be)b719,(be)ce27,(be)d649",pass,False,False,0.8333333333333334,(be)d649,False,calculated,not_calculated,ROUT not implemented from scratch during MVP per handoff guardrails; no trusted existing implementation wired up yet.
1862,122,26,spent oak chips,xrf,si,rigging,oven dry + knife mill (2mm),,ppm,47.0,3,801.3333333333334,789.0,34.21013495052794,4.269151616122454,775.0,840.0,65.0,"789.0,775.0,840.0","(be)d433,(be)d6c1,(be)e154",pass,False,False,0.7846153846153846,(be)e154,False,calculated,not_calculated,ROUT not implemented from scratch during MVP per handoff guardrails; no trusted existing implementation wired up yet.
1863,133,9,pistachio hulls,xrf,sr,stuntman,oven dry + knife mill (2mm),,ppm,47.0,3,46.0,46.0,1.0,2.1739130434782608,45.0,47.0,2.0,"45.0,46.0,47.0","(c0)00a9,(c0)1ced,(c0)d568",pass,False,False,0.5,(c0)00a9,False,calculated,not_calculated,ROUT not implemented from scratch during MVP per handoff guardrails; no trusted existing implementation wired up yet.
1864,133,9,pistachio hulls,xrf,fe,stuntman,oven dry + knife mill (2mm),,ppm,47.0,3,516.3333333333334,525.0,20.428737928059416,3.956501858242624,493.0,531.0,38.0,"525.0,493.0,531.0","(c0)01f2,(c0)3f63,(c0)65fa",pass,False,False,0.8421052631578947,(c0)3f63,False,calculated,not_calculated,ROUT not implemented from scratch during MVP per handoff guardrails; no trusted existing implementation wired up yet.
1865,133,9,pistachio hulls,xrf,p,stuntman,oven dry + knife mill (2mm),,ppm,47.0,3,1186.6666666666667,1190.0,25.166114784235837,2.120740009907514,1160.0,1210.0,50.0,"1160.0,1190.0,1210.0","(c0)05c3,(c0)1562,(c0)be79",pass,False,False,0.6,(c0)05c3,False,calculated,not_calculated,ROUT not implemented from scratch during MVP per handoff guardrails; no trusted existing implementation wired up yet.
1866,133,9,pistachio hulls,xrf,rb,stuntman,oven dry + knife mill (2mm),,ppm,47.0,3,16.666666666666668,17.0,0.5773502691896258,3.4641016151377544,16.0,17.0,1.0,"17.0,16.0,17.0","(c0)096a,(c0)229f,(c0)6e28",pass,False,False,1.0,(c0)229f,True,calculated,not_calculated,ROUT not implemented from scratch during MVP per handoff guardrails; no trusted existing implementation wired up yet.
1867,133,9,pistachio hulls,xrf,mn,stuntman,oven dry + knife mill (2mm),,ppm,47.0,3,40.333333333333336,36.0,13.05118130030126,32.35830074454858,30.0,55.0,25.0,"55.0,36.0,30.0","(c0)1893,(c0)2661,(c0)e56a",pass,True,True,0.76,(c0)1893,False,calculated,not_calculated,ROUT not implemented from scratch during MVP per handoff guardrails; no trusted existing implementation wired up yet.
1868,133,9,pistachio hulls,xrf,ca,stuntman,oven dry + knife mill (2mm),,ppm,47.0,3,7013.333333333333,6870.0,292.6317367158479,4.1725057516518245,6820.0,7350.0,530.0,"6870.0,7350.0,6820.0","(c0)1b7d,(c0)3368,(c0)e129",pass,False,False,0.9056603773584906,(c0)3368,False,calculated,not_calculated,ROUT not implemented from scratch during MVP per handoff guardrails; no trusted existing implementation wired up yet.
1869,133,9,pistachio hulls,xrf,nd,stuntman,oven dry + knife mill (2mm),,ppm,47.0,2,95.5,95.5,0.7071067811865476,0.7404259488864372,95.0,96.0,1.0,"96.0,95.0","(c0)2a62,(c0)5e43",pass,False,False,,,,not_applicable_n_out_of_range,not_calculated,ROUT not implemented from scratch during MVP per handoff guardrails; no trusted existing implementation wired up yet.
1870,133,9,pistachio hulls,xrf,pr,stuntman,oven dry + knife mill (2mm),,ppm,47.0,2,88.0,88.0,7.071067811865476,8.035304331665314,83.0,93.0,10.0,"83.0,93.0","(c0)2adb,(c0)dd8b",pass,False,False,,,,not_applicable_n_out_of_range,not_calculated,ROUT not implemented from scratch during MVP per handoff guardrails; no trusted existing implementation wired up yet.
1871,133,9,pistachio hulls,xrf,la,stuntman,oven dry + knife mill (2mm),,ppm,47.0,1,36.0,36.0,,,36.0,36.0,0.0,36.0,(c0)2d8d,fail,,,,,,not_applicable_n_out_of_range,not_calculated,ROUT not implemented from scratch during MVP per handoff guardrails; no trusted existing implementation wired up yet.
1872,133,9,pistachio hulls,xrf,zn,stuntman,oven dry + knife mill (2mm),,ppm,47.0,3,25.666666666666668,26.0,0.5773502691896258,2.2494166332063346,25.0,26.0,1.0,"25.0,26.0,26.0","(c0)2d99,(c0)c33e,(c0)faea",pass,False,False,1.0,(c0)2d99,True,calculated,not_calculated,ROUT not implemented from scratch during MVP per handoff guardrails; no trusted existing implementation wired up yet.
1873,133,9,pistachio hulls,xrf,si,stuntman,oven dry + knife mill (2mm),,ppm,47.0,3,1510.0,1520.0,85.44003745317531,5.6582806260381,1420.0,1590.0,170.0,"1520.0,1590.0,1420.0","(c0)31fc,(c0)4f88,(c0)acc3",pass,False,False,0.5882352941176471,(c0)acc3,False,calculated,not_calculated,ROUT not implemented from scratch during MVP per handoff guardrails; no trusted existing implementation wired up yet.
1874,133,9,pistachio hulls,xrf,k,stuntman,oven dry + knife mill (2mm),,ppm,47.0,3,33233.333333333336,33300.0,208.16659994661327,0.6263789366497892,33000.0,33400.0,400.0,"33000.0,33400.0,33300.0","(c0)3ebc,(c0)490e,(c0)de77",pass,False,False,0.75,(c0)3ebc,False,calculated,not_calculated,ROUT not implemented from scratch during MVP per handoff guardrails; no trusted existing implementation wired up yet.
1875,133,9,pistachio hulls,xrf,ba,stuntman,oven dry + knife mill (2mm),,ppm,47.0,1,33.0,33.0,,,33.0,33.0,0.0,33.0,(c0)5cb5,fail,,,,,,not_applicable_n_out_of_range,not_calculated,ROUT not implemented from scratch during MVP per handoff guardrails; no trusted existing implementation wired up yet.
1876,133,9,pistachio hulls,xrf,u,stuntman,oven dry + knife mill (2mm),,ppm,47.0,3,15.333333333333334,15.0,0.5773502691896257,3.765327842541037,15.0,16.0,1.0,"15.0,15.0,16.0","(c0)5f78,(c0)de33,(c0)dfc4",pass,False,False,1.0,(c0)dfc4,True,calculated,not_calculated,ROUT not implemented from scratch during MVP per handoff guardrails; no trusted existing implementation wired up yet.
1877,133,9,pistachio hulls,xrf,th,stuntman,oven dry + knife mill (2mm),,ppm,47.0,3,47.333333333333336,48.0,5.033222956847167,10.633569627141902,42.0,52.0,10.0,"48.0,52.0,42.0","(c0)6630,(c0)6fcc,(c0)8140",pass,True,False,0.6,(c0)8140,False,calculated,not_calculated,ROUT not implemented from scratch during MVP per handoff guardrails; no trusted existing implementation wired up yet.
1878,133,9,pistachio hulls,xrf,s,stuntman,oven dry + knife mill (2mm),,ppm,47.0,3,2006.6666666666667,2010.0,25.166114784235837,1.2541253214735464,1980.0,2030.0,50.0,"2010.0,1980.0,2030.0","(c0)6652,(c0)8d08,(c0)fa23",pass,False,False,0.6,(c0)8d08,False,calculated,not_calculated,ROUT not implemented from scratch during MVP per handoff guardrails; no trusted existing implementation wired up yet.
1879,133,9,pistachio hulls,xrf,ti,stuntman,oven dry + knife mill (2mm),,ppm,47.0,1,240.0,240.0,,,240.0,240.0,0.0,240.0,(c0)9d66,fail,,,,,,not_applicable_n_out_of_range,not_calculated,ROUT not implemented from scratch during MVP per handoff guardrails; no trusted existing implementation wired up yet.
1880,133,9,pistachio hulls,xrf,cu,stuntman,oven dry + knife mill (2mm),,ppm,47.0,3,21.33333333333333,22.0,2.081665999466133,9.7578093724975,19.0,23.0,4.0,"23.0,22.0,19.0","(c0)b16d,(c0)cc52,(c0)d6b9",pass,False,False,0.75,(c0)d6b9,False,calculated,not_calculated,ROUT not implemented from scratch during MVP per handoff guardrails; no trusted existing implementation wired up yet.
1881,155,27,rice straw,xrf,u,possessive,knife mill (2mm),,ppm,47.0,3,18.666666666666668,18.0,3.055050463303893,16.366341767699428,16.0,22.0,6.0,"18.0,22.0,16.0","(ca)10cd,(ca)87b6,(ca)eb21",pass,True,False,0.6666666666666666,(ca)87b6,False,calculated,not_calculated,ROUT not implemented from scratch during MVP per handoff guardrails; no trusted existing implementation wired up yet.
1882,155,27,rice straw,xrf,k,possessive,knife mill (2mm),,ppm,47.0,3,32366.666666666668,32700.0,757.1877794400365,2.3394061156746746,31500.0,32900.0,1400.0,"31500.0,32700.0,32900.0","(ca)2363,(ca)c433,(ca)dee4",pass,False,False,0.8571428571428571,(ca)2363,False,calculated,not_calculated,ROUT not implemented from scratch during MVP per handoff guardrails; no trusted existing implementation wired up yet.
1883,155,27,rice straw,xrf,th,possessive,knife mill (2mm),,ppm,47.0,3,68.0,67.0,2.6457513110645907,3.8908107515655743,66.0,71.0,5.0,"67.0,66.0,71.0","(ca)2929,(ca)6e9c,(ca)d8fa",pass,False,False,0.8,(ca)d8fa,False,calculated,not_calculated,ROUT not implemented from scratch during MVP per handoff guardrails; no trusted existing implementation wired up yet.
1884,155,27,rice straw,xrf,s,possessive,knife mill (2mm),,ppm,47.0,3,2343.333333333333,2360.0,66.58328118479393,2.841391800204577,2270.0,2400.0,130.0,"2400.0,2360.0,2270.0","(ca)360b,(ca)619c,(ca)6a81",pass,False,False,0.6923076923076923,(ca)6a81,False,calculated,not_calculated,ROUT not implemented from scratch during MVP per handoff guardrails; no trusted existing implementation wired up yet.
1885,155,27,rice straw,xrf,pb,possessive,knife mill (2mm),,ppm,47.0,2,5.0,5.0,0.0,0.0,5.0,5.0,0.0,"5.0,5.0","(ca)3684,(ca)4de6",pass,False,False,,,,not_applicable_n_out_of_range,not_calculated,ROUT not implemented from scratch during MVP per handoff guardrails; no trusted existing implementation wired up yet.
1886,155,27,rice straw,xrf,cu,possessive,knife mill (2mm),,ppm,47.0,3,10.666666666666666,10.0,1.1547005383792517,10.825317547305485,10.0,12.0,2.0,"10.0,12.0,10.0","(ca)3de4,(ca)53a9,(ca)9cbb",pass,True,False,1.0,(ca)53a9,True,calculated,not_calculated,ROUT not implemented from scratch during MVP per handoff guardrails; no trusted existing implementation wired up yet.
1887,155,27,rice straw,xrf,ca,possessive,knife mill (2mm),,ppm,47.0,3,6976.666666666667,6970.0,50.33222956847166,0.7214366397774247,6930.0,7030.0,100.0,"6970.0,6930.0,7030.0","(ca)4da8,(ca)55c0,(ca)6f27",pass,False,False,0.6,(ca)6f27,False,calculated,not_calculated,ROUT not implemented from scratch during MVP per handoff guardrails; no trusted existing implementation wired up yet.
1888,155,27,rice straw,xrf,mg,possessive,knife mill (2mm),,ppm,47.0,2,6895.0,6895.0,1407.1424945612296,20.408158006689334,5900.0,7890.0,1990.0,"5900.0,7890.0","(ca)4e6a,(ca)db5e",pass,True,True,,,,not_applicable_n_out_of_range,not_calculated,ROUT not implemented from scratch during MVP per handoff guardrails; no trusted existing implementation wired up yet.
1889,155,27,rice straw,xrf,p,possessive,knife mill (2mm),,ppm,47.0,3,2153.333333333333,2200.0,89.628864398325,4.162331164008902,2050.0,2210.0,160.0,"2200.0,2210.0,2050.0","(ca)5e4c,(ca)7a2f,(ca)8bb3",pass,False,False,0.9375,(ca)8bb3,False,calculated,not_calculated,ROUT not implemented from scratch during MVP per handoff guardrails; no trusted existing implementation wired up yet.
1890,155,27,rice straw,xrf,zn,possessive,knife mill (2mm),,ppm,47.0,3,56.0,56.0,2.0,3.571428571428571,54.0,58.0,4.0,"56.0,54.0,58.0","(ca)621b,(ca)81ce,(ca)f74a",pass,False,False,0.5,(ca)81ce,False,calculated,not_calculated,ROUT not implemented from scratch during MVP per handoff guardrails; no trusted existing implementation wired up yet.
1891,155,27,rice straw,xrf,ce,possessive,knife mill (2mm),,ppm,47.0,2,46.0,46.0,5.656854249492381,12.297509238026914,42.0,50.0,8.0,"42.0,50.0","(ca)6373,(ca)9799",pass,True,False,,,,not_applicable_n_out_of_range,not_calculated,ROUT not implemented from scratch during MVP per handoff guardrails; no trusted existing implementation wired up yet.
1892,155,27,rice straw,xrf,si,possessive,knife mill (2mm),,ppm,47.0,3,87866.66666666667,88000.0,1106.044001535804,1.258775419046818,86700.0,88900.0,2200.0,"88000.0,86700.0,88900.0","(ca)64ab,(ca)8c5c,(ca)fdff",pass,False,False,0.5909090909090909,(ca)8c5c,False,calculated,not_calculated,ROUT not implemented from scratch during MVP per handoff guardrails; no trusted existing implementation wired up yet.
1893,155,27,rice straw,xrf,nd,possessive,knife mill (2mm),,ppm,47.0,1,92.0,92.0,,,92.0,92.0,0.0,92.0,(ca)6f9b,fail,,,,,,not_applicable_n_out_of_range,not_calculated,ROUT not implemented from scratch during MVP per handoff guardrails; no trusted existing implementation wired up yet.
1894,155,27,rice straw,xrf,mn,possessive,knife mill (2mm),,ppm,47.0,3,1370.0,1370.0,10.0,0.7299270072992701,1360.0,1380.0,20.0,"1380.0,1360.0,1370.0","(ca)7b51,(ca)7bb3,(ca)95a1",pass,False,False,0.5,(ca)7bb3,False,calculated,not_calculated,ROUT not implemented from scratch during MVP per handoff guardrails; no trusted existing implementation wired up yet.
1895,155,27,rice straw,xrf,sr,possessive,knife mill (2mm),,ppm,47.0,3,21.0,22.0,1.7320508075688772,8.247860988423225,19.0,22.0,3.0,"19.0,22.0,22.0","(ca)7d23,(ca)9ca4,(ca)c874",pass,False,False,1.0,(ca)7d23,True,calculated,not_calculated,ROUT not implemented from scratch during MVP per handoff guardrails; no trusted existing implementation wired up yet.
1896,155,27,rice straw,xrf,al,possessive,knife mill (2mm),,ppm,47.0,1,953.0,953.0,,,953.0,953.0,0.0,953.0,(ca)84b4,fail,,,,,,not_applicable_n_out_of_range,not_calculated,ROUT not implemented from scratch during MVP per handoff guardrails; no trusted existing implementation wired up yet.
1897,155,27,rice straw,xrf,mo,possessive,knife mill (2mm),,ppm,47.0,3,31.666666666666668,31.0,1.1547005383792517,3.646422752776583,31.0,33.0,2.0,"33.0,31.0,31.0","(ca)862e,(ca)9c69,(ca)a5ac",pass,False,False,1.0,(ca)862e,True,calculated,not_calculated,ROUT not implemented from scratch during MVP per handoff guardrails; no trusted existing implementation wired up yet.
1898,155,27,rice straw,xrf,fe,possessive,knife mill (2mm),,ppm,47.0,3,386.6666666666667,393.0,22.18858565419016,5.738427324359524,362.0,405.0,43.0,"393.0,362.0,405.0","(ca)8fe9,(ca)9e64,(ca)b1a3",pass,False,False,0.7209302325581395,(ca)9e64,False,calculated,not_calculated,ROUT not implemented from scratch during MVP per handoff guardrails; no trusted existing implementation wired up yet.
1899,155,27,rice straw,xrf,ba,possessive,knife mill (2mm),,ppm,47.0,1,23.0,23.0,,,23.0,23.0,0.0,23.0,(ca)b00e,fail,,,,,,not_applicable_n_out_of_range,not_calculated,ROUT not implemented from scratch during MVP per handoff guardrails; no trusted existing implementation wired up yet.
1900,155,27,rice straw,xrf,rb,possessive,knife mill (2mm),,ppm,47.0,3,4.333333333333333,4.0,0.5773502691896258,13.323467750529828,4.0,5.0,1.0,"4.0,4.0,5.0","(ca)bd42,(ca)c976,(ca)de5b",pass,True,False,1.0,(ca)de5b,True,calculated,not_calculated,ROUT not implemented from scratch during MVP per handoff guardrails; no trusted existing implementation wired up yet.
1901,155,27,rice straw,xrf,pr,possessive,knife mill (2mm),,ppm,47.0,1,58.0,58.0,,,58.0,58.0,0.0,58.0,(ca)c756,fail,,,,,,not_applicable_n_out_of_range,not_calculated,ROUT not implemented from scratch during MVP per handoff guardrails; no trusted existing implementation wired up yet.
1902,155,27,rice straw,xrf,la,possessive,knife mill (2mm),,ppm,47.0,1,33.0,33.0,,,33.0,33.0,0.0,33.0,(ca)ecb4,fail,,,,,,not_applicable_n_out_of_range,not_calculated,ROUT not implemented from scratch during MVP per handoff guardrails; no trusted existing implementation wired up yet.
1903,39,25,almond hulls,xrf,cr,vibrant,as is,,ppm,46.0,1,0.0,0.0,,,0.0,0.0,0.0,0.0,(cd)0261,provisional,,,,,,not_applicable_n_out_of_range,not_calculated,ROUT not implemented from scratch during MVP per handoff guardrails; no trusted existing implementation wired up yet.
1904,39,25,almond hulls,xrf,sn,vibrant,as is,,ppm,46.0,1,0.0,0.0,,,0.0,0.0,0.0,0.0,(cd)16ec,provisional,,,,,,not_applicable_n_out_of_range,not_calculated,ROUT not implemented from scratch during MVP per handoff guardrails; no trusted existing implementation wired up yet.
1905,39,25,almond hulls,xrf,u,vibrant,as is,,ppm,46.0,1,13.0,13.0,,,13.0,13.0,0.0,13.0,(cd)1ad7,provisional,,,,,,not_applicable_n_out_of_range,not_calculated,ROUT not implemented from scratch during MVP per handoff guardrails; no trusted existing implementation wired up yet.
1906,39,25,almond hulls,xrf,s,vibrant,as is,,ppm,46.0,1,421.0,421.0,,,421.0,421.0,0.0,421.0,(cd)2109,provisional,,,,,,not_applicable_n_out_of_range,not_calculated,ROUT not implemented from scratch during MVP per handoff guardrails; no trusted existing implementation wired up yet.
1907,39,25,almond hulls,xrf,ni,vibrant,as is,,ppm,46.0,1,0.0,0.0,,,0.0,0.0,0.0,0.0,(cd)241e,provisional,,,,,,not_applicable_n_out_of_range,not_calculated,ROUT not implemented from scratch during MVP per handoff guardrails; no trusted existing implementation wired up yet.
1908,39,25,almond hulls,xrf,rb,vibrant,as is,,ppm,46.0,1,22.0,22.0,,,22.0,22.0,0.0,22.0,(cd)3b14,provisional,,,,,,not_applicable_n_out_of_range,not_calculated,ROUT not implemented from scratch during MVP per handoff guardrails; no trusted existing implementation wired up yet.
1909,39,25,almond hulls,xrf,ce,vibrant,as is,,ppm,46.0,1,50.0,50.0,,,50.0,50.0,0.0,50.0,(cd)3bd1,provisional,,,,,,not_applicable_n_out_of_range,not_calculated,ROUT not implemented from scratch during MVP per handoff guardrails; no trusted existing implementation wired up yet.
1910,39,25,almond hulls,xrf,p,vibrant,as is,,ppm,46.0,1,388.0,388.0,,,388.0,388.0,0.0,388.0,(cd)3c87,provisional,,,,,,not_applicable_n_out_of_range,not_calculated,ROUT not implemented from scratch during MVP per handoff guardrails; no trusted existing implementation wired up yet.
1911,39,25,almond hulls,xrf,co,vibrant,as is,,ppm,46.0,1,0.0,0.0,,,0.0,0.0,0.0,0.0,(cd)4015,provisional,,,,,,not_applicable_n_out_of_range,not_calculated,ROUT not implemented from scratch during MVP per handoff guardrails; no trusted existing implementation wired up yet.
1912,39,25,almond hulls,xrf,zn,vibrant,as is,,ppm,46.0,1,16.0,16.0,,,16.0,16.0,0.0,16.0,(cd)47e4,provisional,,,,,,not_applicable_n_out_of_range,not_calculated,ROUT not implemented from scratch during MVP per handoff guardrails; no trusted existing implementation wired up yet.
1913,39,25,almond hulls,xrf,nd,vibrant,as is,,ppm,46.0,1,108.0,108.0,,,108.0,108.0,0.0,108.0,(cd)4c8c,provisional,,,,,,not_applicable_n_out_of_range,not_calculated,ROUT not implemented from scratch during MVP per handoff guardrails; no trusted existing implementation wired up yet.
1914,39,25,almond hulls,xrf,sb,vibrant,as is,,ppm,46.0,1,0.0,0.0,,,0.0,0.0,0.0,0.0,(cd)5c10,provisional,,,,,,not_applicable_n_out_of_range,not_calculated,ROUT not implemented from scratch during MVP per handoff guardrails; no trusted existing implementation wired up yet.
1915,39,25,almond hulls,xrf,si,vibrant,as is,,ppm,46.0,1,12400.0,12400.0,,,12400.0,12400.0,0.0,12400.0,(cd)5fea,provisional,,,,,,not_applicable_n_out_of_range,not_calculated,ROUT not implemented from scratch during MVP per handoff guardrails; no trusted existing implementation wired up yet.
1916,39,25,almond hulls,xrf,pb,vibrant,as is,,ppm,46.0,1,0.0,0.0,,,0.0,0.0,0.0,0.0,(cd)637a,provisional,,,,,,not_applicable_n_out_of_range,not_calculated,ROUT not implemented from scratch during MVP per handoff guardrails; no trusted existing implementation wired up yet.
1917,39,25,almond hulls,xrf,la,vibrant,as is,,ppm,46.0,1,44.0,44.0,,,44.0,44.0,0.0,44.0,(cd)6989,provisional,,,,,,not_applicable_n_out_of_range,not_calculated,ROUT not implemented from scratch during MVP per handoff guardrails; no trusted existing implementation wired up yet.
1918,39,25,almond hulls,xrf,ti,vibrant,as is,,ppm,46.0,1,245.0,245.0,,,245.0,245.0,0.0,245.0,(cd)7b22,provisional,,,,,,not_applicable_n_out_of_range,not_calculated,ROUT not implemented from scratch during MVP per handoff guardrails; no trusted existing implementation wired up yet.
1919,39,25,almond hulls,xrf,ba,vibrant,as is,,ppm,46.0,1,39.0,39.0,,,39.0,39.0,0.0,39.0,(cd)80be,provisional,,,,,,not_applicable_n_out_of_range,not_calculated,ROUT not implemented from scratch during MVP per handoff guardrails; no trusted existing implementation wired up yet.
1920,39,25,almond hulls,xrf,mg,vibrant,as is,,ppm,46.0,1,0.0,0.0,,,0.0,0.0,0.0,0.0,(cd)83c2,provisional,,,,,,not_applicable_n_out_of_range,not_calculated,ROUT not implemented from scratch during MVP per handoff guardrails; no trusted existing implementation wired up yet.
1921,39,25,almond hulls,xrf,se,vibrant,as is,,ppm,46.0,1,0.0,0.0,,,0.0,0.0,0.0,0.0,(cd)8595,provisional,,,,,,not_applicable_n_out_of_range,not_calculated,ROUT not implemented from scratch during MVP per handoff guardrails; no trusted existing implementation wired up yet.
1922,39,25,almond hulls,xrf,w,vibrant,as is,,ppm,46.0,1,0.0,0.0,,,0.0,0.0,0.0,0.0,(cd)86af,provisional,,,,,,not_applicable_n_out_of_range,not_calculated,ROUT not implemented from scratch during MVP per handoff guardrails; no trusted existing implementation wired up yet.
1923,39,25,almond hulls,xrf,al,vibrant,as is,,ppm,46.0,1,4670.0,4670.0,,,4670.0,4670.0,0.0,4670.0,(cd)88bb,provisional,,,,,,not_applicable_n_out_of_range,not_calculated,ROUT not implemented from scratch during MVP per handoff guardrails; no trusted existing implementation wired up yet.
1924,39,25,almond hulls,xrf,k,vibrant,as is,,ppm,46.0,1,18600.0,18600.0,,,18600.0,18600.0,0.0,18600.0,(cd)8987,provisional,,,,,,not_applicable_n_out_of_range,not_calculated,ROUT not implemented from scratch during MVP per handoff guardrails; no trusted existing implementation wired up yet.
1925,39,25,almond hulls,xrf,as,vibrant,as is,,ppm,46.0,1,0.0,0.0,,,0.0,0.0,0.0,0.0,(cd)8d06,provisional,,,,,,not_applicable_n_out_of_range,not_calculated,ROUT not implemented from scratch during MVP per handoff guardrails; no trusted existing implementation wired up yet.
1926,39,25,almond hulls,xrf,ca,vibrant,as is,,ppm,46.0,1,5000.0,5000.0,,,5000.0,5000.0,0.0,5000.0,(cd)94ad,provisional,,,,,,not_applicable_n_out_of_range,not_calculated,ROUT not implemented from scratch during MVP per handoff guardrails; no trusted existing implementation wired up yet.
1927,39,25,almond hulls,xrf,cd,vibrant,as is,,ppm,46.0,1,0.0,0.0,,,0.0,0.0,0.0,0.0,(cd)96e1,provisional,,,,,,not_applicable_n_out_of_range,not_calculated,ROUT not implemented from scratch during MVP per handoff guardrails; no trusted existing implementation wired up yet.
1928,39,25,almond hulls,xrf,cu,vibrant,as is,,ppm,46.0,1,7.0,7.0,,,7.0,7.0,0.0,7.0,(cd)a84c,provisional,,,,,,not_applicable_n_out_of_range,not_calculated,ROUT not implemented from scratch during MVP per handoff guardrails; no trusted existing implementation wired up yet.
1929,39,25,almond hulls,xrf,th,vibrant,as is,,ppm,46.0,1,45.0,45.0,,,45.0,45.0,0.0,45.0,(cd)a9a9,provisional,,,,,,not_applicable_n_out_of_range,not_calculated,ROUT not implemented from scratch during MVP per handoff guardrails; no trusted existing implementation wired up yet.
1930,39,25,almond hulls,xrf,pr,vibrant,as is,,ppm,46.0,1,0.0,0.0,,,0.0,0.0,0.0,0.0,(cd)aac9,provisional,,,,,,not_applicable_n_out_of_range,not_calculated,ROUT not implemented from scratch during MVP per handoff guardrails; no trusted existing implementation wired up yet.
1931,39,25,almond hulls,xrf,mo,vibrant,as is,,ppm,46.0,1,5.0,5.0,,,5.0,5.0,0.0,5.0,(cd)abcf,provisional,,,,,,not_applicable_n_out_of_range,not_calculated,ROUT not implemented from scratch during MVP per handoff guardrails; no trusted existing implementation wired up yet.
1932,39,25,almond hulls,xrf,mn,vibrant,as is,,ppm,46.0,1,40.0,40.0,,,40.0,40.0,0.0,40.0,(cd)b386,provisional,,,,,,not_applicable_n_out_of_range,not_calculated,ROUT not implemented from scratch during MVP per handoff guardrails; no trusted existing implementation wired up yet.
1933,39,25,almond hulls,xrf,y,vibrant,as is,,ppm,46.0,1,0.0,0.0,,,0.0,0.0,0.0,0.0,(cd)baa3,provisional,,,,,,not_applicable_n_out_of_range,not_calculated,ROUT not implemented from scratch during MVP per handoff guardrails; no trusted existing implementation wired up yet.
1934,39,25,almond hulls,xrf,fe,vibrant,as is,,ppm,46.0,1,265.0,265.0,,,265.0,265.0,0.0,265.0,(cd)c437,provisional,,,,,,not_applicable_n_out_of_range,not_calculated,ROUT not implemented from scratch during MVP per handoff guardrails; no trusted existing implementation wired up yet.
1935,39,25,almond hulls,xrf,nb,vibrant,as is,,ppm,46.0,1,0.0,0.0,,,0.0,0.0,0.0,0.0,(cd)ce6f,provisional,,,,,,not_applicable_n_out_of_range,not_calculated,ROUT not implemented from scratch during MVP per handoff guardrails; no trusted existing implementation wired up yet.
1936,39,25,almond hulls,xrf,hg,vibrant,as is,,ppm,46.0,1,0.0,0.0,,,0.0,0.0,0.0,0.0,(cd)d122,provisional,,,,,,not_applicable_n_out_of_range,not_calculated,ROUT not implemented from scratch during MVP per handoff guardrails; no trusted existing implementation wired up yet.
1937,39,25,almond hulls,xrf,ag,vibrant,as is,,ppm,46.0,1,0.0,0.0,,,0.0,0.0,0.0,0.0,(cd)d996,provisional,,,,,,not_applicable_n_out_of_range,not_calculated,ROUT not implemented from scratch during MVP per handoff guardrails; no trusted existing implementation wired up yet.
1938,39,25,almond hulls,xrf,sr,vibrant,as is,,ppm,46.0,1,30.0,30.0,,,30.0,30.0,0.0,30.0,(cd)e053,provisional,,,,,,not_applicable_n_out_of_range,not_calculated,ROUT not implemented from scratch during MVP per handoff guardrails; no trusted existing implementation wired up yet.
1939,39,25,almond hulls,xrf,v,vibrant,as is,,ppm,46.0,1,0.0,0.0,,,0.0,0.0,0.0,0.0,(cd)eb36,provisional,,,,,,not_applicable_n_out_of_range,not_calculated,ROUT not implemented from scratch during MVP per handoff guardrails; no trusted existing implementation wired up yet.
1940,39,25,almond hulls,xrf,zr,vibrant,as is,,ppm,46.0,1,0.0,0.0,,,0.0,0.0,0.0,0.0,(cd)ed0a,provisional,,,,,,not_applicable_n_out_of_range,not_calculated,ROUT not implemented from scratch during MVP per handoff guardrails; no trusted existing implementation wired up yet.
1941,39,25,almond hulls,xrf,bi,vibrant,as is,,ppm,46.0,1,0.0,0.0,,,0.0,0.0,0.0,0.0,(cd)efa3,provisional,,,,,,not_applicable_n_out_of_range,not_calculated,ROUT not implemented from scratch during MVP per handoff guardrails; no trusted existing implementation wired up yet.
1942,157,10,cotton stem mix,xrf,ba,schooner,knife mill (2mm),,ppm,47.0,3,27.0,21.0,13.07669683062202,48.43221048378526,18.0,42.0,24.0,"21.0,18.0,42.0","(ce)0f59,(ce)14cf,(ce)283f",pass,True,True,0.875,(ce)283f,False,calculated,not_calculated,ROUT not implemented from scratch during MVP per handoff guardrails; no trusted existing implementation wired up yet.
1943,157,10,cotton stem mix,xrf,ca,schooner,knife mill (2mm),,ppm,47.0,3,16766.666666666668,16800.0,57.735026918962575,0.3443440969321823,16700.0,16800.0,100.0,"16800.0,16800.0,16700.0","(ce)1138,(ce)79f4,(ce)ea82",pass,False,False,1.0,(ce)ea82,True,calculated,not_calculated,ROUT not implemented from scratch during MVP per handoff guardrails; no trusted existing implementation wired up yet.
1944,157,10,cotton stem mix,xrf,ti,schooner,knife mill (2mm),,ppm,47.0,3,293.3333333333333,314.0,50.29247790011279,17.145162920493,236.0,330.0,94.0,"314.0,330.0,236.0","(ce)16c2,(ce)a60d,(ce)cafa",pass,True,False,0.8297872340425532,(ce)cafa,False,calculated,not_calculated,ROUT not implemented from scratch during MVP per handoff guardrails; no trusted existing implementation wired up yet.
1945,157,10,cotton stem mix,xrf,s,schooner,knife mill (2mm),,ppm,47.0,3,4050.0,4060.0,55.67764362830022,1.3747566327975362,3990.0,4100.0,110.0,"4060.0,4100.0,3990.0","(ce)1a9a,(ce)1b84,(ce)c780",pass,False,False,0.6363636363636364,(ce)c780,False,calculated,not_calculated,ROUT not implemented from scratch during MVP per handoff guardrails; no trusted existing implementation wired up yet.
1946,157,10,cotton stem mix,xrf,pb,schooner,knife mill (2mm),,ppm,47.0,1,5.0,5.0,,,5.0,5.0,0.0,5.0,(ce)2246,pass,,,,,,not_applicable_n_out_of_range,not_calculated,ROUT not implemented from scratch during MVP per handoff guardrails; no trusted existing implementation wired up yet.
1947,157,10,cotton stem mix,xrf,fe,schooner,knife mill (2mm),,ppm,47.0,3,1710.0,1700.0,36.05551275463989,2.1085095178151985,1680.0,1750.0,70.0,"1750.0,1700.0,1680.0","(ce)262e,(ce)6638,(ce)de24",pass,False,False,0.7142857142857143,(ce)262e,False,calculated,not_calculated,ROUT not implemented from scratch during MVP per handoff guardrails; no trusted existing implementation wired up yet.
1948,157,10,cotton stem mix,xrf,zn,schooner,knife mill (2mm),,ppm,47.0,3,25.666666666666668,26.0,1.5275252316519463,5.951397006436155,24.0,27.0,3.0,"26.0,24.0,27.0","(ce)2bc8,(ce)8b7b,(ce)c419",pass,False,False,0.6666666666666666,(ce)8b7b,False,calculated,not_calculated,ROUT not implemented from scratch during MVP per handoff guardrails; no trusted existing implementation wired up yet.
1949,157,10,cotton stem mix,xrf,sr,schooner,knife mill (2mm),,ppm,47.0,3,68.66666666666667,68.0,2.0816659994661326,3.0315524264069893,67.0,71.0,4.0,"67.0,71.0,68.0","(ce)2c00,(ce)bc3f,(ce)ec8d",pass,False,False,0.75,(ce)bc3f,False,calculated,not_calculated,ROUT not implemented from scratch during MVP per handoff guardrails; no trusted existing implementation wired up yet.
1950,157,10,cotton stem mix,xrf,mn,schooner,knife mill (2mm),,ppm,47.0,3,61.333333333333336,60.0,12.055427546683417,19.65558839133165,50.0,74.0,24.0,"60.0,50.0,74.0","(ce)364d,(ce)45ea,(ce)da9a",pass,True,False,0.5833333333333334,(ce)da9a,False,calculated,not_calculated,ROUT not implemented from scratch during MVP per handoff guardrails; no trusted existing implementation wired up yet.
1951,157,10,cotton stem mix,xrf,cu,schooner,knife mill (2mm),,ppm,47.0,3,14.0,13.0,1.7320508075688772,12.371791482634835,13.0,16.0,3.0,"13.0,13.0,16.0","(ce)435b,(ce)6921,(ce)fa1a",pass,True,False,1.0,(ce)fa1a,True,calculated,not_calculated,ROUT not implemented from scratch during MVP per handoff guardrails; no trusted existing implementation wired up yet.
1952,157,10,cotton stem mix,xrf,u,schooner,knife mill (2mm),,ppm,47.0,3,21.0,21.0,2.0,9.523809523809524,19.0,23.0,4.0,"19.0,21.0,23.0","(ce)4ad0,(ce)b51c,(ce)cc54",pass,False,False,0.5,(ce)4ad0,False,calculated,not_calculated,ROUT not implemented from scratch during MVP per handoff guardrails; no trusted existing implementation wired up yet.
1953,157,10,cotton stem mix,xrf,pr,schooner,knife mill (2mm),,ppm,47.0,2,55.0,55.0,2.8284271247461903,5.1425947722658005,53.0,57.0,4.0,"57.0,53.0","(ce)549d,(ce)6abf",pass,False,False,,,,not_applicable_n_out_of_range,not_calculated,ROUT not implemented from scratch during MVP per handoff guardrails; no trusted existing implementation wired up yet.
1954,157,10,cotton stem mix,xrf,k,schooner,knife mill (2mm),,ppm,47.0,3,21866.666666666668,21900.0,57.735026918962575,0.2640321353001337,21800.0,21900.0,100.0,"21900.0,21800.0,21900.0","(ce)6995,(ce)a9ae,(ce)fe76",pass,False,False,1.0,(ce)a9ae,True,calculated,not_calculated,ROUT not implemented from scratch during MVP per handoff guardrails; no trusted existing implementation wired up yet.
1955,157,10,cotton stem mix,xrf,p,schooner,knife mill (2mm),,ppm,47.0,3,1316.6666666666667,1320.0,25.166114784235837,1.9113504899419616,1290.0,1340.0,50.0,"1320.0,1340.0,1290.0","(ce)6b10,(ce)8e95,(ce)b28e",pass,False,False,0.6,(ce)b28e,False,calculated,not_calculated,ROUT not implemented from scratch during MVP per handoff guardrails; no trusted existing implementation wired up yet.
1956,157,10,cotton stem mix,xrf,si,schooner,knife mill (2mm),,ppm,47.0,3,7110.0,7100.0,265.141471671257,3.7291346226618423,6850.0,7380.0,530.0,"7380.0,6850.0,7100.0","(ce)7551,(ce)7760,(ce)7b74",pass,False,False,0.5283018867924528,(ce)7551,False,calculated,not_calculated,ROUT not implemented from scratch during MVP per handoff guardrails; no trusted existing implementation wired up yet.
1957,157,10,cotton stem mix,xrf,rb,schooner,knife mill (2mm),,ppm,47.0,3,22.0,22.0,1.0,4.545454545454546,21.0,23.0,2.0,"22.0,21.0,23.0","(ce)90c5,(ce)9453,(ce)d4a4",pass,False,False,0.5,(ce)9453,False,calculated,not_calculated,ROUT not implemented from scratch during MVP per handoff guardrails; no trusted existing implementation wired up yet.
1958,157,10,cotton stem mix,xrf,mg,schooner,knife mill (2mm),,ppm,47.0,2,8370.0,8370.0,1810.1933598375615,21.627160810484607,7090.0,9650.0,2560.0,"9650.0,7090.0","(ce)935b,(ce)d9f9",pass,True,True,,,,not_applicable_n_out_of_range,not_calculated,ROUT not implemented from scratch during MVP per handoff guardrails; no trusted existing implementation wired up yet.
1959,157,10,cotton stem mix,xrf,al,schooner,knife mill (2mm),,ppm,47.0,3,2556.6666666666665,2610.0,283.7839553839035,11.099763574337818,2250.0,2810.0,560.0,"2810.0,2610.0,2250.0","(ce)9620,(ce)a0bd,(ce)c367",pass,True,False,0.6428571428571429,(ce)c367,False,calculated,not_calculated,ROUT not implemented from scratch during MVP per handoff guardrails; no trusted existing implementation wired up yet.
1960,157,10,cotton stem mix,xrf,th,schooner,knife mill (2mm),,ppm,47.0,3,66.66666666666667,66.0,2.081665999466133,3.122498999199199,65.0,69.0,4.0,"66.0,65.0,69.0","(ce)aa10,(ce)f488,(ce)fbcf",pass,False,False,0.75,(ce)fbcf,False,calculated,not_calculated,ROUT not implemented from scratch during MVP per handoff guardrails; no trusted existing implementation wired up yet.
1961,157,10,cotton stem mix,xrf,la,schooner,knife mill (2mm),,ppm,47.0,1,45.0,45.0,,,45.0,45.0,0.0,45.0,(ce)b548,fail,,,,,,not_applicable_n_out_of_range,not_calculated,ROUT not implemented from scratch during MVP per handoff guardrails; no trusted existing implementation wired up yet.
1962,157,10,cotton stem mix,xrf,co,schooner,knife mill (2mm),,ppm,47.0,1,24.0,24.0,,,24.0,24.0,0.0,24.0,(ce)dd8b,fail,,,,,,not_applicable_n_out_of_range,not_calculated,ROUT not implemented from scratch during MVP per handoff guardrails; no trusted existing implementation wired up yet.
1963,157,10,cotton stem mix,xrf,ce,schooner,knife mill (2mm),,ppm,47.0,1,48.0,48.0,,,48.0,48.0,0.0,48.0,(ce)f4bc,fail,,,,,,not_applicable_n_out_of_range,not_calculated,ROUT not implemented from scratch during MVP per handoff guardrails; no trusted existing implementation wired up yet.
1964,24,1,spent yeast,xrf,mo,maplewood,as is,,ppm,45.0,1,5.0,5.0,,,5.0,5.0,0.0,5.0,(d2)002d,provisional,,,,,,not_applicable_n_out_of_range,not_calculated,ROUT not implemented from scratch during MVP per handoff guardrails; no trusted existing implementation wired up yet.
1965,24,1,spent yeast,xrf,mg,maplewood,as is,,ppm,45.0,1,0.0,0.0,,,0.0,0.0,0.0,0.0,(d2)175e,provisional,,,,,,not_applicable_n_out_of_range,not_calculated,ROUT not implemented from scratch during MVP per handoff guardrails; no trusted existing implementation wired up yet.
1966,24,1,spent yeast,xrf,p,maplewood,as is,,ppm,45.0,1,1270.0,1270.0,,,1270.0,1270.0,0.0,1270.0,(d2)29e0,provisional,,,,,,not_applicable_n_out_of_range,not_calculated,ROUT not implemented from scratch during MVP per handoff guardrails; no trusted existing implementation wired up yet.
1967,24,1,spent yeast,xrf,si,maplewood,as is,,ppm,45.0,1,1390.0,1390.0,,,1390.0,1390.0,0.0,1390.0,(d2)2b5f,provisional,,,,,,not_applicable_n_out_of_range,not_calculated,ROUT not implemented from scratch during MVP per handoff guardrails; no trusted existing implementation wired up yet.
1968,24,1,spent yeast,xrf,ce,maplewood,as is,,ppm,45.0,1,0.0,0.0,,,0.0,0.0,0.0,0.0,(d2)2f9f,provisional,,,,,,not_applicable_n_out_of_range,not_calculated,ROUT not implemented from scratch during MVP per handoff guardrails; no trusted existing implementation wired up yet.
1969,24,1,spent yeast,xrf,ni,maplewood,as is,,ppm,45.0,1,0.0,0.0,,,0.0,0.0,0.0,0.0,(d2)324c,provisional,,,,,,not_applicable_n_out_of_range,not_calculated,ROUT not implemented from scratch during MVP per handoff guardrails; no trusted existing implementation wired up yet.
1970,24,1,spent yeast,xrf,s,maplewood,as is,,ppm,45.0,1,744.0,744.0,,,744.0,744.0,0.0,744.0,(d2)36f7,provisional,,,,,,not_applicable_n_out_of_range,not_calculated,ROUT not implemented from scratch during MVP per handoff guardrails; no trusted existing implementation wired up yet.
1971,24,1,spent yeast,xrf,pb,maplewood,as is,,ppm,45.0,1,0.0,0.0,,,0.0,0.0,0.0,0.0,(d2)3fd7,provisional,,,,,,not_applicable_n_out_of_range,not_calculated,ROUT not implemented from scratch during MVP per handoff guardrails; no trusted existing implementation wired up yet.
1972,24,1,spent yeast,xrf,pr,maplewood,as is,,ppm,45.0,1,0.0,0.0,,,0.0,0.0,0.0,0.0,(d2)5acf,provisional,,,,,,not_applicable_n_out_of_range,not_calculated,ROUT not implemented from scratch during MVP per handoff guardrails; no trusted existing implementation wired up yet.
1973,24,1,spent yeast,xrf,sb,maplewood,as is,,ppm,45.0,1,0.0,0.0,,,0.0,0.0,0.0,0.0,(d2)6046,provisional,,,,,,not_applicable_n_out_of_range,not_calculated,ROUT not implemented from scratch during MVP per handoff guardrails; no trusted existing implementation wired up yet.
1974,24,1,spent yeast,xrf,hg,maplewood,as is,,ppm,45.0,1,0.0,0.0,,,0.0,0.0,0.0,0.0,(d2)6235,provisional,,,,,,not_applicable_n_out_of_range,not_calculated,ROUT not implemented from scratch during MVP per handoff guardrails; no trusted existing implementation wired up yet.
1975,24,1,spent yeast,xrf,cd,maplewood,as is,,ppm,45.0,1,0.0,0.0,,,0.0,0.0,0.0,0.0,(d2)6a0f,provisional,,,,,,not_applicable_n_out_of_range,not_calculated,ROUT not implemented from scratch during MVP per handoff guardrails; no trusted existing implementation wired up yet.
1976,24,1,spent yeast,xrf,nb,maplewood,as is,,ppm,45.0,1,0.0,0.0,,,0.0,0.0,0.0,0.0,(d2)6ee0,provisional,,,,,,not_applicable_n_out_of_range,not_calculated,ROUT not implemented from scratch during MVP per handoff guardrails; no trusted existing implementation wired up yet.
1977,24,1,spent yeast,xrf,ti,maplewood,as is,,ppm,45.0,1,0.0,0.0,,,0.0,0.0,0.0,0.0,(d2)72c6,provisional,,,,,,not_applicable_n_out_of_range,not_calculated,ROUT not implemented from scratch during MVP per handoff guardrails; no trusted existing implementation wired up yet.
1978,24,1,spent yeast,xrf,fe,maplewood,as is,,ppm,45.0,1,233.0,233.0,,,233.0,233.0,0.0,233.0,(d2)7416,provisional,,,,,,not_applicable_n_out_of_range,not_calculated,ROUT not implemented from scratch during MVP per handoff guardrails; no trusted existing implementation wired up yet.
1979,24,1,spent yeast,xrf,y,maplewood,as is,,ppm,45.0,1,0.0,0.0,,,0.0,0.0,0.0,0.0,(d2)751e,provisional,,,,,,not_applicable_n_out_of_range,not_calculated,ROUT not implemented from scratch during MVP per handoff guardrails; no trusted existing implementation wired up yet.
1980,24,1,spent yeast,xrf,sr,maplewood,as is,,ppm,45.0,1,8.0,8.0,,,8.0,8.0,0.0,8.0,(d2)7b33,provisional,,,,,,not_applicable_n_out_of_range,not_calculated,ROUT not implemented from scratch during MVP per handoff guardrails; no trusted existing implementation wired up yet.
1981,24,1,spent yeast,xrf,zr,maplewood,as is,,ppm,45.0,1,5.0,5.0,,,5.0,5.0,0.0,5.0,(d2)7db4,provisional,,,,,,not_applicable_n_out_of_range,not_calculated,ROUT not implemented from scratch during MVP per handoff guardrails; no trusted existing implementation wired up yet.
1982,24,1,spent yeast,xrf,ba,maplewood,as is,,ppm,45.0,1,0.0,0.0,,,0.0,0.0,0.0,0.0,(d2)7f98,provisional,,,,,,not_applicable_n_out_of_range,not_calculated,ROUT not implemented from scratch during MVP per handoff guardrails; no trusted existing implementation wired up yet.
1983,24,1,spent yeast,xrf,nd,maplewood,as is,,ppm,45.0,1,0.0,0.0,,,0.0,0.0,0.0,0.0,(d2)8e9a,provisional,,,,,,not_applicable_n_out_of_range,not_calculated,ROUT not implemented from scratch during MVP per handoff guardrails; no trusted existing implementation wired up yet.
1984,24,1,spent yeast,xrf,ag,maplewood,as is,,ppm,45.0,1,0.0,0.0,,,0.0,0.0,0.0,0.0,(d2)8ff2,provisional,,,,,,not_applicable_n_out_of_range,not_calculated,ROUT not implemented from scratch during MVP per handoff guardrails; no trusted existing implementation wired up yet.
1985,24,1,spent yeast,xrf,th,maplewood,as is,,ppm,45.0,1,8.0,8.0,,,8.0,8.0,0.0,8.0,(d2)9354,provisional,,,,,,not_applicable_n_out_of_range,not_calculated,ROUT not implemented from scratch during MVP per handoff guardrails; no trusted existing implementation wired up yet.
1986,24,1,spent yeast,xrf,as,maplewood,as is,,ppm,45.0,1,0.0,0.0,,,0.0,0.0,0.0,0.0,(d2)94ce,provisional,,,,,,not_applicable_n_out_of_range,not_calculated,ROUT not implemented from scratch during MVP per handoff guardrails; no trusted existing implementation wired up yet.
1987,24,1,spent yeast,xrf,ca,maplewood,as is,,ppm,45.0,1,1440.0,1440.0,,,1440.0,1440.0,0.0,1440.0,(d2)99d5,provisional,,,,,,not_applicable_n_out_of_range,not_calculated,ROUT not implemented from scratch during MVP per handoff guardrails; no trusted existing implementation wired up yet.
1988,24,1,spent yeast,xrf,mn,maplewood,as is,,ppm,45.0,1,34.0,34.0,,,34.0,34.0,0.0,34.0,(d2)9c6d,provisional,,,,,,not_applicable_n_out_of_range,not_calculated,ROUT not implemented from scratch during MVP per handoff guardrails; no trusted existing implementation wired up yet.
1989,24,1,spent yeast,xrf,rb,maplewood,as is,,ppm,45.0,1,20.0,20.0,,,20.0,20.0,0.0,20.0,(d2)9ee4,provisional,,,,,,not_applicable_n_out_of_range,not_calculated,ROUT not implemented from scratch during MVP per handoff guardrails; no trusted existing implementation wired up yet.
1990,24,1,spent yeast,xrf,sn,maplewood,as is,,ppm,45.0,1,0.0,0.0,,,0.0,0.0,0.0,0.0,(d2)b754,provisional,,,,,,not_applicable_n_out_of_range,not_calculated,ROUT not implemented from scratch during MVP per handoff guardrails; no trusted existing implementation wired up yet.
1991,24,1,spent yeast,xrf,al,maplewood,as is,,ppm,45.0,1,0.0,0.0,,,0.0,0.0,0.0,0.0,(d2)be0d,provisional,,,,,,not_applicable_n_out_of_range,not_calculated,ROUT not implemented from scratch during MVP per handoff guardrails; no trusted existing implementation wired up yet.
1992,24,1,spent yeast,xrf,cu,maplewood,as is,,ppm,45.0,1,11.0,11.0,,,11.0,11.0,0.0,11.0,(d2)c3b1,provisional,,,,,,not_applicable_n_out_of_range,not_calculated,ROUT not implemented from scratch during MVP per handoff guardrails; no trusted existing implementation wired up yet.
1993,24,1,spent yeast,xrf,co,maplewood,as is,,ppm,45.0,1,0.0,0.0,,,0.0,0.0,0.0,0.0,(d2)c42d,provisional,,,,,,not_applicable_n_out_of_range,not_calculated,ROUT not implemented from scratch during MVP per handoff guardrails; no trusted existing implementation wired up yet.
1994,24,1,spent yeast,xrf,se,maplewood,as is,,ppm,45.0,1,0.0,0.0,,,0.0,0.0,0.0,0.0,(d2)c6c1,provisional,,,,,,not_applicable_n_out_of_range,not_calculated,ROUT not implemented from scratch during MVP per handoff guardrails; no trusted existing implementation wired up yet.
1995,24,1,spent yeast,xrf,cr,maplewood,as is,,ppm,45.0,1,0.0,0.0,,,0.0,0.0,0.0,0.0,(d2)c86d,provisional,,,,,,not_applicable_n_out_of_range,not_calculated,ROUT not implemented from scratch during MVP per handoff guardrails; no trusted existing implementation wired up yet.
1996,24,1,spent yeast,xrf,v,maplewood,as is,,ppm,45.0,1,0.0,0.0,,,0.0,0.0,0.0,0.0,(d2)cd3c,provisional,,,,,,not_applicable_n_out_of_range,not_calculated,ROUT not implemented from scratch during MVP per handoff guardrails; no trusted existing implementation wired up yet.
1997,24,1,spent yeast,xrf,bi,maplewood,as is,,ppm,45.0,1,0.0,0.0,,,0.0,0.0,0.0,0.0,(d2)d1bd,provisional,,,,,,not_applicable_n_out_of_range,not_calculated,ROUT not implemented from scratch during MVP per handoff guardrails; no trusted existing implementation wired up yet.
1998,24,1,spent yeast,xrf,la,maplewood,as is,,ppm,45.0,1,0.0,0.0,,,0.0,0.0,0.0,0.0,(d2)d7ad,provisional,,,,,,not_applicable_n_out_of_range,not_calculated,ROUT not implemented from scratch during MVP per handoff guardrails; no trusted existing implementation wired up yet.
1999,24,1,spent yeast,xrf,k,maplewood,as is,,ppm,45.0,1,28700.0,28700.0,,,28700.0,28700.0,0.0,28700.0,(d2)d81d,provisional,,,,,,not_applicable_n_out_of_range,not_calculated,ROUT not implemented from scratch during MVP per handoff guardrails; no trusted existing implementation wired up yet.
2000,24,1,spent yeast,xrf,u,maplewood,as is,,ppm,45.0,1,3.0,3.0,,,3.0,3.0,0.0,3.0,(d2)dd3a,provisional,,,,,,not_applicable_n_out_of_range,not_calculated,ROUT not implemented from scratch during MVP per handoff guardrails; no trusted existing implementation wired up yet.
2001,24,1,spent yeast,xrf,w,maplewood,as is,,ppm,45.0,1,0.0,0.0,,,0.0,0.0,0.0,0.0,(d2)dfe3,provisional,,,,,,not_applicable_n_out_of_range,not_calculated,ROUT not implemented from scratch during MVP per handoff guardrails; no trusted existing implementation wired up yet.
2002,24,1,spent yeast,xrf,zn,maplewood,as is,,ppm,45.0,1,17.0,17.0,,,17.0,17.0,0.0,17.0,(d2)f193,provisional,,,,,,not_applicable_n_out_of_range,not_calculated,ROUT not implemented from scratch during MVP per handoff guardrails; no trusted existing implementation wired up yet.
2003,131,11,pistachio stems & leaves,xrf,sr,tripod,oven dry + knife mill (2mm),,ppm,47.0,3,66.0,64.0,4.358898943540674,6.604392338697991,63.0,71.0,8.0,"71.0,63.0,64.0","(d4)03db,(d4)1bc6,(d4)c851",pass,False,False,0.875,(d4)03db,False,calculated,not_calculated,ROUT not implemented from scratch during MVP per handoff guardrails; no trusted existing implementation wired up yet.
2004,131,11,pistachio stems & leaves,xrf,rb,tripod,oven dry + knife mill (2mm),,ppm,47.0,3,51.333333333333336,52.0,1.1547005383792517,2.2494166332063346,50.0,52.0,2.0,"50.0,52.0,52.0","(d4)072e,(d4)0bd9,(d4)e51b",pass,False,False,1.0,(d4)072e,True,calculated,not_calculated,ROUT not implemented from scratch during MVP per handoff guardrails; no trusted existing implementation wired up yet.
2005,131,11,pistachio stems & leaves,xrf,la,tripod,oven dry + knife mill (2mm),,ppm,47.0,3,47.333333333333336,48.0,5.033222956847167,10.633569627141902,42.0,52.0,10.0,"48.0,52.0,42.0","(d4)0b14,(d4)76d9,(d4)9b38",pass,True,False,0.6,(d4)9b38,False,calculated,not_calculated,ROUT not implemented from scratch during MVP per handoff guardrails; no trusted existing implementation wired up yet.
2006,131,11,pistachio stems & leaves,xrf,cu,tripod,oven dry + knife mill (2mm),,ppm,47.0,3,17.333333333333332,17.0,1.5275252316519463,8.81264556722277,16.0,19.0,3.0,"16.0,17.0,19.0","(d4)0e68,(d4)5e0a,(d4)e051",pass,False,False,0.6666666666666666,(d4)e051,False,calculated,not_calculated,ROUT not implemented from scratch during MVP per handoff guardrails; no trusted existing implementation wired up yet.
2007,131,11,pistachio stems & leaves,xrf,p,tripod,oven dry + knife mill (2mm),,ppm,47.0,3,2693.333333333333,2700.0,30.550504633038933,1.1343009145930296,2660.0,2720.0,60.0,"2720.0,2700.0,2660.0","(d4)18f1,(d4)2422,(d4)c69e",pass,False,False,0.6666666666666666,(d4)c69e,False,calculated,not_calculated,ROUT not implemented from scratch during MVP per handoff guardrails; no trusted existing implementation wired up yet.
2008,131,11,pistachio stems & leaves,xrf,u,tripod,oven dry + knife mill (2mm),,ppm,47.0,3,12.333333333333334,12.0,1.5275252316519468,12.385339716096864,11.0,14.0,3.0,"12.0,11.0,14.0","(d4)1ed9,(d4)420b,(d4)7724",pass,True,False,0.6666666666666666,(d4)7724,False,calculated,not_calculated,ROUT not implemented from scratch during MVP per handoff guardrails; no trusted existing implementation wired up yet.
2009,131,11,pistachio stems & leaves,xrf,ti,tripod,oven dry + knife mill (2mm),,ppm,47.0,3,224.33333333333331,225.0,53.00314456080255,23.62695894240827,171.0,277.0,106.0,"171.0,225.0,277.0","(d4)2876,(d4)bd16,(d4)d0e1",pass,True,True,0.5094339622641509,(d4)2876,False,calculated,not_calculated,ROUT not implemented from scratch during MVP per handoff guardrails; no trusted existing implementation wired up yet.
2010,131,11,pistachio stems & leaves,xrf,k,tripod,oven dry + knife mill (2mm),,ppm,47.0,3,29733.33333333333,29800.0,115.47005383792516,0.3883521990064747,29600.0,29800.0,200.0,"29600.0,29800.0,29800.0","(d4)2d2f,(d4)3605,(d4)f884",pass,False,False,1.0,(d4)2d2f,True,calculated,not_calculated,ROUT not implemented from scratch during MVP per handoff guardrails; no trusted existing implementation wired up yet.
2011,131,11,pistachio stems & leaves,xrf,zn,tripod,oven dry + knife mill (2mm),,ppm,47.0,3,34.666666666666664,34.0,1.1547005383792517,3.330866937632457,34.0,36.0,2.0,"34.0,34.0,36.0","(d4)338b,(d4)d36b,(d4)fecf",pass,False,False,1.0,(d4)fecf,True,calculated,not_calculated,ROUT not implemented from scratch during MVP per handoff guardrails; no trusted existing implementation wired up yet.
2012,131,11,pistachio stems & leaves,xrf,ba,tripod,oven dry + knife mill (2mm),,ppm,47.0,3,39.0,34.0,9.539392014169456,24.45997952351143,33.0,50.0,17.0,"33.0,50.0,34.0","(d4)4dae,(d4)dbe3,(d4)e384",pass,True,True,0.9411764705882353,(d4)dbe3,False,calculated,not_calculated,ROUT not implemented from scratch during MVP per handoff guardrails; no trusted existing implementation wired up yet.
2013,131,11,pistachio stems & leaves,xrf,mg,tripod,oven dry + knife mill (2mm),,ppm,47.0,3,7253.333333333333,7650.0,784.2406093370411,10.81214075372759,6350.0,7760.0,1410.0,"6350.0,7650.0,7760.0","(d4)4e1d,(d4)55f7,(d4)b0a4",pass,True,False,0.9219858156028369,(d4)4e1d,False,calculated,not_calculated,ROUT not implemented from scratch during MVP per handoff guardrails; no trusted existing implementation wired up yet.
2014,131,11,pistachio stems & leaves,xrf,mo,tripod,oven dry + knife mill (2mm),,ppm,47.0,1,4.0,4.0,,,4.0,4.0,0.0,4.0,(d4)50e0,fail,,,,,,not_applicable_n_out_of_range,not_calculated,ROUT not implemented from scratch during MVP per handoff guardrails; no trusted existing implementation wired up yet.
2015,131,11,pistachio stems & leaves,xrf,s,tripod,oven dry + knife mill (2mm),,ppm,47.0,3,2336.6666666666665,2320.0,66.58328118479393,2.849498481517572,2280.0,2410.0,130.0,"2280.0,2410.0,2320.0","(d4)5ded,(d4)cafe,(d4)da23",pass,False,False,0.6923076923076923,(d4)cafe,False,calculated,not_calculated,ROUT not implemented from scratch during MVP per handoff guardrails; no trusted existing implementation wired up yet.
2016,131,11,pistachio stems & leaves,xrf,ce,tripod,oven dry + knife mill (2mm),,ppm,47.0,2,70.0,70.0,29.698484809834994,42.42640687119285,49.0,91.0,42.0,"49.0,91.0","(d4)61db,(d4)8033",pass,True,True,,,,not_applicable_n_out_of_range,not_calculated,ROUT not implemented from scratch during MVP per handoff guardrails; no trusted existing implementation wired up yet.
2017,131,11,pistachio stems & leaves,xrf,si,tripod,oven dry + knife mill (2mm),,ppm,47.0,3,2490.0,2460.0,226.4950330581225,9.096186066591263,2280.0,2730.0,450.0,"2730.0,2280.0,2460.0","(d4)64ba,(d4)b52c,(d4)fd22",pass,False,False,0.6,(d4)64ba,False,calculated,not_calculated,ROUT not implemented from scratch during MVP per handoff guardrails; no trusted existing implementation wired up yet.
2018,131,11,pistachio stems & leaves,xrf,fe,tripod,oven dry + knife mill (2mm),,ppm,47.0,3,455.0,449.0,28.478061731796284,6.258914666328853,430.0,486.0,56.0,"430.0,486.0,449.0","(d4)7d65,(d4)f5aa,(d4)f6c8",pass,False,False,0.6607142857142857,(d4)f5aa,False,calculated,not_calculated,ROUT not implemented from scratch during MVP per handoff guardrails; no trusted existing implementation wired up yet.
2019,131,11,pistachio stems & leaves,xrf,th,tripod,oven dry + knife mill (2mm),,ppm,47.0,3,36.0,35.0,1.7320508075688772,4.811252243246881,35.0,38.0,3.0,"35.0,35.0,38.0","(d4)7e04,(d4)9a5c,(d4)dd86",pass,False,False,1.0,(d4)dd86,True,calculated,not_calculated,ROUT not implemented from scratch during MVP per handoff guardrails; no trusted existing implementation wired up yet.
2020,131,11,pistachio stems & leaves,xrf,co,tripod,oven dry + knife mill (2mm),,ppm,47.0,1,13.0,13.0,,,13.0,13.0,0.0,13.0,(d4)866a,fail,,,,,,not_applicable_n_out_of_range,not_calculated,ROUT not implemented from scratch during MVP per handoff guardrails; no trusted existing implementation wired up yet.
2021,131,11,pistachio stems & leaves,xrf,mn,tripod,oven dry + knife mill (2mm),,ppm,47.0,3,76.0,77.0,2.6457513110645907,3.4812517250849875,73.0,78.0,5.0,"78.0,73.0,77.0","(d4)9a61,(d4)b9a5,(d4)bd05",pass,False,False,0.8,(d4)b9a5,False,calculated,not_calculated,ROUT not implemented from scratch during MVP per handoff guardrails; no trusted existing implementation wired up yet.
2022,131,11,pistachio stems & leaves,xrf,ca,tripod,oven dry + knife mill (2mm),,ppm,47.0,3,20500.0,19300.0,2253.885533916929,10.99456358008258,19100.0,23100.0,4000.0,"19100.0,23100.0,19300.0","(d4)bbf8,(d4)c26b,(d4)de8c",pass,True,False,0.95,(d4)c26b,False,calculated,not_calculated,ROUT not implemented from scratch during MVP per handoff guardrails; no trusted existing implementation wired up yet.
2023,131,11,pistachio stems & leaves,xrf,pr,tripod,oven dry + knife mill (2mm),,ppm,47.0,1,126.0,126.0,,,126.0,126.0,0.0,126.0,(d4)ff39,fail,,,,,,not_applicable_n_out_of_range,not_calculated,ROUT not implemented from scratch during MVP per handoff guardrails; no trusted existing implementation wired up yet.
2024,116,23,grape pomace,xrf,u,rigging,oven dry + knife mill (2mm),,ppm,47.0,3,16.333333333333332,16.0,0.5773502691896258,3.5347975664670974,16.0,17.0,1.0,"17.0,16.0,16.0","(d6)0264,(d6)b6ae,(d6)d6dd",pass,False,False,1.0,(d6)0264,True,calculated,not_calculated,ROUT not implemented from scratch during MVP per handoff guardrails; no trusted existing implementation wired up yet.
2025,116,23,grape pomace,xrf,s,rigging,oven dry + knife mill (2mm),,ppm,47.0,3,2403.333333333333,2410.0,60.277137733417085,2.508063983359934,2340.0,2460.0,120.0,"2460.0,2410.0,2340.0","(d6)054d,(d6)686c,(d6)c576",pass,False,False,0.5833333333333334,(d6)c576,False,calculated,not_calculated,ROUT not implemented from scratch during MVP per handoff guardrails; no trusted existing implementation wired up yet.
2026,116,23,grape pomace,xrf,rb,rigging,oven dry + knife mill (2mm),,ppm,47.0,3,21.33333333333333,21.0,0.5773502691896258,2.706329386826371,21.0,22.0,1.0,"21.0,22.0,21.0","(d6)0612,(d6)3037,(d6)6143",pass,False,False,1.0,(d6)3037,True,calculated,not_calculated,ROUT not implemented from scratch during MVP per handoff guardrails; no trusted existing implementation wired up yet.
2027,116,23,grape pomace,xrf,sr,rigging,oven dry + knife mill (2mm),,ppm,47.0,3,38.66666666666666,38.0,1.1547005383792517,2.98629449580841,38.0,40.0,2.0,"38.0,38.0,40.0","(d6)0aba,(d6)27ed,(d6)cdec",pass,False,False,1.0,(d6)cdec,True,calculated,not_calculated,ROUT not implemented from scratch during MVP per handoff guardrails; no trusted existing implementation wired up yet.
2028,116,23,grape pomace,xrf,co,rigging,oven dry + knife mill (2mm),,ppm,47.0,1,10.0,10.0,,,10.0,10.0,0.0,10.0,(d6)1de5,fail,,,,,,not_applicable_n_out_of_range,not_calculated,ROUT not implemented from scratch during MVP per handoff guardrails; no trusted existing implementation wired up yet.
2029,116,23,grape pomace,xrf,fe,rigging,oven dry + knife mill (2mm),,ppm,47.0,3,188.33333333333331,190.0,7.637626158259733,4.055376721199858,180.0,195.0,15.0,"190.0,180.0,195.0","(d6)2297,(d6)2fcf,(d6)716e",pass,False,False,0.6666666666666666,(d6)2fcf,False,calculated,not_calculated,ROUT not implemented from scratch during MVP per handoff guardrails; no trusted existing implementation wired up yet.
2030,116,23,grape pomace,xrf,p,rigging,oven dry + knife mill (2mm),,ppm,47.0,3,2760.0,2740.0,72.11102550927978,2.6127183155536158,2700.0,2840.0,140.0,"2700.0,2840.0,2740.0","(d6)39b5,(d6)a2fc,(d6)d90b",pass,False,False,0.7142857142857143,(d6)a2fc,False,calculated,not_calculated,ROUT not implemented from scratch during MVP per handoff guardrails; no trusted existing implementation wired up yet.
2031,116,23,grape pomace,xrf,cu,rigging,oven dry + knife mill (2mm),,ppm,47.0,3,18.0,18.0,4.0,22.22222222222222,14.0,22.0,8.0,"18.0,22.0,14.0","(d6)3f05,(d6)52bb,(d6)cabd",pass,True,True,0.5,(d6)cabd,False,calculated,not_calculated,ROUT not implemented from scratch during MVP per handoff guardrails; no trusted existing implementation wired up yet.
2032,116,23,grape pomace,xrf,si,rigging,oven dry + knife mill (2mm),,ppm,47.0,3,2073.333333333333,2220.0,344.2867022313429,16.6054679532802,1680.0,2320.0,640.0,"1680.0,2320.0,2220.0","(d6)3fe4,(d6)76d7,(d6)b47f",pass,True,False,0.84375,(d6)3fe4,False,calculated,not_calculated,ROUT not implemented from scratch during MVP per handoff guardrails; no trusted existing implementation wired up yet.
2033,116,23,grape pomace,xrf,th,rigging,oven dry + knife mill (2mm),,ppm,47.0,3,46.66666666666666,45.0,3.785938897200183,8.112726208286107,44.0,51.0,7.0,"45.0,51.0,44.0","(d6)4c8c,(d6)6855,(d6)fdd3",pass,False,False,0.8571428571428571,(d6)6855,False,calculated,not_calculated,ROUT not implemented from scratch during MVP per handoff guardrails; no trusted existing implementation wired up yet.
2034,116,23,grape pomace,xrf,zn,rigging,oven dry + knife mill (2mm),,ppm,47.0,3,22.0,22.0,1.0,4.545454545454546,21.0,23.0,2.0,"21.0,22.0,23.0","(d6)64af,(d6)aa9c,(d6)ddd8",pass,False,False,0.5,(d6)64af,False,calculated,not_calculated,ROUT not implemented from scratch during MVP per handoff guardrails; no trusted existing implementation wired up yet.
2035,116,23,grape pomace,xrf,ce,rigging,oven dry + knife mill (2mm),,ppm,47.0,1,90.0,90.0,,,90.0,90.0,0.0,90.0,(d6)7249,fail,,,,,,not_applicable_n_out_of_range,not_calculated,ROUT not implemented from scratch during MVP per handoff guardrails; no trusted existing implementation wired up yet.
2036,116,23,grape pomace,xrf,ba,rigging,oven dry + knife mill (2mm),,ppm,47.0,2,38.0,38.0,7.071067811865476,18.608073189119672,33.0,43.0,10.0,"43.0,33.0","(d6)755e,(d6)c135",pass,True,False,,,,not_applicable_n_out_of_range,not_calculated,ROUT not implemented from scratch during MVP per handoff guardrails; no trusted existing implementation wired up yet.
2037,116,23,grape pomace,xrf,mn,rigging,oven dry + knife mill (2mm),,ppm,47.0,3,52.333333333333336,52.0,6.506407098647712,12.432625029263145,46.0,59.0,13.0,"52.0,59.0,46.0","(d6)7c46,(d6)dd9f,(d6)ebfb",pass,True,False,0.5384615384615384,(d6)dd9f,False,calculated,not_calculated,ROUT not implemented from scratch during MVP per handoff guardrails; no trusted existing implementation wired up yet.
2038,116,23,grape pomace,xrf,ca,rigging,oven dry + knife mill (2mm),,ppm,47.0,3,5010.0,4990.0,111.35528725660043,2.2226604242834416,4910.0,5130.0,220.0,"4990.0,4910.0,5130.0","(d6)837b,(d6)9c4c,(d6)a9d3",pass,False,False,0.6363636363636364,(d6)a9d3,False,calculated,not_calculated,ROUT not implemented from scratch during MVP per handoff guardrails; no trusted existing implementation wired up yet.
2039,116,23,grape pomace,xrf,k,rigging,oven dry + knife mill (2mm),,ppm,47.0,3,9493.333333333334,9540.0,184.48125469362284,1.9432716435423751,9290.0,9650.0,360.0,"9540.0,9290.0,9650.0","(d6)8555,(d6)8bbf,(d6)d115",pass,False,False,0.6944444444444444,(d6)8bbf,False,calculated,not_calculated,ROUT not implemented from scratch during MVP per handoff guardrails; no trusted existing implementation wired up yet.
2040,116,23,grape pomace,xrf,la,rigging,oven dry + knife mill (2mm),,ppm,47.0,2,46.5,46.5,2.1213203435596424,4.561979233461597,45.0,48.0,3.0,"45.0,48.0","(d6)9ea0,(d6)c63c",pass,False,False,,,,not_applicable_n_out_of_range,not_calculated,ROUT not implemented from scratch during MVP per handoff guardrails; no trusted existing implementation wired up yet.
2041,116,23,grape pomace,xrf,mg,rigging,oven dry + knife mill (2mm),,ppm,47.0,1,3560.0,3560.0,,,3560.0,3560.0,0.0,3560.0,(d6)c80a,fail,,,,,,not_applicable_n_out_of_range,not_calculated,ROUT not implemented from scratch during MVP per handoff guardrails; no trusted existing implementation wired up yet.
2042,82,20,wheat straw,xrf,rb,wardrobe,knife mill (2mm),,ppm,47.0,3,54.66666666666666,53.0,3.785938897200183,6.925497982683261,52.0,59.0,7.0,"59.0,52.0,53.0","(da)0531,(da)4a0a,(da)79f2",pass,False,False,0.8571428571428571,(da)0531,False,calculated,not_calculated,ROUT not implemented from scratch during MVP per handoff guardrails; no trusted existing implementation wired up yet.
2043,153,3,pistachio shells,xrf,ca,tripod,knife mill (2mm),,ppm,47.0,3,553.6666666666666,743.0,328.80135847245725,59.386157460407695,174.0,744.0,570.0,"744.0,743.0,174.0","(da)0b06,(da)939f,(da)99ec",pass,True,True,0.9982456140350877,(da)99ec,True,calculated,not_calculated,ROUT not implemented from scratch during MVP per handoff guardrails; no trusted existing implementation wired up yet.
2044,82,20,wheat straw,xrf,ce,wardrobe,knife mill (2mm),,ppm,47.0,1,40.0,40.0,,,40.0,40.0,0.0,40.0,(da)0b57,fail,,,,,,not_applicable_n_out_of_range,not_calculated,ROUT not implemented from scratch during MVP per handoff guardrails; no trusted existing implementation wired up yet.
2045,153,3,pistachio shells,xrf,cu,tripod,knife mill (2mm),,ppm,47.0,3,5.666666666666667,6.0,0.5773502691896258,10.188534162169868,5.0,6.0,1.0,"6.0,6.0,5.0","(da)0b98,(da)2d9f,(da)3a75",pass,True,False,1.0,(da)3a75,True,calculated,not_calculated,ROUT not implemented from scratch during MVP per handoff guardrails; no trusted existing implementation wired up yet.
2046,82,20,wheat straw,xrf,ba,wardrobe,knife mill (2mm),,ppm,47.0,2,25.0,25.0,0.0,0.0,25.0,25.0,0.0,"25.0,25.0","(da)0c12,(da)d0cc",pass,False,False,,,,not_applicable_n_out_of_range,not_calculated,ROUT not implemented from scratch during MVP per handoff guardrails; no trusted existing implementation wired up yet.
2047,82,20,wheat straw,xrf,th,wardrobe,knife mill (2mm),,ppm,47.0,3,75.0,73.0,3.4641016151377544,4.618802153517006,73.0,79.0,6.0,"73.0,73.0,79.0","(da)0ed7,(da)2022,(da)caca",pass,False,False,1.0,(da)caca,True,calculated,not_calculated,ROUT not implemented from scratch during MVP per handoff guardrails; no trusted existing implementation wired up yet.
2048,153,3,pistachio shells,xrf,ce,tripod,knife mill (2mm),,ppm,47.0,2,61.5,61.5,14.849242404917495,24.145109601491864,51.0,72.0,21.0,"51.0,72.0","(da)12c5,(da)93db",pass,True,True,,,,not_applicable_n_out_of_range,not_calculated,ROUT not implemented from scratch during MVP per handoff guardrails; no trusted existing implementation wired up yet.
2049,82,20,wheat straw,xrf,al,wardrobe,knife mill (2mm),,ppm,47.0,3,1770.0,1620.0,340.73450074801644,19.25053676542466,1530.0,2160.0,630.0,"1620.0,1530.0,2160.0","(da)198d,(da)357c,(da)9161",pass,True,False,0.8571428571428571,(da)9161,False,calculated,not_calculated,ROUT not implemented from scratch during MVP per handoff guardrails; no trusted existing implementation wired up yet.
2050,82,20,wheat straw,xrf,p,wardrobe,knife mill (2mm),,ppm,47.0,3,1310.0,1300.0,26.457513110645905,2.0196574893622827,1290.0,1340.0,50.0,"1290.0,1340.0,1300.0","(da)1b52,(da)b528,(da)e4be",pass,False,False,0.8,(da)b528,False,calculated,not_calculated,ROUT not implemented from scratch during MVP per handoff guardrails; no trusted existing implementation wired up yet.
2051,82,20,wheat straw,xrf,mo,wardrobe,knife mill (2mm),,ppm,47.0,3,10.0,10.0,1.0,10.0,9.0,11.0,2.0,"10.0,11.0,9.0","(da)1c17,(da)39e4,(da)92c4",pass,False,False,0.5,(da)92c4,False,calculated,not_calculated,ROUT not implemented from scratch during MVP per handoff guardrails; no trusted existing implementation wired up yet.
2052,153,3,pistachio shells,xrf,zn,tripod,knife mill (2mm),,ppm,47.0,3,6.0,6.0,1.0,16.666666666666664,5.0,7.0,2.0,"5.0,6.0,7.0","(da)1e2a,(da)3ef9,(da)ba22",pass,True,False,0.5,(da)1e2a,False,calculated,not_calculated,ROUT not implemented from scratch during MVP per handoff guardrails; no trusted existing implementation wired up yet.
2053,82,20,wheat straw,xrf,cu,wardrobe,knife mill (2mm),,ppm,47.0,3,12.666666666666666,12.0,1.1547005383792517,9.116056881941462,12.0,14.0,2.0,"12.0,12.0,14.0","(da)270d,(da)9a02,(da)c60a",pass,False,False,1.0,(da)c60a,True,calculated,not_calculated,ROUT not implemented from scratch during MVP per handoff guardrails; no trusted existing implementation wired up yet.
2054,82,20,wheat straw,xrf,zn,wardrobe,knife mill (2mm),,ppm,47.0,3,27.33333333333333,27.0,2.516611478423584,9.20711516496433,25.0,30.0,5.0,"27.0,30.0,25.0","(da)2796,(da)4458,(da)7f44",pass,False,False,0.6,(da)4458,False,calculated,not_calculated,ROUT not implemented from scratch during MVP per handoff guardrails; no trusted existing implementation wired up yet.
2055,82,20,wheat straw,xrf,u,wardrobe,knife mill (2mm),,ppm,47.0,3,22.33333333333333,23.0,1.1547005383792517,5.170300918116052,21.0,23.0,2.0,"23.0,23.0,21.0","(da)322a,(da)62a1,(da)7146",pass,False,False,1.0,(da)7146,True,calculated,not_calculated,ROUT not implemented from scratch during MVP per handoff guardrails; no trusted existing implementation wired up yet.
2056,82,20,wheat straw,xrf,pb,wardrobe,knife mill (2mm),,ppm,47.0,2,5.5,5.5,0.7071067811865476,12.856486930664502,5.0,6.0,1.0,"6.0,5.0","(da)35c4,(da)e97d",pass,True,False,,,,not_applicable_n_out_of_range,not_calculated,ROUT not implemented from scratch during MVP per handoff guardrails; no trusted existing implementation wired up yet.
2057,82,20,wheat straw,xrf,ca,wardrobe,knife mill (2mm),,ppm,47.0,3,6040.0,6170.0,233.88031127053,3.872190583949172,5770.0,6180.0,410.0,"5770.0,6180.0,6170.0","(da)3776,(da)a4aa,(da)d622",pass,False,False,0.975609756097561,(da)3776,True,calculated,not_calculated,ROUT not implemented from scratch during MVP per handoff guardrails; no trusted existing implementation wired up yet.
2058,153,3,pistachio shells,xrf,mn,tripod,knife mill (2mm),,ppm,47.0,3,22.0,24.0,4.358898943540674,19.81317701609397,17.0,25.0,8.0,"24.0,17.0,25.0","(da)3986,(da)57a9,(da)bb41",pass,True,False,0.875,(da)57a9,False,calculated,not_calculated,ROUT not implemented from scratch during MVP per handoff guardrails; no trusted existing implementation wired up yet.
2059,153,3,pistachio shells,xrf,s,tripod,knife mill (2mm),,ppm,47.0,3,1353.0,331.0,1781.4261141007223,131.66490126391147,318.0,3410.0,3092.0,"318.0,3410.0,331.0","(da)3b5c,(da)6931,(da)9ddc",pass,True,True,0.9957956015523933,(da)6931,True,calculated,not_calculated,ROUT not implemented from scratch during MVP per handoff guardrails; no trusted existing implementation wired up yet.
2060,153,3,pistachio shells,xrf,fe,tripod,knife mill (2mm),,ppm,47.0,2,17.0,17.0,2.8284271247461903,16.63780661615406,15.0,19.0,4.0,"19.0,15.0","(da)41e0,(da)571b",pass,True,False,,,,not_applicable_n_out_of_range,not_calculated,ROUT not implemented from scratch during MVP per handoff guardrails; no trusted existing implementation wired up yet.
2061,82,20,wheat straw,xrf,si,wardrobe,knife mill (2mm),,ppm,47.0,3,63900.0,65200.0,3724.244889907215,5.828239264330539,59700.0,66800.0,7100.0,"66800.0,65200.0,59700.0","(da)43d9,(da)89ee,(da)d588",pass,False,False,0.7746478873239436,(da)d588,False,calculated,not_calculated,ROUT not implemented from scratch during MVP per handoff guardrails; no trusted existing implementation wired up yet.
2062,82,20,wheat straw,xrf,k,wardrobe,knife mill (2mm),,ppm,47.0,3,39100.0,38800.0,519.6152422706632,1.3289392385438958,38800.0,39700.0,900.0,"38800.0,38800.0,39700.0","(da)47b8,(da)8e26,(da)eb64",pass,False,False,1.0,(da)eb64,True,calculated,not_calculated,ROUT not implemented from scratch during MVP per handoff guardrails; no trusted existing implementation wired up yet.
2063,153,3,pistachio shells,xrf,ba,tripod,knife mill (2mm),,ppm,47.0,2,26.5,26.5,4.949747468305833,18.67829233322956,23.0,30.0,7.0,"23.0,30.0","(da)4b37,(da)e024",pass,True,False,,,,not_applicable_n_out_of_range,not_calculated,ROUT not implemented from scratch during MVP per handoff guardrails; no trusted existing implementation wired up yet.
2064,153,3,pistachio shells,xrf,p,tripod,knife mill (2mm),,ppm,47.0,3,327.0,330.0,21.656407827707717,6.62275468737239,304.0,347.0,43.0,"347.0,304.0,330.0","(da)4c31,(da)d9d7,(da)f16c",pass,False,False,0.6046511627906976,(da)d9d7,False,calculated,not_calculated,ROUT not implemented from scratch during MVP per handoff guardrails; no trusted existing implementation wired up yet.
2065,82,20,wheat straw,xrf,s,wardrobe,knife mill (2mm),,ppm,47.0,3,2983.333333333333,3060.0,177.857620959388,5.96170796511915,2780.0,3110.0,330.0,"3060.0,3110.0,2780.0","(da)4eeb,(da)be82,(da)da10",pass,False,False,0.8484848484848485,(da)da10,False,calculated,not_calculated,ROUT not implemented from scratch during MVP per handoff guardrails; no trusted existing implementation wired up yet.
2066,153,3,pistachio shells,xrf,mo,tripod,knife mill (2mm),,ppm,47.0,2,5.0,5.0,1.4142135623730951,28.284271247461906,4.0,6.0,2.0,"4.0,6.0","(da)4f76,(da)8ead",pass,True,True,,,,not_applicable_n_out_of_range,not_calculated,ROUT not implemented from scratch during MVP per handoff guardrails; no trusted existing implementation wired up yet.
2067,153,3,pistachio shells,xrf,si,tripod,knife mill (2mm),,ppm,47.0,3,624.0,762.0,285.243755409299,45.71214028995176,296.0,814.0,518.0,"296.0,762.0,814.0","(da)59ab,(da)a318,(da)ab11",pass,True,True,0.8996138996138996,(da)59ab,False,calculated,not_calculated,ROUT not implemented from scratch during MVP per handoff guardrails; no trusted existing implementation wired up yet.
2068,153,3,pistachio shells,xrf,rb,tripod,knife mill (2mm),,ppm,47.0,3,2.0,2.0,1.0,50.0,1.0,3.0,2.0,"2.0,1.0,3.0","(da)5d68,(da)6516,(da)82ee",pass,True,True,0.5,(da)6516,False,calculated,not_calculated,ROUT not implemented from scratch during MVP per handoff guardrails; no trusted existing implementation wired up yet.
2069,153,3,pistachio shells,xrf,th,tripod,knife mill (2mm),,ppm,47.0,3,45.0,44.0,2.6457513110645907,5.879447357921313,43.0,48.0,5.0,"48.0,43.0,44.0","(da)606e,(da)b117,(da)f06c",pass,False,False,0.8,(da)606e,False,calculated,not_calculated,ROUT not implemented from scratch during MVP per handoff guardrails; no trusted existing implementation wired up yet.
2070,82,20,wheat straw,xrf,ti,wardrobe,knife mill (2mm),,ppm,47.0,2,300.0,300.0,21.213203435596427,7.071067811865476,285.0,315.0,30.0,"315.0,285.0","(da)61cb,(da)7524",pass,False,False,,,,not_applicable_n_out_of_range,not_calculated,ROUT not implemented from scratch during MVP per handoff guardrails; no trusted existing implementation wired up yet.
2071,82,20,wheat straw,xrf,mg,wardrobe,knife mill (2mm),,ppm,47.0,1,6960.0,6960.0,,,6960.0,6960.0,0.0,6960.0,(da)6a11,fail,,,,,,not_applicable_n_out_of_range,not_calculated,ROUT not implemented from scratch during MVP per handoff guardrails; no trusted existing implementation wired up yet.
2072,153,3,pistachio shells,xrf,al,tripod,knife mill (2mm),,ppm,47.0,3,550.3333333333334,544.0,102.6466430689934,18.651721938642048,451.0,656.0,205.0,"544.0,451.0,656.0","(da)6aa7,(da)9c26,(da)bdee",pass,True,False,0.5463414634146342,(da)bdee,False,calculated,not_calculated,ROUT not implemented from scratch during MVP per handoff guardrails; no trusted existing implementation wired up yet.
2073,153,3,pistachio shells,xrf,k,tripod,knife mill (2mm),,ppm,47.0,3,3062.6666666666665,4190.0,1978.636230673373,64.60501406203875,778.0,4220.0,3442.0,"778.0,4190.0,4220.0","(da)766d,(da)c32b,(da)c3ff",pass,True,True,0.9912841371295759,(da)766d,True,calculated,not_calculated,ROUT not implemented from scratch during MVP per handoff guardrails; no trusted existing implementation wired up yet.
2074,153,3,pistachio shells,xrf,la,tripod,knife mill (2mm),,ppm,47.0,2,39.0,39.0,1.4142135623730951,3.626188621469475,38.0,40.0,2.0,"40.0,38.0","(da)850e,(da)a637",pass,False,False,,,,not_applicable_n_out_of_range,not_calculated,ROUT not implemented from scratch during MVP per handoff guardrails; no trusted existing implementation wired up yet.
2075,82,20,wheat straw,xrf,mn,wardrobe,knife mill (2mm),,ppm,47.0,3,99.66666666666669,103.0,13.316656236958789,13.36119354878808,85.0,111.0,26.0,"111.0,103.0,85.0","(da)92ec,(da)b495,(da)fa17",pass,True,False,0.6923076923076923,(da)fa17,False,calculated,not_calculated,ROUT not implemented from scratch during MVP per handoff guardrails; no trusted existing implementation wired up yet.
2076,82,20,wheat straw,xrf,fe,wardrobe,knife mill (2mm),,ppm,47.0,3,888.0,892.0,52.11525688318153,5.868835234592515,834.0,938.0,104.0,"892.0,834.0,938.0","(da)981f,(da)a6b1,(da)c2cf",pass,False,False,0.5576923076923077,(da)a6b1,False,calculated,not_calculated,ROUT not implemented from scratch during MVP per handoff guardrails; no trusted existing implementation wired up yet.
2077,82,20,wheat straw,xrf,sr,wardrobe,knife mill (2mm),,ppm,47.0,3,23.0,23.0,0.0,0.0,23.0,23.0,0.0,"23.0,23.0,23.0","(da)9d3c,(da)a30e,(da)af45",pass,False,False,,,,not_applicable_zero_range,not_calculated,ROUT not implemented from scratch during MVP per handoff guardrails; no trusted existing implementation wired up yet.
2078,153,3,pistachio shells,xrf,u,tripod,knife mill (2mm),,ppm,47.0,3,13.333333333333334,13.0,0.5773502691896257,4.330127018922193,13.0,14.0,1.0,"13.0,14.0,13.0","(da)a6ec,(da)b707,(da)e8db",pass,False,False,1.0,(da)b707,True,calculated,not_calculated,ROUT not implemented from scratch during MVP per handoff guardrails; no trusted existing implementation wired up yet.
2079,153,3,pistachio shells,xrf,pr,tripod,knife mill (2mm),,ppm,47.0,1,87.0,87.0,,,87.0,87.0,0.0,87.0,(da)abcf,fail,,,,,,not_applicable_n_out_of_range,not_calculated,ROUT not implemented from scratch during MVP per handoff guardrails; no trusted existing implementation wired up yet.
2080,153,3,pistachio shells,xrf,sr,tripod,knife mill (2mm),,ppm,47.0,1,3.0,3.0,,,3.0,3.0,0.0,3.0,(da)dc1d,fail,,,,,,not_applicable_n_out_of_range,not_calculated,ROUT not implemented from scratch during MVP per handoff guardrails; no trusted existing implementation wired up yet.
2081,82,20,wheat straw,xrf,la,wardrobe,knife mill (2mm),,ppm,47.0,1,33.0,33.0,,,33.0,33.0,0.0,33.0,(da)e384,fail,,,,,,not_applicable_n_out_of_range,not_calculated,ROUT not implemented from scratch during MVP per handoff guardrails; no trusted existing implementation wired up yet.
2082,82,20,wheat straw,xrf,pr,wardrobe,knife mill (2mm),,ppm,47.0,1,102.0,102.0,,,102.0,102.0,0.0,102.0,(da)f499,fail,,,,,,not_applicable_n_out_of_range,not_calculated,ROUT not implemented from scratch during MVP per handoff guardrails; no trusted existing implementation wired up yet.
2083,153,3,pistachio shells,xrf,ti,tripod,knife mill (2mm),,ppm,47.0,1,150.0,150.0,,,150.0,150.0,0.0,150.0,(da)f9ef,fail,,,,,,not_applicable_n_out_of_range,not_calculated,ROUT not implemented from scratch during MVP per handoff guardrails; no trusted existing implementation wired up yet.
2084,109,23,grape pomace,xrf,mg,,oven dry + knife mill (2mm),,ppm,47.0,1,3910.0,3910.0,,,3910.0,3910.0,0.0,3910.0,(ed)04fd,fail,,,,,,not_applicable_n_out_of_range,not_calculated,ROUT not implemented from scratch during MVP per handoff guardrails; no trusted existing implementation wired up yet.
2085,78,5,alfalfa,xrf,al,possessive,knife mill (2mm),,ppm,47.0,3,1623.3333333333333,1660.0,197.56855350316596,12.170547443726855,1410.0,1800.0,390.0,"1410.0,1800.0,1660.0","(ed)054d,(ed)4efd,(ed)523f",pass,True,False,0.6410256410256411,(ed)054d,False,calculated,not_calculated,ROUT not implemented from scratch during MVP per handoff guardrails; no trusted existing implementation wired up yet.
2086,78,5,alfalfa,xrf,mo,possessive,knife mill (2mm),,ppm,47.0,3,8.333333333333334,9.0,3.055050463303893,36.66060555964671,5.0,11.0,6.0,"5.0,11.0,9.0","(ed)057d,(ed)83de,(ed)a8cd",pass,True,True,0.6666666666666666,(ed)057d,False,calculated,not_calculated,ROUT not implemented from scratch during MVP per handoff guardrails; no trusted existing implementation wired up yet.
2087,78,5,alfalfa,xrf,co,possessive,knife mill (2mm),,ppm,47.0,1,17.0,17.0,,,17.0,17.0,0.0,17.0,(ed)0a86,fail,,,,,,not_applicable_n_out_of_range,not_calculated,ROUT not implemented from scratch during MVP per handoff guardrails; no trusted existing implementation wired up yet.
2088,109,23,grape pomace,xrf,k,,oven dry + knife mill (2mm),,ppm,47.0,3,19233.33333333333,19100.0,321.45502536643187,1.6713432861339614,19000.0,19600.0,600.0,"19600.0,19000.0,19100.0","(ed)0c65,(ed)56d3,(ed)6849",pass,False,False,0.8333333333333334,(ed)0c65,False,calculated,not_calculated,ROUT not implemented from scratch during MVP per handoff guardrails; no trusted existing implementation wired up yet.
2089,109,23,grape pomace,xrf,la,,oven dry + knife mill (2mm),,ppm,47.0,2,53.0,53.0,12.727922061357855,24.01494728558086,44.0,62.0,18.0,"62.0,44.0","(ed)0cb7,(ed)2472",pass,True,True,,,,not_applicable_n_out_of_range,not_calculated,ROUT not implemented from scratch during MVP per handoff guardrails; no trusted existing implementation wired up yet.
2090,78,5,alfalfa,xrf,sr,possessive,knife mill (2mm),,ppm,47.0,3,108.33333333333331,110.0,2.8867513459481287,2.664693550105965,105.0,110.0,5.0,"110.0,110.0,105.0","(ed)0cd3,(ed)53ff,(ed)ec76",pass,False,False,1.0,(ed)ec76,True,calculated,not_calculated,ROUT not implemented from scratch during MVP per handoff guardrails; no trusted existing implementation wired up yet.
2091,109,23,grape pomace,xrf,rb,,oven dry + knife mill (2mm),,ppm,47.0,3,8.0,8.0,0.0,0.0,8.0,8.0,0.0,"8.0,8.0,8.0","(ed)0eab,(ed)13de,(ed)9a25",pass,False,False,,,,not_applicable_zero_range,not_calculated,ROUT not implemented from scratch during MVP per handoff guardrails; no trusted existing implementation wired up yet.
2092,109,23,grape pomace,xrf,th,,oven dry + knife mill (2mm),,ppm,47.0,3,41.0,40.0,2.6457513110645907,6.453051978206319,39.0,44.0,5.0,"44.0,40.0,39.0","(ed)1292,(ed)ebbd,(ed)fc33",pass,False,False,0.8,(ed)1292,False,calculated,not_calculated,ROUT not implemented from scratch during MVP per handoff guardrails; no trusted existing implementation wired up yet.
2093,78,5,alfalfa,xrf,mn,possessive,knife mill (2mm),,ppm,47.0,3,51.66666666666666,51.0,6.027713773341708,11.666542787112984,46.0,58.0,12.0,"46.0,58.0,51.0","(ed)1429,(ed)a9f6,(ed)d1ee",pass,True,False,0.5833333333333334,(ed)a9f6,False,calculated,not_calculated,ROUT not implemented from scratch during MVP per handoff guardrails; no trusted existing implementation wired up yet.
2094,78,5,alfalfa,xrf,u,possessive,knife mill (2mm),,ppm,47.0,3,19.666666666666668,19.0,3.055050463303893,15.53415489815539,17.0,23.0,6.0,"23.0,19.0,17.0","(ed)1827,(ed)9e66,(ed)af66",pass,True,False,0.6666666666666666,(ed)1827,False,calculated,not_calculated,ROUT not implemented from scratch during MVP per handoff guardrails; no trusted existing implementation wired up yet.
2095,109,23,grape pomace,xrf,mo,,oven dry + knife mill (2mm),,ppm,47.0,2,5.5,5.5,2.1213203435596424,38.5694607919935,4.0,7.0,3.0,"7.0,4.0","(ed)1d32,(ed)37fc",pass,True,True,,,,not_applicable_n_out_of_range,not_calculated,ROUT not implemented from scratch during MVP per handoff guardrails; no trusted existing implementation wired up yet.
2096,78,5,alfalfa,xrf,si,possessive,knife mill (2mm),,ppm,47.0,3,3743.3333333333335,3770.0,290.9180869821148,7.771631887322745,3440.0,4020.0,580.0,"3440.0,4020.0,3770.0","(ed)1ed9,(ed)4a9f,(ed)f740",pass,False,False,0.5689655172413793,(ed)1ed9,False,calculated,not_calculated,ROUT not implemented from scratch during MVP per handoff guardrails; no trusted existing implementation wired up yet.
2097,109,23,grape pomace,xrf,u,,oven dry + knife mill (2mm),,ppm,47.0,3,13.333333333333334,13.0,0.5773502691896257,4.330127018922193,13.0,14.0,1.0,"14.0,13.0,13.0","(ed)2185,(ed)cb6f,(ed)e038",pass,False,False,1.0,(ed)2185,True,calculated,not_calculated,ROUT not implemented from scratch during MVP per handoff guardrails; no trusted existing implementation wired up yet.
2098,78,5,alfalfa,xrf,cu,possessive,knife mill (2mm),,ppm,47.0,3,22.0,23.0,1.7320508075688772,7.872958216222169,20.0,23.0,3.0,"23.0,20.0,23.0","(ed)22a6,(ed)8974,(ed)e231",pass,False,False,1.0,(ed)8974,True,calculated,not_calculated,ROUT not implemented from scratch during MVP per handoff guardrails; no trusted existing implementation wired up yet.
2099,109,23,grape pomace,xrf,ca,,oven dry + knife mill (2mm),,ppm,47.0,3,6713.333333333333,6650.0,118.46237095944574,1.7645834800314657,6640.0,6850.0,210.0,"6640.0,6850.0,6650.0","(ed)2551,(ed)41cb,(ed)cc77",pass,False,False,0.9523809523809523,(ed)41cb,False,calculated,not_calculated,ROUT not implemented from scratch during MVP per handoff guardrails; no trusted existing implementation wired up yet.
2100,78,5,alfalfa,xrf,pb,possessive,knife mill (2mm),,ppm,47.0,3,4.0,4.0,0.0,0.0,4.0,4.0,0.0,"4.0,4.0,4.0","(ed)2789,(ed)ee03,(ed)f900",pass,False,False,,,,not_applicable_zero_range,not_calculated,ROUT not implemented from scratch during MVP per handoff guardrails; no trusted existing implementation wired up yet.
2101,78,5,alfalfa,xrf,s,possessive,knife mill (2mm),,ppm,47.0,3,4320.0,4230.0,200.7485989988473,4.646958310158503,4180.0,4550.0,370.0,"4180.0,4550.0,4230.0","(ed)2c2c,(ed)6ec0,(ed)bec3",pass,False,False,0.8648648648648649,(ed)6ec0,False,calculated,not_calculated,ROUT not implemented from scratch during MVP per handoff guardrails; no trusted existing implementation wired up yet.
2102,109,23,grape pomace,xrf,nd,,oven dry + knife mill (2mm),,ppm,47.0,1,106.0,106.0,,,106.0,106.0,0.0,106.0,(ed)2f0a,fail,,,,,,not_applicable_n_out_of_range,not_calculated,ROUT not implemented from scratch during MVP per handoff guardrails; no trusted existing implementation wired up yet.
2103,109,23,grape pomace,xrf,p,,oven dry + knife mill (2mm),,ppm,47.0,3,3333.333333333333,3300.0,66.58328118479393,1.997498435543818,3290.0,3410.0,120.0,"3290.0,3300.0,3410.0","(ed)2f4e,(ed)5845,(ed)a9be",pass,False,False,0.9166666666666666,(ed)a9be,False,calculated,not_calculated,ROUT not implemented from scratch during MVP per handoff guardrails; no trusted existing implementation wired up yet.
2104,109,23,grape pomace,xrf,mn,,oven dry + knife mill (2mm),,ppm,47.0,3,45.0,46.0,7.54983443527075,16.77740985615722,37.0,52.0,15.0,"37.0,52.0,46.0","(ed)32b6,(ed)34e4,(ed)5160",pass,True,False,0.6,(ed)32b6,False,calculated,not_calculated,ROUT not implemented from scratch during MVP per handoff guardrails; no trusted existing implementation wired up yet.
2105,78,5,alfalfa,xrf,pr,possessive,knife mill (2mm),,ppm,47.0,1,67.0,67.0,,,67.0,67.0,0.0,67.0,(ed)3611,fail,,,,,,not_applicable_n_out_of_range,not_calculated,ROUT not implemented from scratch during MVP per handoff guardrails; no trusted existing implementation wired up yet.
2106,109,23,grape pomace,xrf,fe,,oven dry + knife mill (2mm),,ppm,47.0,3,376.6666666666667,377.0,10.503967504392486,2.788663939219244,366.0,387.0,21.0,"387.0,366.0,377.0","(ed)3abc,(ed)6d70,(ed)9622",pass,False,False,0.5238095238095238,(ed)6d70,False,calculated,not_calculated,ROUT not implemented from scratch during MVP per handoff guardrails; no trusted existing implementation wired up yet.
2107,109,23,grape pomace,xrf,ce,,oven dry + knife mill (2mm),,ppm,47.0,2,63.0,63.0,2.8284271247461903,4.489566864676493,61.0,65.0,4.0,"65.0,61.0","(ed)4181,(ed)7a9a",pass,False,False,,,,not_applicable_n_out_of_range,not_calculated,ROUT not implemented from scratch during MVP per handoff guardrails; no trusted existing implementation wired up yet.
2108,78,5,alfalfa,xrf,mg,possessive,knife mill (2mm),,ppm,47.0,3,11500.0,11700.0,1311.4877048604,11.404240911829566,10100.0,12700.0,2600.0,"12700.0,11700.0,10100.0","(ed)43e1,(ed)6da1,(ed)c293",pass,True,False,0.6153846153846154,(ed)c293,False,calculated,not_calculated,ROUT not implemented from scratch during MVP per handoff guardrails; no trusted existing implementation wired up yet.
2109,109,23,grape pomace,xrf,cu,,oven dry + knife mill (2mm),,ppm,47.0,3,23.33333333333333,24.0,1.1547005383792517,4.948716593053935,22.0,24.0,2.0,"24.0,22.0,24.0","(ed)45e3,(ed)49b0,(ed)9b50",pass,False,False,1.0,(ed)49b0,True,calculated,not_calculated,ROUT not implemented from scratch during MVP per handoff guardrails; no trusted existing implementation wired up yet.
2110,78,5,alfalfa,xrf,ba,possessive,knife mill (2mm),,ppm,47.0,3,25.666666666666668,25.0,2.081665999466133,8.110387010907012,24.0,28.0,4.0,"24.0,28.0,25.0","(ed)4fa6,(ed)63ef,(ed)959a",pass,False,False,0.75,(ed)63ef,False,calculated,not_calculated,ROUT not implemented from scratch during MVP per handoff guardrails; no trusted existing implementation wired up yet.
2111,78,5,alfalfa,xrf,zn,possessive,knife mill (2mm),,ppm,47.0,3,43.0,43.0,1.0,2.3255813953488373,42.0,44.0,2.0,"42.0,44.0,43.0","(ed)5501,(ed)6f85,(ed)cf7f",pass,False,False,0.5,(ed)5501,False,calculated,not_calculated,ROUT not implemented from scratch during MVP per handoff guardrails; no trusted existing implementation wired up yet.
2112,109,23,grape pomace,xrf,si,,oven dry + knife mill (2mm),,ppm,47.0,3,2730.0,2730.0,70.0,2.564102564102564,2660.0,2800.0,140.0,"2730.0,2800.0,2660.0","(ed)5c14,(ed)8dd0,(ed)ae4b",pass,False,False,0.5,(ed)ae4b,False,calculated,not_calculated,ROUT not implemented from scratch during MVP per handoff guardrails; no trusted existing implementation wired up yet.
2113,78,5,alfalfa,xrf,rb,possessive,knife mill (2mm),,ppm,47.0,3,55.333333333333336,55.0,0.5773502691896258,1.0434041009451067,55.0,56.0,1.0,"55.0,56.0,55.0","(ed)627d,(ed)9e36,(ed)9efb",pass,False,False,1.0,(ed)9e36,True,calculated,not_calculated,ROUT not implemented from scratch during MVP per handoff guardrails; no trusted existing implementation wired up yet.
2114,109,23,grape pomace,xrf,ba,,oven dry + knife mill (2mm),,ppm,47.0,3,31.666666666666668,33.0,5.131601439446884,16.205057177200686,26.0,36.0,10.0,"26.0,33.0,36.0","(ed)6371,(ed)653f,(ed)f255",pass,True,False,0.7,(ed)6371,False,calculated,not_calculated,ROUT not implemented from scratch during MVP per handoff guardrails; no trusted existing implementation wired up yet.
2115,109,23,grape pomace,xrf,sr,,oven dry + knife mill (2mm),,ppm,47.0,3,33.0,33.0,0.0,0.0,33.0,33.0,0.0,"33.0,33.0,33.0","(ed)7102,(ed)aaae,(ed)e65c",pass,False,False,,,,not_applicable_zero_range,not_calculated,ROUT not implemented from scratch during MVP per handoff guardrails; no trusted existing implementation wired up yet.
2116,78,5,alfalfa,xrf,th,possessive,knife mill (2mm),,ppm,47.0,3,56.333333333333336,57.0,4.041451884327381,7.174174942592983,52.0,60.0,8.0,"60.0,52.0,57.0","(ed)7301,(ed)9e61,(ed)af6e",pass,False,False,0.625,(ed)9e61,False,calculated,not_calculated,ROUT not implemented from scratch during MVP per handoff guardrails; no trusted existing implementation wired up yet.
2117,109,23,grape pomace,xrf,s,,oven dry + knife mill (2mm),,ppm,47.0,3,2783.333333333333,2740.0,83.86497083606082,3.013112724648892,2730.0,2880.0,150.0,"2730.0,2740.0,2880.0","(ed)77f7,(ed)7c69,(ed)cb57",pass,False,False,0.9333333333333333,(ed)cb57,False,calculated,not_calculated,ROUT not implemented from scratch during MVP per handoff guardrails; no trusted existing implementation wired up yet.
2118,109,23,grape pomace,xrf,pr,,oven dry + knife mill (2mm),,ppm,47.0,2,86.0,86.0,19.79898987322333,23.022081247934107,72.0,100.0,28.0,"72.0,100.0","(ed)7d94,(ed)df9e",pass,True,True,,,,not_applicable_n_out_of_range,not_calculated,ROUT not implemented from scratch during MVP per handoff guardrails; no trusted existing implementation wired up yet.
2119,78,5,alfalfa,xrf,nd,possessive,knife mill (2mm),,ppm,47.0,1,79.0,79.0,,,79.0,79.0,0.0,79.0,(ed)8675,fail,,,,,,not_applicable_n_out_of_range,not_calculated,ROUT not implemented from scratch during MVP per handoff guardrails; no trusted existing implementation wired up yet.
2120,78,5,alfalfa,xrf,k,possessive,knife mill (2mm),,ppm,47.0,3,15900.0,15700.0,529.1502622129182,3.3279890705214976,15500.0,16500.0,1000.0,"15700.0,15500.0,16500.0","(ed)8b54,(ed)99fb,(ed)aa21",pass,False,False,0.8,(ed)aa21,False,calculated,not_calculated,ROUT not implemented from scratch during MVP per handoff guardrails; no trusted existing implementation wired up yet.
2121,109,23,grape pomace,xrf,zn,,oven dry + knife mill (2mm),,ppm,47.0,3,24.666666666666668,25.0,1.5275252316519468,6.192669858048432,23.0,26.0,3.0,"26.0,23.0,25.0","(ed)9ba1,(ed)bed2,(ed)f1bc",pass,False,False,0.6666666666666666,(ed)bed2,False,calculated,not_calculated,ROUT not implemented from scratch during MVP per handoff guardrails; no trusted existing implementation wired up yet.
2122,78,5,alfalfa,xrf,ca,possessive,knife mill (2mm),,ppm,47.0,3,23200.0,23400.0,1212.4355652982142,5.226015367664717,21900.0,24300.0,2400.0,"21900.0,24300.0,23400.0","(ed)b7e9,(ed)c28c,(ed)de76",pass,False,False,0.625,(ed)b7e9,False,calculated,not_calculated,ROUT not implemented from scratch during MVP per handoff guardrails; no trusted existing implementation wired up yet.
2123,78,5,alfalfa,xrf,p,possessive,knife mill (2mm),,ppm,47.0,3,3810.0,3800.0,85.44003745317531,2.242520668062344,3730.0,3900.0,170.0,"3900.0,3800.0,3730.0","(ed)c57d,(ed)e198,(ed)f290",pass,False,False,0.5882352941176471,(ed)c57d,False,calculated,not_calculated,ROUT not implemented from scratch during MVP per handoff guardrails; no trusted existing implementation wired up yet.
2124,78,5,alfalfa,xrf,fe,possessive,knife mill (2mm),,ppm,47.0,3,405.3333333333333,405.0,1.5275252316519463,0.3768565538615,404.0,407.0,3.0,"407.0,404.0,405.0","(ed)c8fb,(ed)eeff,(ed)f93e",pass,False,False,0.6666666666666666,(ed)c8fb,False,calculated,not_calculated,ROUT not implemented from scratch during MVP per handoff guardrails; no trusted existing implementation wired up yet.
2125,78,5,alfalfa,xrf,ti,possessive,knife mill (2mm),,ppm,47.0,1,278.0,278.0,,,278.0,278.0,0.0,278.0,(ed)f401,fail,,,,,,not_applicable_n_out_of_range,not_calculated,ROUT not implemented from scratch during MVP per handoff guardrails; no trusted existing implementation wired up yet.
2126,132,9,pistachio hulls,xrf,mn,tripod,oven dry + knife mill (2mm),,ppm,47.0,3,33.333333333333336,32.0,8.082903768654761,24.24871130596428,26.0,42.0,16.0,"32.0,42.0,26.0","(f2)0fde,(f2)3976,(f2)b842",pass,True,True,0.625,(f2)3976,False,calculated,not_calculated,ROUT not implemented from scratch during MVP per handoff guardrails; no trusted existing implementation wired up yet.
2127,132,9,pistachio hulls,xrf,ti,tripod,oven dry + knife mill (2mm),,ppm,47.0,1,226.0,226.0,,,226.0,226.0,0.0,226.0,(f2)15b8,fail,,,,,,not_applicable_n_out_of_range,not_calculated,ROUT not implemented from scratch during MVP per handoff guardrails; no trusted existing implementation wired up yet.
2128,132,9,pistachio hulls,xrf,u,tripod,oven dry + knife mill (2mm),,ppm,47.0,3,5.666666666666667,6.0,0.5773502691896258,10.188534162169868,5.0,6.0,1.0,"5.0,6.0,6.0","(f2)15c2,(f2)7c16,(f2)b7aa",pass,True,False,1.0,(f2)15c2,True,calculated,not_calculated,ROUT not implemented from scratch during MVP per handoff guardrails; no trusted existing implementation wired up yet.
2129,132,9,pistachio hulls,xrf,cu,tripod,oven dry + knife mill (2mm),,ppm,47.0,3,14.333333333333334,15.0,5.033222956847166,35.1155090012593,9.0,19.0,10.0,"15.0,9.0,19.0","(f2)1836,(f2)7fa0,(f2)d1ae",pass,True,True,0.6,(f2)7fa0,False,calculated,not_calculated,ROUT not implemented from scratch during MVP per handoff guardrails; no trusted existing implementation wired up yet.
2130,132,9,pistachio hulls,xrf,ca,tripod,oven dry + knife mill (2mm),,ppm,47.0,3,4496.666666666667,4460.0,81.44527815247078,1.8112367268896392,4440.0,4590.0,150.0,"4440.0,4460.0,4590.0","(f2)1f9e,(f2)8c75,(f2)bba9",pass,False,False,0.8666666666666667,(f2)bba9,False,calculated,not_calculated,ROUT not implemented from scratch during MVP per handoff guardrails; no trusted existing implementation wired up yet.
2131,132,9,pistachio hulls,xrf,zn,tripod,oven dry + knife mill (2mm),,ppm,47.0,3,22.666666666666668,22.0,1.1547005383792517,5.094267081084933,22.0,24.0,2.0,"22.0,24.0,22.0","(f2)2038,(f2)85e3,(f2)a82f",pass,False,False,1.0,(f2)85e3,True,calculated,not_calculated,ROUT not implemented from scratch during MVP per handoff guardrails; no trusted existing implementation wired up yet.
2132,132,9,pistachio hulls,xrf,rb,tripod,oven dry + knife mill (2mm),,ppm,47.0,3,150.66666666666666,151.0,0.5773502691896258,0.3831970813205481,150.0,151.0,1.0,"151.0,150.0,151.0","(f2)2569,(f2)fbfd,(f2)fc97",pass,False,False,1.0,(f2)fbfd,True,calculated,not_calculated,ROUT not implemented from scratch during MVP per handoff guardrails; no trusted existing implementation wired up yet.
2133,132,9,pistachio hulls,xrf,ba,tripod,oven dry + knife mill (2mm),,ppm,47.0,3,39.0,38.0,9.539392014169456,24.45997952351143,30.0,49.0,19.0,"38.0,30.0,49.0","(f2)2cbe,(f2)9299,(f2)c584",pass,True,True,0.5789473684210527,(f2)c584,False,calculated,not_calculated,ROUT not implemented from scratch during MVP per handoff guardrails; no trusted existing implementation wired up yet.
2134,132,9,pistachio hulls,xrf,mo,tripod,oven dry + knife mill (2mm),,ppm,47.0,1,3.0,3.0,,,3.0,3.0,0.0,3.0,(f2)2ec0,pass,,,,,,not_applicable_n_out_of_range,not_calculated,ROUT not implemented from scratch during MVP per handoff guardrails; no trusted existing implementation wired up yet.
2135,132,9,pistachio hulls,xrf,s,tripod,oven dry + knife mill (2mm),,ppm,47.0,3,2943.333333333333,2960.0,47.258156262526086,1.6055998730190062,2890.0,2980.0,90.0,"2980.0,2890.0,2960.0","(f2)39f7,(f2)3f1d,(f2)e1d2",pass,False,False,0.7777777777777778,(f2)3f1d,False,calculated,not_calculated,ROUT not implemented from scratch during MVP per handoff guardrails; no trusted existing implementation wired up yet.
2136,132,9,pistachio hulls,xrf,th,tripod,oven dry + knife mill (2mm),,ppm,47.0,3,12.666666666666666,12.0,1.1547005383792517,9.116056881941462,12.0,14.0,2.0,"12.0,12.0,14.0","(f2)3a58,(f2)6850,(f2)6bb5",pass,False,False,1.0,(f2)6bb5,True,calculated,not_calculated,ROUT not implemented from scratch during MVP per handoff guardrails; no trusted existing implementation wired up yet.
2137,132,9,pistachio hulls,xrf,si,tripod,oven dry + knife mill (2mm),,ppm,47.0,3,1236.6666666666667,1210.0,92.9157324317757,7.513401544348438,1160.0,1340.0,180.0,"1340.0,1210.0,1160.0","(f2)5026,(f2)8e81,(f2)f021",pass,False,False,0.7222222222222222,(f2)5026,False,calculated,not_calculated,ROUT not implemented from scratch during MVP per handoff guardrails; no trusted existing implementation wired up yet.
2138,132,9,pistachio hulls,xrf,fe,tripod,oven dry + knife mill (2mm),,ppm,47.0,3,367.3333333333333,366.0,4.163331998932266,1.1333934661340108,364.0,372.0,8.0,"372.0,366.0,364.0","(f2)51e3,(f2)dc55,(f2)f6fb",pass,False,False,0.75,(f2)51e3,False,calculated,not_calculated,ROUT not implemented from scratch during MVP per handoff guardrails; no trusted existing implementation wired up yet.
2139,132,9,pistachio hulls,xrf,sr,tripod,oven dry + knife mill (2mm),,ppm,47.0,3,21.0,21.0,0.0,0.0,21.0,21.0,0.0,"21.0,21.0,21.0","(f2)6c3e,(f2)9d83,(f2)b13f",pass,False,False,,,,not_applicable_zero_range,not_calculated,ROUT not implemented from scratch during MVP per handoff guardrails; no trusted existing implementation wired up yet.
2140,132,9,pistachio hulls,xrf,ce,tripod,oven dry + knife mill (2mm),,ppm,47.0,2,79.0,79.0,0.0,0.0,79.0,79.0,0.0,"79.0,79.0","(f2)712c,(f2)f88d",pass,False,False,,,,not_applicable_n_out_of_range,not_calculated,ROUT not implemented from scratch during MVP per handoff guardrails; no trusted existing implementation wired up yet.
2141,132,9,pistachio hulls,xrf,k,tripod,oven dry + knife mill (2mm),,ppm,47.0,3,78400.0,78800.0,964.3650760992956,1.2300574950246117,77300.0,79100.0,1800.0,"79100.0,78800.0,77300.0","(f2)7acf,(f2)a535,(f2)a6d6",pass,False,False,0.8333333333333334,(f2)a6d6,False,calculated,not_calculated,ROUT not implemented from scratch during MVP per handoff guardrails; no trusted existing implementation wired up yet.
2142,132,9,pistachio hulls,xrf,la,tripod,oven dry + knife mill (2mm),,ppm,47.0,2,68.5,68.5,6.363961030678928,9.290454059385295,64.0,73.0,9.0,"64.0,73.0","(f2)9812,(f2)bcbf",pass,False,False,,,,not_applicable_n_out_of_range,not_calculated,ROUT not implemented from scratch during MVP per handoff guardrails; no trusted existing implementation wired up yet.
2143,132,9,pistachio hulls,xrf,p,tripod,oven dry + knife mill (2mm),,ppm,47.0,3,1880.0,1860.0,52.91502622129181,2.8146290543240324,1840.0,1940.0,100.0,"1840.0,1940.0,1860.0","(f2)aa25,(f2)b655,(f2)d306",pass,False,False,0.8,(f2)b655,False,calculated,not_calculated,ROUT not implemented from scratch during MVP per handoff guardrails; no trusted existing implementation wired up yet.
2144,132,9,pistachio hulls,xrf,pr,tripod,oven dry + knife mill (2mm),,ppm,47.0,1,135.0,135.0,,,135.0,135.0,0.0,135.0,(f2)ef28,fail,,,,,,not_applicable_n_out_of_range,not_calculated,ROUT not implemented from scratch during MVP per handoff guardrails; no trusted existing implementation wired up yet.
2145,83,55,peach seeds,xrf,mn,rushes,oven dry + knife mill (2mm),,ppm,47.0,3,29.666666666666668,30.0,1.5275252316519468,5.148961455006562,28.0,31.0,3.0,"28.0,31.0,30.0","(f6)078b,(f6)967a,(f6)fe93",pass,False,False,0.6666666666666666,(f6)078b,False,calculated,not_calculated,ROUT not implemented from scratch during MVP per handoff guardrails; no trusted existing implementation wired up yet.
2146,83,55,peach seeds,xrf,mo,rushes,oven dry + knife mill (2mm),,ppm,47.0,3,4.0,4.0,0.0,0.0,4.0,4.0,0.0,"4.0,4.0,4.0","(f6)07f5,(f6)c482,(f6)cd6c",pass,False,False,,,,not_applicable_zero_range,not_calculated,ROUT not implemented from scratch during MVP per handoff guardrails; no trusted existing implementation wired up yet.
2147,83,55,peach seeds,xrf,al,rushes,oven dry + knife mill (2mm),,ppm,47.0,2,538.0,538.0,19.79898987322333,3.6801096418630728,524.0,552.0,28.0,"552.0,524.0","(f6)0a10,(f6)3a1f",pass,False,False,,,,not_applicable_n_out_of_range,not_calculated,ROUT not implemented from scratch during MVP per handoff guardrails; no trusted existing implementation wired up yet.
2148,83,55,peach seeds,xrf,k,rushes,oven dry + knife mill (2mm),,ppm,47.0,3,7146.666666666667,7030.0,292.97326385411577,4.099439326316919,6930.0,7480.0,550.0,"6930.0,7030.0,7480.0","(f6)0a1e,(f6)2b0f,(f6)92de",pass,False,False,0.8181818181818182,(f6)92de,False,calculated,not_calculated,ROUT not implemented from scratch during MVP per handoff guardrails; no trusted existing implementation wired up yet.
2149,83,55,peach seeds,xrf,si,rushes,oven dry + knife mill (2mm),,ppm,47.0,3,252.66666666666663,261.0,40.15387071420803,15.89203326419843,209.0,288.0,79.0,"209.0,288.0,261.0","(f6)0bd0,(f6)268d,(f6)9ae8",pass,True,False,0.6582278481012658,(f6)0bd0,False,calculated,not_calculated,ROUT not implemented from scratch during MVP per handoff guardrails; no trusted existing implementation wired up yet.
2150,83,55,peach seeds,xrf,p,rushes,oven dry + knife mill (2mm),,ppm,47.0,3,1683.3333333333333,1680.0,45.09249752822894,2.678762229399739,1640.0,1730.0,90.0,"1680.0,1640.0,1730.0","(f6)10ee,(f6)875c,(f6)f64f",pass,False,False,0.5555555555555556,(f6)f64f,False,calculated,not_calculated,ROUT not implemented from scratch during MVP per handoff guardrails; no trusted existing implementation wired up yet.
2151,83,55,peach seeds,xrf,zn,rushes,oven dry + knife mill (2mm),,ppm,47.0,3,12.0,12.0,0.0,0.0,12.0,12.0,0.0,"12.0,12.0,12.0","(f6)15fb,(f6)f773,(f6)f7da",pass,False,False,,,,not_applicable_zero_range,not_calculated,ROUT not implemented from scratch during MVP per handoff guardrails; no trusted existing implementation wired up yet.
2152,83,55,peach seeds,xrf,cu,rushes,oven dry + knife mill (2mm),,ppm,47.0,3,12.333333333333334,12.0,0.5773502691896257,4.681218398834803,12.0,13.0,1.0,"12.0,12.0,13.0","(f6)1c49,(f6)22ce,(f6)f791",pass,False,False,1.0,(f6)f791,True,calculated,not_calculated,ROUT not implemented from scratch during MVP per handoff guardrails; no trusted existing implementation wired up yet.
2153,83,55,peach seeds,xrf,s,rushes,oven dry + knife mill (2mm),,ppm,47.0,3,717.0,719.0,23.065125189341597,3.2168933318468054,693.0,739.0,46.0,"719.0,693.0,739.0","(f6)2f04,(f6)64c0,(f6)a377",pass,False,False,0.5652173913043478,(f6)64c0,False,calculated,not_calculated,ROUT not implemented from scratch during MVP per handoff guardrails; no trusted existing implementation wired up yet.
2154,83,55,peach seeds,xrf,ca,rushes,oven dry + knife mill (2mm),,ppm,47.0,3,611.0,612.0,8.54400374531753,1.3983639517704631,602.0,619.0,17.0,"602.0,612.0,619.0","(f6)2fce,(f6)42a4,(f6)b039",pass,False,False,0.5882352941176471,(f6)2fce,False,calculated,not_calculated,ROUT not implemented from scratch during MVP per handoff guardrails; no trusted existing implementation wired up yet.
2155,83,55,peach seeds,xrf,pr,rushes,oven dry + knife mill (2mm),,ppm,47.0,1,55.0,55.0,,,55.0,55.0,0.0,55.0,(f6)401b,fail,,,,,,not_applicable_n_out_of_range,not_calculated,ROUT not implemented from scratch during MVP per handoff guardrails; no trusted existing implementation wired up yet.
2156,83,55,peach seeds,xrf,fe,rushes,oven dry + knife mill (2mm),,ppm,47.0,3,47.0,47.0,1.0,2.127659574468085,46.0,48.0,2.0,"48.0,46.0,47.0","(f6)7cdc,(f6)b01d,(f6)b1f1",pass,False,False,0.5,(f6)b01d,False,calculated,not_calculated,ROUT not implemented from scratch during MVP per handoff guardrails; no trusted existing implementation wired up yet.
2157,83,55,peach seeds,xrf,th,rushes,oven dry + knife mill (2mm),,ppm,47.0,3,46.333333333333336,46.0,1.5275252316519463,3.2968170467308195,45.0,48.0,3.0,"46.0,45.0,48.0","(f6)82cf,(f6)9dd5,(f6)f3c0",pass,False,False,0.6666666666666666,(f6)f3c0,False,calculated,not_calculated,ROUT not implemented from scratch during MVP per handoff guardrails; no trusted existing implementation wired up yet.
2158,83,55,peach seeds,xrf,u,rushes,oven dry + knife mill (2mm),,ppm,47.0,3,13.333333333333334,14.0,1.1547005383792517,8.660254037844387,12.0,14.0,2.0,"14.0,12.0,14.0","(f6)88f9,(f6)9bb6,(f6)cc1d","fail,pass",False,False,1.0,(f6)9bb6,True,calculated,not_calculated,ROUT not implemented from scratch during MVP per handoff guardrails; no trusted existing implementation wired up yet.
2159,83,55,peach seeds,xrf,la,rushes,oven dry + knife mill (2mm),,ppm,47.0,1,26.0,26.0,,,26.0,26.0,0.0,26.0,(f6)a4b0,fail,,,,,,not_applicable_n_out_of_range,not_calculated,ROUT not implemented from scratch during MVP per handoff guardrails; no trusted existing implementation wired up yet.
2160,83,55,peach seeds,xrf,ce,rushes,oven dry + knife mill (2mm),,ppm,47.0,1,54.0,54.0,,,54.0,54.0,0.0,54.0,(f6)c34b,fail,,,,,,not_applicable_n_out_of_range,not_calculated,ROUT not implemented from scratch during MVP per handoff guardrails; no trusted existing implementation wired up yet.
2161,83,55,peach seeds,xrf,mg,rushes,oven dry + knife mill (2mm),,ppm,47.0,1,3870.0,3870.0,,,3870.0,3870.0,0.0,3870.0,(f6)cc1d,fail,,,,,,not_applicable_n_out_of_range,not_calculated,ROUT not implemented from scratch during MVP per handoff guardrails; no trusted existing implementation wired up yet.
2162,83,55,peach seeds,xrf,ti,rushes,oven dry + knife mill (2mm),,ppm,47.0,1,154.0,154.0,,,154.0,154.0,0.0,154.0,(f6)dbed,pass,,,,,,not_applicable_n_out_of_range,not_calculated,ROUT not implemented from scratch during MVP per handoff guardrails; no trusted existing implementation wired up yet.
2163,83,55,peach seeds,xrf,ba,rushes,oven dry + knife mill (2mm),,ppm,47.0,1,39.0,39.0,,,39.0,39.0,0.0,39.0,(f6)e302,fail,,,,,,not_applicable_n_out_of_range,not_calculated,ROUT not implemented from scratch during MVP per handoff guardrails; no trusted existing implementation wired up yet.
2164,86,16,peach stems / leaves,xrf,mg,rushes,oven dry + knife mill (2mm),,ppm,47.0,3,8173.333333333333,8220.0,441.8521623046937,5.406021561639808,7710.0,8590.0,880.0,"8590.0,7710.0,8220.0","(f7)0cd3,(f7)3e14,(f7)b000",pass,False,False,0.5795454545454546,(f7)3e14,False,calculated,not_calculated,ROUT not implemented from scratch during MVP per handoff guardrails; no trusted existing implementation wired up yet.
2165,86,16,peach stems / leaves,xrf,ca,rushes,oven dry + knife mill (2mm),,ppm,47.0,3,35966.666666666664,35800.0,378.59388972001824,1.0526243458387905,35700.0,36400.0,700.0,"36400.0,35800.0,35700.0","(f7)1f1a,(f7)e141,(f7)fa2c",pass,False,False,0.8571428571428571,(f7)1f1a,False,calculated,not_calculated,ROUT not implemented from scratch during MVP per handoff guardrails; no trusted existing implementation wired up yet.
2166,86,16,peach stems / leaves,xrf,k,rushes,oven dry + knife mill (2mm),,ppm,47.0,3,38700.0,38600.0,360.5551275463989,0.9316669962439248,38400.0,39100.0,700.0,"38600.0,39100.0,38400.0","(f7)2537,(f7)44ed,(f7)c6c0",pass,False,False,0.7142857142857143,(f7)44ed,False,calculated,not_calculated,ROUT not implemented from scratch during MVP per handoff guardrails; no trusted existing implementation wired up yet.
2167,86,16,peach stems / leaves,xrf,p,rushes,oven dry + knife mill (2mm),,ppm,47.0,3,2170.0,2190.0,52.91502622129181,2.4384804710272725,2110.0,2210.0,100.0,"2210.0,2190.0,2110.0","(f7)2cbd,(f7)483c,(f7)7693",pass,False,False,0.8,(f7)7693,False,calculated,not_calculated,ROUT not implemented from scratch during MVP per handoff guardrails; no trusted existing implementation wired up yet.
2168,86,16,peach stems / leaves,xrf,s,rushes,oven dry + knife mill (2mm),,ppm,47.0,3,3143.333333333333,3140.0,55.075705472861024,1.75214333423736,3090.0,3200.0,110.0,"3200.0,3090.0,3140.0","(f7)2e0e,(f7)5c90,(f7)ffc2",pass,False,False,0.5454545454545454,(f7)2e0e,False,calculated,not_calculated,ROUT not implemented from scratch during MVP per handoff guardrails; no trusted existing implementation wired up yet.
2169,86,16,peach stems / leaves,xrf,si,rushes,oven dry + knife mill (2mm),,ppm,47.0,3,8683.333333333334,8980.0,712.9048557369583,8.210036726337332,7870.0,9200.0,1330.0,"8980.0,9200.0,7870.0","(f7)2e17,(f7)4974,(f7)ed51",pass,False,False,0.8345864661654135,(f7)ed51,False,calculated,not_calculated,ROUT not implemented from scratch during MVP per handoff guardrails; no trusted existing implementation wired up yet.
2170,86,16,peach stems / leaves,xrf,y,rushes,oven dry + knife mill (2mm),,ppm,47.0,3,8.0,8.0,2.0,25.0,6.0,10.0,4.0,"8.0,10.0,6.0","(f7)32df,(f7)746f,(f7)815b",pass,True,True,0.5,(f7)815b,False,calculated,not_calculated,ROUT not implemented from scratch during MVP per handoff guardrails; no trusted existing implementation wired up yet.
2171,86,16,peach stems / leaves,xrf,cu,rushes,oven dry + knife mill (2mm),,ppm,47.0,3,67.66666666666667,66.0,3.7859388972001824,5.5949835919214514,65.0,72.0,7.0,"65.0,66.0,72.0","(f7)4179,(f7)87f7,(f7)9249",pass,False,False,0.8571428571428571,(f7)9249,False,calculated,not_calculated,ROUT not implemented from scratch during MVP per handoff guardrails; no trusted existing implementation wired up yet.
2172,86,16,peach stems / leaves,xrf,u,rushes,oven dry + knife mill (2mm),,ppm,47.0,3,14.0,14.0,0.0,0.0,14.0,14.0,0.0,"14.0,14.0,14.0","(f7)428a,(f7)b2f5,(f7)c530",pass,False,False,,,,not_applicable_zero_range,not_calculated,ROUT not implemented from scratch during MVP per handoff guardrails; no trusted existing implementation wired up yet.
2173,86,16,peach stems / leaves,xrf,ti,rushes,oven dry + knife mill (2mm),,ppm,47.0,2,289.5,289.5,71.4177848998413,24.66935575124052,239.0,340.0,101.0,"340.0,239.0","(f7)4585,(f7)d0e0",pass,True,True,,,,not_applicable_n_out_of_range,not_calculated,ROUT not implemented from scratch during MVP per handoff guardrails; no trusted existing implementation wired up yet.
2174,86,16,peach stems / leaves,xrf,al,rushes,oven dry + knife mill (2mm),,ppm,47.0,3,2006.6666666666667,2110.0,552.2982286168708,27.52316753904672,1410.0,2500.0,1090.0,"2110.0,1410.0,2500.0","(f7)5426,(f7)8919,(f7)af8a",pass,True,True,0.6422018348623854,(f7)8919,False,calculated,not_calculated,ROUT not implemented from scratch during MVP per handoff guardrails; no trusted existing implementation wired up yet.
2175,86,16,peach stems / leaves,xrf,rb,rushes,oven dry + knife mill (2mm),,ppm,47.0,3,13.666666666666666,14.0,1.5275252316519468,11.177013890136196,12.0,15.0,3.0,"15.0,12.0,14.0","(f7)58ee,(f7)6991,(f7)919b",pass,True,False,0.6666666666666666,(f7)6991,False,calculated,not_calculated,ROUT not implemented from scratch during MVP per handoff guardrails; no trusted existing implementation wired up yet.
2176,86,16,peach stems / leaves,xrf,sr,rushes,oven dry + knife mill (2mm),,ppm,47.0,3,216.33333333333331,214.0,4.932882862316247,2.2802232029196827,213.0,222.0,9.0,"222.0,213.0,214.0","(f7)5f04,(f7)8890,(f7)b1d2",pass,False,False,0.8888888888888888,(f7)5f04,False,calculated,not_calculated,ROUT not implemented from scratch during MVP per handoff guardrails; no trusted existing implementation wired up yet.
2177,86,16,peach stems / leaves,xrf,pb,rushes,oven dry + knife mill (2mm),,ppm,47.0,2,4.0,4.0,0.0,0.0,4.0,4.0,0.0,"4.0,4.0","(f7)62d2,(f7)be80",pass,False,False,,,,not_applicable_n_out_of_range,not_calculated,ROUT not implemented from scratch during MVP per handoff guardrails; no trusted existing implementation wired up yet.
2178,86,16,peach stems / leaves,xrf,fe,rushes,oven dry + knife mill (2mm),,ppm,47.0,3,1656.6666666666667,1760.0,223.6813209307682,13.501890599442747,1400.0,1810.0,410.0,"1400.0,1760.0,1810.0","(f7)6772,(f7)d64e,(f7)fcc7",pass,True,False,0.8780487804878049,(f7)6772,False,calculated,not_calculated,ROUT not implemented from scratch during MVP per handoff guardrails; no trusted existing implementation wired up yet.
2179,86,16,peach stems / leaves,xrf,mn,rushes,oven dry + knife mill (2mm),,ppm,47.0,3,164.0,158.0,15.874507866387544,9.67957796730948,152.0,182.0,30.0,"182.0,158.0,152.0","(f7)698c,(f7)74bc,(f7)9258",pass,False,False,0.8,(f7)698c,False,calculated,not_calculated,ROUT not implemented from scratch during MVP per handoff guardrails; no trusted existing implementation wired up yet.
2180,86,16,peach stems / leaves,xrf,zn,rushes,oven dry + knife mill (2mm),,ppm,47.0,3,86.0,84.0,3.4641016151377544,4.02802513388111,84.0,90.0,6.0,"90.0,84.0,84.0","(f7)796e,(f7)80da,(f7)f95a",pass,False,False,1.0,(f7)796e,True,calculated,not_calculated,ROUT not implemented from scratch during MVP per handoff guardrails; no trusted existing implementation wired up yet.
2181,86,16,peach stems / leaves,xrf,th,rushes,oven dry + knife mill (2mm),,ppm,47.0,3,38.333333333333336,38.0,2.516611478423583,6.565073421974564,36.0,41.0,5.0,"36.0,38.0,41.0","(f7)7f64,(f7)a238,(f7)be18",pass,False,False,0.6,(f7)be18,False,calculated,not_calculated,ROUT not implemented from scratch during MVP per handoff guardrails; no trusted existing implementation wired up yet.
2182,86,16,peach stems / leaves,xrf,ba,rushes,oven dry + knife mill (2mm),,ppm,47.0,3,67.0,69.0,11.135528725660045,16.62019212785081,55.0,77.0,22.0,"69.0,77.0,55.0","(f7)98da,(f7)c68a,(f7)d34b",pass,True,False,0.6363636363636364,(f7)d34b,False,calculated,not_calculated,ROUT not implemented from scratch during MVP per handoff guardrails; no trusted existing implementation wired up yet.
2183,86,16,peach stems / leaves,xrf,pr,rushes,oven dry + knife mill (2mm),,ppm,47.0,1,147.0,147.0,,,147.0,147.0,0.0,147.0,(f7)b3ad,fail,,,,,,not_applicable_n_out_of_range,not_calculated,ROUT not implemented from scratch during MVP per handoff guardrails; no trusted existing implementation wired up yet.
2184,86,16,peach stems / leaves,xrf,co,rushes,oven dry + knife mill (2mm),,ppm,47.0,1,32.0,32.0,,,32.0,32.0,0.0,32.0,(f7)fab9,fail,,,,,,not_applicable_n_out_of_range,not_calculated,ROUT not implemented from scratch during MVP per handoff guardrails; no trusted existing implementation wired up yet.
2185,50,25,almond hulls,icp,na,tiny,,,ppm,43.0,2,-131.3,-131.3,135.34023791910522,103.07710427959267,-227.0,-35.6,191.4,"-35.6,-227.0","(03)0e23,(03)623d",fail,True,True,,,,not_applicable_n_out_of_range,not_calculated,ROUT not implemented from scratch during MVP per handoff guardrails; no trusted existing implementation wired up yet.
2186,50,25,almond hulls,icp,s,tiny,,,ppm,43.0,2,254.5,254.5,7.7781745930520225,3.05625720748606,249.0,260.0,11.0,"260.0,249.0","(03)2293,(03)a5bc",pass,False,False,,,,not_applicable_n_out_of_range,not_calculated,ROUT not implemented from scratch during MVP per handoff guardrails; no trusted existing implementation wired up yet.
2187,50,25,almond hulls,icp,fe,tiny,,,ppm,43.0,2,18.05,18.05,0.3535533905932738,1.9587445462231237,17.8,18.3,0.5,"17.8,18.3","(03)22e3,(03)d3bd",pass,False,False,,,,not_applicable_n_out_of_range,not_calculated,ROUT not implemented from scratch during MVP per handoff guardrails; no trusted existing implementation wired up yet.
2188,50,25,almond hulls,icp,mn,tiny,,,ppm,43.0,2,14.5,14.5,0.7071067811865476,4.876598490941707,14.0,15.0,1.0,"14.0,15.0","(03)3939,(03)73d1",pass,False,False,,,,not_applicable_n_out_of_range,not_calculated,ROUT not implemented from scratch during MVP per handoff guardrails; no trusted existing implementation wired up yet.
2189,50,25,almond hulls,icp,k,tiny,,,ppm,43.0,2,21750.0,21750.0,494.9747468305833,2.275745962439464,21400.0,22100.0,700.0,"22100.0,21400.0","(03)3ba3,(03)7b1c",pass,False,False,,,,not_applicable_n_out_of_range,not_calculated,ROUT not implemented from scratch during MVP per handoff guardrails; no trusted existing implementation wired up yet.
2190,50,25,almond hulls,icp,mg,tiny,,,ppm,43.0,2,690.5,690.5,30.405591591021544,4.403416595368797,669.0,712.0,43.0,"669.0,712.0","(03)4572,(03)66c1",pass,False,False,,,,not_applicable_n_out_of_range,not_calculated,ROUT not implemented from scratch during MVP per handoff guardrails; no trusted existing implementation wired up yet.
2191,50,25,almond hulls,icp,nd,tiny,,,ppm,43.0,2,7.0,7.0,0.0,0.0,7.0,7.0,0.0,"7.0,7.0","(03)4fce,(03)df48",pass,False,False,,,,not_applicable_n_out_of_range,not_calculated,ROUT not implemented from scratch during MVP per handoff guardrails; no trusted existing implementation wired up yet.
2192,50,25,almond hulls,icp,ti,tiny,,,ppm,43.0,2,0.0,0.0,0.0,,0.0,0.0,0.0,"0.0,0.0","(03)5a50,(03)a5d0",pass,,,,,,not_applicable_n_out_of_range,not_calculated,ROUT not implemented from scratch during MVP per handoff guardrails; no trusted existing implementation wired up yet.
2193,50,25,almond hulls,icp,si,tiny,,,ppm,43.0,2,18.05,18.05,0.3535533905932738,1.9587445462231237,17.8,18.3,0.5,"17.8,18.3","(03)663f,(03)f5d8",pass,False,False,,,,not_applicable_n_out_of_range,not_calculated,ROUT not implemented from scratch during MVP per handoff guardrails; no trusted existing implementation wired up yet.
2194,50,25,almond hulls,icp,cu,tiny,,,ppm,43.0,2,11.0,11.0,0.0,0.0,11.0,11.0,0.0,"11.0,11.0","(03)6da0,(03)9388",pass,False,False,,,,not_applicable_n_out_of_range,not_calculated,ROUT not implemented from scratch during MVP per handoff guardrails; no trusted existing implementation wired up yet.
2195,50,25,almond hulls,icp,p,tiny,,,ppm,43.0,2,683.0,683.0,19.79898987322333,2.8988272142347484,669.0,697.0,28.0,"697.0,669.0","(03)6f2d,(03)9d86",pass,False,False,,,,not_applicable_n_out_of_range,not_calculated,ROUT not implemented from scratch during MVP per handoff guardrails; no trusted existing implementation wired up yet.
2196,50,25,almond hulls,icp,ca,tiny,,,ppm,43.0,2,1600.0,1600.0,28.284271247461906,1.7677669529663689,1580.0,1620.0,40.0,"1620.0,1580.0","(03)788f,(03)8b1e",pass,False,False,,,,not_applicable_n_out_of_range,not_calculated,ROUT not implemented from scratch during MVP per handoff guardrails; no trusted existing implementation wired up yet.
2197,50,25,almond hulls,icp,al,tiny,,,ppm,43.0,2,14.0,14.0,0.0,0.0,14.0,14.0,0.0,"14.0,14.0","(03)79be,(03)8d5f",pass,False,False,,,,not_applicable_n_out_of_range,not_calculated,ROUT not implemented from scratch during MVP per handoff guardrails; no trusted existing implementation wired up yet.
2198,50,25,almond hulls,icp,zn,tiny,,,ppm,43.0,2,7.225,7.225,0.1626345596729056,2.2509973657149565,7.11,7.34,0.2299999999999995,"7.34,7.11","(03)7d30,(03)d962",pass,False,False,,,,not_applicable_n_out_of_range,not_calculated,ROUT not implemented from scratch during MVP per handoff guardrails; no trusted existing implementation wired up yet.
2199,52,7,sargassum,icp,ca,hairpin,,,ppm,43.0,2,42000.0,42000.0,141.4213562373095,0.3367175148507369,41900.0,42100.0,200.0,"41900.0,42100.0","(0d)0c19,(0d)ce2e",pass,False,False,,,,not_applicable_n_out_of_range,not_calculated,ROUT not implemented from scratch during MVP per handoff guardrails; no trusted existing implementation wired up yet.
2200,52,7,sargassum,icp,ti,hairpin,,,ppm,43.0,2,0.0,0.0,0.0,,0.0,0.0,0.0,"0.0,0.0","(0d)0e8c,(0d)e39e",pass,,,,,,not_applicable_n_out_of_range,not_calculated,ROUT not implemented from scratch during MVP per handoff guardrails; no trusted existing implementation wired up yet.
2201,52,7,sargassum,icp,al,hairpin,,,ppm,43.0,2,124.5,124.5,31.81980515339464,25.558076428429427,102.0,147.0,45.0,"147.0,102.0","(0d)1940,(0d)214e",pass,True,True,,,,not_applicable_n_out_of_range,not_calculated,ROUT not implemented from scratch during MVP per handoff guardrails; no trusted existing implementation wired up yet.
2202,52,7,sargassum,icp,s,hairpin,,,ppm,43.0,2,11350.0,11350.0,70.71067811865476,0.6230015693273546,11300.0,11400.0,100.0,"11400.0,11300.0","(0d)2a8a,(0d)a64a",pass,False,False,,,,not_applicable_n_out_of_range,not_calculated,ROUT not implemented from scratch during MVP per handoff guardrails; no trusted existing implementation wired up yet.
2203,52,7,sargassum,icp,si,hairpin,,,ppm,43.0,2,10.8,10.8,0.0,0.0,10.8,10.8,0.0,"10.8,10.8","(0d)2c69,(0d)db11",pass,False,False,,,,not_applicable_n_out_of_range,not_calculated,ROUT not implemented from scratch during MVP per handoff guardrails; no trusted existing implementation wired up yet.
2204,52,7,sargassum,icp,mn,hairpin,,,ppm,43.0,2,32.15,32.15,0.2121320343559622,0.659819702506881,32.0,32.3,0.2999999999999971,"32.0,32.3","(0d)2df7,(0d)7039",pass,False,False,,,,not_applicable_n_out_of_range,not_calculated,ROUT not implemented from scratch during MVP per handoff guardrails; no trusted existing implementation wired up yet.
2205,52,7,sargassum,icp,mg,hairpin,,,ppm,43.0,2,9200.0,9200.0,0.0,0.0,9200.0,9200.0,0.0,"9200.0,9200.0","(0d)56b6,(0d)c35c",pass,False,False,,,,not_applicable_n_out_of_range,not_calculated,ROUT not implemented from scratch during MVP per handoff guardrails; no trusted existing implementation wired up yet.
2206,52,7,sargassum,icp,p,hairpin,,,ppm,43.0,2,869.5,869.5,198.69700551341987,22.851869524257605,729.0,1010.0,281.0,"729.0,1010.0","(0d)6699,(0d)9b36",pass,True,True,,,,not_applicable_n_out_of_range,not_calculated,ROUT not implemented from scratch during MVP per handoff guardrails; no trusted existing implementation wired up yet.
2207,52,7,sargassum,icp,nd,hairpin,,,ppm,43.0,2,70.0,70.0,2.8284271247461903,4.040610178208843,68.0,72.0,4.0,"72.0,68.0","(0d)72ba,(0d)a571",pass,False,False,,,,not_applicable_n_out_of_range,not_calculated,ROUT not implemented from scratch during MVP per handoff guardrails; no trusted existing implementation wired up yet.
2208,52,7,sargassum,icp,cu,hairpin,,,ppm,43.0,2,11.0,11.0,0.0,0.0,11.0,11.0,0.0,"11.0,11.0","(0d)754b,(0d)d418",pass,False,False,,,,not_applicable_n_out_of_range,not_calculated,ROUT not implemented from scratch during MVP per handoff guardrails; no trusted existing implementation wired up yet.
2209,52,7,sargassum,icp,k,hairpin,,,ppm,43.0,1,48200.0,48200.0,,,48200.0,48200.0,0.0,48200.0,(0d)9293,pass,,,,,,not_applicable_n_out_of_range,not_calculated,ROUT not implemented from scratch during MVP per handoff guardrails; no trusted existing implementation wired up yet.
2210,52,7,sargassum,icp,fe,hairpin,,,ppm,43.0,2,242.5,242.5,12.020815280171307,4.957037228936621,234.0,251.0,17.0,"251.0,234.0","(0d)9ac9,(0d)cbba",pass,False,False,,,,not_applicable_n_out_of_range,not_calculated,ROUT not implemented from scratch during MVP per handoff guardrails; no trusted existing implementation wired up yet.
2211,52,7,sargassum,icp,na,hairpin,,,ppm,43.0,1,15900.0,15900.0,,,15900.0,15900.0,0.0,15900.0,(0d)c2e6,pass,,,,,,not_applicable_n_out_of_range,not_calculated,ROUT not implemented from scratch during MVP per handoff guardrails; no trusted existing implementation wired up yet.
2212,52,7,sargassum,icp,zn,hairpin,,,ppm,43.0,2,16.15,16.15,2.474873734152915,15.32429556751031,14.4,17.9,3.4999999999999982,"17.9,14.4","(0d)daf7,(0d)f63e",pass,True,False,,,,not_applicable_n_out_of_range,not_calculated,ROUT not implemented from scratch during MVP per handoff guardrails; no trusted existing implementation wired up yet.
2213,70,31,almond shells,icp,na,humorous,,,ppm,43.0,2,-195.0,-195.0,22.62741699796952,11.603803588702318,-211.0,-179.0,32.0,"-211.0,-179.0","(13)0a0b,(13)8909",fail,True,False,,,,not_applicable_n_out_of_range,not_calculated,ROUT not implemented from scratch during MVP per handoff guardrails; no trusted existing implementation wired up yet.
2214,70,31,almond shells,icp,nd,humorous,,,ppm,43.0,2,7.155,7.155,0.0070710678118653,0.098826943562059,7.15,7.16,0.0099999999999997,"7.16,7.15","(13)0ae7,(13)4fe7",pass,False,False,,,,not_applicable_n_out_of_range,not_calculated,ROUT not implemented from scratch during MVP per handoff guardrails; no trusted existing implementation wired up yet.
2215,70,31,almond shells,icp,s,humorous,,,ppm,43.0,2,196.5,196.5,10.606601717798211,5.397761688446928,189.0,204.0,15.0,"204.0,189.0","(13)0e1f,(13)e7cd",pass,False,False,,,,not_applicable_n_out_of_range,not_calculated,ROUT not implemented from scratch during MVP per handoff guardrails; no trusted existing implementation wired up yet.
2216,70,31,almond shells,icp,cu,humorous,,,ppm,43.0,2,10.7,10.7,0.0,0.0,10.7,10.7,0.0,"10.7,10.7","(13)114d,(13)b12f",pass,False,False,,,,not_applicable_n_out_of_range,not_calculated,ROUT not implemented from scratch during MVP per handoff guardrails; no trusted existing implementation wired up yet.
2217,70,31,almond shells,icp,ti,humorous,,,ppm,43.0,2,0.0,0.0,0.0,,0.0,0.0,0.0,"0.0,0.0","(13)172d,(13)92d7",pass,,,,,,not_applicable_n_out_of_range,not_calculated,ROUT not implemented from scratch during MVP per handoff guardrails; no trusted existing implementation wired up yet.
2218,70,31,almond shells,icp,k,humorous,,,pc,42.0,1,1.76,1.76,,,1.76,1.76,0.0,1.76,(13)1c96,pass,,,,,,not_applicable_n_out_of_range,not_calculated,ROUT not implemented from scratch during MVP per handoff guardrails; no trusted existing implementation wired up yet.
2219,70,31,almond shells,icp,k,humorous,,,ppm,42.0,1,17600.0,17600.0,,,17600.0,17600.0,0.0,17600.0,(13)1c96,pass,,,,,,not_applicable_n_out_of_range,not_calculated,ROUT not implemented from scratch during MVP per handoff guardrails; no trusted existing implementation wired up yet.
2220,70,31,almond shells,icp,p,humorous,,,ppm,43.0,2,569.0,569.0,172.5340546095176,30.322329456857226,447.0,691.0,244.0,"447.0,691.0","(13)1d63,(13)2602",pass,True,True,,,,not_applicable_n_out_of_range,not_calculated,ROUT not implemented from scratch during MVP per handoff guardrails; no trusted existing implementation wired up yet.
2221,70,31,almond shells,icp,mn,humorous,,,ppm,43.0,2,10.7,10.7,0.0,0.0,10.7,10.7,0.0,"10.7,10.7","(13)2172,(13)cbe1",pass,False,False,,,,not_applicable_n_out_of_range,not_calculated,ROUT not implemented from scratch during MVP per handoff guardrails; no trusted existing implementation wired up yet.
2222,70,31,almond shells,icp,si,humorous,,,ppm,43.0,2,18.0,18.0,0.0,0.0,18.0,18.0,0.0,"18.0,18.0","(13)29e3,(13)cb09",pass,False,False,,,,not_applicable_n_out_of_range,not_calculated,ROUT not implemented from scratch during MVP per handoff guardrails; no trusted existing implementation wired up yet.
2223,70,31,almond shells,icp,al,humorous,,,ppm,43.0,2,46.5,46.5,35.35533905932738,76.03298722435994,21.5,71.5,50.0,"21.5,71.5","(13)3289,(13)c1b2",pass,True,True,,,,not_applicable_n_out_of_range,not_calculated,ROUT not implemented from scratch during MVP per handoff guardrails; no trusted existing implementation wired up yet.
2224,70,31,almond shells,icp,cu,humorous,,,ppm,42.0,1,7.8,7.8,,,7.8,7.8,0.0,7.8,(13)372c,pass,,,,,,not_applicable_n_out_of_range,not_calculated,ROUT not implemented from scratch during MVP per handoff guardrails; no trusted existing implementation wired up yet.
2225,70,31,almond shells,icp,mn,humorous,,,ppm,42.0,1,14.7,14.7,,,14.7,14.7,0.0,14.7,(13)3b41,pass,,,,,,not_applicable_n_out_of_range,not_calculated,ROUT not implemented from scratch during MVP per handoff guardrails; no trusted existing implementation wired up yet.
2226,70,31,almond shells,icp,ca,humorous,,,ppm,42.0,1,2780.0,2780.0,,,2780.0,2780.0,0.0,2780.0,(13)5348,pass,,,,,,not_applicable_n_out_of_range,not_calculated,ROUT not implemented from scratch during MVP per handoff guardrails; no trusted existing implementation wired up yet.
2227,70,31,almond shells,icp,ca,humorous,,,pc,42.0,1,0.278,0.278,,,0.278,0.278,0.0,0.278,(13)5348,pass,,,,,,not_applicable_n_out_of_range,not_calculated,ROUT not implemented from scratch during MVP per handoff guardrails; no trusted existing implementation wired up yet.
2228,70,31,almond shells,icp,mg,humorous,,,ppm,43.0,2,578.0,578.0,24.04163056034261,4.159451654038515,561.0,595.0,34.0,"595.0,561.0","(13)69ab,(13)7a99",pass,False,False,,,,not_applicable_n_out_of_range,not_calculated,ROUT not implemented from scratch during MVP per handoff guardrails; no trusted existing implementation wired up yet.
2229,70,31,almond shells,icp,fe,humorous,,,ppm,43.0,2,14.0,14.0,0.0,0.0,14.0,14.0,0.0,"14.0,14.0","(13)7dab,(13)c159",pass,False,False,,,,not_applicable_n_out_of_range,not_calculated,ROUT not implemented from scratch during MVP per handoff guardrails; no trusted existing implementation wired up yet.
2230,70,31,almond shells,icp,k,humorous,,,ppm,43.0,2,12550.0,12550.0,353.5533905932738,2.8171584907830582,12300.0,12800.0,500.0,"12300.0,12800.0","(13)8f20,(13)9b73",pass,False,False,,,,not_applicable_n_out_of_range,not_calculated,ROUT not implemented from scratch during MVP per handoff guardrails; no trusted existing implementation wired up yet.
2231,70,31,almond shells,icp,zn,humorous,,,ppm,42.0,1,7.1,7.1,,,7.1,7.1,0.0,7.1,(13)95ce,pass,,,,,,not_applicable_n_out_of_range,not_calculated,ROUT not implemented from scratch during MVP per handoff guardrails; no trusted existing implementation wired up yet.
2232,70,31,almond shells,icp,zn,humorous,,,ppm,43.0,2,4.0,4.0,0.0,0.0,4.0,4.0,0.0,"4.0,4.0","(13)a199,(13)bd21",pass,False,False,,,,not_applicable_n_out_of_range,not_calculated,ROUT not implemented from scratch during MVP per handoff guardrails; no trusted existing implementation wired up yet.
2233,70,31,almond shells,icp,b,humorous,,,ppm,42.0,1,57.6,57.6,,,57.6,57.6,0.0,57.6,(13)afc2,pass,,,,,,not_applicable_n_out_of_range,not_calculated,ROUT not implemented from scratch during MVP per handoff guardrails; no trusted existing implementation wired up yet.
2234,70,31,almond shells,icp,mg,humorous,,,pc,42.0,1,0.078,0.078,,,0.078,0.078,0.0,0.078,(13)bf42,pass,,,,,,not_applicable_n_out_of_range,not_calculated,ROUT not implemented from scratch during MVP per handoff guardrails; no trusted existing implementation wired up yet.
2235,70,31,almond shells,icp,mg,humorous,,,ppm,42.0,1,780.0,780.0,,,780.0,780.0,0.0,780.0,(13)bf42,pass,,,,,,not_applicable_n_out_of_range,not_calculated,ROUT not implemented from scratch during MVP per handoff guardrails; no trusted existing implementation wired up yet.
2236,70,31,almond shells,icp,fe,humorous,,,ppm,42.0,1,350.0,350.0,,,350.0,350.0,0.0,350.0,(13)d222,pass,,,,,,not_applicable_n_out_of_range,not_calculated,ROUT not implemented from scratch during MVP per handoff guardrails; no trusted existing implementation wired up yet.
2237,70,31,almond shells,icp,ca,humorous,,,ppm,43.0,2,1905.0,1905.0,106.06601717798212,5.567769930602736,1830.0,1980.0,150.0,"1980.0,1830.0","(13)d35c,(13)dc71",pass,False,False,,,,not_applicable_n_out_of_range,not_calculated,ROUT not implemented from scratch during MVP per handoff guardrails; no trusted existing implementation wired up yet.
2238,70,31,almond shells,icp,p,humorous,,,pc,42.0,1,0.083,0.083,,,0.083,0.083,0.0,0.083,(13)d7b7,pass,,,,,,not_applicable_n_out_of_range,not_calculated,ROUT not implemented from scratch during MVP per handoff guardrails; no trusted existing implementation wired up yet.
2239,70,31,almond shells,icp,p,humorous,,,ppm,42.0,1,830.0,830.0,,,830.0,830.0,0.0,830.0,(13)d7b7,pass,,,,,,not_applicable_n_out_of_range,not_calculated,ROUT not implemented from scratch during MVP per handoff guardrails; no trusted existing implementation wired up yet.
2240,70,31,almond shells,icp,s,humorous,,,ppm,42.0,1,270.0,270.0,,,270.0,270.0,0.0,270.0,(13)f8c4,pass,,,,,,not_applicable_n_out_of_range,not_calculated,ROUT not implemented from scratch during MVP per handoff guardrails; no trusted existing implementation wired up yet.
2241,71,25,almond hulls,icp,p,humorous,,,pc,42.0,2,0.1005,0.1005,0.0007071067811865,0.7035888370015404,0.1,0.101,0.001,"0.101,0.1","(15)0a77,(15)2d9a",pass,False,False,,,,not_applicable_n_out_of_range,not_calculated,ROUT not implemented from scratch during MVP per handoff guardrails; no trusted existing implementation wired up yet.
2242,71,25,almond hulls,icp,p,humorous,,,ppm,42.0,2,1005.0,1005.0,7.071067811865476,0.7035888370015398,1000.0,1010.0,10.0,"1010.0,1000.0","(15)0a77,(15)2d9a",pass,False,False,,,,not_applicable_n_out_of_range,not_calculated,ROUT not implemented from scratch during MVP per handoff guardrails; no trusted existing implementation wired up yet.
2243,71,25,almond hulls,icp,k,humorous,,,pc,42.0,2,3.015,3.015,0.0636396103067891,2.110766511004616,2.97,3.06,0.0899999999999998,"2.97,3.06","(15)0bdb,(15)4668",pass,False,False,,,,not_applicable_n_out_of_range,not_calculated,ROUT not implemented from scratch during MVP per handoff guardrails; no trusted existing implementation wired up yet.
2244,71,25,almond hulls,icp,k,humorous,,,ppm,42.0,2,30150.0,30150.0,636.3961030678928,2.1107665110046194,29700.0,30600.0,900.0,"29700.0,30600.0","(15)0bdb,(15)4668",pass,False,False,,,,not_applicable_n_out_of_range,not_calculated,ROUT not implemented from scratch during MVP per handoff guardrails; no trusted existing implementation wired up yet.
2245,71,25,almond hulls,icp,fe,humorous,,,ppm,43.0,2,14.4,14.4,0.0,0.0,14.4,14.4,0.0,"14.4,14.4","(15)0d58,(15)c0c8",pass,False,False,,,,not_applicable_n_out_of_range,not_calculated,ROUT not implemented from scratch during MVP per handoff guardrails; no trusted existing implementation wired up yet.
2246,71,25,almond hulls,icp,mn,humorous,,,ppm,42.0,2,12.25,12.25,0.3535533905932738,2.886150127292031,12.0,12.5,0.5,"12.0,12.5","(15)1188,(15)3818",pass,False,False,,,,not_applicable_n_out_of_range,not_calculated,ROUT not implemented from scratch during MVP per handoff guardrails; no trusted existing implementation wired up yet.
2247,71,25,almond hulls,icp,mg,humorous,,,ppm,43.0,2,903.5,903.5,20.50609665440988,2.269628849408952,889.0,918.0,29.0,"918.0,889.0","(15)143c,(15)3438",pass,False,False,,,,not_applicable_n_out_of_range,not_calculated,ROUT not implemented from scratch during MVP per handoff guardrails; no trusted existing implementation wired up yet.
2248,71,25,almond hulls,icp,cu,humorous,,,ppm,42.0,2,4.75,4.75,0.2121320343559647,4.465937565388732,4.6,4.9,0.3000000000000007,"4.6,4.9","(15)1a20,(15)a6f9",pass,False,False,,,,not_applicable_n_out_of_range,not_calculated,ROUT not implemented from scratch during MVP per handoff guardrails; no trusted existing implementation wired up yet.
2249,71,25,almond hulls,icp,al,humorous,,,ppm,43.0,2,16.0,16.0,2.8284271247461903,17.67766952966369,14.0,18.0,4.0,"18.0,14.0","(15)1b12,(15)c67f",pass,True,False,,,,not_applicable_n_out_of_range,not_calculated,ROUT not implemented from scratch during MVP per handoff guardrails; no trusted existing implementation wired up yet.
2250,71,25,almond hulls,icp,cu,humorous,,,ppm,43.0,2,7.5,7.5,4.949747468305833,65.99663291074444,4.0,11.0,7.0,"4.0,11.0","(15)1cdf,(15)b384",pass,True,True,,,,not_applicable_n_out_of_range,not_calculated,ROUT not implemented from scratch during MVP per handoff guardrails; no trusted existing implementation wired up yet.
2251,71,25,almond hulls,icp,nd,humorous,,,ppm,43.0,2,7.5,7.5,4.949747468305833,65.99663291074444,4.0,11.0,7.0,"4.0,11.0","(15)1f4f,(15)89d8",pass,True,True,,,,not_applicable_n_out_of_range,not_calculated,ROUT not implemented from scratch during MVP per handoff guardrails; no trusted existing implementation wired up yet.
2252,71,25,almond hulls,icp,s,humorous,,,ppm,42.0,2,305.0,305.0,7.071067811865476,2.3183828891362213,300.0,310.0,10.0,"300.0,310.0","(15)2f25,(15)4ba1",pass,False,False,,,,not_applicable_n_out_of_range,not_calculated,ROUT not implemented from scratch during MVP per handoff guardrails; no trusted existing implementation wired up yet.
2253,71,25,almond hulls,icp,zn,humorous,,,ppm,42.0,2,5.0,5.0,0.141421356237309,2.82842712474618,4.9,5.1,0.1999999999999993,"5.1,4.9","(15)33ce,(15)3b00",pass,False,False,,,,not_applicable_n_out_of_range,not_calculated,ROUT not implemented from scratch during MVP per handoff guardrails; no trusted existing implementation wired up yet.
2254,71,25,almond hulls,icp,mg,humorous,,,pc,42.0,2,0.106,0.106,0.0,0.0,0.106,0.106,0.0,"0.106,0.106","(15)34ab,(15)710f",pass,False,False,,,,not_applicable_n_out_of_range,not_calculated,ROUT not implemented from scratch during MVP per handoff guardrails; no trusted existing implementation wired up yet.
2255,71,25,almond hulls,icp,mg,humorous,,,ppm,42.0,2,1060.0,1060.0,0.0,0.0,1060.0,1060.0,0.0,"1060.0,1060.0","(15)34ab,(15)710f",pass,False,False,,,,not_applicable_n_out_of_range,not_calculated,ROUT not implemented from scratch during MVP per handoff guardrails; no trusted existing implementation wired up yet.
2256,71,25,almond hulls,icp,mn,humorous,,,ppm,43.0,2,10.9,10.9,0.141421356237309,1.29744363520467,10.8,11.0,0.1999999999999993,"11.0,10.8","(15)3909,(15)62e3",pass,False,False,,,,not_applicable_n_out_of_range,not_calculated,ROUT not implemented from scratch during MVP per handoff guardrails; no trusted existing implementation wired up yet.
2257,71,25,almond hulls,icp,ti,humorous,,,ppm,43.0,2,0.0,0.0,0.0,,0.0,0.0,0.0,"0.0,0.0","(15)391b,(15)47bb",pass,,,,,,not_applicable_n_out_of_range,not_calculated,ROUT not implemented from scratch during MVP per handoff guardrails; no trusted existing implementation wired up yet.
2258,71,25,almond hulls,icp,k,humorous,,,ppm,43.0,1,24100.0,24100.0,,,24100.0,24100.0,0.0,24100.0,(15)5ad4,pass,,,,,,not_applicable_n_out_of_range,not_calculated,ROUT not implemented from scratch during MVP per handoff guardrails; no trusted existing implementation wired up yet.
2259,71,25,almond hulls,icp,zn,humorous,,,ppm,43.0,2,3.595,3.595,0.0070710678118656,0.1966917332925073,3.59,3.6,0.0100000000000002,"3.59,3.6","(15)5d69,(15)9ec4",pass,False,False,,,,not_applicable_n_out_of_range,not_calculated,ROUT not implemented from scratch during MVP per handoff guardrails; no trusted existing implementation wired up yet.
2260,71,25,almond hulls,icp,ca,humorous,,,pc,42.0,2,0.2425,0.2425,0.0035355339059327,1.4579521261578312,0.24,0.245,0.005,"0.24,0.245","(15)6272,(15)99c1",pass,False,False,,,,not_applicable_n_out_of_range,not_calculated,ROUT not implemented from scratch during MVP per handoff guardrails; no trusted existing implementation wired up yet.
2261,71,25,almond hulls,icp,ca,humorous,,,ppm,42.0,2,2425.0,2425.0,35.35533905932738,1.45795212615783,2400.0,2450.0,50.0,"2400.0,2450.0","(15)6272,(15)99c1",pass,False,False,,,,not_applicable_n_out_of_range,not_calculated,ROUT not implemented from scratch during MVP per handoff guardrails; no trusted existing implementation wired up yet.
2262,71,25,almond hulls,icp,p,humorous,,,ppm,43.0,2,951.5,951.5,252.43712088359743,26.530438348249863,773.0,1130.0,357.0,"1130.0,773.0","(15)68af,(15)9524",pass,True,True,,,,not_applicable_n_out_of_range,not_calculated,ROUT not implemented from scratch during MVP per handoff guardrails; no trusted existing implementation wired up yet.
2263,71,25,almond hulls,icp,si,humorous,,,ppm,43.0,2,21.6,21.6,0.0,0.0,21.6,21.6,0.0,"21.6,21.6","(15)69a9,(15)ef17",pass,False,False,,,,not_applicable_n_out_of_range,not_calculated,ROUT not implemented from scratch during MVP per handoff guardrails; no trusted existing implementation wired up yet.
2264,71,25,almond hulls,icp,na,humorous,,,ppm,43.0,1,36.0,36.0,,,36.0,36.0,0.0,36.0,(15)6d1e,pass,,,,,,not_applicable_n_out_of_range,not_calculated,ROUT not implemented from scratch during MVP per handoff guardrails; no trusted existing implementation wired up yet.
2265,71,25,almond hulls,icp,s,humorous,,,ppm,43.0,2,291.5,291.5,14.849242404917495,5.0940797272444245,281.0,302.0,21.0,"302.0,281.0","(15)97a0,(15)f921",pass,False,False,,,,not_applicable_n_out_of_range,not_calculated,ROUT not implemented from scratch during MVP per handoff guardrails; no trusted existing implementation wired up yet.
2266,71,25,almond hulls,icp,ca,humorous,,,ppm,43.0,2,2030.0,2030.0,98.99494936611666,4.876598490941707,1960.0,2100.0,140.0,"2100.0,1960.0","(15)a295,(15)eaf2",pass,False,False,,,,not_applicable_n_out_of_range,not_calculated,ROUT not implemented from scratch during MVP per handoff guardrails; no trusted existing implementation wired up yet.
2267,71,25,almond hulls,icp,b,humorous,,,ppm,42.0,2,137.0,137.0,0.0,0.0,137.0,137.0,0.0,"137.0,137.0","(15)a897,(15)ee96",pass,False,False,,,,not_applicable_n_out_of_range,not_calculated,ROUT not implemented from scratch during MVP per handoff guardrails; no trusted existing implementation wired up yet.
2268,71,25,almond hulls,icp,fe,humorous,,,ppm,42.0,2,136.5,136.5,0.7071067811865476,0.5180269459242106,136.0,137.0,1.0,"137.0,136.0","(15)aca2,(15)caec",pass,False,False,,,,not_applicable_n_out_of_range,not_calculated,ROUT not implemented from scratch during MVP per handoff guardrails; no trusted existing implementation wired up yet.
2269,56,33,sweet potato culls,icp,mn,tackle,,,ppm,43.0,2,10.7,10.7,0.0,0.0,10.7,10.7,0.0,"10.7,10.7","(1a)05f3,(1a)913a",pass,False,False,,,,not_applicable_n_out_of_range,not_calculated,ROUT not implemented from scratch during MVP per handoff guardrails; no trusted existing implementation wired up yet.
2270,56,33,sweet potato culls,icp,cu,tackle,,,ppm,43.0,2,10.7,10.7,0.0,0.0,10.7,10.7,0.0,"10.7,10.7","(1a)0653,(1a)9379",pass,False,False,,,,not_applicable_n_out_of_range,not_calculated,ROUT not implemented from scratch during MVP per handoff guardrails; no trusted existing implementation wired up yet.
2271,56,33,sweet potato culls,icp,p,tackle,,,ppm,42.0,1,2980.0,2980.0,,,2980.0,2980.0,0.0,2980.0,(1a)06f7,pass,,,,,,not_applicable_n_out_of_range,not_calculated,ROUT not implemented from scratch during MVP per handoff guardrails; no trusted existing implementation wired up yet.
2272,56,33,sweet potato culls,icp,p,tackle,,,pc,42.0,1,0.298,0.298,,,0.298,0.298,0.0,0.298,(1a)06f7,pass,,,,,,not_applicable_n_out_of_range,not_calculated,ROUT not implemented from scratch during MVP per handoff guardrails; no trusted existing implementation wired up yet.
2273,56,33,sweet potato culls,icp,fe,tackle,,,ppm,43.0,2,18.0,18.0,0.0,0.0,18.0,18.0,0.0,"18.0,18.0","(1a)0b9e,(1a)c493",pass,False,False,,,,not_applicable_n_out_of_range,not_calculated,ROUT not implemented from scratch during MVP per handoff guardrails; no trusted existing implementation wired up yet.
2274,56,33,sweet potato culls,icp,na,tackle,,,ppm,43.0,2,1195.0,1195.0,77.78174593052023,6.508932713851065,1140.0,1250.0,110.0,"1140.0,1250.0","(1a)134c,(1a)2084",pass,False,False,,,,not_applicable_n_out_of_range,not_calculated,ROUT not implemented from scratch during MVP per handoff guardrails; no trusted existing implementation wired up yet.
2275,56,33,sweet potato culls,icp,al,tackle,,,ppm,43.0,2,12.5,12.5,2.545584412271572,20.36467529817257,10.7,14.3,3.6000000000000014,"14.3,10.7","(1a)20a4,(1a)ba95",pass,True,True,,,,not_applicable_n_out_of_range,not_calculated,ROUT not implemented from scratch during MVP per handoff guardrails; no trusted existing implementation wired up yet.
2276,56,33,sweet potato culls,icp,ti,tackle,,,ppm,43.0,2,0.0,0.0,0.0,,0.0,0.0,0.0,"0.0,0.0","(1a)2761,(1a)58c0",pass,,,,,,not_applicable_n_out_of_range,not_calculated,ROUT not implemented from scratch during MVP per handoff guardrails; no trusted existing implementation wired up yet.
2277,56,33,sweet potato culls,icp,ca,tackle,,,ppm,43.0,2,2610.0,2610.0,28.284271247461906,1.0836885535426015,2590.0,2630.0,40.0,"2630.0,2590.0","(1a)3486,(1a)3e02",pass,False,False,,,,not_applicable_n_out_of_range,not_calculated,ROUT not implemented from scratch during MVP per handoff guardrails; no trusted existing implementation wired up yet.
2278,56,33,sweet potato culls,icp,mg,tackle,,,ppm,43.0,2,1175.0,1175.0,21.213203435596427,1.8053790157954408,1160.0,1190.0,30.0,"1190.0,1160.0","(1a)3c63,(1a)98a1",pass,False,False,,,,not_applicable_n_out_of_range,not_calculated,ROUT not implemented from scratch during MVP per handoff guardrails; no trusted existing implementation wired up yet.
2279,56,33,sweet potato culls,icp,nd,tackle,,,ppm,43.0,2,10.7,10.7,0.0,0.0,10.7,10.7,0.0,"10.7,10.7","(1a)4714,(1a)746d",pass,False,False,,,,not_applicable_n_out_of_range,not_calculated,ROUT not implemented from scratch during MVP per handoff guardrails; no trusted existing implementation wired up yet.
2280,56,33,sweet potato culls,icp,p,tackle,,,ppm,43.0,2,2735.0,2735.0,700.035713374682,25.595455699257112,2240.0,3230.0,990.0,"2240.0,3230.0","(1a)4aab,(1a)b722",pass,True,True,,,,not_applicable_n_out_of_range,not_calculated,ROUT not implemented from scratch during MVP per handoff guardrails; no trusted existing implementation wired up yet.
2281,56,33,sweet potato culls,icp,fe,tackle,,,ppm,42.0,1,76.5,76.5,,,76.5,76.5,0.0,76.5,(1a)52cd,pass,,,,,,not_applicable_n_out_of_range,not_calculated,ROUT not implemented from scratch during MVP per handoff guardrails; no trusted existing implementation wired up yet.
2282,56,33,sweet potato culls,icp,si,tackle,,,ppm,43.0,2,25.0,25.0,0.0,0.0,25.0,25.0,0.0,"25.0,25.0","(1a)5b61,(1a)da9e",pass,False,False,,,,not_applicable_n_out_of_range,not_calculated,ROUT not implemented from scratch during MVP per handoff guardrails; no trusted existing implementation wired up yet.
2283,56,33,sweet potato culls,icp,k,tackle,,,ppm,43.0,2,15100.0,15100.0,141.4213562373095,0.936565273094765,15000.0,15200.0,200.0,"15200.0,15000.0","(1a)60e1,(1a)cc50",pass,False,False,,,,not_applicable_n_out_of_range,not_calculated,ROUT not implemented from scratch during MVP per handoff guardrails; no trusted existing implementation wired up yet.
2284,56,33,sweet potato culls,icp,cu,tackle,,,ppm,42.0,1,7.2,7.2,,,7.2,7.2,0.0,7.2,(1a)74ef,pass,,,,,,not_applicable_n_out_of_range,not_calculated,ROUT not implemented from scratch during MVP per handoff guardrails; no trusted existing implementation wired up yet.
2285,56,33,sweet potato culls,icp,zn,tackle,,,ppm,43.0,2,14.0,14.0,0.0,0.0,14.0,14.0,0.0,"14.0,14.0","(1a)82b1,(1a)8da6",pass,False,False,,,,not_applicable_n_out_of_range,not_calculated,ROUT not implemented from scratch during MVP per handoff guardrails; no trusted existing implementation wired up yet.
2286,56,33,sweet potato culls,icp,mn,tackle,,,ppm,42.0,1,15.6,15.6,,,15.6,15.6,0.0,15.6,(1a)8623,pass,,,,,,not_applicable_n_out_of_range,not_calculated,ROUT not implemented from scratch during MVP per handoff guardrails; no trusted existing implementation wired up yet.
2287,56,33,sweet potato culls,icp,b,tackle,,,ppm,42.0,1,9.1,9.1,,,9.1,9.1,0.0,9.1,(1a)8710,pass,,,,,,not_applicable_n_out_of_range,not_calculated,ROUT not implemented from scratch during MVP per handoff guardrails; no trusted existing implementation wired up yet.
2288,56,33,sweet potato culls,icp,ca,tackle,,,ppm,42.0,1,3310.0,3310.0,,,3310.0,3310.0,0.0,3310.0,(1a)a865,pass,,,,,,not_applicable_n_out_of_range,not_calculated,ROUT not implemented from scratch during MVP per handoff guardrails; no trusted existing implementation wired up yet.
2289,56,33,sweet potato culls,icp,ca,tackle,,,pc,42.0,1,0.331,0.331,,,0.331,0.331,0.0,0.331,(1a)a865,pass,,,,,,not_applicable_n_out_of_range,not_calculated,ROUT not implemented from scratch during MVP per handoff guardrails; no trusted existing implementation wired up yet.
2290,56,33,sweet potato culls,icp,zn,tackle,,,ppm,42.0,1,16.4,16.4,,,16.4,16.4,0.0,16.4,(1a)bc49,pass,,,,,,not_applicable_n_out_of_range,not_calculated,ROUT not implemented from scratch during MVP per handoff guardrails; no trusted existing implementation wired up yet.
2291,56,33,sweet potato culls,icp,s,tackle,,,ppm,42.0,1,1260.0,1260.0,,,1260.0,1260.0,0.0,1260.0,(1a)c1f1,pass,,,,,,not_applicable_n_out_of_range,not_calculated,ROUT not implemented from scratch during MVP per handoff guardrails; no trusted existing implementation wired up yet.
2292,56,33,sweet potato culls,icp,s,tackle,,,ppm,43.0,2,1060.0,1060.0,28.284271247461906,2.668327476175651,1040.0,1080.0,40.0,"1080.0,1040.0","(1a)dc80,(1a)f84c",pass,False,False,,,,not_applicable_n_out_of_range,not_calculated,ROUT not implemented from scratch during MVP per handoff guardrails; no trusted existing implementation wired up yet.
2293,56,33,sweet potato culls,icp,k,tackle,,,ppm,42.0,1,19900.0,19900.0,,,19900.0,19900.0,0.0,19900.0,(1a)ec63,pass,,,,,,not_applicable_n_out_of_range,not_calculated,ROUT not implemented from scratch during MVP per handoff guardrails; no trusted existing implementation wired up yet.
2294,56,33,sweet potato culls,icp,k,tackle,,,pc,42.0,1,1.99,1.99,,,1.99,1.99,0.0,1.99,(1a)ec63,pass,,,,,,not_applicable_n_out_of_range,not_calculated,ROUT not implemented from scratch during MVP per handoff guardrails; no trusted existing implementation wired up yet.
2295,56,33,sweet potato culls,icp,mg,tackle,,,pc,42.0,1,0.14,0.14,,,0.14,0.14,0.0,0.14,(1a)fbc9,pass,,,,,,not_applicable_n_out_of_range,not_calculated,ROUT not implemented from scratch during MVP per handoff guardrails; no trusted existing implementation wired up yet.
2296,56,33,sweet potato culls,icp,mg,tackle,,,ppm,42.0,1,1400.0,1400.0,,,1400.0,1400.0,0.0,1400.0,(1a)fbc9,pass,,,,,,not_applicable_n_out_of_range,not_calculated,ROUT not implemented from scratch during MVP per handoff guardrails; no trusted existing implementation wired up yet.
2297,64,23,grape pomace,icp,na,ebony,,,ppm,43.0,2,-240.5,-240.5,4.949747468305833,2.0581070554286205,-244.0,-237.0,7.0,"-244.0,-237.0","(1b)02df,(1b)ae11",fail,False,False,,,,not_applicable_n_out_of_range,not_calculated,ROUT not implemented from scratch during MVP per handoff guardrails; no trusted existing implementation wired up yet.
2298,64,23,grape pomace,icp,mn,ebony,,,ppm,42.0,1,8.2,8.2,,,8.2,8.2,0.0,8.2,(1b)1a06,pass,,,,,,not_applicable_n_out_of_range,not_calculated,ROUT not implemented from scratch during MVP per handoff guardrails; no trusted existing implementation wired up yet.
2299,64,23,grape pomace,icp,ti,ebony,,,ppm,43.0,2,4.0,4.0,0.0,0.0,4.0,4.0,0.0,"4.0,4.0","(1b)1acc,(1b)3a5f",pass,False,False,,,,not_applicable_n_out_of_range,not_calculated,ROUT not implemented from scratch during MVP per handoff guardrails; no trusted existing implementation wired up yet.
2300,64,23,grape pomace,icp,si,ebony,,,ppm,43.0,2,26.65,26.65,2.616295090390225,9.817242365441746,24.8,28.5,3.6999999999999993,"28.5,24.8","(1b)21a6,(1b)e74e",pass,False,False,,,,not_applicable_n_out_of_range,not_calculated,ROUT not implemented from scratch during MVP per handoff guardrails; no trusted existing implementation wired up yet.
2301,64,23,grape pomace,icp,al,ebony,,,ppm,43.0,2,18.0,18.0,0.0,0.0,18.0,18.0,0.0,"18.0,18.0","(1b)2a97,(1b)4805",pass,False,False,,,,not_applicable_n_out_of_range,not_calculated,ROUT not implemented from scratch during MVP per handoff guardrails; no trusted existing implementation wired up yet.
2302,64,23,grape pomace,icp,p,ebony,,,pc,42.0,1,0.237,0.237,,,0.237,0.237,0.0,0.237,(1b)3c04,pass,,,,,,not_applicable_n_out_of_range,not_calculated,ROUT not implemented from scratch during MVP per handoff guardrails; no trusted existing implementation wired up yet.
2303,64,23,grape pomace,icp,p,ebony,,,ppm,42.0,1,2370.0,2370.0,,,2370.0,2370.0,0.0,2370.0,(1b)3c04,pass,,,,,,not_applicable_n_out_of_range,not_calculated,ROUT not implemented from scratch during MVP per handoff guardrails; no trusted existing implementation wired up yet.
2304,64,23,grape pomace,icp,zn,ebony,,,ppm,43.0,2,12.45,12.45,2.4748737341529163,19.878503888778447,10.7,14.2,3.5,"10.7,14.2","(1b)3c7f,(1b)764e",pass,True,False,,,,not_applicable_n_out_of_range,not_calculated,ROUT not implemented from scratch during MVP per handoff guardrails; no trusted existing implementation wired up yet.
2305,64,23,grape pomace,icp,fe,ebony,,,ppm,42.0,1,176.0,176.0,,,176.0,176.0,0.0,176.0,(1b)42db,pass,,,,,,not_applicable_n_out_of_range,not_calculated,ROUT not implemented from scratch during MVP per handoff guardrails; no trusted existing implementation wired up yet.
2306,64,23,grape pomace,icp,p,ebony,,,ppm,43.0,2,1835.0,1835.0,190.91883092036784,10.404295962962824,1700.0,1970.0,270.0,"1970.0,1700.0","(1b)4c23,(1b)d08e",pass,True,False,,,,not_applicable_n_out_of_range,not_calculated,ROUT not implemented from scratch during MVP per handoff guardrails; no trusted existing implementation wired up yet.
2307,64,23,grape pomace,icp,mg,ebony,,,pc,42.0,1,0.098,0.098,,,0.098,0.098,0.0,0.098,(1b)5342,pass,,,,,,not_applicable_n_out_of_range,not_calculated,ROUT not implemented from scratch during MVP per handoff guardrails; no trusted existing implementation wired up yet.
2308,64,23,grape pomace,icp,mg,ebony,,,ppm,42.0,1,980.0,980.0,,,980.0,980.0,0.0,980.0,(1b)5342,pass,,,,,,not_applicable_n_out_of_range,not_calculated,ROUT not implemented from scratch during MVP per handoff guardrails; no trusted existing implementation wired up yet.
2309,64,23,grape pomace,icp,mg,ebony,,,ppm,43.0,2,840.5,840.5,2.1213203435596424,0.2523879052420752,839.0,842.0,3.0,"839.0,842.0","(1b)53df,(1b)c8e3",pass,False,False,,,,not_applicable_n_out_of_range,not_calculated,ROUT not implemented from scratch during MVP per handoff guardrails; no trusted existing implementation wired up yet.
2310,64,23,grape pomace,icp,k,ebony,,,ppm,42.0,1,28300.0,28300.0,,,28300.0,28300.0,0.0,28300.0,(1b)6040,pass,,,,,,not_applicable_n_out_of_range,not_calculated,ROUT not implemented from scratch during MVP per handoff guardrails; no trusted existing implementation wired up yet.
2311,64,23,grape pomace,icp,k,ebony,,,pc,42.0,1,2.83,2.83,,,2.83,2.83,0.0,2.83,(1b)6040,pass,,,,,,not_applicable_n_out_of_range,not_calculated,ROUT not implemented from scratch during MVP per handoff guardrails; no trusted existing implementation wired up yet.
2312,64,23,grape pomace,icp,ca,ebony,,,ppm,43.0,2,2765.0,2765.0,35.35533905932738,1.278674107028115,2740.0,2790.0,50.0,"2790.0,2740.0","(1b)63de,(1b)9c2d",pass,False,False,,,,not_applicable_n_out_of_range,not_calculated,ROUT not implemented from scratch during MVP per handoff guardrails; no trusted existing implementation wired up yet.
2313,64,23,grape pomace,icp,fe,ebony,,,ppm,43.0,2,12.45,12.45,2.4748737341529163,19.878503888778447,10.7,14.2,3.5,"10.7,14.2","(1b)67a8,(1b)6ca8",pass,True,False,,,,not_applicable_n_out_of_range,not_calculated,ROUT not implemented from scratch during MVP per handoff guardrails; no trusted existing implementation wired up yet.
2314,64,23,grape pomace,icp,nd,ebony,,,ppm,43.0,2,7.0,7.0,0.0,0.0,7.0,7.0,0.0,"7.0,7.0","(1b)75d7,(1b)debc",pass,False,False,,,,not_applicable_n_out_of_range,not_calculated,ROUT not implemented from scratch during MVP per handoff guardrails; no trusted existing implementation wired up yet.
2315,64,23,grape pomace,icp,zn,ebony,,,ppm,42.0,1,11.5,11.5,,,11.5,11.5,0.0,11.5,(1b)7bd5,pass,,,,,,not_applicable_n_out_of_range,not_calculated,ROUT not implemented from scratch during MVP per handoff guardrails; no trusted existing implementation wired up yet.
2316,64,23,grape pomace,icp,mn,ebony,,,ppm,43.0,2,7.0,7.0,0.0,0.0,7.0,7.0,0.0,"7.0,7.0","(1b)7f08,(1b)c1da",pass,False,False,,,,not_applicable_n_out_of_range,not_calculated,ROUT not implemented from scratch during MVP per handoff guardrails; no trusted existing implementation wired up yet.
2317,64,23,grape pomace,icp,cu,ebony,,,ppm,43.0,2,9.0,9.0,2.8284271247461903,31.42696805273545,7.0,11.0,4.0,"7.0,11.0","(1b)82c1,(1b)dac7",pass,True,True,,,,not_applicable_n_out_of_range,not_calculated,ROUT not implemented from scratch during MVP per handoff guardrails; no trusted existing implementation wired up yet.
2318,64,23,grape pomace,icp,b,ebony,,,ppm,42.0,1,42.1,42.1,,,42.1,42.1,0.0,42.1,(1b)8f5f,pass,,,,,,not_applicable_n_out_of_range,not_calculated,ROUT not implemented from scratch during MVP per handoff guardrails; no trusted existing implementation wired up yet.
2319,64,23,grape pomace,icp,s,ebony,,,ppm,43.0,2,960.5,960.5,55.86143571373726,5.81587045431934,921.0,1000.0,79.0,"921.0,1000.0","(1b)b586,(1b)c568",pass,False,False,,,,not_applicable_n_out_of_range,not_calculated,ROUT not implemented from scratch during MVP per handoff guardrails; no trusted existing implementation wired up yet.
2320,64,23,grape pomace,icp,k,ebony,,,ppm,43.0,2,21800.0,21800.0,282.842712474619,1.2974436352046743,21600.0,22000.0,400.0,"21600.0,22000.0","(1b)be05,(1b)f250",pass,False,False,,,,not_applicable_n_out_of_range,not_calculated,ROUT not implemented from scratch during MVP per handoff guardrails; no trusted existing implementation wired up yet.
2321,64,23,grape pomace,icp,s,ebony,,,ppm,42.0,1,1240.0,1240.0,,,1240.0,1240.0,0.0,1240.0,(1b)d689,pass,,,,,,not_applicable_n_out_of_range,not_calculated,ROUT not implemented from scratch during MVP per handoff guardrails; no trusted existing implementation wired up yet.
2322,64,23,grape pomace,icp,cu,ebony,,,ppm,42.0,1,9.4,9.4,,,9.4,9.4,0.0,9.4,(1b)ed0c,pass,,,,,,not_applicable_n_out_of_range,not_calculated,ROUT not implemented from scratch during MVP per handoff guardrails; no trusted existing implementation wired up yet.
2323,64,23,grape pomace,icp,ca,ebony,,,pc,42.0,1,0.343,0.343,,,0.343,0.343,0.0,0.343,(1b)f0fa,pass,,,,,,not_applicable_n_out_of_range,not_calculated,ROUT not implemented from scratch during MVP per handoff guardrails; no trusted existing implementation wired up yet.
2324,64,23,grape pomace,icp,ca,ebony,,,ppm,42.0,1,3430.0,3430.0,,,3430.0,3430.0,0.0,3430.0,(1b)f0fa,pass,,,,,,not_applicable_n_out_of_range,not_calculated,ROUT not implemented from scratch during MVP per handoff guardrails; no trusted existing implementation wired up yet.
2325,49,31,almond shells,icp,al,tiny,,,ppm,43.0,2,39.5,39.5,0.7071067811865476,1.790143749839361,39.0,40.0,1.0,"40.0,39.0","(24)046c,(24)48aa",pass,False,False,,,,not_applicable_n_out_of_range,not_calculated,ROUT not implemented from scratch during MVP per handoff guardrails; no trusted existing implementation wired up yet.
2326,49,31,almond shells,icp,zn,tiny,,,ppm,43.0,2,10.7,10.7,0.0,0.0,10.7,10.7,0.0,"10.7,10.7","(24)09a9,(24)9d6c",pass,False,False,,,,not_applicable_n_out_of_range,not_calculated,ROUT not implemented from scratch during MVP per handoff guardrails; no trusted existing implementation wired up yet.
2327,49,31,almond shells,icp,ca,tiny,,,ppm,43.0,2,3510.0,3510.0,70.71067811865476,2.014549234149708,3460.0,3560.0,100.0,"3560.0,3460.0","(24)0a68,(24)9f55",pass,False,False,,,,not_applicable_n_out_of_range,not_calculated,ROUT not implemented from scratch during MVP per handoff guardrails; no trusted existing implementation wired up yet.
2328,49,31,almond shells,icp,si,tiny,,,ppm,43.0,2,16.049999999999997,16.049999999999997,2.616295090390225,16.30090398997025,14.2,17.9,3.6999999999999993,"14.2,17.9","(24)0fd0,(24)ef9f",pass,True,False,,,,not_applicable_n_out_of_range,not_calculated,ROUT not implemented from scratch during MVP per handoff guardrails; no trusted existing implementation wired up yet.
2329,49,31,almond shells,icp,fe,tiny,,,ppm,43.0,2,48.65,48.65,3.0405591591021524,6.249864664135976,46.5,50.8,4.299999999999997,"46.5,50.8","(24)2598,(24)2a93",pass,False,False,,,,not_applicable_n_out_of_range,not_calculated,ROUT not implemented from scratch during MVP per handoff guardrails; no trusted existing implementation wired up yet.
2330,49,31,almond shells,icp,ti,tiny,,,ppm,43.0,2,0.0,0.0,0.0,,0.0,0.0,0.0,"0.0,0.0","(24)25f6,(24)effa",pass,,,,,,not_applicable_n_out_of_range,not_calculated,ROUT not implemented from scratch during MVP per handoff guardrails; no trusted existing implementation wired up yet.
2331,49,31,almond shells,icp,k,tiny,,,ppm,43.0,2,21050.0,21050.0,494.9747468305833,2.351423975442201,20700.0,21400.0,700.0,"21400.0,20700.0","(24)264d,(24)8df9",pass,False,False,,,,not_applicable_n_out_of_range,not_calculated,ROUT not implemented from scratch during MVP per handoff guardrails; no trusted existing implementation wired up yet.
2332,49,31,almond shells,icp,p,tiny,,,ppm,43.0,2,859.5,859.5,17.67766952966369,2.05673874690677,847.0,872.0,25.0,"872.0,847.0","(24)4cc3,(24)4f15",pass,False,False,,,,not_applicable_n_out_of_range,not_calculated,ROUT not implemented from scratch during MVP per handoff guardrails; no trusted existing implementation wired up yet.
2333,49,31,almond shells,icp,nd,tiny,,,ppm,43.0,2,11.0,11.0,0.0,0.0,11.0,11.0,0.0,"11.0,11.0","(24)6339,(24)eec2",pass,False,False,,,,not_applicable_n_out_of_range,not_calculated,ROUT not implemented from scratch during MVP per handoff guardrails; no trusted existing implementation wired up yet.
2334,49,31,almond shells,icp,mn,tiny,,,ppm,43.0,2,14.0,14.0,0.0,0.0,14.0,14.0,0.0,"14.0,14.0","(24)755c,(24)b999",pass,False,False,,,,not_applicable_n_out_of_range,not_calculated,ROUT not implemented from scratch during MVP per handoff guardrails; no trusted existing implementation wired up yet.
2335,49,31,almond shells,icp,na,tiny,,,ppm,43.0,2,114.5,114.5,4.949747468305833,4.322923553105531,111.0,118.0,7.0,"111.0,118.0","(24)95c2,(24)cf04",pass,False,False,,,,not_applicable_n_out_of_range,not_calculated,ROUT not implemented from scratch during MVP per handoff guardrails; no trusted existing implementation wired up yet.
2336,49,31,almond shells,icp,cu,tiny,,,ppm,43.0,2,9.0,9.0,2.8284271247461903,31.42696805273545,7.0,11.0,4.0,"7.0,11.0","(24)a0f9,(24)b91f",pass,True,True,,,,not_applicable_n_out_of_range,not_calculated,ROUT not implemented from scratch during MVP per handoff guardrails; no trusted existing implementation wired up yet.
2337,49,31,almond shells,icp,mg,tiny,,,ppm,43.0,2,650.5,650.5,0.7071067811865476,0.1087020416889389,650.0,651.0,1.0,"650.0,651.0","(24)ab4b,(24)b7bb",pass,False,False,,,,not_applicable_n_out_of_range,not_calculated,ROUT not implemented from scratch during MVP per handoff guardrails; no trusted existing implementation wired up yet.
2338,49,31,almond shells,icp,s,tiny,,,ppm,43.0,2,339.5,339.5,4.949747468305833,1.45795212615783,336.0,343.0,7.0,"336.0,343.0","(24)bad4,(24)fade",pass,False,False,,,,not_applicable_n_out_of_range,not_calculated,ROUT not implemented from scratch during MVP per handoff guardrails; no trusted existing implementation wired up yet.
2339,59,37,tomato pomace,icp,nd,oakleaf,,,ppm,43.0,2,3.515,3.515,0.0494974746830582,1.408178511609053,3.48,3.55,0.0699999999999998,"3.48,3.55","(26)005d,(26)6b6b",pass,False,False,,,,not_applicable_n_out_of_range,not_calculated,ROUT not implemented from scratch during MVP per handoff guardrails; no trusted existing implementation wired up yet.
2340,59,37,tomato pomace,icp,mg,oakleaf,,,ppm,43.0,2,2215.0,2215.0,49.49747468305833,2.2346489698897667,2180.0,2250.0,70.0,"2250.0,2180.0","(26)02fc,(26)0e8c",pass,False,False,,,,not_applicable_n_out_of_range,not_calculated,ROUT not implemented from scratch during MVP per handoff guardrails; no trusted existing implementation wired up yet.
2341,59,37,tomato pomace,icp,al,oakleaf,,,ppm,43.0,2,3.24,3.24,0.3394112549695428,10.475656017578482,3.0,3.48,0.48,"3.48,3.0","(26)03d6,(26)4371",pass,True,False,,,,not_applicable_n_out_of_range,not_calculated,ROUT not implemented from scratch during MVP per handoff guardrails; no trusted existing implementation wired up yet.
2342,59,37,tomato pomace,icp,p,oakleaf,,,ppm,43.0,2,3305.0,3305.0,487.9036790187178,14.762592406012642,2960.0,3650.0,690.0,"3650.0,2960.0","(26)058b,(26)4709",pass,True,False,,,,not_applicable_n_out_of_range,not_calculated,ROUT not implemented from scratch during MVP per handoff guardrails; no trusted existing implementation wired up yet.
2343,59,37,tomato pomace,icp,s,oakleaf,,,ppm,43.0,2,1540.0,1540.0,14.142135623730953,0.9183204950474644,1530.0,1550.0,20.0,"1530.0,1550.0","(26)0be0,(26)dd79",pass,False,False,,,,not_applicable_n_out_of_range,not_calculated,ROUT not implemented from scratch during MVP per handoff guardrails; no trusted existing implementation wired up yet.
2344,59,37,tomato pomace,icp,zn,oakleaf,,,ppm,42.0,1,31.9,31.9,,,31.9,31.9,0.0,31.9,(26)1f5e,pass,,,,,,not_applicable_n_out_of_range,not_calculated,ROUT not implemented from scratch during MVP per handoff guardrails; no trusted existing implementation wired up yet.
2345,59,37,tomato pomace,icp,ca,oakleaf,,,ppm,43.0,2,1540.0,1540.0,113.1370849898476,7.346563960379715,1460.0,1620.0,160.0,"1620.0,1460.0","(26)2416,(26)de89",pass,False,False,,,,not_applicable_n_out_of_range,not_calculated,ROUT not implemented from scratch during MVP per handoff guardrails; no trusted existing implementation wired up yet.
2346,59,37,tomato pomace,icp,mg,oakleaf,,,pc,42.0,1,0.221,0.221,,,0.221,0.221,0.0,0.221,(26)2be5,pass,,,,,,not_applicable_n_out_of_range,not_calculated,ROUT not implemented from scratch during MVP per handoff guardrails; no trusted existing implementation wired up yet.
2347,59,37,tomato pomace,icp,mg,oakleaf,,,ppm,42.0,1,2210.0,2210.0,,,2210.0,2210.0,0.0,2210.0,(26)2be5,pass,,,,,,not_applicable_n_out_of_range,not_calculated,ROUT not implemented from scratch during MVP per handoff guardrails; no trusted existing implementation wired up yet.
2348,59,37,tomato pomace,icp,k,oakleaf,,,ppm,43.0,2,6060.0,6060.0,339.4112549695428,5.600845791576614,5820.0,6300.0,480.0,"6300.0,5820.0","(26)34ce,(26)7eeb",pass,False,False,,,,not_applicable_n_out_of_range,not_calculated,ROUT not implemented from scratch during MVP per handoff guardrails; no trusted existing implementation wired up yet.
2349,59,37,tomato pomace,icp,k,oakleaf,,,pc,42.0,1,0.66,0.66,,,0.66,0.66,0.0,0.66,(26)3c0c,pass,,,,,,not_applicable_n_out_of_range,not_calculated,ROUT not implemented from scratch during MVP per handoff guardrails; no trusted existing implementation wired up yet.
2350,59,37,tomato pomace,icp,k,oakleaf,,,ppm,42.0,1,6600.0,6600.0,,,6600.0,6600.0,0.0,6600.0,(26)3c0c,pass,,,,,,not_applicable_n_out_of_range,not_calculated,ROUT not implemented from scratch during MVP per handoff guardrails; no trusted existing implementation wired up yet.
2351,59,37,tomato pomace,icp,cu,oakleaf,,,ppm,43.0,2,10.25,10.25,0.3535533905932738,3.449301371641696,10.0,10.5,0.5,"10.5,10.0","(26)4490,(26)e8f5",pass,False,False,,,,not_applicable_n_out_of_range,not_calculated,ROUT not implemented from scratch during MVP per handoff guardrails; no trusted existing implementation wired up yet.
2352,59,37,tomato pomace,icp,si,oakleaf,,,ppm,43.0,2,8.5,8.5,2.1213203435596424,24.956709924231088,7.0,10.0,3.0,"7.0,10.0","(26)6427,(26)9c15",pass,True,True,,,,not_applicable_n_out_of_range,not_calculated,ROUT not implemented from scratch during MVP per handoff guardrails; no trusted existing implementation wired up yet.
2353,59,37,tomato pomace,icp,zn,oakleaf,,,ppm,43.0,2,37.0,37.0,8.48528137423857,22.93319290334749,31.0,43.0,12.0,"31.0,43.0","(26)6fd6,(26)a23d",pass,True,True,,,,not_applicable_n_out_of_range,not_calculated,ROUT not implemented from scratch during MVP per handoff guardrails; no trusted existing implementation wired up yet.
2354,59,37,tomato pomace,icp,ti,oakleaf,,,ppm,43.0,2,3.515,3.515,0.0494974746830582,1.408178511609053,3.48,3.55,0.0699999999999998,"3.48,3.55","(26)7272,(26)fa46",pass,False,False,,,,not_applicable_n_out_of_range,not_calculated,ROUT not implemented from scratch during MVP per handoff guardrails; no trusted existing implementation wired up yet.
2355,59,37,tomato pomace,icp,na,oakleaf,,,ppm,43.0,2,765.0,765.0,21.213203435596427,2.77296776935901,750.0,780.0,30.0,"780.0,750.0","(26)8804,(26)c5a6",pass,False,False,,,,not_applicable_n_out_of_range,not_calculated,ROUT not implemented from scratch during MVP per handoff guardrails; no trusted existing implementation wired up yet.
2356,59,37,tomato pomace,icp,ca,oakleaf,,,ppm,42.0,1,1500.0,1500.0,,,1500.0,1500.0,0.0,1500.0,(26)93cd,pass,,,,,,not_applicable_n_out_of_range,not_calculated,ROUT not implemented from scratch during MVP per handoff guardrails; no trusted existing implementation wired up yet.
2357,59,37,tomato pomace,icp,ca,oakleaf,,,pc,42.0,1,0.15,0.15,,,0.15,0.15,0.0,0.15,(26)93cd,pass,,,,,,not_applicable_n_out_of_range,not_calculated,ROUT not implemented from scratch during MVP per handoff guardrails; no trusted existing implementation wired up yet.
2358,59,37,tomato pomace,icp,mn,oakleaf,,,ppm,43.0,2,35.0,35.0,4.242640687119285,12.121830534626527,32.0,38.0,6.0,"32.0,38.0","(26)9bb8,(26)f18a",pass,True,False,,,,not_applicable_n_out_of_range,not_calculated,ROUT not implemented from scratch during MVP per handoff guardrails; no trusted existing implementation wired up yet.
2359,59,37,tomato pomace,icp,cu,oakleaf,,,ppm,42.0,1,8.1,8.1,,,8.1,8.1,0.0,8.1,(26)a2ec,pass,,,,,,not_applicable_n_out_of_range,not_calculated,ROUT not implemented from scratch during MVP per handoff guardrails; no trusted existing implementation wired up yet.
2360,59,37,tomato pomace,icp,fe,oakleaf,,,ppm,42.0,1,89.2,89.2,,,89.2,89.2,0.0,89.2,(26)d58c,pass,,,,,,not_applicable_n_out_of_range,not_calculated,ROUT not implemented from scratch during MVP per handoff guardrails; no trusted existing implementation wired up yet.
2361,59,37,tomato pomace,icp,b,oakleaf,,,ppm,42.0,1,13.5,13.5,,,13.5,13.5,0.0,13.5,(26)e3e3,pass,,,,,,not_applicable_n_out_of_range,not_calculated,ROUT not implemented from scratch during MVP per handoff guardrails; no trusted existing implementation wired up yet.
2362,59,37,tomato pomace,icp,fe,oakleaf,,,ppm,43.0,2,11.95,11.95,2.757716446627536,23.07712507638105,10.0,13.9,3.9,"10.0,13.9","(26)e86a,(26)f95b",pass,True,True,,,,not_applicable_n_out_of_range,not_calculated,ROUT not implemented from scratch during MVP per handoff guardrails; no trusted existing implementation wired up yet.
2363,59,37,tomato pomace,icp,mn,oakleaf,,,ppm,42.0,1,37.4,37.4,,,37.4,37.4,0.0,37.4,(26)ebe2,pass,,,,,,not_applicable_n_out_of_range,not_calculated,ROUT not implemented from scratch during MVP per handoff guardrails; no trusted existing implementation wired up yet.
2364,59,37,tomato pomace,icp,p,oakleaf,,,pc,42.0,1,0.362,0.362,,,0.362,0.362,0.0,0.362,(26)f5fa,pass,,,,,,not_applicable_n_out_of_range,not_calculated,ROUT not implemented from scratch during MVP per handoff guardrails; no trusted existing implementation wired up yet.
2365,59,37,tomato pomace,icp,p,oakleaf,,,ppm,42.0,1,3620.0,3620.0,,,3620.0,3620.0,0.0,3620.0,(26)f5fa,pass,,,,,,not_applicable_n_out_of_range,not_calculated,ROUT not implemented from scratch during MVP per handoff guardrails; no trusted existing implementation wired up yet.
2366,59,37,tomato pomace,icp,s,oakleaf,,,ppm,42.0,1,1710.0,1710.0,,,1710.0,1710.0,0.0,1710.0,(26)f767,pass,,,,,,not_applicable_n_out_of_range,not_calculated,ROUT not implemented from scratch during MVP per handoff guardrails; no trusted existing implementation wired up yet.
2367,48,25,almond hulls,icp,na,vibrant,,,ppm,43.0,2,-133.8,-133.8,121.9052090765608,91.11002173136085,-220.0,-47.6,172.4,"-220.0,-47.6","(31)0574,(31)650f",fail,True,True,,,,not_applicable_n_out_of_range,not_calculated,ROUT not implemented from scratch during MVP per handoff guardrails; no trusted existing implementation wired up yet.
2368,48,25,almond hulls,icp,al,vibrant,,,ppm,43.0,2,13.0,13.0,2.8284271247461903,21.757131728816848,11.0,15.0,4.0,"11.0,15.0","(31)09a4,(31)738d",pass,True,True,,,,not_applicable_n_out_of_range,not_calculated,ROUT not implemented from scratch during MVP per handoff guardrails; no trusted existing implementation wired up yet.
2369,48,25,almond hulls,icp,fe,vibrant,,,ppm,43.0,2,12.65,12.65,2.757716446627536,21.8001300128659,10.7,14.6,3.9,"10.7,14.6","(31)0bc6,(31)b221",pass,True,True,,,,not_applicable_n_out_of_range,not_calculated,ROUT not implemented from scratch during MVP per handoff guardrails; no trusted existing implementation wired up yet.
2370,48,25,almond hulls,icp,zn,vibrant,,,ppm,43.0,2,3.63,3.63,0.0424264068711928,1.1687715391513194,3.6,3.66,0.06,"3.66,3.6","(31)131f,(31)6866",pass,False,False,,,,not_applicable_n_out_of_range,not_calculated,ROUT not implemented from scratch during MVP per handoff guardrails; no trusted existing implementation wired up yet.
2371,48,25,almond hulls,icp,k,vibrant,,,ppm,43.0,2,17600.0,17600.0,1697.056274847714,9.642365197998377,16400.0,18800.0,2400.0,"16400.0,18800.0","(31)2103,(31)a87c",pass,False,False,,,,not_applicable_n_out_of_range,not_calculated,ROUT not implemented from scratch during MVP per handoff guardrails; no trusted existing implementation wired up yet.
2372,48,25,almond hulls,icp,s,vibrant,,,ppm,43.0,2,203.0,203.0,43.840620433565945,21.596364745598983,172.0,234.0,62.0,"234.0,172.0","(31)3951,(31)fb32",pass,True,True,,,,not_applicable_n_out_of_range,not_calculated,ROUT not implemented from scratch during MVP per handoff guardrails; no trusted existing implementation wired up yet.
2373,48,25,almond hulls,icp,mn,vibrant,,,ppm,43.0,2,7.0,7.0,0.0,0.0,7.0,7.0,0.0,"7.0,7.0","(31)3a96,(31)4f76",pass,False,False,,,,not_applicable_n_out_of_range,not_calculated,ROUT not implemented from scratch during MVP per handoff guardrails; no trusted existing implementation wired up yet.
2374,48,25,almond hulls,icp,si,vibrant,,,ppm,43.0,2,14.5,14.5,4.949747468305833,34.13618943659195,11.0,18.0,7.0,"18.0,11.0","(31)53ad,(31)ff2f",pass,True,True,,,,not_applicable_n_out_of_range,not_calculated,ROUT not implemented from scratch during MVP per handoff guardrails; no trusted existing implementation wired up yet.
2375,48,25,almond hulls,icp,ti,vibrant,,,ppm,43.0,2,0.0,0.0,0.0,,0.0,0.0,0.0,"0.0,0.0","(31)6f58,(31)baff",pass,,,,,,not_applicable_n_out_of_range,not_calculated,ROUT not implemented from scratch during MVP per handoff guardrails; no trusted existing implementation wired up yet.
2376,48,25,almond hulls,icp,p,vibrant,,,ppm,43.0,2,508.5,508.5,57.27564927611035,11.263647841909606,468.0,549.0,81.0,"549.0,468.0","(31)9be8,(31)f463",pass,True,False,,,,not_applicable_n_out_of_range,not_calculated,ROUT not implemented from scratch during MVP per handoff guardrails; no trusted existing implementation wired up yet.
2377,48,25,almond hulls,icp,ca,vibrant,,,ppm,43.0,2,1620.0,1620.0,98.99494936611666,6.110799343587448,1550.0,1690.0,140.0,"1550.0,1690.0","(31)ba4f,(31)e17b",pass,False,False,,,,not_applicable_n_out_of_range,not_calculated,ROUT not implemented from scratch during MVP per handoff guardrails; no trusted existing implementation wired up yet.
2378,48,25,almond hulls,icp,mg,vibrant,,,ppm,43.0,2,1065.0,1065.0,63.63961030678928,5.975550263548289,1020.0,1110.0,90.0,"1020.0,1110.0","(31)c567,(31)cd71",pass,False,False,,,,not_applicable_n_out_of_range,not_calculated,ROUT not implemented from scratch during MVP per handoff guardrails; no trusted existing implementation wired up yet.
2379,48,25,almond hulls,icp,cu,vibrant,,,ppm,43.0,2,7.0,7.0,0.0,0.0,7.0,7.0,0.0,"7.0,7.0","(31)c6dd,(31)c8c1",pass,False,False,,,,not_applicable_n_out_of_range,not_calculated,ROUT not implemented from scratch during MVP per handoff guardrails; no trusted existing implementation wired up yet.
2380,48,25,almond hulls,icp,nd,vibrant,,,ppm,43.0,2,5.5,5.5,2.1213203435596424,38.5694607919935,4.0,7.0,3.0,"7.0,4.0","(31)cdbe,(31)fdcb",pass,True,True,,,,not_applicable_n_out_of_range,not_calculated,ROUT not implemented from scratch during MVP per handoff guardrails; no trusted existing implementation wired up yet.
2381,47,31,almond shells,icp,s,vibrant,,,ppm,43.0,2,216.5,216.5,23.33452377915607,10.778071029633288,200.0,233.0,33.0,"200.0,233.0","(37)0f49,(37)461d",pass,True,False,,,,not_applicable_n_out_of_range,not_calculated,ROUT not implemented from scratch during MVP per handoff guardrails; no trusted existing implementation wired up yet.
2382,47,31,almond shells,icp,cu,vibrant,,,ppm,43.0,2,11.0,11.0,0.0,0.0,11.0,11.0,0.0,"11.0,11.0","(37)1595,(37)5308",pass,False,False,,,,not_applicable_n_out_of_range,not_calculated,ROUT not implemented from scratch during MVP per handoff guardrails; no trusted existing implementation wired up yet.
2383,47,31,almond shells,icp,k,vibrant,,,ppm,43.0,2,15800.0,15800.0,0.0,0.0,15800.0,15800.0,0.0,"15800.0,15800.0","(37)19cb,(37)8870",pass,False,False,,,,not_applicable_n_out_of_range,not_calculated,ROUT not implemented from scratch during MVP per handoff guardrails; no trusted existing implementation wired up yet.
2384,47,31,almond shells,icp,mg,vibrant,,,ppm,43.0,2,575.5,575.5,2.1213203435596424,0.3686047512701377,574.0,577.0,3.0,"574.0,577.0","(37)2251,(37)fd13",pass,False,False,,,,not_applicable_n_out_of_range,not_calculated,ROUT not implemented from scratch during MVP per handoff guardrails; no trusted existing implementation wired up yet.
2385,47,31,almond shells,icp,zn,vibrant,,,ppm,43.0,2,7.15,7.15,0.0141421356237312,0.1977921066256122,7.14,7.16,0.0200000000000004,"7.16,7.14","(37)2367,(37)468a",pass,False,False,,,,not_applicable_n_out_of_range,not_calculated,ROUT not implemented from scratch during MVP per handoff guardrails; no trusted existing implementation wired up yet.
2386,47,31,almond shells,icp,mn,vibrant,,,ppm,43.0,2,9.0,9.0,2.8284271247461903,31.42696805273545,7.0,11.0,4.0,"11.0,7.0","(37)2bb7,(37)b44a",pass,True,True,,,,not_applicable_n_out_of_range,not_calculated,ROUT not implemented from scratch during MVP per handoff guardrails; no trusted existing implementation wired up yet.
2387,47,31,almond shells,icp,si,vibrant,,,ppm,43.0,2,14.3,14.3,0.0,0.0,14.3,14.3,0.0,"14.3,14.3","(37)367a,(37)b72c",pass,False,False,,,,not_applicable_n_out_of_range,not_calculated,ROUT not implemented from scratch during MVP per handoff guardrails; no trusted existing implementation wired up yet.
2388,47,31,almond shells,icp,nd,vibrant,,,ppm,43.0,2,7.0,7.0,0.0,0.0,7.0,7.0,0.0,"7.0,7.0","(37)392a,(37)3d0c",pass,False,False,,,,not_applicable_n_out_of_range,not_calculated,ROUT not implemented from scratch during MVP per handoff guardrails; no trusted existing implementation wired up yet.
2389,47,31,almond shells,icp,al,vibrant,,,ppm,43.0,2,16.0,16.0,2.8284271247461903,17.67766952966369,14.0,18.0,4.0,"18.0,14.0","(37)3b21,(37)cb2d",pass,True,False,,,,not_applicable_n_out_of_range,not_calculated,ROUT not implemented from scratch during MVP per handoff guardrails; no trusted existing implementation wired up yet.
2390,47,31,almond shells,icp,fe,vibrant,,,ppm,43.0,2,25.0,25.0,4.949747468305833,19.79898987322333,21.5,28.5,7.0,"21.5,28.5","(37)4398,(37)f74f",pass,True,False,,,,not_applicable_n_out_of_range,not_calculated,ROUT not implemented from scratch during MVP per handoff guardrails; no trusted existing implementation wired up yet.
2391,47,31,almond shells,icp,na,vibrant,,,ppm,43.0,2,-225.5,-225.5,20.50609665440988,9.093612707055378,-240.0,-211.0,29.0,"-211.0,-240.0","(37)5698,(37)7905",fail,False,False,,,,not_applicable_n_out_of_range,not_calculated,ROUT not implemented from scratch during MVP per handoff guardrails; no trusted existing implementation wired up yet.
2392,47,31,almond shells,icp,ca,vibrant,,,ppm,43.0,2,1900.0,1900.0,70.71067811865476,3.721614637823935,1850.0,1950.0,100.0,"1950.0,1850.0","(37)76b0,(37)e3ae",pass,False,False,,,,not_applicable_n_out_of_range,not_calculated,ROUT not implemented from scratch during MVP per handoff guardrails; no trusted existing implementation wired up yet.
2393,47,31,almond shells,icp,ti,vibrant,,,ppm,43.0,2,2.0,2.0,2.8284271247461903,141.4213562373095,0.0,4.0,4.0,"0.0,4.0","(37)7d17,(37)ebd4",pass,True,True,,,,not_applicable_n_out_of_range,not_calculated,ROUT not implemented from scratch during MVP per handoff guardrails; no trusted existing implementation wired up yet.
2394,47,31,almond shells,icp,p,vibrant,,,ppm,43.0,2,579.5,579.5,31.81980515339464,5.49090684269105,557.0,602.0,45.0,"557.0,602.0","(37)d417,(37)db27",pass,False,False,,,,not_applicable_n_out_of_range,not_calculated,ROUT not implemented from scratch during MVP per handoff guardrails; no trusted existing implementation wired up yet.
2395,55,22,walnut tree sticks,icp,cu,energetic,,,ppm,43.0,2,34.099999999999994,34.099999999999994,2.545584412271572,7.465056927482616,32.3,35.9,3.6000000000000014,"32.3,35.9","(4d)074c,(4d)f8c3",pass,False,False,,,,not_applicable_n_out_of_range,not_calculated,ROUT not implemented from scratch during MVP per handoff guardrails; no trusted existing implementation wired up yet.
2396,55,22,walnut tree sticks,icp,nd,energetic,,,ppm,43.0,2,28.75,28.75,0.0707106781186557,0.2459501847605417,28.7,28.8,0.1000000000000014,"28.8,28.7","(4d)0fb1,(4d)e436",pass,False,False,,,,not_applicable_n_out_of_range,not_calculated,ROUT not implemented from scratch during MVP per handoff guardrails; no trusted existing implementation wired up yet.
2397,55,22,walnut tree sticks,icp,na,energetic,,,ppm,43.0,2,9.0,9.0,2.8284271247461903,31.42696805273545,7.0,11.0,4.0,"7.0,11.0","(4d)1916,(4d)b119",pass,True,True,,,,not_applicable_n_out_of_range,not_calculated,ROUT not implemented from scratch during MVP per handoff guardrails; no trusted existing implementation wired up yet.
2398,55,22,walnut tree sticks,icp,mg,energetic,,,ppm,43.0,2,1290.0,1290.0,56.56854249492381,4.38515833293983,1250.0,1330.0,80.0,"1250.0,1330.0","(4d)35b1,(4d)a55b",pass,False,False,,,,not_applicable_n_out_of_range,not_calculated,ROUT not implemented from scratch during MVP per handoff guardrails; no trusted existing implementation wired up yet.
2399,55,22,walnut tree sticks,icp,p,energetic,,,ppm,43.0,2,453.5,453.5,112.42997820866104,24.79161592252724,374.0,533.0,159.0,"533.0,374.0","(4d)404e,(4d)7deb",pass,True,True,,,,not_applicable_n_out_of_range,not_calculated,ROUT not implemented from scratch during MVP per handoff guardrails; no trusted existing implementation wired up yet.
2400,55,22,walnut tree sticks,icp,mn,energetic,,,ppm,43.0,2,30.55,30.55,2.616295090390225,8.563977382619397,28.7,32.4,3.6999999999999993,"28.7,32.4","(4d)4e30,(4d)bf78",pass,False,False,,,,not_applicable_n_out_of_range,not_calculated,ROUT not implemented from scratch during MVP per handoff guardrails; no trusted existing implementation wired up yet.
2401,55,22,walnut tree sticks,icp,fe,energetic,,,ppm,43.0,2,27.0,27.0,2.8284271247461903,10.475656017578483,25.0,29.0,4.0,"29.0,25.0","(4d)59ef,(4d)d27b",pass,True,False,,,,not_applicable_n_out_of_range,not_calculated,ROUT not implemented from scratch during MVP per handoff guardrails; no trusted existing implementation wired up yet.
2402,55,22,walnut tree sticks,icp,k,energetic,,,ppm,43.0,2,4325.0,4325.0,148.492424049175,3.43335084506763,4220.0,4430.0,210.0,"4430.0,4220.0","(4d)6c47,(4d)c6b5",pass,False,False,,,,not_applicable_n_out_of_range,not_calculated,ROUT not implemented from scratch during MVP per handoff guardrails; no trusted existing implementation wired up yet.
2403,55,22,walnut tree sticks,icp,zn,energetic,,,ppm,43.0,2,9.0,9.0,2.8284271247461903,31.42696805273545,7.0,11.0,4.0,"11.0,7.0","(4d)8c1b,(4d)f507",pass,True,True,,,,not_applicable_n_out_of_range,not_calculated,ROUT not implemented from scratch during MVP per handoff guardrails; no trusted existing implementation wired up yet.
2404,55,22,walnut tree sticks,icp,ti,energetic,,,ppm,43.0,2,3.595,3.595,0.0070710678118656,0.1966917332925073,3.59,3.6,0.0100000000000002,"3.6,3.59","(4d)9f8d,(4d)a0e1",pass,False,False,,,,not_applicable_n_out_of_range,not_calculated,ROUT not implemented from scratch during MVP per handoff guardrails; no trusted existing implementation wired up yet.
2405,55,22,walnut tree sticks,icp,si,energetic,,,ppm,43.0,2,10.5,10.5,4.949747468305833,47.14045207910317,7.0,14.0,7.0,"7.0,14.0","(4d)a81d,(4d)d24e",pass,True,True,,,,not_applicable_n_out_of_range,not_calculated,ROUT not implemented from scratch during MVP per handoff guardrails; no trusted existing implementation wired up yet.
2406,55,22,walnut tree sticks,icp,s,energetic,,,ppm,43.0,2,617.0,617.0,59.39696961966999,9.626737377580223,575.0,659.0,84.0,"659.0,575.0","(4d)a981,(4d)ecfd",pass,False,False,,,,not_applicable_n_out_of_range,not_calculated,ROUT not implemented from scratch during MVP per handoff guardrails; no trusted existing implementation wired up yet.
2407,55,22,walnut tree sticks,icp,ca,energetic,,,ppm,43.0,2,17450.0,17450.0,919.2388155425118,5.267844215143335,16800.0,18100.0,1300.0,"18100.0,16800.0","(4d)bf48,(4d)f632",pass,False,False,,,,not_applicable_n_out_of_range,not_calculated,ROUT not implemented from scratch during MVP per handoff guardrails; no trusted existing implementation wired up yet.
2408,55,22,walnut tree sticks,icp,al,energetic,,,ppm,43.0,2,26.95,26.95,2.4748737341529163,9.183204950474645,25.2,28.7,3.5,"25.2,28.7","(4d)e3d2,(4d)f005",pass,False,False,,,,not_applicable_n_out_of_range,not_calculated,ROUT not implemented from scratch during MVP per handoff guardrails; no trusted existing implementation wired up yet.
2409,60,37,tomato pomace,icp,nd,pinecrest,,,ppm,43.0,2,7.21,7.21,0.141421356237309,1.961461251557684,7.11,7.31,0.1999999999999993,"7.11,7.31","(69)0335,(69)aa3d",pass,False,False,,,,not_applicable_n_out_of_range,not_calculated,ROUT not implemented from scratch during MVP per handoff guardrails; no trusted existing implementation wired up yet.
2410,60,37,tomato pomace,icp,ca,pinecrest,,,pc,42.0,1,0.248,0.248,,,0.248,0.248,0.0,0.248,(69)0acb,pass,,,,,,not_applicable_n_out_of_range,not_calculated,ROUT not implemented from scratch during MVP per handoff guardrails; no trusted existing implementation wired up yet.
2411,60,37,tomato pomace,icp,ca,pinecrest,,,ppm,42.0,1,2480.0,2480.0,,,2480.0,2480.0,0.0,2480.0,(69)0acb,pass,,,,,,not_applicable_n_out_of_range,not_calculated,ROUT not implemented from scratch during MVP per handoff guardrails; no trusted existing implementation wired up yet.
2412,60,37,tomato pomace,icp,k,pinecrest,,,ppm,43.0,2,20650.0,20650.0,494.9747468305833,2.396972139615416,20300.0,21000.0,700.0,"21000.0,20300.0","(69)0f35,(69)fb3a",pass,False,False,,,,not_applicable_n_out_of_range,not_calculated,ROUT not implemented from scratch during MVP per handoff guardrails; no trusted existing implementation wired up yet.
2413,60,37,tomato pomace,icp,p,pinecrest,,,ppm,43.0,2,2580.0,2580.0,56.56854249492381,2.192579166469915,2540.0,2620.0,80.0,"2540.0,2620.0","(69)1a06,(69)2c93",pass,False,False,,,,not_applicable_n_out_of_range,not_calculated,ROUT not implemented from scratch during MVP per handoff guardrails; no trusted existing implementation wired up yet.
2414,60,37,tomato pomace,icp,mn,pinecrest,,,ppm,43.0,2,18.05,18.05,0.3535533905932738,1.9587445462231237,17.8,18.3,0.5,"17.8,18.3","(69)1bde,(69)dd28",pass,False,False,,,,not_applicable_n_out_of_range,not_calculated,ROUT not implemented from scratch during MVP per handoff guardrails; no trusted existing implementation wired up yet.
2415,60,37,tomato pomace,icp,mg,pinecrest,,,ppm,42.0,1,1640.0,1640.0,,,1640.0,1640.0,0.0,1640.0,(69)1c7d,pass,,,,,,not_applicable_n_out_of_range,not_calculated,ROUT not implemented from scratch during MVP per handoff guardrails; no trusted existing implementation wired up yet.
2416,60,37,tomato pomace,icp,mg,pinecrest,,,pc,42.0,1,0.164,0.164,,,0.164,0.164,0.0,0.164,(69)1c7d,pass,,,,,,not_applicable_n_out_of_range,not_calculated,ROUT not implemented from scratch during MVP per handoff guardrails; no trusted existing implementation wired up yet.
2417,60,37,tomato pomace,icp,zn,pinecrest,,,ppm,43.0,2,22.0,22.0,0.0,0.0,22.0,22.0,0.0,"22.0,22.0","(69)270a,(69)6873",pass,False,False,,,,not_applicable_n_out_of_range,not_calculated,ROUT not implemented from scratch during MVP per handoff guardrails; no trusted existing implementation wired up yet.
2418,60,37,tomato pomace,icp,cu,pinecrest,,,ppm,42.0,1,16.8,16.8,,,16.8,16.8,0.0,16.8,(69)2eb3,pass,,,,,,not_applicable_n_out_of_range,not_calculated,ROUT not implemented from scratch during MVP per handoff guardrails; no trusted existing implementation wired up yet.
2419,60,37,tomato pomace,icp,ti,pinecrest,,,ppm,43.0,2,3.65,3.65,0.0,0.0,3.65,3.65,0.0,"3.65,3.65","(69)311c,(69)5cdc",pass,False,False,,,,not_applicable_n_out_of_range,not_calculated,ROUT not implemented from scratch during MVP per handoff guardrails; no trusted existing implementation wired up yet.
2420,60,37,tomato pomace,icp,mg,pinecrest,,,ppm,43.0,2,1640.0,1640.0,127.27922061357856,7.760928086193815,1550.0,1730.0,180.0,"1730.0,1550.0","(69)3138,(69)7ba0",pass,False,False,,,,not_applicable_n_out_of_range,not_calculated,ROUT not implemented from scratch during MVP per handoff guardrails; no trusted existing implementation wired up yet.
2421,60,37,tomato pomace,icp,s,pinecrest,,,ppm,42.0,1,1610.0,1610.0,,,1610.0,1610.0,0.0,1610.0,(69)370e,pass,,,,,,not_applicable_n_out_of_range,not_calculated,ROUT not implemented from scratch during MVP per handoff guardrails; no trusted existing implementation wired up yet.
2422,60,37,tomato pomace,icp,al,pinecrest,,,ppm,43.0,2,16.2,16.2,2.2627416997969525,13.967541356771312,14.6,17.8,3.200000000000001,"17.8,14.6","(69)3b52,(69)bfca",pass,True,False,,,,not_applicable_n_out_of_range,not_calculated,ROUT not implemented from scratch during MVP per handoff guardrails; no trusted existing implementation wired up yet.
2423,60,37,tomato pomace,icp,p,pinecrest,,,ppm,42.0,1,2590.0,2590.0,,,2590.0,2590.0,0.0,2590.0,(69)46ef,pass,,,,,,not_applicable_n_out_of_range,not_calculated,ROUT not implemented from scratch during MVP per handoff guardrails; no trusted existing implementation wired up yet.
2424,60,37,tomato pomace,icp,p,pinecrest,,,pc,42.0,1,0.259,0.259,,,0.259,0.259,0.0,0.259,(69)46ef,pass,,,,,,not_applicable_n_out_of_range,not_calculated,ROUT not implemented from scratch during MVP per handoff guardrails; no trusted existing implementation wired up yet.
2425,60,37,tomato pomace,icp,na,pinecrest,,,ppm,43.0,2,1485.0,1485.0,63.63961030678928,4.2854956435548335,1440.0,1530.0,90.0,"1530.0,1440.0","(69)5280,(69)eb00",pass,False,False,,,,not_applicable_n_out_of_range,not_calculated,ROUT not implemented from scratch during MVP per handoff guardrails; no trusted existing implementation wired up yet.
2426,60,37,tomato pomace,icp,s,pinecrest,,,ppm,43.0,2,1675.0,1675.0,21.213203435596427,1.2664599066027715,1660.0,1690.0,30.0,"1660.0,1690.0","(69)632c,(69)e3ed",pass,False,False,,,,not_applicable_n_out_of_range,not_calculated,ROUT not implemented from scratch during MVP per handoff guardrails; no trusted existing implementation wired up yet.
2427,60,37,tomato pomace,icp,ca,pinecrest,,,ppm,43.0,2,2650.0,2650.0,113.1370849898476,4.269323961881042,2570.0,2730.0,160.0,"2570.0,2730.0","(69)66e5,(69)f2b1",pass,False,False,,,,not_applicable_n_out_of_range,not_calculated,ROUT not implemented from scratch during MVP per handoff guardrails; no trusted existing implementation wired up yet.
2428,60,37,tomato pomace,icp,cu,pinecrest,,,ppm,43.0,2,14.4,14.4,0.2828427124746193,1.9641855032959672,14.2,14.6,0.4000000000000003,"14.6,14.2","(69)8315,(69)daf6",pass,False,False,,,,not_applicable_n_out_of_range,not_calculated,ROUT not implemented from scratch during MVP per handoff guardrails; no trusted existing implementation wired up yet.
2429,60,37,tomato pomace,icp,b,pinecrest,,,ppm,42.0,1,14.6,14.6,,,14.6,14.6,0.0,14.6,(69)938e,pass,,,,,,not_applicable_n_out_of_range,not_calculated,ROUT not implemented from scratch during MVP per handoff guardrails; no trusted existing implementation wired up yet.
2430,60,37,tomato pomace,icp,fe,pinecrest,,,ppm,43.0,2,7.0,7.0,0.0,0.0,7.0,7.0,0.0,"7.0,7.0","(69)a5f5,(69)bf28",pass,False,False,,,,not_applicable_n_out_of_range,not_calculated,ROUT not implemented from scratch during MVP per handoff guardrails; no trusted existing implementation wired up yet.
2431,60,37,tomato pomace,icp,k,pinecrest,,,ppm,42.0,1,20600.0,20600.0,,,20600.0,20600.0,0.0,20600.0,(69)a649,pass,,,,,,not_applicable_n_out_of_range,not_calculated,ROUT not implemented from scratch during MVP per handoff guardrails; no trusted existing implementation wired up yet.
2432,60,37,tomato pomace,icp,k,pinecrest,,,pc,42.0,1,2.06,2.06,,,2.06,2.06,0.0,2.06,(69)a649,pass,,,,,,not_applicable_n_out_of_range,not_calculated,ROUT not implemented from scratch during MVP per handoff guardrails; no trusted existing implementation wired up yet.
2433,60,37,tomato pomace,icp,si,pinecrest,,,ppm,43.0,2,13.0,13.0,2.8284271247461903,21.757131728816848,11.0,15.0,4.0,"15.0,11.0","(69)c905,(69)dca7",pass,True,True,,,,not_applicable_n_out_of_range,not_calculated,ROUT not implemented from scratch during MVP per handoff guardrails; no trusted existing implementation wired up yet.
2434,60,37,tomato pomace,icp,mn,pinecrest,,,ppm,42.0,1,19.8,19.8,,,19.8,19.8,0.0,19.8,(69)e99c,pass,,,,,,not_applicable_n_out_of_range,not_calculated,ROUT not implemented from scratch during MVP per handoff guardrails; no trusted existing implementation wired up yet.
2435,60,37,tomato pomace,icp,fe,pinecrest,,,ppm,42.0,1,61.2,61.2,,,61.2,61.2,0.0,61.2,(69)f3fc,pass,,,,,,not_applicable_n_out_of_range,not_calculated,ROUT not implemented from scratch during MVP per handoff guardrails; no trusted existing implementation wired up yet.
2436,60,37,tomato pomace,icp,zn,pinecrest,,,ppm,42.0,1,27.9,27.9,,,27.9,27.9,0.0,27.9,(69)f50e,pass,,,,,,not_applicable_n_out_of_range,not_calculated,ROUT not implemented from scratch during MVP per handoff guardrails; no trusted existing implementation wired up yet.
2437,61,37,tomato pomace,icp,ca,riverstone,,,ppm,42.0,2,2090.0,2090.0,14.142135623730953,0.676657206877079,2080.0,2100.0,20.0,"2100.0,2080.0","(6d)03ea,(6d)f5ad",pass,False,False,,,,not_applicable_n_out_of_range,not_calculated,ROUT not implemented from scratch during MVP per handoff guardrails; no trusted existing implementation wired up yet.
2438,61,37,tomato pomace,icp,ca,riverstone,,,pc,42.0,2,0.209,0.209,0.001414213562373,0.6766572068770795,0.208,0.21,0.002,"0.21,0.208","(6d)03ea,(6d)f5ad",pass,False,False,,,,not_applicable_n_out_of_range,not_calculated,ROUT not implemented from scratch during MVP per handoff guardrails; no trusted existing implementation wired up yet.
2439,61,37,tomato pomace,icp,ca,riverstone,,,ppm,43.0,2,1480.0,1480.0,42.42640687119285,2.866649112918436,1450.0,1510.0,60.0,"1450.0,1510.0","(6d)0f9b,(6d)f6fd",pass,False,False,,,,not_applicable_n_out_of_range,not_calculated,ROUT not implemented from scratch during MVP per handoff guardrails; no trusted existing implementation wired up yet.
2440,61,37,tomato pomace,icp,mn,riverstone,,,ppm,43.0,2,40.15,40.15,0.3535533905932738,0.8805812966208563,39.9,40.4,0.5,"40.4,39.9","(6d)1524,(6d)6274",pass,False,False,,,,not_applicable_n_out_of_range,not_calculated,ROUT not implemented from scratch during MVP per handoff guardrails; no trusted existing implementation wired up yet.
2441,61,37,tomato pomace,icp,zn,riverstone,,,ppm,42.0,2,25.15,25.15,0.4949747468305827,1.9680904446544047,24.8,25.5,0.6999999999999993,"25.5,24.8","(6d)1b10,(6d)93ec",pass,False,False,,,,not_applicable_n_out_of_range,not_calculated,ROUT not implemented from scratch during MVP per handoff guardrails; no trusted existing implementation wired up yet.
2442,61,37,tomato pomace,icp,mg,riverstone,,,pc,42.0,2,0.256,0.256,0.001414213562373,0.5524271728019907,0.255,0.257,0.002,"0.257,0.255","(6d)1f4c,(6d)e672",pass,False,False,,,,not_applicable_n_out_of_range,not_calculated,ROUT not implemented from scratch during MVP per handoff guardrails; no trusted existing implementation wired up yet.
2443,61,37,tomato pomace,icp,mg,riverstone,,,ppm,42.0,2,2560.0,2560.0,14.142135623730953,0.5524271728019903,2550.0,2570.0,20.0,"2570.0,2550.0","(6d)1f4c,(6d)e672",pass,False,False,,,,not_applicable_n_out_of_range,not_calculated,ROUT not implemented from scratch during MVP per handoff guardrails; no trusted existing implementation wired up yet.
2444,61,37,tomato pomace,icp,s,riverstone,,,ppm,43.0,2,1555.0,1555.0,49.49747468305833,3.1831173429619506,1520.0,1590.0,70.0,"1520.0,1590.0","(6d)241f,(6d)3256",pass,False,False,,,,not_applicable_n_out_of_range,not_calculated,ROUT not implemented from scratch during MVP per handoff guardrails; no trusted existing implementation wired up yet.
2445,61,37,tomato pomace,icp,nd,riverstone,,,ppm,43.0,2,1.84,1.84,2.602152954766495,141.4213562373095,0.0,3.68,3.68,"3.68,0.0","(6d)2b35,(6d)a2d8",pass,True,True,,,,not_applicable_n_out_of_range,not_calculated,ROUT not implemented from scratch during MVP per handoff guardrails; no trusted existing implementation wired up yet.
2446,61,37,tomato pomace,icp,cu,riverstone,,,ppm,42.0,2,6.800000000000001,6.800000000000001,0.1414213562373096,2.079725827019259,6.7,6.9,0.2000000000000001,"6.9,6.7","(6d)3a3a,(6d)d8e9",pass,False,False,,,,not_applicable_n_out_of_range,not_calculated,ROUT not implemented from scratch during MVP per handoff guardrails; no trusted existing implementation wired up yet.
2447,61,37,tomato pomace,icp,b,riverstone,,,ppm,42.0,2,13.25,13.25,0.3535533905932738,2.668327476175651,13.0,13.5,0.5,"13.0,13.5","(6d)3de6,(6d)d7af",pass,False,False,,,,not_applicable_n_out_of_range,not_calculated,ROUT not implemented from scratch during MVP per handoff guardrails; no trusted existing implementation wired up yet.
2448,61,37,tomato pomace,icp,na,riverstone,,,ppm,43.0,2,232.0,232.0,0.0,0.0,232.0,232.0,0.0,"232.0,232.0","(6d)3e18,(6d)c741",pass,False,False,,,,not_applicable_n_out_of_range,not_calculated,ROUT not implemented from scratch during MVP per handoff guardrails; no trusted existing implementation wired up yet.
2449,61,37,tomato pomace,icp,p,riverstone,,,ppm,43.0,2,3975.0,3975.0,205.0609665440988,5.1587664539395925,3830.0,4120.0,290.0,"4120.0,3830.0","(6d)4e82,(6d)bf16",pass,False,False,,,,not_applicable_n_out_of_range,not_calculated,ROUT not implemented from scratch during MVP per handoff guardrails; no trusted existing implementation wired up yet.
2450,61,37,tomato pomace,icp,fe,riverstone,,,ppm,43.0,2,15.0,15.0,0.0,0.0,15.0,15.0,0.0,"15.0,15.0","(6d)5bbd,(6d)e90a",pass,False,False,,,,not_applicable_n_out_of_range,not_calculated,ROUT not implemented from scratch during MVP per handoff guardrails; no trusted existing implementation wired up yet.
2451,61,37,tomato pomace,icp,p,riverstone,,,ppm,42.0,2,4525.0,4525.0,49.49747468305833,1.0938668438244934,4490.0,4560.0,70.0,"4490.0,4560.0","(6d)5e4b,(6d)aaea",pass,False,False,,,,not_applicable_n_out_of_range,not_calculated,ROUT not implemented from scratch during MVP per handoff guardrails; no trusted existing implementation wired up yet.
2452,61,37,tomato pomace,icp,p,riverstone,,,pc,42.0,2,0.4525,0.4525,0.0049497474683058,1.0938668438244945,0.449,0.456,0.007,"0.449,0.456","(6d)5e4b,(6d)aaea",pass,False,False,,,,not_applicable_n_out_of_range,not_calculated,ROUT not implemented from scratch during MVP per handoff guardrails; no trusted existing implementation wired up yet.
2453,61,37,tomato pomace,icp,cu,riverstone,,,ppm,43.0,2,11.0,11.0,0.0,0.0,11.0,11.0,0.0,"11.0,11.0","(6d)5e91,(6d)dc09",pass,False,False,,,,not_applicable_n_out_of_range,not_calculated,ROUT not implemented from scratch during MVP per handoff guardrails; no trusted existing implementation wired up yet.
2454,61,37,tomato pomace,icp,fe,riverstone,,,ppm,42.0,2,82.6,82.6,0.0,0.0,82.6,82.6,0.0,"82.6,82.6","(6d)666a,(6d)70ec",pass,False,False,,,,not_applicable_n_out_of_range,not_calculated,ROUT not implemented from scratch during MVP per handoff guardrails; no trusted existing implementation wired up yet.
2455,61,37,tomato pomace,icp,mn,riverstone,,,ppm,42.0,2,41.900000000000006,41.900000000000006,0.282842712474618,0.6750422732091121,41.7,42.1,0.3999999999999986,"42.1,41.7","(6d)7264,(6d)c20a",pass,False,False,,,,not_applicable_n_out_of_range,not_calculated,ROUT not implemented from scratch during MVP per handoff guardrails; no trusted existing implementation wired up yet.
2456,61,37,tomato pomace,icp,s,riverstone,,,ppm,42.0,2,1855.0,1855.0,21.213203435596427,1.1435689183609934,1840.0,1870.0,30.0,"1840.0,1870.0","(6d)7f96,(6d)f755",pass,False,False,,,,not_applicable_n_out_of_range,not_calculated,ROUT not implemented from scratch during MVP per handoff guardrails; no trusted existing implementation wired up yet.
2457,61,37,tomato pomace,icp,k,riverstone,,,ppm,43.0,2,6870.0,6870.0,70.71067811865476,1.029267512644174,6820.0,6920.0,100.0,"6820.0,6920.0","(6d)a021,(6d)d2e2",pass,False,False,,,,not_applicable_n_out_of_range,not_calculated,ROUT not implemented from scratch during MVP per handoff guardrails; no trusted existing implementation wired up yet.
2458,61,37,tomato pomace,icp,zn,riverstone,,,ppm,43.0,2,24.0,24.0,2.8284271247461903,11.785113019775793,22.0,26.0,4.0,"22.0,26.0","(6d)a343,(6d)f379",pass,True,False,,,,not_applicable_n_out_of_range,not_calculated,ROUT not implemented from scratch during MVP per handoff guardrails; no trusted existing implementation wired up yet.
2459,61,37,tomato pomace,icp,mg,riverstone,,,ppm,43.0,2,2500.0,2500.0,84.8528137423857,3.3941125496954285,2440.0,2560.0,120.0,"2560.0,2440.0","(6d)a6af,(6d)db6e",pass,False,False,,,,not_applicable_n_out_of_range,not_calculated,ROUT not implemented from scratch during MVP per handoff guardrails; no trusted existing implementation wired up yet.
2460,61,37,tomato pomace,icp,ti,riverstone,,,ppm,43.0,2,3.655,3.655,0.0353553390593275,0.9673143381484968,3.63,3.68,0.0500000000000002,"3.63,3.68","(6d)b868,(6d)d68e",pass,False,False,,,,not_applicable_n_out_of_range,not_calculated,ROUT not implemented from scratch during MVP per handoff guardrails; no trusted existing implementation wired up yet.
2461,61,37,tomato pomace,icp,al,riverstone,,,ppm,43.0,2,7.33,7.33,0.0282842712474619,0.3858700033760153,7.31,7.35,0.04,"7.35,7.31","(6d)bf8e,(6d)d64e",pass,False,False,,,,not_applicable_n_out_of_range,not_calculated,ROUT not implemented from scratch during MVP per handoff guardrails; no trusted existing implementation wired up yet.
2462,61,37,tomato pomace,icp,k,riverstone,,,pc,42.0,2,0.785,0.785,0.0070710678118654,0.9007729696643926,0.78,0.79,0.01,"0.78,0.79","(6d)c36c,(6d)d188",pass,False,False,,,,not_applicable_n_out_of_range,not_calculated,ROUT not implemented from scratch during MVP per handoff guardrails; no trusted existing implementation wired up yet.
2463,61,37,tomato pomace,icp,k,riverstone,,,ppm,42.0,2,7850.0,7850.0,70.71067811865476,0.900772969664392,7800.0,7900.0,100.0,"7800.0,7900.0","(6d)c36c,(6d)d188",pass,False,False,,,,not_applicable_n_out_of_range,not_calculated,ROUT not implemented from scratch during MVP per handoff guardrails; no trusted existing implementation wired up yet.
2464,61,37,tomato pomace,icp,si,riverstone,,,ppm,43.0,2,7.0,7.0,0.0,0.0,7.0,7.0,0.0,"7.0,7.0","(6d)c547,(6d)fda3",pass,False,False,,,,not_applicable_n_out_of_range,not_calculated,ROUT not implemented from scratch during MVP per handoff guardrails; no trusted existing implementation wired up yet.
2465,51,15,almond shells and hulls mix,icp,ti,tiny,,,ppm,43.0,2,1.795,1.795,2.5385133444597057,141.4213562373095,0.0,3.59,3.59,"3.59,0.0","(7e)0351,(7e)58e7",pass,True,True,,,,not_applicable_n_out_of_range,not_calculated,ROUT not implemented from scratch during MVP per handoff guardrails; no trusted existing implementation wired up yet.
2466,51,15,almond shells and hulls mix,icp,si,tiny,,,ppm,43.0,2,18.0,18.0,0.0,0.0,18.0,18.0,0.0,"18.0,18.0","(7e)0b8a,(7e)430f",pass,False,False,,,,not_applicable_n_out_of_range,not_calculated,ROUT not implemented from scratch during MVP per handoff guardrails; no trusted existing implementation wired up yet.
2467,51,15,almond shells and hulls mix,icp,zn,tiny,,,ppm,42.0,1,6.6,6.6,,,6.6,6.6,0.0,6.6,(7e)15f1,pass,,,,,,not_applicable_n_out_of_range,not_calculated,ROUT not implemented from scratch during MVP per handoff guardrails; no trusted existing implementation wired up yet.
2468,51,15,almond shells and hulls mix,icp,mn,tiny,,,ppm,43.0,2,10.9,10.9,0.141421356237309,1.29744363520467,10.8,11.0,0.1999999999999993,"10.8,11.0","(7e)164d,(7e)5808",pass,False,False,,,,not_applicable_n_out_of_range,not_calculated,ROUT not implemented from scratch during MVP per handoff guardrails; no trusted existing implementation wired up yet.
2469,51,15,almond shells and hulls mix,icp,cu,tiny,,,ppm,42.0,1,4.5,4.5,,,4.5,4.5,0.0,4.5,(7e)3028,pass,,,,,,not_applicable_n_out_of_range,not_calculated,ROUT not implemented from scratch during MVP per handoff guardrails; no trusted existing implementation wired up yet.
2470,51,15,almond shells and hulls mix,icp,s,tiny,,,ppm,42.0,1,410.0,410.0,,,410.0,410.0,0.0,410.0,(7e)3534,pass,,,,,,not_applicable_n_out_of_range,not_calculated,ROUT not implemented from scratch during MVP per handoff guardrails; no trusted existing implementation wired up yet.
2471,51,15,almond shells and hulls mix,icp,mg,tiny,,,ppm,43.0,2,843.5,843.5,26.16295090390226,3.101713207338739,825.0,862.0,37.0,"862.0,825.0","(7e)359b,(7e)d9c3",pass,False,False,,,,not_applicable_n_out_of_range,not_calculated,ROUT not implemented from scratch during MVP per handoff guardrails; no trusted existing implementation wired up yet.
2472,51,15,almond shells and hulls mix,icp,k,tiny,,,pc,42.0,1,3.23,3.23,,,3.23,3.23,0.0,3.23,(7e)39f9,pass,,,,,,not_applicable_n_out_of_range,not_calculated,ROUT not implemented from scratch during MVP per handoff guardrails; no trusted existing implementation wired up yet.
2473,51,15,almond shells and hulls mix,icp,k,tiny,,,ppm,42.0,1,32300.0,32300.0,,,32300.0,32300.0,0.0,32300.0,(7e)39f9,pass,,,,,,not_applicable_n_out_of_range,not_calculated,ROUT not implemented from scratch during MVP per handoff guardrails; no trusted existing implementation wired up yet.
2474,51,15,almond shells and hulls mix,icp,zn,tiny,,,ppm,43.0,2,7.0,7.0,0.0,0.0,7.0,7.0,0.0,"7.0,7.0","(7e)41d7,(7e)f123",pass,False,False,,,,not_applicable_n_out_of_range,not_calculated,ROUT not implemented from scratch during MVP per handoff guardrails; no trusted existing implementation wired up yet.
2475,51,15,almond shells and hulls mix,icp,mn,tiny,,,ppm,42.0,1,11.2,11.2,,,11.2,11.2,0.0,11.2,(7e)4e48,pass,,,,,,not_applicable_n_out_of_range,not_calculated,ROUT not implemented from scratch during MVP per handoff guardrails; no trusted existing implementation wired up yet.
2476,51,15,almond shells and hulls mix,icp,k,tiny,,,ppm,43.0,2,25450.0,25450.0,636.3961030678928,2.5005740788522317,25000.0,25900.0,900.0,"25000.0,25900.0","(7e)5ab3,(7e)74b0",pass,False,False,,,,not_applicable_n_out_of_range,not_calculated,ROUT not implemented from scratch during MVP per handoff guardrails; no trusted existing implementation wired up yet.
2477,51,15,almond shells and hulls mix,icp,ca,tiny,,,ppm,43.0,2,2005.0,2005.0,77.78174593052023,3.879388824464849,1950.0,2060.0,110.0,"1950.0,2060.0","(7e)6862,(7e)f38d",pass,False,False,,,,not_applicable_n_out_of_range,not_calculated,ROUT not implemented from scratch during MVP per handoff guardrails; no trusted existing implementation wired up yet.
2478,51,15,almond shells and hulls mix,icp,cu,tiny,,,ppm,43.0,2,7.09,7.09,0.1272792206135783,1.795193520642854,7.0,7.18,0.1799999999999997,"7.18,7.0","(7e)73ad,(7e)94cb",pass,False,False,,,,not_applicable_n_out_of_range,not_calculated,ROUT not implemented from scratch during MVP per handoff guardrails; no trusted existing implementation wired up yet.
2479,51,15,almond shells and hulls mix,icp,p,tiny,,,ppm,43.0,2,972.5,972.5,30.405591591021544,3.126538981081907,951.0,994.0,43.0,"994.0,951.0","(7e)7450,(7e)882e",pass,False,False,,,,not_applicable_n_out_of_range,not_calculated,ROUT not implemented from scratch during MVP per handoff guardrails; no trusted existing implementation wired up yet.
2480,51,15,almond shells and hulls mix,icp,al,tiny,,,ppm,43.0,2,14.7,14.7,0.4242640687119282,2.8861501272920287,14.4,15.0,0.5999999999999996,"15.0,14.4","(7e)9642,(7e)f9c3",pass,False,False,,,,not_applicable_n_out_of_range,not_calculated,ROUT not implemented from scratch during MVP per handoff guardrails; no trusted existing implementation wired up yet.
2481,51,15,almond shells and hulls mix,icp,p,tiny,,,pc,42.0,1,0.131,0.131,,,0.131,0.131,0.0,0.131,(7e)a6fd,pass,,,,,,not_applicable_n_out_of_range,not_calculated,ROUT not implemented from scratch during MVP per handoff guardrails; no trusted existing implementation wired up yet.
2482,51,15,almond shells and hulls mix,icp,p,tiny,,,ppm,42.0,1,1310.0,1310.0,,,1310.0,1310.0,0.0,1310.0,(7e)a6fd,pass,,,,,,not_applicable_n_out_of_range,not_calculated,ROUT not implemented from scratch during MVP per handoff guardrails; no trusted existing implementation wired up yet.
2483,51,15,almond shells and hulls mix,icp,s,tiny,,,ppm,43.0,2,323.0,323.0,45.254833995939045,14.01078451886658,291.0,355.0,64.0,"355.0,291.0","(7e)af60,(7e)bfad",pass,True,False,,,,not_applicable_n_out_of_range,not_calculated,ROUT not implemented from scratch during MVP per handoff guardrails; no trusted existing implementation wired up yet.
2484,51,15,almond shells and hulls mix,icp,mg,tiny,,,pc,42.0,1,0.097,0.097,,,0.097,0.097,0.0,0.097,(7e)afa8,pass,,,,,,not_applicable_n_out_of_range,not_calculated,ROUT not implemented from scratch during MVP per handoff guardrails; no trusted existing implementation wired up yet.
2485,51,15,almond shells and hulls mix,icp,mg,tiny,,,ppm,42.0,1,970.0,970.0,,,970.0,970.0,0.0,970.0,(7e)afa8,pass,,,,,,not_applicable_n_out_of_range,not_calculated,ROUT not implemented from scratch during MVP per handoff guardrails; no trusted existing implementation wired up yet.
2486,51,15,almond shells and hulls mix,icp,fe,tiny,,,ppm,43.0,2,18.15,18.15,0.2121320343559647,1.168771539151321,18.0,18.3,0.3000000000000007,"18.0,18.3","(7e)be3e,(7e)fd9c",pass,False,False,,,,not_applicable_n_out_of_range,not_calculated,ROUT not implemented from scratch during MVP per handoff guardrails; no trusted existing implementation wired up yet.
2487,51,15,almond shells and hulls mix,icp,na,tiny,,,ppm,43.0,2,-98.5,-98.5,144.95689014324225,147.16435547537284,-201.0,4.0,205.0,"-201.0,4.0","(7e)bedc,(7e)f741","fail,pass",True,True,,,,not_applicable_n_out_of_range,not_calculated,ROUT not implemented from scratch during MVP per handoff guardrails; no trusted existing implementation wired up yet.
2488,51,15,almond shells and hulls mix,icp,nd,tiny,,,ppm,43.0,2,8.99,8.99,2.559726547895303,28.473042801949976,7.18,10.8,3.620000000000001,"7.18,10.8","(7e)c289,(7e)cd3c",pass,True,True,,,,not_applicable_n_out_of_range,not_calculated,ROUT not implemented from scratch during MVP per handoff guardrails; no trusted existing implementation wired up yet.
2489,51,15,almond shells and hulls mix,icp,fe,tiny,,,ppm,42.0,1,108.0,108.0,,,108.0,108.0,0.0,108.0,(7e)c2b2,pass,,,,,,not_applicable_n_out_of_range,not_calculated,ROUT not implemented from scratch during MVP per handoff guardrails; no trusted existing implementation wired up yet.
2490,51,15,almond shells and hulls mix,icp,ca,tiny,,,ppm,42.0,1,2430.0,2430.0,,,2430.0,2430.0,0.0,2430.0,(7e)c85c,pass,,,,,,not_applicable_n_out_of_range,not_calculated,ROUT not implemented from scratch during MVP per handoff guardrails; no trusted existing implementation wired up yet.
2491,51,15,almond shells and hulls mix,icp,ca,tiny,,,pc,42.0,1,0.243,0.243,,,0.243,0.243,0.0,0.243,(7e)c85c,pass,,,,,,not_applicable_n_out_of_range,not_calculated,ROUT not implemented from scratch during MVP per handoff guardrails; no trusted existing implementation wired up yet.
2492,51,15,almond shells and hulls mix,icp,b,tiny,,,ppm,42.0,1,105.0,105.0,,,105.0,105.0,0.0,105.0,(7e)e7ed,pass,,,,,,not_applicable_n_out_of_range,not_calculated,ROUT not implemented from scratch during MVP per handoff guardrails; no trusted existing implementation wired up yet.
2493,57,19,walnut shells,icp,na,energetic,,,ppm,43.0,2,-73.0,-73.0,2.8284271247461903,3.874557705131768,-75.0,-71.0,4.0,"-71.0,-75.0","(82)076c,(82)9346",fail,False,False,,,,not_applicable_n_out_of_range,not_calculated,ROUT not implemented from scratch during MVP per handoff guardrails; no trusted existing implementation wired up yet.
2494,57,19,walnut shells,icp,fe,energetic,,,ppm,43.0,2,12.5,12.5,2.1213203435596424,16.97056274847714,11.0,14.0,3.0,"11.0,14.0","(82)0fde,(82)e62c",pass,True,False,,,,not_applicable_n_out_of_range,not_calculated,ROUT not implemented from scratch during MVP per handoff guardrails; no trusted existing implementation wired up yet.
2495,57,19,walnut shells,icp,mg,energetic,,,ppm,43.0,2,235.0,235.0,15.556349186104043,6.619723057916616,224.0,246.0,22.0,"246.0,224.0","(82)164b,(82)f40b",pass,False,False,,,,not_applicable_n_out_of_range,not_calculated,ROUT not implemented from scratch during MVP per handoff guardrails; no trusted existing implementation wired up yet.
2496,57,19,walnut shells,icp,mn,energetic,,,ppm,43.0,2,7.12,7.12,0.0,0.0,7.12,7.12,0.0,"7.12,7.12","(82)1d32,(82)ef91",pass,False,False,,,,not_applicable_n_out_of_range,not_calculated,ROUT not implemented from scratch during MVP per handoff guardrails; no trusted existing implementation wired up yet.
2497,57,19,walnut shells,icp,s,energetic,,,ppm,43.0,2,157.0,157.0,0.0,0.0,157.0,157.0,0.0,"157.0,157.0","(82)239d,(82)ef17",pass,False,False,,,,not_applicable_n_out_of_range,not_calculated,ROUT not implemented from scratch during MVP per handoff guardrails; no trusted existing implementation wired up yet.
2498,57,19,walnut shells,icp,al,energetic,,,ppm,43.0,2,7.12,7.12,0.0,0.0,7.12,7.12,0.0,"7.12,7.12","(82)23ac,(82)3c72",pass,False,False,,,,not_applicable_n_out_of_range,not_calculated,ROUT not implemented from scratch during MVP per handoff guardrails; no trusted existing implementation wired up yet.
2499,57,19,walnut shells,icp,zn,energetic,,,ppm,43.0,2,4.0,4.0,0.0,0.0,4.0,4.0,0.0,"4.0,4.0","(82)23f5,(82)afdc",pass,False,False,,,,not_applicable_n_out_of_range,not_calculated,ROUT not implemented from scratch during MVP per handoff guardrails; no trusted existing implementation wired up yet.
2500,57,19,walnut shells,icp,s,energetic,,,ppm,42.0,1,160.0,160.0,,,160.0,160.0,0.0,160.0,(82)2b22,pass,,,,,,not_applicable_n_out_of_range,not_calculated,ROUT not implemented from scratch during MVP per handoff guardrails; no trusted existing implementation wired up yet.
2501,57,19,walnut shells,icp,cu,energetic,,,ppm,43.0,2,7.12,7.12,0.0,0.0,7.12,7.12,0.0,"7.12,7.12","(82)3e60,(82)79e1",pass,False,False,,,,not_applicable_n_out_of_range,not_calculated,ROUT not implemented from scratch during MVP per handoff guardrails; no trusted existing implementation wired up yet.
2502,57,19,walnut shells,icp,ca,energetic,,,ppm,43.0,2,1770.0,1770.0,70.71067811865476,3.9949535660256927,1720.0,1820.0,100.0,"1820.0,1720.0","(82)495e,(82)65b1",pass,False,False,,,,not_applicable_n_out_of_range,not_calculated,ROUT not implemented from scratch during MVP per handoff guardrails; no trusted existing implementation wired up yet.
2503,57,19,walnut shells,icp,nd,energetic,,,ppm,43.0,2,7.12,7.12,0.0,0.0,7.12,7.12,0.0,"7.12,7.12","(82)4c54,(82)68b9",pass,False,False,,,,not_applicable_n_out_of_range,not_calculated,ROUT not implemented from scratch during MVP per handoff guardrails; no trusted existing implementation wired up yet.
2504,57,19,walnut shells,icp,b,energetic,,,ppm,42.0,1,10.1,10.1,,,10.1,10.1,0.0,10.1,(82)58d3,pass,,,,,,not_applicable_n_out_of_range,not_calculated,ROUT not implemented from scratch during MVP per handoff guardrails; no trusted existing implementation wired up yet.
2505,57,19,walnut shells,icp,zn,energetic,,,ppm,42.0,1,3.7,3.7,,,3.7,3.7,0.0,3.7,(82)695f,pass,,,,,,not_applicable_n_out_of_range,not_calculated,ROUT not implemented from scratch during MVP per handoff guardrails; no trusted existing implementation wired up yet.
2506,57,19,walnut shells,icp,mg,energetic,,,ppm,42.0,1,260.0,260.0,,,260.0,260.0,0.0,260.0,(82)6d2a,pass,,,,,,not_applicable_n_out_of_range,not_calculated,ROUT not implemented from scratch during MVP per handoff guardrails; no trusted existing implementation wired up yet.
2507,57,19,walnut shells,icp,mg,energetic,,,pc,42.0,1,0.026,0.026,,,0.026,0.026,0.0,0.026,(82)6d2a,pass,,,,,,not_applicable_n_out_of_range,not_calculated,ROUT not implemented from scratch during MVP per handoff guardrails; no trusted existing implementation wired up yet.
2508,57,19,walnut shells,icp,cu,energetic,,,ppm,42.0,1,4.4,4.4,,,4.4,4.4,0.0,4.4,(82)8270,pass,,,,,,not_applicable_n_out_of_range,not_calculated,ROUT not implemented from scratch during MVP per handoff guardrails; no trusted existing implementation wired up yet.
2509,57,19,walnut shells,icp,k,energetic,,,ppm,43.0,2,3165.0,3165.0,77.78174593052023,2.457559113128601,3110.0,3220.0,110.0,"3110.0,3220.0","(82)88f8,(82)a012",pass,False,False,,,,not_applicable_n_out_of_range,not_calculated,ROUT not implemented from scratch during MVP per handoff guardrails; no trusted existing implementation wired up yet.
2510,57,19,walnut shells,icp,ti,energetic,,,ppm,43.0,2,0.0,0.0,0.0,,0.0,0.0,0.0,"0.0,0.0","(82)922e,(82)decd",pass,,,,,,not_applicable_n_out_of_range,not_calculated,ROUT not implemented from scratch during MVP per handoff guardrails; no trusted existing implementation wired up yet.
2511,57,19,walnut shells,icp,p,energetic,,,ppm,43.0,2,204.5,204.5,43.1335136523794,21.09218271509995,174.0,235.0,61.0,"235.0,174.0","(82)9606,(82)cf5e",pass,True,True,,,,not_applicable_n_out_of_range,not_calculated,ROUT not implemented from scratch during MVP per handoff guardrails; no trusted existing implementation wired up yet.
2512,57,19,walnut shells,icp,fe,energetic,,,ppm,42.0,1,40.3,40.3,,,40.3,40.3,0.0,40.3,(82)cb5f,pass,,,,,,not_applicable_n_out_of_range,not_calculated,ROUT not implemented from scratch during MVP per handoff guardrails; no trusted existing implementation wired up yet.
2513,57,19,walnut shells,icp,si,energetic,,,ppm,43.0,2,11.0,11.0,0.0,0.0,11.0,11.0,0.0,"11.0,11.0","(82)cdf1,(82)e6c1",pass,False,False,,,,not_applicable_n_out_of_range,not_calculated,ROUT not implemented from scratch during MVP per handoff guardrails; no trusted existing implementation wired up yet.
2514,57,19,walnut shells,icp,p,energetic,,,pc,42.0,1,0.025,0.025,,,0.025,0.025,0.0,0.025,(82)d27c,pass,,,,,,not_applicable_n_out_of_range,not_calculated,ROUT not implemented from scratch during MVP per handoff guardrails; no trusted existing implementation wired up yet.
2515,57,19,walnut shells,icp,p,energetic,,,ppm,42.0,1,250.0,250.0,,,250.0,250.0,0.0,250.0,(82)d27c,pass,,,,,,not_applicable_n_out_of_range,not_calculated,ROUT not implemented from scratch during MVP per handoff guardrails; no trusted existing implementation wired up yet.
2516,57,19,walnut shells,icp,k,energetic,,,ppm,42.0,1,3800.0,3800.0,,,3800.0,3800.0,0.0,3800.0,(82)eb51,pass,,,,,,not_applicable_n_out_of_range,not_calculated,ROUT not implemented from scratch during MVP per handoff guardrails; no trusted existing implementation wired up yet.
2517,57,19,walnut shells,icp,k,energetic,,,pc,42.0,1,0.38,0.38,,,0.38,0.38,0.0,0.38,(82)eb51,pass,,,,,,not_applicable_n_out_of_range,not_calculated,ROUT not implemented from scratch during MVP per handoff guardrails; no trusted existing implementation wired up yet.
2518,57,19,walnut shells,icp,ca,energetic,,,ppm,42.0,1,2080.0,2080.0,,,2080.0,2080.0,0.0,2080.0,(82)f33c,pass,,,,,,not_applicable_n_out_of_range,not_calculated,ROUT not implemented from scratch during MVP per handoff guardrails; no trusted existing implementation wired up yet.
2519,57,19,walnut shells,icp,ca,energetic,,,pc,42.0,1,0.208,0.208,,,0.208,0.208,0.0,0.208,(82)f33c,pass,,,,,,not_applicable_n_out_of_range,not_calculated,ROUT not implemented from scratch during MVP per handoff guardrails; no trusted existing implementation wired up yet.
2520,57,19,walnut shells,icp,mn,energetic,,,ppm,42.0,1,5.6,5.6,,,5.6,5.6,0.0,5.6,(82)f68d,pass,,,,,,not_applicable_n_out_of_range,not_calculated,ROUT not implemented from scratch during MVP per handoff guardrails; no trusted existing implementation wired up yet.
2521,72,35,almond branches,icp,s,humorous,,,ppm,43.0,2,269.5,269.5,61.518289963229634,22.826823734036967,226.0,313.0,87.0,"313.0,226.0","(a0)02fb,(a0)badc",pass,True,True,,,,not_applicable_n_out_of_range,not_calculated,ROUT not implemented from scratch during MVP per handoff guardrails; no trusted existing implementation wired up yet.
2522,72,35,almond branches,icp,zn,humorous,,,ppm,43.0,2,16.4,16.4,2.545584412271571,15.52185617238763,14.6,18.2,3.6,"14.6,18.2","(a0)0acc,(a0)bbfb",pass,True,False,,,,not_applicable_n_out_of_range,not_calculated,ROUT not implemented from scratch during MVP per handoff guardrails; no trusted existing implementation wired up yet.
2523,72,35,almond branches,icp,ti,humorous,,,ppm,43.0,2,2.0,2.0,2.8284271247461903,141.4213562373095,0.0,4.0,4.0,"0.0,4.0","(a0)0eff,(a0)cf4c",pass,True,True,,,,not_applicable_n_out_of_range,not_calculated,ROUT not implemented from scratch during MVP per handoff guardrails; no trusted existing implementation wired up yet.
2524,72,35,almond branches,icp,mg,humorous,,,ppm,43.0,2,824.0,824.0,53.74011537017761,6.521858661429322,786.0,862.0,76.0,"862.0,786.0","(a0)1253,(a0)96a6",pass,False,False,,,,not_applicable_n_out_of_range,not_calculated,ROUT not implemented from scratch during MVP per handoff guardrails; no trusted existing implementation wired up yet.
2525,72,35,almond branches,icp,al,humorous,,,ppm,43.0,2,25.5,25.5,4.949747468305833,19.41077438551307,22.0,29.0,7.0,"22.0,29.0","(a0)2550,(a0)9bfb",pass,True,False,,,,not_applicable_n_out_of_range,not_calculated,ROUT not implemented from scratch during MVP per handoff guardrails; no trusted existing implementation wired up yet.
2526,72,35,almond branches,icp,fe,humorous,,,ppm,43.0,2,41.55,41.55,2.1920310216782983,5.275646261560285,40.0,43.1,3.1000000000000014,"43.1,40.0","(a0)2c2d,(a0)6385",pass,False,False,,,,not_applicable_n_out_of_range,not_calculated,ROUT not implemented from scratch during MVP per handoff guardrails; no trusted existing implementation wired up yet.
2527,72,35,almond branches,icp,p,humorous,,,ppm,43.0,2,184.5,184.5,3.5355339059327378,1.9162785398009416,182.0,187.0,5.0,"187.0,182.0","(a0)2f1d,(a0)9046",pass,False,False,,,,not_applicable_n_out_of_range,not_calculated,ROUT not implemented from scratch during MVP per handoff guardrails; no trusted existing implementation wired up yet.
2528,72,35,almond branches,icp,si,humorous,,,ppm,43.0,2,14.5,14.5,0.141421356237309,0.975319698188338,14.4,14.6,0.1999999999999993,"14.4,14.6","(a0)37cf,(a0)76a1",pass,False,False,,,,not_applicable_n_out_of_range,not_calculated,ROUT not implemented from scratch during MVP per handoff guardrails; no trusted existing implementation wired up yet.
2529,72,35,almond branches,icp,nd,humorous,,,ppm,43.0,2,14.5,14.5,0.7071067811865476,4.876598490941707,14.0,15.0,1.0,"14.0,15.0","(a0)5bd4,(a0)98ff",pass,False,False,,,,not_applicable_n_out_of_range,not_calculated,ROUT not implemented from scratch during MVP per handoff guardrails; no trusted existing implementation wired up yet.
2530,72,35,almond branches,icp,cu,humorous,,,ppm,43.0,2,16.0,16.0,2.8284271247461903,17.67766952966369,14.0,18.0,4.0,"14.0,18.0","(a0)7b53,(a0)f31c",pass,True,False,,,,not_applicable_n_out_of_range,not_calculated,ROUT not implemented from scratch during MVP per handoff guardrails; no trusted existing implementation wired up yet.
2531,72,35,almond branches,icp,mn,humorous,,,ppm,43.0,2,25.25,25.25,0.3535533905932738,1.4002114478941534,25.0,25.5,0.5,"25.0,25.5","(a0)95fd,(a0)bb43",pass,False,False,,,,not_applicable_n_out_of_range,not_calculated,ROUT not implemented from scratch during MVP per handoff guardrails; no trusted existing implementation wired up yet.
2532,72,35,almond branches,icp,k,humorous,,,ppm,43.0,1,2250.0,2250.0,,,2250.0,2250.0,0.0,2250.0,(a0)9e7e,pass,,,,,,not_applicable_n_out_of_range,not_calculated,ROUT not implemented from scratch during MVP per handoff guardrails; no trusted existing implementation wired up yet.
2533,72,35,almond branches,icp,ca,humorous,,,ppm,43.0,2,6375.0,6375.0,233.3452377915607,3.660317455553893,6210.0,6540.0,330.0,"6210.0,6540.0","(a0)c48e,(a0)c916",pass,False,False,,,,not_applicable_n_out_of_range,not_calculated,ROUT not implemented from scratch during MVP per handoff guardrails; no trusted existing implementation wired up yet.
2534,72,35,almond branches,icp,na,humorous,,,ppm,43.0,1,-212.0,-212.0,,,-212.0,-212.0,0.0,-212.0,(a0)d8d7,fail,,,,,,not_applicable_n_out_of_range,not_calculated,ROUT not implemented from scratch during MVP per handoff guardrails; no trusted existing implementation wired up yet.
2535,63,34,grape stem,icp,mn,maplewood,,,ppm,43.0,2,96.6,96.6,2.545584412271577,2.635180551005773,94.8,98.4,3.6000000000000085,"94.8,98.4","(ad)1173,(ad)b49f",pass,False,False,,,,not_applicable_n_out_of_range,not_calculated,ROUT not implemented from scratch during MVP per handoff guardrails; no trusted existing implementation wired up yet.
2536,63,34,grape stem,icp,s,maplewood,,,ppm,43.0,2,690.0,690.0,8.48528137423857,1.2297509238026911,684.0,696.0,12.0,"696.0,684.0","(ad)219a,(ad)9237",pass,False,False,,,,not_applicable_n_out_of_range,not_calculated,ROUT not implemented from scratch during MVP per handoff guardrails; no trusted existing implementation wired up yet.
2537,63,34,grape stem,icp,al,maplewood,,,ppm,43.0,2,9.15,9.15,2.4748737341529163,27.047800373255917,7.4,10.9,3.5,"10.9,7.4","(ad)30cb,(ad)b7d9",pass,True,True,,,,not_applicable_n_out_of_range,not_calculated,ROUT not implemented from scratch during MVP per handoff guardrails; no trusted existing implementation wired up yet.
2538,63,34,grape stem,icp,zn,maplewood,,,ppm,43.0,2,11.0,11.0,0.0,0.0,11.0,11.0,0.0,"11.0,11.0","(ad)30cd,(ad)8b5a",pass,False,False,,,,not_applicable_n_out_of_range,not_calculated,ROUT not implemented from scratch during MVP per handoff guardrails; no trusted existing implementation wired up yet.
2539,63,34,grape stem,icp,ca,maplewood,,,ppm,43.0,2,6525.0,6525.0,120.20815280171308,1.8422705410224227,6440.0,6610.0,170.0,"6610.0,6440.0","(ad)3f87,(ad)5782",pass,False,False,,,,not_applicable_n_out_of_range,not_calculated,ROUT not implemented from scratch during MVP per handoff guardrails; no trusted existing implementation wired up yet.
2540,63,34,grape stem,icp,mg,maplewood,,,ppm,43.0,2,1745.0,1745.0,106.06601717798212,6.078281786703848,1670.0,1820.0,150.0,"1820.0,1670.0","(ad)63a0,(ad)c66a",pass,False,False,,,,not_applicable_n_out_of_range,not_calculated,ROUT not implemented from scratch during MVP per handoff guardrails; no trusted existing implementation wired up yet.
2541,63,34,grape stem,icp,si,maplewood,,,ppm,43.0,2,36.5,36.5,0.7071067811865476,1.937278852565884,36.0,37.0,1.0,"36.0,37.0","(ad)659a,(ad)6b2a",pass,False,False,,,,not_applicable_n_out_of_range,not_calculated,ROUT not implemented from scratch during MVP per handoff guardrails; no trusted existing implementation wired up yet.
2542,63,34,grape stem,icp,cu,maplewood,,,ppm,43.0,2,7.29,7.29,0.0,0.0,7.29,7.29,0.0,"7.29,7.29","(ad)7270,(ad)d3d6",pass,False,False,,,,not_applicable_n_out_of_range,not_calculated,ROUT not implemented from scratch during MVP per handoff guardrails; no trusted existing implementation wired up yet.
2543,63,34,grape stem,icp,nd,maplewood,,,ppm,43.0,2,10.95,10.95,0.0707106781186545,0.645759617521959,10.9,11.0,0.0999999999999996,"11.0,10.9","(ad)8054,(ad)d9e1",pass,False,False,,,,not_applicable_n_out_of_range,not_calculated,ROUT not implemented from scratch during MVP per handoff guardrails; no trusted existing implementation wired up yet.
2544,63,34,grape stem,icp,ti,maplewood,,,ppm,43.0,2,3.665,3.665,0.0212132034355966,0.5788050050640272,3.65,3.68,0.0300000000000002,"3.65,3.68","(ad)935b,(ad)b846",pass,False,False,,,,not_applicable_n_out_of_range,not_calculated,ROUT not implemented from scratch during MVP per handoff guardrails; no trusted existing implementation wired up yet.
2545,63,34,grape stem,icp,na,maplewood,,,ppm,43.0,2,40.5,40.5,4.949747468305833,12.221598687174897,37.0,44.0,7.0,"37.0,44.0","(ad)a848,(ad)cb5c",pass,True,False,,,,not_applicable_n_out_of_range,not_calculated,ROUT not implemented from scratch during MVP per handoff guardrails; no trusted existing implementation wired up yet.
2546,63,34,grape stem,icp,k,maplewood,,,ppm,43.0,2,30800.0,30800.0,989.9494936611666,3.2141217326661256,30100.0,31500.0,1400.0,"31500.0,30100.0","(ad)c0ac,(ad)ec60",pass,False,False,,,,not_applicable_n_out_of_range,not_calculated,ROUT not implemented from scratch during MVP per handoff guardrails; no trusted existing implementation wired up yet.
2547,63,34,grape stem,icp,fe,maplewood,,,ppm,43.0,2,31.0,31.0,7.071067811865476,22.809896167307983,26.0,36.0,10.0,"26.0,36.0","(ad)d198,(ad)eaf3",pass,True,True,,,,not_applicable_n_out_of_range,not_calculated,ROUT not implemented from scratch during MVP per handoff guardrails; no trusted existing implementation wired up yet.
2548,63,34,grape stem,icp,p,maplewood,,,ppm,43.0,2,3135.0,3135.0,91.92388155425118,2.932181229800676,3070.0,3200.0,130.0,"3200.0,3070.0","(ad)e440,(ad)e801",pass,False,False,,,,not_applicable_n_out_of_range,not_calculated,ROUT not implemented from scratch during MVP per handoff guardrails; no trusted existing implementation wired up yet.
2549,316,125,#n/a,icp,s,,,,ppm,42.0,1,2890.0,2890.0,,,2890.0,2890.0,0.0,2890.0,(b8)17c4,pass,,,,,,not_applicable_n_out_of_range,not_calculated,ROUT not implemented from scratch during MVP per handoff guardrails; no trusted existing implementation wired up yet.
2550,316,125,#n/a,icp,mg,,,,pc,42.0,1,0.353,0.353,,,0.353,0.353,0.0,0.353,(b8)479d,pass,,,,,,not_applicable_n_out_of_range,not_calculated,ROUT not implemented from scratch during MVP per handoff guardrails; no trusted existing implementation wired up yet.
2551,316,125,#n/a,icp,mg,,,,ppm,42.0,1,3530.0,3530.0,,,3530.0,3530.0,0.0,3530.0,(b8)479d,pass,,,,,,not_applicable_n_out_of_range,not_calculated,ROUT not implemented from scratch during MVP per handoff guardrails; no trusted existing implementation wired up yet.
2552,316,125,#n/a,icp,k,,,,pc,42.0,1,1.07,1.07,,,1.07,1.07,0.0,1.07,(b8)4d87,pass,,,,,,not_applicable_n_out_of_range,not_calculated,ROUT not implemented from scratch during MVP per handoff guardrails; no trusted existing implementation wired up yet.
2553,316,125,#n/a,icp,k,,,,ppm,42.0,1,10700.0,10700.0,,,10700.0,10700.0,0.0,10700.0,(b8)4d87,pass,,,,,,not_applicable_n_out_of_range,not_calculated,ROUT not implemented from scratch during MVP per handoff guardrails; no trusted existing implementation wired up yet.
2554,316,125,#n/a,icp,p,,,,ppm,42.0,1,2500.0,2500.0,,,2500.0,2500.0,0.0,2500.0,(b8)5537,pass,,,,,,not_applicable_n_out_of_range,not_calculated,ROUT not implemented from scratch during MVP per handoff guardrails; no trusted existing implementation wired up yet.
2555,316,125,#n/a,icp,p,,,,pc,42.0,1,0.25,0.25,,,0.25,0.25,0.0,0.25,(b8)5537,pass,,,,,,not_applicable_n_out_of_range,not_calculated,ROUT not implemented from scratch during MVP per handoff guardrails; no trusted existing implementation wired up yet.
2556,316,125,#n/a,icp,cu,,,,ppm,42.0,1,8.5,8.5,,,8.5,8.5,0.0,8.5,(b8)5e55,pass,,,,,,not_applicable_n_out_of_range,not_calculated,ROUT not implemented from scratch during MVP per handoff guardrails; no trusted existing implementation wired up yet.
2557,316,125,#n/a,icp,mn,,,,ppm,42.0,1,26.2,26.2,,,26.2,26.2,0.0,26.2,(b8)64d0,pass,,,,,,not_applicable_n_out_of_range,not_calculated,ROUT not implemented from scratch during MVP per handoff guardrails; no trusted existing implementation wired up yet.
2558,316,125,#n/a,icp,b,,,,ppm,42.0,1,44.8,44.8,,,44.8,44.8,0.0,44.8,(b8)8bc2,pass,,,,,,not_applicable_n_out_of_range,not_calculated,ROUT not implemented from scratch during MVP per handoff guardrails; no trusted existing implementation wired up yet.
2559,316,125,#n/a,icp,fe,,,,ppm,42.0,1,203.0,203.0,,,203.0,203.0,0.0,203.0,(b8)a1f0,pass,,,,,,not_applicable_n_out_of_range,not_calculated,ROUT not implemented from scratch during MVP per handoff guardrails; no trusted existing implementation wired up yet.
2560,316,125,#n/a,icp,ca,,,,ppm,42.0,1,17300.0,17300.0,,,17300.0,17300.0,0.0,17300.0,(b8)a6cc,pass,,,,,,not_applicable_n_out_of_range,not_calculated,ROUT not implemented from scratch during MVP per handoff guardrails; no trusted existing implementation wired up yet.
2561,316,125,#n/a,icp,ca,,,,pc,42.0,1,1.73,1.73,,,1.73,1.73,0.0,1.73,(b8)a6cc,pass,,,,,,not_applicable_n_out_of_range,not_calculated,ROUT not implemented from scratch during MVP per handoff guardrails; no trusted existing implementation wired up yet.
2562,316,125,#n/a,icp,zn,,,,ppm,42.0,1,20.1,20.1,,,20.1,20.1,0.0,20.1,(b8)ea68,pass,,,,,,not_applicable_n_out_of_range,not_calculated,ROUT not implemented from scratch during MVP per handoff guardrails; no trusted existing implementation wired up yet.
2563,54,12,almond woodchips,icp,si,popular,,,ppm,43.0,2,14.0,14.0,0.0,0.0,14.0,14.0,0.0,"14.0,14.0","(c1)1342,(c1)e6c2",pass,False,False,,,,not_applicable_n_out_of_range,not_calculated,ROUT not implemented from scratch during MVP per handoff guardrails; no trusted existing implementation wired up yet.
2564,54,12,almond woodchips,icp,al,popular,,,ppm,43.0,2,25.15,25.15,0.0707106781186532,0.2811557778077664,25.1,25.2,0.0999999999999978,"25.2,25.1","(c1)1cb9,(c1)9d9e",pass,False,False,,,,not_applicable_n_out_of_range,not_calculated,ROUT not implemented from scratch during MVP per handoff guardrails; no trusted existing implementation wired up yet.
2565,54,12,almond woodchips,icp,cu,popular,,,ppm,43.0,2,7.19,7.19,5.105310960166873,71.0057157185935,3.58,10.8,7.220000000000001,"10.8,3.58","(c1)2be4,(c1)4541",pass,True,True,,,,not_applicable_n_out_of_range,not_calculated,ROUT not implemented from scratch during MVP per handoff guardrails; no trusted existing implementation wired up yet.
2566,54,12,almond woodchips,icp,mg,popular,,,ppm,43.0,2,578.5,578.5,12.020815280171307,2.077928311179137,570.0,587.0,17.0,"587.0,570.0","(c1)4814,(c1)6318",pass,False,False,,,,not_applicable_n_out_of_range,not_calculated,ROUT not implemented from scratch during MVP per handoff guardrails; no trusted existing implementation wired up yet.
2567,54,12,almond woodchips,icp,ca,popular,,,ppm,43.0,2,3320.0,3320.0,14.142135623730953,0.4259679404738238,3310.0,3330.0,20.0,"3310.0,3330.0","(c1)4a7e,(c1)6122",pass,False,False,,,,not_applicable_n_out_of_range,not_calculated,ROUT not implemented from scratch during MVP per handoff guardrails; no trusted existing implementation wired up yet.
2568,54,12,almond woodchips,icp,mn,popular,,,ppm,43.0,2,16.15,16.15,2.616295090390225,16.199969599939475,14.3,18.0,3.6999999999999993,"14.3,18.0","(c1)5298,(c1)bebd",pass,True,False,,,,not_applicable_n_out_of_range,not_calculated,ROUT not implemented from scratch during MVP per handoff guardrails; no trusted existing implementation wired up yet.
2569,54,12,almond woodchips,icp,fe,popular,,,ppm,43.0,2,14.0,14.0,0.0,0.0,14.0,14.0,0.0,"14.0,14.0","(c1)5b24,(c1)e22c",pass,False,False,,,,not_applicable_n_out_of_range,not_calculated,ROUT not implemented from scratch during MVP per handoff guardrails; no trusted existing implementation wired up yet.
2570,54,12,almond woodchips,icp,p,popular,,,ppm,43.0,2,313.5,313.5,12.020815280171307,3.834390838970114,305.0,322.0,17.0,"322.0,305.0","(c1)5cee,(c1)769e",pass,False,False,,,,not_applicable_n_out_of_range,not_calculated,ROUT not implemented from scratch during MVP per handoff guardrails; no trusted existing implementation wired up yet.
2571,54,12,almond woodchips,icp,ti,popular,,,ppm,43.0,2,1.79,1.79,2.53144227664784,141.42135623730948,0.0,3.58,3.58,"3.58,0.0","(c1)5d99,(c1)af7b",pass,True,True,,,,not_applicable_n_out_of_range,not_calculated,ROUT not implemented from scratch during MVP per handoff guardrails; no trusted existing implementation wired up yet.
2572,54,12,almond woodchips,icp,nd,popular,,,ppm,43.0,2,10.75,10.75,0.0707106781186557,0.6577737499409838,10.7,10.8,0.1000000000000014,"10.8,10.7","(c1)7704,(c1)dc4e",pass,False,False,,,,not_applicable_n_out_of_range,not_calculated,ROUT not implemented from scratch during MVP per handoff guardrails; no trusted existing implementation wired up yet.
2573,54,12,almond woodchips,icp,na,popular,,,ppm,43.0,2,-213.5,-213.5,2.1213203435596424,0.993592666772666,-215.0,-212.0,3.0,"-215.0,-212.0","(c1)7b20,(c1)dc6d",fail,False,False,,,,not_applicable_n_out_of_range,not_calculated,ROUT not implemented from scratch during MVP per handoff guardrails; no trusted existing implementation wired up yet.
2574,54,12,almond woodchips,icp,s,popular,,,ppm,43.0,2,206.0,206.0,12.727922061357855,6.178602942406726,197.0,215.0,18.0,"215.0,197.0","(c1)9129,(c1)d48e",pass,False,False,,,,not_applicable_n_out_of_range,not_calculated,ROUT not implemented from scratch during MVP per handoff guardrails; no trusted existing implementation wired up yet.
2575,54,12,almond woodchips,icp,zn,popular,,,ppm,43.0,2,12.5,12.5,2.1213203435596424,16.97056274847714,11.0,14.0,3.0,"14.0,11.0","(c1)c793,(c1)dc64",pass,True,False,,,,not_applicable_n_out_of_range,not_calculated,ROUT not implemented from scratch during MVP per handoff guardrails; no trusted existing implementation wired up yet.
2576,54,12,almond woodchips,icp,k,popular,,,ppm,43.0,2,2180.0,2180.0,240.41630560342617,11.028270899239732,2010.0,2350.0,340.0,"2350.0,2010.0","(c1)dedf,(c1)ec38",pass,True,False,,,,not_applicable_n_out_of_range,not_calculated,ROUT not implemented from scratch during MVP per handoff guardrails; no trusted existing implementation wired up yet.
2577,29,6,unused oak stick,icp,ti,maplewood,,,ppm,43.0,2,9.0,9.0,7.071067811865476,78.56742013183862,4.0,14.0,10.0,"4.0,14.0","(c4)2faf,(c4)50b8",pass,True,True,,,,not_applicable_n_out_of_range,not_calculated,ROUT not implemented from scratch during MVP per handoff guardrails; no trusted existing implementation wired up yet.
2578,29,6,unused oak stick,icp,na,maplewood,,,ppm,43.0,2,-10.45,-10.45,71.34707422172265,682.7471217389727,-60.9,40.0,100.9,"-60.9,40.0","(c4)3268,(c4)872f","fail,pass",True,True,,,,not_applicable_n_out_of_range,not_calculated,ROUT not implemented from scratch during MVP per handoff guardrails; no trusted existing implementation wired up yet.
2579,29,6,unused oak stick,icp,cu,maplewood,,,ppm,43.0,2,11.0,11.0,9.899494936611664,89.9954085146515,4.0,18.0,14.0,"4.0,18.0","(c4)39b8,(c4)e1f9",pass,True,True,,,,not_applicable_n_out_of_range,not_calculated,ROUT not implemented from scratch during MVP per handoff guardrails; no trusted existing implementation wired up yet.
2580,29,6,unused oak stick,icp,fe,maplewood,,,ppm,43.0,2,1227.15,1227.15,1715.2289191242085,139.7733707471954,14.3,2440.0,2425.7,"2440.0,14.3","(c4)44ec,(c4)7fed",pass,True,True,,,,not_applicable_n_out_of_range,not_calculated,ROUT not implemented from scratch during MVP per handoff guardrails; no trusted existing implementation wired up yet.
2581,29,6,unused oak stick,icp,s,maplewood,,,ppm,43.0,2,615.0,615.0,742.4621202458749,120.72554800745934,90.0,1140.0,1050.0,"1140.0,90.0","(c4)4583,(c4)d6f1",pass,True,True,,,,not_applicable_n_out_of_range,not_calculated,ROUT not implemented from scratch during MVP per handoff guardrails; no trusted existing implementation wired up yet.
2582,29,6,unused oak stick,icp,k,maplewood,,,ppm,43.0,2,8838.0,8838.0,11825.65380856382,133.80463689255285,476.0,17200.0,16724.0,"476.0,17200.0","(c4)52fc,(c4)d22c",pass,True,True,,,,not_applicable_n_out_of_range,not_calculated,ROUT not implemented from scratch during MVP per handoff guardrails; no trusted existing implementation wired up yet.
2583,29,6,unused oak stick,icp,mg,maplewood,,,ppm,43.0,2,603.58,603.58,843.4652528705614,139.74373784263253,7.16,1200.0,1192.84,"7.16,1200.0","(c4)5595,(c4)eb3d",pass,True,True,,,,not_applicable_n_out_of_range,not_calculated,ROUT not implemented from scratch during MVP per handoff guardrails; no trusted existing implementation wired up yet.
2584,29,6,unused oak stick,icp,ca,maplewood,,,ppm,43.0,2,6600.5,6600.5,8908.838336169312,134.9721738681814,301.0,12900.0,12599.0,"12900.0,301.0","(c4)5746,(c4)abca",pass,True,True,,,,not_applicable_n_out_of_range,not_calculated,ROUT not implemented from scratch during MVP per handoff guardrails; no trusted existing implementation wired up yet.
2585,29,6,unused oak stick,icp,zn,maplewood,,,ppm,43.0,2,10.75,10.75,15.202795795510772,141.4213562373095,0.0,21.5,21.5,"0.0,21.5","(c4)5b72,(c4)6bc3",pass,True,True,,,,not_applicable_n_out_of_range,not_calculated,ROUT not implemented from scratch during MVP per handoff guardrails; no trusted existing implementation wired up yet.
2586,29,6,unused oak stick,icp,p,maplewood,,,ppm,43.0,2,369.4,369.4,471.7816444076645,127.71565901669317,35.8,703.0,667.2,"703.0,35.8","(c4)61a1,(c4)963a",pass,True,True,,,,not_applicable_n_out_of_range,not_calculated,ROUT not implemented from scratch during MVP per handoff guardrails; no trusted existing implementation wired up yet.
2587,29,6,unused oak stick,icp,nd,maplewood,,,ppm,43.0,2,12.6,12.6,17.819090885900998,141.4213562373095,0.0,25.2,25.2,"0.0,25.2","(c4)63db,(c4)6df2",pass,True,True,,,,not_applicable_n_out_of_range,not_calculated,ROUT not implemented from scratch during MVP per handoff guardrails; no trusted existing implementation wired up yet.
2588,29,6,unused oak stick,icp,si,maplewood,,,ppm,43.0,2,19.75,19.75,2.616295090390228,13.24706374881128,17.9,21.6,3.700000000000003,"17.9,21.6","(c4)883d,(c4)9264",pass,True,False,,,,not_applicable_n_out_of_range,not_calculated,ROUT not implemented from scratch during MVP per handoff guardrails; no trusted existing implementation wired up yet.
2589,29,6,unused oak stick,icp,mn,maplewood,,,ppm,43.0,2,57.35,57.35,51.40666299226201,89.6367271007184,21.0,93.7,72.7,"93.7,21.0","(c4)8cfc,(c4)e785",pass,True,True,,,,not_applicable_n_out_of_range,not_calculated,ROUT not implemented from scratch during MVP per handoff guardrails; no trusted existing implementation wired up yet.
2590,29,6,unused oak stick,icp,al,maplewood,,,ppm,43.0,2,232.5,232.5,323.1477990022522,138.98830064613,4.0,461.0,457.0,"4.0,461.0","(c4)a1e8,(c4)d16e",pass,True,True,,,,not_applicable_n_out_of_range,not_calculated,ROUT not implemented from scratch during MVP per handoff guardrails; no trusted existing implementation wired up yet.
2591,27,26,spent oak chips,icp,cu,maplewood,,,ppm,42.0,1,1.6,1.6,,,1.6,1.6,0.0,1.6,(c5)00fd,pass,,,,,,not_applicable_n_out_of_range,not_calculated,ROUT not implemented from scratch during MVP per handoff guardrails; no trusted existing implementation wired up yet.
2592,27,26,spent oak chips,icp,ti,maplewood,,,ppm,43.0,2,3.595,3.595,0.0070710678118656,0.1966917332925073,3.59,3.6,0.0100000000000002,"3.6,3.59","(c5)156c,(c5)ef81",pass,False,False,,,,not_applicable_n_out_of_range,not_calculated,ROUT not implemented from scratch during MVP per handoff guardrails; no trusted existing implementation wired up yet.
2593,27,26,spent oak chips,icp,ca,maplewood,,,ppm,43.0,2,392.0,392.0,1.4142135623730951,0.3607687659115038,391.0,393.0,2.0,"391.0,393.0","(c5)2114,(c5)a0b9",pass,False,False,,,,not_applicable_n_out_of_range,not_calculated,ROUT not implemented from scratch during MVP per handoff guardrails; no trusted existing implementation wired up yet.
2594,27,26,spent oak chips,icp,zn,maplewood,,,ppm,42.0,1,1.4,1.4,,,1.4,1.4,0.0,1.4,(c5)27c0,pass,,,,,,not_applicable_n_out_of_range,not_calculated,ROUT not implemented from scratch during MVP per handoff guardrails; no trusted existing implementation wired up yet.
2595,27,26,spent oak chips,icp,mg,maplewood,,,ppm,43.0,2,72.0,72.0,0.0,0.0,72.0,72.0,0.0,"72.0,72.0","(c5)3783,(c5)a714",pass,False,False,,,,not_applicable_n_out_of_range,not_calculated,ROUT not implemented from scratch during MVP per handoff guardrails; no trusted existing implementation wired up yet.
2596,27,26,spent oak chips,icp,al,maplewood,,,ppm,43.0,2,7.195,7.195,5.098239892355008,70.85809440382221,3.59,10.8,7.210000000000001,"3.59,10.8","(c5)3ac3,(c5)6b8a",pass,True,True,,,,not_applicable_n_out_of_range,not_calculated,ROUT not implemented from scratch during MVP per handoff guardrails; no trusted existing implementation wired up yet.
2597,27,26,spent oak chips,icp,cu,maplewood,,,ppm,43.0,2,3.6,3.6,0.0141421356237309,0.3928371006591934,3.59,3.61,0.02,"3.61,3.59","(c5)41af,(c5)841d",pass,False,False,,,,not_applicable_n_out_of_range,not_calculated,ROUT not implemented from scratch during MVP per handoff guardrails; no trusted existing implementation wired up yet.
2598,27,26,spent oak chips,icp,b,maplewood,,,ppm,42.0,1,22.9,22.9,,,22.9,22.9,0.0,22.9,(c5)45b4,pass,,,,,,not_applicable_n_out_of_range,not_calculated,ROUT not implemented from scratch during MVP per handoff guardrails; no trusted existing implementation wired up yet.
2599,27,26,spent oak chips,icp,nd,maplewood,,,ppm,43.0,2,3.595,3.595,0.0070710678118656,0.1966917332925073,3.59,3.6,0.0100000000000002,"3.6,3.59","(c5)5291,(c5)d256",pass,False,False,,,,not_applicable_n_out_of_range,not_calculated,ROUT not implemented from scratch during MVP per handoff guardrails; no trusted existing implementation wired up yet.
2600,27,26,spent oak chips,icp,na,maplewood,,,ppm,43.0,2,-141.5,-141.5,129.4005409571382,91.44914555274784,-233.0,-50.0,183.0,"-50.0,-233.0","(c5)550e,(c5)d66b",fail,True,True,,,,not_applicable_n_out_of_range,not_calculated,ROUT not implemented from scratch during MVP per handoff guardrails; no trusted existing implementation wired up yet.
2601,27,26,spent oak chips,icp,p,maplewood,,,pc,42.0,1,0.018,0.018,,,0.018,0.018,0.0,0.018,(c5)7eb3,pass,,,,,,not_applicable_n_out_of_range,not_calculated,ROUT not implemented from scratch during MVP per handoff guardrails; no trusted existing implementation wired up yet.
2602,27,26,spent oak chips,icp,p,maplewood,,,ppm,42.0,1,180.0,180.0,,,180.0,180.0,0.0,180.0,(c5)7eb3,pass,,,,,,not_applicable_n_out_of_range,not_calculated,ROUT not implemented from scratch during MVP per handoff guardrails; no trusted existing implementation wired up yet.
2603,27,26,spent oak chips,icp,si,maplewood,,,ppm,43.0,2,18.0,18.0,0.0,0.0,18.0,18.0,0.0,"18.0,18.0","(c5)7f8a,(c5)ea75",pass,False,False,,,,not_applicable_n_out_of_range,not_calculated,ROUT not implemented from scratch during MVP per handoff guardrails; no trusted existing implementation wired up yet.
2604,27,26,spent oak chips,icp,k,maplewood,,,ppm,43.0,2,1485.0,1485.0,289.9137802864845,19.522813487305356,1280.0,1690.0,410.0,"1280.0,1690.0","(c5)923c,(c5)fb43",pass,True,False,,,,not_applicable_n_out_of_range,not_calculated,ROUT not implemented from scratch during MVP per handoff guardrails; no trusted existing implementation wired up yet.
2605,27,26,spent oak chips,icp,s,maplewood,,,ppm,42.0,1,710.0,710.0,,,710.0,710.0,0.0,710.0,(c5)9575,pass,,,,,,not_applicable_n_out_of_range,not_calculated,ROUT not implemented from scratch during MVP per handoff guardrails; no trusted existing implementation wired up yet.
2606,27,26,spent oak chips,icp,zn,maplewood,,,ppm,43.0,2,0.0,0.0,0.0,,0.0,0.0,0.0,"0.0,0.0","(c5)97d9,(c5)fc8e",pass,,,,,,not_applicable_n_out_of_range,not_calculated,ROUT not implemented from scratch during MVP per handoff guardrails; no trusted existing implementation wired up yet.
2607,27,26,spent oak chips,icp,mn,maplewood,,,ppm,42.0,1,16.7,16.7,,,16.7,16.7,0.0,16.7,(c5)996f,pass,,,,,,not_applicable_n_out_of_range,not_calculated,ROUT not implemented from scratch during MVP per handoff guardrails; no trusted existing implementation wired up yet.
2608,27,26,spent oak chips,icp,k,maplewood,,,ppm,42.0,1,2200.0,2200.0,,,2200.0,2200.0,0.0,2200.0,(c5)9c69,pass,,,,,,not_applicable_n_out_of_range,not_calculated,ROUT not implemented from scratch during MVP per handoff guardrails; no trusted existing implementation wired up yet.
2609,27,26,spent oak chips,icp,k,maplewood,,,pc,42.0,1,0.22,0.22,,,0.22,0.22,0.0,0.22,(c5)9c69,pass,,,,,,not_applicable_n_out_of_range,not_calculated,ROUT not implemented from scratch during MVP per handoff guardrails; no trusted existing implementation wired up yet.
2610,27,26,spent oak chips,icp,fe,maplewood,,,ppm,43.0,2,52.0,52.0,7.071067811865476,13.598207330510531,47.0,57.0,10.0,"47.0,57.0","(c5)a1e2,(c5)fbec",pass,True,False,,,,not_applicable_n_out_of_range,not_calculated,ROUT not implemented from scratch during MVP per handoff guardrails; no trusted existing implementation wired up yet.
2611,27,26,spent oak chips,icp,s,maplewood,,,ppm,43.0,2,580.5,580.5,16.263455967290593,2.80162893493378,569.0,592.0,23.0,"569.0,592.0","(c5)b4b2,(c5)d5a5",pass,False,False,,,,not_applicable_n_out_of_range,not_calculated,ROUT not implemented from scratch during MVP per handoff guardrails; no trusted existing implementation wired up yet.
2612,27,26,spent oak chips,icp,mg,maplewood,,,pc,42.0,1,0.0,0.0,,,0.0,0.0,0.0,0.0,(c5)b9bb,fail,,,,,,not_applicable_n_out_of_range,not_calculated,ROUT not implemented from scratch during MVP per handoff guardrails; no trusted existing implementation wired up yet.
2613,27,26,spent oak chips,icp,mg,maplewood,,,ppm,42.0,1,0.0,0.0,,,0.0,0.0,0.0,0.0,(c5)b9bb,fail,,,,,,not_applicable_n_out_of_range,not_calculated,ROUT not implemented from scratch during MVP per handoff guardrails; no trusted existing implementation wired up yet.
2614,27,26,spent oak chips,icp,ca,maplewood,,,ppm,42.0,1,490.0,490.0,,,490.0,490.0,0.0,490.0,(c5)bcb4,pass,,,,,,not_applicable_n_out_of_range,not_calculated,ROUT not implemented from scratch during MVP per handoff guardrails; no trusted existing implementation wired up yet.
2615,27,26,spent oak chips,icp,ca,maplewood,,,pc,42.0,1,0.049,0.049,,,0.049,0.049,0.0,0.049,(c5)bcb4,pass,,,,,,not_applicable_n_out_of_range,not_calculated,ROUT not implemented from scratch during MVP per handoff guardrails; no trusted existing implementation wired up yet.
2616,27,26,spent oak chips,icp,p,maplewood,,,ppm,43.0,2,153.0,153.0,18.384776310850235,12.016193667222376,140.0,166.0,26.0,"166.0,140.0","(c5)c0f2,(c5)fc8f",pass,True,False,,,,not_applicable_n_out_of_range,not_calculated,ROUT not implemented from scratch during MVP per handoff guardrails; no trusted existing implementation wired up yet.
2617,27,26,spent oak chips,icp,fe,maplewood,,,ppm,42.0,1,82.9,82.9,,,82.9,82.9,0.0,82.9,(c5)c527,pass,,,,,,not_applicable_n_out_of_range,not_calculated,ROUT not implemented from scratch during MVP per handoff guardrails; no trusted existing implementation wired up yet.
2618,27,26,spent oak chips,icp,mn,maplewood,,,ppm,43.0,2,14.3,14.3,0.0,0.0,14.3,14.3,0.0,"14.3,14.3","(c5)c850,(c5)f4d0",pass,False,False,,,,not_applicable_n_out_of_range,not_calculated,ROUT not implemented from scratch during MVP per handoff guardrails; no trusted existing implementation wired up yet.
2619,53,35,almond branches,icp,mg,vibrant,,,ppm,43.0,2,992.5,992.5,7.7781745930520225,0.7836951731034782,987.0,998.0,11.0,"987.0,998.0","(c7)036c,(c7)7096",pass,False,False,,,,not_applicable_n_out_of_range,not_calculated,ROUT not implemented from scratch during MVP per handoff guardrails; no trusted existing implementation wired up yet.
2620,53,35,almond branches,icp,mn,vibrant,,,ppm,43.0,2,31.0,31.0,2.8284271247461903,9.123958466923195,29.0,33.0,4.0,"33.0,29.0","(c7)0f03,(c7)8280",pass,False,False,,,,not_applicable_n_out_of_range,not_calculated,ROUT not implemented from scratch during MVP per handoff guardrails; no trusted existing implementation wired up yet.
2621,53,35,almond branches,icp,zn,vibrant,,,ppm,43.0,2,30.75,30.75,2.757716446627537,8.968183566268412,28.8,32.7,3.900000000000002,"32.7,28.8","(c7)1321,(c7)e208",pass,False,False,,,,not_applicable_n_out_of_range,not_calculated,ROUT not implemented from scratch during MVP per handoff guardrails; no trusted existing implementation wired up yet.
2622,53,35,almond branches,icp,nd,vibrant,,,ppm,43.0,2,16.0,16.0,2.8284271247461903,17.67766952966369,14.0,18.0,4.0,"18.0,14.0","(c7)15a4,(c7)f70e",pass,True,False,,,,not_applicable_n_out_of_range,not_calculated,ROUT not implemented from scratch during MVP per handoff guardrails; no trusted existing implementation wired up yet.
2623,53,35,almond branches,icp,fe,vibrant,,,ppm,43.0,2,21.700000000000003,21.700000000000003,0.141421356237309,0.65171131906594,21.6,21.8,0.1999999999999993,"21.6,21.8","(c7)1f9a,(c7)f305",pass,False,False,,,,not_applicable_n_out_of_range,not_calculated,ROUT not implemented from scratch during MVP per handoff guardrails; no trusted existing implementation wired up yet.
2624,53,35,almond branches,icp,p,vibrant,,,ppm,43.0,2,425.0,425.0,9.899494936611664,2.3292929262615685,418.0,432.0,14.0,"432.0,418.0","(c7)2ad1,(c7)a77e",pass,False,False,,,,not_applicable_n_out_of_range,not_calculated,ROUT not implemented from scratch during MVP per handoff guardrails; no trusted existing implementation wired up yet.
2625,53,35,almond branches,icp,al,vibrant,,,ppm,43.0,2,18.0,18.0,0.0,0.0,18.0,18.0,0.0,"18.0,18.0","(c7)2c58,(c7)a9be",pass,False,False,,,,not_applicable_n_out_of_range,not_calculated,ROUT not implemented from scratch during MVP per handoff guardrails; no trusted existing implementation wired up yet.
2626,53,35,almond branches,icp,cu,vibrant,,,ppm,43.0,2,32.5,32.5,0.7071067811865476,2.175713172881685,32.0,33.0,1.0,"32.0,33.0","(c7)3c1c,(c7)d21f",pass,False,False,,,,not_applicable_n_out_of_range,not_calculated,ROUT not implemented from scratch during MVP per handoff guardrails; no trusted existing implementation wired up yet.
2627,53,35,almond branches,icp,k,vibrant,,,ppm,43.0,2,2725.0,2725.0,63.63961030678928,2.335398543368414,2680.0,2770.0,90.0,"2770.0,2680.0","(c7)4eeb,(c7)af6e",pass,False,False,,,,not_applicable_n_out_of_range,not_calculated,ROUT not implemented from scratch during MVP per handoff guardrails; no trusted existing implementation wired up yet.
2628,53,35,almond branches,icp,na,vibrant,,,ppm,43.0,2,86.85,86.85,5.58614357137372,6.4319442387722745,82.9,90.8,7.899999999999991,"90.8,82.9","(c7)54b0,(c7)6772",pass,False,False,,,,not_applicable_n_out_of_range,not_calculated,ROUT not implemented from scratch during MVP per handoff guardrails; no trusted existing implementation wired up yet.
2629,53,35,almond branches,icp,si,vibrant,,,ppm,43.0,2,10.85,10.85,0.0707106781186545,0.65171131906594,10.8,10.9,0.0999999999999996,"10.9,10.8","(c7)8f5a,(c7)bc57",pass,False,False,,,,not_applicable_n_out_of_range,not_calculated,ROUT not implemented from scratch during MVP per handoff guardrails; no trusted existing implementation wired up yet.
2630,53,35,almond branches,icp,s,vibrant,,,ppm,43.0,2,367.5,367.5,96.873629022557,26.360171162600547,299.0,436.0,137.0,"436.0,299.0","(c7)a0ff,(c7)ad89",pass,True,True,,,,not_applicable_n_out_of_range,not_calculated,ROUT not implemented from scratch during MVP per handoff guardrails; no trusted existing implementation wired up yet.
2631,53,35,almond branches,icp,ti,vibrant,,,ppm,43.0,2,0.0,0.0,0.0,,0.0,0.0,0.0,"0.0,0.0","(c7)bfd4,(c7)f7a2",pass,,,,,,not_applicable_n_out_of_range,not_calculated,ROUT not implemented from scratch during MVP per handoff guardrails; no trusted existing implementation wired up yet.
2632,53,35,almond branches,icp,ca,vibrant,,,ppm,43.0,2,9555.0,9555.0,275.77164466275354,2.886150127292031,9360.0,9750.0,390.0,"9360.0,9750.0","(c7)d2bb,(c7)e149",pass,False,False,,,,not_applicable_n_out_of_range,not_calculated,ROUT not implemented from scratch during MVP per handoff guardrails; no trusted existing implementation wired up yet.
2633,58,13,walnut hulls,icp,ca,energetic,,,ppm,43.0,2,11750.0,11750.0,353.5533905932738,3.0089650263257344,11500.0,12000.0,500.0,"11500.0,12000.0","(e7)08bf,(e7)4eba",pass,False,False,,,,not_applicable_n_out_of_range,not_calculated,ROUT not implemented from scratch during MVP per handoff guardrails; no trusted existing implementation wired up yet.
2634,58,13,walnut hulls,icp,al,energetic,,,ppm,43.0,2,415.5,415.5,21.920310216782973,5.275646261560282,400.0,431.0,31.0,"431.0,400.0","(e7)1978,(e7)1c75",pass,False,False,,,,not_applicable_n_out_of_range,not_calculated,ROUT not implemented from scratch during MVP per handoff guardrails; no trusted existing implementation wired up yet.
2635,58,13,walnut hulls,icp,cu,energetic,,,ppm,42.0,1,19.5,19.5,,,19.5,19.5,0.0,19.5,(e7)211f,pass,,,,,,not_applicable_n_out_of_range,not_calculated,ROUT not implemented from scratch during MVP per handoff guardrails; no trusted existing implementation wired up yet.
2636,58,13,walnut hulls,icp,ti,energetic,,,ppm,43.0,2,14.3,14.3,0.0,0.0,14.3,14.3,0.0,"14.3,14.3","(e7)32db,(e7)8cf1",pass,False,False,,,,not_applicable_n_out_of_range,not_calculated,ROUT not implemented from scratch during MVP per handoff guardrails; no trusted existing implementation wired up yet.
2637,58,13,walnut hulls,icp,si,energetic,,,ppm,43.0,2,66.0,66.0,2.8284271247461903,4.285495643554834,64.0,68.0,4.0,"64.0,68.0","(e7)362d,(e7)95cc",pass,False,False,,,,not_applicable_n_out_of_range,not_calculated,ROUT not implemented from scratch during MVP per handoff guardrails; no trusted existing implementation wired up yet.
2638,58,13,walnut hulls,icp,mg,energetic,,,ppm,43.0,2,1130.0,1130.0,14.142135623730953,1.2515164268788452,1120.0,1140.0,20.0,"1120.0,1140.0","(e7)3c51,(e7)df57",pass,False,False,,,,not_applicable_n_out_of_range,not_calculated,ROUT not implemented from scratch during MVP per handoff guardrails; no trusted existing implementation wired up yet.
2639,58,13,walnut hulls,icp,p,energetic,,,pc,42.0,1,0.103,0.103,,,0.103,0.103,0.0,0.103,(e7)3e4f,pass,,,,,,not_applicable_n_out_of_range,not_calculated,ROUT not implemented from scratch during MVP per handoff guardrails; no trusted existing implementation wired up yet.
2640,58,13,walnut hulls,icp,p,energetic,,,ppm,42.0,1,1030.0,1030.0,,,1030.0,1030.0,0.0,1030.0,(e7)3e4f,pass,,,,,,not_applicable_n_out_of_range,not_calculated,ROUT not implemented from scratch during MVP per handoff guardrails; no trusted existing implementation wired up yet.
2641,58,13,walnut hulls,icp,ca,energetic,,,ppm,42.0,1,14300.0,14300.0,,,14300.0,14300.0,0.0,14300.0,(e7)43f7,pass,,,,,,not_applicable_n_out_of_range,not_calculated,ROUT not implemented from scratch during MVP per handoff guardrails; no trusted existing implementation wired up yet.
2642,58,13,walnut hulls,icp,ca,energetic,,,pc,42.0,1,1.43,1.43,,,1.43,1.43,0.0,1.43,(e7)43f7,pass,,,,,,not_applicable_n_out_of_range,not_calculated,ROUT not implemented from scratch during MVP per handoff guardrails; no trusted existing implementation wired up yet.
2643,58,13,walnut hulls,icp,k,energetic,,,ppm,43.0,2,16900.0,16900.0,141.4213562373095,0.836812758800648,16800.0,17000.0,200.0,"17000.0,16800.0","(e7)4651,(e7)d652",pass,False,False,,,,not_applicable_n_out_of_range,not_calculated,ROUT not implemented from scratch during MVP per handoff guardrails; no trusted existing implementation wired up yet.
2644,58,13,walnut hulls,icp,na,energetic,,,ppm,43.0,2,34.0,34.0,2.8284271247461903,8.31890330807703,32.0,36.0,4.0,"36.0,32.0","(e7)4c0b,(e7)6ad4",pass,False,False,,,,not_applicable_n_out_of_range,not_calculated,ROUT not implemented from scratch during MVP per handoff guardrails; no trusted existing implementation wired up yet.
2645,58,13,walnut hulls,icp,fe,energetic,,,ppm,43.0,2,2255.0,2255.0,35.35533905932738,1.5678642598371342,2230.0,2280.0,50.0,"2280.0,2230.0","(e7)5138,(e7)f75e",pass,False,False,,,,not_applicable_n_out_of_range,not_calculated,ROUT not implemented from scratch during MVP per handoff guardrails; no trusted existing implementation wired up yet.
2646,58,13,walnut hulls,icp,zn,energetic,,,ppm,43.0,2,21.5,21.5,0.7071067811865476,3.2888687497048723,21.0,22.0,1.0,"22.0,21.0","(e7)6c6b,(e7)c3f1",pass,False,False,,,,not_applicable_n_out_of_range,not_calculated,ROUT not implemented from scratch during MVP per handoff guardrails; no trusted existing implementation wired up yet.
2647,58,13,walnut hulls,icp,cu,energetic,,,ppm,43.0,2,21.4,21.4,0.0,0.0,21.4,21.4,0.0,"21.4,21.4","(e7)718e,(e7)e3cc",pass,False,False,,,,not_applicable_n_out_of_range,not_calculated,ROUT not implemented from scratch during MVP per handoff guardrails; no trusted existing implementation wired up yet.
2648,58,13,walnut hulls,icp,nd,energetic,,,ppm,43.0,2,25.0,25.0,0.0,0.0,25.0,25.0,0.0,"25.0,25.0","(e7)71b1,(e7)a6df",pass,False,False,,,,not_applicable_n_out_of_range,not_calculated,ROUT not implemented from scratch during MVP per handoff guardrails; no trusted existing implementation wired up yet.
2649,58,13,walnut hulls,icp,s,energetic,,,ppm,42.0,1,1270.0,1270.0,,,1270.0,1270.0,0.0,1270.0,(e7)8397,pass,,,,,,not_applicable_n_out_of_range,not_calculated,ROUT not implemented from scratch during MVP per handoff guardrails; no trusted existing implementation wired up yet.
2650,58,13,walnut hulls,icp,p,energetic,,,ppm,43.0,2,777.0,777.0,189.50461735799476,24.389268643242566,643.0,911.0,268.0,"911.0,643.0","(e7)951d,(e7)d608",pass,True,True,,,,not_applicable_n_out_of_range,not_calculated,ROUT not implemented from scratch during MVP per handoff guardrails; no trusted existing implementation wired up yet.
2651,58,13,walnut hulls,icp,mn,energetic,,,ppm,43.0,2,85.55,85.55,4.879036790187182,5.703140608050475,82.1,89.0,6.900000000000006,"89.0,82.1","(e7)9628,(e7)df42",pass,False,False,,,,not_applicable_n_out_of_range,not_calculated,ROUT not implemented from scratch during MVP per handoff guardrails; no trusted existing implementation wired up yet.
2652,58,13,walnut hulls,icp,zn,energetic,,,ppm,42.0,1,29.5,29.5,,,29.5,29.5,0.0,29.5,(e7)9db6,pass,,,,,,not_applicable_n_out_of_range,not_calculated,ROUT not implemented from scratch during MVP per handoff guardrails; no trusted existing implementation wired up yet.
2653,58,13,walnut hulls,icp,fe,energetic,,,ppm,42.0,1,8840.0,8840.0,,,8840.0,8840.0,0.0,8840.0,(e7)a65d,pass,,,,,,not_applicable_n_out_of_range,not_calculated,ROUT not implemented from scratch during MVP per handoff guardrails; no trusted existing implementation wired up yet.
2654,58,13,walnut hulls,icp,s,energetic,,,ppm,43.0,2,1035.0,1035.0,35.35533905932738,3.4159747883408094,1010.0,1060.0,50.0,"1060.0,1010.0","(e7)a716,(e7)d72b",pass,False,False,,,,not_applicable_n_out_of_range,not_calculated,ROUT not implemented from scratch during MVP per handoff guardrails; no trusted existing implementation wired up yet.
2655,58,13,walnut hulls,icp,mg,energetic,,,pc,42.0,1,0.176,0.176,,,0.176,0.176,0.0,0.176,(e7)ca9d,pass,,,,,,not_applicable_n_out_of_range,not_calculated,ROUT not implemented from scratch during MVP per handoff guardrails; no trusted existing implementation wired up yet.
2656,58,13,walnut hulls,icp,mg,energetic,,,ppm,42.0,1,1760.0,1760.0,,,1760.0,1760.0,0.0,1760.0,(e7)ca9d,pass,,,,,,not_applicable_n_out_of_range,not_calculated,ROUT not implemented from scratch during MVP per handoff guardrails; no trusted existing implementation wired up yet.
2657,58,13,walnut hulls,icp,b,energetic,,,ppm,42.0,1,39.5,39.5,,,39.5,39.5,0.0,39.5,(e7)d3cb,pass,,,,,,not_applicable_n_out_of_range,not_calculated,ROUT not implemented from scratch during MVP per handoff guardrails; no trusted existing implementation wired up yet.
2658,58,13,walnut hulls,icp,k,energetic,,,ppm,42.0,1,19000.0,19000.0,,,19000.0,19000.0,0.0,19000.0,(e7)e04c,pass,,,,,,not_applicable_n_out_of_range,not_calculated,ROUT not implemented from scratch during MVP per handoff guardrails; no trusted existing implementation wired up yet.
2659,58,13,walnut hulls,icp,k,energetic,,,pc,42.0,1,1.9,1.9,,,1.9,1.9,0.0,1.9,(e7)e04c,pass,,,,,,not_applicable_n_out_of_range,not_calculated,ROUT not implemented from scratch during MVP per handoff guardrails; no trusted existing implementation wired up yet.
2660,58,13,walnut hulls,icp,mn,energetic,,,ppm,42.0,1,121.0,121.0,,,121.0,121.0,0.0,121.0,(e7)eeab,pass,,,,,,not_applicable_n_out_of_range,not_calculated,ROUT not implemented from scratch during MVP per handoff guardrails; no trusted existing implementation wired up yet.
2661,22,1,spent yeast,icp,fe,maplewood,,,ppm,43.0,2,133.0,133.0,9.899494936611664,7.443229275647869,126.0,140.0,14.0,"126.0,140.0","(e8)0f2c,(e8)6bf4",pass,False,False,,,,not_applicable_n_out_of_range,not_calculated,ROUT not implemented from scratch during MVP per handoff guardrails; no trusted existing implementation wired up yet.
2662,22,1,spent yeast,icp,s,maplewood,,,ppm,43.0,2,1440.0,1440.0,14.142135623730953,0.9820927516479828,1430.0,1450.0,20.0,"1450.0,1430.0","(e8)189e,(e8)7ba2",pass,False,False,,,,not_applicable_n_out_of_range,not_calculated,ROUT not implemented from scratch during MVP per handoff guardrails; no trusted existing implementation wired up yet.
2663,22,1,spent yeast,icp,nd,maplewood,,,ppm,43.0,2,14.55,14.55,0.2121320343559635,1.4579521261578248,14.4,14.7,0.2999999999999989,"14.4,14.7","(e8)2c90,(e8)7c3a",pass,False,False,,,,not_applicable_n_out_of_range,not_calculated,ROUT not implemented from scratch during MVP per handoff guardrails; no trusted existing implementation wired up yet.
2664,22,1,spent yeast,icp,na,maplewood,,,ppm,43.0,2,-189.5,-189.5,7.7781745930520225,4.104577621663337,-195.0,-184.0,11.0,"-195.0,-184.0","(e8)2d0d,(e8)ff82",fail,False,False,,,,not_applicable_n_out_of_range,not_calculated,ROUT not implemented from scratch during MVP per handoff guardrails; no trusted existing implementation wired up yet.
2665,22,1,spent yeast,icp,mn,maplewood,,,ppm,43.0,2,10.9,10.9,0.141421356237309,1.29744363520467,10.8,11.0,0.1999999999999993,"10.8,11.0","(e8)3033,(e8)c5fd",pass,False,False,,,,not_applicable_n_out_of_range,not_calculated,ROUT not implemented from scratch during MVP per handoff guardrails; no trusted existing implementation wired up yet.
2666,22,1,spent yeast,icp,ti,maplewood,,,ppm,43.0,2,0.0,0.0,0.0,,0.0,0.0,0.0,"0.0,0.0","(e8)324f,(e8)a7a0",pass,,,,,,not_applicable_n_out_of_range,not_calculated,ROUT not implemented from scratch during MVP per handoff guardrails; no trusted existing implementation wired up yet.
2667,22,1,spent yeast,icp,p,maplewood,,,ppm,43.0,2,2540.0,2540.0,226.2741699796952,8.908431888964378,2380.0,2700.0,320.0,"2380.0,2700.0","(e8)32bb,(e8)5afa",pass,False,False,,,,not_applicable_n_out_of_range,not_calculated,ROUT not implemented from scratch during MVP per handoff guardrails; no trusted existing implementation wired up yet.
2668,22,1,spent yeast,icp,si,maplewood,,,ppm,43.0,2,9.0,9.0,2.8284271247461903,31.42696805273545,7.0,11.0,4.0,"7.0,11.0","(e8)3b93,(e8)8e4f",pass,True,True,,,,not_applicable_n_out_of_range,not_calculated,ROUT not implemented from scratch during MVP per handoff guardrails; no trusted existing implementation wired up yet.
2669,22,1,spent yeast,icp,zn,maplewood,,,ppm,43.0,2,32.0,32.0,0.0,0.0,32.0,32.0,0.0,"32.0,32.0","(e8)5283,(e8)8ec2",pass,False,False,,,,not_applicable_n_out_of_range,not_calculated,ROUT not implemented from scratch during MVP per handoff guardrails; no trusted existing implementation wired up yet.
2670,22,1,spent yeast,icp,ca,maplewood,,,ppm,43.0,2,5580.0,5580.0,197.9898987322333,3.5482060704701315,5440.0,5720.0,280.0,"5720.0,5440.0","(e8)8b83,(e8)a1e2",pass,False,False,,,,not_applicable_n_out_of_range,not_calculated,ROUT not implemented from scratch during MVP per handoff guardrails; no trusted existing implementation wired up yet.
2671,22,1,spent yeast,icp,al,maplewood,,,ppm,43.0,2,85.55,85.55,1.4849242404917458,1.7357384459283995,84.5,86.6,2.0999999999999943,"84.5,86.6","(e8)8e03,(e8)ea4d",pass,False,False,,,,not_applicable_n_out_of_range,not_calculated,ROUT not implemented from scratch during MVP per handoff guardrails; no trusted existing implementation wired up yet.
2672,22,1,spent yeast,icp,k,maplewood,,,ppm,43.0,2,84900.0,84900.0,3676.9552621700473,4.330924925995344,82300.0,87500.0,5200.0,"87500.0,82300.0","(e8)ad9f,(e8)be6f",pass,False,False,,,,not_applicable_n_out_of_range,not_calculated,ROUT not implemented from scratch during MVP per handoff guardrails; no trusted existing implementation wired up yet.
2673,22,1,spent yeast,icp,mg,maplewood,,,ppm,43.0,2,499.0,499.0,22.62741699796952,4.534552504603111,483.0,515.0,32.0,"515.0,483.0","(e8)b13a,(e8)dc21",pass,False,False,,,,not_applicable_n_out_of_range,not_calculated,ROUT not implemented from scratch during MVP per handoff guardrails; no trusted existing implementation wired up yet.
2674,22,1,spent yeast,icp,cu,maplewood,,,ppm,43.0,2,18.25,18.25,5.444722215136417,29.83409432951461,14.4,22.1,7.700000000000001,"14.4,22.1","(e8)f238,(e8)fda6",pass,True,True,,,,not_applicable_n_out_of_range,not_calculated,ROUT not implemented from scratch during MVP per handoff guardrails; no trusted existing implementation wired up yet.
2675,62,23,grape pomace,icp,p,maplewood,,,ppm,43.0,2,2175.0,2175.0,63.63961030678928,2.9259590945650245,2130.0,2220.0,90.0,"2220.0,2130.0","(fe)0bb8,(fe)7697",pass,False,False,,,,not_applicable_n_out_of_range,not_calculated,ROUT not implemented from scratch during MVP per handoff guardrails; no trusted existing implementation wired up yet.
2676,62,23,grape pomace,icp,ti,maplewood,,,ppm,43.0,2,1.85,1.85,2.616295090390226,141.4213562373095,0.0,3.7,3.7,"3.7,0.0","(fe)15d9,(fe)6131",pass,True,True,,,,not_applicable_n_out_of_range,not_calculated,ROUT not implemented from scratch during MVP per handoff guardrails; no trusted existing implementation wired up yet.
2677,62,23,grape pomace,icp,al,maplewood,,,ppm,43.0,2,16.450000000000003,16.450000000000003,2.333452377915607,14.185120838392743,14.8,18.1,3.3000000000000007,"18.1,14.8","(fe)18a8,(fe)64dd",pass,True,False,,,,not_applicable_n_out_of_range,not_calculated,ROUT not implemented from scratch during MVP per handoff guardrails; no trusted existing implementation wired up yet.
2678,62,23,grape pomace,icp,p,maplewood,,,ppm,42.0,2,2905.0,2905.0,21.213203435596427,0.7302307550979837,2890.0,2920.0,30.0,"2920.0,2890.0","(fe)1940,(fe)fd86",pass,False,False,,,,not_applicable_n_out_of_range,not_calculated,ROUT not implemented from scratch during MVP per handoff guardrails; no trusted existing implementation wired up yet.
2679,62,23,grape pomace,icp,p,maplewood,,,pc,42.0,2,0.2905,0.2905,0.0021213203435596,0.7302307550979844,0.289,0.292,0.003,"0.292,0.289","(fe)1940,(fe)fd86",pass,False,False,,,,not_applicable_n_out_of_range,not_calculated,ROUT not implemented from scratch during MVP per handoff guardrails; no trusted existing implementation wired up yet.
2680,62,23,grape pomace,icp,fe,maplewood,,,ppm,42.0,2,287.0,287.0,127.27922061357856,44.34816049253608,197.0,377.0,180.0,"377.0,197.0","(fe)22a4,(fe)d49a",pass,True,True,,,,not_applicable_n_out_of_range,not_calculated,ROUT not implemented from scratch during MVP per handoff guardrails; no trusted existing implementation wired up yet.
2681,62,23,grape pomace,icp,ca,maplewood,,,ppm,43.0,2,4375.0,4375.0,77.78174593052023,1.7778684784118908,4320.0,4430.0,110.0,"4430.0,4320.0","(fe)2866,(fe)55dc",pass,False,False,,,,not_applicable_n_out_of_range,not_calculated,ROUT not implemented from scratch during MVP per handoff guardrails; no trusted existing implementation wired up yet.
2682,62,23,grape pomace,icp,si,maplewood,,,ppm,43.0,2,20.0,20.0,2.8284271247461903,14.142135623730953,18.0,22.0,4.0,"22.0,18.0","(fe)28ee,(fe)3456",pass,True,False,,,,not_applicable_n_out_of_range,not_calculated,ROUT not implemented from scratch during MVP per handoff guardrails; no trusted existing implementation wired up yet.
2683,62,23,grape pomace,icp,cu,maplewood,,,ppm,43.0,2,12.8,12.8,2.4041630560342617,18.782523875267668,11.1,14.5,3.4000000000000004,"14.5,11.1","(fe)2aa1,(fe)c230",pass,True,False,,,,not_applicable_n_out_of_range,not_calculated,ROUT not implemented from scratch during MVP per handoff guardrails; no trusted existing implementation wired up yet.
2684,62,23,grape pomace,icp,k,maplewood,,,ppm,42.0,2,20300.0,20300.0,1414.213562373095,6.966569272773867,19300.0,21300.0,2000.0,"19300.0,21300.0","(fe)32d0,(fe)3bca",pass,False,False,,,,not_applicable_n_out_of_range,not_calculated,ROUT not implemented from scratch during MVP per handoff guardrails; no trusted existing implementation wired up yet.
2685,62,23,grape pomace,icp,k,maplewood,,,pc,42.0,2,2.03,2.03,0.1414213562373094,6.966569272773866,1.93,2.13,0.1999999999999999,"1.93,2.13","(fe)32d0,(fe)3bca",pass,False,False,,,,not_applicable_n_out_of_range,not_calculated,ROUT not implemented from scratch during MVP per handoff guardrails; no trusted existing implementation wired up yet.
2686,62,23,grape pomace,icp,zn,maplewood,,,ppm,43.0,2,11.0,11.0,0.0,0.0,11.0,11.0,0.0,"11.0,11.0","(fe)46c4,(fe)b73e",pass,False,False,,,,not_applicable_n_out_of_range,not_calculated,ROUT not implemented from scratch during MVP per handoff guardrails; no trusted existing implementation wired up yet.
2687,62,23,grape pomace,icp,s,maplewood,,,ppm,42.0,2,1580.0,1580.0,42.42640687119285,2.6852156247590413,1550.0,1610.0,60.0,"1550.0,1610.0","(fe)4edb,(fe)8847",pass,False,False,,,,not_applicable_n_out_of_range,not_calculated,ROUT not implemented from scratch during MVP per handoff guardrails; no trusted existing implementation wired up yet.
2688,62,23,grape pomace,icp,zn,maplewood,,,ppm,42.0,2,14.15,14.15,0.4949747468305827,3.4980547479193125,13.8,14.5,0.6999999999999993,"14.5,13.8","(fe)5096,(fe)d578",pass,False,False,,,,not_applicable_n_out_of_range,not_calculated,ROUT not implemented from scratch during MVP per handoff guardrails; no trusted existing implementation wired up yet.
2689,62,23,grape pomace,icp,mg,maplewood,,,ppm,42.0,2,1160.0,1160.0,14.142135623730953,1.2191496227354268,1150.0,1170.0,20.0,"1170.0,1150.0","(fe)5edd,(fe)b092",pass,False,False,,,,not_applicable_n_out_of_range,not_calculated,ROUT not implemented from scratch during MVP per handoff guardrails; no trusted existing implementation wired up yet.
2690,62,23,grape pomace,icp,mg,maplewood,,,pc,42.0,2,0.116,0.116,0.001414213562373,1.2191496227354277,0.115,0.117,0.002,"0.117,0.115","(fe)5edd,(fe)b092",pass,False,False,,,,not_applicable_n_out_of_range,not_calculated,ROUT not implemented from scratch during MVP per handoff guardrails; no trusted existing implementation wired up yet.
2691,62,23,grape pomace,icp,ca,maplewood,,,pc,42.0,2,0.539,0.539,0.0254558441227157,4.722791117386963,0.521,0.557,0.036,"0.557,0.521","(fe)6478,(fe)6d12",pass,False,False,,,,not_applicable_n_out_of_range,not_calculated,ROUT not implemented from scratch during MVP per handoff guardrails; no trusted existing implementation wired up yet.
2692,62,23,grape pomace,icp,ca,maplewood,,,ppm,42.0,2,5390.0,5390.0,254.55844122715712,4.72279111738696,5210.0,5570.0,360.0,"5570.0,5210.0","(fe)6478,(fe)6d12",pass,False,False,,,,not_applicable_n_out_of_range,not_calculated,ROUT not implemented from scratch during MVP per handoff guardrails; no trusted existing implementation wired up yet.
2693,62,23,grape pomace,icp,mn,maplewood,,,ppm,42.0,2,48.75,48.75,2.192031021678293,4.49647389062214,47.2,50.3,3.0999999999999943,"50.3,47.2","(fe)64ff,(fe)b2d0",pass,False,False,,,,not_applicable_n_out_of_range,not_calculated,ROUT not implemented from scratch during MVP per handoff guardrails; no trusted existing implementation wired up yet.
2694,62,23,grape pomace,icp,cu,maplewood,,,ppm,42.0,2,14.75,14.75,1.0606601717798212,7.190916418846245,14.0,15.5,1.5,"15.5,14.0","(fe)674a,(fe)b7c9",pass,False,False,,,,not_applicable_n_out_of_range,not_calculated,ROUT not implemented from scratch during MVP per handoff guardrails; no trusted existing implementation wired up yet.
2695,62,23,grape pomace,icp,nd,maplewood,,,ppm,43.0,2,7.325,7.325,0.1060660171779823,1.448000234511705,7.25,7.4,0.1500000000000003,"7.25,7.4","(fe)7a3b,(fe)9b50",pass,False,False,,,,not_applicable_n_out_of_range,not_calculated,ROUT not implemented from scratch during MVP per handoff guardrails; no trusted existing implementation wired up yet.
2696,62,23,grape pomace,icp,mg,maplewood,,,ppm,43.0,2,1017.5,1017.5,31.81980515339464,3.1272535777292028,995.0,1040.0,45.0,"995.0,1040.0","(fe)802b,(fe)f915",pass,False,False,,,,not_applicable_n_out_of_range,not_calculated,ROUT not implemented from scratch during MVP per handoff guardrails; no trusted existing implementation wired up yet.
2697,62,23,grape pomace,icp,na,maplewood,,,ppm,43.0,2,-138.0,-138.0,117.37972567696688,85.05777222968615,-221.0,-55.0,166.0,"-221.0,-55.0","(fe)813d,(fe)8bdb","fail,pass",True,True,,,,not_applicable_n_out_of_range,not_calculated,ROUT not implemented from scratch during MVP per handoff guardrails; no trusted existing implementation wired up yet.
2698,62,23,grape pomace,icp,mn,maplewood,,,ppm,43.0,2,42.1,42.1,1.979898987322331,4.702847950884396,40.7,43.5,2.799999999999997,"43.5,40.7","(fe)89d6,(fe)cf31",pass,False,False,,,,not_applicable_n_out_of_range,not_calculated,ROUT not implemented from scratch during MVP per handoff guardrails; no trusted existing implementation wired up yet.
2699,62,23,grape pomace,icp,k,maplewood,,,ppm,43.0,2,16400.0,16400.0,141.4213562373095,0.862325342910424,16300.0,16500.0,200.0,"16500.0,16300.0","(fe)8e22,(fe)e312",pass,False,False,,,,not_applicable_n_out_of_range,not_calculated,ROUT not implemented from scratch during MVP per handoff guardrails; no trusted existing implementation wired up yet.
2700,62,23,grape pomace,icp,b,maplewood,,,ppm,42.0,2,26.65,26.65,1.2020815280171302,4.5106248706083685,25.8,27.5,1.6999999999999993,"27.5,25.8","(fe)9542,(fe)ace1",pass,False,False,,,,not_applicable_n_out_of_range,not_calculated,ROUT not implemented from scratch during MVP per handoff guardrails; no trusted existing implementation wired up yet.
2701,62,23,grape pomace,icp,fe,maplewood,,,ppm,43.0,2,9.0,9.0,2.8284271247461903,31.42696805273545,7.0,11.0,4.0,"7.0,11.0","(fe)9dcb,(fe)be43",pass,True,True,,,,not_applicable_n_out_of_range,not_calculated,ROUT not implemented from scratch during MVP per handoff guardrails; no trusted existing implementation wired up yet.
2702,62,23,grape pomace,icp,s,maplewood,,,ppm,43.0,2,1260.0,1260.0,70.71067811865476,5.611958580845616,1210.0,1310.0,100.0,"1310.0,1210.0","(fe)f958,(fe)fe17",pass,False,False,,,,not_applicable_n_out_of_range,not_calculated,ROUT not implemented from scratch during MVP per handoff guardrails; no trusted existing implementation wired up yet.
2703,1,37,tomato pomace,xrd,crystallinity,oakleaf,freeze dry,,%,,1,54.95,54.95,,,54.95,54.95,0.0,54.95,(64)8711,fail,,,,,,not_applicable_n_out_of_range,not_calculated,ROUT not implemented from scratch during MVP per handoff guardrails; no trusted existing implementation wired up yet.
2704,2,37,tomato pomace,xrd,crystallinity,oakleaf,oven dry,,%,,2,52.85,52.85,0.9899494936611656,1.873130546189528,52.15,53.55,1.3999999999999986,"52.15,53.55","(85)8016,(85)89a1",fail,False,False,,,,not_applicable_n_out_of_range,not_calculated,ROUT not implemented from scratch during MVP per handoff guardrails; no trusted existing implementation wired up yet.
2705,6,37,tomato pomace,xrd,crystallinity,pinecrest,oven dry,,%,,3,56.25,56.25,0.4600000000000008,0.8177777777777793,55.79,56.71,0.9200000000000016,"56.71,55.79,56.25","(d2)4604,(d2)621b,(d2)1fd6",fail,False,False,0.5,(d2)621b,False,calculated,not_calculated,ROUT not implemented from scratch during MVP per handoff guardrails; no trusted existing implementation wired up yet.
2706,10,37,tomato pomace,xrd,crystallinity,riverstone,oven dry,,%,,3,53.34666666666666,53.35,0.415010040039193,0.7779493377390523,52.93,53.76,0.8299999999999983,"53.76,52.93,53.35","(28)c1d9,(28)5879,(28)f220",fail,False,False,0.5060240963855452,(28)5879,False,calculated,not_calculated,ROUT not implemented from scratch during MVP per handoff guardrails; no trusted existing implementation wired up yet.
2707,14,23,grape pomace,xrd,crystallinity,maplewood,oven dry,,%,,3,55.77,55.77,1.9800000000000004,3.5502958579881665,53.79,57.75,3.960000000000001,"57.75,53.79,55.77","(ab)6de2,(ab)7d7a,(ab)0009",fail,False,False,0.5000000000000009,(ab)7d7a,False,calculated,not_calculated,ROUT not implemented from scratch during MVP per handoff guardrails; no trusted existing implementation wired up yet.
2708,18,34,grape stem,xrd,crystallinity,maplewood,oven dry,,%,,3,52.00333333333333,52.0,2.075002008031156,3.9901326992458617,49.93,54.08,4.149999999999999,"49.93,54.08,52.0","(5c)2e17,(5c)bd78,(5c)7cd3",fail,False,False,0.5012048192771082,(5c)bd78,False,calculated,not_calculated,ROUT not implemented from scratch during MVP per handoff guardrails; no trusted existing implementation wired up yet.
2709,22,1,spent yeast,xrd,crystallinity,maplewood,oven dry,,%,,3,60.14000000000001,60.14,0.5700000000000003,0.9477884935151316,59.57,60.71,1.1400000000000006,"59.57,60.71,60.14","(e8)66b4,(e8)4f02,(e8)896d",fail,False,False,0.5,(e8)66b4,False,calculated,not_calculated,ROUT not implemented from scratch during MVP per handoff guardrails; no trusted existing implementation wired up yet.
2710,27,26,spent oak chips,xrd,crystallinity,maplewood,knife mill (2mm),,%,,3,52.74333333333334,52.74,0.7850053078376819,1.488349822102664,51.96,53.53,1.5700000000000005,"51.96,53.53,52.74","(c5)cea6,(c5)35a6,(c5)2c23",fail,False,False,0.5031847133757955,(c5)35a6,False,calculated,not_calculated,ROUT not implemented from scratch during MVP per handoff guardrails; no trusted existing implementation wired up yet.
2711,29,6,unused oak stick,xrd,crystallinity,maplewood,knife mill (2mm),,%,,3,59.43,59.43,0.259999999999998,0.4374894834258758,59.17,59.69,0.519999999999996,"59.17,59.69,59.43","(c4)bc8c,(c4)8595,(c4)b85a",fail,False,False,0.5,(c4)bc8c,False,calculated,not_calculated,ROUT not implemented from scratch during MVP per handoff guardrails; no trusted existing implementation wired up yet.
2712,32,23,grape pomace,xrd,crystallinity,ebony,oven dry,,%,,3,56.22666666666666,56.23,1.5750026455004231,2.8011666685447416,54.65,57.8,3.1499999999999986,"57.8,54.65,56.23","(4e)f893,(4e)372b,(4e)5170",fail,False,False,0.5015873015873012,(4e)372b,False,calculated,not_calculated,ROUT not implemented from scratch during MVP per handoff guardrails; no trusted existing implementation wired up yet.
