replicate_group_id,analysis_type,parameter,pooled_SD_used,flag_3xSD,3xSD_status
1,compositional,glucose,2.081161898672193,False,calculated
2,compositional,xylan,0.8759750075945936,False,calculated
3,compositional,lignin,0.4569550635538759,False,calculated
4,compositional,xylose,1.6912339721294771,False,calculated
5,compositional,glucan,1.8596504379167018,False,calculated
6,compositional,lignin,0.4569550635538759,False,calculated
7,compositional,glucan,1.8596504379167018,False,calculated
8,compositional,xylan,0.8759750075945936,False,calculated
9,compositional,glucose,2.081161898672193,False,calculated
10,compositional,xylose,1.6912339721294771,False,calculated
11,compositional,xylose,1.6912339721294771,False,calculated
12,compositional,glucose,2.081161898672193,False,calculated
13,compositional,xylan,0.8759750075945936,False,calculated
14,compositional,glucan,1.8596504379167018,False,calculated
15,compositional,lignin,0.4569550635538759,False,calculated
16,compositional,glucan,1.8596504379167018,False,calculated
17,compositional,glucose,2.081161898672193,False,calculated
18,compositional,xylan,0.8759750075945936,False,calculated
19,compositional,xylose,1.6912339721294771,False,calculated
20,compositional,lignin,0.4569550635538759,False,calculated
21,compositional,lignin,0.4569550635538759,False,calculated
22,compositional,xylan,0.8759750075945936,True,calculated
23,compositional,xylose,1.6912339721294771,False,calculated
24,compositional,glucan,1.8596504379167018,False,calculated
25,compositional,glucose,2.081161898672193,False,calculated
26,compositional,glucose,2.081161898672193,False,calculated
27,compositional,lignin,0.4569550635538759,False,calculated
28,compositional,glucose,2.081161898672193,False,calculated
29,compositional,lignin,0.4569550635538759,False,calculated
30,compositional,xylan,0.8759750075945936,False,calculated
31,compositional,glucan,1.8596504379167018,False,calculated
32,compositional,xylose,1.6912339721294771,False,calculated
33,compositional,glucan,1.8596504379167018,False,calculated
34,compositional,xylose,1.6912339721294771,False,calculated
35,compositional,xylan,0.8759750075945936,False,calculated
36,compositional,xylose,1.6912339721294771,False,calculated
37,compositional,xylan,0.8759750075945936,False,calculated
38,compositional,glucan,1.8596504379167018,False,calculated
39,compositional,lignin,0.4569550635538759,False,calculated
40,compositional,glucose,2.081161898672193,False,calculated
41,compositional,xylan,0.8759750075945936,False,calculated
42,compositional,glucan,1.8596504379167018,False,calculated
43,compositional,glucose,2.081161898672193,False,calculated
44,compositional,lignin,0.4569550635538759,False,calculated
45,compositional,xylose,1.6912339721294771,False,calculated
46,compositional,lignin+,0.5691001669302171,False,calculated
47,compositional,xylose,1.6912339721294771,False,calculated
48,compositional,lignin,0.4569550635538759,False,calculated
49,compositional,glucan,1.8596504379167018,False,calculated
50,compositional,glucan,1.8596504379167018,False,calculated
51,compositional,xylose,1.6912339721294771,False,calculated
52,compositional,glucose,2.081161898672193,False,calculated
53,compositional,xylan,0.8759750075945936,False,calculated
54,compositional,glucose,2.081161898672193,False,calculated
55,compositional,xylan,0.8759750075945936,False,calculated
56,compositional,xylan,0.8759750075945936,False,calculated
57,compositional,glucan,1.8596504379167018,False,calculated
58,compositional,lignin,0.4569550635538759,False,calculated
59,compositional,xylan,0.8759750075945936,False,calculated
60,compositional,xylose,1.6912339721294771,False,calculated
61,compositional,lignin,0.4569550635538759,False,calculated
62,compositional,glucose,2.081161898672193,False,calculated
63,compositional,glucan,1.8596504379167018,False,calculated
64,compositional,xylose,1.6912339721294771,False,calculated
65,compositional,xylan,0.8759750075945936,False,calculated
66,compositional,glucan,1.8596504379167018,False,calculated
67,compositional,lignin,0.4569550635538759,False,calculated
68,compositional,glucose,2.081161898672193,False,calculated
69,compositional,lignin,0.4569550635538759,False,calculated
70,compositional,glucose,2.081161898672193,False,calculated
71,compositional,glucan,1.8596504379167018,False,calculated
72,compositional,xylose,1.6912339721294771,False,calculated
73,compositional,xylan,0.8759750075945936,False,calculated
74,compositional,glucose,2.081161898672193,False,calculated
75,compositional,xylose,1.6912339721294771,False,calculated
76,compositional,arabinose,0.31917303860355833,False,calculated
77,compositional,glucan,1.8596504379167018,False,calculated
78,compositional,xylan,0.8759750075945936,False,calculated
79,compositional,lignin,0.4569550635538759,False,calculated
80,compositional,arabinan,0.28103550021474594,False,calculated
81,compositional,glucan,1.8596504379167018,False,calculated
82,compositional,lignin,0.4569550635538759,False,calculated
83,compositional,xylan,0.8759750075945936,False,calculated
84,compositional,xylose,1.6912339721294771,False,calculated
85,compositional,glucose,2.081161898672193,False,calculated
86,compositional,glucan,1.8596504379167018,False,calculated
87,compositional,glucose,2.081161898672193,False,calculated
88,compositional,xylose,1.6912339721294771,False,calculated
89,compositional,lignin,0.4569550635538759,False,calculated
90,compositional,xylan,0.8759750075945936,False,calculated
91,compositional,glucan,1.8596504379167018,False,calculated
92,compositional,xylan,0.8759750075945936,False,calculated
93,compositional,xylose,1.6912339721294771,False,calculated
94,compositional,glucose,2.081161898672193,False,calculated
95,compositional,lignin,0.4569550635538759,False,calculated
96,compositional,glucan,1.8596504379167018,False,calculated
97,compositional,glucose,2.081161898672193,False,calculated
98,compositional,xylan,0.8759750075945936,False,calculated
99,compositional,xylose,1.6912339721294771,False,calculated
100,compositional,lignin,0.4569550635538759,False,calculated
101,compositional,xylan,0.8759750075945936,False,calculated
102,compositional,glucose,2.081161898672193,False,calculated
103,compositional,lignin,0.4569550635538759,False,calculated
104,compositional,xylose,1.6912339721294771,False,calculated
105,compositional,glucan,1.8596504379167018,False,calculated
106,compositional,lignin,0.4569550635538759,False,calculated
107,compositional,glucose,2.081161898672193,False,calculated
108,compositional,xylan,0.8759750075945936,False,calculated
109,compositional,xylose,1.6912339721294771,False,calculated
110,compositional,glucan,1.8596504379167018,False,calculated
111,compositional,xylose,1.6912339721294771,False,calculated
112,compositional,lignin,0.4569550635538759,False,calculated
113,compositional,xylan,0.8759750075945936,False,calculated
114,compositional,glucan,1.8596504379167018,False,calculated
115,compositional,glucose,2.081161898672193,False,calculated
116,compositional,arabinan,0.28103550021474594,False,calculated
117,compositional,xylose,1.6912339721294771,False,calculated
118,compositional,glucose,2.081161898672193,False,calculated
119,compositional,arabinose,0.31917303860355833,False,calculated
120,compositional,glucan,1.8596504379167018,False,calculated
121,compositional,xylan,0.8759750075945936,False,calculated
122,compositional,lignin,0.4569550635538759,False,calculated
123,compositional,xylose,1.6912339721294771,False,calculated
124,compositional,glucose,2.081161898672193,False,calculated
125,compositional,xylan,0.8759750075945936,False,calculated
126,compositional,glucan,1.8596504379167018,False,calculated
127,compositional,lignin,0.4569550635538759,False,calculated
128,compositional,lignin,0.4569550635538759,False,calculated
129,compositional,xylan,0.8759750075945936,True,calculated
130,compositional,xylose,1.6912339721294771,False,calculated
131,compositional,glucose,2.081161898672193,False,calculated
132,compositional,glucan,1.8596504379167018,False,calculated
133,compositional,glucose,2.081161898672193,False,calculated
134,compositional,lignin,0.4569550635538759,False,calculated
135,compositional,glucan,1.8596504379167018,False,calculated
136,compositional,xylan,0.8759750075945936,False,calculated
137,compositional,xylose,1.6912339721294771,False,calculated
138,compositional,glucan,1.8596504379167018,False,calculated
139,compositional,glucose,2.081161898672193,False,calculated
140,compositional,xylan,0.8759750075945936,False,calculated
141,compositional,xylose,1.6912339721294771,False,calculated
142,compositional,xylan,0.8759750075945936,False,calculated
143,compositional,lignin,0.4569550635538759,False,calculated
144,compositional,glucose,2.081161898672193,False,calculated
145,compositional,xylose,1.6912339721294771,False,calculated
146,compositional,lignin,0.4569550635538759,False,calculated
147,compositional,glucan,1.8596504379167018,False,calculated
148,compositional,lignin,0.4569550635538759,,not_applicable_n_lt_2
149,compositional,glucose,2.081161898672193,False,calculated
150,compositional,xylan,0.8759750075945936,False,calculated
151,compositional,glucan,1.8596504379167018,False,calculated
152,compositional,lignin,0.4569550635538759,False,calculated
153,compositional,xylose,1.6912339721294771,True,calculated
154,compositional,glucan,1.8596504379167018,False,calculated
155,compositional,glucose,2.081161898672193,False,calculated
156,compositional,lignin,0.4569550635538759,False,calculated
157,compositional,xylan,0.8759750075945936,False,calculated
158,compositional,xylose,1.6912339721294771,False,calculated
159,compositional,glucan,1.8596504379167018,False,calculated
160,compositional,glucose,2.081161898672193,False,calculated
161,compositional,xylose,1.6912339721294771,False,calculated
162,compositional,xylan,0.8759750075945936,False,calculated
163,compositional,lignin,0.4569550635538759,False,calculated
164,compositional,glucose,2.081161898672193,False,calculated
165,compositional,glucan,1.8596504379167018,False,calculated
166,compositional,lignin+,0.5691001669302171,False,calculated
167,compositional,xylose,1.6912339721294771,False,calculated
168,compositional,xylan,0.8759750075945936,False,calculated
169,compositional,xylan,0.8759750075945936,False,calculated
170,compositional,xylose,1.6912339721294771,False,calculated
171,compositional,glucose,2.081161898672193,False,calculated
172,compositional,lignin,0.4569550635538759,False,calculated
173,compositional,glucan,1.8596504379167018,False,calculated
174,compositional,xylan,0.8759750075945936,False,calculated
175,compositional,glucose,2.081161898672193,True,calculated
176,compositional,xylose,1.6912339721294771,False,calculated
177,compositional,lignin,0.4569550635538759,False,calculated
178,compositional,glucan,1.8596504379167018,True,calculated
179,compositional,glucan,1.8596504379167018,False,calculated
180,compositional,xylose,1.6912339721294771,False,calculated
181,compositional,lignin,0.4569550635538759,False,calculated
182,compositional,glucose,2.081161898672193,False,calculated
183,compositional,lignin,0.4569550635538759,False,calculated
184,compositional,xylose,1.6912339721294771,False,calculated
185,compositional,glucan,1.8596504379167018,False,calculated
186,compositional,glucose,2.081161898672193,False,calculated
187,compositional,xylan,0.8759750075945936,False,calculated
188,compositional,xylan,0.8759750075945936,False,calculated
189,compositional,glucose,2.081161898672193,False,calculated
190,compositional,lignin,0.4569550635538759,False,calculated
191,compositional,xylan,0.8759750075945936,False,calculated
192,compositional,glucan,1.8596504379167018,False,calculated
193,compositional,xylose,1.6912339721294771,False,calculated
194,compositional,glucan,1.8596504379167018,False,calculated
195,compositional,xylan,0.8759750075945936,False,calculated
196,compositional,xylose,1.6912339721294771,False,calculated
197,compositional,lignin,0.4569550635538759,False,calculated
198,compositional,glucose,2.081161898672193,False,calculated
199,compositional,xylan,0.8759750075945936,False,calculated
200,compositional,glucose,2.081161898672193,False,calculated
201,compositional,lignin,0.4569550635538759,False,calculated
202,compositional,xylose,1.6912339721294771,False,calculated
203,compositional,glucan,1.8596504379167018,False,calculated
204,compositional,xylose,1.6912339721294771,False,calculated
205,compositional,glucan,1.8596504379167018,False,calculated
206,compositional,glucose,2.081161898672193,False,calculated
207,compositional,lignin+,0.5691001669302171,False,calculated
208,compositional,xylan,0.8759750075945936,False,calculated
209,compositional,glucan,1.8596504379167018,False,calculated
210,compositional,lignin,0.4569550635538759,False,calculated
211,compositional,xylan,0.8759750075945936,False,calculated
212,compositional,glucose,2.081161898672193,False,calculated
213,compositional,xylose,1.6912339721294771,False,calculated
214,compositional,glucose,2.081161898672193,False,calculated
215,compositional,xylose,1.6912339721294771,False,calculated
216,compositional,glucan,1.8596504379167018,False,calculated
217,compositional,xylan,0.8759750075945936,False,calculated
218,compositional,lignin,0.4569550635538759,False,calculated
219,compositional,lignin,0.4569550635538759,False,calculated
220,compositional,xylan,0.8759750075945936,False,calculated
221,compositional,glucose,2.081161898672193,False,calculated
222,compositional,xylose,1.6912339721294771,False,calculated
223,compositional,glucan,1.8596504379167018,False,calculated
224,compositional,xylan,0.8759750075945936,False,calculated
225,compositional,glucose,2.081161898672193,False,calculated
226,compositional,xylose,1.6912339721294771,False,calculated
227,compositional,glucan,1.8596504379167018,False,calculated
228,compositional,lignin,0.4569550635538759,False,calculated
229,compositional,glucan,1.8596504379167018,False,calculated
230,compositional,lignin,0.4569550635538759,False,calculated
231,compositional,glucose,2.081161898672193,False,calculated
232,compositional,xylan,0.8759750075945936,False,calculated
233,compositional,xylose,1.6912339721294771,False,calculated
234,compositional,glucan,1.8596504379167018,True,calculated
235,compositional,lignin,0.4569550635538759,False,calculated
236,compositional,xylan,0.8759750075945936,False,calculated
237,compositional,xylose,1.6912339721294771,False,calculated
238,compositional,glucose,2.081161898672193,True,calculated
239,compositional,lignin,0.4569550635538759,False,calculated
240,compositional,glucan,1.8596504379167018,True,calculated
241,compositional,glucose,2.081161898672193,True,calculated
242,compositional,xylose,1.6912339721294771,True,calculated
243,compositional,xylan,0.8759750075945936,True,calculated
244,compositional,glucose,2.081161898672193,False,calculated
245,compositional,xylan,0.8759750075945936,False,calculated
246,compositional,glucan,1.8596504379167018,False,calculated
247,compositional,lignin,0.4569550635538759,False,calculated
248,compositional,xylose,1.6912339721294771,False,calculated
249,compositional,xylose,1.6912339721294771,False,calculated
250,compositional,lignin,0.4569550635538759,False,calculated
251,compositional,xylan,0.8759750075945936,False,calculated
252,compositional,glucose,2.081161898672193,False,calculated
253,compositional,glucan,1.8596504379167018,False,calculated
254,compositional,lignin,0.4569550635538759,False,calculated
255,compositional,xylan,0.8759750075945936,False,calculated
256,compositional,glucan,1.8596504379167018,False,calculated
257,compositional,xylose,1.6912339721294771,False,calculated
258,compositional,glucose,2.081161898672193,False,calculated
259,compositional,lignin,0.4569550635538759,False,calculated
260,compositional,xylose,1.6912339721294771,False,calculated
261,compositional,xylan,0.8759750075945936,False,calculated
262,compositional,glucan,1.8596504379167018,False,calculated
263,compositional,lignin,0.4569550635538759,,not_applicable_n_lt_2
264,compositional,xylan,0.8759750075945936,False,calculated
265,compositional,glucan,1.8596504379167018,False,calculated
266,compositional,xylose,1.6912339721294771,False,calculated
267,compositional,glucose,2.081161898672193,False,calculated
268,compositional,glucose,2.081161898672193,False,calculated
269,compositional,lignin,0.4569550635538759,False,calculated
270,compositional,xylan,0.8759750075945936,False,calculated
271,compositional,glucose,2.081161898672193,False,calculated
272,compositional,lignin,0.4569550635538759,False,calculated
273,compositional,xylose,1.6912339721294771,False,calculated
274,compositional,glucan,1.8596504379167018,False,calculated
275,compositional,lignin,0.4569550635538759,False,calculated
276,compositional,glucan,1.8596504379167018,False,calculated
277,compositional,xylan,0.8759750075945936,False,calculated
278,compositional,xylose,1.6912339721294771,False,calculated
279,compositional,glucose,2.081161898672193,False,calculated
280,compositional,xylose,1.6912339721294771,False,calculated
281,compositional,lignin,0.4569550635538759,True,calculated
282,compositional,xylan,0.8759750075945936,False,calculated
283,compositional,glucan,1.8596504379167018,False,calculated
284,compositional,glucose,2.081161898672193,False,calculated
285,compositional,lignin+,0.5691001669302171,False,calculated
286,compositional,xylan,0.8759750075945936,False,calculated
287,compositional,xylose,1.6912339721294771,False,calculated
288,compositional,glucose,2.081161898672193,False,calculated
289,compositional,glucan,1.8596504379167018,False,calculated
290,compositional,xylan,0.8759750075945936,False,calculated
291,compositional,glucan,1.8596504379167018,False,calculated
292,compositional,lignin,0.4569550635538759,False,calculated
293,compositional,xylose,1.6912339721294771,False,calculated
294,compositional,arabinose,0.31917303860355833,False,calculated
295,compositional,glucose,2.081161898672193,False,calculated
296,compositional,arabinan,0.28103550021474594,False,calculated
297,compositional,xylose,1.6912339721294771,False,calculated
298,compositional,lignin,0.4569550635538759,False,calculated
299,compositional,arabinan,0.28103550021474594,False,calculated
300,compositional,xylan,0.8759750075945936,False,calculated
301,compositional,glucose,2.081161898672193,False,calculated
302,compositional,glucan,1.8596504379167018,False,calculated
303,compositional,glucan,1.8596504379167018,False,calculated
304,compositional,glucose,2.081161898672193,False,calculated
305,compositional,lignin,0.4569550635538759,False,calculated
306,compositional,xylose,1.6912339721294771,False,calculated
307,compositional,xylan,0.8759750075945936,False,calculated
308,compositional,glucose,2.081161898672193,False,calculated
309,compositional,xylose,1.6912339721294771,False,calculated
310,compositional,xylan,0.8759750075945936,False,calculated
311,compositional,arabinose,0.31917303860355833,False,calculated
312,compositional,lignin,0.4569550635538759,False,calculated
313,compositional,glucan,1.8596504379167018,False,calculated
314,compositional,glucan,1.8596504379167018,False,calculated
315,compositional,xylose,1.6912339721294771,False,calculated
316,compositional,glucose,2.081161898672193,False,calculated
317,compositional,xylan,0.8759750075945936,False,calculated
318,compositional,lignin,0.4569550635538759,False,calculated
319,compositional,glucose,2.081161898672193,False,calculated
320,compositional,lignin,0.4569550635538759,False,calculated
321,compositional,xylose,1.6912339721294771,False,calculated
322,compositional,glucan,1.8596504379167018,False,calculated
323,compositional,xylan,0.8759750075945936,False,calculated
324,compositional,arabinan,0.28103550021474594,False,calculated
325,compositional,lignin,0.4569550635538759,False,calculated
326,compositional,glucan,1.8596504379167018,False,calculated
327,compositional,arabinose,0.31917303860355833,False,calculated
328,compositional,glucose,2.081161898672193,False,calculated
329,compositional,xylan,0.8759750075945936,False,calculated
330,compositional,xylose,1.6912339721294771,False,calculated
331,compositional,glucose,2.081161898672193,False,calculated
332,compositional,lignin,0.4569550635538759,False,calculated
333,compositional,xylose,1.6912339721294771,False,calculated
334,compositional,arabinan,0.28103550021474594,False,calculated
335,compositional,xylan,0.8759750075945936,False,calculated
336,compositional,arabinose,0.31917303860355833,False,calculated
337,compositional,glucan,1.8596504379167018,False,calculated
338,compositional,glucan,1.8596504379167018,False,calculated
339,compositional,xylose,1.6912339721294771,False,calculated
340,compositional,xylan,0.8759750075945936,False,calculated
341,compositional,arabinose,0.31917303860355833,False,calculated
342,compositional,lignin,0.4569550635538759,False,calculated
343,compositional,arabinan,0.28103550021474594,False,calculated
344,compositional,glucose,2.081161898672193,False,calculated
345,compositional,xylan,0.8759750075945936,False,calculated
346,compositional,glucan,1.8596504379167018,False,calculated
347,compositional,lignin,0.4569550635538759,False,calculated
348,compositional,lignin,0.4569550635538759,False,calculated
349,compositional,glucose,2.081161898672193,False,calculated
350,compositional,xylose,1.6912339721294771,False,calculated
351,compositional,glucan,1.8596504379167018,False,calculated
352,compositional,xylan,0.8759750075945936,False,calculated
353,proximate,volatile solids,1.218575790224695,False,calculated
354,proximate,moisture,0.8572297870474512,False,calculated
355,proximate,total solids,1.0814785906475384,False,calculated
356,proximate,ash,1.1501599132672622,False,calculated
357,proximate,volatile solids,1.218575790224695,False,calculated
358,proximate,ash,1.1501599132672622,False,calculated
359,proximate,moisture,0.8572297870474512,,not_applicable_n_lt_2
360,proximate,total solids,1.0814785906475384,False,calculated
361,proximate,volatile solids,1.218575790224695,False,calculated
362,proximate,total solids,1.0814785906475384,False,calculated
363,proximate,total solids,1.0814785906475384,False,calculated
364,proximate,ash,1.1501599132672622,False,calculated
365,proximate,ash,1.1501599132672622,False,calculated
366,proximate,moisture,0.8572297870474512,False,calculated
367,proximate,moisture,0.8572297870474512,False,calculated
368,proximate,volatile solids,1.218575790224695,False,calculated
369,proximate,ash,1.1501599132672622,False,calculated
370,proximate,volatile solids,1.218575790224695,False,calculated
371,proximate,total solids,1.0814785906475384,False,calculated
372,proximate,moisture,0.8572297870474512,False,calculated
373,proximate,ash,1.1501599132672622,False,calculated
374,proximate,moisture,0.8572297870474512,,not_applicable_n_lt_2
375,proximate,ash,1.1501599132672622,False,calculated
376,proximate,volatile solids,1.218575790224695,False,calculated
377,proximate,total solids,1.0814785906475384,False,calculated
378,proximate,volatile solids,1.218575790224695,False,calculated
379,proximate,moisture,0.8572297870474512,False,calculated
380,proximate,total solids,1.0814785906475384,False,calculated
381,proximate,total solids,1.0814785906475384,False,calculated
382,proximate,ash,1.1501599132672622,False,calculated
383,proximate,moisture,0.8572297870474512,False,calculated
384,proximate,volatile solids,1.218575790224695,False,calculated
385,proximate,moisture,0.8572297870474512,False,calculated
386,proximate,ash,1.1501599132672622,False,calculated
387,proximate,moisture,0.8572297870474512,False,calculated
388,proximate,volatile solids,1.218575790224695,False,calculated
389,proximate,ash,1.1501599132672622,False,calculated
390,proximate,total solids,1.0814785906475384,False,calculated
391,proximate,total solids,1.0814785906475384,False,calculated
392,proximate,volatile solids,1.218575790224695,False,calculated
393,proximate,volatile solids,1.218575790224695,False,calculated
394,proximate,moisture,0.8572297870474512,False,calculated
395,proximate,ash,1.1501599132672622,False,calculated
396,proximate,total solids,1.0814785906475384,False,calculated
397,proximate,volatile solids,1.218575790224695,False,calculated
398,proximate,ash,1.1501599132672622,False,calculated
399,proximate,moisture,0.8572297870474512,False,calculated
400,proximate,total solids,1.0814785906475384,False,calculated
401,proximate,volatile solids,1.218575790224695,False,calculated
402,proximate,total solids,1.0814785906475384,False,calculated
403,proximate,total solids,1.0814785906475384,True,calculated
404,proximate,ash,1.1501599132672622,False,calculated
405,proximate,moisture,0.8572297870474512,False,calculated
406,proximate,volatile solids,1.218575790224695,False,calculated
407,proximate,moisture,0.8572297870474512,True,calculated
408,proximate,ash,1.1501599132672622,False,calculated
409,proximate,moisture,0.8572297870474512,,not_applicable_n_lt_2
410,proximate,volatile solids,1.218575790224695,False,calculated
411,proximate,ash,1.1501599132672622,False,calculated
412,proximate,total solids,1.0814785906475384,False,calculated
413,proximate,volatile solids,1.218575790224695,False,calculated
414,proximate,total solids,1.0814785906475384,False,calculated
415,proximate,moisture,0.8572297870474512,,not_applicable_n_lt_2
416,proximate,ash,1.1501599132672622,False,calculated
417,proximate,ash,1.1501599132672622,False,calculated
418,proximate,moisture,0.8572297870474512,False,calculated
419,proximate,volatile solids,1.218575790224695,False,calculated
420,proximate,total solids,1.0814785906475384,False,calculated
421,proximate,volatile solids,1.218575790224695,False,calculated
422,proximate,moisture,0.8572297870474512,False,calculated
423,proximate,ash,1.1501599132672622,False,calculated
424,proximate,total solids,1.0814785906475384,False,calculated
425,proximate,ash,1.1501599132672622,False,calculated
426,proximate,moisture,0.8572297870474512,False,calculated
427,proximate,total solids,1.0814785906475384,False,calculated
428,proximate,volatile solids,1.218575790224695,False,calculated
429,proximate,total solids,1.0814785906475384,False,calculated
430,proximate,volatile solids,1.218575790224695,False,calculated
431,proximate,ash,1.1501599132672622,False,calculated
432,proximate,moisture,0.8572297870474512,,not_applicable_n_lt_2
433,proximate,volatile solids,1.218575790224695,False,calculated
434,proximate,ash,1.1501599132672622,False,calculated
435,proximate,total solids,1.0814785906475384,True,calculated
436,proximate,moisture,0.8572297870474512,,not_applicable_n_lt_2
437,proximate,ash,1.1501599132672622,True,calculated
438,proximate,volatile solids,1.218575790224695,False,calculated
439,proximate,moisture,0.8572297870474512,False,calculated
440,proximate,total solids,1.0814785906475384,False,calculated
441,proximate,volatile solids,1.218575790224695,False,calculated
442,proximate,moisture,0.8572297870474512,False,calculated
443,proximate,ash,1.1501599132672622,False,calculated
444,proximate,total solids,1.0814785906475384,False,calculated
445,proximate,total solids,1.0814785906475384,False,calculated
446,proximate,ash,1.1501599132672622,False,calculated
447,proximate,volatile solids,1.218575790224695,False,calculated
448,proximate,moisture,0.8572297870474512,False,calculated
449,proximate,ash,1.1501599132672622,False,calculated
450,proximate,moisture,0.8572297870474512,False,calculated
451,proximate,volatile solids,1.218575790224695,False,calculated
452,proximate,volatile solids,1.218575790224695,False,calculated
453,proximate,total solids,1.0814785906475384,False,calculated
454,proximate,ash,1.1501599132672622,False,calculated
455,proximate,volatile solids,1.218575790224695,False,calculated
456,proximate,total solids,1.0814785906475384,False,calculated
457,proximate,ash,1.1501599132672622,False,calculated
458,proximate,moisture,0.8572297870474512,False,calculated
459,proximate,total solids,1.0814785906475384,False,calculated
460,proximate,moisture,0.8572297870474512,,not_applicable_n_lt_2
461,proximate,volatile solids,1.218575790224695,False,calculated
462,proximate,ash,1.1501599132672622,False,calculated
463,proximate,moisture,0.8572297870474512,False,calculated
464,proximate,total solids,1.0814785906475384,False,calculated
465,proximate,total solids,1.0814785906475384,False,calculated
466,proximate,total solids,1.0814785906475384,False,calculated
467,proximate,volatile solids,1.218575790224695,False,calculated
468,proximate,moisture,0.8572297870474512,False,calculated
469,proximate,volatile solids,1.218575790224695,False,calculated
470,proximate,moisture,0.8572297870474512,,not_applicable_n_lt_2
471,proximate,ash,1.1501599132672622,False,calculated
472,proximate,ash,1.1501599132672622,False,calculated
473,proximate,moisture,0.8572297870474512,False,calculated
474,proximate,ash,1.1501599132672622,False,calculated
475,proximate,total solids,1.0814785906475384,False,calculated
476,proximate,volatile solids,1.218575790224695,False,calculated
477,proximate,volatile solids,1.218575790224695,False,calculated
478,proximate,moisture,0.8572297870474512,False,calculated
479,proximate,total solids,1.0814785906475384,False,calculated
480,proximate,ash,1.1501599132672622,False,calculated
481,proximate,total solids,1.0814785906475384,False,calculated
482,proximate,moisture,0.8572297870474512,False,calculated
483,proximate,ash,1.1501599132672622,False,calculated
484,proximate,volatile solids,1.218575790224695,False,calculated
485,proximate,ash,1.1501599132672622,False,calculated
486,proximate,volatile solids,1.218575790224695,False,calculated
487,proximate,total solids,1.0814785906475384,False,calculated
488,proximate,moisture,0.8572297870474512,False,calculated
489,proximate,volatile solids,1.218575790224695,False,calculated
490,proximate,ash,1.1501599132672622,False,calculated
491,proximate,moisture,0.8572297870474512,,not_applicable_n_lt_2
492,proximate,total solids,1.0814785906475384,False,calculated
493,proximate,total solids,1.0814785906475384,False,calculated
494,proximate,volatile solids,1.218575790224695,False,calculated
495,proximate,ash,1.1501599132672622,False,calculated
496,proximate,total solids,1.0814785906475384,False,calculated
497,proximate,ash,1.1501599132672622,False,calculated
498,proximate,volatile solids,1.218575790224695,False,calculated
499,proximate,moisture,0.8572297870474512,True,calculated
500,proximate,moisture,0.8572297870474512,False,calculated
501,proximate,ash,1.1501599132672622,False,calculated
502,proximate,total solids,1.0814785906475384,False,calculated
503,proximate,moisture,0.8572297870474512,False,calculated
504,proximate,volatile solids,1.218575790224695,False,calculated
505,proximate,ash,1.1501599132672622,False,calculated
506,proximate,total solids,1.0814785906475384,False,calculated
507,proximate,moisture,0.8572297870474512,False,calculated
508,proximate,ash,1.1501599132672622,False,calculated
509,proximate,volatile solids,1.218575790224695,False,calculated
510,proximate,volatile solids,1.218575790224695,False,calculated
511,proximate,total solids,1.0814785906475384,False,calculated
512,proximate,moisture,0.8572297870474512,False,calculated
513,proximate,total solids,1.0814785906475384,False,calculated
514,proximate,moisture,0.8572297870474512,False,calculated
515,proximate,ash,1.1501599132672622,False,calculated
516,proximate,volatile solids,1.218575790224695,False,calculated
517,proximate,total solids,1.0814785906475384,False,calculated
518,proximate,ash,1.1501599132672622,False,calculated
519,proximate,moisture,0.8572297870474512,False,calculated
520,proximate,volatile solids,1.218575790224695,False,calculated
521,proximate,ash,1.1501599132672622,False,calculated
522,proximate,total solids,1.0814785906475384,False,calculated
523,proximate,volatile solids,1.218575790224695,False,calculated
524,proximate,moisture,0.8572297870474512,False,calculated
525,proximate,ash,1.1501599132672622,False,calculated
526,proximate,total solids,1.0814785906475384,False,calculated
527,proximate,volatile solids,1.218575790224695,False,calculated
528,proximate,moisture,0.8572297870474512,False,calculated
529,proximate,ash,1.1501599132672622,False,calculated
530,proximate,moisture,0.8572297870474512,False,calculated
531,proximate,volatile solids,1.218575790224695,False,calculated
532,proximate,total solids,1.0814785906475384,False,calculated
533,proximate,ash,1.1501599132672622,False,calculated
534,proximate,volatile solids,1.218575790224695,False,calculated
535,proximate,moisture,0.8572297870474512,,not_applicable_n_lt_2
536,proximate,total solids,1.0814785906475384,False,calculated
537,proximate,total solids,1.0814785906475384,False,calculated
538,proximate,ash,1.1501599132672622,False,calculated
539,proximate,moisture,0.8572297870474512,False,calculated
540,proximate,volatile solids,1.218575790224695,False,calculated
541,proximate,volatile solids,1.218575790224695,False,calculated
542,proximate,total solids,1.0814785906475384,False,calculated
543,proximate,moisture,0.8572297870474512,,not_applicable_n_lt_2
544,proximate,ash,1.1501599132672622,False,calculated
545,proximate,moisture,0.8572297870474512,False,calculated
546,proximate,ash,1.1501599132672622,False,calculated
547,proximate,total solids,1.0814785906475384,False,calculated
548,proximate,volatile solids,1.218575790224695,False,calculated
549,proximate,volatile solids,1.218575790224695,False,calculated
550,proximate,total solids,1.0814785906475384,False,calculated
551,proximate,moisture,0.8572297870474512,False,calculated
552,proximate,ash,1.1501599132672622,False,calculated
553,proximate,total solids,1.0814785906475384,False,calculated
554,proximate,volatile solids,1.218575790224695,False,calculated
555,proximate,ash,1.1501599132672622,False,calculated
556,proximate,moisture,0.8572297870474512,False,calculated
557,proximate,ash,1.1501599132672622,False,calculated
558,proximate,moisture,0.8572297870474512,False,calculated
559,proximate,total solids,1.0814785906475384,False,calculated
560,proximate,volatile solids,1.218575790224695,False,calculated
561,proximate,total solids,1.0814785906475384,False,calculated
562,proximate,moisture,0.8572297870474512,False,calculated
563,proximate,ash,1.1501599132672622,False,calculated
564,proximate,volatile solids,1.218575790224695,False,calculated
565,proximate,ash,1.1501599132672622,False,calculated
566,proximate,moisture,0.8572297870474512,False,calculated
567,proximate,total solids,1.0814785906475384,False,calculated
568,proximate,moisture,0.8572297870474512,False,calculated
569,proximate,ash,1.1501599132672622,False,calculated
570,proximate,ash,1.1501599132672622,False,calculated
571,proximate,volatile solids,1.218575790224695,False,calculated
572,proximate,total solids,1.0814785906475384,False,calculated
573,proximate,volatile solids,1.218575790224695,False,calculated
574,proximate,volatile solids,1.218575790224695,False,calculated
575,proximate,total solids,1.0814785906475384,False,calculated
576,proximate,moisture,0.8572297870474512,,not_applicable_n_lt_2
577,proximate,volatile solids,1.218575790224695,False,calculated
578,proximate,ash,1.1501599132672622,False,calculated
579,proximate,total solids,1.0814785906475384,False,calculated
580,proximate,moisture,0.8572297870474512,,not_applicable_n_lt_2
581,proximate,ash,1.1501599132672622,False,calculated
582,proximate,total solids,1.0814785906475384,False,calculated
583,proximate,volatile solids,1.218575790224695,False,calculated
584,proximate,moisture,0.8572297870474512,False,calculated
585,proximate,total solids,1.0814785906475384,False,calculated
586,proximate,volatile solids,1.218575790224695,False,calculated
587,proximate,moisture,0.8572297870474512,False,calculated
588,proximate,ash,1.1501599132672622,False,calculated
589,proximate,ash,1.1501599132672622,False,calculated
590,proximate,moisture,0.8572297870474512,False,calculated
591,proximate,total solids,1.0814785906475384,False,calculated
592,proximate,volatile solids,1.218575790224695,False,calculated
593,proximate,ash,1.1501599132672622,False,calculated
594,proximate,moisture,0.8572297870474512,False,calculated
595,proximate,volatile solids,1.218575790224695,False,calculated
596,proximate,total solids,1.0814785906475384,False,calculated
597,proximate,moisture,0.8572297870474512,False,calculated
598,proximate,total solids,1.0814785906475384,False,calculated
599,proximate,ash,1.1501599132672622,False,calculated
600,proximate,volatile solids,1.218575790224695,False,calculated
601,proximate,total solids,1.0814785906475384,False,calculated
602,proximate,total solids,1.0814785906475384,False,calculated
603,proximate,volatile solids,1.218575790224695,False,calculated
604,proximate,moisture,0.8572297870474512,False,calculated
605,proximate,volatile solids,1.218575790224695,False,calculated
606,proximate,moisture,0.8572297870474512,False,calculated
607,proximate,ash,1.1501599132672622,False,calculated
608,proximate,ash,1.1501599132672622,False,calculated
609,proximate,total solids,1.0814785906475384,False,calculated
610,proximate,moisture,0.8572297870474512,False,calculated
611,proximate,ash,1.1501599132672622,False,calculated
612,proximate,volatile solids,1.218575790224695,False,calculated
613,proximate,volatile solids,1.218575790224695,False,calculated
614,proximate,moisture,0.8572297870474512,False,calculated
615,proximate,ash,1.1501599132672622,False,calculated
616,proximate,total solids,1.0814785906475384,False,calculated
617,proximate,moisture,0.8572297870474512,False,calculated
618,proximate,total solids,1.0814785906475384,False,calculated
619,proximate,volatile solids,1.218575790224695,False,calculated
620,proximate,ash,1.1501599132672622,False,calculated
621,proximate,moisture,0.8572297870474512,False,calculated
622,proximate,volatile solids,1.218575790224695,False,calculated
623,proximate,ash,1.1501599132672622,False,calculated
624,proximate,total solids,1.0814785906475384,False,calculated
625,proximate,moisture,0.8572297870474512,False,calculated
626,proximate,total solids,1.0814785906475384,False,calculated
627,proximate,moisture,0.8572297870474512,False,calculated
628,proximate,volatile solids,1.218575790224695,False,calculated
629,proximate,ash,1.1501599132672622,False,calculated
630,proximate,volatile solids,1.218575790224695,False,calculated
631,proximate,ash,1.1501599132672622,False,calculated
632,proximate,total solids,1.0814785906475384,False,calculated
633,proximate,moisture,0.8572297870474512,False,calculated
634,proximate,volatile solids,1.218575790224695,False,calculated
635,proximate,ash,1.1501599132672622,False,calculated
636,proximate,total solids,1.0814785906475384,False,calculated
637,proximate,volatile solids,1.218575790224695,False,calculated
638,proximate,ash,1.1501599132672622,False,calculated
639,proximate,total solids,1.0814785906475384,False,calculated
640,proximate,moisture,0.8572297870474512,,not_applicable_n_lt_2
641,proximate,moisture,0.8572297870474512,False,calculated
642,proximate,moisture,0.8572297870474512,False,calculated
643,proximate,volatile solids,1.218575790224695,False,calculated
644,proximate,total solids,1.0814785906475384,False,calculated
645,proximate,total solids,1.0814785906475384,False,calculated
646,proximate,ash,1.1501599132672622,False,calculated
647,proximate,volatile solids,1.218575790224695,False,calculated
648,proximate,ash,1.1501599132672622,False,calculated
649,proximate,moisture,0.8572297870474512,False,calculated
650,proximate,ash,1.1501599132672622,False,calculated
651,proximate,volatile solids,1.218575790224695,False,calculated
652,proximate,total solids,1.0814785906475384,False,calculated
653,proximate,ash,1.1501599132672622,False,calculated
654,proximate,moisture,0.8572297870474512,False,calculated
655,proximate,volatile solids,1.218575790224695,False,calculated
656,proximate,moisture,0.8572297870474512,False,calculated
657,proximate,total solids,1.0814785906475384,False,calculated
658,proximate,total solids,1.0814785906475384,False,calculated
659,proximate,ash,1.1501599132672622,False,calculated
660,proximate,volatile solids,1.218575790224695,False,calculated
661,proximate,volatile solids,1.218575790224695,False,calculated
662,proximate,total solids,1.0814785906475384,False,calculated
663,proximate,moisture,0.8572297870474512,False,calculated
664,proximate,ash,1.1501599132672622,False,calculated
665,proximate,moisture,0.8572297870474512,False,calculated
666,proximate,total solids,1.0814785906475384,False,calculated
667,proximate,volatile solids,1.218575790224695,False,calculated
668,proximate,ash,1.1501599132672622,False,calculated
669,proximate,moisture,0.8572297870474512,False,calculated
670,proximate,total solids,1.0814785906475384,False,calculated
671,proximate,ash,1.1501599132672622,False,calculated
672,proximate,volatile solids,1.218575790224695,False,calculated
673,proximate,total solids,1.0814785906475384,False,calculated
674,proximate,volatile solids,1.218575790224695,False,calculated
675,proximate,moisture,0.8572297870474512,False,calculated
676,proximate,ash,1.1501599132672622,False,calculated
677,proximate,volatile solids,1.218575790224695,False,calculated
678,proximate,moisture,0.8572297870474512,False,calculated
679,proximate,total solids,1.0814785906475384,False,calculated
680,proximate,ash,1.1501599132672622,False,calculated
681,proximate,total solids,1.0814785906475384,False,calculated
682,proximate,ash,1.1501599132672622,False,calculated
683,proximate,ash,1.1501599132672622,False,calculated
684,proximate,total solids,1.0814785906475384,False,calculated
685,proximate,moisture,0.8572297870474512,False,calculated
686,proximate,volatile solids,1.218575790224695,False,calculated
687,proximate,volatile solids,1.218575790224695,False,calculated
688,proximate,moisture,0.8572297870474512,False,calculated
689,proximate,total solids,1.0814785906475384,False,calculated
690,proximate,total solids,1.0814785906475384,False,calculated
691,proximate,total solids,1.0814785906475384,False,calculated
692,proximate,moisture,0.8572297870474512,False,calculated
693,proximate,ash,1.1501599132672622,False,calculated
694,proximate,moisture,0.8572297870474512,False,calculated
695,proximate,ash,1.1501599132672622,False,calculated
696,proximate,volatile solids,1.218575790224695,False,calculated
697,proximate,volatile solids,1.218575790224695,False,calculated
698,proximate,ash,1.1501599132672622,False,calculated
699,proximate,volatile solids,1.218575790224695,False,calculated
700,proximate,moisture,0.8572297870474512,,not_applicable_n_lt_2
701,proximate,moisture,0.8572297870474512,,not_applicable_n_lt_2
702,proximate,volatile solids,1.218575790224695,False,calculated
703,proximate,ash,1.1501599132672622,False,calculated
704,proximate,total solids,1.0814785906475384,False,calculated
705,proximate,moisture,0.8572297870474512,False,calculated
706,proximate,ash,1.1501599132672622,False,calculated
707,proximate,volatile solids,1.218575790224695,False,calculated
708,proximate,total solids,1.0814785906475384,False,calculated
709,proximate,moisture,0.8572297870474512,False,calculated
710,proximate,total solids,1.0814785906475384,False,calculated
711,proximate,total solids,1.0814785906475384,False,calculated
712,proximate,ash,1.1501599132672622,False,calculated
713,proximate,ash,1.1501599132672622,False,calculated
714,proximate,moisture,0.8572297870474512,,not_applicable_n_lt_2
715,proximate,volatile solids,1.218575790224695,False,calculated
716,proximate,volatile solids,1.218575790224695,False,calculated
717,proximate,total solids,1.0814785906475384,False,calculated
718,proximate,volatile solids,1.218575790224695,False,calculated
719,proximate,moisture,0.8572297870474512,,not_applicable_n_lt_2
720,proximate,ash,1.1501599132672622,False,calculated
721,proximate,total solids,1.0814785906475384,False,calculated
722,proximate,moisture,0.8572297870474512,False,calculated
723,proximate,volatile solids,1.218575790224695,False,calculated
724,proximate,ash,1.1501599132672622,False,calculated
725,proximate,volatile solids,1.218575790224695,False,calculated
726,proximate,total solids,1.0814785906475384,False,calculated
727,proximate,ash,1.1501599132672622,False,calculated
728,proximate,moisture,0.8572297870474512,False,calculated
729,proximate,ash,1.1501599132672622,False,calculated
730,proximate,ash,1.1501599132672622,False,calculated
731,proximate,volatile solids,1.218575790224695,False,calculated
732,proximate,moisture,0.8572297870474512,False,calculated
733,proximate,total solids,1.0814785906475384,False,calculated
734,proximate,volatile solids,1.218575790224695,False,calculated
735,proximate,ash,1.1501599132672622,False,calculated
736,proximate,volatile solids,1.218575790224695,False,calculated
737,proximate,moisture,0.8572297870474512,False,calculated
738,proximate,moisture,0.8572297870474512,False,calculated
739,proximate,total solids,1.0814785906475384,False,calculated
740,proximate,total solids,1.0814785906475384,False,calculated
741,proximate,moisture,0.8572297870474512,False,calculated
742,proximate,total solids,1.0814785906475384,False,calculated
743,proximate,volatile solids,1.218575790224695,False,calculated
744,proximate,volatile solids,1.218575790224695,False,calculated
745,proximate,moisture,0.8572297870474512,False,calculated
746,proximate,total solids,1.0814785906475384,False,calculated
747,proximate,ash,1.1501599132672622,False,calculated
748,proximate,ash,1.1501599132672622,False,calculated
749,proximate,volatile solids,1.218575790224695,False,calculated
750,proximate,ash,1.1501599132672622,False,calculated
751,proximate,moisture,0.8572297870474512,False,calculated
752,proximate,total solids,1.0814785906475384,False,calculated
753,proximate,total solids,1.0814785906475384,False,calculated
754,proximate,moisture,0.8572297870474512,False,calculated
755,proximate,volatile solids,1.218575790224695,False,calculated
756,proximate,ash,1.1501599132672622,False,calculated
757,proximate,ash,1.1501599132672622,False,calculated
758,proximate,moisture,0.8572297870474512,False,calculated
759,proximate,total solids,1.0814785906475384,False,calculated
760,proximate,volatile solids,1.218575790224695,False,calculated
761,proximate,total solids,1.0814785906475384,False,calculated
762,proximate,moisture,0.8572297870474512,False,calculated
763,proximate,volatile solids,1.218575790224695,False,calculated
764,proximate,ash,1.1501599132672622,False,calculated
765,proximate,volatile solids,1.218575790224695,False,calculated
766,proximate,moisture,0.8572297870474512,False,calculated
767,proximate,total solids,1.0814785906475384,False,calculated
768,proximate,ash,1.1501599132672622,False,calculated
769,proximate,ash,1.1501599132672622,True,calculated
770,proximate,total solids,1.0814785906475384,True,calculated
771,proximate,volatile solids,1.218575790224695,False,calculated
772,proximate,moisture,0.8572297870474512,,not_applicable_n_lt_2
773,proximate,total solids,1.0814785906475384,True,calculated
774,proximate,volatile solids,1.218575790224695,True,calculated
775,proximate,ash,1.1501599132672622,False,calculated
776,proximate,moisture,0.8572297870474512,,not_applicable_n_lt_2
777,proximate,ash,1.1501599132672622,False,calculated
778,proximate,moisture,0.8572297870474512,False,calculated
779,proximate,total solids,1.0814785906475384,False,calculated
780,proximate,volatile solids,1.218575790224695,False,calculated
781,proximate,total solids,1.0814785906475384,False,calculated
782,proximate,volatile solids,1.218575790224695,False,calculated
783,proximate,ash,1.1501599132672622,False,calculated
784,proximate,moisture,0.8572297870474512,False,calculated
785,proximate,total solids,1.0814785906475384,False,calculated
786,proximate,ash,1.1501599132672622,True,calculated
787,proximate,moisture,0.8572297870474512,False,calculated
788,proximate,volatile solids,1.218575790224695,True,calculated
789,proximate,moisture,0.8572297870474512,False,calculated
790,proximate,ash,1.1501599132672622,False,calculated
791,proximate,total solids,1.0814785906475384,False,calculated
792,proximate,volatile solids,1.218575790224695,False,calculated
793,proximate,total solids,1.0814785906475384,True,calculated
794,proximate,moisture,0.8572297870474512,True,calculated
795,proximate,volatile solids,1.218575790224695,True,calculated
796,proximate,ash,1.1501599132672622,True,calculated
797,proximate,ash,1.1501599132672622,False,calculated
798,proximate,volatile solids,1.218575790224695,False,calculated
799,proximate,moisture,0.8572297870474512,False,calculated
800,proximate,moisture,0.8572297870474512,False,calculated
801,proximate,ash,1.1501599132672622,False,calculated
802,proximate,total solids,1.0814785906475384,False,calculated
803,proximate,volatile solids,1.218575790224695,False,calculated
804,proximate,total solids,1.0814785906475384,False,calculated
805,proximate,volatile solids,1.218575790224695,False,calculated
806,proximate,moisture,0.8572297870474512,,not_applicable_n_lt_2
807,proximate,ash,1.1501599132672622,False,calculated
808,proximate,total solids,1.0814785906475384,False,calculated
809,proximate,moisture,0.8572297870474512,False,calculated
810,proximate,ash,1.1501599132672622,False,calculated
811,proximate,total solids,1.0814785906475384,False,calculated
812,proximate,volatile solids,1.218575790224695,False,calculated
813,ultimate,nitrogen,0.051060188573318614,False,calculated
814,ultimate,oxygen,0.0,False,calculated
815,ultimate,carbon,0.0,False,calculated
816,ultimate,sulfur,0.0,False,calculated
817,ultimate,adf-r,0.2850438562747826,,not_applicable_n_lt_2
818,ultimate,adf-r,0.2850438562747826,,not_applicable_n_lt_2
819,ultimate,dm,0.0,,not_applicable_n_lt_2
820,ultimate,dm,0.0,False,calculated
821,ultimate,dm,0.0,,not_applicable_n_lt_2
822,ultimate,dm,0.0,,not_applicable_n_lt_2
823,ultimate,dm,0.0,,not_applicable_n_lt_2
824,ultimate,dm,0.0,,not_applicable_n_lt_2
825,ultimate,dm,0.0,,not_applicable_n_lt_2
826,ultimate,dm,0.0,,not_applicable_n_lt_2
827,ultimate,dm,0.0,,not_applicable_n_lt_2
828,ultimate,dm,0.0,,not_applicable_n_lt_2
829,ultimate,dm,0.0,,not_applicable_n_lt_2
830,ultimate,dm,0.0,,not_applicable_n_lt_2
831,ultimate,dm,0.0,,not_applicable_n_lt_2
832,ultimate,adf-r,0.2850438562747826,False,calculated
833,ultimate,adf-r,0.2850438562747826,False,calculated
834,ultimate,adf-r,0.2850438562747826,,not_applicable_n_lt_2
835,ultimate,adf-r,0.2850438562747826,,not_applicable_n_lt_2
836,ultimate,adf-r,0.2850438562747826,,not_applicable_n_lt_2
837,ultimate,adf-r,0.2850438562747826,,not_applicable_n_lt_2
838,ultimate,adf-r,0.2850438562747826,,not_applicable_n_lt_2
839,ultimate,adf-r,0.2850438562747826,,not_applicable_n_lt_2
840,ultimate,adf-r,0.2850438562747826,,not_applicable_n_lt_2
841,ultimate,adf-r,0.2850438562747826,False,calculated
842,ultimate,adf-r,0.2850438562747826,False,calculated
843,ultimate,cf,0.16221128197508358,False,calculated
844,ultimate,cf,0.16221128197508358,False,calculated
845,ultimate,cf,0.16221128197508358,,not_applicable_n_lt_2
846,ultimate,cf,0.16221128197508358,,not_applicable_n_lt_2
847,ultimate,cf,0.16221128197508358,,not_applicable_n_lt_2
848,ultimate,cf,0.16221128197508358,,not_applicable_n_lt_2
849,ultimate,cf,0.16221128197508358,,not_applicable_n_lt_2
850,ultimate,cf,0.16221128197508358,,not_applicable_n_lt_2
851,ultimate,cf,0.16221128197508358,,not_applicable_n_lt_2
852,ultimate,cf,0.16221128197508358,False,calculated
853,ultimate,cf,0.16221128197508358,,not_applicable_n_lt_2
854,ultimate,cf,0.16221128197508358,,not_applicable_n_lt_2
855,ultimate,cf,0.16221128197508358,False,calculated
856,ultimate,nitrogen,0.051060188573318614,False,calculated
857,ultimate,nitrogen,0.051060188573318614,False,calculated
858,ultimate,nitrogen,0.051060188573318614,,not_applicable_n_lt_2
859,ultimate,nitrogen,0.051060188573318614,,not_applicable_n_lt_2
860,ultimate,nitrogen,0.051060188573318614,,not_applicable_n_lt_2
861,ultimate,nitrogen,0.051060188573318614,,not_applicable_n_lt_2
862,ultimate,nitrogen,0.051060188573318614,,not_applicable_n_lt_2
863,ultimate,nitrogen,0.051060188573318614,,not_applicable_n_lt_2
864,ultimate,nitrogen,0.051060188573318614,,not_applicable_n_lt_2
865,ultimate,nitrogen,0.051060188573318614,False,calculated
866,ultimate,nitrogen,0.051060188573318614,,not_applicable_n_lt_2
867,ultimate,nitrogen,0.051060188573318614,,not_applicable_n_lt_2
868,ultimate,nitrogen,0.051060188573318614,False,calculated
869,ultimate,sulfur,0.0,,not_applicable_n_lt_2
870,xrf,la,526.8835975780851,,not_applicable_n_lt_2
871,xrf,co,0.0,,not_applicable_n_lt_2
872,xrf,rb,0.951189731211342,,not_applicable_n_lt_2
873,xrf,al,283.8266319737171,,not_applicable_n_lt_2
874,xrf,mg,1536.2520724501976,,not_applicable_n_lt_2
875,xrf,zn,3.5108298058900447,,not_applicable_n_lt_2
876,xrf,mo,1.518977177796515,,not_applicable_n_lt_2
877,xrf,th,3.055050463303893,,not_applicable_n_lt_2
878,xrf,y,1.632993161855452,,not_applicable_n_lt_2
879,xrf,s,292.0061262675456,,not_applicable_n_lt_2
880,xrf,cr,,,not_applicable_pooled_SD_undefined
881,xrf,ca,578.0406496022513,,not_applicable_n_lt_2
882,xrf,si,1110.7221708153397,,not_applicable_n_lt_2
883,xrf,cd,,,not_applicable_pooled_SD_undefined
884,xrf,u,1.3931047127695537,,not_applicable_n_lt_2
885,xrf,fe,40.09389728189237,,not_applicable_n_lt_2
886,xrf,hg,,,not_applicable_pooled_SD_undefined
887,xrf,ti,41.813592804372554,,not_applicable_n_lt_2
888,xrf,sb,,,not_applicable_pooled_SD_undefined
889,xrf,p,74.87109910694167,,not_applicable_n_lt_2
890,xrf,as,0.5773502691896258,,not_applicable_n_lt_2
891,xrf,sn,,,not_applicable_pooled_SD_undefined
892,xrf,se,,,not_applicable_pooled_SD_undefined
893,xrf,pb,0.7527726527090811,,not_applicable_n_lt_2
894,xrf,pr,21.56737154016491,,not_applicable_n_lt_2
895,xrf,ni,,,not_applicable_pooled_SD_undefined
896,xrf,bi,,,not_applicable_pooled_SD_undefined
897,xrf,ba,209.7415580280197,,not_applicable_n_lt_2
898,xrf,k,1037.1528120559458,,not_applicable_n_lt_2
899,xrf,nd,22.425803590209796,,not_applicable_n_lt_2
900,xrf,v,,,not_applicable_pooled_SD_undefined
901,xrf,sr,1.5872554441428892,,not_applicable_n_lt_2
902,xrf,mn,10.074904649856677,,not_applicable_n_lt_2
903,xrf,zr,1.0,,not_applicable_n_lt_2
904,xrf,w,,,not_applicable_pooled_SD_undefined
905,xrf,ce,562.3216708062508,,not_applicable_n_lt_2
906,xrf,cu,2.336505779847176,,not_applicable_n_lt_2
907,xrf,nb,,,not_applicable_pooled_SD_undefined
908,xrf,ag,,,not_applicable_pooled_SD_undefined
909,xrf,k,1037.1528120559458,False,calculated
910,xrf,si,1110.7221708153397,False,calculated
911,xrf,s,292.0061262675456,False,calculated
912,xrf,cu,2.336505779847176,False,calculated
913,xrf,pr,21.56737154016491,False,calculated
914,xrf,ca,578.0406496022513,False,calculated
915,xrf,p,74.87109910694167,False,calculated
916,xrf,sr,1.5872554441428892,False,calculated
917,xrf,u,1.3931047127695537,False,calculated
918,xrf,ba,209.7415580280197,False,calculated
919,xrf,mg,1536.2520724501976,,not_applicable_n_lt_2
920,xrf,ce,562.3216708062508,False,calculated
921,xrf,th,3.055050463303893,False,calculated
922,xrf,rb,0.951189731211342,False,calculated
923,xrf,ti,41.813592804372554,False,calculated
924,xrf,w,,,not_applicable_pooled_SD_undefined
925,xrf,al,283.8266319737171,False,calculated
926,xrf,mn,10.074904649856677,False,calculated
927,xrf,la,526.8835975780851,False,calculated
928,xrf,nd,22.425803590209796,,not_applicable_n_lt_2
929,xrf,fe,40.09389728189237,False,calculated
930,xrf,zn,3.5108298058900447,False,calculated
931,xrf,rb,0.951189731211342,False,calculated
932,xrf,u,1.3931047127695537,False,calculated
933,xrf,p,74.87109910694167,False,calculated
934,xrf,sr,1.5872554441428892,False,calculated
935,xrf,th,3.055050463303893,False,calculated
936,xrf,mn,10.074904649856677,False,calculated
937,xrf,fe,40.09389728189237,False,calculated
938,xrf,la,526.8835975780851,,not_applicable_n_lt_2
939,xrf,cu,2.336505779847176,False,calculated
940,xrf,zn,3.5108298058900447,False,calculated
941,xrf,pr,21.56737154016491,False,calculated
942,xrf,k,1037.1528120559458,False,calculated
943,xrf,s,292.0061262675456,False,calculated
944,xrf,si,1110.7221708153397,False,calculated
945,xrf,nd,22.425803590209796,,not_applicable_n_lt_2
946,xrf,co,0.0,,not_applicable_n_lt_2
947,xrf,ca,578.0406496022513,False,calculated
948,xrf,ce,562.3216708062508,False,calculated
949,xrf,ba,209.7415580280197,False,calculated
950,xrf,ti,41.813592804372554,False,calculated
951,xrf,al,283.8266319737171,False,calculated
952,xrf,ni,,,not_applicable_pooled_SD_undefined
953,xrf,u,1.3931047127695537,,not_applicable_n_lt_2
954,xrf,pr,21.56737154016491,,not_applicable_n_lt_2
955,xrf,se,,,not_applicable_pooled_SD_undefined
956,xrf,ti,41.813592804372554,,not_applicable_n_lt_2
957,xrf,v,,,not_applicable_pooled_SD_undefined
958,xrf,p,74.87109910694167,,not_applicable_n_lt_2
959,xrf,si,1110.7221708153397,,not_applicable_n_lt_2
960,xrf,sr,1.5872554441428892,,not_applicable_n_lt_2
961,xrf,w,,,not_applicable_pooled_SD_undefined
962,xrf,cd,,,not_applicable_pooled_SD_undefined
963,xrf,ba,209.7415580280197,,not_applicable_n_lt_2
964,xrf,sn,,,not_applicable_pooled_SD_undefined
965,xrf,y,1.632993161855452,,not_applicable_n_lt_2
966,xrf,co,0.0,,not_applicable_n_lt_2
967,xrf,mo,1.518977177796515,,not_applicable_n_lt_2
968,xrf,rb,0.951189731211342,,not_applicable_n_lt_2
969,xrf,sb,,,not_applicable_pooled_SD_undefined
970,xrf,k,1037.1528120559458,,not_applicable_n_lt_2
971,xrf,ag,,,not_applicable_pooled_SD_undefined
972,xrf,th,3.055050463303893,,not_applicable_n_lt_2
973,xrf,ce,562.3216708062508,,not_applicable_n_lt_2
974,xrf,mg,1536.2520724501976,,not_applicable_n_lt_2
975,xrf,fe,40.09389728189237,,not_applicable_n_lt_2
976,xrf,pb,0.7527726527090811,,not_applicable_n_lt_2
977,xrf,nb,,,not_applicable_pooled_SD_undefined
978,xrf,al,283.8266319737171,,not_applicable_n_lt_2
979,xrf,hg,,,not_applicable_pooled_SD_undefined
980,xrf,cr,,,not_applicable_pooled_SD_undefined
981,xrf,zr,1.0,,not_applicable_n_lt_2
982,xrf,bi,,,not_applicable_pooled_SD_undefined
983,xrf,la,526.8835975780851,,not_applicable_n_lt_2
984,xrf,nd,22.425803590209796,,not_applicable_n_lt_2
985,xrf,zn,3.5108298058900447,,not_applicable_n_lt_2
986,xrf,mn,10.074904649856677,,not_applicable_n_lt_2
987,xrf,ca,578.0406496022513,,not_applicable_n_lt_2
988,xrf,as,0.5773502691896258,,not_applicable_n_lt_2
989,xrf,s,292.0061262675456,,not_applicable_n_lt_2
990,xrf,cu,2.336505779847176,,not_applicable_n_lt_2
991,xrf,mn,10.074904649856677,False,calculated
992,xrf,ba,209.7415580280197,True,calculated
993,xrf,ce,562.3216708062508,True,calculated
994,xrf,p,74.87109910694167,False,calculated
995,xrf,zn,3.5108298058900447,False,calculated
996,xrf,la,526.8835975780851,True,calculated
997,xrf,s,292.0061262675456,False,calculated
998,xrf,u,1.3931047127695537,False,calculated
999,xrf,al,283.8266319737171,,not_applicable_n_lt_2
1000,xrf,cu,2.336505779847176,False,calculated
1001,xrf,k,1037.1528120559458,False,calculated
1002,xrf,ca,578.0406496022513,False,calculated
1003,xrf,fe,40.09389728189237,False,calculated
1004,xrf,th,3.055050463303893,False,calculated
1005,xrf,sr,1.5872554441428892,False,calculated
1006,xrf,pr,21.56737154016491,,not_applicable_n_lt_2
1007,xrf,si,1110.7221708153397,False,calculated
1008,xrf,rb,0.951189731211342,False,calculated
1009,xrf,mg,1536.2520724501976,,not_applicable_n_lt_2
1010,xrf,mo,1.518977177796515,,not_applicable_n_lt_2
1011,xrf,co,0.0,,not_applicable_n_lt_2
1012,xrf,fe,40.09389728189237,False,calculated
1013,xrf,k,1037.1528120559458,False,calculated
1014,xrf,sr,1.5872554441428892,False,calculated
1015,xrf,zn,3.5108298058900447,False,calculated
1016,xrf,si,1110.7221708153397,False,calculated
1017,xrf,cu,2.336505779847176,False,calculated
1018,xrf,th,3.055050463303893,False,calculated
1019,xrf,p,74.87109910694167,False,calculated
1020,xrf,ti,41.813592804372554,,not_applicable_n_lt_2
1021,xrf,ca,578.0406496022513,False,calculated
1022,xrf,la,526.8835975780851,,not_applicable_n_lt_2
1023,xrf,nd,22.425803590209796,False,calculated
1024,xrf,rb,0.951189731211342,False,calculated
1025,xrf,u,1.3931047127695537,False,calculated
1026,xrf,pr,21.56737154016491,,not_applicable_n_lt_2
1027,xrf,s,292.0061262675456,False,calculated
1028,xrf,mn,10.074904649856677,False,calculated
1029,xrf,ce,562.3216708062508,False,calculated
1030,xrf,ba,209.7415580280197,,not_applicable_n_lt_2
1031,xrf,se,,,not_applicable_pooled_SD_undefined
1032,xrf,cd,,,not_applicable_pooled_SD_undefined
1033,xrf,pb,0.7527726527090811,,not_applicable_n_lt_2
1034,xrf,al,283.8266319737171,,not_applicable_n_lt_2
1035,xrf,nd,22.425803590209796,,not_applicable_n_lt_2
1036,xrf,w,,,not_applicable_pooled_SD_undefined
1037,xrf,fe,40.09389728189237,,not_applicable_n_lt_2
1038,xrf,sb,,,not_applicable_pooled_SD_undefined
1039,xrf,as,0.5773502691896258,,not_applicable_n_lt_2
1040,xrf,ca,578.0406496022513,,not_applicable_n_lt_2
1041,xrf,k,1037.1528120559458,,not_applicable_n_lt_2
1042,xrf,ba,209.7415580280197,,not_applicable_n_lt_2
1043,xrf,mg,1536.2520724501976,,not_applicable_n_lt_2
1044,xrf,rb,0.951189731211342,,not_applicable_n_lt_2
1045,xrf,sn,,,not_applicable_pooled_SD_undefined
1046,xrf,mo,1.518977177796515,,not_applicable_n_lt_2
1047,xrf,cu,2.336505779847176,,not_applicable_n_lt_2
1048,xrf,la,526.8835975780851,,not_applicable_n_lt_2
1049,xrf,p,74.87109910694167,,not_applicable_n_lt_2
1050,xrf,sr,1.5872554441428892,,not_applicable_n_lt_2
1051,xrf,v,,,not_applicable_pooled_SD_undefined
1052,xrf,mn,10.074904649856677,,not_applicable_n_lt_2
1053,xrf,ce,562.3216708062508,,not_applicable_n_lt_2
1054,xrf,hg,,,not_applicable_pooled_SD_undefined
1055,xrf,zn,3.5108298058900447,,not_applicable_n_lt_2
1056,xrf,y,1.632993161855452,,not_applicable_n_lt_2
1057,xrf,zr,1.0,,not_applicable_n_lt_2
1058,xrf,si,1110.7221708153397,,not_applicable_n_lt_2
1059,xrf,nb,,,not_applicable_pooled_SD_undefined
1060,xrf,s,292.0061262675456,,not_applicable_n_lt_2
1061,xrf,bi,,,not_applicable_pooled_SD_undefined
1062,xrf,pr,21.56737154016491,,not_applicable_n_lt_2
1063,xrf,ag,,,not_applicable_pooled_SD_undefined
1064,xrf,co,0.0,,not_applicable_n_lt_2
1065,xrf,cr,,,not_applicable_pooled_SD_undefined
1066,xrf,ni,,,not_applicable_pooled_SD_undefined
1067,xrf,u,1.3931047127695537,,not_applicable_n_lt_2
1068,xrf,th,3.055050463303893,,not_applicable_n_lt_2
1069,xrf,ti,41.813592804372554,,not_applicable_n_lt_2
1070,xrf,ti,41.813592804372554,,not_applicable_n_lt_2
1071,xrf,p,74.87109910694167,False,calculated
1072,xrf,s,292.0061262675456,False,calculated
1073,xrf,sr,1.5872554441428892,False,calculated
1074,xrf,cu,2.336505779847176,False,calculated
1075,xrf,ca,578.0406496022513,True,calculated
1076,xrf,nd,22.425803590209796,,not_applicable_n_lt_2
1077,xrf,ba,209.7415580280197,False,calculated
1078,xrf,mg,1536.2520724501976,False,calculated
1079,xrf,zn,3.5108298058900447,False,calculated
1080,xrf,u,1.3931047127695537,False,calculated
1081,xrf,fe,40.09389728189237,False,calculated
1082,xrf,th,3.055050463303893,False,calculated
1083,xrf,mo,1.518977177796515,False,calculated
1084,xrf,k,1037.1528120559458,False,calculated
1085,xrf,al,283.8266319737171,False,calculated
1086,xrf,la,526.8835975780851,,not_applicable_n_lt_2
1087,xrf,rb,0.951189731211342,False,calculated
1088,xrf,si,1110.7221708153397,False,calculated
1089,xrf,pb,0.7527726527090811,False,calculated
1090,xrf,pr,21.56737154016491,False,calculated
1091,xrf,mn,10.074904649856677,False,calculated
1092,xrf,ce,562.3216708062508,False,calculated
1093,xrf,th,3.055050463303893,False,calculated
1094,xrf,sr,1.5872554441428892,False,calculated
1095,xrf,mo,1.518977177796515,False,calculated
1096,xrf,ba,209.7415580280197,False,calculated
1097,xrf,k,1037.1528120559458,False,calculated
1098,xrf,pb,0.7527726527090811,False,calculated
1099,xrf,ca,578.0406496022513,False,calculated
1100,xrf,cu,2.336505779847176,False,calculated
1101,xrf,ce,562.3216708062508,,not_applicable_n_lt_2
1102,xrf,ti,41.813592804372554,False,calculated
1103,xrf,mn,10.074904649856677,False,calculated
1104,xrf,al,283.8266319737171,False,calculated
1105,xrf,mg,1536.2520724501976,False,calculated
1106,xrf,fe,40.09389728189237,False,calculated
1107,xrf,pr,21.56737154016491,,not_applicable_n_lt_2
1108,xrf,zn,3.5108298058900447,False,calculated
1109,xrf,rb,0.951189731211342,False,calculated
1110,xrf,si,1110.7221708153397,False,calculated
1111,xrf,u,1.3931047127695537,False,calculated
1112,xrf,s,292.0061262675456,False,calculated
1113,xrf,as,0.5773502691896258,False,calculated
1114,xrf,p,74.87109910694167,False,calculated
1115,xrf,la,526.8835975780851,,not_applicable_n_lt_2
1116,xrf,mn,10.074904649856677,False,calculated
1117,xrf,ti,41.813592804372554,False,calculated
1118,xrf,zn,3.5108298058900447,False,calculated
1119,xrf,k,1037.1528120559458,True,calculated
1120,xrf,ba,209.7415580280197,False,calculated
1121,xrf,cu,2.336505779847176,False,calculated
1122,xrf,ce,562.3216708062508,False,calculated
1123,xrf,u,1.3931047127695537,False,calculated
1124,xrf,mo,1.518977177796515,False,calculated
1125,xrf,rb,0.951189731211342,False,calculated
1126,xrf,si,1110.7221708153397,False,calculated
1127,xrf,th,3.055050463303893,False,calculated
1128,xrf,la,526.8835975780851,,not_applicable_n_lt_2
1129,xrf,s,292.0061262675456,False,calculated
1130,xrf,sr,1.5872554441428892,False,calculated
1131,xrf,fe,40.09389728189237,False,calculated
1132,xrf,ca,578.0406496022513,False,calculated
1133,xrf,pb,0.7527726527090811,,not_applicable_n_lt_2
1134,xrf,p,74.87109910694167,False,calculated
1135,xrf,ba,209.7415580280197,False,calculated
1136,xrf,s,292.0061262675456,False,calculated
1137,xrf,pb,0.7527726527090811,False,calculated
1138,xrf,th,3.055050463303893,False,calculated
1139,xrf,ca,578.0406496022513,False,calculated
1140,xrf,zn,3.5108298058900447,False,calculated
1141,xrf,p,74.87109910694167,False,calculated
1142,xrf,mn,10.074904649856677,False,calculated
1143,xrf,pr,21.56737154016491,False,calculated
1144,xrf,la,526.8835975780851,False,calculated
1145,xrf,k,1037.1528120559458,False,calculated
1146,xrf,ce,562.3216708062508,,not_applicable_n_lt_2
1147,xrf,fe,40.09389728189237,False,calculated
1148,xrf,u,1.3931047127695537,False,calculated
1149,xrf,si,1110.7221708153397,False,calculated
1150,xrf,cu,2.336505779847176,False,calculated
1151,xrf,al,283.8266319737171,False,calculated
1152,xrf,ti,41.813592804372554,False,calculated
1153,xrf,sr,1.5872554441428892,False,calculated
1154,xrf,mg,1536.2520724501976,,not_applicable_n_lt_2
1155,xrf,co,0.0,,not_applicable_n_lt_2
1156,xrf,sr,1.5872554441428892,,not_applicable_n_lt_2
1157,xrf,pb,0.7527726527090811,,not_applicable_n_lt_2
1158,xrf,zr,1.0,,not_applicable_n_lt_2
1159,xrf,as,0.5773502691896258,,not_applicable_n_lt_2
1160,xrf,sb,,,not_applicable_pooled_SD_undefined
1161,xrf,k,1037.1528120559458,,not_applicable_n_lt_2
1162,xrf,mo,1.518977177796515,,not_applicable_n_lt_2
1163,xrf,mg,1536.2520724501976,,not_applicable_n_lt_2
1164,xrf,si,1110.7221708153397,,not_applicable_n_lt_2
1165,xrf,w,,,not_applicable_pooled_SD_undefined
1166,xrf,y,1.632993161855452,,not_applicable_n_lt_2
1167,xrf,rb,0.951189731211342,,not_applicable_n_lt_2
1168,xrf,cu,2.336505779847176,,not_applicable_n_lt_2
1169,xrf,cd,,,not_applicable_pooled_SD_undefined
1170,xrf,v,,,not_applicable_pooled_SD_undefined
1171,xrf,bi,,,not_applicable_pooled_SD_undefined
1172,xrf,al,283.8266319737171,,not_applicable_n_lt_2
1173,xrf,cr,,,not_applicable_pooled_SD_undefined
1174,xrf,ti,41.813592804372554,,not_applicable_n_lt_2
1175,xrf,p,74.87109910694167,,not_applicable_n_lt_2
1176,xrf,ba,209.7415580280197,,not_applicable_n_lt_2
1177,xrf,mn,10.074904649856677,,not_applicable_n_lt_2
1178,xrf,zn,3.5108298058900447,,not_applicable_n_lt_2
1179,xrf,nb,,,not_applicable_pooled_SD_undefined
1180,xrf,sn,,,not_applicable_pooled_SD_undefined
1181,xrf,ag,,,not_applicable_pooled_SD_undefined
1182,xrf,ce,562.3216708062508,,not_applicable_n_lt_2
1183,xrf,th,3.055050463303893,,not_applicable_n_lt_2
1184,xrf,se,,,not_applicable_pooled_SD_undefined
1185,xrf,ni,,,not_applicable_pooled_SD_undefined
1186,xrf,hg,,,not_applicable_pooled_SD_undefined
1187,xrf,u,1.3931047127695537,,not_applicable_n_lt_2
1188,xrf,nd,22.425803590209796,,not_applicable_n_lt_2
1189,xrf,pr,21.56737154016491,,not_applicable_n_lt_2
1190,xrf,fe,40.09389728189237,,not_applicable_n_lt_2
1191,xrf,co,0.0,,not_applicable_n_lt_2
1192,xrf,la,526.8835975780851,,not_applicable_n_lt_2
1193,xrf,ca,578.0406496022513,,not_applicable_n_lt_2
1194,xrf,s,292.0061262675456,,not_applicable_n_lt_2
1195,xrf,ba,209.7415580280197,,not_applicable_n_lt_2
1196,xrf,cd,,,not_applicable_pooled_SD_undefined
1197,xrf,ce,562.3216708062508,,not_applicable_n_lt_2
1198,xrf,si,1110.7221708153397,,not_applicable_n_lt_2
1199,xrf,v,,,not_applicable_pooled_SD_undefined
1200,xrf,la,526.8835975780851,,not_applicable_n_lt_2
1201,xrf,fe,40.09389728189237,,not_applicable_n_lt_2
1202,xrf,al,283.8266319737171,,not_applicable_n_lt_2
1203,xrf,nb,,,not_applicable_pooled_SD_undefined
1204,xrf,cr,,,not_applicable_pooled_SD_undefined
1205,xrf,ag,,,not_applicable_pooled_SD_undefined
1206,xrf,cu,2.336505779847176,,not_applicable_n_lt_2
1207,xrf,nd,22.425803590209796,,not_applicable_n_lt_2
1208,xrf,ca,578.0406496022513,,not_applicable_n_lt_2
1209,xrf,hg,,,not_applicable_pooled_SD_undefined
1210,xrf,ni,,,not_applicable_pooled_SD_undefined
1211,xrf,as,0.5773502691896258,,not_applicable_n_lt_2
1212,xrf,rb,0.951189731211342,,not_applicable_n_lt_2
1213,xrf,sb,,,not_applicable_pooled_SD_undefined
1214,xrf,w,,,not_applicable_pooled_SD_undefined
1215,xrf,k,1037.1528120559458,,not_applicable_n_lt_2
1216,xrf,th,3.055050463303893,,not_applicable_n_lt_2
1217,xrf,mg,1536.2520724501976,,not_applicable_n_lt_2
1218,xrf,p,74.87109910694167,,not_applicable_n_lt_2
1219,xrf,co,0.0,,not_applicable_n_lt_2
1220,xrf,se,,,not_applicable_pooled_SD_undefined
1221,xrf,y,1.632993161855452,,not_applicable_n_lt_2
1222,xrf,pb,0.7527726527090811,,not_applicable_n_lt_2
1223,xrf,ti,41.813592804372554,,not_applicable_n_lt_2
1224,xrf,bi,,,not_applicable_pooled_SD_undefined
1225,xrf,sn,,,not_applicable_pooled_SD_undefined
1226,xrf,mo,1.518977177796515,,not_applicable_n_lt_2
1227,xrf,pr,21.56737154016491,,not_applicable_n_lt_2
1228,xrf,u,1.3931047127695537,,not_applicable_n_lt_2
1229,xrf,mn,10.074904649856677,,not_applicable_n_lt_2
1230,xrf,s,292.0061262675456,,not_applicable_n_lt_2
1231,xrf,sr,1.5872554441428892,,not_applicable_n_lt_2
1232,xrf,zn,3.5108298058900447,,not_applicable_n_lt_2
1233,xrf,zr,1.0,,not_applicable_n_lt_2
1234,xrf,th,3.055050463303893,False,calculated
1235,xrf,p,74.87109910694167,False,calculated
1236,xrf,mg,1536.2520724501976,False,calculated
1237,xrf,ca,578.0406496022513,False,calculated
1238,xrf,k,1037.1528120559458,False,calculated
1239,xrf,fe,40.09389728189237,False,calculated
1240,xrf,al,283.8266319737171,False,calculated
1241,xrf,rb,0.951189731211342,False,calculated
1242,xrf,mn,10.074904649856677,False,calculated
1243,xrf,mn,10.074904649856677,False,calculated
1244,xrf,mg,1536.2520724501976,False,calculated
1245,xrf,zn,3.5108298058900447,False,calculated
1246,xrf,sr,1.5872554441428892,False,calculated
1247,xrf,k,1037.1528120559458,False,calculated
1248,xrf,pb,0.7527726527090811,,not_applicable_n_lt_2
1249,xrf,s,292.0061262675456,False,calculated
1250,xrf,pb,0.7527726527090811,False,calculated
1251,xrf,ba,209.7415580280197,False,calculated
1252,xrf,p,74.87109910694167,False,calculated
1253,xrf,cu,2.336505779847176,False,calculated
1254,xrf,mo,1.518977177796515,,not_applicable_n_lt_2
1255,xrf,s,292.0061262675456,False,calculated
1256,xrf,si,1110.7221708153397,False,calculated
1257,xrf,zn,3.5108298058900447,False,calculated
1258,xrf,si,1110.7221708153397,False,calculated
1259,xrf,u,1.3931047127695537,False,calculated
1260,xrf,mo,1.518977177796515,False,calculated
1261,xrf,sr,1.5872554441428892,False,calculated
1262,xrf,ba,209.7415580280197,False,calculated
1263,xrf,ti,41.813592804372554,False,calculated
1264,xrf,rb,0.951189731211342,False,calculated
1265,xrf,la,526.8835975780851,,not_applicable_n_lt_2
1266,xrf,th,3.055050463303893,False,calculated
1267,xrf,ca,578.0406496022513,False,calculated
1268,xrf,fe,40.09389728189237,False,calculated
1269,xrf,cu,2.336505779847176,False,calculated
1270,xrf,ce,562.3216708062508,,not_applicable_n_lt_2
1271,xrf,u,1.3931047127695537,False,calculated
1272,xrf,nd,22.425803590209796,,not_applicable_n_lt_2
1273,xrf,la,526.8835975780851,,not_applicable_n_lt_2
1274,xrf,pr,21.56737154016491,,not_applicable_n_lt_2
1275,xrf,al,283.8266319737171,,not_applicable_n_lt_2
1276,xrf,ti,41.813592804372554,,not_applicable_n_lt_2
1277,xrf,u,1.3931047127695537,False,calculated
1278,xrf,u,1.3931047127695537,False,calculated
1279,xrf,s,292.0061262675456,False,calculated
1280,xrf,pr,21.56737154016491,False,calculated
1281,xrf,zn,3.5108298058900447,False,calculated
1282,xrf,nd,22.425803590209796,,not_applicable_n_lt_2
1283,xrf,zn,3.5108298058900447,False,calculated
1284,xrf,si,1110.7221708153397,False,calculated
1285,xrf,ce,562.3216708062508,False,calculated
1286,xrf,th,3.055050463303893,False,calculated
1287,xrf,ca,578.0406496022513,False,calculated
1288,xrf,mn,10.074904649856677,False,calculated
1289,xrf,ca,578.0406496022513,False,calculated
1290,xrf,pb,0.7527726527090811,False,calculated
1291,xrf,s,292.0061262675456,False,calculated
1292,xrf,la,526.8835975780851,False,calculated
1293,xrf,fe,40.09389728189237,False,calculated
1294,xrf,cu,2.336505779847176,False,calculated
1295,xrf,th,3.055050463303893,False,calculated
1296,xrf,mo,1.518977177796515,False,calculated
1297,xrf,p,74.87109910694167,False,calculated
1298,xrf,sr,1.5872554441428892,False,calculated
1299,xrf,rb,0.951189731211342,False,calculated
1300,xrf,k,1037.1528120559458,False,calculated
1301,xrf,ba,209.7415580280197,False,calculated
1302,xrf,mn,10.074904649856677,False,calculated
1303,xrf,co,0.0,,not_applicable_n_lt_2
1304,xrf,k,1037.1528120559458,False,calculated
1305,xrf,ce,562.3216708062508,False,calculated
1306,xrf,pr,21.56737154016491,False,calculated
1307,xrf,si,1110.7221708153397,False,calculated
1308,xrf,al,283.8266319737171,False,calculated
1309,xrf,ba,209.7415580280197,False,calculated
1310,xrf,rb,0.951189731211342,False,calculated
1311,xrf,cu,2.336505779847176,False,calculated
1312,xrf,fe,40.09389728189237,False,calculated
1313,xrf,sr,1.5872554441428892,False,calculated
1314,xrf,mg,1536.2520724501976,,not_applicable_n_lt_2
1315,xrf,la,526.8835975780851,,not_applicable_n_lt_2
1316,xrf,p,74.87109910694167,False,calculated
1317,xrf,mo,1.518977177796515,,not_applicable_n_lt_2
1318,xrf,th,3.055050463303893,False,calculated
1319,xrf,p,74.87109910694167,False,calculated
1320,xrf,k,1037.1528120559458,False,calculated
1321,xrf,mg,1536.2520724501976,,not_applicable_n_lt_2
1322,xrf,mn,10.074904649856677,False,calculated
1323,xrf,cu,2.336505779847176,False,calculated
1324,xrf,ba,209.7415580280197,False,calculated
1325,xrf,mo,1.518977177796515,False,calculated
1326,xrf,la,526.8835975780851,False,calculated
1327,xrf,zn,3.5108298058900447,False,calculated
1328,xrf,s,292.0061262675456,False,calculated
1329,xrf,pr,21.56737154016491,False,calculated
1330,xrf,ca,578.0406496022513,False,calculated
1331,xrf,u,1.3931047127695537,False,calculated
1332,xrf,si,1110.7221708153397,False,calculated
1333,xrf,ti,41.813592804372554,False,calculated
1334,xrf,fe,40.09389728189237,False,calculated
1335,xrf,sr,1.5872554441428892,False,calculated
1336,xrf,rb,0.951189731211342,False,calculated
1337,xrf,co,0.0,,not_applicable_n_lt_2
1338,xrf,ce,562.3216708062508,,not_applicable_n_lt_2
1339,xrf,mo,1.518977177796515,False,calculated
1340,xrf,rb,0.951189731211342,False,calculated
1341,xrf,k,1037.1528120559458,False,calculated
1342,xrf,u,1.3931047127695537,False,calculated
1343,xrf,cu,2.336505779847176,False,calculated
1344,xrf,s,292.0061262675456,False,calculated
1345,xrf,th,3.055050463303893,False,calculated
1346,xrf,pr,21.56737154016491,,not_applicable_n_lt_2
1347,xrf,ca,578.0406496022513,False,calculated
1348,xrf,al,283.8266319737171,False,calculated
1349,xrf,ba,209.7415580280197,False,calculated
1350,xrf,fe,40.09389728189237,False,calculated
1351,xrf,zn,3.5108298058900447,False,calculated
1352,xrf,si,1110.7221708153397,False,calculated
1353,xrf,sr,1.5872554441428892,False,calculated
1354,xrf,p,74.87109910694167,False,calculated
1355,xrf,mn,10.074904649856677,False,calculated
1356,xrf,mg,1536.2520724501976,False,calculated
1357,xrf,nd,22.425803590209796,,not_applicable_n_lt_2
1358,xrf,pb,0.7527726527090811,,not_applicable_n_lt_2
1359,xrf,la,526.8835975780851,,not_applicable_n_lt_2
1360,xrf,ba,209.7415580280197,False,calculated
1361,xrf,p,74.87109910694167,False,calculated
1362,xrf,s,292.0061262675456,False,calculated
1363,xrf,al,283.8266319737171,False,calculated
1364,xrf,fe,40.09389728189237,False,calculated
1365,xrf,k,1037.1528120559458,False,calculated
1366,xrf,sr,1.5872554441428892,False,calculated
1367,xrf,th,3.055050463303893,False,calculated
1368,xrf,ce,562.3216708062508,False,calculated
1369,xrf,co,0.0,,not_applicable_n_lt_2
1370,xrf,u,1.3931047127695537,False,calculated
1371,xrf,la,526.8835975780851,,not_applicable_n_lt_2
1372,xrf,zn,3.5108298058900447,True,calculated
1373,xrf,ca,578.0406496022513,False,calculated
1374,xrf,mn,10.074904649856677,False,calculated
1375,xrf,si,1110.7221708153397,False,calculated
1376,xrf,pr,21.56737154016491,,not_applicable_n_lt_2
1377,xrf,pb,0.7527726527090811,,not_applicable_n_lt_2
1378,xrf,ti,41.813592804372554,,not_applicable_n_lt_2
1379,xrf,cu,2.336505779847176,False,calculated
1380,xrf,sr,1.5872554441428892,False,calculated
1381,xrf,ba,209.7415580280197,False,calculated
1382,xrf,ca,578.0406496022513,False,calculated
1383,xrf,zn,3.5108298058900447,False,calculated
1384,xrf,p,74.87109910694167,False,calculated
1385,xrf,ti,41.813592804372554,False,calculated
1386,xrf,s,292.0061262675456,False,calculated
1387,xrf,rb,0.951189731211342,False,calculated
1388,xrf,si,1110.7221708153397,False,calculated
1389,xrf,u,1.3931047127695537,False,calculated
1390,xrf,fe,40.09389728189237,False,calculated
1391,xrf,k,1037.1528120559458,False,calculated
1392,xrf,th,3.055050463303893,False,calculated
1393,xrf,mn,10.074904649856677,False,calculated
1394,xrf,cu,2.336505779847176,False,calculated
1395,xrf,mg,1536.2520724501976,,not_applicable_n_lt_2
1396,xrf,mo,1.518977177796515,False,calculated
1397,xrf,pr,21.56737154016491,,not_applicable_n_lt_2
1398,xrf,pr,21.56737154016491,False,calculated
1399,xrf,sn,,,not_applicable_pooled_SD_undefined
1400,xrf,sb,,,not_applicable_pooled_SD_undefined
1401,xrf,rb,0.951189731211342,False,calculated
1402,xrf,cu,2.336505779847176,False,calculated
1403,xrf,k,1037.1528120559458,False,calculated
1404,xrf,w,,,not_applicable_pooled_SD_undefined
1405,xrf,mn,10.074904649856677,False,calculated
1406,xrf,nb,,,not_applicable_pooled_SD_undefined
1407,xrf,ti,41.813592804372554,False,calculated
1408,xrf,mg,1536.2520724501976,,not_applicable_n_lt_2
1409,xrf,la,526.8835975780851,False,calculated
1410,xrf,th,3.055050463303893,False,calculated
1411,xrf,zn,3.5108298058900447,,not_applicable_n_lt_2
1412,xrf,hg,,,not_applicable_pooled_SD_undefined
1413,xrf,p,74.87109910694167,False,calculated
1414,xrf,k,1037.1528120559458,,not_applicable_n_lt_2
1415,xrf,s,292.0061262675456,False,calculated
1416,xrf,mo,1.518977177796515,,not_applicable_n_lt_2
1417,xrf,sr,1.5872554441428892,False,calculated
1418,xrf,fe,40.09389728189237,,not_applicable_n_lt_2
1419,xrf,zn,3.5108298058900447,False,calculated
1420,xrf,u,1.3931047127695537,False,calculated
1421,xrf,cr,,,not_applicable_pooled_SD_undefined
1422,xrf,th,3.055050463303893,,not_applicable_n_lt_2
1423,xrf,u,1.3931047127695537,,not_applicable_n_lt_2
1424,xrf,ca,578.0406496022513,False,calculated
1425,xrf,ni,,,not_applicable_pooled_SD_undefined
1426,xrf,ba,209.7415580280197,,not_applicable_n_lt_2
1427,xrf,co,0.0,,not_applicable_n_lt_2
1428,xrf,pb,0.7527726527090811,,not_applicable_n_lt_2
1429,xrf,ti,41.813592804372554,,not_applicable_n_lt_2
1430,xrf,se,,,not_applicable_pooled_SD_undefined
1431,xrf,as,0.5773502691896258,,not_applicable_n_lt_2
1432,xrf,y,1.632993161855452,,not_applicable_n_lt_2
1433,xrf,nd,22.425803590209796,,not_applicable_n_lt_2
1434,xrf,v,,,not_applicable_pooled_SD_undefined
1435,xrf,ba,209.7415580280197,,not_applicable_n_lt_2
1436,xrf,p,74.87109910694167,,not_applicable_n_lt_2
1437,xrf,s,292.0061262675456,,not_applicable_n_lt_2
1438,xrf,mn,10.074904649856677,,not_applicable_n_lt_2
1439,xrf,cd,,,not_applicable_pooled_SD_undefined
1440,xrf,pr,21.56737154016491,,not_applicable_n_lt_2
1441,xrf,zr,1.0,,not_applicable_n_lt_2
1442,xrf,ag,,,not_applicable_pooled_SD_undefined
1443,xrf,al,283.8266319737171,,not_applicable_n_lt_2
1444,xrf,cu,2.336505779847176,,not_applicable_n_lt_2
1445,xrf,si,1110.7221708153397,False,calculated
1446,xrf,ce,562.3216708062508,,not_applicable_n_lt_2
1447,xrf,la,526.8835975780851,,not_applicable_n_lt_2
1448,xrf,sr,1.5872554441428892,,not_applicable_n_lt_2
1449,xrf,ca,578.0406496022513,,not_applicable_n_lt_2
1450,xrf,nd,22.425803590209796,,not_applicable_n_lt_2
1451,xrf,co,0.0,,not_applicable_n_lt_2
1452,xrf,fe,40.09389728189237,False,calculated
1453,xrf,ce,562.3216708062508,,not_applicable_n_lt_2
1454,xrf,si,1110.7221708153397,,not_applicable_n_lt_2
1455,xrf,rb,0.951189731211342,,not_applicable_n_lt_2
1456,xrf,bi,,,not_applicable_pooled_SD_undefined
1457,xrf,zn,3.5108298058900447,False,calculated
1458,xrf,ba,209.7415580280197,False,calculated
1459,xrf,rb,0.951189731211342,False,calculated
1460,xrf,u,1.3931047127695537,False,calculated
1461,xrf,mg,1536.2520724501976,False,calculated
1462,xrf,s,292.0061262675456,False,calculated
1463,xrf,th,3.055050463303893,False,calculated
1464,xrf,cu,2.336505779847176,False,calculated
1465,xrf,fe,40.09389728189237,False,calculated
1466,xrf,si,1110.7221708153397,False,calculated
1467,xrf,k,1037.1528120559458,False,calculated
1468,xrf,p,74.87109910694167,False,calculated
1469,xrf,ca,578.0406496022513,False,calculated
1470,xrf,co,0.0,False,calculated
1471,xrf,mn,10.074904649856677,False,calculated
1472,xrf,sr,1.5872554441428892,False,calculated
1473,xrf,nd,22.425803590209796,,not_applicable_n_lt_2
1474,xrf,ce,562.3216708062508,False,calculated
1475,xrf,pr,21.56737154016491,,not_applicable_n_lt_2
1476,xrf,u,1.3931047127695537,False,calculated
1477,xrf,th,3.055050463303893,False,calculated
1478,xrf,si,1110.7221708153397,False,calculated
1479,xrf,ti,41.813592804372554,,not_applicable_n_lt_2
1480,xrf,sr,1.5872554441428892,False,calculated
1481,xrf,p,74.87109910694167,True,calculated
1482,xrf,ca,578.0406496022513,False,calculated
1483,xrf,mo,1.518977177796515,False,calculated
1484,xrf,fe,40.09389728189237,False,calculated
1485,xrf,rb,0.951189731211342,False,calculated
1486,xrf,ba,209.7415580280197,False,calculated
1487,xrf,zr,1.0,,not_applicable_n_lt_2
1488,xrf,cu,2.336505779847176,False,calculated
1489,xrf,pb,0.7527726527090811,False,calculated
1490,xrf,k,1037.1528120559458,False,calculated
1491,xrf,al,283.8266319737171,False,calculated
1492,xrf,mn,10.074904649856677,False,calculated
1493,xrf,ce,562.3216708062508,,not_applicable_n_lt_2
1494,xrf,la,526.8835975780851,False,calculated
1495,xrf,s,292.0061262675456,False,calculated
1496,xrf,zn,3.5108298058900447,False,calculated
1497,xrf,al,283.8266319737171,False,calculated
1498,xrf,s,292.0061262675456,False,calculated
1499,xrf,p,74.87109910694167,False,calculated
1500,xrf,ti,41.813592804372554,,not_applicable_n_lt_2
1501,xrf,rb,0.951189731211342,False,calculated
1502,xrf,sr,1.5872554441428892,False,calculated
1503,xrf,zn,3.5108298058900447,False,calculated
1504,xrf,mn,10.074904649856677,False,calculated
1505,xrf,mg,1536.2520724501976,False,calculated
1506,xrf,ce,562.3216708062508,False,calculated
1507,xrf,si,1110.7221708153397,False,calculated
1508,xrf,th,3.055050463303893,False,calculated
1509,xrf,u,1.3931047127695537,False,calculated
1510,xrf,ba,209.7415580280197,False,calculated
1511,xrf,pb,0.7527726527090811,,not_applicable_n_lt_2
1512,xrf,cu,2.336505779847176,False,calculated
1513,xrf,ca,578.0406496022513,True,calculated
1514,xrf,fe,40.09389728189237,False,calculated
1515,xrf,k,1037.1528120559458,False,calculated
1516,xrf,mo,1.518977177796515,,not_applicable_n_lt_2
1517,xrf,pr,21.56737154016491,,not_applicable_n_lt_2
1518,xrf,nd,22.425803590209796,,not_applicable_n_lt_2
1519,xrf,la,526.8835975780851,,not_applicable_n_lt_2
1520,xrf,u,1.3931047127695537,False,calculated
1521,xrf,s,292.0061262675456,False,calculated
1522,xrf,sr,1.5872554441428892,False,calculated
1523,xrf,ti,41.813592804372554,,not_applicable_n_lt_2
1524,xrf,ca,578.0406496022513,False,calculated
1525,xrf,mn,10.074904649856677,False,calculated
1526,xrf,si,1110.7221708153397,True,calculated
1527,xrf,th,3.055050463303893,False,calculated
1528,xrf,fe,40.09389728189237,False,calculated
1529,xrf,nd,22.425803590209796,,not_applicable_n_lt_2
1530,xrf,ba,209.7415580280197,False,calculated
1531,xrf,rb,0.951189731211342,False,calculated
1532,xrf,zn,3.5108298058900447,False,calculated
1533,xrf,p,74.87109910694167,False,calculated
1534,xrf,k,1037.1528120559458,False,calculated
1535,xrf,pr,21.56737154016491,False,calculated
1536,xrf,al,283.8266319737171,,not_applicable_n_lt_2
1537,xrf,cu,2.336505779847176,False,calculated
1538,xrf,ce,562.3216708062508,,not_applicable_n_lt_2
1539,xrf,la,526.8835975780851,,not_applicable_n_lt_2
1540,xrf,sn,,,not_applicable_pooled_SD_undefined
1541,xrf,la,526.8835975780851,,not_applicable_n_lt_2
1542,xrf,rb,0.951189731211342,,not_applicable_n_lt_2
1543,xrf,ce,562.3216708062508,,not_applicable_n_lt_2
1544,xrf,si,1110.7221708153397,,not_applicable_n_lt_2
1545,xrf,cr,,,not_applicable_pooled_SD_undefined
1546,xrf,as,0.5773502691896258,,not_applicable_n_lt_2
1547,xrf,hg,,,not_applicable_pooled_SD_undefined
1548,xrf,co,0.0,,not_applicable_n_lt_2
1549,xrf,zr,1.0,,not_applicable_n_lt_2
1550,xrf,ba,209.7415580280197,,not_applicable_n_lt_2
1551,xrf,sr,1.5872554441428892,,not_applicable_n_lt_2
1552,xrf,mo,1.518977177796515,,not_applicable_n_lt_2
1553,xrf,ti,41.813592804372554,,not_applicable_n_lt_2
1554,xrf,se,,,not_applicable_pooled_SD_undefined
1555,xrf,nb,,,not_applicable_pooled_SD_undefined
1556,xrf,ni,,,not_applicable_pooled_SD_undefined
1557,xrf,pb,0.7527726527090811,,not_applicable_n_lt_2
1558,xrf,pr,21.56737154016491,,not_applicable_n_lt_2
1559,xrf,ca,578.0406496022513,,not_applicable_n_lt_2
1560,xrf,nd,22.425803590209796,,not_applicable_n_lt_2
1561,xrf,cu,2.336505779847176,,not_applicable_n_lt_2
1562,xrf,v,,,not_applicable_pooled_SD_undefined
1563,xrf,zn,3.5108298058900447,,not_applicable_n_lt_2
1564,xrf,al,283.8266319737171,,not_applicable_n_lt_2
1565,xrf,mg,1536.2520724501976,,not_applicable_n_lt_2
1566,xrf,mn,10.074904649856677,,not_applicable_n_lt_2
1567,xrf,bi,,,not_applicable_pooled_SD_undefined
1568,xrf,sb,,,not_applicable_pooled_SD_undefined
1569,xrf,k,1037.1528120559458,,not_applicable_n_lt_2
1570,xrf,y,1.632993161855452,,not_applicable_n_lt_2
1571,xrf,th,3.055050463303893,,not_applicable_n_lt_2
1572,xrf,cd,,,not_applicable_pooled_SD_undefined
1573,xrf,w,,,not_applicable_pooled_SD_undefined
1574,xrf,p,74.87109910694167,,not_applicable_n_lt_2
1575,xrf,fe,40.09389728189237,,not_applicable_n_lt_2
1576,xrf,u,1.3931047127695537,,not_applicable_n_lt_2
1577,xrf,s,292.0061262675456,,not_applicable_n_lt_2
1578,xrf,ag,,,not_applicable_pooled_SD_undefined
1579,xrf,k,1037.1528120559458,False,calculated
1580,xrf,fe,40.09389728189237,False,calculated
1581,xrf,mn,10.074904649856677,False,calculated
1582,xrf,ti,41.813592804372554,False,calculated
1583,xrf,u,1.3931047127695537,False,calculated
1584,xrf,si,1110.7221708153397,False,calculated
1585,xrf,mo,1.518977177796515,False,calculated
1586,xrf,ca,578.0406496022513,False,calculated
1587,xrf,sr,1.5872554441428892,False,calculated
1588,xrf,p,74.87109910694167,False,calculated
1589,xrf,cu,2.336505779847176,False,calculated
1590,xrf,zn,3.5108298058900447,False,calculated
1591,xrf,s,292.0061262675456,False,calculated
1592,xrf,ce,562.3216708062508,False,calculated
1593,xrf,rb,0.951189731211342,False,calculated
1594,xrf,th,3.055050463303893,False,calculated
1595,xrf,ba,209.7415580280197,False,calculated
1596,xrf,mg,1536.2520724501976,False,calculated
1597,xrf,la,526.8835975780851,,not_applicable_n_lt_2
1598,xrf,al,283.8266319737171,,not_applicable_n_lt_2
1599,xrf,pb,0.7527726527090811,,not_applicable_n_lt_2
1600,xrf,pr,21.56737154016491,,not_applicable_n_lt_2
1601,xrf,cu,2.336505779847176,False,calculated
1602,xrf,u,1.3931047127695537,False,calculated
1603,xrf,si,1110.7221708153397,False,calculated
1604,xrf,fe,40.09389728189237,False,calculated
1605,xrf,mn,10.074904649856677,False,calculated
1606,xrf,k,1037.1528120559458,False,calculated
1607,xrf,ti,41.813592804372554,False,calculated
1608,xrf,sr,1.5872554441428892,False,calculated
1609,xrf,p,74.87109910694167,False,calculated
1610,xrf,pr,21.56737154016491,,not_applicable_n_lt_2
1611,xrf,al,283.8266319737171,False,calculated
1612,xrf,th,3.055050463303893,False,calculated
1613,xrf,zn,3.5108298058900447,False,calculated
1614,xrf,ca,578.0406496022513,False,calculated
1615,xrf,pb,0.7527726527090811,False,calculated
1616,xrf,ba,209.7415580280197,,not_applicable_n_lt_2
1617,xrf,rb,0.951189731211342,False,calculated
1618,xrf,s,292.0061262675456,False,calculated
1619,xrf,nd,22.425803590209796,,not_applicable_n_lt_2
1620,xrf,mo,1.518977177796515,False,calculated
1621,xrf,pr,21.56737154016491,False,calculated
1622,xrf,al,283.8266319737171,False,calculated
1623,xrf,th,3.055050463303893,False,calculated
1624,xrf,rb,0.951189731211342,False,calculated
1625,xrf,zn,3.5108298058900447,False,calculated
1626,xrf,k,1037.1528120559458,False,calculated
1627,xrf,pb,0.7527726527090811,False,calculated
1628,xrf,p,74.87109910694167,False,calculated
1629,xrf,mg,1536.2520724501976,False,calculated
1630,xrf,si,1110.7221708153397,False,calculated
1631,xrf,cu,2.336505779847176,False,calculated
1632,xrf,y,1.632993161855452,False,calculated
1633,xrf,s,292.0061262675456,False,calculated
1634,xrf,mn,10.074904649856677,False,calculated
1635,xrf,ti,41.813592804372554,False,calculated
1636,xrf,sr,1.5872554441428892,False,calculated
1637,xrf,ce,562.3216708062508,False,calculated
1638,xrf,u,1.3931047127695537,False,calculated
1639,xrf,fe,40.09389728189237,False,calculated
1640,xrf,ba,209.7415580280197,False,calculated
1641,xrf,la,526.8835975780851,False,calculated
1642,xrf,ca,578.0406496022513,False,calculated
1643,xrf,nd,22.425803590209796,,not_applicable_n_lt_2
1644,xrf,mn,10.074904649856677,False,calculated
1645,xrf,si,1110.7221708153397,False,calculated
1646,xrf,u,1.3931047127695537,False,calculated
1647,xrf,ca,578.0406496022513,False,calculated
1648,xrf,sr,1.5872554441428892,False,calculated
1649,xrf,k,1037.1528120559458,False,calculated
1650,xrf,ba,209.7415580280197,False,calculated
1651,xrf,fe,40.09389728189237,False,calculated
1652,xrf,th,3.055050463303893,False,calculated
1653,xrf,cu,2.336505779847176,False,calculated
1654,xrf,la,526.8835975780851,,not_applicable_n_lt_2
1655,xrf,s,292.0061262675456,False,calculated
1656,xrf,p,74.87109910694167,False,calculated
1657,xrf,zn,3.5108298058900447,False,calculated
1658,xrf,rb,0.951189731211342,False,calculated
1659,xrf,mo,1.518977177796515,,not_applicable_n_lt_2
1660,xrf,pb,0.7527726527090811,,not_applicable_n_lt_2
1661,xrf,ce,562.3216708062508,False,calculated
1662,xrf,ti,41.813592804372554,,not_applicable_n_lt_2
1663,xrf,nd,22.425803590209796,,not_applicable_n_lt_2
1664,xrf,co,0.0,,not_applicable_n_lt_2
1665,xrf,ce,562.3216708062508,False,calculated
1666,xrf,fe,40.09389728189237,False,calculated
1667,xrf,cu,2.336505779847176,False,calculated
1668,xrf,ba,209.7415580280197,False,calculated
1669,xrf,pr,21.56737154016491,False,calculated
1670,xrf,si,1110.7221708153397,False,calculated
1671,xrf,p,74.87109910694167,False,calculated
1672,xrf,mn,10.074904649856677,False,calculated
1673,xrf,u,1.3931047127695537,False,calculated
1674,xrf,th,3.055050463303893,False,calculated
1675,xrf,ca,578.0406496022513,False,calculated
1676,xrf,sr,1.5872554441428892,False,calculated
1677,xrf,zn,3.5108298058900447,False,calculated
1678,xrf,ti,41.813592804372554,False,calculated
1679,xrf,s,292.0061262675456,False,calculated
1680,xrf,k,1037.1528120559458,False,calculated
1681,xrf,rb,0.951189731211342,False,calculated
1682,xrf,la,526.8835975780851,False,calculated
1683,xrf,zn,3.5108298058900447,False,calculated
1684,xrf,si,1110.7221708153397,False,calculated
1685,xrf,p,74.87109910694167,False,calculated
1686,xrf,mo,1.518977177796515,False,calculated
1687,xrf,u,1.3931047127695537,False,calculated
1688,xrf,s,292.0061262675456,False,calculated
1689,xrf,th,3.055050463303893,False,calculated
1690,xrf,sr,1.5872554441428892,False,calculated
1691,xrf,fe,40.09389728189237,False,calculated
1692,xrf,k,1037.1528120559458,False,calculated
1693,xrf,cu,2.336505779847176,False,calculated
1694,xrf,ti,41.813592804372554,False,calculated
1695,xrf,la,526.8835975780851,False,calculated
1696,xrf,mn,10.074904649856677,False,calculated
1697,xrf,ca,578.0406496022513,False,calculated
1698,xrf,rb,0.951189731211342,False,calculated
1699,xrf,pr,21.56737154016491,False,calculated
1700,xrf,ba,209.7415580280197,,not_applicable_n_lt_2
1701,xrf,cr,,,not_applicable_pooled_SD_undefined
1702,xrf,mn,10.074904649856677,,not_applicable_n_lt_2
1703,xrf,ba,209.7415580280197,,not_applicable_n_lt_2
1704,xrf,k,1037.1528120559458,,not_applicable_n_lt_2
1705,xrf,sb,,,not_applicable_pooled_SD_undefined
1706,xrf,pb,0.7527726527090811,,not_applicable_n_lt_2
1707,xrf,se,,,not_applicable_pooled_SD_undefined
1708,xrf,zr,1.0,,not_applicable_n_lt_2
1709,xrf,nd,22.425803590209796,,not_applicable_n_lt_2
1710,xrf,si,1110.7221708153397,,not_applicable_n_lt_2
1711,xrf,ti,41.813592804372554,,not_applicable_n_lt_2
1712,xrf,pr,21.56737154016491,,not_applicable_n_lt_2
1713,xrf,mo,1.518977177796515,,not_applicable_n_lt_2
1714,xrf,u,1.3931047127695537,,not_applicable_n_lt_2
1715,xrf,s,292.0061262675456,,not_applicable_n_lt_2
1716,xrf,p,74.87109910694167,,not_applicable_n_lt_2
1717,xrf,la,526.8835975780851,,not_applicable_n_lt_2
1718,xrf,fe,40.09389728189237,,not_applicable_n_lt_2
1719,xrf,sr,1.5872554441428892,,not_applicable_n_lt_2
1720,xrf,cu,2.336505779847176,,not_applicable_n_lt_2
1721,xrf,rb,0.951189731211342,,not_applicable_n_lt_2
1722,xrf,ce,562.3216708062508,,not_applicable_n_lt_2
1723,xrf,al,283.8266319737171,,not_applicable_n_lt_2
1724,xrf,ni,,,not_applicable_pooled_SD_undefined
1725,xrf,mg,1536.2520724501976,,not_applicable_n_lt_2
1726,xrf,ag,,,not_applicable_pooled_SD_undefined
1727,xrf,y,1.632993161855452,,not_applicable_n_lt_2
1728,xrf,co,0.0,,not_applicable_n_lt_2
1729,xrf,v,,,not_applicable_pooled_SD_undefined
1730,xrf,zn,3.5108298058900447,,not_applicable_n_lt_2
1731,xrf,sn,,,not_applicable_pooled_SD_undefined
1732,xrf,th,3.055050463303893,,not_applicable_n_lt_2
1733,xrf,as,0.5773502691896258,,not_applicable_n_lt_2
1734,xrf,hg,,,not_applicable_pooled_SD_undefined
1735,xrf,nb,,,not_applicable_pooled_SD_undefined
1736,xrf,cd,,,not_applicable_pooled_SD_undefined
1737,xrf,bi,,,not_applicable_pooled_SD_undefined
1738,xrf,ca,578.0406496022513,,not_applicable_n_lt_2
1739,xrf,w,,,not_applicable_pooled_SD_undefined
1740,xrf,si,1110.7221708153397,False,calculated
1741,xrf,zn,3.5108298058900447,False,calculated
1742,xrf,fe,40.09389728189237,False,calculated
1743,xrf,cu,2.336505779847176,False,calculated
1744,xrf,ca,578.0406496022513,False,calculated
1745,xrf,p,74.87109910694167,False,calculated
1746,xrf,s,292.0061262675456,False,calculated
1747,xrf,mn,10.074904649856677,False,calculated
1748,xrf,mo,1.518977177796515,False,calculated
1749,xrf,th,3.055050463303893,False,calculated
1750,xrf,rb,0.951189731211342,False,calculated
1751,xrf,pr,21.56737154016491,,not_applicable_n_lt_2
1752,xrf,u,1.3931047127695537,False,calculated
1753,xrf,sr,1.5872554441428892,False,calculated
1754,xrf,ba,209.7415580280197,False,calculated
1755,xrf,nd,22.425803590209796,,not_applicable_n_lt_2
1756,xrf,k,1037.1528120559458,False,calculated
1757,xrf,pb,0.7527726527090811,,not_applicable_n_lt_2
1758,xrf,fe,40.09389728189237,False,calculated
1759,xrf,si,1110.7221708153397,False,calculated
1760,xrf,rb,0.951189731211342,False,calculated
1761,xrf,th,3.055050463303893,False,calculated
1762,xrf,zn,3.5108298058900447,False,calculated
1763,xrf,s,292.0061262675456,False,calculated
1764,xrf,pr,21.56737154016491,,not_applicable_n_lt_2
1765,xrf,ba,209.7415580280197,False,calculated
1766,xrf,cu,2.336505779847176,False,calculated
1767,xrf,ce,562.3216708062508,,not_applicable_n_lt_2
1768,xrf,mo,1.518977177796515,False,calculated
1769,xrf,k,1037.1528120559458,False,calculated
1770,xrf,u,1.3931047127695537,False,calculated
1771,xrf,ti,41.813592804372554,False,calculated
1772,xrf,p,74.87109910694167,False,calculated
1773,xrf,nd,22.425803590209796,,not_applicable_n_lt_2
1774,xrf,mg,1536.2520724501976,False,calculated
1775,xrf,al,283.8266319737171,False,calculated
1776,xrf,sr,1.5872554441428892,False,calculated
1777,xrf,pb,0.7527726527090811,False,calculated
1778,xrf,ca,578.0406496022513,False,calculated
1779,xrf,la,526.8835975780851,False,calculated
1780,xrf,mn,10.074904649856677,False,calculated
1781,xrf,w,,,not_applicable_pooled_SD_undefined
1782,xrf,k,1037.1528120559458,False,calculated
1783,xrf,s,292.0061262675456,False,calculated
1784,xrf,zn,3.5108298058900447,False,calculated
1785,xrf,fe,40.09389728189237,False,calculated
1786,xrf,ca,578.0406496022513,False,calculated
1787,xrf,cu,2.336505779847176,False,calculated
1788,xrf,mn,10.074904649856677,False,calculated
1789,xrf,u,1.3931047127695537,False,calculated
1790,xrf,th,3.055050463303893,False,calculated
1791,xrf,sr,1.5872554441428892,False,calculated
1792,xrf,nd,22.425803590209796,,not_applicable_n_lt_2
1793,xrf,pr,21.56737154016491,False,calculated
1794,xrf,mg,1536.2520724501976,False,calculated
1795,xrf,p,74.87109910694167,False,calculated
1796,xrf,ba,209.7415580280197,,not_applicable_n_lt_2
1797,xrf,si,1110.7221708153397,False,calculated
1798,xrf,rb,0.951189731211342,False,calculated
1799,xrf,ce,562.3216708062508,False,calculated
1800,xrf,k,1037.1528120559458,False,calculated
1801,xrf,s,292.0061262675456,False,calculated
1802,xrf,mn,10.074904649856677,False,calculated
1803,xrf,pb,0.7527726527090811,False,calculated
1804,xrf,ba,209.7415580280197,False,calculated
1805,xrf,la,526.8835975780851,False,calculated
1806,xrf,si,1110.7221708153397,False,calculated
1807,xrf,u,1.3931047127695537,False,calculated
1808,xrf,th,3.055050463303893,False,calculated
1809,xrf,ca,578.0406496022513,False,calculated
1810,xrf,cu,2.336505779847176,False,calculated
1811,xrf,rb,0.951189731211342,False,calculated
1812,xrf,sr,1.5872554441428892,False,calculated
1813,xrf,fe,40.09389728189237,False,calculated
1814,xrf,mo,1.518977177796515,,not_applicable_n_lt_2
1815,xrf,ti,41.813592804372554,,not_applicable_n_lt_2
1816,xrf,p,74.87109910694167,False,calculated
1817,xrf,zn,3.5108298058900447,False,calculated
1818,xrf,co,0.0,,not_applicable_n_lt_2
1819,xrf,zn,3.5108298058900447,False,calculated
1820,xrf,nd,22.425803590209796,False,calculated
1821,xrf,p,74.87109910694167,False,calculated
1822,xrf,pb,0.7527726527090811,False,calculated
1823,xrf,u,1.3931047127695537,False,calculated
1824,xrf,ce,562.3216708062508,False,calculated
1825,xrf,fe,40.09389728189237,False,calculated
1826,xrf,ca,578.0406496022513,False,calculated
1827,xrf,cu,2.336505779847176,False,calculated
1828,xrf,mn,10.074904649856677,False,calculated
1829,xrf,sr,1.5872554441428892,False,calculated
1830,xrf,k,1037.1528120559458,False,calculated
1831,xrf,s,292.0061262675456,False,calculated
1832,xrf,pr,21.56737154016491,False,calculated
1833,xrf,zn,3.5108298058900447,False,calculated
1834,xrf,u,1.3931047127695537,False,calculated
1835,xrf,rb,0.951189731211342,False,calculated
1836,xrf,pr,21.56737154016491,False,calculated
1837,xrf,rb,0.951189731211342,False,calculated
1838,xrf,mg,1536.2520724501976,False,calculated
1839,xrf,th,3.055050463303893,False,calculated
1840,xrf,si,1110.7221708153397,False,calculated
1841,xrf,la,526.8835975780851,,not_applicable_n_lt_2
1842,xrf,ti,41.813592804372554,False,calculated
1843,xrf,ba,209.7415580280197,False,calculated
1844,xrf,k,1037.1528120559458,False,calculated
1845,xrf,al,283.8266319737171,False,calculated
1846,xrf,s,292.0061262675456,False,calculated
1847,xrf,ce,562.3216708062508,False,calculated
1848,xrf,mn,10.074904649856677,False,calculated
1849,xrf,cu,2.336505779847176,False,calculated
1850,xrf,zr,1.0,False,calculated
1851,xrf,mo,1.518977177796515,False,calculated
1852,xrf,ca,578.0406496022513,False,calculated
1853,xrf,p,74.87109910694167,False,calculated
1854,xrf,ba,209.7415580280197,False,calculated
1855,xrf,fe,40.09389728189237,False,calculated
1856,xrf,co,0.0,,not_applicable_n_lt_2
1857,xrf,la,526.8835975780851,False,calculated
1858,xrf,pb,0.7527726527090811,False,calculated
1859,xrf,mo,1.518977177796515,,not_applicable_n_lt_2
1860,xrf,sr,1.5872554441428892,False,calculated
1861,xrf,th,3.055050463303893,False,calculated
1862,xrf,si,1110.7221708153397,False,calculated
1863,xrf,sr,1.5872554441428892,False,calculated
1864,xrf,fe,40.09389728189237,False,calculated
1865,xrf,p,74.87109910694167,False,calculated
1866,xrf,rb,0.951189731211342,False,calculated
1867,xrf,mn,10.074904649856677,False,calculated
1868,xrf,ca,578.0406496022513,False,calculated
1869,xrf,nd,22.425803590209796,False,calculated
1870,xrf,pr,21.56737154016491,False,calculated
1871,xrf,la,526.8835975780851,,not_applicable_n_lt_2
1872,xrf,zn,3.5108298058900447,False,calculated
1873,xrf,si,1110.7221708153397,False,calculated
1874,xrf,k,1037.1528120559458,False,calculated
1875,xrf,ba,209.7415580280197,,not_applicable_n_lt_2
1876,xrf,u,1.3931047127695537,False,calculated
1877,xrf,th,3.055050463303893,False,calculated
1878,xrf,s,292.0061262675456,False,calculated
1879,xrf,ti,41.813592804372554,,not_applicable_n_lt_2
1880,xrf,cu,2.336505779847176,False,calculated
1881,xrf,u,1.3931047127695537,False,calculated
1882,xrf,k,1037.1528120559458,False,calculated
1883,xrf,th,3.055050463303893,False,calculated
1884,xrf,s,292.0061262675456,False,calculated
1885,xrf,pb,0.7527726527090811,False,calculated
1886,xrf,cu,2.336505779847176,False,calculated
1887,xrf,ca,578.0406496022513,False,calculated
1888,xrf,mg,1536.2520724501976,False,calculated
1889,xrf,p,74.87109910694167,False,calculated
1890,xrf,zn,3.5108298058900447,False,calculated
1891,xrf,ce,562.3216708062508,False,calculated
1892,xrf,si,1110.7221708153397,False,calculated
1893,xrf,nd,22.425803590209796,,not_applicable_n_lt_2
1894,xrf,mn,10.074904649856677,False,calculated
1895,xrf,sr,1.5872554441428892,False,calculated
1896,xrf,al,283.8266319737171,,not_applicable_n_lt_2
1897,xrf,mo,1.518977177796515,False,calculated
1898,xrf,fe,40.09389728189237,False,calculated
1899,xrf,ba,209.7415580280197,,not_applicable_n_lt_2
1900,xrf,rb,0.951189731211342,False,calculated
1901,xrf,pr,21.56737154016491,,not_applicable_n_lt_2
1902,xrf,la,526.8835975780851,,not_applicable_n_lt_2
1903,xrf,cr,,,not_applicable_pooled_SD_undefined
1904,xrf,sn,,,not_applicable_pooled_SD_undefined
1905,xrf,u,1.3931047127695537,,not_applicable_n_lt_2
1906,xrf,s,292.0061262675456,,not_applicable_n_lt_2
1907,xrf,ni,,,not_applicable_pooled_SD_undefined
1908,xrf,rb,0.951189731211342,,not_applicable_n_lt_2
1909,xrf,ce,562.3216708062508,,not_applicable_n_lt_2
1910,xrf,p,74.87109910694167,,not_applicable_n_lt_2
1911,xrf,co,0.0,,not_applicable_n_lt_2
1912,xrf,zn,3.5108298058900447,,not_applicable_n_lt_2
1913,xrf,nd,22.425803590209796,,not_applicable_n_lt_2
1914,xrf,sb,,,not_applicable_pooled_SD_undefined
1915,xrf,si,1110.7221708153397,,not_applicable_n_lt_2
1916,xrf,pb,0.7527726527090811,,not_applicable_n_lt_2
1917,xrf,la,526.8835975780851,,not_applicable_n_lt_2
1918,xrf,ti,41.813592804372554,,not_applicable_n_lt_2
1919,xrf,ba,209.7415580280197,,not_applicable_n_lt_2
1920,xrf,mg,1536.2520724501976,,not_applicable_n_lt_2
1921,xrf,se,,,not_applicable_pooled_SD_undefined
1922,xrf,w,,,not_applicable_pooled_SD_undefined
1923,xrf,al,283.8266319737171,,not_applicable_n_lt_2
1924,xrf,k,1037.1528120559458,,not_applicable_n_lt_2
1925,xrf,as,0.5773502691896258,,not_applicable_n_lt_2
1926,xrf,ca,578.0406496022513,,not_applicable_n_lt_2
1927,xrf,cd,,,not_applicable_pooled_SD_undefined
1928,xrf,cu,2.336505779847176,,not_applicable_n_lt_2
1929,xrf,th,3.055050463303893,,not_applicable_n_lt_2
1930,xrf,pr,21.56737154016491,,not_applicable_n_lt_2
1931,xrf,mo,1.518977177796515,,not_applicable_n_lt_2
1932,xrf,mn,10.074904649856677,,not_applicable_n_lt_2
1933,xrf,y,1.632993161855452,,not_applicable_n_lt_2
1934,xrf,fe,40.09389728189237,,not_applicable_n_lt_2
1935,xrf,nb,,,not_applicable_pooled_SD_undefined
1936,xrf,hg,,,not_applicable_pooled_SD_undefined
1937,xrf,ag,,,not_applicable_pooled_SD_undefined
1938,xrf,sr,1.5872554441428892,,not_applicable_n_lt_2
1939,xrf,v,,,not_applicable_pooled_SD_undefined
1940,xrf,zr,1.0,,not_applicable_n_lt_2
1941,xrf,bi,,,not_applicable_pooled_SD_undefined
1942,xrf,ba,209.7415580280197,False,calculated
1943,xrf,ca,578.0406496022513,False,calculated
1944,xrf,ti,41.813592804372554,False,calculated
1945,xrf,s,292.0061262675456,False,calculated
1946,xrf,pb,0.7527726527090811,,not_applicable_n_lt_2
1947,xrf,fe,40.09389728189237,False,calculated
1948,xrf,zn,3.5108298058900447,False,calculated
1949,xrf,sr,1.5872554441428892,False,calculated
1950,xrf,mn,10.074904649856677,False,calculated
1951,xrf,cu,2.336505779847176,False,calculated
1952,xrf,u,1.3931047127695537,False,calculated
1953,xrf,pr,21.56737154016491,False,calculated
1954,xrf,k,1037.1528120559458,False,calculated
1955,xrf,p,74.87109910694167,False,calculated
1956,xrf,si,1110.7221708153397,False,calculated
1957,xrf,rb,0.951189731211342,False,calculated
1958,xrf,mg,1536.2520724501976,False,calculated
1959,xrf,al,283.8266319737171,False,calculated
1960,xrf,th,3.055050463303893,False,calculated
1961,xrf,la,526.8835975780851,,not_applicable_n_lt_2
1962,xrf,co,0.0,,not_applicable_n_lt_2
1963,xrf,ce,562.3216708062508,,not_applicable_n_lt_2
1964,xrf,mo,1.518977177796515,,not_applicable_n_lt_2
1965,xrf,mg,1536.2520724501976,,not_applicable_n_lt_2
1966,xrf,p,74.87109910694167,,not_applicable_n_lt_2
1967,xrf,si,1110.7221708153397,,not_applicable_n_lt_2
1968,xrf,ce,562.3216708062508,,not_applicable_n_lt_2
1969,xrf,ni,,,not_applicable_pooled_SD_undefined
1970,xrf,s,292.0061262675456,,not_applicable_n_lt_2
1971,xrf,pb,0.7527726527090811,,not_applicable_n_lt_2
1972,xrf,pr,21.56737154016491,,not_applicable_n_lt_2
1973,xrf,sb,,,not_applicable_pooled_SD_undefined
1974,xrf,hg,,,not_applicable_pooled_SD_undefined
1975,xrf,cd,,,not_applicable_pooled_SD_undefined
1976,xrf,nb,,,not_applicable_pooled_SD_undefined
1977,xrf,ti,41.813592804372554,,not_applicable_n_lt_2
1978,xrf,fe,40.09389728189237,,not_applicable_n_lt_2
1979,xrf,y,1.632993161855452,,not_applicable_n_lt_2
1980,xrf,sr,1.5872554441428892,,not_applicable_n_lt_2
1981,xrf,zr,1.0,,not_applicable_n_lt_2
1982,xrf,ba,209.7415580280197,,not_applicable_n_lt_2
1983,xrf,nd,22.425803590209796,,not_applicable_n_lt_2
1984,xrf,ag,,,not_applicable_pooled_SD_undefined
1985,xrf,th,3.055050463303893,,not_applicable_n_lt_2
1986,xrf,as,0.5773502691896258,,not_applicable_n_lt_2
1987,xrf,ca,578.0406496022513,,not_applicable_n_lt_2
1988,xrf,mn,10.074904649856677,,not_applicable_n_lt_2
1989,xrf,rb,0.951189731211342,,not_applicable_n_lt_2
1990,xrf,sn,,,not_applicable_pooled_SD_undefined
1991,xrf,al,283.8266319737171,,not_applicable_n_lt_2
1992,xrf,cu,2.336505779847176,,not_applicable_n_lt_2
1993,xrf,co,0.0,,not_applicable_n_lt_2
1994,xrf,se,,,not_applicable_pooled_SD_undefined
1995,xrf,cr,,,not_applicable_pooled_SD_undefined
1996,xrf,v,,,not_applicable_pooled_SD_undefined
1997,xrf,bi,,,not_applicable_pooled_SD_undefined
1998,xrf,la,526.8835975780851,,not_applicable_n_lt_2
1999,xrf,k,1037.1528120559458,,not_applicable_n_lt_2
2000,xrf,u,1.3931047127695537,,not_applicable_n_lt_2
2001,xrf,w,,,not_applicable_pooled_SD_undefined
2002,xrf,zn,3.5108298058900447,,not_applicable_n_lt_2
2003,xrf,sr,1.5872554441428892,True,calculated
2004,xrf,rb,0.951189731211342,False,calculated
2005,xrf,la,526.8835975780851,False,calculated
2006,xrf,cu,2.336505779847176,False,calculated
2007,xrf,p,74.87109910694167,False,calculated
2008,xrf,u,1.3931047127695537,False,calculated
2009,xrf,ti,41.813592804372554,False,calculated
2010,xrf,k,1037.1528120559458,False,calculated
2011,xrf,zn,3.5108298058900447,False,calculated
2012,xrf,ba,209.7415580280197,False,calculated
2013,xrf,mg,1536.2520724501976,False,calculated
2014,xrf,mo,1.518977177796515,,not_applicable_n_lt_2
2015,xrf,s,292.0061262675456,False,calculated
2016,xrf,ce,562.3216708062508,False,calculated
2017,xrf,si,1110.7221708153397,False,calculated
2018,xrf,fe,40.09389728189237,False,calculated
2019,xrf,th,3.055050463303893,False,calculated
2020,xrf,co,0.0,,not_applicable_n_lt_2
2021,xrf,mn,10.074904649856677,False,calculated
2022,xrf,ca,578.0406496022513,True,calculated
2023,xrf,pr,21.56737154016491,,not_applicable_n_lt_2
2024,xrf,u,1.3931047127695537,False,calculated
2025,xrf,s,292.0061262675456,False,calculated
2026,xrf,rb,0.951189731211342,False,calculated
2027,xrf,sr,1.5872554441428892,False,calculated
2028,xrf,co,0.0,,not_applicable_n_lt_2
2029,xrf,fe,40.09389728189237,False,calculated
2030,xrf,p,74.87109910694167,False,calculated
2031,xrf,cu,2.336505779847176,False,calculated
2032,xrf,si,1110.7221708153397,False,calculated
2033,xrf,th,3.055050463303893,False,calculated
2034,xrf,zn,3.5108298058900447,False,calculated
2035,xrf,ce,562.3216708062508,,not_applicable_n_lt_2
2036,xrf,ba,209.7415580280197,False,calculated
2037,xrf,mn,10.074904649856677,False,calculated
2038,xrf,ca,578.0406496022513,False,calculated
2039,xrf,k,1037.1528120559458,False,calculated
2040,xrf,la,526.8835975780851,False,calculated
2041,xrf,mg,1536.2520724501976,,not_applicable_n_lt_2
2042,xrf,rb,0.951189731211342,True,calculated
2043,xrf,ca,578.0406496022513,False,calculated
2044,xrf,ce,562.3216708062508,,not_applicable_n_lt_2
2045,xrf,cu,2.336505779847176,False,calculated
2046,xrf,ba,209.7415580280197,False,calculated
2047,xrf,th,3.055050463303893,False,calculated
2048,xrf,ce,562.3216708062508,False,calculated
2049,xrf,al,283.8266319737171,False,calculated
2050,xrf,p,74.87109910694167,False,calculated
2051,xrf,mo,1.518977177796515,False,calculated
2052,xrf,zn,3.5108298058900447,False,calculated
2053,xrf,cu,2.336505779847176,False,calculated
2054,xrf,zn,3.5108298058900447,False,calculated
2055,xrf,u,1.3931047127695537,False,calculated
2056,xrf,pb,0.7527726527090811,False,calculated
2057,xrf,ca,578.0406496022513,False,calculated
2058,xrf,mn,10.074904649856677,False,calculated
2059,xrf,s,292.0061262675456,True,calculated
2060,xrf,fe,40.09389728189237,False,calculated
2061,xrf,si,1110.7221708153397,True,calculated
2062,xrf,k,1037.1528120559458,False,calculated
2063,xrf,ba,209.7415580280197,False,calculated
2064,xrf,p,74.87109910694167,False,calculated
2065,xrf,s,292.0061262675456,False,calculated
2066,xrf,mo,1.518977177796515,False,calculated
2067,xrf,si,1110.7221708153397,False,calculated
2068,xrf,rb,0.951189731211342,False,calculated
2069,xrf,th,3.055050463303893,False,calculated
2070,xrf,ti,41.813592804372554,False,calculated
2071,xrf,mg,1536.2520724501976,,not_applicable_n_lt_2
2072,xrf,al,283.8266319737171,False,calculated
2073,xrf,k,1037.1528120559458,False,calculated
2074,xrf,la,526.8835975780851,False,calculated
2075,xrf,mn,10.074904649856677,False,calculated
2076,xrf,fe,40.09389728189237,False,calculated
2077,xrf,sr,1.5872554441428892,False,calculated
2078,xrf,u,1.3931047127695537,False,calculated
2079,xrf,pr,21.56737154016491,,not_applicable_n_lt_2
2080,xrf,sr,1.5872554441428892,,not_applicable_n_lt_2
2081,xrf,la,526.8835975780851,,not_applicable_n_lt_2
2082,xrf,pr,21.56737154016491,,not_applicable_n_lt_2
2083,xrf,ti,41.813592804372554,,not_applicable_n_lt_2
2084,xrf,mg,1536.2520724501976,,not_applicable_n_lt_2
2085,xrf,al,283.8266319737171,False,calculated
2086,xrf,mo,1.518977177796515,False,calculated
2087,xrf,co,0.0,,not_applicable_n_lt_2
2088,xrf,k,1037.1528120559458,False,calculated
2089,xrf,la,526.8835975780851,False,calculated
2090,xrf,sr,1.5872554441428892,False,calculated
2091,xrf,rb,0.951189731211342,False,calculated
2092,xrf,th,3.055050463303893,False,calculated
2093,xrf,mn,10.074904649856677,False,calculated
2094,xrf,u,1.3931047127695537,False,calculated
2095,xrf,mo,1.518977177796515,False,calculated
2096,xrf,si,1110.7221708153397,False,calculated
2097,xrf,u,1.3931047127695537,False,calculated
2098,xrf,cu,2.336505779847176,False,calculated
2099,xrf,ca,578.0406496022513,False,calculated
2100,xrf,pb,0.7527726527090811,False,calculated
2101,xrf,s,292.0061262675456,False,calculated
2102,xrf,nd,22.425803590209796,,not_applicable_n_lt_2
2103,xrf,p,74.87109910694167,False,calculated
2104,xrf,mn,10.074904649856677,False,calculated
2105,xrf,pr,21.56737154016491,,not_applicable_n_lt_2
2106,xrf,fe,40.09389728189237,False,calculated
2107,xrf,ce,562.3216708062508,False,calculated
2108,xrf,mg,1536.2520724501976,False,calculated
2109,xrf,cu,2.336505779847176,False,calculated
2110,xrf,ba,209.7415580280197,False,calculated
2111,xrf,zn,3.5108298058900447,False,calculated
2112,xrf,si,1110.7221708153397,False,calculated
2113,xrf,rb,0.951189731211342,False,calculated
2114,xrf,ba,209.7415580280197,False,calculated
2115,xrf,sr,1.5872554441428892,False,calculated
2116,xrf,th,3.055050463303893,False,calculated
2117,xrf,s,292.0061262675456,False,calculated
2118,xrf,pr,21.56737154016491,False,calculated
2119,xrf,nd,22.425803590209796,,not_applicable_n_lt_2
2120,xrf,k,1037.1528120559458,False,calculated
2121,xrf,zn,3.5108298058900447,False,calculated
2122,xrf,ca,578.0406496022513,False,calculated
2123,xrf,p,74.87109910694167,False,calculated
2124,xrf,fe,40.09389728189237,False,calculated
2125,xrf,ti,41.813592804372554,,not_applicable_n_lt_2
2126,xrf,mn,10.074904649856677,False,calculated
2127,xrf,ti,41.813592804372554,,not_applicable_n_lt_2
2128,xrf,u,1.3931047127695537,False,calculated
2129,xrf,cu,2.336505779847176,False,calculated
2130,xrf,ca,578.0406496022513,False,calculated
2131,xrf,zn,3.5108298058900447,False,calculated
2132,xrf,rb,0.951189731211342,False,calculated
2133,xrf,ba,209.7415580280197,False,calculated
2134,xrf,mo,1.518977177796515,,not_applicable_n_lt_2
2135,xrf,s,292.0061262675456,False,calculated
2136,xrf,th,3.055050463303893,False,calculated
2137,xrf,si,1110.7221708153397,False,calculated
2138,xrf,fe,40.09389728189237,False,calculated
2139,xrf,sr,1.5872554441428892,False,calculated
2140,xrf,ce,562.3216708062508,False,calculated
2141,xrf,k,1037.1528120559458,False,calculated
2142,xrf,la,526.8835975780851,False,calculated
2143,xrf,p,74.87109910694167,False,calculated
2144,xrf,pr,21.56737154016491,,not_applicable_n_lt_2
2145,xrf,mn,10.074904649856677,False,calculated
2146,xrf,mo,1.518977177796515,False,calculated
2147,xrf,al,283.8266319737171,False,calculated
2148,xrf,k,1037.1528120559458,False,calculated
2149,xrf,si,1110.7221708153397,False,calculated
2150,xrf,p,74.87109910694167,False,calculated
2151,xrf,zn,3.5108298058900447,False,calculated
2152,xrf,cu,2.336505779847176,False,calculated
2153,xrf,s,292.0061262675456,False,calculated
2154,xrf,ca,578.0406496022513,False,calculated
2155,xrf,pr,21.56737154016491,,not_applicable_n_lt_2
2156,xrf,fe,40.09389728189237,False,calculated
2157,xrf,th,3.055050463303893,False,calculated
2158,xrf,u,1.3931047127695537,False,calculated
2159,xrf,la,526.8835975780851,,not_applicable_n_lt_2
2160,xrf,ce,562.3216708062508,,not_applicable_n_lt_2
2161,xrf,mg,1536.2520724501976,,not_applicable_n_lt_2
2162,xrf,ti,41.813592804372554,,not_applicable_n_lt_2
2163,xrf,ba,209.7415580280197,,not_applicable_n_lt_2
2164,xrf,mg,1536.2520724501976,False,calculated
2165,xrf,ca,578.0406496022513,False,calculated
2166,xrf,k,1037.1528120559458,False,calculated
2167,xrf,p,74.87109910694167,False,calculated
2168,xrf,s,292.0061262675456,False,calculated
2169,xrf,si,1110.7221708153397,False,calculated
2170,xrf,y,1.632993161855452,False,calculated
2171,xrf,cu,2.336505779847176,False,calculated
2172,xrf,u,1.3931047127695537,False,calculated
2173,xrf,ti,41.813592804372554,False,calculated
2174,xrf,al,283.8266319737171,False,calculated
2175,xrf,rb,0.951189731211342,False,calculated
2176,xrf,sr,1.5872554441428892,True,calculated
2177,xrf,pb,0.7527726527090811,False,calculated
2178,xrf,fe,40.09389728189237,True,calculated
2179,xrf,mn,10.074904649856677,False,calculated
2180,xrf,zn,3.5108298058900447,False,calculated
2181,xrf,th,3.055050463303893,False,calculated
2182,xrf,ba,209.7415580280197,False,calculated
2183,xrf,pr,21.56737154016491,,not_applicable_n_lt_2
2184,xrf,co,0.0,,not_applicable_n_lt_2
2185,icp,na,69.51514737296984,False,calculated
2186,icp,s,148.34250907949482,False,calculated
2187,icp,fe,331.09715593261546,False,calculated
2188,icp,mn,10.056378112458816,False,calculated
2189,icp,k,2444.459252662975,False,calculated
2190,icp,mg,159.61517605415847,False,calculated
2191,icp,nd,3.9604145405921,False,calculated
2192,icp,ti,1.8896814105381188,False,calculated
2193,icp,si,2.108366271152461,False,calculated
2194,icp,cu,2.8309179246838463,False,calculated
2195,icp,p,207.27830888521996,False,calculated
2196,icp,ca,1640.0833566281776,False,calculated
2197,icp,al,66.85628026159297,False,calculated
2198,icp,zn,3.605543571286366,False,calculated
2199,icp,ca,1640.0833566281776,False,calculated
2200,icp,ti,1.8896814105381188,False,calculated
2201,icp,al,66.85628026159297,False,calculated
2202,icp,s,148.34250907949482,False,calculated
2203,icp,si,2.108366271152461,False,calculated
2204,icp,mn,10.056378112458816,False,calculated
2205,icp,mg,159.61517605415847,False,calculated
2206,icp,p,207.27830888521996,False,calculated
2207,icp,nd,3.9604145405921,False,calculated
2208,icp,cu,2.8309179246838463,False,calculated
2209,icp,k,2444.459252662975,,not_applicable_n_lt_2
2210,icp,fe,331.09715593261546,False,calculated
2211,icp,na,69.51514737296984,,not_applicable_n_lt_2
2212,icp,zn,3.605543571286366,False,calculated
2213,icp,na,69.51514737296984,False,calculated
2214,icp,nd,3.9604145405921,False,calculated
2215,icp,s,148.34250907949482,False,calculated
2216,icp,cu,2.8309179246838463,False,calculated
2217,icp,ti,1.8896814105381188,False,calculated
2218,icp,k,2444.459252662975,,not_applicable_n_lt_2
2219,icp,k,2444.459252662975,,not_applicable_n_lt_2
2220,icp,p,207.27830888521996,False,calculated
2221,icp,mn,10.056378112458816,False,calculated
2222,icp,si,2.108366271152461,False,calculated
2223,icp,al,66.85628026159297,False,calculated
2224,icp,cu,2.8309179246838463,,not_applicable_n_lt_2
2225,icp,mn,10.056378112458816,,not_applicable_n_lt_2
2226,icp,ca,1640.0833566281776,,not_applicable_n_lt_2
2227,icp,ca,1640.0833566281776,,not_applicable_n_lt_2
2228,icp,mg,159.61517605415847,False,calculated
2229,icp,fe,331.09715593261546,False,calculated
2230,icp,k,2444.459252662975,False,calculated
2231,icp,zn,3.605543571286366,,not_applicable_n_lt_2
2232,icp,zn,3.605543571286366,False,calculated
2233,icp,b,0.7234178138070232,,not_applicable_n_lt_2
2234,icp,mg,159.61517605415847,,not_applicable_n_lt_2
2235,icp,mg,159.61517605415847,,not_applicable_n_lt_2
2236,icp,fe,331.09715593261546,,not_applicable_n_lt_2
2237,icp,ca,1640.0833566281776,False,calculated
2238,icp,p,207.27830888521996,,not_applicable_n_lt_2
2239,icp,p,207.27830888521996,,not_applicable_n_lt_2
2240,icp,s,148.34250907949482,,not_applicable_n_lt_2
2241,icp,p,207.27830888521996,False,calculated
2242,icp,p,207.27830888521996,False,calculated
2243,icp,k,2444.459252662975,False,calculated
2244,icp,k,2444.459252662975,False,calculated
2245,icp,fe,331.09715593261546,False,calculated
2246,icp,mn,10.056378112458816,False,calculated
2247,icp,mg,159.61517605415847,False,calculated
2248,icp,cu,2.8309179246838463,False,calculated
2249,icp,al,66.85628026159297,False,calculated
2250,icp,cu,2.8309179246838463,False,calculated
2251,icp,nd,3.9604145405921,False,calculated
2252,icp,s,148.34250907949482,False,calculated
2253,icp,zn,3.605543571286366,False,calculated
2254,icp,mg,159.61517605415847,False,calculated
2255,icp,mg,159.61517605415847,False,calculated
2256,icp,mn,10.056378112458816,False,calculated
2257,icp,ti,1.8896814105381188,False,calculated
2258,icp,k,2444.459252662975,,not_applicable_n_lt_2
2259,icp,zn,3.605543571286366,False,calculated
2260,icp,ca,1640.0833566281776,False,calculated
2261,icp,ca,1640.0833566281776,False,calculated
2262,icp,p,207.27830888521996,False,calculated
2263,icp,si,2.108366271152461,False,calculated
2264,icp,na,69.51514737296984,,not_applicable_n_lt_2
2265,icp,s,148.34250907949482,False,calculated
2266,icp,ca,1640.0833566281776,False,calculated
2267,icp,b,0.7234178138070232,False,calculated
2268,icp,fe,331.09715593261546,False,calculated
2269,icp,mn,10.056378112458816,False,calculated
2270,icp,cu,2.8309179246838463,False,calculated
2271,icp,p,207.27830888521996,,not_applicable_n_lt_2
2272,icp,p,207.27830888521996,,not_applicable_n_lt_2
2273,icp,fe,331.09715593261546,False,calculated
2274,icp,na,69.51514737296984,False,calculated
2275,icp,al,66.85628026159297,False,calculated
2276,icp,ti,1.8896814105381188,False,calculated
2277,icp,ca,1640.0833566281776,False,calculated
2278,icp,mg,159.61517605415847,False,calculated
2279,icp,nd,3.9604145405921,False,calculated
2280,icp,p,207.27830888521996,False,calculated
2281,icp,fe,331.09715593261546,,not_applicable_n_lt_2
2282,icp,si,2.108366271152461,False,calculated
2283,icp,k,2444.459252662975,False,calculated
2284,icp,cu,2.8309179246838463,,not_applicable_n_lt_2
2285,icp,zn,3.605543571286366,False,calculated
2286,icp,mn,10.056378112458816,,not_applicable_n_lt_2
2287,icp,b,0.7234178138070232,,not_applicable_n_lt_2
2288,icp,ca,1640.0833566281776,,not_applicable_n_lt_2
2289,icp,ca,1640.0833566281776,,not_applicable_n_lt_2
2290,icp,zn,3.605543571286366,,not_applicable_n_lt_2
2291,icp,s,148.34250907949482,,not_applicable_n_lt_2
2292,icp,s,148.34250907949482,False,calculated
2293,icp,k,2444.459252662975,,not_applicable_n_lt_2
2294,icp,k,2444.459252662975,,not_applicable_n_lt_2
2295,icp,mg,159.61517605415847,,not_applicable_n_lt_2
2296,icp,mg,159.61517605415847,,not_applicable_n_lt_2
2297,icp,na,69.51514737296984,False,calculated
2298,icp,mn,10.056378112458816,,not_applicable_n_lt_2
2299,icp,ti,1.8896814105381188,False,calculated
2300,icp,si,2.108366271152461,False,calculated
2301,icp,al,66.85628026159297,False,calculated
2302,icp,p,207.27830888521996,,not_applicable_n_lt_2
2303,icp,p,207.27830888521996,,not_applicable_n_lt_2
2304,icp,zn,3.605543571286366,False,calculated
2305,icp,fe,331.09715593261546,,not_applicable_n_lt_2
2306,icp,p,207.27830888521996,False,calculated
2307,icp,mg,159.61517605415847,,not_applicable_n_lt_2
2308,icp,mg,159.61517605415847,,not_applicable_n_lt_2
2309,icp,mg,159.61517605415847,False,calculated
2310,icp,k,2444.459252662975,,not_applicable_n_lt_2
2311,icp,k,2444.459252662975,,not_applicable_n_lt_2
2312,icp,ca,1640.0833566281776,False,calculated
2313,icp,fe,331.09715593261546,False,calculated
2314,icp,nd,3.9604145405921,False,calculated
2315,icp,zn,3.605543571286366,,not_applicable_n_lt_2
2316,icp,mn,10.056378112458816,False,calculated
2317,icp,cu,2.8309179246838463,False,calculated
2318,icp,b,0.7234178138070232,,not_applicable_n_lt_2
2319,icp,s,148.34250907949482,False,calculated
2320,icp,k,2444.459252662975,False,calculated
2321,icp,s,148.34250907949482,,not_applicable_n_lt_2
2322,icp,cu,2.8309179246838463,,not_applicable_n_lt_2
2323,icp,ca,1640.0833566281776,,not_applicable_n_lt_2
2324,icp,ca,1640.0833566281776,,not_applicable_n_lt_2
2325,icp,al,66.85628026159297,False,calculated
2326,icp,zn,3.605543571286366,False,calculated
2327,icp,ca,1640.0833566281776,False,calculated
2328,icp,si,2.108366271152461,False,calculated
2329,icp,fe,331.09715593261546,False,calculated
2330,icp,ti,1.8896814105381188,False,calculated
2331,icp,k,2444.459252662975,False,calculated
2332,icp,p,207.27830888521996,False,calculated
2333,icp,nd,3.9604145405921,False,calculated
2334,icp,mn,10.056378112458816,False,calculated
2335,icp,na,69.51514737296984,False,calculated
2336,icp,cu,2.8309179246838463,False,calculated
2337,icp,mg,159.61517605415847,False,calculated
2338,icp,s,148.34250907949482,False,calculated
2339,icp,nd,3.9604145405921,False,calculated
2340,icp,mg,159.61517605415847,False,calculated
2341,icp,al,66.85628026159297,False,calculated
2342,icp,p,207.27830888521996,False,calculated
2343,icp,s,148.34250907949482,False,calculated
2344,icp,zn,3.605543571286366,,not_applicable_n_lt_2
2345,icp,ca,1640.0833566281776,False,calculated
2346,icp,mg,159.61517605415847,,not_applicable_n_lt_2
2347,icp,mg,159.61517605415847,,not_applicable_n_lt_2
2348,icp,k,2444.459252662975,False,calculated
2349,icp,k,2444.459252662975,,not_applicable_n_lt_2
2350,icp,k,2444.459252662975,,not_applicable_n_lt_2
2351,icp,cu,2.8309179246838463,False,calculated
2352,icp,si,2.108366271152461,False,calculated
2353,icp,zn,3.605543571286366,False,calculated
2354,icp,ti,1.8896814105381188,False,calculated
2355,icp,na,69.51514737296984,False,calculated
2356,icp,ca,1640.0833566281776,,not_applicable_n_lt_2
2357,icp,ca,1640.0833566281776,,not_applicable_n_lt_2
2358,icp,mn,10.056378112458816,False,calculated
2359,icp,cu,2.8309179246838463,,not_applicable_n_lt_2
2360,icp,fe,331.09715593261546,,not_applicable_n_lt_2
2361,icp,b,0.7234178138070232,,not_applicable_n_lt_2
2362,icp,fe,331.09715593261546,False,calculated
2363,icp,mn,10.056378112458816,,not_applicable_n_lt_2
2364,icp,p,207.27830888521996,,not_applicable_n_lt_2
2365,icp,p,207.27830888521996,,not_applicable_n_lt_2
2366,icp,s,148.34250907949482,,not_applicable_n_lt_2
2367,icp,na,69.51514737296984,False,calculated
2368,icp,al,66.85628026159297,False,calculated
2369,icp,fe,331.09715593261546,False,calculated
2370,icp,zn,3.605543571286366,False,calculated
2371,icp,k,2444.459252662975,False,calculated
2372,icp,s,148.34250907949482,False,calculated
2373,icp,mn,10.056378112458816,False,calculated
2374,icp,si,2.108366271152461,False,calculated
2375,icp,ti,1.8896814105381188,False,calculated
2376,icp,p,207.27830888521996,False,calculated
2377,icp,ca,1640.0833566281776,False,calculated
2378,icp,mg,159.61517605415847,False,calculated
2379,icp,cu,2.8309179246838463,False,calculated
2380,icp,nd,3.9604145405921,False,calculated
2381,icp,s,148.34250907949482,False,calculated
2382,icp,cu,2.8309179246838463,False,calculated
2383,icp,k,2444.459252662975,False,calculated
2384,icp,mg,159.61517605415847,False,calculated
2385,icp,zn,3.605543571286366,False,calculated
2386,icp,mn,10.056378112458816,False,calculated
2387,icp,si,2.108366271152461,False,calculated
2388,icp,nd,3.9604145405921,False,calculated
2389,icp,al,66.85628026159297,False,calculated
2390,icp,fe,331.09715593261546,False,calculated
2391,icp,na,69.51514737296984,False,calculated
2392,icp,ca,1640.0833566281776,False,calculated
2393,icp,ti,1.8896814105381188,False,calculated
2394,icp,p,207.27830888521996,False,calculated
2395,icp,cu,2.8309179246838463,False,calculated
2396,icp,nd,3.9604145405921,False,calculated
2397,icp,na,69.51514737296984,False,calculated
2398,icp,mg,159.61517605415847,False,calculated
2399,icp,p,207.27830888521996,False,calculated
2400,icp,mn,10.056378112458816,False,calculated
2401,icp,fe,331.09715593261546,False,calculated
2402,icp,k,2444.459252662975,False,calculated
2403,icp,zn,3.605543571286366,False,calculated
2404,icp,ti,1.8896814105381188,False,calculated
2405,icp,si,2.108366271152461,False,calculated
2406,icp,s,148.34250907949482,False,calculated
2407,icp,ca,1640.0833566281776,False,calculated
2408,icp,al,66.85628026159297,False,calculated
2409,icp,nd,3.9604145405921,False,calculated
2410,icp,ca,1640.0833566281776,,not_applicable_n_lt_2
2411,icp,ca,1640.0833566281776,,not_applicable_n_lt_2
2412,icp,k,2444.459252662975,False,calculated
2413,icp,p,207.27830888521996,False,calculated
2414,icp,mn,10.056378112458816,False,calculated
2415,icp,mg,159.61517605415847,,not_applicable_n_lt_2
2416,icp,mg,159.61517605415847,,not_applicable_n_lt_2
2417,icp,zn,3.605543571286366,False,calculated
2418,icp,cu,2.8309179246838463,,not_applicable_n_lt_2
2419,icp,ti,1.8896814105381188,False,calculated
2420,icp,mg,159.61517605415847,False,calculated
2421,icp,s,148.34250907949482,,not_applicable_n_lt_2
2422,icp,al,66.85628026159297,False,calculated
2423,icp,p,207.27830888521996,,not_applicable_n_lt_2
2424,icp,p,207.27830888521996,,not_applicable_n_lt_2
2425,icp,na,69.51514737296984,False,calculated
2426,icp,s,148.34250907949482,False,calculated
2427,icp,ca,1640.0833566281776,False,calculated
2428,icp,cu,2.8309179246838463,False,calculated
2429,icp,b,0.7234178138070232,,not_applicable_n_lt_2
2430,icp,fe,331.09715593261546,False,calculated
2431,icp,k,2444.459252662975,,not_applicable_n_lt_2
2432,icp,k,2444.459252662975,,not_applicable_n_lt_2
2433,icp,si,2.108366271152461,False,calculated
2434,icp,mn,10.056378112458816,,not_applicable_n_lt_2
2435,icp,fe,331.09715593261546,,not_applicable_n_lt_2
2436,icp,zn,3.605543571286366,,not_applicable_n_lt_2
2437,icp,ca,1640.0833566281776,False,calculated
2438,icp,ca,1640.0833566281776,False,calculated
2439,icp,ca,1640.0833566281776,False,calculated
2440,icp,mn,10.056378112458816,False,calculated
2441,icp,zn,3.605543571286366,False,calculated
2442,icp,mg,159.61517605415847,False,calculated
2443,icp,mg,159.61517605415847,False,calculated
2444,icp,s,148.34250907949482,False,calculated
2445,icp,nd,3.9604145405921,False,calculated
2446,icp,cu,2.8309179246838463,False,calculated
2447,icp,b,0.7234178138070232,False,calculated
2448,icp,na,69.51514737296984,False,calculated
2449,icp,p,207.27830888521996,False,calculated
2450,icp,fe,331.09715593261546,False,calculated
2451,icp,p,207.27830888521996,False,calculated
2452,icp,p,207.27830888521996,False,calculated
2453,icp,cu,2.8309179246838463,False,calculated
2454,icp,fe,331.09715593261546,False,calculated
2455,icp,mn,10.056378112458816,False,calculated
2456,icp,s,148.34250907949482,False,calculated
2457,icp,k,2444.459252662975,False,calculated
2458,icp,zn,3.605543571286366,False,calculated
2459,icp,mg,159.61517605415847,False,calculated
2460,icp,ti,1.8896814105381188,False,calculated
2461,icp,al,66.85628026159297,False,calculated
2462,icp,k,2444.459252662975,False,calculated
2463,icp,k,2444.459252662975,False,calculated
2464,icp,si,2.108366271152461,False,calculated
2465,icp,ti,1.8896814105381188,False,calculated
2466,icp,si,2.108366271152461,False,calculated
2467,icp,zn,3.605543571286366,,not_applicable_n_lt_2
2468,icp,mn,10.056378112458816,False,calculated
2469,icp,cu,2.8309179246838463,,not_applicable_n_lt_2
2470,icp,s,148.34250907949482,,not_applicable_n_lt_2
2471,icp,mg,159.61517605415847,False,calculated
2472,icp,k,2444.459252662975,,not_applicable_n_lt_2
2473,icp,k,2444.459252662975,,not_applicable_n_lt_2
2474,icp,zn,3.605543571286366,False,calculated
2475,icp,mn,10.056378112458816,,not_applicable_n_lt_2
2476,icp,k,2444.459252662975,False,calculated
2477,icp,ca,1640.0833566281776,False,calculated
2478,icp,cu,2.8309179246838463,False,calculated
2479,icp,p,207.27830888521996,False,calculated
2480,icp,al,66.85628026159297,False,calculated
2481,icp,p,207.27830888521996,,not_applicable_n_lt_2
2482,icp,p,207.27830888521996,,not_applicable_n_lt_2
2483,icp,s,148.34250907949482,False,calculated
2484,icp,mg,159.61517605415847,,not_applicable_n_lt_2
2485,icp,mg,159.61517605415847,,not_applicable_n_lt_2
2486,icp,fe,331.09715593261546,False,calculated
2487,icp,na,69.51514737296984,False,calculated
2488,icp,nd,3.9604145405921,False,calculated
2489,icp,fe,331.09715593261546,,not_applicable_n_lt_2
2490,icp,ca,1640.0833566281776,,not_applicable_n_lt_2
2491,icp,ca,1640.0833566281776,,not_applicable_n_lt_2
2492,icp,b,0.7234178138070232,,not_applicable_n_lt_2
2493,icp,na,69.51514737296984,False,calculated
2494,icp,fe,331.09715593261546,False,calculated
2495,icp,mg,159.61517605415847,False,calculated
2496,icp,mn,10.056378112458816,False,calculated
2497,icp,s,148.34250907949482,False,calculated
2498,icp,al,66.85628026159297,False,calculated
2499,icp,zn,3.605543571286366,False,calculated
2500,icp,s,148.34250907949482,,not_applicable_n_lt_2
2501,icp,cu,2.8309179246838463,False,calculated
2502,icp,ca,1640.0833566281776,False,calculated
2503,icp,nd,3.9604145405921,False,calculated
2504,icp,b,0.7234178138070232,,not_applicable_n_lt_2
2505,icp,zn,3.605543571286366,,not_applicable_n_lt_2
2506,icp,mg,159.61517605415847,,not_applicable_n_lt_2
2507,icp,mg,159.61517605415847,,not_applicable_n_lt_2
2508,icp,cu,2.8309179246838463,,not_applicable_n_lt_2
2509,icp,k,2444.459252662975,False,calculated
2510,icp,ti,1.8896814105381188,False,calculated
2511,icp,p,207.27830888521996,False,calculated
2512,icp,fe,331.09715593261546,,not_applicable_n_lt_2
2513,icp,si,2.108366271152461,False,calculated
2514,icp,p,207.27830888521996,,not_applicable_n_lt_2
2515,icp,p,207.27830888521996,,not_applicable_n_lt_2
2516,icp,k,2444.459252662975,,not_applicable_n_lt_2
2517,icp,k,2444.459252662975,,not_applicable_n_lt_2
2518,icp,ca,1640.0833566281776,,not_applicable_n_lt_2
2519,icp,ca,1640.0833566281776,,not_applicable_n_lt_2
2520,icp,mn,10.056378112458816,,not_applicable_n_lt_2
2521,icp,s,148.34250907949482,False,calculated
2522,icp,zn,3.605543571286366,False,calculated
2523,icp,ti,1.8896814105381188,False,calculated
2524,icp,mg,159.61517605415847,False,calculated
2525,icp,al,66.85628026159297,False,calculated
2526,icp,fe,331.09715593261546,False,calculated
2527,icp,p,207.27830888521996,False,calculated
2528,icp,si,2.108366271152461,False,calculated
2529,icp,nd,3.9604145405921,False,calculated
2530,icp,cu,2.8309179246838463,False,calculated
2531,icp,mn,10.056378112458816,False,calculated
2532,icp,k,2444.459252662975,,not_applicable_n_lt_2
2533,icp,ca,1640.0833566281776,False,calculated
2534,icp,na,69.51514737296984,,not_applicable_n_lt_2
2535,icp,mn,10.056378112458816,False,calculated
2536,icp,s,148.34250907949482,False,calculated
2537,icp,al,66.85628026159297,False,calculated
2538,icp,zn,3.605543571286366,False,calculated
2539,icp,ca,1640.0833566281776,False,calculated
2540,icp,mg,159.61517605415847,False,calculated
2541,icp,si,2.108366271152461,False,calculated
2542,icp,cu,2.8309179246838463,False,calculated
2543,icp,nd,3.9604145405921,False,calculated
2544,icp,ti,1.8896814105381188,False,calculated
2545,icp,na,69.51514737296984,False,calculated
2546,icp,k,2444.459252662975,False,calculated
2547,icp,fe,331.09715593261546,False,calculated
2548,icp,p,207.27830888521996,False,calculated
2549,icp,s,148.34250907949482,,not_applicable_n_lt_2
2550,icp,mg,159.61517605415847,,not_applicable_n_lt_2
2551,icp,mg,159.61517605415847,,not_applicable_n_lt_2
2552,icp,k,2444.459252662975,,not_applicable_n_lt_2
2553,icp,k,2444.459252662975,,not_applicable_n_lt_2
2554,icp,p,207.27830888521996,,not_applicable_n_lt_2
2555,icp,p,207.27830888521996,,not_applicable_n_lt_2
2556,icp,cu,2.8309179246838463,,not_applicable_n_lt_2
2557,icp,mn,10.056378112458816,,not_applicable_n_lt_2
2558,icp,b,0.7234178138070232,,not_applicable_n_lt_2
2559,icp,fe,331.09715593261546,,not_applicable_n_lt_2
2560,icp,ca,1640.0833566281776,,not_applicable_n_lt_2
2561,icp,ca,1640.0833566281776,,not_applicable_n_lt_2
2562,icp,zn,3.605543571286366,,not_applicable_n_lt_2
2563,icp,si,2.108366271152461,False,calculated
2564,icp,al,66.85628026159297,False,calculated
2565,icp,cu,2.8309179246838463,False,calculated
2566,icp,mg,159.61517605415847,False,calculated
2567,icp,ca,1640.0833566281776,False,calculated
2568,icp,mn,10.056378112458816,False,calculated
2569,icp,fe,331.09715593261546,False,calculated
2570,icp,p,207.27830888521996,False,calculated
2571,icp,ti,1.8896814105381188,False,calculated
2572,icp,nd,3.9604145405921,False,calculated
2573,icp,na,69.51514737296984,False,calculated
2574,icp,s,148.34250907949482,False,calculated
2575,icp,zn,3.605543571286366,False,calculated
2576,icp,k,2444.459252662975,False,calculated
2577,icp,ti,1.8896814105381188,False,calculated
2578,icp,na,69.51514737296984,False,calculated
2579,icp,cu,2.8309179246838463,False,calculated
2580,icp,fe,331.09715593261546,True,calculated
2581,icp,s,148.34250907949482,True,calculated
2582,icp,k,2444.459252662975,True,calculated
2583,icp,mg,159.61517605415847,True,calculated
2584,icp,ca,1640.0833566281776,True,calculated
2585,icp,zn,3.605543571286366,False,calculated
2586,icp,p,207.27830888521996,False,calculated
2587,icp,nd,3.9604145405921,True,calculated
2588,icp,si,2.108366271152461,False,calculated
2589,icp,mn,10.056378112458816,True,calculated
2590,icp,al,66.85628026159297,True,calculated
2591,icp,cu,2.8309179246838463,,not_applicable_n_lt_2
2592,icp,ti,1.8896814105381188,False,calculated
2593,icp,ca,1640.0833566281776,False,calculated
2594,icp,zn,3.605543571286366,,not_applicable_n_lt_2
2595,icp,mg,159.61517605415847,False,calculated
2596,icp,al,66.85628026159297,False,calculated
2597,icp,cu,2.8309179246838463,False,calculated
2598,icp,b,0.7234178138070232,,not_applicable_n_lt_2
2599,icp,nd,3.9604145405921,False,calculated
2600,icp,na,69.51514737296984,False,calculated
2601,icp,p,207.27830888521996,,not_applicable_n_lt_2
2602,icp,p,207.27830888521996,,not_applicable_n_lt_2
2603,icp,si,2.108366271152461,False,calculated
2604,icp,k,2444.459252662975,False,calculated
2605,icp,s,148.34250907949482,,not_applicable_n_lt_2
2606,icp,zn,3.605543571286366,False,calculated
2607,icp,mn,10.056378112458816,,not_applicable_n_lt_2
2608,icp,k,2444.459252662975,,not_applicable_n_lt_2
2609,icp,k,2444.459252662975,,not_applicable_n_lt_2
2610,icp,fe,331.09715593261546,False,calculated
2611,icp,s,148.34250907949482,False,calculated
2612,icp,mg,159.61517605415847,,not_applicable_n_lt_2
2613,icp,mg,159.61517605415847,,not_applicable_n_lt_2
2614,icp,ca,1640.0833566281776,,not_applicable_n_lt_2
2615,icp,ca,1640.0833566281776,,not_applicable_n_lt_2
2616,icp,p,207.27830888521996,False,calculated
2617,icp,fe,331.09715593261546,,not_applicable_n_lt_2
2618,icp,mn,10.056378112458816,False,calculated
2619,icp,mg,159.61517605415847,False,calculated
2620,icp,mn,10.056378112458816,False,calculated
2621,icp,zn,3.605543571286366,False,calculated
2622,icp,nd,3.9604145405921,False,calculated
2623,icp,fe,331.09715593261546,False,calculated
2624,icp,p,207.27830888521996,False,calculated
2625,icp,al,66.85628026159297,False,calculated
2626,icp,cu,2.8309179246838463,False,calculated
2627,icp,k,2444.459252662975,False,calculated
2628,icp,na,69.51514737296984,False,calculated
2629,icp,si,2.108366271152461,False,calculated
2630,icp,s,148.34250907949482,False,calculated
2631,icp,ti,1.8896814105381188,False,calculated
2632,icp,ca,1640.0833566281776,False,calculated
2633,icp,ca,1640.0833566281776,False,calculated
2634,icp,al,66.85628026159297,False,calculated
2635,icp,cu,2.8309179246838463,,not_applicable_n_lt_2
2636,icp,ti,1.8896814105381188,False,calculated
2637,icp,si,2.108366271152461,False,calculated
2638,icp,mg,159.61517605415847,False,calculated
2639,icp,p,207.27830888521996,,not_applicable_n_lt_2
2640,icp,p,207.27830888521996,,not_applicable_n_lt_2
2641,icp,ca,1640.0833566281776,,not_applicable_n_lt_2
2642,icp,ca,1640.0833566281776,,not_applicable_n_lt_2
2643,icp,k,2444.459252662975,False,calculated
2644,icp,na,69.51514737296984,False,calculated
2645,icp,fe,331.09715593261546,False,calculated
2646,icp,zn,3.605543571286366,False,calculated
2647,icp,cu,2.8309179246838463,False,calculated
2648,icp,nd,3.9604145405921,False,calculated
2649,icp,s,148.34250907949482,,not_applicable_n_lt_2
2650,icp,p,207.27830888521996,False,calculated
2651,icp,mn,10.056378112458816,False,calculated
2652,icp,zn,3.605543571286366,,not_applicable_n_lt_2
2653,icp,fe,331.09715593261546,,not_applicable_n_lt_2
2654,icp,s,148.34250907949482,False,calculated
2655,icp,mg,159.61517605415847,,not_applicable_n_lt_2
2656,icp,mg,159.61517605415847,,not_applicable_n_lt_2
2657,icp,b,0.7234178138070232,,not_applicable_n_lt_2
2658,icp,k,2444.459252662975,,not_applicable_n_lt_2
2659,icp,k,2444.459252662975,,not_applicable_n_lt_2
2660,icp,mn,10.056378112458816,,not_applicable_n_lt_2
2661,icp,fe,331.09715593261546,False,calculated
2662,icp,s,148.34250907949482,False,calculated
2663,icp,nd,3.9604145405921,False,calculated
2664,icp,na,69.51514737296984,False,calculated
2665,icp,mn,10.056378112458816,False,calculated
2666,icp,ti,1.8896814105381188,False,calculated
2667,icp,p,207.27830888521996,False,calculated
2668,icp,si,2.108366271152461,False,calculated
2669,icp,zn,3.605543571286366,False,calculated
2670,icp,ca,1640.0833566281776,False,calculated
2671,icp,al,66.85628026159297,False,calculated
2672,icp,k,2444.459252662975,False,calculated
2673,icp,mg,159.61517605415847,False,calculated
2674,icp,cu,2.8309179246838463,False,calculated
2675,icp,p,207.27830888521996,False,calculated
2676,icp,ti,1.8896814105381188,False,calculated
2677,icp,al,66.85628026159297,False,calculated
2678,icp,p,207.27830888521996,False,calculated
2679,icp,p,207.27830888521996,False,calculated
2680,icp,fe,331.09715593261546,False,calculated
2681,icp,ca,1640.0833566281776,False,calculated
2682,icp,si,2.108366271152461,False,calculated
2683,icp,cu,2.8309179246838463,False,calculated
2684,icp,k,2444.459252662975,False,calculated
2685,icp,k,2444.459252662975,False,calculated
2686,icp,zn,3.605543571286366,False,calculated
2687,icp,s,148.34250907949482,False,calculated
2688,icp,zn,3.605543571286366,False,calculated
2689,icp,mg,159.61517605415847,False,calculated
2690,icp,mg,159.61517605415847,False,calculated
2691,icp,ca,1640.0833566281776,False,calculated
2692,icp,ca,1640.0833566281776,False,calculated
2693,icp,mn,10.056378112458816,False,calculated
2694,icp,cu,2.8309179246838463,False,calculated
2695,icp,nd,3.9604145405921,False,calculated
2696,icp,mg,159.61517605415847,False,calculated
2697,icp,na,69.51514737296984,False,calculated
2698,icp,mn,10.056378112458816,False,calculated
2699,icp,k,2444.459252662975,False,calculated
2700,icp,b,0.7234178138070232,False,calculated
2701,icp,fe,331.09715593261546,False,calculated
2702,icp,s,148.34250907949482,False,calculated
2703,xrd,crystallinity,1.2169988802418035,,not_applicable_n_lt_2
2704,xrd,crystallinity,1.2169988802418035,False,calculated
2705,xrd,crystallinity,1.2169988802418035,False,calculated
2706,xrd,crystallinity,1.2169988802418035,False,calculated
2707,xrd,crystallinity,1.2169988802418035,False,calculated
2708,xrd,crystallinity,1.2169988802418035,False,calculated
2709,xrd,crystallinity,1.2169988802418035,False,calculated
2710,xrd,crystallinity,1.2169988802418035,False,calculated
2711,xrd,crystallinity,1.2169988802418035,False,calculated
2712,xrd,crystallinity,1.2169988802418035,False,calculated
