sample_id,resource_id,resource_type,analysis_type,parameter,lab,method,protocol_version,unit,sample_mean,n_replicates,n_contributing_experiments,pooled_SD,pooled_RSD_percent,between_experiment_SD,between_experiment_RSD_percent,replicate_group_id
50,25,almond hulls,compositional,glucose,tiny,knife mill (2mm),,% dry weight,30.80666666666667,3,1,0.4050102879351751,1.314683903706476,,,1
50,25,almond hulls,compositional,xylan,tiny,knife mill (2mm),,% dry weight,17.263333333333332,3,1,0.24419937209856604,1.414555157937243,,,2
50,25,almond hulls,compositional,lignin,tiny,knife mill (2mm),,% dry weight,19.493333333333332,3,1,0.3555746522649409,1.8240833734521593,,,3
50,25,almond hulls,compositional,xylose,tiny,knife mill (2mm),,% dry weight,19.616666666666664,3,1,0.2746512940681941,1.4000915585464444,,,4
50,25,almond hulls,compositional,glucan,tiny,knife mill (2mm),,% dry weight,27.73,3,1,0.3671511950137159,1.3240216192344605,,,5
148,31,almond shells,compositional,lignin,capstan,knife mill (2mm),,% dry weight,30.573333333333334,3,1,0.49923274465256484,1.632902566460635,,,6
148,31,almond shells,compositional,glucan,capstan,knife mill (2mm),,% dry weight,21.30666666666667,3,1,1.023783831349828,4.804992950640619,,,7
148,31,almond shells,compositional,xylan,capstan,knife mill (2mm),,% dry weight,16.413333333333334,3,1,1.0767698608956948,6.560336276781244,,,8
148,31,almond shells,compositional,glucose,capstan,knife mill (2mm),,% dry weight,23.67,3,1,1.1361778029868381,4.800075213294627,,,9
148,31,almond shells,compositional,xylose,capstan,knife mill (2mm),,% dry weight,18.653333333333336,3,1,1.2240234202552407,6.5619554338200885,,,10
96,37,tomato pomace,compositional,xylose,pinecrest,oven dry + knife mill (2mm),,% dry weight,8.17,3,1,1.2707084638106414,15.553347170264889,,,11
96,37,tomato pomace,compositional,glucose,pinecrest,oven dry + knife mill (2mm),,% dry weight,15.413333333333332,3,1,0.8509602419228133,5.5209358256237895,,,12
96,37,tomato pomace,compositional,xylan,pinecrest,oven dry + knife mill (2mm),,% dry weight,7.19,3,1,1.1194194924156,15.56911672344367,,,13
96,37,tomato pomace,compositional,glucan,pinecrest,oven dry + knife mill (2mm),,% dry weight,13.87,3,1,0.7662245101796206,5.524329561496904,,,14
96,37,tomato pomace,compositional,lignin,pinecrest,oven dry + knife mill (2mm),,% dry weight,32.913333333333334,3,1,0.6357148207595381,1.931481124446642,,,15
52,7,sargassum,compositional,glucan,hairpin,as is,,% dry weight,10.023333333333333,3,1,0.13051181300301254,1.302079943495303,,,16
52,7,sargassum,compositional,glucose,hairpin,as is,,% dry weight,11.133333333333333,3,1,0.14742229591664044,1.3241523585326986,,,17
52,7,sargassum,compositional,xylan,hairpin,as is,,% dry weight,4.406666666666666,3,1,0.3619852667351713,8.214491680828397,,,18
52,7,sargassum,compositional,xylose,hairpin,as is,,% dry weight,5.006666666666667,3,1,0.40771722226726376,8.143486463394083,,,19
52,7,sargassum,compositional,lignin,hairpin,as is,,% dry weight,25.849999999999998,3,1,0.5010987926547028,1.9384866253566841,,,20
70,31,almond shells,compositional,lignin,humorous,knife mill (2mm),,% dry weight,28.810000000000002,3,1,0.5556977595779917,1.9288363747934456,,,21
70,31,almond shells,compositional,xylan,humorous,knife mill (2mm),,% dry weight,16.51,3,1,2.70449625623701,16.380958547771108,,,22
70,31,almond shells,compositional,xylose,humorous,knife mill (2mm),,% dry weight,18.76,3,1,3.0748821115613514,16.390629592544514,,,23
70,31,almond shells,compositional,glucan,humorous,knife mill (2mm),,% dry weight,20.973333333333333,3,1,2.847144768594203,13.575070416056276,,,24
70,31,almond shells,compositional,glucose,humorous,knife mill (2mm),,% dry weight,23.30333333333333,3,1,3.1666438595669915,13.588802143757652,,,25
71,25,almond hulls,compositional,glucose,humorous,knife mill (2mm),,% dry weight,23.87,3,1,0.8013114251026262,3.356981253048287,,,26
160,19,walnut shells,compositional,lignin,cutaway,knife mill (2mm),,% dry weight,50.44,3,1,0.25709920264364605,0.5097129314901786,,,27
160,19,walnut shells,compositional,glucose,cutaway,knife mill (2mm),,% dry weight,12.946666666666667,3,1,0.18717193521821948,1.4457152565773905,,,28
71,25,almond hulls,compositional,lignin,humorous,knife mill (2mm),,% dry weight,20.706666666666667,3,1,0.2746512940681941,1.3263906667813625,,,29
71,25,almond hulls,compositional,xylan,humorous,knife mill (2mm),,% dry weight,10.436666666666666,3,1,0.32393414968683604,3.1038085246263436,,,30
160,19,walnut shells,compositional,glucan,cutaway,knife mill (2mm),,% dry weight,11.649999999999999,3,1,0.1664331697709325,1.4286108993213091,,,31
160,19,walnut shells,compositional,xylose,cutaway,knife mill (2mm),,% dry weight,22.896666666666665,3,1,0.3295957119462176,1.4394921179773663,,,32
71,25,almond hulls,compositional,glucan,humorous,knife mill (2mm),,% dry weight,21.48,3,1,0.7219418259112018,3.3609954651359484,,,33
71,25,almond hulls,compositional,xylose,humorous,knife mill (2mm),,% dry weight,11.86,3,1,0.3642801120017391,3.071501787535743,,,34
160,19,walnut shells,compositional,xylan,cutaway,knife mill (2mm),,% dry weight,20.150000000000002,3,1,0.2946183972531258,1.4621260409584402,,,35
49,31,almond shells,compositional,xylose,tiny,knife mill (2mm),,% dry weight,26.080000000000002,3,1,0.3148015247739438,1.2070610612497845,,,36
49,31,almond shells,compositional,xylan,tiny,knife mill (2mm),,% dry weight,22.95,3,1,0.2787471972953268,1.2145847376702694,,,37
49,31,almond shells,compositional,glucan,tiny,knife mill (2mm),,% dry weight,26.936666666666667,3,1,0.3073000705065543,1.1408244171756747,,,38
49,31,almond shells,compositional,lignin,tiny,knife mill (2mm),,% dry weight,24.706666666666667,3,1,0.12096831541082714,0.4896181141830564,,,39
49,31,almond shells,compositional,glucose,tiny,knife mill (2mm),,% dry weight,29.926666666666666,3,1,0.3370954365359055,1.1264048892935137,,,40
144,25,almond hulls,compositional,xylan,tiny,knife mill (2mm),,% dry weight,8.126666666666667,3,1,0.12096831541082714,1.488535464448242,,,41
144,25,almond hulls,compositional,glucan,tiny,knife mill (2mm),,% dry weight,22.99666666666667,3,1,0.26652079343520896,1.1589540227650772,,,42
144,25,almond hulls,compositional,glucose,tiny,knife mill (2mm),,% dry weight,25.55,3,1,0.2986636904613626,1.1689381231364486,,,43
144,25,almond hulls,compositional,lignin,tiny,knife mill (2mm),,% dry weight,21.78333333333333,3,1,0.09504384952922053,0.43631453494668954,,,44
144,25,almond hulls,compositional,xylose,tiny,knife mill (2mm),,% dry weight,9.236666666666666,3,1,0.13796134724383227,1.493627000113666,,,45
10,37,tomato pomace,compositional,lignin+,riverstone,oven dry,,% dry weight,40.07333333333333,3,1,0.2928025500799724,0.7306668193644297,,,46
10,37,tomato pomace,compositional,xylose,riverstone,oven dry,,% dry weight,12.0,3,1,1.1838918869558994,9.865765724632496,,,47
68,24,corn stover cobs,compositional,lignin,caterpillar,knife mill (2mm),,% dry weight,15.79,3,1,0.17088007490635063,1.0822044009268565,,,48
68,24,corn stover cobs,compositional,glucan,caterpillar,knife mill (2mm),,% dry weight,34.080000000000005,3,1,0.04582575694955703,0.13446524926513212,,,49
10,37,tomato pomace,compositional,glucan,riverstone,oven dry,,% dry weight,13.07,3,1,1.1812281744015416,9.037706001542016,,,50
68,24,corn stover cobs,compositional,xylose,caterpillar,knife mill (2mm),,% dry weight,28.926666666666666,3,1,0.36115555282085005,1.248521155176942,,,51
10,37,tomato pomace,compositional,glucose,riverstone,oven dry,,% dry weight,14.516666666666666,3,1,1.3086379687802632,9.014727683905372,,,52
10,37,tomato pomace,compositional,xylan,riverstone,oven dry,,% dry weight,10.56,3,1,1.0440306508910553,9.886653891013781,,,53
68,24,corn stover cobs,compositional,glucose,caterpillar,knife mill (2mm),,% dry weight,37.86666666666667,3,1,0.05131601439446647,0.13551764364735866,,,54
68,24,corn stover cobs,compositional,xylan,caterpillar,knife mill (2mm),,% dry weight,25.453333333333333,3,1,0.323470761172217,1.2708385064387782,,,55
65,32,olive pomace,compositional,xylan,jaguar,oven dry + knife mill (2mm),,% dry weight,9.684999999999999,2,1,0.14849242404917432,1.5332206922991671,,,56
65,32,olive pomace,compositional,glucan,jaguar,oven dry + knife mill (2mm),,% dry weight,11.855,2,1,0.049497474683058526,0.4175240378157615,,,57
65,32,olive pomace,compositional,lignin,jaguar,oven dry + knife mill (2mm),,% dry weight,7.699999999999999,2,1,0.14142135623730964,1.8366409900949305,,,58
48,25,almond hulls,compositional,xylan,vibrant,knife mill (2mm),,% dry weight,16.526666666666667,3,1,0.10503967504392353,0.6355768961915501,,,59
48,25,almond hulls,compositional,xylose,vibrant,knife mill (2mm),,% dry weight,18.783333333333335,3,1,0.12013880860626654,0.6396032401398396,,,60
48,25,almond hulls,compositional,lignin,vibrant,knife mill (2mm),,% dry weight,20.646666666666665,3,1,0.2973774257292119,1.4403168827698347,,,61
48,25,almond hulls,compositional,glucose,vibrant,knife mill (2mm),,% dry weight,34.370000000000005,3,1,0.2861817604250841,0.832649870308653,,,62
48,25,almond hulls,compositional,glucan,vibrant,knife mill (2mm),,% dry weight,30.926666666666666,3,1,0.25735837529276845,0.8321568504831919,,,63
47,31,almond shells,compositional,xylose,vibrant,knife mill (2mm),,% dry weight,26.38666666666667,3,1,0.44792112400883016,1.6975282617818221,,,64
47,31,almond shells,compositional,xylan,vibrant,knife mill (2mm),,% dry weight,23.22333333333333,3,1,0.3910669166949996,1.6839396441581729,,,65
47,31,almond shells,compositional,glucan,vibrant,knife mill (2mm),,% dry weight,28.47,3,1,0.28792360097775993,1.0113227993598874,,,66
47,31,almond shells,compositional,lignin,vibrant,knife mill (2mm),,% dry weight,26.263333333333335,3,1,0.48086727205470514,1.8309453181420423,,,67
47,31,almond shells,compositional,glucose,vibrant,knife mill (2mm),,% dry weight,31.636666666666667,3,1,0.32005207909547084,1.0116491805778238,,,68
77,5,alfalfa,compositional,lignin,possessive,knife mill (2mm),,% dry weight,20.87,3,1,0.23388031127052966,1.1206531445641095,,,69
77,5,alfalfa,compositional,glucose,possessive,knife mill (2mm),,% dry weight,27.456666666666667,3,1,0.40054130040900043,1.4588125546036195,,,70
77,5,alfalfa,compositional,glucan,possessive,knife mill (2mm),,% dry weight,24.709999999999997,3,1,0.36013886210738255,1.4574620077190716,,,71
77,5,alfalfa,compositional,xylose,possessive,knife mill (2mm),,% dry weight,12.963333333333333,3,1,0.16196707484341807,1.249424593803688,,,72
77,5,alfalfa,compositional,xylan,possessive,knife mill (2mm),,% dry weight,11.406666666666666,3,1,0.1415391583037477,1.2408459231772153,,,73
81,27,rice straw,compositional,glucose,possessive,knife mill (2mm),,% dry weight,34.49333333333333,3,1,0.9479627278186272,2.748249114278974,,,74
81,27,rice straw,compositional,xylose,possessive,knife mill (2mm),,% dry weight,18.08,3,1,0.36592348927063995,2.0239131043730088,,,75
81,27,rice straw,compositional,arabinose,possessive,knife mill (2mm),,% dry weight,2.6166666666666667,3,1,0.04041451884327397,1.5445039048384956,,,76
81,27,rice straw,compositional,glucan,possessive,knife mill (2mm),,% dry weight,31.043333333333333,3,1,0.8494900431042925,2.736465295085233,,,77
81,27,rice straw,compositional,xylan,possessive,knife mill (2mm),,% dry weight,15.913333333333332,3,1,0.3208322510804251,2.016122231339077,,,78
81,27,rice straw,compositional,lignin,possessive,knife mill (2mm),,% dry weight,16.900000000000002,3,1,0.1322875655532294,0.7827666600782804,,,79
81,27,rice straw,compositional,arabinan,possessive,knife mill (2mm),,% dry weight,2.3066666666666666,3,1,0.03214550253664317,1.3935911504325071,,,80
125,26,spent oak chips,compositional,glucan,rigging,oven dry + knife mill (2mm),,% dry weight,40.026666666666664,3,1,0.8161699169494879,2.0390654154301,,,81
125,26,spent oak chips,compositional,lignin,rigging,oven dry + knife mill (2mm),,% dry weight,27.87,3,1,0.18999999999999867,0.6817366343738739,,,82
125,26,spent oak chips,compositional,xylan,rigging,oven dry + knife mill (2mm),,% dry weight,17.043333333333333,3,1,0.18823743871327386,1.1044637514958373,,,83
125,26,spent oak chips,compositional,xylose,rigging,oven dry + knife mill (2mm),,% dry weight,19.37,3,1,0.21702534414210709,1.1204199491074192,,,84
125,26,spent oak chips,compositional,glucose,rigging,oven dry + knife mill (2mm),,% dry weight,44.47666666666667,3,1,0.9078178965703052,2.0411104621980933,,,85
145,35,almond branches,compositional,glucan,humorous,knife mill (2mm),,% dry weight,22.756666666666664,3,1,0.37819747927945446,1.6619194929520484,,,86
145,35,almond branches,compositional,glucose,humorous,knife mill (2mm),,% dry weight,25.28333333333333,3,1,0.4186088070422481,1.655670957319373,,,87
145,35,almond branches,compositional,xylose,humorous,knife mill (2mm),,% dry weight,15.046666666666667,3,1,0.31879983270593726,2.118740580677474,,,88
145,35,almond branches,compositional,lignin,humorous,knife mill (2mm),,% dry weight,38.20666666666667,3,1,0.41198705481281,1.0783119564111237,,,89
145,35,almond branches,compositional,xylan,humorous,knife mill (2mm),,% dry weight,13.24,3,1,0.27838821814150055,2.102630046385956,,,90
55,22,walnut tree sticks,compositional,glucan,energetic,oven dry + knife mill (2mm),,% dry weight,23.590000000000003,3,1,0.35679125549822505,1.5124682301747563,,,91
55,22,walnut tree sticks,compositional,xylan,energetic,oven dry + knife mill (2mm),,% dry weight,13.143333333333333,3,1,0.05686240703077304,0.4326330740358081,,,92
55,22,walnut tree sticks,compositional,xylose,energetic,oven dry + knife mill (2mm),,% dry weight,14.94,3,1,0.062449979983984646,0.4180052207763363,,,93
55,22,walnut tree sticks,compositional,glucose,energetic,oven dry + knife mill (2mm),,% dry weight,26.209999999999997,3,1,0.40261644278394726,1.5361176756350525,,,94
55,22,walnut tree sticks,compositional,lignin,energetic,oven dry + knife mill (2mm),,% dry weight,32.01,3,1,0.11269427669584657,0.3520595960507547,,,95
32,23,grape pomace,compositional,glucan,ebony,oven dry,,% dry weight,7.609999999999999,3,1,1.7714683175264523,23.278164487864025,,,96
32,23,grape pomace,compositional,glucose,ebony,oven dry,,% dry weight,8.456666666666665,3,1,1.96871362400257,23.28001920381439,,,97
32,23,grape pomace,compositional,xylan,ebony,oven dry,,% dry weight,4.896666666666667,3,1,1.7591001487503017,35.9244414312519,,,98
32,23,grape pomace,compositional,xylose,ebony,oven dry,,% dry weight,5.566666666666667,3,1,1.9993082136912594,35.915716413615435,,,99
32,23,grape pomace,compositional,lignin,ebony,oven dry,,% dry weight,48.67333333333334,3,1,0.9514375088955299,1.9547408072090051,,,100
37,33,sweet potato culls,compositional,xylan,tackle,oven dry,,% dry weight,3.176666666666667,3,1,0.04041451884327397,1.272230393807155,,,101
37,33,sweet potato culls,compositional,glucose,tackle,oven dry,,% dry weight,60.20000000000001,3,1,0.4613025037868328,0.7662832288817819,,,102
37,33,sweet potato culls,compositional,lignin,tackle,oven dry,,% dry weight,8.706666666666667,3,1,0.1401189970465577,1.6093299813923168,,,103
37,33,sweet potato culls,compositional,xylose,tackle,oven dry,,% dry weight,3.61,3,1,0.043588989435406726,1.2074512308976932,,,104
37,33,sweet potato culls,compositional,glucan,tackle,oven dry,,% dry weight,54.17666666666667,3,1,0.4110150037812895,0.7586568703278586,,,105
69,29,corn stover stalks,compositional,lignin,caterpillar,knife mill (2mm),,% dry weight,22.08666666666667,3,1,0.12662279942148388,0.5732997257235913,,,106
69,29,corn stover stalks,compositional,glucose,caterpillar,knife mill (2mm),,% dry weight,45.093333333333334,3,1,0.20550750189064293,0.455738102950864,,,107
69,29,corn stover stalks,compositional,xylan,caterpillar,knife mill (2mm),,% dry weight,19.560000000000002,3,1,0.0458257569495582,0.2342830109895613,,,108
69,29,corn stover stalks,compositional,xylose,caterpillar,knife mill (2mm),,% dry weight,22.22666666666667,3,1,0.05131601439446752,0.23087588959718439,,,109
69,29,corn stover stalks,compositional,glucan,caterpillar,knife mill (2mm),,% dry weight,40.586666666666666,3,1,0.18502252115170376,0.4558702065170099,,,110
18,34,grape stem,compositional,xylose,maplewood,oven dry,,% dry weight,9.036666666666667,3,1,0.12503332889007365,1.38362223043239,,,111
18,34,grape stem,compositional,lignin,maplewood,oven dry,,% dry weight,27.100000000000005,3,1,0.24576411454889024,0.9068786514719195,,,112
18,34,grape stem,compositional,xylan,maplewood,oven dry,,% dry weight,7.95,3,1,0.11357816691600539,1.4286561876227093,,,113
18,34,grape stem,compositional,glucan,maplewood,oven dry,,% dry weight,24.94666666666667,3,1,0.27970222261064315,1.1212007854515358,,,114
18,34,grape stem,compositional,glucose,maplewood,oven dry,,% dry weight,27.72,3,1,0.3099999999999995,1.1183261183261164,,,115
80,20,wheat straw,compositional,arabinan,possessive,knife mill (2mm),,% dry weight,1.8533333333333335,3,1,0.058594652770823076,3.1615819840372157,,,116
80,20,wheat straw,compositional,xylose,possessive,knife mill (2mm),,% dry weight,21.996666666666666,3,1,0.046188021535171125,0.20997736718519985,,,117
80,20,wheat straw,compositional,glucose,possessive,knife mill (2mm),,% dry weight,37.97,3,1,0.10583005244258539,0.2787201802543729,,,118
80,20,wheat straw,compositional,arabinose,possessive,knife mill (2mm),,% dry weight,2.106666666666667,3,1,0.06429100507328642,3.051788215504102,,,119
80,20,wheat straw,compositional,glucan,possessive,knife mill (2mm),,% dry weight,34.17333333333334,3,1,0.09451631252505216,0.27657914316733945,,,120
80,20,wheat straw,compositional,xylan,possessive,knife mill (2mm),,% dry weight,19.356666666666666,3,1,0.046188021535171125,0.23861557534960112,,,121
80,20,wheat straw,compositional,lignin,possessive,knife mill (2mm),,% dry weight,16.58,3,1,0.21702534414210595,1.308958649831761,,,122
123,26,spent oak chips,compositional,xylose,rigging,oven dry + knife mill (2mm),,% dry weight,23.423333333333332,3,1,0.8658136828055627,3.696372631872333,,,123
123,26,spent oak chips,compositional,glucose,rigging,oven dry + knife mill (2mm),,% dry weight,44.79666666666666,3,1,1.6551233589474004,3.6947466901125097,,,124
123,26,spent oak chips,compositional,xylan,rigging,oven dry + knife mill (2mm),,% dry weight,20.613333333333333,3,1,0.7600219295081769,3.6870404083514408,,,125
123,26,spent oak chips,compositional,glucan,rigging,oven dry + knife mill (2mm),,% dry weight,40.31333333333333,3,1,1.4901789601699955,3.696491549950377,,,126
123,26,spent oak chips,compositional,lignin,rigging,oven dry + knife mill (2mm),,% dry weight,26.593333333333334,3,1,0.23158871590242455,0.8708525290890871,,,127
147,31,almond shells,compositional,lignin,humorous,knife mill (2mm),,% dry weight,33.629999999999995,3,1,0.9374433316206374,2.7875210574506024,,,128
147,31,almond shells,compositional,xylan,humorous,knife mill (2mm),,% dry weight,14.993333333333332,3,1,2.4113136115680454,16.08257188684779,,,129
147,31,almond shells,compositional,xylose,humorous,knife mill (2mm),,% dry weight,17.036666666666665,3,1,2.7433070067590575,16.10236943900836,,,130
147,31,almond shells,compositional,glucose,humorous,knife mill (2mm),,% dry weight,21.753333333333334,3,1,3.458342570268788,15.897989137000252,,,131
147,31,almond shells,compositional,glucan,humorous,knife mill (2mm),,% dry weight,19.580000000000002,3,1,3.1177074910902083,15.9229187491839,,,132
67,21,corn stover husks,compositional,glucose,caterpillar,knife mill (2mm),,% dry weight,44.86333333333334,3,1,0.8008953323208557,1.7851890905435523,,,133
67,21,corn stover husks,compositional,lignin,caterpillar,knife mill (2mm),,% dry weight,18.569999999999997,3,1,0.06928203230275566,0.3730857959222169,,,134
67,21,corn stover husks,compositional,glucan,caterpillar,knife mill (2mm),,% dry weight,40.376666666666665,3,1,0.7147260547463844,1.7701462595881723,,,135
67,21,corn stover husks,compositional,xylan,caterpillar,knife mill (2mm),,% dry weight,21.61,3,1,0.28000000000000114,1.2956964368348038,,,136
67,21,corn stover husks,compositional,xylose,caterpillar,knife mill (2mm),,% dry weight,24.55666666666667,3,1,0.3200520790954708,1.3033205338488019,,,137
150,35,almond branches,compositional,glucan,capstan,knife mill (2mm),,% dry weight,21.929999999999996,3,1,0.19672315572906043,0.897050413721206,,,138
51,15,almond shells and hulls mix,compositional,glucose,tiny,knife mill (2mm),,% dry weight,25.676666666666666,3,1,1.0325373278159664,4.021305963193431,,,139
51,15,almond shells and hulls mix,compositional,xylan,tiny,knife mill (2mm),,% dry weight,19.05666666666667,3,1,0.7166821703749396,3.760795016835436,,,140
51,15,almond shells and hulls mix,compositional,xylose,tiny,knife mill (2mm),,% dry weight,21.653333333333336,3,1,0.8111925377697542,3.7462709564489876,,,141
150,35,almond branches,compositional,xylan,capstan,knife mill (2mm),,% dry weight,12.799999999999999,3,1,0.11357816691600509,0.8873294290312898,,,142
51,15,almond shells and hulls mix,compositional,lignin,tiny,knife mill (2mm),,% dry weight,28.189999999999998,3,2,1.1294246322796395,4.006472622488967,0.5939696961966998,2.1070226895945368,"143,148"
150,35,almond branches,compositional,glucose,capstan,knife mill (2mm),,% dry weight,24.366666666666664,3,1,0.21733231083604065,0.8919246682737648,,,144
150,35,almond branches,compositional,xylose,capstan,knife mill (2mm),,% dry weight,14.543333333333331,3,1,0.12858201014657267,0.8841302554199358,,,145
150,35,almond branches,compositional,lignin,capstan,knife mill (2mm),,% dry weight,44.026666666666664,3,1,0.4393555887129861,0.9979306224552986,,,146
51,15,almond shells and hulls mix,compositional,glucan,tiny,knife mill (2mm),,% dry weight,23.11,3,1,0.9315041599477698,4.030740631535135,,,147
57,19,walnut shells,compositional,glucose,energetic,oven dry + knife mill (2mm),,% dry weight,11.813333333333333,3,1,0.45445938579078055,3.8470038300573974,,,149
107,23,grape pomace,compositional,xylan,boatswain,oven dry + knife mill (2mm),,% dry weight,4.603333333333333,3,1,0.08504900548115424,1.847552617258963,,,150
57,19,walnut shells,compositional,glucan,energetic,oven dry + knife mill (2mm),,% dry weight,10.63,3,1,0.4095119045888656,3.8524167882301557,,,151
57,19,walnut shells,compositional,lignin,energetic,oven dry + knife mill (2mm),,% dry weight,49.32,3,1,0.36290494623248404,0.7358170037154989,,,152
57,19,walnut shells,compositional,xylose,energetic,oven dry + knife mill (2mm),,% dry weight,18.895,4,1,9.037040444747383,47.827681634016315,,,153
107,23,grape pomace,compositional,glucan,boatswain,oven dry + knife mill (2mm),,% dry weight,14.293333333333331,3,1,0.37421027956662767,2.6180756499530857,,,154
107,23,grape pomace,compositional,glucose,boatswain,oven dry + knife mill (2mm),,% dry weight,15.883333333333331,3,1,0.4176521678781674,2.629499482968525,,,155
107,23,grape pomace,compositional,lignin,boatswain,oven dry + knife mill (2mm),,% dry weight,49.54666666666666,3,1,0.5701169470672963,1.150666604683725,,,156
57,19,walnut shells,compositional,xylan,energetic,oven dry + knife mill (2mm),,% dry weight,20.603333333333335,3,1,0.0907377172587745,0.440403092988713,,,157
107,23,grape pomace,compositional,xylose,boatswain,oven dry + knife mill (2mm),,% dry weight,5.1850000000000005,2,1,0.0636396103067898,1.227379176601539,,,158
95,37,tomato pomace,compositional,glucan,oakleaf,oven dry + knife mill (2mm),,% dry weight,12.953333333333333,3,1,0.8047566920090407,6.212738229611739,,,159
95,37,tomato pomace,compositional,glucose,oakleaf,oven dry + knife mill (2mm),,% dry weight,14.39,3,1,0.894371287553441,6.2152278495722095,,,160
95,37,tomato pomace,compositional,xylose,oakleaf,oven dry + knife mill (2mm),,% dry weight,9.866666666666665,3,1,0.08736894948054115,0.8854961096000794,,,161
95,37,tomato pomace,compositional,xylan,oakleaf,oven dry + knife mill (2mm),,% dry weight,8.68,3,1,0.08185352771872449,0.9430129921512039,,,162
95,37,tomato pomace,compositional,lignin,oakleaf,oven dry + knife mill (2mm),,% dry weight,35.96666666666667,3,1,0.44377171308380103,1.2338416489818378,,,163
2,37,tomato pomace,compositional,glucose,oakleaf,oven dry,,% dry weight,15.723333333333334,3,1,0.037859388972002035,0.24078475072293004,,,164
2,37,tomato pomace,compositional,glucan,oakleaf,oven dry,,% dry weight,14.15333333333333,3,1,0.030550504633039252,0.21585377743551054,,,165
2,37,tomato pomace,compositional,lignin+,oakleaf,oven dry,,% dry weight,40.10666666666666,3,1,0.6934935712271139,1.7291229335782428,,,166
2,37,tomato pomace,compositional,xylose,oakleaf,oven dry,,% dry weight,10.816666666666668,3,1,0.3647373484212079,3.3719939761590862,,,167
2,37,tomato pomace,compositional,xylan,oakleaf,oven dry,,% dry weight,9.520000000000001,3,1,0.32449961479175954,3.4086093990731037,,,168
146,25,almond hulls,compositional,xylan,humorous,knife mill (2mm),,% dry weight,7.293333333333333,3,1,0.1365039681962884,1.8716266206072454,,,169
146,25,almond hulls,compositional,xylose,humorous,knife mill (2mm),,% dry weight,8.29,3,1,0.15716233645501743,1.8958062298554579,,,170
146,25,almond hulls,compositional,glucose,humorous,knife mill (2mm),,% dry weight,25.36,3,1,0.3553871128783363,1.4013687416338183,,,171
146,25,almond hulls,compositional,lignin,humorous,knife mill (2mm),,% dry weight,20.203333333333333,3,1,0.25813433195399127,1.2776818938491565,,,172
146,25,almond hulls,compositional,glucan,humorous,knife mill (2mm),,% dry weight,22.823333333333334,3,1,0.3177000681985042,1.3919967936256938,,,173
135,34,grape stem,compositional,xylan,rigging,oven dry + knife mill (2mm),,% dry weight,4.843333333333333,3,1,1.4524921112809301,29.989513653425952,,,174
135,34,grape stem,compositional,glucose,rigging,oven dry + knife mill (2mm),,% dry weight,18.606666666666666,3,1,5.585743758295158,30.02012052111336,,,175
135,34,grape stem,compositional,xylose,rigging,oven dry + knife mill (2mm),,% dry weight,5.503333333333333,3,1,1.6471288150394714,29.929657450747516,,,176
135,34,grape stem,compositional,lignin,rigging,oven dry + knife mill (2mm),,% dry weight,36.62666666666667,3,1,0.9251126057585266,2.5257897863811243,,,177
135,34,grape stem,compositional,glucan,rigging,oven dry + knife mill (2mm),,% dry weight,16.75,3,1,5.02930412681516,30.02569627949349,,,178
72,35,almond branches,compositional,glucan,humorous,knife mill (2mm),,% dry weight,25.98,3,1,0.3100000000000001,1.1932255581216324,,,179
72,35,almond branches,compositional,xylose,humorous,knife mill (2mm),,% dry weight,17.32,3,1,0.16703293088489998,0.9643933653862586,,,180
72,35,almond branches,compositional,lignin,humorous,knife mill (2mm),,% dry weight,35.413333333333334,3,1,0.503421625810147,1.421559560834376,,,181
72,35,almond branches,compositional,glucose,humorous,knife mill (2mm),,% dry weight,28.866666666666664,3,1,0.3421013495052785,1.185108601057547,,,182
165,14,olive stems / leaves,compositional,lignin,excellent,oven dry + knife mill (2mm),,% dry weight,51.25,3,1,0.2042057785666183,0.3984502996421821,,,183
165,14,olive stems / leaves,compositional,xylose,excellent,oven dry + knife mill (2mm),,% dry weight,13.656666666666666,3,1,0.35949038002891515,2.6323435198602527,,,184
165,14,olive stems / leaves,compositional,glucan,excellent,oven dry + knife mill (2mm),,% dry weight,14.143333333333333,3,1,0.2914332399252586,2.06056969072773,,,185
165,14,olive stems / leaves,compositional,glucose,excellent,oven dry + knife mill (2mm),,% dry weight,15.713333333333333,3,1,0.32129944496269136,2.044756756232656,,,186
72,35,almond branches,compositional,xylan,humorous,knife mill (2mm),,% dry weight,15.24,3,1,0.14730919862656272,0.9665957915128788,,,187
165,14,olive stems / leaves,compositional,xylan,excellent,oven dry + knife mill (2mm),,% dry weight,12.016666666666666,3,1,0.3162804662531866,2.632014975754674,,,188
143,31,almond shells,compositional,glucose,tiny,knife mill (2mm),,% dry weight,25.373333333333335,3,1,0.15821925715074533,0.6235651227696216,,,189
143,31,almond shells,compositional,lignin,tiny,knife mill (2mm),,% dry weight,30.396666666666665,3,1,0.4152509281546931,1.3661067929203634,,,190
143,31,almond shells,compositional,xylan,tiny,knife mill (2mm),,% dry weight,19.033333333333335,3,1,0.01154700538379227,0.060667278723952375,,,191
143,31,almond shells,compositional,glucan,tiny,knife mill (2mm),,% dry weight,22.836666666666662,3,1,0.14294521094927776,0.6259460412316937,,,192
143,31,almond shells,compositional,xylose,tiny,knife mill (2mm),,% dry weight,21.63,3,1,0.01732050807568943,0.08007632027595668,,,193
162,31,almond shells,compositional,glucan,humorous,knife mill (2mm),,% dry weight,23.83666666666667,3,1,0.25423086620891144,1.066553766783295,,,194
162,31,almond shells,compositional,xylan,humorous,knife mill (2mm),,% dry weight,19.316666666666666,3,1,0.3208322510804243,1.6609089788460274,,,195
162,31,almond shells,compositional,xylose,humorous,knife mill (2mm),,% dry weight,21.953333333333333,3,1,0.3655589327773734,1.6651636780020045,,,196
162,31,almond shells,compositional,lignin,humorous,knife mill (2mm),,% dry weight,29.593333333333334,3,1,0.19425069712444748,0.6564001930314738,,,197
162,31,almond shells,compositional,glucose,humorous,knife mill (2mm),,% dry weight,26.486666666666665,3,1,0.2837839553839029,1.0714219307220096,,,198
161,25,almond hulls,compositional,xylan,humorous,knife mill (2mm),,% dry weight,6.97,3,1,1.548805991723947,22.221032879827074,,,199
161,25,almond hulls,compositional,glucose,humorous,knife mill (2mm),,% dry weight,23.233333333333334,3,1,4.965252595118735,21.37124502920546,,,200
161,25,almond hulls,compositional,lignin,humorous,knife mill (2mm),,% dry weight,22.026666666666667,3,1,0.0814452781524721,0.36975761873095686,,,201
161,25,almond hulls,compositional,xylose,humorous,knife mill (2mm),,% dry weight,7.923333333333332,3,1,1.7600094696714934,22.212992886051666,,,202
161,25,almond hulls,compositional,glucan,humorous,knife mill (2mm),,% dry weight,20.913333333333338,3,1,4.47160299370744,21.38158906777545,,,203
14,23,grape pomace,compositional,xylose,maplewood,oven dry,,% dry weight,9.363333333333335,3,1,0.28571547618799564,3.051429079971473,,,204
14,23,grape pomace,compositional,glucan,maplewood,oven dry,,% dry weight,7.8933333333333335,3,1,0.10692676621563656,1.3546465314480982,,,205
14,23,grape pomace,compositional,glucose,maplewood,oven dry,,% dry weight,8.776666666666666,3,1,0.11846237095944527,1.3497421681668662,,,206
14,23,grape pomace,compositional,lignin+,maplewood,oven dry,,% dry weight,53.47666666666667,3,1,0.4340890845590735,0.8117354944070441,,,207
14,23,grape pomace,compositional,xylan,maplewood,oven dry,,% dry weight,8.236666666666666,3,1,0.24785748593361678,3.0091965107278447,,,208
149,25,almond hulls,compositional,glucan,capstan,knife mill (2mm),,% dry weight,24.816666666666666,3,1,0.7105866121264408,2.863344306755302,,,209
149,25,almond hulls,compositional,lignin,capstan,knife mill (2mm),,% dry weight,26.233333333333334,3,1,0.1814754345175495,0.6917742103591468,,,210
149,25,almond hulls,compositional,xylan,capstan,knife mill (2mm),,% dry weight,9.926666666666668,3,1,0.3007213549672403,3.029429365015852,,,211
149,25,almond hulls,compositional,glucose,capstan,knife mill (2mm),,% dry weight,27.573333333333334,3,1,0.788056681548564,2.8580392222505946,,,212
149,25,almond hulls,compositional,xylose,capstan,knife mill (2mm),,% dry weight,11.276666666666666,3,1,0.3442867022313429,3.053089289666062,,,213
175,28,walnut shelling fines,compositional,glucose,cutaway,as is,,% dry weight,11.876666666666667,3,1,0.20647840887931404,1.7385215454334606,,,214
175,28,walnut shelling fines,compositional,xylose,cutaway,as is,,% dry weight,12.316666666666668,3,1,1.0610529361598011,8.614773500620847,,,215
175,28,walnut shelling fines,compositional,glucan,cutaway,as is,,% dry weight,10.686666666666667,3,1,0.18929694486000878,1.771337600062465,,,216
175,28,walnut shelling fines,compositional,xylan,cutaway,as is,,% dry weight,10.836666666666666,3,1,0.9302866941611785,8.584620370604538,,,217
175,28,walnut shelling fines,compositional,lignin,cutaway,as is,,% dry weight,52.54,3,1,0.240000000000002,0.4567948229920099,,,218
154,25,almond hulls,compositional,lignin,capstan,knife mill (2mm),,% dry weight,24.429999999999996,3,1,0.29597297173897463,1.2115144156323154,,,219
154,25,almond hulls,compositional,xylan,capstan,knife mill (2mm),,% dry weight,10.453333333333335,3,1,0.2571640202931457,2.460114990049225,,,220
154,25,almond hulls,compositional,glucose,capstan,knife mill (2mm),,% dry weight,29.650000000000002,3,1,0.3421987726453719,1.154127395094003,,,221
154,25,almond hulls,compositional,xylose,capstan,knife mill (2mm),,% dry weight,11.88,3,1,0.28930952282978817,2.4352653436850855,,,222
154,25,almond hulls,compositional,glucan,capstan,knife mill (2mm),,% dry weight,26.686666666666667,3,1,0.3043572462310258,1.1404843101337465,,,223
79,5,alfalfa,compositional,xylan,possessive,knife mill (2mm),,% dry weight,13.303333333333333,3,1,0.3685557397916002,2.7704014517033344,,,224
79,5,alfalfa,compositional,glucose,possessive,knife mill (2mm),,% dry weight,31.49666666666667,3,1,0.9555277773740198,3.0337425464303727,,,225
79,5,alfalfa,compositional,xylose,possessive,knife mill (2mm),,% dry weight,15.116666666666667,3,1,0.4196824196143239,2.776289435155395,,,226
79,5,alfalfa,compositional,glucan,possessive,knife mill (2mm),,% dry weight,28.346666666666668,3,1,0.8602519010925415,3.034755060298241,,,227
79,5,alfalfa,compositional,lignin,possessive,knife mill (2mm),,% dry weight,22.266666666666666,3,1,0.24440403706431169,1.0976229209475077,,,228
164,32,olive pomace,compositional,glucan,excellent,oven dry + knife mill (2mm),,% dry weight,11.47,3,1,0.06244997998398365,0.5444636441498139,,,229
164,32,olive pomace,compositional,lignin,excellent,oven dry + knife mill (2mm),,% dry weight,46.73333333333333,3,1,0.2829016319029155,0.6053529926595911,,,230
164,32,olive pomace,compositional,glucose,excellent,oven dry + knife mill (2mm),,% dry weight,12.746666666666664,3,1,0.06806859285554069,0.5340109272139699,,,231
164,32,olive pomace,compositional,xylan,excellent,oven dry + knife mill (2mm),,% dry weight,14.273333333333333,3,1,0.30534133905079597,2.139243384288622,,,232
164,32,olive pomace,compositional,xylose,excellent,oven dry + knife mill (2mm),,% dry weight,16.22,3,1,0.34044089061098476,2.0988957497594622,,,233
124,26,spent oak chips,compositional,glucan,rigging,oven dry + knife mill (2mm),,% dry weight,36.27333333333333,3,1,8.66197052253893,23.87972024225031,,,234
124,26,spent oak chips,compositional,lignin,rigging,oven dry + knife mill (2mm),,% dry weight,43.11666666666667,3,1,0.36665151483845526,0.8503707340667691,,,235
124,26,spent oak chips,compositional,xylan,rigging,oven dry + knife mill (2mm),,% dry weight,4.503333333333333,3,1,1.0406888744160445,23.109301430408095,,,236
124,26,spent oak chips,compositional,xylose,rigging,oven dry + knife mill (2mm),,% dry weight,5.116666666666667,3,1,1.1853410198475938,23.16627400353603,,,237
124,26,spent oak chips,compositional,glucose,rigging,oven dry + knife mill (2mm),,% dry weight,40.300000000000004,3,1,9.622245060275693,23.876538611105936,,,238
122,26,spent oak chips,compositional,lignin,rigging,oven dry + knife mill (2mm),,% dry weight,27.95,3,1,0.48774993593028665,1.7450802716647107,,,239
122,26,spent oak chips,compositional,glucan,rigging,oven dry + knife mill (2mm),,% dry weight,34.35333333333333,3,1,8.530031262154512,24.83028700413695,,,240
122,26,spent oak chips,compositional,glucose,rigging,oven dry + knife mill (2mm),,% dry weight,38.17333333333333,3,1,9.474646871167986,24.820066899671637,,,241
122,26,spent oak chips,compositional,xylose,rigging,oven dry + knife mill (2mm),,% dry weight,19.933333333333334,3,1,4.845217573374114,24.30711157211094,,,242
122,26,spent oak chips,compositional,xylan,rigging,oven dry + knife mill (2mm),,% dry weight,17.54,3,1,4.262018301227718,24.298850064012075,,,243
133,9,pistachio hulls,compositional,glucose,stuntman,oven dry + knife mill (2mm),,% dry weight,12.653333333333334,3,1,0.19008769905844286,1.502273701726366,,,244
133,9,pistachio hulls,compositional,xylan,stuntman,oven dry + knife mill (2mm),,% dry weight,7.923333333333333,3,1,0.1950213663508004,2.4613550654286964,,,245
133,9,pistachio hulls,compositional,glucan,stuntman,oven dry + knife mill (2mm),,% dry weight,11.386666666666668,3,1,0.1650252505931542,1.4492849876447966,,,246
133,9,pistachio hulls,compositional,lignin,stuntman,oven dry + knife mill (2mm),,% dry weight,42.846666666666664,3,1,0.4544593857907799,1.0606645070579896,,,247
133,9,pistachio hulls,compositional,xylose,stuntman,oven dry + knife mill (2mm),,% dry weight,9.006666666666666,3,1,0.22007574453658818,2.443476068133844,,,248
54,12,almond woodchips,compositional,xylose,popular,knife mill (2mm),,% dry weight,21.426666666666666,3,1,0.11239810200058373,0.5245711045453503,,,249
54,12,almond woodchips,compositional,lignin,popular,knife mill (2mm),,% dry weight,29.263333333333335,3,1,0.3165964834506757,1.0818879716961236,,,250
54,12,almond woodchips,compositional,xylan,popular,knife mill (2mm),,% dry weight,18.853333333333335,3,1,0.09712534856222396,0.5151627398986419,,,251
54,12,almond woodchips,compositional,glucose,popular,knife mill (2mm),,% dry weight,35.583333333333336,3,1,0.34775470281986803,0.9772965887209405,,,252
54,12,almond woodchips,compositional,glucan,popular,knife mill (2mm),,% dry weight,32.02666666666667,3,1,0.31564748269760295,0.985577069205671,,,253
29,6,unused oak stick,compositional,lignin,maplewood,knife mill (2mm),,% dry weight,35.67666666666667,3,1,0.47184036848634947,1.3225461136681755,,,254
29,6,unused oak stick,compositional,xylan,maplewood,knife mill (2mm),,% dry weight,13.959999999999999,3,1,0.14106735979665855,1.0105111733284997,,,255
29,6,unused oak stick,compositional,glucan,maplewood,knife mill (2mm),,% dry weight,39.29666666666667,3,1,0.4768997099321117,1.213588200692455,,,256
29,6,unused oak stick,compositional,xylose,maplewood,knife mill (2mm),,% dry weight,15.866666666666667,3,1,0.16563010998406377,1.0438872477987213,,,257
29,6,unused oak stick,compositional,glucose,maplewood,knife mill (2mm),,% dry weight,43.663333333333334,3,1,0.5281413952090225,1.20957644524549,,,258
228,22,walnut tree sticks,compositional,lignin,badger,chipper (1in) + oven dry + knife mill (2mm),,% dry weight,28.866666666666664,3,1,0.47479820274863405,1.6447974691061227,,,259
228,22,walnut tree sticks,compositional,xylose,badger,chipper (1in) + oven dry + knife mill (2mm),,% dry weight,17.150000000000002,3,1,0.44508426168535803,2.595243508369434,,,260
27,26,spent oak chips,compositional,xylan,maplewood,knife mill (2mm),,% dry weight,6.56,3,1,0.09539392014169458,1.454175611916076,,,261
228,22,walnut tree sticks,compositional,glucan,badger,chipper (1in) + oven dry + knife mill (2mm),,% dry weight,33.98,3,1,0.5838664230797996,1.718264929605061,,,262
27,26,spent oak chips,compositional,lignin,maplewood,knife mill (2mm),,% dry weight,44.52,3,2,0.37509998667021893,0.8425426475072303,0.1803122292025664,0.4050139919195112,"263,269"
228,22,walnut tree sticks,compositional,xylan,badger,chipper (1in) + oven dry + knife mill (2mm),,% dry weight,15.093333333333334,3,1,0.38656607887052497,2.561171017251711,,,264
27,26,spent oak chips,compositional,glucan,maplewood,knife mill (2mm),,% dry weight,41.68,3,1,0.48538644398046293,1.1645548080145462,,,265
27,26,spent oak chips,compositional,xylose,maplewood,knife mill (2mm),,% dry weight,7.456666666666666,3,1,0.10692676621563632,1.4339754074515378,,,266
228,22,walnut tree sticks,compositional,glucose,badger,chipper (1in) + oven dry + knife mill (2mm),,% dry weight,37.75333333333334,3,1,0.648099786555539,1.7166690443816148,,,267
27,26,spent oak chips,compositional,glucose,maplewood,knife mill (2mm),,% dry weight,46.31,3,1,0.5408326913195972,1.16785292878341,,,268
53,35,almond branches,compositional,xylan,vibrant,knife mill (2mm),,% dry weight,14.796666666666667,3,1,0.7765522090196725,5.248156402475821,,,270
53,35,almond branches,compositional,glucose,vibrant,knife mill (2mm),,% dry weight,27.53,3,1,1.055319856725913,3.8333449209077846,,,271
53,35,almond branches,compositional,lignin,vibrant,knife mill (2mm),,% dry weight,33.943333333333335,3,1,0.6038487669386553,1.7789907697299083,,,272
53,35,almond branches,compositional,xylose,vibrant,knife mill (2mm),,% dry weight,16.816666666666666,3,1,0.880473357537485,5.235718677130734,,,273
53,35,almond branches,compositional,glucan,vibrant,knife mill (2mm),,% dry weight,24.78,3,1,0.9509468965194638,3.837558097334398,,,274
155,27,rice straw,compositional,lignin,possessive,knife mill (2mm),,% dry weight,18.95,3,1,0.16703293088489965,0.8814402685218979,,,275
155,27,rice straw,compositional,glucan,possessive,knife mill (2mm),,% dry weight,33.63999999999999,3,1,0.47623523599162554,1.4156814387384828,,,276
155,27,rice straw,compositional,xylan,possessive,knife mill (2mm),,% dry weight,16.74,3,1,0.5615158056546568,3.3543357565989056,,,277
155,27,rice straw,compositional,xylose,possessive,knife mill (2mm),,% dry weight,19.023333333333333,3,1,0.6351640208114219,3.338868166171834,,,278
155,27,rice straw,compositional,glucose,possessive,knife mill (2mm),,% dry weight,37.38,3,1,0.5291502622129176,1.4155972771881156,,,279
97,37,tomato pomace,compositional,xylose,gossamer,oven dry + knife mill (2mm),,% dry weight,10.68,3,1,1.1323868596906275,10.602873218077038,,,280
97,37,tomato pomace,compositional,lignin,gossamer,oven dry + knife mill (2mm),,% dry weight,48.666666666666664,3,1,1.4670151101244089,3.0144146098446756,,,281
97,37,tomato pomace,compositional,xylan,gossamer,oven dry + knife mill (2mm),,% dry weight,9.396666666666667,3,1,0.9944512724781102,10.583021700724833,,,282
97,37,tomato pomace,compositional,glucan,gossamer,oven dry + knife mill (2mm),,% dry weight,6.533333333333334,3,1,0.9752093792275239,14.926674171849855,,,283
97,37,tomato pomace,compositional,glucose,gossamer,oven dry + knife mill (2mm),,% dry weight,7.260000000000001,3,1,1.0853110153315495,14.949187539002057,,,284
6,37,tomato pomace,compositional,lignin+,pinecrest,oven dry,,% dry weight,31.349999999999998,3,1,0.7351190379795634,2.344877314129389,,,285
6,37,tomato pomace,compositional,xylan,pinecrest,oven dry,,% dry weight,8.673333333333334,3,1,0.19425069712444576,2.239631404201911,,,286
6,37,tomato pomace,compositional,xylose,pinecrest,oven dry,,% dry weight,9.856666666666666,3,1,0.21501937897160192,2.181461403161332,,,287
6,37,tomato pomace,compositional,glucose,pinecrest,oven dry,,% dry weight,21.076666666666664,3,1,0.07505553499465062,0.3561072354641023,,,288
6,37,tomato pomace,compositional,glucan,pinecrest,oven dry,,% dry weight,18.973333333333333,3,1,0.07023769168568528,0.3701916287017847,,,289
131,11,pistachio stems & leaves,compositional,xylan,tripod,oven dry + knife mill (2mm),,% dry weight,12.013333333333334,3,1,0.8303212229814037,6.911663898291373,,,290
131,11,pistachio stems & leaves,compositional,glucan,tripod,oven dry + knife mill (2mm),,% dry weight,12.503333333333336,3,1,0.18009256878986823,1.4403564552642085,,,291
131,11,pistachio stems & leaves,compositional,lignin,tripod,oven dry + knife mill (2mm),,% dry weight,33.973333333333336,3,1,0.3253203549323849,0.9575756130270356,,,292
131,11,pistachio stems & leaves,compositional,xylose,tripod,oven dry + knife mill (2mm),,% dry weight,13.646666666666667,3,1,0.9470656436242068,6.939904569791451,,,293
131,11,pistachio stems & leaves,compositional,arabinose,tripod,oven dry + knife mill (2mm),,% dry weight,1.6366666666666667,3,1,0.057735026918962505,3.5275983860873215,,,294
131,11,pistachio stems & leaves,compositional,glucose,tripod,oven dry + knife mill (2mm),,% dry weight,13.893333333333333,3,1,0.19731531449264936,1.4202157952925818,,,295
131,11,pistachio stems & leaves,compositional,arabinan,tripod,oven dry + knife mill (2mm),,% dry weight,1.4399999999999997,3,1,0.05196152422706637,3.608439182435165,,,296
82,20,wheat straw,compositional,xylose,wardrobe,knife mill (2mm),,% dry weight,22.988333333333333,6,2,0.6957418103482539,3.0264995737617078,0.5680424475531916,2.4710031793802285,"297,306"
82,20,wheat straw,compositional,lignin,wardrobe,knife mill (2mm),,% dry weight,19.26833333333333,6,2,2.699447474330009,14.009761133102721,3.481322386041768,18.067584392570375,"298,312"
82,20,wheat straw,compositional,arabinan,wardrobe,knife mill (2mm),,% dry weight,2.2566666666666664,3,1,0.21571586249817934,9.55904855974207,,,299
82,20,wheat straw,compositional,xylan,wardrobe,knife mill (2mm),,% dry weight,20.23166666666667,6,2,0.6118305865733309,3.024123502298365,0.5020458146424494,2.4814852029448025,"300,310"
153,3,pistachio shells,compositional,glucose,tripod,knife mill (2mm),,% dry weight,24.22,3,1,0.770778826901725,3.1824063868774775,,,301
153,3,pistachio shells,compositional,glucan,tripod,knife mill (2mm),,% dry weight,21.8,3,1,0.6928203230275526,3.178074876273177,,,302
82,20,wheat straw,compositional,glucan,wardrobe,knife mill (2mm),,% dry weight,33.60166666666667,6,2,0.8219590419641766,2.4461853339541983,0.558614357137377,1.6624602662686683,"303,313"
82,20,wheat straw,compositional,glucose,wardrobe,knife mill (2mm),,% dry weight,37.335,6,2,0.9124198594945201,2.4438726650449176,0.6198969448402056,1.660364121709403,"304,308"
153,3,pistachio shells,compositional,lignin,tripod,knife mill (2mm),,% dry weight,32.91,3,1,0.6385138996137822,1.9401820103730851,,,305
153,3,pistachio shells,compositional,xylan,tripod,knife mill (2mm),,% dry weight,37.17666666666667,3,1,0.11060440015357959,0.2975102667091713,,,307
153,3,pistachio shells,compositional,xylose,tripod,knife mill (2mm),,% dry weight,42.24666666666666,3,1,0.1305118130030116,0.30892807243887865,,,309
82,20,wheat straw,compositional,arabinose,wardrobe,knife mill (2mm),,% dry weight,2.5700000000000003,3,1,0.24433583445741242,9.507230912739782,,,311
58,13,walnut hulls,compositional,glucan,energetic,oven dry + knife mill (2mm),,% dry weight,12.763333333333334,3,1,0.27790885796126324,2.177400297424366,,,314
58,13,walnut hulls,compositional,xylose,energetic,oven dry + knife mill (2mm),,% dry weight,10.926666666666668,3,1,0.3600462933198076,3.2951155581434493,,,315
58,13,walnut hulls,compositional,glucose,energetic,oven dry + knife mill (2mm),,% dry weight,14.18,3,1,0.3099999999999998,2.186177715091677,,,316
58,13,walnut hulls,compositional,xylan,energetic,oven dry + knife mill (2mm),,% dry weight,9.616666666666667,3,1,0.32005207909546995,3.3280978762093927,,,317
58,13,walnut hulls,compositional,lignin,energetic,oven dry + knife mill (2mm),,% dry weight,35.10333333333333,3,1,0.7765522090196739,2.212189371435782,,,318
78,5,alfalfa,compositional,glucose,possessive,knife mill (2mm),,% dry weight,30.63,3,1,0.14422205101855848,0.4708522723426656,,,319
78,5,alfalfa,compositional,lignin,possessive,knife mill (2mm),,% dry weight,20.76,3,1,0.17320508075688815,0.8343211982509061,,,320
78,5,alfalfa,compositional,xylose,possessive,knife mill (2mm),,% dry weight,13.86,3,1,0.11135528725660078,0.8034292009855757,,,321
78,5,alfalfa,compositional,glucan,possessive,knife mill (2mm),,% dry weight,27.566666666666666,3,1,0.128970280814354,0.4678486607534002,,,322
78,5,alfalfa,compositional,xylan,possessive,knife mill (2mm),,% dry weight,12.196666666666667,3,1,0.09609023536933116,0.7878401369445025,,,323
132,9,pistachio hulls,compositional,arabinan,tripod,oven dry + knife mill (2mm),,% dry weight,3.6333333333333333,3,1,0.6909655080634154,19.01739930449767,,,324
132,9,pistachio hulls,compositional,lignin,tripod,oven dry + knife mill (2mm),,% dry weight,32.75,3,1,0.10000000000000142,0.305343511450386,,,325
132,9,pistachio hulls,compositional,glucan,tripod,oven dry + knife mill (2mm),,% dry weight,10.153333333333334,3,1,0.15631165450257825,1.5395107140766078,,,326
132,9,pistachio hulls,compositional,arabinose,tripod,oven dry + knife mill (2mm),,% dry weight,4.13,3,1,0.7854298186343576,19.017671153374277,,,327
132,9,pistachio hulls,compositional,glucose,tripod,oven dry + knife mill (2mm),,% dry weight,11.286666666666667,3,1,0.17156145643277027,1.5200365307097188,,,328
132,9,pistachio hulls,compositional,xylan,tripod,oven dry + knife mill (2mm),,% dry weight,9.403333333333334,3,1,0.1582192571507436,1.6825869246800098,,,329
132,9,pistachio hulls,compositional,xylose,tripod,oven dry + knife mill (2mm),,% dry weight,10.69,3,1,0.18330302779823338,1.7147149466626135,,,330
83,55,peach seeds,compositional,glucose,rushes,oven dry + knife mill (2mm),,% dry weight,11.540000000000001,3,1,0.24758836806279935,2.145479792571918,,,331
83,55,peach seeds,compositional,lignin,rushes,oven dry + knife mill (2mm),,% dry weight,48.81666666666666,3,1,0.1305118130030116,0.2673509313820654,,,332
83,55,peach seeds,compositional,xylose,rushes,oven dry + knife mill (2mm),,% dry weight,19.683333333333334,3,1,0.609945352743451,3.098790953819395,,,333
83,55,peach seeds,compositional,arabinan,rushes,oven dry + knife mill (2mm),,% dry weight,0.02666666666666667,3,1,0.046188021535170064,173.20508075688772,,,334
83,55,peach seeds,compositional,xylan,rushes,oven dry + knife mill (2mm),,% dry weight,17.32,3,1,0.5335728628781644,3.0806747279339746,,,335
83,55,peach seeds,compositional,arabinose,rushes,oven dry + knife mill (2mm),,% dry weight,0.03,3,1,0.05196152422706632,173.20508075688775,,,336
83,55,peach seeds,compositional,glucan,rushes,oven dry + knife mill (2mm),,% dry weight,10.383333333333335,3,1,0.22501851775650217,2.1671125305602135,,,337
86,16,peach stems / leaves,compositional,glucan,rushes,oven dry + knife mill (2mm),,% dry weight,8.676666666666668,3,1,0.05033222956847153,0.5800871636781199,,,338
86,16,peach stems / leaves,compositional,xylose,rushes,oven dry + knife mill (2mm),,% dry weight,5.706666666666666,3,1,0.11150485789118485,1.9539402667847812,,,339
86,16,peach stems / leaves,compositional,xylan,rushes,oven dry + knife mill (2mm),,% dry weight,5.023333333333333,3,1,0.10016652800877784,1.9940251096637926,,,340
86,16,peach stems / leaves,compositional,arabinose,rushes,oven dry + knife mill (2mm),,% dry weight,2.41,3,1,0.15716233645501712,6.5212587740671,,,341
86,16,peach stems / leaves,compositional,lignin,rushes,oven dry + knife mill (2mm),,% dry weight,23.58666666666667,3,1,0.33291640592396826,1.4114601720914424,,,342
86,16,peach stems / leaves,compositional,arabinan,rushes,oven dry + knife mill (2mm),,% dry weight,2.1200000000000006,3,1,0.14000000000000012,6.603773584905665,,,343
86,16,peach stems / leaves,compositional,glucose,rushes,oven dry + knife mill (2mm),,% dry weight,9.639999999999999,3,1,0.055677643628299835,0.5775689173060149,,,344
66,105,olive stem,compositional,xylan,jaguar,oven dry + knife mill (2mm),,% dry weight,12.16,2,1,0.4384062043356602,3.605314180391942,,,345
66,105,olive stem,compositional,glucan,jaguar,oven dry + knife mill (2mm),,% dry weight,26.355,2,1,0.1484924240491756,0.5634316981566139,,,346
66,105,olive stem,compositional,lignin,jaguar,oven dry + knife mill (2mm),,% dry weight,7.45,2,1,0.0707106781186545,0.9491366190423423,,,347
98,37,tomato pomace,compositional,lignin,gainful,oven dry + knife mill (2mm),,% dry weight,45.35666666666666,3,1,0.2250185177565019,0.4961090271694758,,,348
98,37,tomato pomace,compositional,glucose,gainful,oven dry + knife mill (2mm),,% dry weight,14.713333333333333,3,1,0.5553677460326023,3.7745882149927663,,,349
98,37,tomato pomace,compositional,xylose,gainful,oven dry + knife mill (2mm),,% dry weight,11.103333333333333,3,1,0.34297716153314484,3.0889567235047566,,,350
98,37,tomato pomace,compositional,glucan,gainful,oven dry + knife mill (2mm),,% dry weight,13.24,3,1,0.5002999100539595,3.7787002269936516,,,351
98,37,tomato pomace,compositional,xylan,gainful,oven dry + knife mill (2mm),,% dry weight,9.770000000000001,3,1,0.30512292604784735,3.123059632014814,,,352
50,25,almond hulls,proximate,volatile solids,tiny,knife mill (2mm),,% total weight,41.2,6,2,40.03573104115872,97.17410446883183,51.684791659528706,125.44852344545802,"353,357"
50,25,almond hulls,proximate,moisture,tiny,knife mill (2mm),,% total weight,11.627500000000001,4,2,7.266188248777117,62.491406138698046,10.274261530640535,88.36174182447245,"354,359"
50,25,almond hulls,proximate,total solids,tiny,knife mill (2mm),,% total weight,87.57,6,2,3.1025022159540794,3.5428825122234553,4.002224381515856,4.570314470156283,"355,360"
50,25,almond hulls,proximate,ash,tiny,knife mill (2mm),,% total weight,5.97,6,2,1.169290383095662,19.586103569441576,1.4472118788284674,24.241405005501967,"356,358"
28,26,spent oak chips,proximate,volatile solids,maplewood,as is,,% total weight,92.05333333333333,3,1,0.09504384952922769,0.10324867779102083,,,361
148,31,almond shells,proximate,total solids,capstan,knife mill (2mm),,% total weight,91.84666666666668,3,1,0.050332229568475766,0.054800278981428203,,,362
28,26,spent oak chips,proximate,total solids,maplewood,as is,,% total weight,92.62666666666667,3,1,0.16258331197676512,0.17552538359374384,,,363
28,26,spent oak chips,proximate,ash,maplewood,as is,,% total weight,0.5733333333333334,3,1,0.07571877794400365,13.206763594884357,,,364
148,31,almond shells,proximate,ash,capstan,knife mill (2mm),,% total weight,4.3,3,1,0.32000000000000006,7.441860465116281,,,365
28,26,spent oak chips,proximate,moisture,maplewood,as is,,% total weight,7.373333333333334,3,1,0.16258331197676237,2.2050177935365602,,,366
148,31,almond shells,proximate,moisture,capstan,knife mill (2mm),,% total weight,8.153333333333332,3,1,0.05033222956847153,0.617320885958359,,,367
148,31,almond shells,proximate,volatile solids,capstan,knife mill (2mm),,% total weight,87.54666666666667,3,1,0.2928025500799692,0.33445311081324536,,,368
96,37,tomato pomace,proximate,ash,pinecrest,oven dry + knife mill (2mm),,% total weight,4.786666666666666,3,1,0.05131601439446862,1.072061582057144,,,369
96,37,tomato pomace,proximate,volatile solids,pinecrest,oven dry + knife mill (2mm),,% total weight,91.56,3,1,0.10816653826392378,0.11813732881599363,,,370
96,37,tomato pomace,proximate,total solids,pinecrest,oven dry + knife mill (2mm),,% total weight,96.34666666666665,3,1,0.06658328118479527,0.06910802780043794,,,371
96,37,tomato pomace,proximate,moisture,pinecrest,oven dry + knife mill (2mm),,% total weight,3.653333333333333,3,1,0.06658328118479392,1.8225350689268411,,,372
52,7,sargassum,proximate,ash,hairpin,as is,,% total weight,34.14666666666667,6,2,3.3493382430961893,9.808682867325818,4.318065410445852,12.645642553043299,"373,375"
52,7,sargassum,proximate,moisture,hairpin,as is,,% total weight,8.375,4,2,4.244435572998292,50.67982773729304,6.000979549669834,71.65348716023684,"374,379"
52,7,sargassum,proximate,volatile solids,hairpin,as is,,% total weight,42.785000000000004,6,2,17.117229623978293,40.00754849591747,22.097086912079607,51.6468082554157,"376,378"
52,7,sargassum,proximate,total solids,hairpin,as is,,% total weight,62.574999999999996,6,2,29.49925066844919,47.14223039304705,38.082414212103494,60.858832140796636,"377,380"
139,9,pistachio hulls,proximate,total solids,tripod,as is,,% total weight,18.30333333333333,3,1,1.259933860697986,6.883630635756617,,,381
139,9,pistachio hulls,proximate,ash,tripod,as is,,% total weight,4.846666666666667,3,1,0.14011899704655773,2.8910384535053177,,,382
139,9,pistachio hulls,proximate,moisture,tripod,as is,,% total weight,81.69666666666667,3,1,1.259933860697984,1.5422096299701953,,,383
139,9,pistachio hulls,proximate,volatile solids,tripod,as is,,% total weight,13.46,3,1,1.3947401191619895,10.362110840728004,,,384
34,23,grape pomace,proximate,moisture,ebony,as is,,% total weight,63.373333333333335,3,1,1.478524038808074,2.3330381424490962,,,385
70,31,almond shells,proximate,ash,humorous,knife mill (2mm),,% total weight,3.706666666666667,3,1,0.06506407098647705,1.7553256561099924,,,386
70,31,almond shells,proximate,moisture,humorous,knife mill (2mm),,% total weight,19.036666666666665,3,1,0.03214550253664287,0.1688609833828202,,,387
70,31,almond shells,proximate,volatile solids,humorous,knife mill (2mm),,% total weight,77.26,3,1,0.06999999999999826,0.09060315816722529,,,388
34,23,grape pomace,proximate,ash,ebony,as is,,% total weight,4.033333333333333,3,1,0.16743157806499148,4.15119615037169,,,389
34,23,grape pomace,proximate,total solids,ebony,as is,,% total weight,36.626666666666665,3,1,1.47852403880807,4.036742006210603,,,390
70,31,almond shells,proximate,total solids,humorous,knife mill (2mm),,% total weight,80.96333333333332,3,1,0.03214550253664342,0.03970377850464418,,,391
34,23,grape pomace,proximate,volatile solids,ebony,as is,,% total weight,32.596666666666664,3,1,1.5188921401249431,4.659654791261714,,,392
88,30,peach pomace,proximate,volatile solids,rushes,as is,,% total weight,2.5466666666666664,3,1,0.05507570547286102,2.1626585918662706,,,393
88,30,peach pomace,proximate,moisture,rushes,as is,,% total weight,97.13666666666667,3,1,0.0513160143944734,0.05282867546872798,,,394
88,30,peach pomace,proximate,ash,rushes,as is,,% total weight,0.31666666666666665,3,1,0.011547005383792526,3.6464227527765876,,,395
88,30,peach pomace,proximate,total solids,rushes,as is,,% total weight,2.8633333333333333,3,1,0.05131601439446886,1.7921774526589822,,,396
71,25,almond hulls,proximate,volatile solids,humorous,knife mill (2mm),,% total weight,77.80666666666667,3,1,0.345880518869356,0.4445384099940313,,,397
179,14,olive stems / leaves,proximate,ash,excellent,as is,,% total weight,2.5033333333333334,3,1,0.3500476158086688,13.983260285299684,,,398
160,19,walnut shells,proximate,moisture,cutaway,knife mill (2mm),,% total weight,9.866666666666667,3,1,0.011547005383793295,0.11703045997087799,,,399
71,25,almond hulls,proximate,total solids,humorous,knife mill (2mm),,% total weight,84.58999999999999,3,1,0.09848857801796021,0.11643052135945173,,,400
179,14,olive stems / leaves,proximate,volatile solids,excellent,as is,,% total weight,47.669999999999995,3,1,3.2128647652834674,6.7398044163697675,,,401
160,19,walnut shells,proximate,total solids,cutaway,knife mill (2mm),,% total weight,90.13333333333333,3,1,0.011547005383790217,0.012811026683199207,,,402
179,14,olive stems / leaves,proximate,total solids,excellent,as is,,% total weight,50.169999999999995,3,1,3.1772787098396003,6.333025134222843,,,403
160,19,walnut shells,proximate,ash,cutaway,knife mill (2mm),,% total weight,1.1233333333333333,3,1,0.10115993936995675,9.005335848957575,,,404
71,25,almond hulls,proximate,moisture,humorous,knife mill (2mm),,% total weight,15.410000000000002,3,1,0.09848857801796067,0.639121207124988,,,405
160,19,walnut shells,proximate,volatile solids,cutaway,knife mill (2mm),,% total weight,89.00999999999999,3,1,0.08660254037844715,0.0972952930889194,,,406
179,14,olive stems / leaves,proximate,moisture,excellent,as is,,% total weight,49.830000000000005,3,1,3.1772787098396003,6.376236624201486,,,407
71,25,almond hulls,proximate,ash,humorous,knife mill (2mm),,% total weight,6.783333333333334,3,1,0.24785748593361728,3.653918711552097,,,408
56,33,sweet potato culls,proximate,moisture,tackle,oven dry + knife mill (2mm),,% total weight,3.43,1,1,,,,,409
56,33,sweet potato culls,proximate,volatile solids,tackle,oven dry + knife mill (2mm),,% total weight,4.78,3,1,0.04999999999999982,1.0460251046025069,,,410
56,33,sweet potato culls,proximate,ash,tackle,oven dry + knife mill (2mm),,% total weight,4.933333333333333,3,1,0.06658328118479381,1.349661105097172,,,411
56,33,sweet potato culls,proximate,total solids,tackle,oven dry + knife mill (2mm),,% total weight,90.28333333333335,3,1,0.11930353445448248,0.13214347548955044,,,412
64,23,grape pomace,proximate,volatile solids,ebony,oven dry + knife mill (2mm),,% total weight,6.253333333333333,3,1,0.3629508690350985,5.804118374761703,,,413
64,23,grape pomace,proximate,total solids,ebony,oven dry + knife mill (2mm),,% total weight,87.01,3,1,0.8272242743053378,0.9507232206704263,,,414
64,23,grape pomace,proximate,moisture,ebony,oven dry + knife mill (2mm),,% total weight,2.19,1,1,,,,,415
64,23,grape pomace,proximate,ash,ebony,oven dry + knife mill (2mm),,% total weight,6.733333333333333,3,1,0.46014490471299724,6.83383521850986,,,416
35,13,walnut hulls,proximate,ash,energetic,oven dry,,% total weight,25.566666666666666,3,1,0.664630223006247,2.599596700154812,,,417
35,13,walnut hulls,proximate,moisture,energetic,oven dry,,% total weight,6.66,3,1,0.040000000000000036,0.6006006006006012,,,418
35,13,walnut hulls,proximate,volatile solids,energetic,oven dry,,% total weight,67.77666666666667,3,1,0.6653069467045579,0.9816165052445156,,,419
35,13,walnut hulls,proximate,total solids,energetic,oven dry,,% total weight,93.33999999999999,3,1,0.03999999999999915,0.042854081851295425,,,420
89,36,peach screening waste,proximate,volatile solids,rushes,as is,,% total weight,2.453333333333333,3,1,0.23007245235649862,9.377953221052932,,,421
89,36,peach screening waste,proximate,moisture,rushes,as is,,% total weight,97.31333333333333,3,1,0.25006665778014725,0.256970601267535,,,422
89,36,peach screening waste,proximate,ash,rushes,as is,,% total weight,0.2333333333333333,3,1,0.023094010767585035,9.897433186107873,,,423
89,36,peach screening waste,proximate,total solids,rushes,as is,,% total weight,2.686666666666667,3,1,0.25006665778014736,9.30769197692856,,,424
49,31,almond shells,proximate,ash,tiny,knife mill (2mm),,% total weight,6.72,6,2,0.44045431091090487,6.554379626650371,0.3771236166328259,5.611958580845624,"425,431"
49,31,almond shells,proximate,moisture,tiny,knife mill (2mm),,% total weight,7.1325,4,2,3.2096767750039876,45.00072590261462,4.53726851261368,63.61399947583146,"426,432"
49,31,almond shells,proximate,total solids,tiny,knife mill (2mm),,% total weight,89.42166666666667,6,2,2.086896419726354,2.33377043564351,2.6045099773704528,2.91261623100716,"427,429"
49,31,almond shells,proximate,volatile solids,tiny,knife mill (2mm),,% total weight,45.12166666666667,6,2,42.893568942985695,95.06202255306547,55.37353203471853,122.72049355753376,"428,430"
59,37,tomato pomace,proximate,volatile solids,oakleaf,oven dry + knife mill (2mm),,% total weight,0.9899999999999999,3,1,2.946183972531247,297.5943406597219,,,433
59,37,tomato pomace,proximate,ash,oakleaf,oven dry + knife mill (2mm),,% total weight,2.6933333333333334,3,1,0.06806859285554043,2.5272992396859073,,,434
59,37,tomato pomace,proximate,total solids,oakleaf,oven dry + knife mill (2mm),,% total weight,96.31333333333333,3,1,2.963517054672262,3.076954095665808,,,435
59,37,tomato pomace,proximate,moisture,oakleaf,oven dry + knife mill (2mm),,% total weight,2.01,1,1,,,,,436
144,25,almond hulls,proximate,ash,tiny,knife mill (2mm),,% total weight,9.75,3,1,3.1715453646448126,32.528670406613465,,,437
144,25,almond hulls,proximate,volatile solids,tiny,knife mill (2mm),,% total weight,75.07666666666667,3,1,3.176670164391222,4.231234956788024,,,438
144,25,almond hulls,proximate,moisture,tiny,knife mill (2mm),,% total weight,15.173333333333332,3,1,0.06658328118479424,0.4388177582477653,,,439
144,25,almond hulls,proximate,total solids,tiny,knife mill (2mm),,% total weight,84.82666666666667,3,1,0.06658328118479848,0.07849333682583913,,,440
68,24,corn stover cobs,proximate,volatile solids,caterpillar,knife mill (2mm),,% total weight,85.03,3,1,0.7544534445544042,0.8872791303709329,,,441
68,24,corn stover cobs,proximate,moisture,caterpillar,knife mill (2mm),,% total weight,4.92,3,1,0.03000000000000025,0.6097560975609807,,,442
68,24,corn stover cobs,proximate,ash,caterpillar,knife mill (2mm),,% total weight,10.049999999999999,3,1,0.7835177087979567,7.7961961074423565,,,443
68,24,corn stover cobs,proximate,total solids,caterpillar,knife mill (2mm),,% total weight,95.08,3,1,0.030000000000001137,0.03155237694573111,,,444
44,19,walnut shells,proximate,total solids,energetic,as is,,% total weight,91.19999999999999,3,1,0.00999999999999801,0.010964912280699573,,,445
44,19,walnut shells,proximate,ash,energetic,as is,,% total weight,1.24,3,1,0.02645751311064593,2.133670412148865,,,446
44,19,walnut shells,proximate,volatile solids,energetic,as is,,% total weight,89.96,3,1,0.036055512754636664,0.040079493946906034,,,447
44,19,walnut shells,proximate,moisture,energetic,as is,,% total weight,8.799999999999999,3,1,0.010000000000000675,0.11363636363637133,,,448
20,34,grape stem,proximate,ash,maplewood,as is,,% total weight,2.926666666666667,3,1,0.25006665778014736,8.544418830756742,,,449
20,34,grape stem,proximate,moisture,maplewood,as is,,% total weight,69.38333333333334,3,1,1.1238475578713258,1.6197658773067392,,,450
48,25,almond hulls,proximate,volatile solids,vibrant,knife mill (2mm),,% total weight,42.605000000000004,6,2,41.62954467682778,97.71046749636844,53.74247239278157,126.1412331716502,"451,455"
20,34,grape stem,proximate,volatile solids,maplewood,as is,,% total weight,27.689999999999998,3,1,0.9701546268507912,3.5036281215268734,,,452
48,25,almond hulls,proximate,total solids,vibrant,knife mill (2mm),,% total weight,88.53666666666668,6,2,2.4055907105463032,2.7170558833021756,3.0782715207654308,3.476832409282893,"453,456"
48,25,almond hulls,proximate,ash,vibrant,knife mill (2mm),,% total weight,5.218333333333333,6,2,0.6636992290689112,12.718605475609927,0.7566042558696061,14.498963702387854,"454,457"
48,25,almond hulls,proximate,moisture,vibrant,knife mill (2mm),,% total weight,10.475,4,2,6.330584491182469,60.43517414016677,8.95197184982169,85.4603517882739,"458,460"
20,34,grape stem,proximate,total solids,maplewood,as is,,% total weight,30.616666666666664,3,1,1.1238475578713218,3.670705142747922,,,459
225,2,grape vine prunings,proximate,volatile solids,boatswain,chipper (1in) + knife mill (2mm),,% total weight,61.88333333333333,3,1,0.7081195755896977,1.1442815657253398,,,461
225,2,grape vine prunings,proximate,ash,boatswain,chipper (1in) + knife mill (2mm),,% total weight,2.6999999999999997,3,1,0.0793725393319377,2.939723678960656,,,462
225,2,grape vine prunings,proximate,moisture,boatswain,chipper (1in) + knife mill (2mm),,% total weight,35.413333333333334,3,1,0.6638021793677172,1.8744413950519123,,,463
225,2,grape vine prunings,proximate,total solids,boatswain,chipper (1in) + knife mill (2mm),,% total weight,64.58666666666666,3,1,0.6638021793677172,1.0277696831663665,,,464
47,31,almond shells,proximate,total solids,vibrant,knife mill (2mm),,% total weight,89.61833333333334,6,2,1.4404362765032903,1.607300898071403,1.8031222920256942,2.0120015904770536,"465,466"
47,31,almond shells,proximate,volatile solids,vibrant,knife mill (2mm),,% total weight,44.16,6,2,43.562686785826244,98.64738855486016,56.23855933037008,127.3518100778308,"467,469"
47,31,almond shells,proximate,moisture,vibrant,knife mill (2mm),,% total weight,9.515,4,2,4.283771702600408,45.0212475312707,6.057548092164756,63.663143375352135,"468,470"
47,31,almond shells,proximate,ash,vibrant,knife mill (2mm),,% total weight,4.565,6,2,0.23813861509633402,5.21661807439943,0.2097750117520086,4.595290509353967,"471,472"
136,23,grape pomace,proximate,moisture,rigging,as is,,% total weight,60.19,3,1,1.8476200908195368,3.0696462715061252,,,473
136,23,grape pomace,proximate,ash,rigging,as is,,% total weight,2.896666666666667,3,1,0.2967041174863155,10.242949970758875,,,474
136,23,grape pomace,proximate,total solids,rigging,as is,,% total weight,39.81,3,1,1.8476200908195368,4.641095430342971,,,475
136,23,grape pomace,proximate,volatile solids,rigging,as is,,% total weight,36.910000000000004,3,1,1.889364972682618,5.118843057931774,,,476
77,5,alfalfa,proximate,volatile solids,possessive,knife mill (2mm),,% total weight,83.41333333333334,3,1,0.2829016319029137,0.3391563681700531,,,477
77,5,alfalfa,proximate,moisture,possessive,knife mill (2mm),,% total weight,9.333333333333334,3,1,0.21385353243127264,2.291287847477921,,,478
77,5,alfalfa,proximate,total solids,possessive,knife mill (2mm),,% total weight,90.66666666666667,3,1,0.21385353243127098,0.2358678666521371,,,479
77,5,alfalfa,proximate,ash,possessive,knife mill (2mm),,% total weight,7.253333333333333,3,1,0.26501572280401264,3.6537094136582624,,,480
81,27,rice straw,proximate,total solids,possessive,knife mill (2mm),,% total weight,93.08666666666666,3,1,0.18230011885167102,0.19583913075807963,,,481
81,27,rice straw,proximate,moisture,possessive,knife mill (2mm),,% total weight,6.913333333333334,3,1,0.18230011885167108,2.6369351810752804,,,482
81,27,rice straw,proximate,ash,possessive,knife mill (2mm),,% total weight,12.12,3,1,0.3499999999999999,2.8877887788778875,,,483
81,27,rice straw,proximate,volatile solids,possessive,knife mill (2mm),,% total weight,80.96666666666665,3,1,0.2532455988429671,0.31277760252322,,,484
145,35,almond branches,proximate,ash,humorous,knife mill (2mm),,% total weight,4.180000000000001,3,1,0.04358898943540682,1.0427987903207374,,,485
145,35,almond branches,proximate,volatile solids,humorous,knife mill (2mm),,% total weight,85.65666666666668,3,1,0.08020806277010435,0.09363901946153753,,,486
145,35,almond branches,proximate,total solids,humorous,knife mill (2mm),,% total weight,89.83666666666666,3,1,0.05507570547286469,0.06130648822626028,,,487
145,35,almond branches,proximate,moisture,humorous,knife mill (2mm),,% total weight,10.163333333333332,3,1,0.055075705472860864,0.5419059246263779,,,488
55,22,walnut tree sticks,proximate,volatile solids,energetic,oven dry + knife mill (2mm),,% total weight,5.566666666666667,3,1,0.8548879068821438,15.357267788301982,,,489
55,22,walnut tree sticks,proximate,ash,energetic,oven dry + knife mill (2mm),,% total weight,5.613333333333333,3,1,0.239652526240249,4.269344291690897,,,490
55,22,walnut tree sticks,proximate,moisture,energetic,oven dry + knife mill (2mm),,% total weight,1.57,1,1,,,,,491
55,22,walnut tree sticks,proximate,total solids,energetic,oven dry + knife mill (2mm),,% total weight,88.82000000000001,3,1,1.094120651482276,1.2318404092347175,,,492
314,125,#n/a,proximate,total solids,,#n/a,,% total weight,45.35666666666666,3,1,2.995402032003941,6.604105310510637,,,493
314,125,#n/a,proximate,volatile solids,,#n/a,,% total weight,42.346666666666664,3,1,3.3576827326793888,7.929036679815937,,,494
314,125,#n/a,proximate,ash,,#n/a,,% total weight,3.0066666666666664,3,1,0.42335957923889395,14.080695540096253,,,495
140,9,pistachio hulls,proximate,total solids,stuntman,as is,,% total weight,13.219999999999999,3,1,0.9813765841918182,7.423423481027369,,,496
140,9,pistachio hulls,proximate,ash,stuntman,as is,,% total weight,1.1166666666666667,3,1,0.015275252316519385,1.3679330432703927,,,497
140,9,pistachio hulls,proximate,volatile solids,stuntman,as is,,% total weight,12.1,3,1,0.9759610647971564,8.065793923943442,,,498
314,125,#n/a,proximate,moisture,,#n/a,,% total weight,54.64333333333334,3,1,2.995402032003941,5.481733725377797,,,499
140,9,pistachio hulls,proximate,moisture,stuntman,as is,,% total weight,86.78000000000002,3,1,0.9813765841918218,1.1308787556946551,,,500
8,37,tomato pomace,proximate,ash,pinecrest,as is,,% total weight,0.8566666666666668,3,1,0.10016652800877811,11.692590818145304,,,501
8,37,tomato pomace,proximate,total solids,pinecrest,as is,,% total weight,19.193333333333335,3,1,0.1069267662156366,0.5571036794840392,,,502
8,37,tomato pomace,proximate,moisture,pinecrest,as is,,% total weight,80.80666666666667,3,1,0.1069267662156418,0.13232418886516187,,,503
8,37,tomato pomace,proximate,volatile solids,pinecrest,as is,,% total weight,18.33666666666667,3,1,0.055075705472860274,0.30035832833772186,,,504
138,11,pistachio stems & leaves,proximate,ash,tripod,as is,,% total weight,6.326666666666667,3,1,0.9157692576917689,14.474751175317738,,,505
37,33,sweet potato culls,proximate,total solids,tackle,oven dry,,% total weight,87.45666666666666,3,1,0.03214550253664342,0.03675592011660261,,,506
37,33,sweet potato culls,proximate,moisture,tackle,oven dry,,% total weight,12.543333333333331,3,1,0.032145502536643514,0.25627559821932117,,,507
37,33,sweet potato culls,proximate,ash,tackle,oven dry,,% total weight,4.853333333333333,3,1,0.037859388972002035,0.7800698277198223,,,508
138,11,pistachio stems & leaves,proximate,volatile solids,tripod,as is,,% total weight,32.303333333333335,3,1,1.0622774276681837,3.2884452409499025,,,509
37,33,sweet potato culls,proximate,volatile solids,tackle,oven dry,,% total weight,82.60333333333334,3,1,0.005773502691899211,0.006989430642709185,,,510
138,11,pistachio stems & leaves,proximate,total solids,tripod,as is,,% total weight,38.629999999999995,3,1,1.750771258617185,4.5321544359751105,,,511
138,11,pistachio stems & leaves,proximate,moisture,tripod,as is,,% total weight,61.370000000000005,3,1,1.750771258617185,2.852812870485881,,,512
69,29,corn stover stalks,proximate,total solids,caterpillar,knife mill (2mm),,% total weight,87.19333333333334,3,1,0.0929157324317743,0.10656288603689995,,,513
69,29,corn stover stalks,proximate,moisture,caterpillar,knife mill (2mm),,% total weight,12.806666666666665,3,1,0.09291573243177575,0.7255262813517108,,,514
69,29,corn stover stalks,proximate,ash,caterpillar,knife mill (2mm),,% total weight,4.8500000000000005,3,1,0.20074859899884703,4.139146371110248,,,515
69,29,corn stover stalks,proximate,volatile solids,caterpillar,knife mill (2mm),,% total weight,82.33666666666666,3,1,0.21361959960015595,0.2594464996560738,,,516
80,20,wheat straw,proximate,total solids,possessive,knife mill (2mm),,% total weight,93.37333333333333,3,1,0.02309401076758864,0.024732983115366956,,,517
80,20,wheat straw,proximate,ash,possessive,knife mill (2mm),,% total weight,13.066666666666668,3,1,0.17785762095938787,1.3611552624442949,,,518
80,20,wheat straw,proximate,moisture,possessive,knife mill (2mm),,% total weight,6.626666666666666,3,1,0.023094010767585053,0.34850116852492535,,,519
80,20,wheat straw,proximate,volatile solids,possessive,knife mill (2mm),,% total weight,80.30666666666666,3,1,0.1929594085120804,0.2402781942288898,,,520
152,10,cotton stem mix,proximate,ash,schooner,knife mill (2mm),,% total weight,7.836666666666667,3,1,0.5006329327294932,6.388340273026285,,,521
152,10,cotton stem mix,proximate,total solids,schooner,knife mill (2mm),,% total weight,87.52666666666666,3,1,0.06429100507328168,0.07345304867843898,,,522
152,10,cotton stem mix,proximate,volatile solids,schooner,knife mill (2mm),,% total weight,79.69333333333333,3,1,0.48418316093533215,0.6075579232081297,,,523
152,10,cotton stem mix,proximate,moisture,schooner,knife mill (2mm),,% total weight,12.473333333333334,3,1,0.06429100507328601,0.5154276195079049,,,524
26,18,lees,proximate,ash,maplewood,as is,,% total weight,3.66,3,1,0.1216552506059645,3.3239139509826363,,,525
26,18,lees,proximate,total solids,maplewood,as is,,% total weight,11.716666666666667,3,1,0.04725815626252608,0.4033413052278186,,,526
26,18,lees,proximate,volatile solids,maplewood,as is,,% total weight,8.056666666666667,3,1,0.1588500340992516,1.9716595047486754,,,527
26,18,lees,proximate,moisture,maplewood,as is,,% total weight,88.28333333333335,3,1,0.047258156262520695,0.05353009959885296,,,528
16,23,grape pomace,proximate,ash,maplewood,as is,,% total weight,3.24,3,1,0.13999999999999987,4.320987654320983,,,529
16,23,grape pomace,proximate,moisture,maplewood,as is,,% total weight,54.71333333333333,3,1,0.5774368652357845,1.0553860093257912,,,530
16,23,grape pomace,proximate,volatile solids,maplewood,as is,,% total weight,42.04666666666667,3,1,0.5873102530463197,1.3968057389717448,,,531
16,23,grape pomace,proximate,total solids,maplewood,as is,,% total weight,45.28666666666667,3,1,0.5774368652357845,1.275070363394195,,,532
60,37,tomato pomace,proximate,ash,pinecrest,oven dry + knife mill (2mm),,% total weight,4.6899999999999995,3,1,0.23065125189341587,4.917937140584561,,,533
60,37,tomato pomace,proximate,volatile solids,pinecrest,oven dry + knife mill (2mm),,% total weight,4.72,3,1,0.16822603841260733,3.5641109833179523,,,534
60,37,tomato pomace,proximate,moisture,pinecrest,oven dry + knife mill (2mm),,% total weight,2.54,1,1,,,,,535
60,37,tomato pomace,proximate,total solids,pinecrest,oven dry + knife mill (2mm),,% total weight,90.58666666666666,3,1,0.39513710700633237,0.4361978661388715,,,536
223,22,walnut tree sticks,proximate,total solids,badger,chipper (1in) + knife mill (2mm),,% total weight,67.0,3,1,0.6677574409918623,0.9966528970027795,,,537
223,22,walnut tree sticks,proximate,ash,badger,chipper (1in) + knife mill (2mm),,% total weight,2.7466666666666666,3,1,0.12701705922171752,4.6244074959363175,,,538
223,22,walnut tree sticks,proximate,moisture,badger,chipper (1in) + knife mill (2mm),,% total weight,33.0,3,1,0.6677574409918623,2.0235073969450372,,,539
223,22,walnut tree sticks,proximate,volatile solids,badger,chipper (1in) + knife mill (2mm),,% total weight,64.25333333333334,3,1,0.587735768295021,0.9147163856012984,,,540
61,37,tomato pomace,proximate,volatile solids,riverstone,oven dry + knife mill (2mm),,% total weight,3.48,3,1,0.7279423054061358,20.917882339256778,,,541
61,37,tomato pomace,proximate,total solids,riverstone,oven dry + knife mill (2mm),,% total weight,93.62666666666667,3,1,0.7694370236304796,0.8218139671359438,,,542
61,37,tomato pomace,proximate,moisture,riverstone,oven dry + knife mill (2mm),,% total weight,0.36,1,1,,,,,543
61,37,tomato pomace,proximate,ash,riverstone,oven dry + knife mill (2mm),,% total weight,2.893333333333333,3,1,0.06027713773341713,2.083311211984463,,,544
147,31,almond shells,proximate,moisture,humorous,knife mill (2mm),,% total weight,7.686666666666667,3,1,0.015275252316519626,0.1987240110561963,,,545
147,31,almond shells,proximate,ash,humorous,knife mill (2mm),,% total weight,4.3,3,1,0.2066397831977183,4.80557635343531,,,546
147,31,almond shells,proximate,total solids,humorous,knife mill (2mm),,% total weight,92.31333333333333,3,1,0.015275252316519529,0.016547178793081024,,,547
147,31,almond shells,proximate,volatile solids,humorous,knife mill (2mm),,% total weight,88.01333333333334,3,1,0.21031722072463238,0.2389606355756314,,,548
67,21,corn stover husks,proximate,volatile solids,caterpillar,knife mill (2mm),,% total weight,76.87333333333333,3,1,0.14571661996263102,0.18955418432394983,,,549
67,21,corn stover husks,proximate,total solids,caterpillar,knife mill (2mm),,% total weight,81.64333333333333,3,1,0.07571877794400485,0.09274336905728761,,,550
67,21,corn stover husks,proximate,moisture,caterpillar,knife mill (2mm),,% total weight,18.356666666666666,3,1,0.07571877794400407,0.4124865331977705,,,551
67,21,corn stover husks,proximate,ash,caterpillar,knife mill (2mm),,% total weight,4.766666666666667,3,1,0.14011899704655773,2.939559378599113,,,552
4,37,tomato pomace,proximate,total solids,oakleaf,as is,,% total weight,37.22333333333333,3,1,0.803077414284161,2.157457009807901,,,553
4,37,tomato pomace,proximate,volatile solids,oakleaf,as is,,% total weight,36.36666666666667,3,1,0.9511221442766107,2.61536794943156,,,554
4,37,tomato pomace,proximate,ash,oakleaf,as is,,% total weight,0.86,3,1,0.15716233645501712,18.274690285467106,,,555
4,37,tomato pomace,proximate,moisture,oakleaf,as is,,% total weight,62.77666666666667,3,1,0.803077414284161,1.2792610008243417,,,556
177,23,grape pomace,proximate,ash,boatswain,as is,,% total weight,5.136666666666666,3,1,0.3707200201409864,7.217132124743408,,,557
177,23,grape pomace,proximate,moisture,boatswain,as is,,% total weight,53.75,3,1,0.5200000000000031,0.967441860465122,,,558
177,23,grape pomace,proximate,total solids,boatswain,as is,,% total weight,46.25,3,1,0.5200000000000031,1.124324324324331,,,559
177,23,grape pomace,proximate,volatile solids,boatswain,as is,,% total weight,41.11333333333333,3,1,0.7044383105235938,1.7134059766262217,,,560
113,23,grape pomace,proximate,total solids,boatswain,as is,,% total weight,34.809999999999995,3,1,2.2554157044766745,6.479217766379416,,,561
113,23,grape pomace,proximate,moisture,boatswain,as is,,% total weight,65.19,3,1,2.2554157044766714,3.459757178212412,,,562
113,23,grape pomace,proximate,ash,boatswain,as is,,% total weight,1.5633333333333332,3,1,0.18876793513023696,12.07470800406633,,,563
113,23,grape pomace,proximate,volatile solids,boatswain,as is,,% total weight,33.25333333333333,3,1,2.0926617818781263,6.293088758655152,,,564
150,35,almond branches,proximate,ash,capstan,knife mill (2mm),,% total weight,3.1133333333333333,3,1,0.02516611478423597,0.8083334513137893,,,565
150,35,almond branches,proximate,moisture,capstan,knife mill (2mm),,% total weight,10.916666666666666,3,1,0.06350852961085851,0.5817575231529024,,,566
51,15,almond shells and hulls mix,proximate,total solids,tiny,knife mill (2mm),,% total weight,89.27833333333335,6,2,0.19903935959168345,0.22294251265706508,0.016499158227691203,0.018480584943369464,"567,572"
51,15,almond shells and hulls mix,proximate,moisture,tiny,knife mill (2mm),,% total weight,9.610000000000001,4,2,2.2468199749868702,23.380020551372215,3.177266470131554,33.06208605756039,"568,576"
51,15,almond shells and hulls mix,proximate,ash,tiny,knife mill (2mm),,% total weight,6.425,6,2,0.9758022340618,15.18758340952218,1.2421509122843686,19.33308812893959,"569,570"
51,15,almond shells and hulls mix,proximate,volatile solids,tiny,knife mill (2mm),,% total weight,43.56333333333333,6,2,42.065533951997644,96.56178885606622,54.30580079512684,124.65942488742867,"571,574"
150,35,almond branches,proximate,volatile solids,capstan,knife mill (2mm),,% total weight,85.97333333333334,3,1,0.07023769168568511,0.0816970669420965,,,573
150,35,almond branches,proximate,total solids,capstan,knife mill (2mm),,% total weight,89.08333333333333,3,1,0.06350852961085851,0.07129114642940151,,,575
57,19,walnut shells,proximate,volatile solids,energetic,oven dry + knife mill (2mm),,% total weight,1.7833333333333332,3,1,0.3156474826976027,17.699858842856226,,,577
57,19,walnut shells,proximate,ash,energetic,oven dry + knife mill (2mm),,% total weight,1.6433333333333333,3,1,0.07767453465154023,4.726645110641393,,,578
57,19,walnut shells,proximate,total solids,energetic,oven dry + knife mill (2mm),,% total weight,96.57666666666667,3,1,0.2814841617806122,0.2914618732412372,,,579
57,19,walnut shells,proximate,moisture,energetic,oven dry + knife mill (2mm),,% total weight,3.09,1,1,,,,,580
95,37,tomato pomace,proximate,ash,oakleaf,oven dry + knife mill (2mm),,% total weight,3.6666666666666665,3,1,0.011547005383792526,0.31491832864888714,,,581
95,37,tomato pomace,proximate,total solids,oakleaf,oven dry + knife mill (2mm),,% total weight,97.41000000000001,3,1,0.026457513110643326,0.027160982558919335,,,582
95,37,tomato pomace,proximate,volatile solids,oakleaf,oven dry + knife mill (2mm),,% total weight,93.74000000000001,3,1,0.020000000000003126,0.02133560913164404,,,583
95,37,tomato pomace,proximate,moisture,oakleaf,oven dry + knife mill (2mm),,% total weight,2.59,3,1,0.026457513110645845,1.021525602727639,,,584
247,95,olive prunings,proximate,total solids,excellent,chipper (1in) + freeze,,% total weight,83.57,3,1,1.0551303237041427,1.2625706876919263,,,585
247,95,olive prunings,proximate,volatile solids,excellent,chipper (1in) + freeze,,% total weight,80.40333333333335,3,1,0.9617865321022774,1.1962023118058254,,,586
247,95,olive prunings,proximate,moisture,excellent,chipper (1in) + freeze,,% total weight,16.430000000000003,3,1,1.0551303237041392,6.421973972636269,,,587
247,95,olive prunings,proximate,ash,excellent,chipper (1in) + freeze,,% total weight,3.16,3,1,0.10440306508910546,3.303894464845109,,,588
146,25,almond hulls,proximate,ash,humorous,knife mill (2mm),,% total weight,8.416666666666666,3,1,0.3707200201409866,4.404594298704791,,,589
146,25,almond hulls,proximate,moisture,humorous,knife mill (2mm),,% total weight,12.363333333333335,3,1,0.08621678104251718,0.6973587034983864,,,590
146,25,almond hulls,proximate,total solids,humorous,knife mill (2mm),,% total weight,87.63666666666667,3,1,0.08621678104251779,0.09837980416399275,,,591
146,25,almond hulls,proximate,volatile solids,humorous,knife mill (2mm),,% total weight,79.22333333333331,3,1,0.3521836642056714,0.4445453749387867,,,592
158,10,cotton stem mix,proximate,ash,schooner,knife mill (2mm),,% total weight,7.763333333333333,3,1,0.44298231717906456,5.706083948206071,,,593
158,10,cotton stem mix,proximate,moisture,schooner,knife mill (2mm),,% total weight,15.156666666666666,3,1,0.06658328118479354,0.43930029371977264,,,594
158,10,cotton stem mix,proximate,volatile solids,schooner,knife mill (2mm),,% total weight,77.08,3,1,0.43034869582699986,0.5583143433147377,,,595
158,10,cotton stem mix,proximate,total solids,schooner,knife mill (2mm),,% total weight,84.84333333333333,3,1,0.06658328118479527,0.07847791755564602,,,596
151,8,rice hulls,proximate,moisture,sextant,knife mill (2mm),,% total weight,8.936666666666666,3,1,0.037859388972002035,0.4236410552629844,,,597
151,8,rice hulls,proximate,total solids,sextant,knife mill (2mm),,% total weight,91.06333333333333,3,1,0.03785938897200493,0.041574789310009436,,,598
151,8,rice hulls,proximate,ash,sextant,knife mill (2mm),,% total weight,19.316666666666666,3,1,0.14153915830374816,0.7327307591220785,,,599
151,8,rice hulls,proximate,volatile solids,sextant,knife mill (2mm),,% total weight,71.75,3,1,0.12767145334803726,0.17793930780214254,,,600
165,14,olive stems / leaves,proximate,total solids,excellent,oven dry + knife mill (2mm),,% total weight,99.02666666666666,3,1,0.03055050463304061,0.030850785613007213,,,601
72,35,almond branches,proximate,total solids,humorous,knife mill (2mm),,% total weight,81.80333333333334,3,1,0.06110100926607966,0.07469256664285846,,,602
72,35,almond branches,proximate,volatile solids,humorous,knife mill (2mm),,% total weight,79.35333333333334,3,1,0.11015141094572463,0.13881132186724937,,,603
165,14,olive stems / leaves,proximate,moisture,excellent,oven dry + knife mill (2mm),,% total weight,0.9733333333333333,3,1,0.03055050463303896,3.138750475997153,,,604
165,14,olive stems / leaves,proximate,volatile solids,excellent,oven dry + knife mill (2mm),,% total weight,95.61666666666667,3,1,0.25813433195399604,0.26996792604566433,,,605
72,35,almond branches,proximate,moisture,humorous,knife mill (2mm),,% total weight,18.19666666666667,3,1,0.061101009266078504,0.3357813295443039,,,606
165,14,olive stems / leaves,proximate,ash,excellent,oven dry + knife mill (2mm),,% total weight,3.41,3,1,0.25119713374160957,7.366484860457759,,,607
72,35,almond branches,proximate,ash,humorous,knife mill (2mm),,% total weight,2.4533333333333336,3,1,0.13576941236277534,5.534079308265299,,,608
143,31,almond shells,proximate,total solids,tiny,knife mill (2mm),,% total weight,88.73,3,1,0.10392304845412836,0.11712278649174841,,,609
143,31,almond shells,proximate,moisture,tiny,knife mill (2mm),,% total weight,11.270000000000001,3,1,0.10392304845413247,0.9221211042957627,,,610
143,31,almond shells,proximate,ash,tiny,knife mill (2mm),,% total weight,4.573333333333333,3,1,0.4389001405027497,9.596941847727763,,,611
143,31,almond shells,proximate,volatile solids,tiny,knife mill (2mm),,% total weight,84.16,3,1,0.32924155266308663,0.39120906922895277,,,612
159,10,cotton stem mix,proximate,volatile solids,schooner,knife mill (2mm),,% total weight,80.85333333333334,3,1,1.3079118216964583,1.6176350037472684,,,613
159,10,cotton stem mix,proximate,moisture,schooner,knife mill (2mm),,% total weight,5.8999999999999995,3,1,0.11135528725660031,1.8873777501118696,,,614
159,10,cotton stem mix,proximate,ash,schooner,knife mill (2mm),,% total weight,13.243333333333334,3,1,1.3923122255203149,10.513306510347205,,,615
159,10,cotton stem mix,proximate,total solids,schooner,knife mill (2mm),,% total weight,94.10000000000001,3,1,0.11135528725659997,0.11833718093156213,,,616
162,31,almond shells,proximate,moisture,humorous,knife mill (2mm),,% total weight,9.1,3,1,0.0793725393319377,0.8722257069443705,,,617
162,31,almond shells,proximate,total solids,humorous,knife mill (2mm),,% total weight,90.89999999999999,3,1,0.07937253933193536,0.08731852511764067,,,618
162,31,almond shells,proximate,volatile solids,humorous,knife mill (2mm),,% total weight,84.02,3,1,0.7374957626996901,0.8777621550817546,,,619
162,31,almond shells,proximate,ash,humorous,knife mill (2mm),,% total weight,6.88,3,1,0.6656575696257048,9.675255372466639,,,620
161,25,almond hulls,proximate,moisture,humorous,knife mill (2mm),,% total weight,14.26,3,1,0.04358898943540682,0.30567313769570004,,,621
161,25,almond hulls,proximate,volatile solids,humorous,knife mill (2mm),,% total weight,76.29333333333334,3,1,0.4792007234273884,0.6281030104343608,,,622
161,25,almond hulls,proximate,ash,humorous,knife mill (2mm),,% total weight,9.446666666666665,3,1,0.5063924696649165,5.360541316142377,,,623
161,25,almond hulls,proximate,total solids,humorous,knife mill (2mm),,% total weight,85.74000000000001,3,1,0.04358898943540784,0.05083856943714467,,,624
238,22,walnut tree sticks,proximate,moisture,badger,chipper (1in) + freeze,,% total weight,38.586666666666666,3,1,1.0625598022386016,2.753696792256224,,,625
238,22,walnut tree sticks,proximate,total solids,badger,chipper (1in) + freeze,,% total weight,61.413333333333334,3,1,1.0625598022386016,1.7301777066412314,,,626
141,3,pistachio shells,proximate,moisture,stuntman,as is,,% total weight,15.803333333333333,3,1,0.22501851775650217,1.4238674399272444,,,627
141,3,pistachio shells,proximate,volatile solids,stuntman,as is,,% total weight,82.25999999999999,3,1,0.05999999999999517,0.0729394602479883,,,628
141,3,pistachio shells,proximate,ash,stuntman,as is,,% total weight,1.9299999999999997,3,1,0.2884441020371191,14.945290260990628,,,629
238,22,walnut tree sticks,proximate,volatile solids,badger,chipper (1in) + freeze,,% total weight,59.58666666666667,3,1,0.9717166939665789,1.6307619612327906,,,630
238,22,walnut tree sticks,proximate,ash,badger,chipper (1in) + freeze,,% total weight,1.83,3,1,0.22338307903688662,12.206725630430961,,,631
141,3,pistachio shells,proximate,total solids,stuntman,as is,,% total weight,84.19666666666666,3,1,0.22501851775650467,0.26725347530365967,,,632
244,95,olive prunings,proximate,moisture,excellent,chipper (1in) + freeze,,% total weight,20.623333333333335,3,1,0.2800595174839326,1.3579740624726002,,,633
244,95,olive prunings,proximate,volatile solids,excellent,chipper (1in) + freeze,,% total weight,76.74,3,1,0.330605505096334,0.43081249035227265,,,634
244,95,olive prunings,proximate,ash,excellent,chipper (1in) + freeze,,% total weight,2.6366666666666667,3,1,0.22188585654190157,8.415392789199807,,,635
244,95,olive prunings,proximate,total solids,excellent,chipper (1in) + freeze,,% total weight,79.37666666666667,3,1,0.28005951748393676,0.3528234798017093,,,636
63,34,grape stem,proximate,volatile solids,maplewood,oven dry + knife mill (2mm),,% total weight,7.173333333333333,3,1,0.35246749259092414,4.913580287048199,,,637
63,34,grape stem,proximate,ash,maplewood,oven dry + knife mill (2mm),,% total weight,7.673333333333335,3,1,0.29143323992525844,3.798000520311795,,,638
63,34,grape stem,proximate,total solids,maplewood,oven dry + knife mill (2mm),,% total weight,85.15333333333332,3,1,0.6434542200757825,0.7556418461705737,,,639
63,34,grape stem,proximate,moisture,maplewood,oven dry + knife mill (2mm),,% total weight,0.57,1,1,,,,,640
241,97,peach tree prunings,proximate,moisture,thylacine,chipper (1in) + freeze,,% total weight,24.60666666666667,3,1,0.9398049443013871,3.8193102586076417,,,641
149,25,almond hulls,proximate,moisture,capstan,knife mill (2mm),,% total weight,14.223333333333334,3,1,0.0288675134594817,0.20295884785199225,,,642
241,97,peach tree prunings,proximate,volatile solids,thylacine,chipper (1in) + freeze,,% total weight,73.19333333333334,3,1,1.1127593330695271,1.5203014842920943,,,643
149,25,almond hulls,proximate,total solids,capstan,knife mill (2mm),,% total weight,85.77666666666666,3,1,0.02886751345947965,0.03365427287080362,,,644
241,97,peach tree prunings,proximate,total solids,thylacine,chipper (1in) + freeze,,% total weight,75.39333333333333,3,1,0.9398049443013831,1.2465358709453307,,,645
149,25,almond hulls,proximate,ash,capstan,knife mill (2mm),,% total weight,7.853333333333334,3,1,1.1840748850192426,15.077354223504786,,,646
149,25,almond hulls,proximate,volatile solids,capstan,knife mill (2mm),,% total weight,77.92,3,1,1.1632282665066254,1.4928494180013159,,,647
241,97,peach tree prunings,proximate,ash,thylacine,chipper (1in) + freeze,,% total weight,2.1999999999999997,3,1,0.20518284528683187,9.326492967583269,,,648
36,22,walnut tree sticks,proximate,moisture,energetic,oven dry,,% total weight,7.06,3,1,0.04358898943540682,0.6174077823712015,,,649
36,22,walnut tree sticks,proximate,ash,energetic,oven dry,,% total weight,7.296666666666667,3,1,0.2516611478423583,3.4489878644452943,,,650
36,22,walnut tree sticks,proximate,volatile solids,energetic,oven dry,,% total weight,85.64333333333333,3,1,0.2902297940138664,0.33888194529311455,,,651
36,22,walnut tree sticks,proximate,total solids,energetic,oven dry,,% total weight,92.94,3,1,0.04358898943540459,0.04690013926770453,,,652
40,35,almond branches,proximate,ash,vibrant,as is,,% total weight,3.16,3,1,0.1307669683062204,4.1381951995639366,,,653
40,35,almond branches,proximate,moisture,vibrant,as is,,% total weight,9.18,3,1,0.040000000000000036,0.4357298474945538,,,654
175,28,walnut shelling fines,proximate,volatile solids,cutaway,as is,,% total weight,85.71333333333332,3,1,0.10214368964029553,0.11916896201325607,,,655
175,28,walnut shelling fines,proximate,moisture,cutaway,as is,,% total weight,11.176666666666668,3,1,0.020816659994660883,0.18625105870558498,,,656
175,28,walnut shelling fines,proximate,total solids,cutaway,as is,,% total weight,88.82333333333334,3,1,0.020816659994664012,0.023436026563587658,,,657
40,35,almond branches,proximate,total solids,vibrant,as is,,% total weight,90.82,3,1,0.03999999999999915,0.044043162299052134,,,658
175,28,walnut shelling fines,proximate,ash,cutaway,as is,,% total weight,3.11,3,1,0.09165151389911688,2.9469940160487744,,,659
40,35,almond branches,proximate,volatile solids,vibrant,as is,,% total weight,87.66000000000001,3,1,0.1410673597966595,0.16092557585747144,,,660
12,37,tomato pomace,proximate,volatile solids,riverstone,as is,,% total weight,32.78333333333333,3,1,0.6150067750304328,1.875973894348041,,,661
12,37,tomato pomace,proximate,total solids,riverstone,as is,,% total weight,33.75333333333334,3,1,0.64143069254077,1.900347696644588,,,662
12,37,tomato pomace,proximate,moisture,riverstone,as is,,% total weight,66.24666666666667,3,1,0.6414306925407715,0.9682459885389525,,,663
12,37,tomato pomace,proximate,ash,riverstone,as is,,% total weight,0.9700000000000001,3,1,0.02645751311064593,2.727578671200611,,,664
154,25,almond hulls,proximate,moisture,capstan,knife mill (2mm),,% total weight,11.246666666666668,3,1,0.01154700538379227,0.10267046873555662,,,665
154,25,almond hulls,proximate,total solids,capstan,knife mill (2mm),,% total weight,88.75333333333333,3,1,0.011547005383798423,0.013010221644781519,,,666
154,25,almond hulls,proximate,volatile solids,capstan,knife mill (2mm),,% total weight,82.10333333333334,3,1,0.8638479804533472,1.0521472702529502,,,667
154,25,almond hulls,proximate,ash,capstan,knife mill (2mm),,% total weight,6.646666666666667,3,1,0.8732315462312004,13.137886854030095,,,668
79,5,alfalfa,proximate,moisture,possessive,knife mill (2mm),,% total weight,10.62,3,1,0.1153256259467082,1.085928681230774,,,669
79,5,alfalfa,proximate,total solids,possessive,knife mill (2mm),,% total weight,89.38,3,1,0.11532562594670288,0.12902844702025384,,,670
79,5,alfalfa,proximate,ash,possessive,knife mill (2mm),,% total weight,8.586666666666666,3,1,0.8649470118645034,10.073140666123875,,,671
79,5,alfalfa,proximate,volatile solids,possessive,knife mill (2mm),,% total weight,80.79333333333334,3,1,0.851958527942138,1.0544911229583356,,,672
164,32,olive pomace,proximate,total solids,excellent,oven dry + knife mill (2mm),,% total weight,99.18,3,1,0.020000000000003126,0.020165355918535115,,,673
164,32,olive pomace,proximate,volatile solids,excellent,oven dry + knife mill (2mm),,% total weight,92.74333333333334,3,1,0.05131601439446556,0.055331216325844326,,,674
164,32,olive pomace,proximate,moisture,excellent,oven dry + knife mill (2mm),,% total weight,0.82,3,1,0.019999999999999962,2.439024390243898,,,675
164,32,olive pomace,proximate,ash,excellent,oven dry + knife mill (2mm),,% total weight,6.433333333333334,3,1,0.045092497528229324,0.7009196506978651,,,676
106,37,tomato pomace,proximate,volatile solids,gainful,as is,,% total weight,30.223333333333333,3,1,0.23180451534284804,0.7669720370889425,,,677
106,37,tomato pomace,proximate,moisture,gainful,as is,,% total weight,68.71,3,1,0.24879710609249933,0.36209737460704317,,,678
106,37,tomato pomace,proximate,total solids,gainful,as is,,% total weight,31.290000000000003,3,1,0.24879710609249392,0.7951329692952825,,,679
106,37,tomato pomace,proximate,ash,gainful,as is,,% total weight,1.0666666666666667,3,1,0.020816659994661344,1.9515618744995011,,,680
178,32,olive pomace,proximate,total solids,excellent,as is,,% total weight,27.823333333333334,3,1,0.16258331197676187,0.5843416028876071,,,681
178,32,olive pomace,proximate,ash,excellent,as is,,% total weight,2.106666666666667,3,1,0.03785938897200178,1.7971228942405906,,,682
156,4,corn stover whole,proximate,ash,possessive,knife mill (2mm),,% total weight,9.63,3,1,1.47824219937059,15.350386286298962,,,683
156,4,corn stover whole,proximate,total solids,possessive,knife mill (2mm),,% total weight,92.04,3,1,0.05196152422706008,0.056455371824272134,,,684
156,4,corn stover whole,proximate,moisture,possessive,knife mill (2mm),,% total weight,7.96,3,1,0.051961524227066236,0.6527829676767115,,,685
178,32,olive pomace,proximate,volatile solids,excellent,as is,,% total weight,25.716666666666665,3,1,0.20033305601755735,0.7790008659140274,,,686
156,4,corn stover whole,proximate,volatile solids,possessive,knife mill (2mm),,% total weight,82.41,3,1,1.4309088021254153,1.7363290888550118,,,687
178,32,olive pomace,proximate,moisture,excellent,as is,,% total weight,72.17666666666668,3,1,0.16258331197676265,0.22525744050722205,,,688
104,37,tomato pomace,proximate,total solids,pinecrest,as is,,% total weight,20.046666666666667,3,1,0.2990540642314253,1.4917894790393678,,,689
54,12,almond woodchips,proximate,total solids,popular,knife mill (2mm),,% total weight,93.55833333333334,6,2,2.2998731849096963,2.458223765824918,2.9674914583795586,3.171808809170277,"690,691"
54,12,almond woodchips,proximate,moisture,popular,knife mill (2mm),,% total weight,7.18,4,2,2.720232833171945,37.88625115838364,3.846660889654818,53.57466420132059,"692,700"
104,37,tomato pomace,proximate,ash,pinecrest,as is,,% total weight,1.0633333333333335,3,1,0.020816659994661344,1.9576796233223832,,,693
104,37,tomato pomace,proximate,moisture,pinecrest,as is,,% total weight,79.95333333333333,3,1,0.29905406423142755,0.37403576782051307,,,694
54,12,almond woodchips,proximate,ash,popular,knife mill (2mm),,% total weight,2.1300000000000003,6,2,0.043358966777357615,2.035632243068432,0.004714045207910426,0.2213166764277195,"695,698"
54,12,almond woodchips,proximate,volatile solids,popular,knife mill (2mm),,% total weight,45.77166666666667,6,2,47.712132803582215,104.23944828368835,61.59607170916014,134.57249035245997,"696,697"
104,37,tomato pomace,proximate,volatile solids,pinecrest,as is,,% total weight,18.98,3,1,0.284780617317962,1.5004247487774605,,,699
29,6,unused oak stick,proximate,moisture,maplewood,knife mill (2mm),,% total weight,1.5299999999999998,4,2,0.24993332444207322,16.335511401442695,0.3488393453853635,22.799957214729645,"701,705"
29,6,unused oak stick,proximate,volatile solids,maplewood,knife mill (2mm),,% total weight,54.23333333333334,6,2,48.512563183846176,89.45156087986386,62.62609058708857,115.4752745920502,"702,707"
29,6,unused oak stick,proximate,ash,maplewood,knife mill (2mm),,% total weight,0.11833333333333335,6,2,0.07386925386564201,62.42472157659888,0.05892556509887901,49.79625219623578,"703,706"
29,6,unused oak stick,proximate,total solids,maplewood,knife mill (2mm),,% total weight,94.24000000000001,6,2,4.794396729516656,5.087432862390339,6.1565430415308615,6.532834297040386,"704,708"
27,26,spent oak chips,proximate,moisture,maplewood,knife mill (2mm),,% total weight,8.379999999999999,4,2,3.9708689225407583,47.385070674710725,5.590857616581636,66.71667800216751,"709,714"
27,26,spent oak chips,proximate,total solids,maplewood,knife mill (2mm),,% total weight,92.76999999999998,6,2,3.5434390075179834,3.8195957825999614,4.421774405019885,4.766383965743113,"710,711"
27,26,spent oak chips,proximate,ash,maplewood,knife mill (2mm),,% total weight,0.5883333333333333,6,2,0.04875106836436169,8.28630057184618,0.011785113019775828,2.003135357468979,"712,713"
27,26,spent oak chips,proximate,volatile solids,maplewood,knife mill (2mm),,% total weight,46.28666666666666,6,2,46.84911724532989,101.21514600028063,60.47177192707355,130.64620177244754,"715,716"
53,35,almond branches,proximate,total solids,vibrant,knife mill (2mm),,% total weight,93.04666666666667,3,1,0.2454248017893303,0.26376528099447977,,,717
53,35,almond branches,proximate,volatile solids,vibrant,knife mill (2mm),,% total weight,3.6966666666666668,3,1,0.14011899704655792,3.7904147082026487,,,718
53,35,almond branches,proximate,moisture,vibrant,knife mill (2mm),,% total weight,4.25,1,1,,,,,719
53,35,almond branches,proximate,ash,vibrant,knife mill (2mm),,% total weight,3.2533333333333334,3,1,0.10263202878893753,3.1546730160534073,,,720
155,27,rice straw,proximate,total solids,possessive,knife mill (2mm),,% total weight,91.98666666666668,3,1,0.14843629385475182,0.16136718421664567,,,721
155,27,rice straw,proximate,moisture,possessive,knife mill (2mm),,% total weight,8.013333333333334,3,1,0.14843629385474932,1.8523663958579364,,,722
155,27,rice straw,proximate,volatile solids,possessive,knife mill (2mm),,% total weight,79.04,3,1,0.19000000000000258,0.24038461538461864,,,723
155,27,rice straw,proximate,ash,possessive,knife mill (2mm),,% total weight,12.943333333333333,3,1,0.11150485789118517,0.861484866529888,,,724
157,10,cotton stem mix,proximate,volatile solids,schooner,knife mill (2mm),,% total weight,87.27333333333333,3,1,0.040414518843272795,0.0463079812580469,,,725
157,10,cotton stem mix,proximate,total solids,schooner,knife mill (2mm),,% total weight,95.07333333333334,3,1,0.05859465277082362,0.061631007051564,,,726
157,10,cotton stem mix,proximate,ash,schooner,knife mill (2mm),,% total weight,7.793333333333334,3,1,0.0461880215351701,0.592660669826819,,,727
157,10,cotton stem mix,proximate,moisture,schooner,knife mill (2mm),,% total weight,4.926666666666667,3,1,0.058594652770822916,1.1893366597595991,,,728
224,22,walnut tree sticks,proximate,ash,badger,chipper (1in) + knife mill (2mm),,% total weight,2.686666666666667,3,1,0.07094598884597596,2.6406695600239187,,,729
97,37,tomato pomace,proximate,ash,gossamer,oven dry + knife mill (2mm),,% total weight,2.436666666666667,3,1,0.16258331197676282,6.672365744600388,,,730
97,37,tomato pomace,proximate,volatile solids,gossamer,oven dry + knife mill (2mm),,% total weight,96.38333333333333,3,1,0.22188585654189885,0.23021185185049167,,,731
97,37,tomato pomace,proximate,moisture,gossamer,oven dry + knife mill (2mm),,% total weight,1.18,3,1,0.06082762530298212,5.154883500252723,,,732
120,23,grape pomace,proximate,total solids,rigging,as is,,% total weight,49.59666666666667,3,1,2.137061845930839,4.3088820067158515,,,733
120,23,grape pomace,proximate,volatile solids,rigging,as is,,% total weight,47.546666666666674,3,1,1.4938652326543185,3.141892665425515,,,734
120,23,grape pomace,proximate,ash,rigging,as is,,% total weight,2.0500000000000003,3,1,0.6533758489567852,31.8719926320383,,,735
224,22,walnut tree sticks,proximate,volatile solids,badger,chipper (1in) + knife mill (2mm),,% total weight,58.873333333333335,3,1,1.5646192295038848,2.6576025866332547,,,736
224,22,walnut tree sticks,proximate,moisture,badger,chipper (1in) + knife mill (2mm),,% total weight,38.44,3,1,1.6325440269714016,4.246992786085852,,,737
120,23,grape pomace,proximate,moisture,rigging,as is,,% total weight,50.40333333333333,3,1,2.137061845930839,4.239921657160583,,,738
224,22,walnut tree sticks,proximate,total solids,badger,chipper (1in) + knife mill (2mm),,% total weight,61.56,3,1,1.6325440269714016,2.65195585927778,,,739
97,37,tomato pomace,proximate,total solids,gossamer,oven dry + knife mill (2mm),,% total weight,98.82000000000001,3,1,0.06082762530298061,0.06155396205523234,,,740
24,1,spent yeast,proximate,moisture,maplewood,as is,,% total weight,59.02,3,1,0.1609347693943108,0.2726783622404453,,,741
105,37,tomato pomace,proximate,total solids,gossamer,as is,,% total weight,49.303333333333335,3,1,0.18929694486001059,0.38394350252182524,,,742
24,1,spent yeast,proximate,volatile solids,maplewood,as is,,% total weight,31.013333333333332,3,1,0.5064911976859341,1.6331401473106215,,,743
105,37,tomato pomace,proximate,volatile solids,gossamer,as is,,% total weight,47.93666666666667,3,1,0.20428737928059515,0.42616100260189516,,,744
105,37,tomato pomace,proximate,moisture,gossamer,as is,,% total weight,50.69666666666666,3,1,0.18929694486001056,0.3733913042146307,,,745
24,1,spent yeast,proximate,total solids,maplewood,as is,,% total weight,40.98,3,1,0.1609347693943108,0.3927153962769908,,,746
105,37,tomato pomace,proximate,ash,gossamer,as is,,% total weight,1.3666666666666665,3,1,0.015275252316519383,1.1177013890136136,,,747
24,1,spent yeast,proximate,ash,maplewood,as is,,% total weight,9.97,3,1,0.34871191548325314,3.497611990804946,,,748
75,7,sargassum,proximate,volatile solids,hairpin,as is,,% total weight,10.32,3,1,0.5204805471869239,5.0434161549120535,,,749
75,7,sargassum,proximate,ash,hairpin,as is,,% total weight,8.753333333333332,3,1,0.6660580555276945,7.609193322860182,,,750
75,7,sargassum,proximate,moisture,hairpin,as is,,% total weight,80.92666666666666,3,1,1.1768743914850588,1.4542479505952617,,,751
75,7,sargassum,proximate,total solids,hairpin,as is,,% total weight,19.073333333333334,3,1,1.176874391485062,6.170260703347056,,,752
153,3,pistachio shells,proximate,total solids,tripod,knife mill (2mm),,% total weight,91.24333333333334,3,1,0.015275252316521078,0.01674122564189648,,,753
82,20,wheat straw,proximate,moisture,wardrobe,knife mill (2mm),,% total weight,5.623333333333332,3,1,0.2891942830232531,5.142755477591936,,,754
82,20,wheat straw,proximate,volatile solids,wardrobe,knife mill (2mm),,% total weight,83.94666666666667,3,1,1.7543184811582362,2.0898012402615582,,,755
153,3,pistachio shells,proximate,ash,tripod,knife mill (2mm),,% total weight,0.6933333333333334,3,1,0.05773502691896256,8.327167344081138,,,756
82,20,wheat straw,proximate,ash,wardrobe,knife mill (2mm),,% total weight,10.433333333333332,3,1,1.4839249756417379,14.222923089217938,,,757
153,3,pistachio shells,proximate,moisture,tripod,knife mill (2mm),,% total weight,8.756666666666666,3,1,0.01527525231651914,0.17444140445206482,,,758
82,20,wheat straw,proximate,total solids,wardrobe,knife mill (2mm),,% total weight,94.37666666666667,3,1,0.2891942830232504,0.30642561687908426,,,759
153,3,pistachio shells,proximate,volatile solids,tripod,knife mill (2mm),,% total weight,90.55,3,1,0.06244997998397838,0.06896739920925277,,,760
137,34,grape stem,proximate,total solids,rigging,as is,,% total weight,32.40333333333333,3,1,0.7865324744302248,2.4273196412824554,,,761
137,34,grape stem,proximate,moisture,rigging,as is,,% total weight,67.59666666666668,3,1,0.7865324744302248,1.1635669526557888,,,762
137,34,grape stem,proximate,volatile solids,rigging,as is,,% total weight,30.143333333333334,3,1,0.6836909633257792,2.2681332411559634,,,763
137,34,grape stem,proximate,ash,rigging,as is,,% total weight,2.263333333333333,3,1,0.3442867022313427,15.211489052931196,,,764
73,7,sargassum,proximate,volatile solids,hairpin,as is,,% total weight,53.74333333333334,3,1,0.3768730997740927,0.7012462316704571,,,765
73,7,sargassum,proximate,moisture,hairpin,as is,,% total weight,14.160000000000002,3,1,1.231097071720991,8.694188359611516,,,766
73,7,sargassum,proximate,total solids,hairpin,as is,,% total weight,85.83999999999999,3,1,1.2310970717209955,1.4341764582024645,,,767
73,7,sargassum,proximate,ash,hairpin,as is,,% total weight,32.096666666666664,3,1,1.4153562566835716,4.409667431769358,,,768
58,13,walnut hulls,proximate,ash,energetic,oven dry + knife mill (2mm),,% total weight,38.4,3,1,3.7210079279679036,9.690124812416416,,,769
58,13,walnut hulls,proximate,total solids,energetic,oven dry + knife mill (2mm),,% total weight,33.943333333333335,3,1,5.6577410097434955,16.66819505963909,,,770
58,13,walnut hulls,proximate,volatile solids,energetic,oven dry + knife mill (2mm),,% total weight,27.656666666666666,3,1,1.9370682314604533,7.003982999133855,,,771
58,13,walnut hulls,proximate,moisture,energetic,oven dry + knife mill (2mm),,% total weight,2.66,1,1,,,,,772
22,1,spent yeast,proximate,total solids,maplewood,oven dry,,% total weight,58.35666666666666,3,1,4.125243427160791,7.069018267825655,,,773
22,1,spent yeast,proximate,volatile solids,maplewood,oven dry,,% total weight,17.646666666666665,3,1,3.270693096781374,18.53433942263718,,,774
22,1,spent yeast,proximate,ash,maplewood,oven dry,,% total weight,23.993333333333336,3,1,0.851958527942137,3.5508135368524743,,,775
22,1,spent yeast,proximate,moisture,maplewood,oven dry,,% total weight,1.57,1,1,,,,,776
226,17,grape vines,proximate,ash,boatswain,chipper (1in) + knife mill (2mm),,% total weight,2.4,3,1,0.06082762530298218,2.5344843876242575,,,777
226,17,grape vines,proximate,moisture,boatswain,chipper (1in) + knife mill (2mm),,% total weight,47.873333333333335,3,1,1.806110000341431,3.772684863545671,,,778
226,17,grape vines,proximate,total solids,boatswain,chipper (1in) + knife mill (2mm),,% total weight,52.126666666666665,3,1,1.806110000341431,3.4648484467478537,,,779
226,17,grape vines,proximate,volatile solids,boatswain,chipper (1in) + knife mill (2mm),,% total weight,49.73,3,1,1.742182539230604,3.503282805611511,,,780
121,23,grape pomace,proximate,total solids,rigging,as is,,% total weight,45.873333333333335,3,1,0.9502806602963877,2.0715317402188367,,,781
121,23,grape pomace,proximate,volatile solids,rigging,as is,,% total weight,42.65,3,1,1.2421352583354164,2.9123921649130513,,,782
121,23,grape pomace,proximate,ash,rigging,as is,,% total weight,3.2266666666666666,3,1,0.3453018003621373,10.701502077338967,,,783
121,23,grape pomace,proximate,moisture,rigging,as is,,% total weight,54.126666666666665,3,1,0.9502806602963877,1.7556607838952847,,,784
78,5,alfalfa,proximate,total solids,possessive,knife mill (2mm),,% total weight,89.91333333333334,3,1,0.536687370201066,0.5968940871221169,,,785
78,5,alfalfa,proximate,ash,possessive,knife mill (2mm),,% total weight,11.026666666666666,3,1,7.1597928275428,64.93161572741354,,,786
78,5,alfalfa,proximate,moisture,possessive,knife mill (2mm),,% total weight,10.086666666666666,3,1,0.536687370201063,5.320760444822172,,,787
78,5,alfalfa,proximate,volatile solids,possessive,knife mill (2mm),,% total weight,78.88666666666667,3,1,6.649829571750944,8.429598882469715,,,788
103,37,tomato pomace,proximate,moisture,oakleaf,as is,,% total weight,71.34000000000002,3,1,0.49487372126634666,0.6936833771605642,,,789
103,37,tomato pomace,proximate,ash,oakleaf,as is,,% total weight,1.1266666666666667,3,1,0.011547005383792398,1.02488213465613,,,790
103,37,tomato pomace,proximate,total solids,oakleaf,as is,,% total weight,28.659999999999997,3,1,0.4948737212663453,1.726705238193808,,,791
103,37,tomato pomace,proximate,volatile solids,oakleaf,as is,,% total weight,27.536666666666672,3,1,0.47961790347456074,1.741742779837407,,,792
180,35,almond branches,proximate,total solids,tiny,as is,,% total weight,85.89333333333333,3,1,3.0817094823057793,3.587833144565872,,,793
180,35,almond branches,proximate,moisture,tiny,as is,,% total weight,14.106666666666667,3,1,3.0817094823057753,21.84576665150597,,,794
180,35,almond branches,proximate,volatile solids,tiny,as is,,% total weight,20.13,3,1,4.471319715699158,22.212219153994823,,,795
180,35,almond branches,proximate,ash,tiny,as is,,% total weight,65.76,3,1,7.538441483489807,11.4635667328008,,,796
114,23,grape pomace,proximate,ash,boatswain,as is,,% total weight,3.1566666666666663,3,1,0.38109491381194455,12.072700543145023,,,797
90,16,peach stems / leaves,proximate,volatile solids,rushes,as is,,% total weight,25.35666666666667,3,1,0.38017539811688755,1.4993114162622092,,,798
114,23,grape pomace,proximate,moisture,boatswain,as is,,% total weight,62.339999999999996,3,1,0.8101851640211625,1.299623298076937,,,799
90,16,peach stems / leaves,proximate,moisture,rushes,as is,,% total weight,69.32,3,1,0.30446674695277043,0.43921919641195967,,,800
90,16,peach stems / leaves,proximate,ash,rushes,as is,,% total weight,5.323333333333333,3,1,0.11150485789118485,2.0946435421011556,,,801
90,16,peach stems / leaves,proximate,total solids,rushes,as is,,% total weight,30.680000000000003,3,1,0.30446674695276726,0.9923948727274029,,,802
114,23,grape pomace,proximate,volatile solids,boatswain,as is,,% total weight,34.49666666666666,3,1,1.0735610524480352,3.112071849786555,,,803
114,23,grape pomace,proximate,total solids,boatswain,as is,,% total weight,37.660000000000004,3,1,0.8101851640211625,2.1513148274592733,,,804
62,23,grape pomace,proximate,volatile solids,maplewood,oven dry + knife mill (2mm),,% total weight,6.0566666666666675,3,1,0.2871120571019845,4.740430221826932,,,805
62,23,grape pomace,proximate,moisture,maplewood,oven dry + knife mill (2mm),,% total weight,4.05,1,1,,,,,806
62,23,grape pomace,proximate,ash,maplewood,oven dry + knife mill (2mm),,% total weight,6.343333333333334,3,1,0.4178915329763614,6.58788543840822,,,807
62,23,grape pomace,proximate,total solids,maplewood,oven dry + knife mill (2mm),,% total weight,87.59999999999998,3,1,0.7040596565632776,0.8037210691361618,,,808
98,37,tomato pomace,proximate,moisture,gainful,oven dry + knife mill (2mm),,% total weight,1.6866666666666668,3,1,0.04041451884327384,2.3961177179806623,,,809
98,37,tomato pomace,proximate,ash,gainful,oven dry + knife mill (2mm),,% total weight,3.1133333333333333,3,1,0.03511884584284239,1.1280143204339097,,,810
98,37,tomato pomace,proximate,total solids,gainful,oven dry + knife mill (2mm),,% total weight,98.31333333333332,3,1,0.040414518843272795,0.04110787161111358,,,811
98,37,tomato pomace,proximate,volatile solids,gainful,oven dry + knife mill (2mm),,% total weight,95.19666666666666,3,1,0.040414518843272795,0.042453712150221784,,,812
59,37,tomato pomace,ultimate,nitrogen,oakleaf,oven dry + knife mill (2mm),,,25.0,4,1,0.0,0.0,,,813
59,37,tomato pomace,ultimate,oxygen,oakleaf,oven dry + knife mill (2mm),,,25.0,2,1,0.0,0.0,,,814
59,37,tomato pomace,ultimate,carbon,oakleaf,oven dry + knife mill (2mm),,,25.0,4,1,0.0,0.0,,,815
59,37,tomato pomace,ultimate,sulfur,oakleaf,oven dry + knife mill (2mm),,,25.0,2,1,0.0,0.0,,,816
27,26,spent oak chips,ultimate,adf-r,maplewood,knife mill (2mm),,pc,82.9,1,1,,,,,817
316,125,#n/a,ultimate,adf-r,,#n/a,,pc,32.9,1,1,,,,,818
71,25,almond hulls,ultimate,dm,humorous,knife mill (2mm),,pc,88.6,1,1,,,,,819
70,31,almond shells,ultimate,dm,humorous,knife mill (2mm),,pc,81.3,2,1,0.0,0.0,,,820
57,19,walnut shells,ultimate,dm,energetic,oven dry + knife mill (2mm),,pc,92.2,1,1,,,,,821
64,23,grape pomace,ultimate,dm,ebony,oven dry + knife mill (2mm),,pc,93.8,1,1,,,,,822
58,13,walnut hulls,ultimate,dm,energetic,oven dry + knife mill (2mm),,pc,93.8,1,1,,,,,823
56,33,sweet potato culls,ultimate,dm,tackle,oven dry + knife mill (2mm),,pc,90.4,1,1,,,,,824
51,15,almond shells and hulls mix,ultimate,dm,tiny,knife mill (2mm),,pc,91.0,1,1,,,,,825
60,37,tomato pomace,ultimate,dm,pinecrest,oven dry + knife mill (2mm),,pc,91.6,1,1,,,,,826
59,37,tomato pomace,ultimate,dm,oakleaf,oven dry + knife mill (2mm),,pc,95.6,1,1,,,,,827
61,37,tomato pomace,ultimate,dm,riverstone,oven dry + knife mill (2mm),,pc,95.3,1,1,,,,,828
27,26,spent oak chips,ultimate,dm,maplewood,knife mill (2mm),,pc,90.7,1,1,,,,,829
316,125,#n/a,ultimate,dm,,#n/a,,pc,97.3,1,1,,,,,830
62,23,grape pomace,ultimate,dm,maplewood,oven dry + knife mill (2mm),,pc,93.9,1,1,,,,,831
71,25,almond hulls,ultimate,adf-r,humorous,knife mill (2mm),,pc,19.45,2,1,0.3535533905932738,1.8177552215592485,,,832
70,31,almond shells,ultimate,adf-r,humorous,knife mill (2mm),,pc,54.7,2,1,0.0,0.0,,,833
57,19,walnut shells,ultimate,adf-r,energetic,oven dry + knife mill (2mm),,pc,71.9,1,1,,,,,834
64,23,grape pomace,ultimate,adf-r,ebony,oven dry + knife mill (2mm),,pc,39.8,1,1,,,,,835
58,13,walnut hulls,ultimate,adf-r,energetic,oven dry + knife mill (2mm),,pc,67.4,1,1,,,,,836
56,33,sweet potato culls,ultimate,adf-r,tackle,oven dry + knife mill (2mm),,pc,12.1,1,1,,,,,837
51,15,almond shells and hulls mix,ultimate,adf-r,tiny,knife mill (2mm),,pc,27.8,1,1,,,,,838
60,37,tomato pomace,ultimate,adf-r,pinecrest,oven dry + knife mill (2mm),,pc,41.5,1,1,,,,,839
59,37,tomato pomace,ultimate,adf-r,oakleaf,oven dry + knife mill (2mm),,pc,51.2,1,1,,,,,840
61,37,tomato pomace,ultimate,adf-r,riverstone,oven dry + knife mill (2mm),,pc,46.0,2,1,0.42426406871192446,0.9223131928520096,,,841
62,23,grape pomace,ultimate,adf-r,maplewood,oven dry + knife mill (2mm),,pc,43.8,2,1,0.1414213562373065,0.3228798087609738,,,842
71,25,almond hulls,ultimate,cf,humorous,knife mill (2mm),,pc,1.9100000000000001,2,1,0.0565685424949237,2.961703795545743,,,843
70,31,almond shells,ultimate,cf,humorous,knife mill (2mm),,pc,1.45,2,1,0.0,0.0,,,844
57,19,walnut shells,ultimate,cf,energetic,oven dry + knife mill (2mm),,pc,2.6,1,1,,,,,845
64,23,grape pomace,ultimate,cf,ebony,oven dry + knife mill (2mm),,pc,6.22,1,1,,,,,846
58,13,walnut hulls,ultimate,cf,energetic,oven dry + knife mill (2mm),,pc,2.02,1,1,,,,,847
56,33,sweet potato culls,ultimate,cf,tackle,oven dry + knife mill (2mm),,pc,0.96,1,1,,,,,848
51,15,almond shells and hulls mix,ultimate,cf,tiny,knife mill (2mm),,pc,1.64,1,1,,,,,849
60,37,tomato pomace,ultimate,cf,pinecrest,oven dry + knife mill (2mm),,pc,3.39,1,1,,,,,850
59,37,tomato pomace,ultimate,cf,oakleaf,oven dry + knife mill (2mm),,pc,8.7,1,1,,,,,851
61,37,tomato pomace,ultimate,cf,riverstone,oven dry + knife mill (2mm),,pc,9.895,2,1,0.1484924240491756,1.5006813951407338,,,852
27,26,spent oak chips,ultimate,cf,maplewood,knife mill (2mm),,pc,0.5,1,1,,,,,853
316,125,#n/a,ultimate,cf,,#n/a,,pc,1.96,1,1,,,,,854
62,23,grape pomace,ultimate,cf,maplewood,oven dry + knife mill (2mm),,pc,7.66,2,1,0.2828427124746193,3.692463609329234,,,855
71,25,almond hulls,ultimate,nitrogen,humorous,knife mill (2mm),,pc,0.87,2,1,0.0,0.0,,,856
70,31,almond shells,ultimate,nitrogen,humorous,knife mill (2mm),,pc,0.7,2,1,0.0,0.0,,,857
57,19,walnut shells,ultimate,nitrogen,energetic,oven dry + knife mill (2mm),,pc,0.36,1,1,,,,,858
64,23,grape pomace,ultimate,nitrogen,ebony,oven dry + knife mill (2mm),,pc,1.68,1,1,,,,,859
58,13,walnut hulls,ultimate,nitrogen,energetic,oven dry + knife mill (2mm),,pc,1.52,1,1,,,,,860
56,33,sweet potato culls,ultimate,nitrogen,tackle,oven dry + knife mill (2mm),,pc,1.57,1,1,,,,,861
51,15,almond shells and hulls mix,ultimate,nitrogen,tiny,knife mill (2mm),,pc,0.65,1,1,,,,,862
60,37,tomato pomace,ultimate,nitrogen,pinecrest,oven dry + knife mill (2mm),,pc,2.28,1,1,,,,,863
59,37,tomato pomace,ultimate,nitrogen,oakleaf,oven dry + knife mill (2mm),,pc,2.58,1,1,,,,,864
61,37,tomato pomace,ultimate,nitrogen,riverstone,oven dry + knife mill (2mm),,pc,2.91,2,1,0.09899494936611673,3.4018882943682724,,,865
27,26,spent oak chips,ultimate,nitrogen,maplewood,knife mill (2mm),,pc,0.23,1,1,,,,,866
315,125,#n/a,ultimate,nitrogen,,#n/a,,pc,3.06,1,1,,,,,867
62,23,grape pomace,ultimate,nitrogen,maplewood,oven dry + knife mill (2mm),,pc,1.865,2,1,0.0919238815542511,4.928894453311051,,,868
70,31,almond shells,ultimate,sulfur,humorous,knife mill (2mm),,pc,270.0,1,1,,,,,869
42,25,almond hulls,xrf,la,tiny,as is,,ppm,0.0,1,1,,,,,870
42,25,almond hulls,xrf,co,tiny,as is,,ppm,0.0,1,1,,,,,871
42,25,almond hulls,xrf,rb,tiny,as is,,ppm,7.0,1,1,,,,,872
42,25,almond hulls,xrf,al,tiny,as is,,ppm,4350.0,1,1,,,,,873
42,25,almond hulls,xrf,mg,tiny,as is,,ppm,0.0,1,1,,,,,874
42,25,almond hulls,xrf,zn,tiny,as is,,ppm,25.0,1,1,,,,,875
42,25,almond hulls,xrf,mo,tiny,as is,,ppm,10.0,1,1,,,,,876
42,25,almond hulls,xrf,th,tiny,as is,,ppm,76.0,1,1,,,,,877
42,25,almond hulls,xrf,y,tiny,as is,,ppm,0.0,1,1,,,,,878
42,25,almond hulls,xrf,s,tiny,as is,,ppm,359.0,1,1,,,,,879
42,25,almond hulls,xrf,cr,tiny,as is,,ppm,0.0,1,1,,,,,880
42,25,almond hulls,xrf,ca,tiny,as is,,ppm,3850.0,1,1,,,,,881
42,25,almond hulls,xrf,si,tiny,as is,,ppm,17900.0,1,1,,,,,882
42,25,almond hulls,xrf,cd,tiny,as is,,ppm,0.0,1,1,,,,,883
42,25,almond hulls,xrf,u,tiny,as is,,ppm,21.0,1,1,,,,,884
42,25,almond hulls,xrf,fe,tiny,as is,,ppm,527.0,1,1,,,,,885
42,25,almond hulls,xrf,hg,tiny,as is,,ppm,0.0,1,1,,,,,886
42,25,almond hulls,xrf,ti,tiny,as is,,ppm,344.0,1,1,,,,,887
42,25,almond hulls,xrf,sb,tiny,as is,,ppm,0.0,1,1,,,,,888
42,25,almond hulls,xrf,p,tiny,as is,,ppm,529.0,1,1,,,,,889
42,25,almond hulls,xrf,as,tiny,as is,,ppm,0.0,1,1,,,,,890
42,25,almond hulls,xrf,sn,tiny,as is,,ppm,0.0,1,1,,,,,891
42,25,almond hulls,xrf,se,tiny,as is,,ppm,0.0,1,1,,,,,892
42,25,almond hulls,xrf,pb,tiny,as is,,ppm,0.0,1,1,,,,,893
42,25,almond hulls,xrf,pr,tiny,as is,,ppm,58.0,1,1,,,,,894
42,25,almond hulls,xrf,ni,tiny,as is,,ppm,0.0,1,1,,,,,895
42,25,almond hulls,xrf,bi,tiny,as is,,ppm,0.0,1,1,,,,,896
42,25,almond hulls,xrf,ba,tiny,as is,,ppm,22.0,1,1,,,,,897
42,25,almond hulls,xrf,k,tiny,as is,,ppm,39100.0,1,1,,,,,898
42,25,almond hulls,xrf,nd,tiny,as is,,ppm,0.0,1,1,,,,,899
42,25,almond hulls,xrf,v,tiny,as is,,ppm,0.0,1,1,,,,,900
42,25,almond hulls,xrf,sr,tiny,as is,,ppm,16.0,1,1,,,,,901
42,25,almond hulls,xrf,mn,tiny,as is,,ppm,0.0,1,1,,,,,902
42,25,almond hulls,xrf,zr,tiny,as is,,ppm,0.0,1,1,,,,,903
42,25,almond hulls,xrf,w,tiny,as is,,ppm,0.0,1,1,,,,,904
42,25,almond hulls,xrf,ce,tiny,as is,,ppm,42.0,1,1,,,,,905
42,25,almond hulls,xrf,cu,tiny,as is,,ppm,12.0,1,1,,,,,906
42,25,almond hulls,xrf,nb,tiny,as is,,ppm,0.0,1,1,,,,,907
42,25,almond hulls,xrf,ag,tiny,as is,,ppm,0.0,1,1,,,,,908
148,31,almond shells,xrf,k,capstan,knife mill (2mm),,ppm,21800.0,3,1,1212.4355652982142,5.561631033478047,,,909
148,31,almond shells,xrf,si,capstan,knife mill (2mm),,ppm,5280.0,3,1,160.0,3.0303030303030303,,,910
148,31,almond shells,xrf,s,capstan,knife mill (2mm),,ppm,467.0,3,1,16.822603841260722,3.6022706298202833,,,911
148,31,almond shells,xrf,cu,capstan,knife mill (2mm),,ppm,10.333333333333334,3,1,1.1547005383792517,11.174521339154047,,,912
148,31,almond shells,xrf,pr,capstan,knife mill (2mm),,ppm,111.5,2,1,50.204581464244875,45.026530461206164,,,913
148,31,almond shells,xrf,ca,capstan,knife mill (2mm),,ppm,4046.6666666666665,3,1,30.550504633038937,0.7549548097126592,,,914
148,31,almond shells,xrf,p,capstan,knife mill (2mm),,ppm,764.6666666666666,3,1,14.433756729740644,1.8875880640462916,,,915
148,31,almond shells,xrf,sr,capstan,knife mill (2mm),,ppm,21.666666666666668,3,1,1.1547005383792515,5.32938710021193,,,916
148,31,almond shells,xrf,u,capstan,knife mill (2mm),,ppm,15.0,3,1,1.0,6.666666666666667,,,917
148,31,almond shells,xrf,ba,capstan,knife mill (2mm),,ppm,26.0,3,1,3.0,11.538461538461538,,,918
148,31,almond shells,xrf,mg,capstan,knife mill (2mm),,ppm,3880.0,1,1,,,,,919
148,31,almond shells,xrf,ce,capstan,knife mill (2mm),,ppm,63.5,2,1,20.506096654409877,32.29306559749587,,,920
148,31,almond shells,xrf,th,capstan,knife mill (2mm),,ppm,43.666666666666664,3,1,2.516611478423583,5.76323239333645,,,921
148,31,almond shells,xrf,rb,capstan,knife mill (2mm),,ppm,13.333333333333334,3,1,1.1547005383792517,8.660254037844387,,,922
148,31,almond shells,xrf,ti,capstan,knife mill (2mm),,ppm,194.5,2,1,12.020815280171307,6.180367753301443,,,923
148,31,almond shells,xrf,w,capstan,knife mill (2mm),,ppm,4.0,1,1,,,,,924
148,31,almond shells,xrf,al,capstan,knife mill (2mm),,ppm,1490.0,3,1,112.69427669584645,7.563374274889023,,,925
148,31,almond shells,xrf,mn,capstan,knife mill (2mm),,ppm,37.333333333333336,3,1,11.846237095944574,31.730992221280108,,,926
148,31,almond shells,xrf,la,capstan,knife mill (2mm),,ppm,47.5,2,1,0.7071067811865476,1.4886458551295738,,,927
148,31,almond shells,xrf,nd,capstan,knife mill (2mm),,ppm,94.0,1,1,,,,,928
148,31,almond shells,xrf,fe,capstan,knife mill (2mm),,ppm,517.6666666666666,3,1,8.020806277010644,1.549415249905469,,,929
148,31,almond shells,xrf,zn,capstan,knife mill (2mm),,ppm,20.666666666666668,3,1,0.5773502691896258,2.793630334788512,,,930
160,19,walnut shells,xrf,rb,cutaway,knife mill (2mm),,ppm,4.666666666666667,3,1,0.5773502691896258,12.371791482634839,,,931
160,19,walnut shells,xrf,u,cutaway,knife mill (2mm),,ppm,16.0,3,1,1.0,6.25,,,932
160,19,walnut shells,xrf,p,cutaway,knife mill (2mm),,ppm,380.6666666666667,3,1,24.583192089989723,6.457931372151416,,,933
160,19,walnut shells,xrf,sr,cutaway,knife mill (2mm),,ppm,18.0,3,1,1.0,5.555555555555555,,,934
160,19,walnut shells,xrf,th,cutaway,knife mill (2mm),,ppm,53.666666666666664,3,1,2.0816659994661326,3.8788807443468314,,,935
160,19,walnut shells,xrf,mn,cutaway,knife mill (2mm),,ppm,29.333333333333332,3,1,3.2145502536643185,10.958694046582904,,,936
160,19,walnut shells,xrf,fe,cutaway,knife mill (2mm),,ppm,81.66666666666667,3,1,3.511884584284246,4.300266837899076,,,937
160,19,walnut shells,xrf,la,cutaway,knife mill (2mm),,ppm,43.0,1,1,,,,,938
160,19,walnut shells,xrf,cu,cutaway,knife mill (2mm),,ppm,11.666666666666666,3,1,2.0816659994661326,17.842851423995423,,,939
160,19,walnut shells,xrf,zn,cutaway,knife mill (2mm),,ppm,9.333333333333334,3,1,1.1547005383792517,12.371791482634839,,,940
160,19,walnut shells,xrf,pr,cutaway,knife mill (2mm),,ppm,70.0,2,1,2.8284271247461903,4.040610178208843,,,941
160,19,walnut shells,xrf,k,cutaway,knife mill (2mm),,ppm,5436.666666666667,3,1,664.2539674953649,12.218037415610636,,,942
160,19,walnut shells,xrf,s,cutaway,knife mill (2mm),,ppm,326.0,3,1,30.4138126514911,9.329390383892976,,,943
160,19,walnut shells,xrf,si,cutaway,knife mill (2mm),,ppm,998.6666666666666,3,1,72.95432360959379,7.3051725910808205,,,944
160,19,walnut shells,xrf,nd,cutaway,knife mill (2mm),,ppm,95.0,1,1,,,,,945
160,19,walnut shells,xrf,co,cutaway,knife mill (2mm),,ppm,8.0,1,1,,,,,946
160,19,walnut shells,xrf,ca,cutaway,knife mill (2mm),,ppm,4530.0,3,1,45.8257569495584,1.0116061136767858,,,947
160,19,walnut shells,xrf,ce,cutaway,knife mill (2mm),,ppm,47.0,3,1,5.291502622129181,11.25851621729613,,,948
160,19,walnut shells,xrf,ba,cutaway,knife mill (2mm),,ppm,27.333333333333332,3,1,4.041451884327381,14.78579957680749,,,949
160,19,walnut shells,xrf,ti,cutaway,knife mill (2mm),,ppm,219.0,2,1,12.727922061357855,5.81183655769765,,,950
160,19,walnut shells,xrf,al,cutaway,knife mill (2mm),,ppm,711.0,2,1,117.37972567696688,16.509103470740772,,,951
45,13,walnut hulls,xrf,ni,energetic,as is,,ppm,0.0,1,1,,,,,952
45,13,walnut hulls,xrf,u,energetic,as is,,ppm,14.0,1,1,,,,,953
45,13,walnut hulls,xrf,pr,energetic,as is,,ppm,53.0,1,1,,,,,954
45,13,walnut hulls,xrf,se,energetic,as is,,ppm,0.0,1,1,,,,,955
45,13,walnut hulls,xrf,ti,energetic,as is,,ppm,0.0,1,1,,,,,956
45,13,walnut hulls,xrf,v,energetic,as is,,ppm,0.0,1,1,,,,,957
45,13,walnut hulls,xrf,p,energetic,as is,,ppm,0.0,1,1,,,,,958
45,13,walnut hulls,xrf,si,energetic,as is,,ppm,6540.0,1,1,,,,,959
45,13,walnut hulls,xrf,sr,energetic,as is,,ppm,49.0,1,1,,,,,960
45,13,walnut hulls,xrf,w,energetic,as is,,ppm,0.0,1,1,,,,,961
45,13,walnut hulls,xrf,cd,energetic,as is,,ppm,0.0,1,1,,,,,962
45,13,walnut hulls,xrf,ba,energetic,as is,,ppm,17.0,1,1,,,,,963
45,13,walnut hulls,xrf,sn,energetic,as is,,ppm,0.0,1,1,,,,,964
45,13,walnut hulls,xrf,y,energetic,as is,,ppm,0.0,1,1,,,,,965
45,13,walnut hulls,xrf,co,energetic,as is,,ppm,0.0,1,1,,,,,966
45,13,walnut hulls,xrf,mo,energetic,as is,,ppm,11.0,1,1,,,,,967
45,13,walnut hulls,xrf,rb,energetic,as is,,ppm,14.0,1,1,,,,,968
45,13,walnut hulls,xrf,sb,energetic,as is,,ppm,0.0,1,1,,,,,969
45,13,walnut hulls,xrf,k,energetic,as is,,ppm,3940.0,1,1,,,,,970
45,13,walnut hulls,xrf,ag,energetic,as is,,ppm,0.0,1,1,,,,,971
45,13,walnut hulls,xrf,th,energetic,as is,,ppm,73.0,1,1,,,,,972
45,13,walnut hulls,xrf,ce,energetic,as is,,ppm,43.0,1,1,,,,,973
45,13,walnut hulls,xrf,mg,energetic,as is,,ppm,0.0,1,1,,,,,974
45,13,walnut hulls,xrf,fe,energetic,as is,,ppm,2830.0,1,1,,,,,975
45,13,walnut hulls,xrf,pb,energetic,as is,,ppm,0.0,1,1,,,,,976
45,13,walnut hulls,xrf,nb,energetic,as is,,ppm,0.0,1,1,,,,,977
45,13,walnut hulls,xrf,al,energetic,as is,,ppm,0.0,1,1,,,,,978
45,13,walnut hulls,xrf,hg,energetic,as is,,ppm,0.0,1,1,,,,,979
45,13,walnut hulls,xrf,cr,energetic,as is,,ppm,0.0,1,1,,,,,980
45,13,walnut hulls,xrf,zr,energetic,as is,,ppm,0.0,1,1,,,,,981
45,13,walnut hulls,xrf,bi,energetic,as is,,ppm,0.0,1,1,,,,,982
45,13,walnut hulls,xrf,la,energetic,as is,,ppm,29.0,1,1,,,,,983
45,13,walnut hulls,xrf,nd,energetic,as is,,ppm,76.0,1,1,,,,,984
45,13,walnut hulls,xrf,zn,energetic,as is,,ppm,13.0,1,1,,,,,985
45,13,walnut hulls,xrf,mn,energetic,as is,,ppm,69.0,1,1,,,,,986
45,13,walnut hulls,xrf,ca,energetic,as is,,ppm,4370.0,1,1,,,,,987
45,13,walnut hulls,xrf,as,energetic,as is,,ppm,0.0,1,1,,,,,988
45,13,walnut hulls,xrf,s,energetic,as is,,ppm,168.0,1,1,,,,,989
45,13,walnut hulls,xrf,cu,energetic,as is,,ppm,14.0,1,1,,,,,990
108,23,grape pomace,xrf,mn,boatswain,oven dry + knife mill (2mm),,ppm,46.0,3,1,9.16515138991168,19.924242151981915,,,991
108,23,grape pomace,xrf,ba,boatswain,oven dry + knife mill (2mm),,ppm,731.3333333333334,3,1,1176.7116610849632,160.89949786941156,,,992
108,23,grape pomace,xrf,ce,boatswain,oven dry + knife mill (2mm),,ppm,1393.3333333333333,3,1,2248.8773495531796,161.40268058994113,,,993
108,23,grape pomace,xrf,p,boatswain,oven dry + knife mill (2mm),,ppm,2663.3333333333335,3,1,30.550504633038937,1.147077770952651,,,994
108,23,grape pomace,xrf,zn,boatswain,oven dry + knife mill (2mm),,ppm,24.333333333333332,3,1,1.5275252316519465,6.277500951994301,,,995
108,23,grape pomace,xrf,la,boatswain,oven dry + knife mill (2mm),,ppm,1058.6666666666667,3,1,1707.225917485244,161.26189396900918,,,996
108,23,grape pomace,xrf,s,boatswain,oven dry + knife mill (2mm),,ppm,2586.6666666666665,3,1,75.05553499465135,2.901631507525181,,,997
108,23,grape pomace,xrf,u,boatswain,oven dry + knife mill (2mm),,ppm,13.333333333333334,3,1,1.1547005383792517,8.660254037844387,,,998
108,23,grape pomace,xrf,al,boatswain,oven dry + knife mill (2mm),,ppm,717.0,1,1,,,,,999
108,23,grape pomace,xrf,cu,boatswain,oven dry + knife mill (2mm),,ppm,22.333333333333332,3,1,0.5773502691896258,2.5851504590580263,,,1000
108,23,grape pomace,xrf,k,boatswain,oven dry + knife mill (2mm),,ppm,19933.333333333332,3,1,635.0852961085884,3.1860466359962634,,,1001
108,23,grape pomace,xrf,ca,boatswain,oven dry + knife mill (2mm),,ppm,6593.333333333333,3,1,128.58201014657274,1.9501821559136414,,,1002
108,23,grape pomace,xrf,fe,boatswain,oven dry + knife mill (2mm),,ppm,385.3333333333333,3,1,4.725815626252609,1.2264227403769745,,,1003
108,23,grape pomace,xrf,th,boatswain,oven dry + knife mill (2mm),,ppm,39.666666666666664,3,1,3.214550253664318,8.103908202515088,,,1004
108,23,grape pomace,xrf,sr,boatswain,oven dry + knife mill (2mm),,ppm,35.0,3,1,1.0,2.857142857142857,,,1005
108,23,grape pomace,xrf,pr,boatswain,oven dry + knife mill (2mm),,ppm,93.0,1,1,,,,,1006
108,23,grape pomace,xrf,si,boatswain,oven dry + knife mill (2mm),,ppm,3260.0,3,1,36.05551275463989,1.1059973237619598,,,1007
108,23,grape pomace,xrf,rb,boatswain,oven dry + knife mill (2mm),,ppm,3.0,3,1,0.0,0.0,,,1008
108,23,grape pomace,xrf,mg,boatswain,oven dry + knife mill (2mm),,ppm,3670.0,1,1,,,,,1009
108,23,grape pomace,xrf,mo,boatswain,oven dry + knife mill (2mm),,ppm,4.0,1,1,,,,,1010
108,23,grape pomace,xrf,co,boatswain,oven dry + knife mill (2mm),,ppm,12.0,1,1,,,,,1011
144,25,almond hulls,xrf,fe,tiny,knife mill (2mm),,ppm,475.0,3,1,21.656407827707714,4.559243753201623,,,1012
144,25,almond hulls,xrf,k,tiny,knife mill (2mm),,ppm,33133.333333333336,3,1,472.58156262526086,1.4263025028931413,,,1013
144,25,almond hulls,xrf,sr,tiny,knife mill (2mm),,ppm,17.0,3,1,1.0,5.88235294117647,,,1014
144,25,almond hulls,xrf,zn,tiny,knife mill (2mm),,ppm,15.333333333333334,3,1,0.5773502691896257,3.765327842541037,,,1015
144,25,almond hulls,xrf,si,tiny,knife mill (2mm),,ppm,3023.3333333333335,3,1,111.50485789118487,3.6881430393997197,,,1016
144,25,almond hulls,xrf,cu,tiny,knife mill (2mm),,ppm,12.0,3,1,0.0,0.0,,,1017
144,25,almond hulls,xrf,th,tiny,knife mill (2mm),,ppm,44.666666666666664,3,1,3.214550253664318,7.1967542992484725,,,1018
144,25,almond hulls,xrf,p,tiny,knife mill (2mm),,ppm,1273.3333333333333,3,1,35.11884584284247,2.7580245426316075,,,1019
144,25,almond hulls,xrf,ti,tiny,knife mill (2mm),,ppm,185.0,1,1,,,,,1020
144,25,almond hulls,xrf,ca,tiny,knife mill (2mm),,ppm,2646.6666666666665,3,1,30.550504633038937,1.154301182608524,,,1021
144,25,almond hulls,xrf,la,tiny,knife mill (2mm),,ppm,57.0,1,1,,,,,1022
144,25,almond hulls,xrf,nd,tiny,knife mill (2mm),,ppm,112.5,2,1,27.577164466275352,24.513035081133648,,,1023
144,25,almond hulls,xrf,rb,tiny,knife mill (2mm),,ppm,9.333333333333334,3,1,1.1547005383792517,12.371791482634839,,,1024
144,25,almond hulls,xrf,u,tiny,knife mill (2mm),,ppm,13.666666666666666,3,1,1.5275252316519468,11.177013890136196,,,1025
144,25,almond hulls,xrf,pr,tiny,knife mill (2mm),,ppm,71.0,1,1,,,,,1026
144,25,almond hulls,xrf,s,tiny,knife mill (2mm),,ppm,237.33333333333334,3,1,31.374086972106983,13.219418668022605,,,1027
144,25,almond hulls,xrf,mn,tiny,knife mill (2mm),,ppm,38.666666666666664,3,1,6.429100507328637,16.626984070677512,,,1028
144,25,almond hulls,xrf,ce,tiny,knife mill (2mm),,ppm,53.333333333333336,3,1,10.115993936995679,18.967488631866896,,,1029
144,25,almond hulls,xrf,ba,tiny,knife mill (2mm),,ppm,47.0,1,1,,,,,1030
44,19,walnut shells,xrf,se,energetic,as is,,ppm,0.0,1,1,,,,,1031
44,19,walnut shells,xrf,cd,energetic,as is,,ppm,0.0,1,1,,,,,1032
44,19,walnut shells,xrf,pb,energetic,as is,,ppm,0.0,1,1,,,,,1033
44,19,walnut shells,xrf,al,energetic,as is,,ppm,0.0,1,1,,,,,1034
44,19,walnut shells,xrf,nd,energetic,as is,,ppm,0.0,1,1,,,,,1035
44,19,walnut shells,xrf,w,energetic,as is,,ppm,0.0,1,1,,,,,1036
44,19,walnut shells,xrf,fe,energetic,as is,,ppm,41.0,1,1,,,,,1037
44,19,walnut shells,xrf,sb,energetic,as is,,ppm,0.0,1,1,,,,,1038
44,19,walnut shells,xrf,as,energetic,as is,,ppm,0.0,1,1,,,,,1039
44,19,walnut shells,xrf,ca,energetic,as is,,ppm,8200.0,1,1,,,,,1040
44,19,walnut shells,xrf,k,energetic,as is,,ppm,12700.0,1,1,,,,,1041
44,19,walnut shells,xrf,ba,energetic,as is,,ppm,36.0,1,1,,,,,1042
44,19,walnut shells,xrf,mg,energetic,as is,,ppm,0.0,1,1,,,,,1043
44,19,walnut shells,xrf,rb,energetic,as is,,ppm,0.0,1,1,,,,,1044
44,19,walnut shells,xrf,sn,energetic,as is,,ppm,0.0,1,1,,,,,1045
44,19,walnut shells,xrf,mo,energetic,as is,,ppm,6.0,1,1,,,,,1046
44,19,walnut shells,xrf,cu,energetic,as is,,ppm,15.0,1,1,,,,,1047
44,19,walnut shells,xrf,la,energetic,as is,,ppm,60.0,1,1,,,,,1048
44,19,walnut shells,xrf,p,energetic,as is,,ppm,705.0,1,1,,,,,1049
44,19,walnut shells,xrf,sr,energetic,as is,,ppm,18.0,1,1,,,,,1050
44,19,walnut shells,xrf,v,energetic,as is,,ppm,0.0,1,1,,,,,1051
44,19,walnut shells,xrf,mn,energetic,as is,,ppm,34.0,1,1,,,,,1052
44,19,walnut shells,xrf,ce,energetic,as is,,ppm,0.0,1,1,,,,,1053
44,19,walnut shells,xrf,hg,energetic,as is,,ppm,0.0,1,1,,,,,1054
44,19,walnut shells,xrf,zn,energetic,as is,,ppm,21.0,1,1,,,,,1055
44,19,walnut shells,xrf,y,energetic,as is,,ppm,0.0,1,1,,,,,1056
44,19,walnut shells,xrf,zr,energetic,as is,,ppm,0.0,1,1,,,,,1057
44,19,walnut shells,xrf,si,energetic,as is,,ppm,400.0,1,1,,,,,1058
44,19,walnut shells,xrf,nb,energetic,as is,,ppm,0.0,1,1,,,,,1059
44,19,walnut shells,xrf,s,energetic,as is,,ppm,332.0,1,1,,,,,1060
44,19,walnut shells,xrf,bi,energetic,as is,,ppm,0.0,1,1,,,,,1061
44,19,walnut shells,xrf,pr,energetic,as is,,ppm,0.0,1,1,,,,,1062
44,19,walnut shells,xrf,ag,energetic,as is,,ppm,3.0,1,1,,,,,1063
44,19,walnut shells,xrf,co,energetic,as is,,ppm,0.0,1,1,,,,,1064
44,19,walnut shells,xrf,cr,energetic,as is,,ppm,0.0,1,1,,,,,1065
44,19,walnut shells,xrf,ni,energetic,as is,,ppm,0.0,1,1,,,,,1066
44,19,walnut shells,xrf,u,energetic,as is,,ppm,22.0,1,1,,,,,1067
44,19,walnut shells,xrf,th,energetic,as is,,ppm,72.0,1,1,,,,,1068
44,19,walnut shells,xrf,ti,energetic,as is,,ppm,0.0,1,1,,,,,1069
77,5,alfalfa,xrf,ti,possessive,knife mill (2mm),,ppm,210.0,1,1,,,,,1070
77,5,alfalfa,xrf,p,possessive,knife mill (2mm),,ppm,2880.0,3,1,79.37253933193772,2.755990949025615,,,1071
77,5,alfalfa,xrf,s,possessive,knife mill (2mm),,ppm,5123.333333333333,3,1,291.4332399252586,5.68835211304994,,,1072
77,5,alfalfa,xrf,sr,possessive,knife mill (2mm),,ppm,131.33333333333334,3,1,2.081665999466133,1.585024872689949,,,1073
77,5,alfalfa,xrf,cu,possessive,knife mill (2mm),,ppm,26.666666666666668,3,1,2.3094010767585034,8.660254037844387,,,1074
77,5,alfalfa,xrf,ca,possessive,knife mill (2mm),,ppm,28166.666666666668,3,1,1823.001188516709,6.4721935686983745,,,1075
77,5,alfalfa,xrf,nd,possessive,knife mill (2mm),,ppm,99.0,1,1,,,,,1076
77,5,alfalfa,xrf,ba,possessive,knife mill (2mm),,ppm,26.0,3,1,5.5677643628300215,21.414478318577007,,,1077
77,5,alfalfa,xrf,mg,possessive,knife mill (2mm),,ppm,11000.0,3,1,2193.171219946131,19.93792018132846,,,1078
77,5,alfalfa,xrf,zn,possessive,knife mill (2mm),,ppm,48.333333333333336,3,1,2.0816659994661326,4.30689517130924,,,1079
77,5,alfalfa,xrf,u,possessive,knife mill (2mm),,ppm,20.0,3,1,1.7320508075688772,8.660254037844387,,,1080
77,5,alfalfa,xrf,fe,possessive,knife mill (2mm),,ppm,689.0,3,1,78.88599368709251,11.449345963293544,,,1081
77,5,alfalfa,xrf,th,possessive,knife mill (2mm),,ppm,57.0,3,1,4.358898943540674,7.647191129018727,,,1082
77,5,alfalfa,xrf,mo,possessive,knife mill (2mm),,ppm,9.0,3,1,3.0,33.33333333333333,,,1083
77,5,alfalfa,xrf,k,possessive,knife mill (2mm),,ppm,16000.0,3,1,435.88989435406734,2.7243118397129207,,,1084
77,5,alfalfa,xrf,al,possessive,knife mill (2mm),,ppm,2550.0,3,1,230.65125189341592,9.045147133075133,,,1085
77,5,alfalfa,xrf,la,possessive,knife mill (2mm),,ppm,43.0,1,1,,,,,1086
77,5,alfalfa,xrf,rb,possessive,knife mill (2mm),,ppm,52.0,3,1,1.0,1.9230769230769231,,,1087
77,5,alfalfa,xrf,si,possessive,knife mill (2mm),,ppm,5220.0,3,1,170.88007490635061,3.273564653378364,,,1088
77,5,alfalfa,xrf,pb,possessive,knife mill (2mm),,ppm,4.0,3,1,0.0,0.0,,,1089
77,5,alfalfa,xrf,pr,possessive,knife mill (2mm),,ppm,62.5,2,1,6.363961030678928,10.182337649086284,,,1090
77,5,alfalfa,xrf,mn,possessive,knife mill (2mm),,ppm,78.33333333333333,3,1,8.504900548115383,10.857319848657937,,,1091
77,5,alfalfa,xrf,ce,possessive,knife mill (2mm),,ppm,42.5,2,1,3.5355339059327378,8.31890330807703,,,1092
81,27,rice straw,xrf,th,possessive,knife mill (2mm),,ppm,67.66666666666667,3,1,4.509249752822894,6.663915890871272,,,1093
81,27,rice straw,xrf,sr,possessive,knife mill (2mm),,ppm,31.333333333333332,3,1,2.3094010767585034,7.370428968378202,,,1094
81,27,rice straw,xrf,mo,possessive,knife mill (2mm),,ppm,11.0,3,1,1.7320508075688772,15.745916432444337,,,1095
81,27,rice straw,xrf,ba,possessive,knife mill (2mm),,ppm,30.0,3,1,6.0,20.0,,,1096
81,27,rice straw,xrf,k,possessive,knife mill (2mm),,ppm,32700.0,3,1,264.5751311064591,0.8090982602644009,,,1097
81,27,rice straw,xrf,pb,possessive,knife mill (2mm),,ppm,7.0,3,1,0.0,0.0,,,1098
81,27,rice straw,xrf,ca,possessive,knife mill (2mm),,ppm,10083.333333333334,3,1,361.1555528208494,3.5817079618596632,,,1099
81,27,rice straw,xrf,cu,possessive,knife mill (2mm),,ppm,21.666666666666668,3,1,3.2145502536643185,14.836385786143008,,,1100
81,27,rice straw,xrf,ce,possessive,knife mill (2mm),,ppm,45.0,1,1,,,,,1101
81,27,rice straw,xrf,ti,possessive,knife mill (2mm),,ppm,498.0,3,1,53.50700888668698,10.74437929451546,,,1102
81,27,rice straw,xrf,mn,possessive,knife mill (2mm),,ppm,948.3333333333334,3,1,25.146238950056393,2.651624493854804,,,1103
81,27,rice straw,xrf,al,possessive,knife mill (2mm),,ppm,8516.666666666666,3,1,392.08842540086965,4.6037779890513075,,,1104
81,27,rice straw,xrf,mg,possessive,knife mill (2mm),,ppm,8433.333333333334,3,1,1323.2283753507304,15.690455043684548,,,1105
81,27,rice straw,xrf,fe,possessive,knife mill (2mm),,ppm,4306.666666666667,3,1,37.859388972001824,0.8790879792260484,,,1106
81,27,rice straw,xrf,pr,possessive,knife mill (2mm),,ppm,64.0,1,1,,,,,1107
81,27,rice straw,xrf,zn,possessive,knife mill (2mm),,ppm,65.0,3,1,1.0,1.5384615384615385,,,1108
81,27,rice straw,xrf,rb,possessive,knife mill (2mm),,ppm,45.666666666666664,3,1,1.1547005383792517,2.5285413249180695,,,1109
81,27,rice straw,xrf,si,possessive,knife mill (2mm),,ppm,89633.33333333333,3,1,1823.0011885167091,2.033842902770594,,,1110
81,27,rice straw,xrf,u,possessive,knife mill (2mm),,ppm,21.666666666666668,3,1,1.5275252316519468,7.050116453778216,,,1111
81,27,rice straw,xrf,s,possessive,knife mill (2mm),,ppm,4270.0,3,1,26.457513110645905,0.619613890179061,,,1112
81,27,rice straw,xrf,as,possessive,knife mill (2mm),,ppm,7.333333333333333,3,1,0.5773502691896258,7.872958216222171,,,1113
81,27,rice straw,xrf,p,possessive,knife mill (2mm),,ppm,2470.0,3,1,78.10249675906654,3.1620444032010746,,,1114
81,27,rice straw,xrf,la,possessive,knife mill (2mm),,ppm,45.0,1,1,,,,,1115
125,26,spent oak chips,xrf,mn,rigging,oven dry + knife mill (2mm),,ppm,24.666666666666668,3,1,4.509249752822894,18.280742241173893,,,1116
125,26,spent oak chips,xrf,ti,rigging,oven dry + knife mill (2mm),,ppm,205.0,3,1,40.779897008207364,19.892632686930423,,,1117
125,26,spent oak chips,xrf,zn,rigging,oven dry + knife mill (2mm),,ppm,9.0,3,1,0.0,0.0,,,1118
125,26,spent oak chips,xrf,k,rigging,oven dry + knife mill (2mm),,ppm,28800.0,3,1,5629.3871780150275,19.546483256996623,,,1119
125,26,spent oak chips,xrf,ba,rigging,oven dry + knife mill (2mm),,ppm,23.0,2,1,2.8284271247461903,12.297509238026914,,,1120
125,26,spent oak chips,xrf,cu,rigging,oven dry + knife mill (2mm),,ppm,9.333333333333334,3,1,0.5773502691896257,6.1858957413174185,,,1121
125,26,spent oak chips,xrf,ce,rigging,oven dry + knife mill (2mm),,ppm,52.0,3,1,10.583005244258363,20.351933162035312,,,1122
125,26,spent oak chips,xrf,u,rigging,oven dry + knife mill (2mm),,ppm,16.0,3,1,1.0,6.25,,,1123
125,26,spent oak chips,xrf,mo,rigging,oven dry + knife mill (2mm),,ppm,5.0,2,1,1.4142135623730951,28.284271247461902,,,1124
125,26,spent oak chips,xrf,rb,rigging,oven dry + knife mill (2mm),,ppm,19.333333333333332,3,1,1.1547005383792515,5.972588991616818,,,1125
125,26,spent oak chips,xrf,si,rigging,oven dry + knife mill (2mm),,ppm,458.0,3,1,55.48873759602033,12.11544488996077,,,1126
125,26,spent oak chips,xrf,th,rigging,oven dry + knife mill (2mm),,ppm,54.333333333333336,3,1,3.785938897200183,6.967985700368434,,,1127
125,26,spent oak chips,xrf,la,rigging,oven dry + knife mill (2mm),,ppm,44.0,1,1,,,,,1128
125,26,spent oak chips,xrf,s,rigging,oven dry + knife mill (2mm),,ppm,1690.0,3,1,88.88194417315589,5.259286637464846,,,1129
125,26,spent oak chips,xrf,sr,rigging,oven dry + knife mill (2mm),,ppm,5.333333333333333,3,1,0.5773502691896258,10.825317547305485,,,1130
125,26,spent oak chips,xrf,fe,rigging,oven dry + knife mill (2mm),,ppm,129.0,3,1,6.082762530298219,4.715319790928852,,,1131
125,26,spent oak chips,xrf,ca,rigging,oven dry + knife mill (2mm),,ppm,1610.0,3,1,199.24858845171275,12.375688723708866,,,1132
125,26,spent oak chips,xrf,pb,rigging,oven dry + knife mill (2mm),,ppm,4.0,1,1,,,,,1133
125,26,spent oak chips,xrf,p,rigging,oven dry + knife mill (2mm),,ppm,399.6666666666667,3,1,41.428653530296316,10.365801550532856,,,1134
145,35,almond branches,xrf,ba,humorous,knife mill (2mm),,ppm,34.666666666666664,3,1,8.082903768654761,23.316068563427198,,,1135
145,35,almond branches,xrf,s,humorous,knife mill (2mm),,ppm,783.6666666666666,3,1,25.69695182961071,3.27906658821064,,,1136
145,35,almond branches,xrf,pb,humorous,knife mill (2mm),,ppm,3.0,2,1,0.0,0.0,,,1137
145,35,almond branches,xrf,th,humorous,knife mill (2mm),,ppm,51.0,3,1,1.7320508075688772,3.396178054056622,,,1138
145,35,almond branches,xrf,ca,humorous,knife mill (2mm),,ppm,14366.666666666666,3,1,450.9249752822894,3.138688923078581,,,1139
145,35,almond branches,xrf,zn,humorous,knife mill (2mm),,ppm,34.333333333333336,3,1,4.618802153517007,13.452821806360213,,,1140
145,35,almond branches,xrf,p,humorous,knife mill (2mm),,ppm,1120.0,3,1,10.0,0.8928571428571428,,,1141
145,35,almond branches,xrf,mn,humorous,knife mill (2mm),,ppm,97.33333333333333,3,1,8.082903768654761,8.30435318697407,,,1142
145,35,almond branches,xrf,pr,humorous,knife mill (2mm),,ppm,75.33333333333333,3,1,12.858201014657274,17.068408426536205,,,1143
145,35,almond branches,xrf,la,humorous,knife mill (2mm),,ppm,34.5,2,1,2.1213203435596424,6.148754619013457,,,1144
145,35,almond branches,xrf,k,humorous,knife mill (2mm),,ppm,3646.6666666666665,3,1,75.71877794400365,2.0763833074224034,,,1145
145,35,almond branches,xrf,ce,humorous,knife mill (2mm),,ppm,49.0,1,1,,,,,1146
145,35,almond branches,xrf,fe,humorous,knife mill (2mm),,ppm,529.6666666666666,3,1,19.08751773629388,3.6036849093065855,,,1147
145,35,almond branches,xrf,u,humorous,knife mill (2mm),,ppm,21.0,3,1,0.0,0.0,,,1148
145,35,almond branches,xrf,si,humorous,knife mill (2mm),,ppm,4243.333333333333,3,1,170.39170558842744,4.015515449845109,,,1149
145,35,almond branches,xrf,cu,humorous,knife mill (2mm),,ppm,48.666666666666664,3,1,3.785938897200183,7.779326501096266,,,1150
145,35,almond branches,xrf,al,humorous,knife mill (2mm),,ppm,2106.6666666666665,3,1,335.60889936551644,15.930802185071984,,,1151
145,35,almond branches,xrf,ti,humorous,knife mill (2mm),,ppm,194.0,2,1,18.384776310850235,9.476688820025894,,,1152
145,35,almond branches,xrf,sr,humorous,knife mill (2mm),,ppm,101.66666666666667,3,1,0.5773502691896257,0.5678855106783204,,,1153
145,35,almond branches,xrf,mg,humorous,knife mill (2mm),,ppm,4520.0,1,1,,,,,1154
145,35,almond branches,xrf,co,humorous,knife mill (2mm),,ppm,14.0,1,1,,,,,1155
46,22,walnut tree sticks,xrf,sr,energetic,as is,,ppm,6.0,1,1,,,,,1156
46,22,walnut tree sticks,xrf,pb,energetic,as is,,ppm,9.0,1,1,,,,,1157
46,22,walnut tree sticks,xrf,zr,energetic,as is,,ppm,17.0,1,1,,,,,1158
46,22,walnut tree sticks,xrf,as,energetic,as is,,ppm,0.0,1,1,,,,,1159
46,22,walnut tree sticks,xrf,sb,energetic,as is,,ppm,0.0,1,1,,,,,1160
46,22,walnut tree sticks,xrf,k,energetic,as is,,ppm,3620.0,1,1,,,,,1161
46,22,walnut tree sticks,xrf,mo,energetic,as is,,ppm,0.0,1,1,,,,,1162
46,22,walnut tree sticks,xrf,mg,energetic,as is,,ppm,0.0,1,1,,,,,1163
46,22,walnut tree sticks,xrf,si,energetic,as is,,ppm,33200.0,1,1,,,,,1164
46,22,walnut tree sticks,xrf,w,energetic,as is,,ppm,0.0,1,1,,,,,1165
46,22,walnut tree sticks,xrf,y,energetic,as is,,ppm,0.0,1,1,,,,,1166
46,22,walnut tree sticks,xrf,rb,energetic,as is,,ppm,0.0,1,1,,,,,1167
46,22,walnut tree sticks,xrf,cu,energetic,as is,,ppm,18.0,1,1,,,,,1168
46,22,walnut tree sticks,xrf,cd,energetic,as is,,ppm,0.0,1,1,,,,,1169
46,22,walnut tree sticks,xrf,v,energetic,as is,,ppm,0.0,1,1,,,,,1170
46,22,walnut tree sticks,xrf,bi,energetic,as is,,ppm,0.0,1,1,,,,,1171
46,22,walnut tree sticks,xrf,al,energetic,as is,,ppm,18600.0,1,1,,,,,1172
46,22,walnut tree sticks,xrf,cr,energetic,as is,,ppm,0.0,1,1,,,,,1173
46,22,walnut tree sticks,xrf,ti,energetic,as is,,ppm,2370.0,1,1,,,,,1174
46,22,walnut tree sticks,xrf,p,energetic,as is,,ppm,783.0,1,1,,,,,1175
46,22,walnut tree sticks,xrf,ba,energetic,as is,,ppm,0.0,1,1,,,,,1176
46,22,walnut tree sticks,xrf,mn,energetic,as is,,ppm,223.0,1,1,,,,,1177
46,22,walnut tree sticks,xrf,zn,energetic,as is,,ppm,37.0,1,1,,,,,1178
46,22,walnut tree sticks,xrf,nb,energetic,as is,,ppm,0.0,1,1,,,,,1179
46,22,walnut tree sticks,xrf,sn,energetic,as is,,ppm,0.0,1,1,,,,,1180
46,22,walnut tree sticks,xrf,ag,energetic,as is,,ppm,0.0,1,1,,,,,1181
46,22,walnut tree sticks,xrf,ce,energetic,as is,,ppm,0.0,1,1,,,,,1182
46,22,walnut tree sticks,xrf,th,energetic,as is,,ppm,60.0,1,1,,,,,1183
46,22,walnut tree sticks,xrf,se,energetic,as is,,ppm,0.0,1,1,,,,,1184
46,22,walnut tree sticks,xrf,ni,energetic,as is,,ppm,0.0,1,1,,,,,1185
46,22,walnut tree sticks,xrf,hg,energetic,as is,,ppm,0.0,1,1,,,,,1186
46,22,walnut tree sticks,xrf,u,energetic,as is,,ppm,21.0,1,1,,,,,1187
46,22,walnut tree sticks,xrf,nd,energetic,as is,,ppm,0.0,1,1,,,,,1188
46,22,walnut tree sticks,xrf,pr,energetic,as is,,ppm,0.0,1,1,,,,,1189
46,22,walnut tree sticks,xrf,fe,energetic,as is,,ppm,11000.0,1,1,,,,,1190
46,22,walnut tree sticks,xrf,co,energetic,as is,,ppm,0.0,1,1,,,,,1191
46,22,walnut tree sticks,xrf,la,energetic,as is,,ppm,0.0,1,1,,,,,1192
46,22,walnut tree sticks,xrf,ca,energetic,as is,,ppm,1300.0,1,1,,,,,1193
46,22,walnut tree sticks,xrf,s,energetic,as is,,ppm,820.0,1,1,,,,,1194
41,31,almond shells,xrf,ba,tiny,as is,,ppm,0.0,1,1,,,,,1195
41,31,almond shells,xrf,cd,tiny,as is,,ppm,0.0,1,1,,,,,1196
41,31,almond shells,xrf,ce,tiny,as is,,ppm,0.0,1,1,,,,,1197
41,31,almond shells,xrf,si,tiny,as is,,ppm,13500.0,1,1,,,,,1198
41,31,almond shells,xrf,v,tiny,as is,,ppm,0.0,1,1,,,,,1199
41,31,almond shells,xrf,la,tiny,as is,,ppm,0.0,1,1,,,,,1200
41,31,almond shells,xrf,fe,tiny,as is,,ppm,941.0,1,1,,,,,1201
41,31,almond shells,xrf,al,tiny,as is,,ppm,4760.0,1,1,,,,,1202
41,31,almond shells,xrf,nb,tiny,as is,,ppm,0.0,1,1,,,,,1203
41,31,almond shells,xrf,cr,tiny,as is,,ppm,0.0,1,1,,,,,1204
41,31,almond shells,xrf,ag,tiny,as is,,ppm,0.0,1,1,,,,,1205
41,31,almond shells,xrf,cu,tiny,as is,,ppm,13.0,1,1,,,,,1206
41,31,almond shells,xrf,nd,tiny,as is,,ppm,66.0,1,1,,,,,1207
41,31,almond shells,xrf,ca,tiny,as is,,ppm,7530.0,1,1,,,,,1208
41,31,almond shells,xrf,hg,tiny,as is,,ppm,0.0,1,1,,,,,1209
41,31,almond shells,xrf,ni,tiny,as is,,ppm,0.0,1,1,,,,,1210
41,31,almond shells,xrf,as,tiny,as is,,ppm,0.0,1,1,,,,,1211
41,31,almond shells,xrf,rb,tiny,as is,,ppm,0.0,1,1,,,,,1212
41,31,almond shells,xrf,sb,tiny,as is,,ppm,0.0,1,1,,,,,1213
41,31,almond shells,xrf,w,tiny,as is,,ppm,0.0,1,1,,,,,1214
41,31,almond shells,xrf,k,tiny,as is,,ppm,23200.0,1,1,,,,,1215
41,31,almond shells,xrf,th,tiny,as is,,ppm,85.0,1,1,,,,,1216
41,31,almond shells,xrf,mg,tiny,as is,,ppm,0.0,1,1,,,,,1217
41,31,almond shells,xrf,p,tiny,as is,,ppm,339.0,1,1,,,,,1218
41,31,almond shells,xrf,co,tiny,as is,,ppm,0.0,1,1,,,,,1219
41,31,almond shells,xrf,se,tiny,as is,,ppm,0.0,1,1,,,,,1220
41,31,almond shells,xrf,y,tiny,as is,,ppm,0.0,1,1,,,,,1221
41,31,almond shells,xrf,pb,tiny,as is,,ppm,0.0,1,1,,,,,1222
41,31,almond shells,xrf,ti,tiny,as is,,ppm,421.0,1,1,,,,,1223
41,31,almond shells,xrf,bi,tiny,as is,,ppm,0.0,1,1,,,,,1224
41,31,almond shells,xrf,sn,tiny,as is,,ppm,0.0,1,1,,,,,1225
41,31,almond shells,xrf,mo,tiny,as is,,ppm,0.0,1,1,,,,,1226
41,31,almond shells,xrf,pr,tiny,as is,,ppm,0.0,1,1,,,,,1227
41,31,almond shells,xrf,u,tiny,as is,,ppm,21.0,1,1,,,,,1228
41,31,almond shells,xrf,mn,tiny,as is,,ppm,47.0,1,1,,,,,1229
41,31,almond shells,xrf,s,tiny,as is,,ppm,431.0,1,1,,,,,1230
41,31,almond shells,xrf,sr,tiny,as is,,ppm,48.0,1,1,,,,,1231
41,31,almond shells,xrf,zn,tiny,as is,,ppm,16.0,1,1,,,,,1232
41,31,almond shells,xrf,zr,tiny,as is,,ppm,0.0,1,1,,,,,1233
80,20,wheat straw,xrf,th,possessive,knife mill (2mm),,ppm,78.0,3,1,4.0,5.128205128205128,,,1234
80,20,wheat straw,xrf,p,possessive,knife mill (2mm),,ppm,3053.3333333333335,3,1,183.39392937971894,6.006351398899092,,,1235
80,20,wheat straw,xrf,mg,possessive,knife mill (2mm),,ppm,8400.0,3,1,718.9575787207476,8.559018794294616,,,1236
152,10,cotton stem mix,xrf,ca,schooner,knife mill (2mm),,ppm,17166.666666666668,3,1,321.45502536643187,1.8725535458238747,,,1237
80,20,wheat straw,xrf,k,possessive,knife mill (2mm),,ppm,44433.333333333336,3,1,493.28828623162474,1.1101761880681726,,,1238
152,10,cotton stem mix,xrf,fe,schooner,knife mill (2mm),,ppm,1153.3333333333333,3,1,45.09249752822894,3.909754120944706,,,1239
152,10,cotton stem mix,xrf,al,schooner,knife mill (2mm),,ppm,2966.6666666666665,3,1,261.5976554431124,8.81789849808244,,,1240
80,20,wheat straw,xrf,rb,possessive,knife mill (2mm),,ppm,9.0,3,1,1.0,11.11111111111111,,,1241
80,20,wheat straw,xrf,mn,possessive,knife mill (2mm),,ppm,87.33333333333333,3,1,17.47378989610821,20.008156369589557,,,1242
152,10,cotton stem mix,xrf,mn,schooner,knife mill (2mm),,ppm,53.0,3,1,12.489995996796797,23.566030182635465,,,1243
152,10,cotton stem mix,xrf,mg,schooner,knife mill (2mm),,ppm,9750.0,3,1,2279.4955582321277,23.37944162289362,,,1244
152,10,cotton stem mix,xrf,zn,schooner,knife mill (2mm),,ppm,23.0,3,1,0.0,0.0,,,1245
152,10,cotton stem mix,xrf,sr,schooner,knife mill (2mm),,ppm,61.333333333333336,3,1,1.5275252316519465,2.490530268997739,,,1246
152,10,cotton stem mix,xrf,k,schooner,knife mill (2mm),,ppm,19933.333333333332,3,1,57.735026918962575,0.2896406032723875,,,1247
152,10,cotton stem mix,xrf,pb,schooner,knife mill (2mm),,ppm,4.0,1,1,,,,,1248
152,10,cotton stem mix,xrf,s,schooner,knife mill (2mm),,ppm,4383.333333333333,3,1,66.58328118479393,1.519010217143588,,,1249
80,20,wheat straw,xrf,pb,possessive,knife mill (2mm),,ppm,5.333333333333333,3,1,1.1547005383792517,21.65063509461097,,,1250
80,20,wheat straw,xrf,ba,possessive,knife mill (2mm),,ppm,24.666666666666668,3,1,4.163331998932265,16.878372968644317,,,1251
152,10,cotton stem mix,xrf,p,schooner,knife mill (2mm),,ppm,1456.6666666666667,3,1,68.06859285554046,4.672901111364333,,,1252
80,20,wheat straw,xrf,cu,possessive,knife mill (2mm),,ppm,13.666666666666666,3,1,2.0816659994661326,15.231702435118045,,,1253
152,10,cotton stem mix,xrf,mo,schooner,knife mill (2mm),,ppm,6.0,1,1,,,,,1254
80,20,wheat straw,xrf,s,possessive,knife mill (2mm),,ppm,2806.6666666666665,3,1,190.35055380358978,6.78208624003289,,,1255
80,20,wheat straw,xrf,si,possessive,knife mill (2mm),,ppm,92466.66666666667,3,1,3156.474826976026,3.4136353572199276,,,1256
80,20,wheat straw,xrf,zn,possessive,knife mill (2mm),,ppm,19.666666666666668,3,1,4.041451884327381,20.549755344037525,,,1257
152,10,cotton stem mix,xrf,si,schooner,knife mill (2mm),,ppm,7040.0,3,1,741.0128204019145,10.525750289799921,,,1258
152,10,cotton stem mix,xrf,u,schooner,knife mill (2mm),,ppm,22.0,3,1,1.7320508075688772,7.872958216222169,,,1259
80,20,wheat straw,xrf,mo,possessive,knife mill (2mm),,ppm,7.5,2,1,0.7071067811865476,9.428090415820636,,,1260
80,20,wheat straw,xrf,sr,possessive,knife mill (2mm),,ppm,18.333333333333332,3,1,1.1547005383792515,6.298366572977736,,,1261
152,10,cotton stem mix,xrf,ba,schooner,knife mill (2mm),,ppm,24.666666666666668,3,1,5.859465277082315,23.754588961144517,,,1262
152,10,cotton stem mix,xrf,ti,schooner,knife mill (2mm),,ppm,234.5,2,1,12.020815280171307,5.1261472410112185,,,1263
152,10,cotton stem mix,xrf,rb,schooner,knife mill (2mm),,ppm,17.666666666666668,3,1,0.5773502691896258,3.268020391639391,,,1264
152,10,cotton stem mix,xrf,la,schooner,knife mill (2mm),,ppm,45.0,1,1,,,,,1265
152,10,cotton stem mix,xrf,th,schooner,knife mill (2mm),,ppm,66.0,3,1,2.6457513110645907,4.008714107673622,,,1266
80,20,wheat straw,xrf,ca,possessive,knife mill (2mm),,ppm,5046.666666666667,3,1,212.21058723196006,4.204965400897491,,,1267
80,20,wheat straw,xrf,fe,possessive,knife mill (2mm),,ppm,382.3333333333333,3,1,23.96525262402492,6.268156745603728,,,1268
152,10,cotton stem mix,xrf,cu,schooner,knife mill (2mm),,ppm,14.666666666666666,3,1,1.5275252316519468,10.414944761263275,,,1269
152,10,cotton stem mix,xrf,ce,schooner,knife mill (2mm),,ppm,53.0,1,1,,,,,1270
80,20,wheat straw,xrf,u,possessive,knife mill (2mm),,ppm,21.333333333333332,3,1,2.3094010767585034,10.825317547305485,,,1271
80,20,wheat straw,xrf,nd,possessive,knife mill (2mm),,ppm,81.0,1,1,,,,,1272
80,20,wheat straw,xrf,la,possessive,knife mill (2mm),,ppm,38.0,1,1,,,,,1273
80,20,wheat straw,xrf,pr,possessive,knife mill (2mm),,ppm,68.0,1,1,,,,,1274
80,20,wheat straw,xrf,al,possessive,knife mill (2mm),,ppm,1370.0,1,1,,,,,1275
123,26,spent oak chips,xrf,ti,rigging,oven dry + knife mill (2mm),,ppm,250.0,1,1,,,,,1276
123,26,spent oak chips,xrf,u,rigging,oven dry + knife mill (2mm),,ppm,20.666666666666668,3,1,1.1547005383792515,5.587260669577023,,,1277
117,23,grape pomace,xrf,u,rigging,oven dry + knife mill (2mm),,ppm,12.666666666666666,3,1,0.5773502691896257,4.5580284409707295,,,1278
123,26,spent oak chips,xrf,s,rigging,oven dry + knife mill (2mm),,ppm,2376.6666666666665,3,1,37.859388972001824,1.5929616678261638,,,1279
117,23,grape pomace,xrf,pr,rigging,oven dry + knife mill (2mm),,ppm,100.5,2,1,31.81980515339464,31.661497665069295,,,1280
123,26,spent oak chips,xrf,zn,rigging,oven dry + knife mill (2mm),,ppm,14.666666666666666,3,1,1.5275252316519468,10.414944761263275,,,1281
123,26,spent oak chips,xrf,nd,rigging,oven dry + knife mill (2mm),,ppm,91.0,1,1,,,,,1282
117,23,grape pomace,xrf,zn,rigging,oven dry + knife mill (2mm),,ppm,22.666666666666668,3,1,3.2145502536643185,14.181839354401404,,,1283
117,23,grape pomace,xrf,si,rigging,oven dry + knife mill (2mm),,ppm,1176.6666666666667,3,1,25.166114784235834,2.138763296110694,,,1284
123,26,spent oak chips,xrf,ce,rigging,oven dry + knife mill (2mm),,ppm,59.0,3,1,4.358898943540674,7.387964311085889,,,1285
123,26,spent oak chips,xrf,th,rigging,oven dry + knife mill (2mm),,ppm,60.666666666666664,3,1,2.516611478423583,4.148260678720192,,,1286
123,26,spent oak chips,xrf,ca,rigging,oven dry + knife mill (2mm),,ppm,1233.3333333333333,3,1,60.27713773341708,4.887335491898683,,,1287
123,26,spent oak chips,xrf,mn,rigging,oven dry + knife mill (2mm),,ppm,28.666666666666668,3,1,4.041451884327381,14.098087968583886,,,1288
117,23,grape pomace,xrf,ca,rigging,oven dry + knife mill (2mm),,ppm,7133.333333333333,3,1,306.15900008546754,4.291948599328984,,,1289
123,26,spent oak chips,xrf,pb,rigging,oven dry + knife mill (2mm),,ppm,4.0,3,1,0.0,0.0,,,1290
117,23,grape pomace,xrf,s,rigging,oven dry + knife mill (2mm),,ppm,2663.3333333333335,3,1,25.166114784235834,0.9449104424619211,,,1291
123,26,spent oak chips,xrf,la,rigging,oven dry + knife mill (2mm),,ppm,38.0,2,1,8.48528137423857,22.329687826943605,,,1292
117,23,grape pomace,xrf,fe,rigging,oven dry + knife mill (2mm),,ppm,267.0,3,1,6.0,2.247191011235955,,,1293
123,26,spent oak chips,xrf,cu,rigging,oven dry + knife mill (2mm),,ppm,9.0,3,1,2.6457513110645907,29.397236789606563,,,1294
117,23,grape pomace,xrf,th,rigging,oven dry + knife mill (2mm),,ppm,36.0,3,1,1.7320508075688772,4.811252243246881,,,1295
117,23,grape pomace,xrf,mo,rigging,oven dry + knife mill (2mm),,ppm,5.333333333333333,3,1,1.5275252316519465,28.641098093474,,,1296
117,23,grape pomace,xrf,p,rigging,oven dry + knife mill (2mm),,ppm,3430.0,3,1,26.457513110645905,0.7713560673657699,,,1297
123,26,spent oak chips,xrf,sr,rigging,oven dry + knife mill (2mm),,ppm,13.0,3,1,1.0,7.6923076923076925,,,1298
117,23,grape pomace,xrf,rb,rigging,oven dry + knife mill (2mm),,ppm,7.0,3,1,0.0,0.0,,,1299
117,23,grape pomace,xrf,k,rigging,oven dry + knife mill (2mm),,ppm,16433.333333333332,3,1,404.145188432738,2.459301349489278,,,1300
123,26,spent oak chips,xrf,ba,rigging,oven dry + knife mill (2mm),,ppm,22.666666666666668,3,1,2.886751345948129,12.735667702712334,,,1301
117,23,grape pomace,xrf,mn,rigging,oven dry + knife mill (2mm),,ppm,42.0,3,1,7.54983443527075,17.97579627445417,,,1302
117,23,grape pomace,xrf,co,rigging,oven dry + knife mill (2mm),,ppm,13.0,1,1,,,,,1303
123,26,spent oak chips,xrf,k,rigging,oven dry + knife mill (2mm),,ppm,5730.0,3,1,204.20577856662138,3.5638006730649456,,,1304
117,23,grape pomace,xrf,ce,rigging,oven dry + knife mill (2mm),,ppm,59.5,2,1,16.263455967290593,27.333539440824527,,,1305
123,26,spent oak chips,xrf,pr,rigging,oven dry + knife mill (2mm),,ppm,99.5,2,1,3.5355339059327378,3.553300407972601,,,1306
123,26,spent oak chips,xrf,si,rigging,oven dry + knife mill (2mm),,ppm,1063.3333333333333,3,1,32.145502536643185,3.0230880128504567,,,1307
123,26,spent oak chips,xrf,al,rigging,oven dry + knife mill (2mm),,ppm,793.5,2,1,123.74368670764582,15.59466751199065,,,1308
117,23,grape pomace,xrf,ba,rigging,oven dry + knife mill (2mm),,ppm,29.0,2,1,5.656854249492381,19.50639396376683,,,1309
123,26,spent oak chips,xrf,rb,rigging,oven dry + knife mill (2mm),,ppm,7.666666666666667,3,1,0.5773502691896258,7.530655685082076,,,1310
117,23,grape pomace,xrf,cu,rigging,oven dry + knife mill (2mm),,ppm,18.333333333333332,3,1,0.5773502691896258,3.1491832864888685,,,1311
123,26,spent oak chips,xrf,fe,rigging,oven dry + knife mill (2mm),,ppm,275.6666666666667,3,1,18.77054430040145,6.809145453591819,,,1312
117,23,grape pomace,xrf,sr,rigging,oven dry + knife mill (2mm),,ppm,45.666666666666664,3,1,0.5773502691896258,1.2642706624590347,,,1313
117,23,grape pomace,xrf,mg,rigging,oven dry + knife mill (2mm),,ppm,4510.0,1,1,,,,,1314
117,23,grape pomace,xrf,la,rigging,oven dry + knife mill (2mm),,ppm,45.0,1,1,,,,,1315
123,26,spent oak chips,xrf,p,rigging,oven dry + knife mill (2mm),,ppm,257.6666666666667,3,1,4.509249752822894,1.750032245597501,,,1316
123,26,spent oak chips,xrf,mo,rigging,oven dry + knife mill (2mm),,ppm,6.0,1,1,,,,,1317
147,31,almond shells,xrf,th,humorous,knife mill (2mm),,ppm,41.0,3,1,1.0,2.4390243902439024,,,1318
147,31,almond shells,xrf,p,humorous,knife mill (2mm),,ppm,765.6666666666666,3,1,20.816659994661325,2.7187627333036124,,,1319
147,31,almond shells,xrf,k,humorous,knife mill (2mm),,ppm,21766.666666666668,3,1,57.735026918962575,0.26524514664148197,,,1320
147,31,almond shells,xrf,mg,humorous,knife mill (2mm),,ppm,3760.0,1,1,,,,,1321
147,31,almond shells,xrf,mn,humorous,knife mill (2mm),,ppm,34.333333333333336,3,1,6.110100926607787,17.796410465847924,,,1322
147,31,almond shells,xrf,cu,humorous,knife mill (2mm),,ppm,9.333333333333334,3,1,1.5275252316519468,16.366341767699428,,,1323
147,31,almond shells,xrf,ba,humorous,knife mill (2mm),,ppm,28.5,2,1,7.7781745930520225,27.291840677375518,,,1324
147,31,almond shells,xrf,mo,humorous,knife mill (2mm),,ppm,5.0,3,1,0.0,0.0,,,1325
147,31,almond shells,xrf,la,humorous,knife mill (2mm),,ppm,43.0,3,1,3.4641016151377544,8.05605026776222,,,1326
147,31,almond shells,xrf,zn,humorous,knife mill (2mm),,ppm,10.0,3,1,1.0,10.0,,,1327
147,31,almond shells,xrf,s,humorous,knife mill (2mm),,ppm,330.6666666666667,3,1,9.29157324317757,2.8099515856383777,,,1328
147,31,almond shells,xrf,pr,humorous,knife mill (2mm),,ppm,93.33333333333333,3,1,19.655363983740756,21.05931855400795,,,1329
147,31,almond shells,xrf,ca,humorous,knife mill (2mm),,ppm,2970.0,3,1,20.0,0.6734006734006733,,,1330
147,31,almond shells,xrf,u,humorous,knife mill (2mm),,ppm,11.666666666666666,3,1,0.5773502691896257,4.948716593053935,,,1331
147,31,almond shells,xrf,si,humorous,knife mill (2mm),,ppm,1726.6666666666667,3,1,60.27713773341708,3.4909539227847732,,,1332
147,31,almond shells,xrf,ti,humorous,knife mill (2mm),,ppm,160.5,2,1,2.1213203435596424,1.321694918105696,,,1333
147,31,almond shells,xrf,fe,humorous,knife mill (2mm),,ppm,159.66666666666666,3,1,12.220201853215572,7.653571098047332,,,1334
147,31,almond shells,xrf,sr,humorous,knife mill (2mm),,ppm,16.666666666666668,3,1,0.5773502691896258,3.4641016151377544,,,1335
147,31,almond shells,xrf,rb,humorous,knife mill (2mm),,ppm,21.666666666666668,3,1,0.5773502691896258,2.6646935501059654,,,1336
147,31,almond shells,xrf,co,humorous,knife mill (2mm),,ppm,9.0,1,1,,,,,1337
147,31,almond shells,xrf,ce,humorous,knife mill (2mm),,ppm,50.0,1,1,,,,,1338
84,30,peach pomace,xrf,mo,rushes,oven dry + knife mill (2mm),,ppm,5.333333333333333,3,1,0.5773502691896258,10.825317547305485,,,1339
84,30,peach pomace,xrf,rb,rushes,oven dry + knife mill (2mm),,ppm,40.333333333333336,3,1,0.5773502691896258,1.4314469484040309,,,1340
84,30,peach pomace,xrf,k,rushes,oven dry + knife mill (2mm),,ppm,48900.0,3,1,1819.3405398660252,3.720532801362015,,,1341
84,30,peach pomace,xrf,u,rushes,oven dry + knife mill (2mm),,ppm,11.666666666666666,3,1,0.5773502691896257,4.948716593053935,,,1342
84,30,peach pomace,xrf,cu,rushes,oven dry + knife mill (2mm),,ppm,21.666666666666668,3,1,1.1547005383792515,5.32938710021193,,,1343
84,30,peach pomace,xrf,s,rushes,oven dry + knife mill (2mm),,ppm,1800.0,3,1,121.2435565298214,6.735753140545634,,,1344
84,30,peach pomace,xrf,th,rushes,oven dry + knife mill (2mm),,ppm,39.333333333333336,3,1,4.509249752822894,11.464194286837866,,,1345
84,30,peach pomace,xrf,pr,rushes,oven dry + knife mill (2mm),,ppm,106.0,1,1,,,,,1346
84,30,peach pomace,xrf,ca,rushes,oven dry + knife mill (2mm),,ppm,3376.6666666666665,3,1,23.09401076758503,0.6839292428702378,,,1347
84,30,peach pomace,xrf,al,rushes,oven dry + knife mill (2mm),,ppm,2003.3333333333333,3,1,577.0904030854554,28.80650930543038,,,1348
84,30,peach pomace,xrf,ba,rushes,oven dry + knife mill (2mm),,ppm,29.5,2,1,2.1213203435596424,7.190916418846245,,,1349
84,30,peach pomace,xrf,fe,rushes,oven dry + knife mill (2mm),,ppm,301.0,3,1,4.58257569495584,1.5224503969952956,,,1350
84,30,peach pomace,xrf,zn,rushes,oven dry + knife mill (2mm),,ppm,41.0,3,1,2.6457513110645907,6.453051978206319,,,1351
84,30,peach pomace,xrf,si,rushes,oven dry + knife mill (2mm),,ppm,1643.3333333333333,3,1,83.86497083606083,5.103345081301876,,,1352
84,30,peach pomace,xrf,sr,rushes,oven dry + knife mill (2mm),,ppm,19.666666666666668,3,1,0.5773502691896258,2.9356793348625043,,,1353
84,30,peach pomace,xrf,p,rushes,oven dry + knife mill (2mm),,ppm,4956.666666666667,3,1,133.16656236958787,2.6866152461920882,,,1354
84,30,peach pomace,xrf,mn,rushes,oven dry + knife mill (2mm),,ppm,70.66666666666667,3,1,3.7859388972001824,5.357460703585164,,,1355
84,30,peach pomace,xrf,mg,rushes,oven dry + knife mill (2mm),,ppm,5010.0,2,1,1781.9090885900998,35.5670476764491,,,1356
84,30,peach pomace,xrf,nd,rushes,oven dry + knife mill (2mm),,ppm,104.0,1,1,,,,,1357
84,30,peach pomace,xrf,pb,rushes,oven dry + knife mill (2mm),,ppm,4.0,1,1,,,,,1358
84,30,peach pomace,xrf,la,rushes,oven dry + knife mill (2mm),,ppm,43.0,1,1,,,,,1359
150,35,almond branches,xrf,ba,capstan,knife mill (2mm),,ppm,33.666666666666664,3,1,8.144527815247077,24.19166677796162,,,1360
150,35,almond branches,xrf,p,capstan,knife mill (2mm),,ppm,473.3333333333333,3,1,23.713568549109883,5.009908848403496,,,1361
150,35,almond branches,xrf,s,capstan,knife mill (2mm),,ppm,637.3333333333334,3,1,15.30795000427338,2.4018750006705094,,,1362
150,35,almond branches,xrf,al,capstan,knife mill (2mm),,ppm,2046.6666666666667,3,1,110.60440015358039,5.404123786005556,,,1363
150,35,almond branches,xrf,fe,capstan,knife mill (2mm),,ppm,335.3333333333333,3,1,7.505553499465135,2.2382366300591854,,,1364
150,35,almond branches,xrf,k,capstan,knife mill (2mm),,ppm,3490.0,3,1,217.94494717703367,6.244840893324747,,,1365
150,35,almond branches,xrf,sr,capstan,knife mill (2mm),,ppm,83.66666666666667,3,1,1.1547005383792517,1.3801201653935278,,,1366
150,35,almond branches,xrf,th,capstan,knife mill (2mm),,ppm,48.0,3,1,2.6457513110645907,5.51198189805123,,,1367
150,35,almond branches,xrf,ce,capstan,knife mill (2mm),,ppm,46.0,2,1,5.656854249492381,12.297509238026914,,,1368
150,35,almond branches,xrf,co,capstan,knife mill (2mm),,ppm,12.0,1,1,,,,,1369
150,35,almond branches,xrf,u,capstan,knife mill (2mm),,ppm,18.333333333333332,3,1,0.5773502691896258,3.1491832864888685,,,1370
150,35,almond branches,xrf,la,capstan,knife mill (2mm),,ppm,37.0,1,1,,,,,1371
150,35,almond branches,xrf,zn,capstan,knife mill (2mm),,ppm,1130.0,3,1,20.0,1.7699115044247788,,,1372
150,35,almond branches,xrf,ca,capstan,knife mill (2mm),,ppm,9816.666666666666,3,1,60.27713773341708,0.6140285677427886,,,1373
150,35,almond branches,xrf,mn,capstan,knife mill (2mm),,ppm,86.66666666666667,3,1,13.428824718989123,15.494797752679757,,,1374
150,35,almond branches,xrf,si,capstan,knife mill (2mm),,ppm,4190.0,3,1,26.457513110645905,0.6314442269843891,,,1375
150,35,almond branches,xrf,pr,capstan,knife mill (2mm),,ppm,107.0,1,1,,,,,1376
150,35,almond branches,xrf,pb,capstan,knife mill (2mm),,ppm,3.0,1,1,,,,,1377
150,35,almond branches,xrf,ti,capstan,knife mill (2mm),,ppm,159.0,1,1,,,,,1378
150,35,almond branches,xrf,cu,capstan,knife mill (2mm),,ppm,48.666666666666664,3,1,1.5275252316519465,3.1387504759971505,,,1379
107,23,grape pomace,xrf,sr,boatswain,oven dry + knife mill (2mm),,ppm,15.333333333333334,3,1,1.5275252316519468,9.962121075990957,,,1380
107,23,grape pomace,xrf,ba,boatswain,oven dry + knife mill (2mm),,ppm,25.333333333333332,3,1,2.081665999466133,8.21710262947158,,,1381
107,23,grape pomace,xrf,ca,boatswain,oven dry + knife mill (2mm),,ppm,4270.0,3,1,60.8276253029822,1.4245345504211289,,,1382
107,23,grape pomace,xrf,zn,boatswain,oven dry + knife mill (2mm),,ppm,19.333333333333332,3,1,0.5773502691896258,2.98629449580841,,,1383
107,23,grape pomace,xrf,p,boatswain,oven dry + knife mill (2mm),,ppm,2446.6666666666665,3,1,55.075705472861024,2.251050632405764,,,1384
107,23,grape pomace,xrf,ti,boatswain,oven dry + knife mill (2mm),,ppm,191.0,2,1,28.284271247461902,14.808518977728744,,,1385
107,23,grape pomace,xrf,s,boatswain,oven dry + knife mill (2mm),,ppm,2030.0,3,1,108.16653826391968,5.328400899700476,,,1386
107,23,grape pomace,xrf,rb,boatswain,oven dry + knife mill (2mm),,ppm,10.0,3,1,0.0,0.0,,,1387
107,23,grape pomace,xrf,si,boatswain,oven dry + knife mill (2mm),,ppm,1310.0,3,1,52.91502622129181,4.0393149787245655,,,1388
107,23,grape pomace,xrf,u,boatswain,oven dry + knife mill (2mm),,ppm,13.333333333333334,3,1,0.5773502691896257,4.330127018922193,,,1389
107,23,grape pomace,xrf,fe,boatswain,oven dry + knife mill (2mm),,ppm,288.6666666666667,3,1,17.473789896108208,6.053275945534021,,,1390
107,23,grape pomace,xrf,k,boatswain,oven dry + knife mill (2mm),,ppm,11466.666666666666,3,1,321.45502536643187,2.8033868491258596,,,1391
107,23,grape pomace,xrf,th,boatswain,oven dry + knife mill (2mm),,ppm,45.666666666666664,3,1,2.309401076758503,5.057082649836138,,,1392
107,23,grape pomace,xrf,mn,boatswain,oven dry + knife mill (2mm),,ppm,34.0,3,1,1.7320508075688772,5.094267081084933,,,1393
107,23,grape pomace,xrf,cu,boatswain,oven dry + knife mill (2mm),,ppm,16.333333333333332,3,1,1.5275252316519465,9.352195295828244,,,1394
107,23,grape pomace,xrf,mg,boatswain,oven dry + knife mill (2mm),,ppm,4530.0,1,1,,,,,1395
107,23,grape pomace,xrf,mo,boatswain,oven dry + knife mill (2mm),,ppm,4.5,2,1,2.1213203435596424,47.14045207910316,,,1396
107,23,grape pomace,xrf,pr,boatswain,oven dry + knife mill (2mm),,ppm,112.0,1,1,,,,,1397
146,25,almond hulls,xrf,pr,humorous,knife mill (2mm),,ppm,139.5,2,1,47.37615433949868,33.961400960214114,,,1398
43,15,almond shells and hulls mix,xrf,sn,tiny,as is,,ppm,0.0,1,1,,,,,1399
43,15,almond shells and hulls mix,xrf,sb,tiny,as is,,ppm,0.0,1,1,,,,,1400
146,25,almond hulls,xrf,rb,humorous,knife mill (2mm),,ppm,16.0,3,1,0.0,0.0,,,1401
146,25,almond hulls,xrf,cu,humorous,knife mill (2mm),,ppm,10.0,3,1,1.7320508075688772,17.320508075688775,,,1402
146,25,almond hulls,xrf,k,humorous,knife mill (2mm),,ppm,37400.0,3,1,200.0,0.53475935828877,,,1403
43,15,almond shells and hulls mix,xrf,w,tiny,as is,,ppm,0.0,1,1,,,,,1404
146,25,almond hulls,xrf,mn,humorous,knife mill (2mm),,ppm,42.333333333333336,3,1,4.041451884327381,9.546736734631606,,,1405
43,15,almond shells and hulls mix,xrf,nb,tiny,as is,,ppm,0.0,1,1,,,,,1406
146,25,almond hulls,xrf,ti,humorous,knife mill (2mm),,ppm,211.5,2,1,10.606601717798213,5.014941710542891,,,1407
43,15,almond shells and hulls mix,xrf,mg,tiny,as is,,ppm,0.0,1,1,,,,,1408
146,25,almond hulls,xrf,la,humorous,knife mill (2mm),,ppm,54.5,2,1,6.363961030678928,11.676992716842069,,,1409
146,25,almond hulls,xrf,th,humorous,knife mill (2mm),,ppm,34.0,3,1,2.0,5.88235294117647,,,1410
43,15,almond shells and hulls mix,xrf,zn,tiny,as is,,ppm,21.0,1,1,,,,,1411
43,15,almond shells and hulls mix,xrf,hg,tiny,as is,,ppm,0.0,1,1,,,,,1412
146,25,almond hulls,xrf,p,humorous,knife mill (2mm),,ppm,1276.6666666666667,3,1,20.81665999466133,1.6305477802606785,,,1413
43,15,almond shells and hulls mix,xrf,k,tiny,as is,,ppm,17600.0,1,1,,,,,1414
146,25,almond hulls,xrf,s,humorous,knife mill (2mm),,ppm,327.0,3,1,10.535653752852738,3.2219124626460975,,,1415
43,15,almond shells and hulls mix,xrf,mo,tiny,as is,,ppm,13.0,1,1,,,,,1416
146,25,almond hulls,xrf,sr,humorous,knife mill (2mm),,ppm,21.333333333333332,3,1,1.1547005383792515,5.412658773652741,,,1417
43,15,almond shells and hulls mix,xrf,fe,tiny,as is,,ppm,255.0,1,1,,,,,1418
146,25,almond hulls,xrf,zn,humorous,knife mill (2mm),,ppm,15.666666666666666,3,1,0.5773502691896257,3.6852144841891006,,,1419
146,25,almond hulls,xrf,u,humorous,knife mill (2mm),,ppm,10.333333333333334,3,1,0.5773502691896257,5.587260669577023,,,1420
43,15,almond shells and hulls mix,xrf,cr,tiny,as is,,ppm,0.0,1,1,,,,,1421
43,15,almond shells and hulls mix,xrf,th,tiny,as is,,ppm,97.0,1,1,,,,,1422
43,15,almond shells and hulls mix,xrf,u,tiny,as is,,ppm,18.0,1,1,,,,,1423
146,25,almond hulls,xrf,ca,humorous,knife mill (2mm),,ppm,3030.0,3,1,105.35653752852738,3.477113449786382,,,1424
43,15,almond shells and hulls mix,xrf,ni,tiny,as is,,ppm,0.0,1,1,,,,,1425
146,25,almond hulls,xrf,ba,humorous,knife mill (2mm),,ppm,27.0,1,1,,,,,1426
146,25,almond hulls,xrf,co,humorous,knife mill (2mm),,ppm,10.0,1,1,,,,,1427
43,15,almond shells and hulls mix,xrf,pb,tiny,as is,,ppm,0.0,1,1,,,,,1428
43,15,almond shells and hulls mix,xrf,ti,tiny,as is,,ppm,0.0,1,1,,,,,1429
43,15,almond shells and hulls mix,xrf,se,tiny,as is,,ppm,0.0,1,1,,,,,1430
43,15,almond shells and hulls mix,xrf,as,tiny,as is,,ppm,0.0,1,1,,,,,1431
43,15,almond shells and hulls mix,xrf,y,tiny,as is,,ppm,0.0,1,1,,,,,1432
146,25,almond hulls,xrf,nd,humorous,knife mill (2mm),,ppm,156.0,1,1,,,,,1433
43,15,almond shells and hulls mix,xrf,v,tiny,as is,,ppm,0.0,1,1,,,,,1434
43,15,almond shells and hulls mix,xrf,ba,tiny,as is,,ppm,0.0,1,1,,,,,1435
43,15,almond shells and hulls mix,xrf,p,tiny,as is,,ppm,297.0,1,1,,,,,1436
43,15,almond shells and hulls mix,xrf,s,tiny,as is,,ppm,0.0,1,1,,,,,1437
43,15,almond shells and hulls mix,xrf,mn,tiny,as is,,ppm,58.0,1,1,,,,,1438
43,15,almond shells and hulls mix,xrf,cd,tiny,as is,,ppm,0.0,1,1,,,,,1439
43,15,almond shells and hulls mix,xrf,pr,tiny,as is,,ppm,0.0,1,1,,,,,1440
43,15,almond shells and hulls mix,xrf,zr,tiny,as is,,ppm,0.0,1,1,,,,,1441
43,15,almond shells and hulls mix,xrf,ag,tiny,as is,,ppm,0.0,1,1,,,,,1442
43,15,almond shells and hulls mix,xrf,al,tiny,as is,,ppm,0.0,1,1,,,,,1443
43,15,almond shells and hulls mix,xrf,cu,tiny,as is,,ppm,20.0,1,1,,,,,1444
146,25,almond hulls,xrf,si,humorous,knife mill (2mm),,ppm,2936.6666666666665,3,1,185.8314648635514,6.327972696829219,,,1445
146,25,almond hulls,xrf,ce,humorous,knife mill (2mm),,ppm,90.0,1,1,,,,,1446
43,15,almond shells and hulls mix,xrf,la,tiny,as is,,ppm,0.0,1,1,,,,,1447
43,15,almond shells and hulls mix,xrf,sr,tiny,as is,,ppm,21.0,1,1,,,,,1448
43,15,almond shells and hulls mix,xrf,ca,tiny,as is,,ppm,4980.0,1,1,,,,,1449
43,15,almond shells and hulls mix,xrf,nd,tiny,as is,,ppm,68.0,1,1,,,,,1450
43,15,almond shells and hulls mix,xrf,co,tiny,as is,,ppm,0.0,1,1,,,,,1451
146,25,almond hulls,xrf,fe,humorous,knife mill (2mm),,ppm,282.6666666666667,3,1,12.858201014657272,4.548891868392903,,,1452
43,15,almond shells and hulls mix,xrf,ce,tiny,as is,,ppm,0.0,1,1,,,,,1453
43,15,almond shells and hulls mix,xrf,si,tiny,as is,,ppm,2220.0,1,1,,,,,1454
43,15,almond shells and hulls mix,xrf,rb,tiny,as is,,ppm,10.0,1,1,,,,,1455
43,15,almond shells and hulls mix,xrf,bi,tiny,as is,,ppm,0.0,1,1,,,,,1456
135,34,grape stem,xrf,zn,rigging,oven dry + knife mill (2mm),,ppm,25.0,3,1,0.0,0.0,,,1457
135,34,grape stem,xrf,ba,rigging,oven dry + knife mill (2mm),,ppm,38.666666666666664,3,1,8.32666399786453,21.5344758565462,,,1458
135,34,grape stem,xrf,rb,rigging,oven dry + knife mill (2mm),,ppm,33.666666666666664,3,1,0.5773502691896258,1.7149017896721561,,,1459
135,34,grape stem,xrf,u,rigging,oven dry + knife mill (2mm),,ppm,11.666666666666666,3,1,1.5275252316519468,13.093073414159544,,,1460
135,34,grape stem,xrf,mg,rigging,oven dry + knife mill (2mm),,ppm,5170.0,3,1,898.6656775464388,17.382314846159357,,,1461
135,34,grape stem,xrf,s,rigging,oven dry + knife mill (2mm),,ppm,965.3333333333334,3,1,22.030282189144405,2.282142491969379,,,1462
135,34,grape stem,xrf,th,rigging,oven dry + knife mill (2mm),,ppm,32.666666666666664,3,1,2.8867513459481287,8.836993916167742,,,1463
135,34,grape stem,xrf,cu,rigging,oven dry + knife mill (2mm),,ppm,22.0,3,1,1.7320508075688772,7.872958216222169,,,1464
135,34,grape stem,xrf,fe,rigging,oven dry + knife mill (2mm),,ppm,76.66666666666667,3,1,4.041451884327381,5.271458979557453,,,1465
135,34,grape stem,xrf,si,rigging,oven dry + knife mill (2mm),,ppm,1323.3333333333333,3,1,109.6965511460289,8.289411925392612,,,1466
135,34,grape stem,xrf,k,rigging,oven dry + knife mill (2mm),,ppm,19266.666666666668,3,1,665.8328118479393,3.455879646269581,,,1467
135,34,grape stem,xrf,p,rigging,oven dry + knife mill (2mm),,ppm,1380.0,3,1,10.0,0.7246376811594203,,,1468
135,34,grape stem,xrf,ca,rigging,oven dry + knife mill (2mm),,ppm,8053.333333333333,3,1,245.4248017893329,3.0474933997019815,,,1469
135,34,grape stem,xrf,co,rigging,oven dry + knife mill (2mm),,ppm,9.0,2,1,0.0,0.0,,,1470
135,34,grape stem,xrf,mn,rigging,oven dry + knife mill (2mm),,ppm,116.66666666666667,3,1,10.115993936995679,8.670851945996295,,,1471
135,34,grape stem,xrf,sr,rigging,oven dry + knife mill (2mm),,ppm,67.33333333333333,3,1,1.5275252316519468,2.2686018291860597,,,1472
135,34,grape stem,xrf,nd,rigging,oven dry + knife mill (2mm),,ppm,104.0,1,1,,,,,1473
135,34,grape stem,xrf,ce,rigging,oven dry + knife mill (2mm),,ppm,51.0,2,1,1.4142135623730951,2.77296776935901,,,1474
135,34,grape stem,xrf,pr,rigging,oven dry + knife mill (2mm),,ppm,76.0,1,1,,,,,1475
85,36,peach screening waste,xrf,u,rushes,oven dry + knife mill (2mm),,ppm,16.0,3,1,2.6457513110645907,16.535945694153693,,,1476
85,36,peach screening waste,xrf,th,rushes,oven dry + knife mill (2mm),,ppm,54.666666666666664,3,1,0.5773502691896258,1.0561285412005352,,,1477
85,36,peach screening waste,xrf,si,rushes,oven dry + knife mill (2mm),,ppm,2023.3333333333333,3,1,66.58328118479393,3.29077172247746,,,1478
85,36,peach screening waste,xrf,ti,rushes,oven dry + knife mill (2mm),,ppm,231.0,1,1,,,,,1479
85,36,peach screening waste,xrf,sr,rushes,oven dry + knife mill (2mm),,ppm,40.0,3,1,1.0,2.5,,,1480
85,36,peach screening waste,xrf,p,rushes,oven dry + knife mill (2mm),,ppm,4046.6666666666665,3,1,250.06665778014735,6.179571444319952,,,1481
85,36,peach screening waste,xrf,ca,rushes,oven dry + knife mill (2mm),,ppm,5310.0,3,1,65.57438524302,1.234922509284746,,,1482
85,36,peach screening waste,xrf,mo,rushes,oven dry + knife mill (2mm),,ppm,6.666666666666667,3,1,1.5275252316519465,22.9128784747792,,,1483
85,36,peach screening waste,xrf,fe,rushes,oven dry + knife mill (2mm),,ppm,2790.0,3,1,17.320508075688775,0.6208067410641138,,,1484
85,36,peach screening waste,xrf,rb,rushes,oven dry + knife mill (2mm),,ppm,11.666666666666666,3,1,0.5773502691896257,4.948716593053935,,,1485
85,36,peach screening waste,xrf,ba,rushes,oven dry + knife mill (2mm),,ppm,32.666666666666664,3,1,4.163331998932266,12.744893874282448,,,1486
85,36,peach screening waste,xrf,zr,rushes,oven dry + knife mill (2mm),,ppm,4.0,1,1,,,,,1487
85,36,peach screening waste,xrf,cu,rushes,oven dry + knife mill (2mm),,ppm,45.333333333333336,3,1,4.041451884327381,8.914967391898633,,,1488
85,36,peach screening waste,xrf,pb,rushes,oven dry + knife mill (2mm),,ppm,5.0,3,1,1.0,20.0,,,1489
85,36,peach screening waste,xrf,k,rushes,oven dry + knife mill (2mm),,ppm,61766.666666666664,3,1,850.4900548115382,1.3769401858794468,,,1490
85,36,peach screening waste,xrf,al,rushes,oven dry + knife mill (2mm),,ppm,3150.0,3,1,60.8276253029822,1.9310357239041966,,,1491
85,36,peach screening waste,xrf,mn,rushes,oven dry + knife mill (2mm),,ppm,83.0,3,1,14.422205101855956,17.37615072512766,,,1492
85,36,peach screening waste,xrf,ce,rushes,oven dry + knife mill (2mm),,ppm,46.0,1,1,,,,,1493
85,36,peach screening waste,xrf,la,rushes,oven dry + knife mill (2mm),,ppm,36.0,2,1,2.8284271247461903,7.856742013183863,,,1494
85,36,peach screening waste,xrf,s,rushes,oven dry + knife mill (2mm),,ppm,2313.3333333333335,3,1,94.51631252505216,4.085719561601678,,,1495
85,36,peach screening waste,xrf,zn,rushes,oven dry + knife mill (2mm),,ppm,63.666666666666664,3,1,1.5275252316519465,2.3992542905527956,,,1496
158,10,cotton stem mix,xrf,al,schooner,knife mill (2mm),,ppm,2043.3333333333333,3,1,145.7166199626293,7.131319084631124,,,1497
158,10,cotton stem mix,xrf,s,schooner,knife mill (2mm),,ppm,5290.0,3,1,537.3081052803875,10.157053029875,,,1498
158,10,cotton stem mix,xrf,p,schooner,knife mill (2mm),,ppm,2200.0,3,1,26.457513110645905,1.2026142323020865,,,1499
158,10,cotton stem mix,xrf,ti,schooner,knife mill (2mm),,ppm,236.0,1,1,,,,,1500
158,10,cotton stem mix,xrf,rb,schooner,knife mill (2mm),,ppm,15.666666666666666,3,1,0.5773502691896257,3.6852144841891006,,,1501
158,10,cotton stem mix,xrf,sr,schooner,knife mill (2mm),,ppm,101.0,3,1,1.0,0.9900990099009901,,,1502
158,10,cotton stem mix,xrf,zn,schooner,knife mill (2mm),,ppm,23.666666666666668,3,1,2.081665999466133,8.795771828730139,,,1503
158,10,cotton stem mix,xrf,mn,schooner,knife mill (2mm),,ppm,61.666666666666664,3,1,3.5118845842842465,5.694947974514995,,,1504
158,10,cotton stem mix,xrf,mg,schooner,knife mill (2mm),,ppm,7956.666666666667,3,1,1306.3817716629903,16.418706807662215,,,1505
158,10,cotton stem mix,xrf,ce,schooner,knife mill (2mm),,ppm,51.0,3,1,1.7320508075688772,3.396178054056622,,,1506
158,10,cotton stem mix,xrf,si,schooner,knife mill (2mm),,ppm,6776.666666666667,3,1,760.0219295081777,11.215276874198391,,,1507
158,10,cotton stem mix,xrf,th,schooner,knife mill (2mm),,ppm,61.333333333333336,3,1,2.0816659994661326,3.3940206513034767,,,1508
158,10,cotton stem mix,xrf,u,schooner,knife mill (2mm),,ppm,19.666666666666668,3,1,2.5166114784235836,12.796329551306357,,,1509
158,10,cotton stem mix,xrf,ba,schooner,knife mill (2mm),,ppm,23.333333333333332,3,1,3.0550504633038935,13.093073414159544,,,1510
158,10,cotton stem mix,xrf,pb,schooner,knife mill (2mm),,ppm,4.0,1,1,,,,,1511
158,10,cotton stem mix,xrf,cu,schooner,knife mill (2mm),,ppm,17.333333333333332,3,1,2.3094010767585034,13.323467750529828,,,1512
158,10,cotton stem mix,xrf,ca,schooner,knife mill (2mm),,ppm,23166.666666666668,3,1,1792.5772879665003,7.737743689064029,,,1513
158,10,cotton stem mix,xrf,fe,schooner,knife mill (2mm),,ppm,865.0,3,1,4.358898943540674,0.5039189530104826,,,1514
158,10,cotton stem mix,xrf,k,schooner,knife mill (2mm),,ppm,34633.333333333336,3,1,757.1877794400365,2.186297726968344,,,1515
158,10,cotton stem mix,xrf,mo,schooner,knife mill (2mm),,ppm,7.0,1,1,,,,,1516
158,10,cotton stem mix,xrf,pr,schooner,knife mill (2mm),,ppm,66.0,1,1,,,,,1517
158,10,cotton stem mix,xrf,nd,schooner,knife mill (2mm),,ppm,94.0,1,1,,,,,1518
158,10,cotton stem mix,xrf,la,schooner,knife mill (2mm),,ppm,39.0,1,1,,,,,1519
151,8,rice hulls,xrf,u,sextant,knife mill (2mm),,ppm,13.0,3,1,1.0,7.6923076923076925,,,1520
151,8,rice hulls,xrf,s,sextant,knife mill (2mm),,ppm,711.6666666666666,3,1,56.58032638058332,7.950397149496485,,,1521
151,8,rice hulls,xrf,sr,sextant,knife mill (2mm),,ppm,3.6666666666666665,3,1,1.1547005383792515,31.49183286488868,,,1522
151,8,rice hulls,xrf,ti,sextant,knife mill (2mm),,ppm,209.0,1,1,,,,,1523
151,8,rice hulls,xrf,ca,sextant,knife mill (2mm),,ppm,1173.3333333333333,3,1,32.145502536643185,2.739673511645726,,,1524
151,8,rice hulls,xrf,mn,sextant,knife mill (2mm),,ppm,393.3333333333333,3,1,10.016652800877813,2.5466066442909696,,,1525
151,8,rice hulls,xrf,si,sextant,knife mill (2mm),,ppm,157666.66666666666,3,1,4932.882862316247,3.128678348192123,,,1526
151,8,rice hulls,xrf,th,sextant,knife mill (2mm),,ppm,44.0,3,1,1.0,2.272727272727273,,,1527
151,8,rice hulls,xrf,fe,sextant,knife mill (2mm),,ppm,166.66666666666666,3,1,6.506407098647712,3.903844259188627,,,1528
151,8,rice hulls,xrf,nd,sextant,knife mill (2mm),,ppm,119.0,1,1,,,,,1529
151,8,rice hulls,xrf,ba,sextant,knife mill (2mm),,ppm,26.0,2,1,1.4142135623730951,5.439282932204212,,,1530
151,8,rice hulls,xrf,rb,sextant,knife mill (2mm),,ppm,19.0,3,1,1.0,5.263157894736842,,,1531
151,8,rice hulls,xrf,zn,sextant,knife mill (2mm),,ppm,29.0,3,1,1.0,3.4482758620689653,,,1532
151,8,rice hulls,xrf,p,sextant,knife mill (2mm),,ppm,941.0,3,1,103.20368210485515,10.967447620069622,,,1533
151,8,rice hulls,xrf,k,sextant,knife mill (2mm),,ppm,7936.666666666667,3,1,237.5570107012911,2.9931584716668342,,,1534
151,8,rice hulls,xrf,pr,sextant,knife mill (2mm),,ppm,78.0,2,1,2.8284271247461903,3.626188621469475,,,1535
151,8,rice hulls,xrf,al,sextant,knife mill (2mm),,ppm,550.0,1,1,,,,,1536
151,8,rice hulls,xrf,cu,sextant,knife mill (2mm),,ppm,8.666666666666666,3,1,2.516611478423583,29.037824751041345,,,1537
151,8,rice hulls,xrf,ce,sextant,knife mill (2mm),,ppm,58.0,1,1,,,,,1538
151,8,rice hulls,xrf,la,sextant,knife mill (2mm),,ppm,51.0,1,1,,,,,1539
38,31,almond shells,xrf,sn,vibrant,as is,,ppm,0.0,1,1,,,,,1540
38,31,almond shells,xrf,la,vibrant,as is,,ppm,0.0,1,1,,,,,1541
38,31,almond shells,xrf,rb,vibrant,as is,,ppm,12.0,1,1,,,,,1542
38,31,almond shells,xrf,ce,vibrant,as is,,ppm,51.0,1,1,,,,,1543
38,31,almond shells,xrf,si,vibrant,as is,,ppm,19200.0,1,1,,,,,1544
38,31,almond shells,xrf,cr,vibrant,as is,,ppm,0.0,1,1,,,,,1545
38,31,almond shells,xrf,as,vibrant,as is,,ppm,0.0,1,1,,,,,1546
38,31,almond shells,xrf,hg,vibrant,as is,,ppm,0.0,1,1,,,,,1547
38,31,almond shells,xrf,co,vibrant,as is,,ppm,0.0,1,1,,,,,1548
38,31,almond shells,xrf,zr,vibrant,as is,,ppm,0.0,1,1,,,,,1549
38,31,almond shells,xrf,ba,vibrant,as is,,ppm,0.0,1,1,,,,,1550
38,31,almond shells,xrf,sr,vibrant,as is,,ppm,19.0,1,1,,,,,1551
38,31,almond shells,xrf,mo,vibrant,as is,,ppm,0.0,1,1,,,,,1552
38,31,almond shells,xrf,ti,vibrant,as is,,ppm,382.0,1,1,,,,,1553
38,31,almond shells,xrf,se,vibrant,as is,,ppm,0.0,1,1,,,,,1554
38,31,almond shells,xrf,nb,vibrant,as is,,ppm,0.0,1,1,,,,,1555
38,31,almond shells,xrf,ni,vibrant,as is,,ppm,0.0,1,1,,,,,1556
38,31,almond shells,xrf,pb,vibrant,as is,,ppm,5.0,1,1,,,,,1557
38,31,almond shells,xrf,pr,vibrant,as is,,ppm,64.0,1,1,,,,,1558
38,31,almond shells,xrf,ca,vibrant,as is,,ppm,4710.0,1,1,,,,,1559
38,31,almond shells,xrf,nd,vibrant,as is,,ppm,98.0,1,1,,,,,1560
38,31,almond shells,xrf,cu,vibrant,as is,,ppm,14.0,1,1,,,,,1561
38,31,almond shells,xrf,v,vibrant,as is,,ppm,0.0,1,1,,,,,1562
38,31,almond shells,xrf,zn,vibrant,as is,,ppm,28.0,1,1,,,,,1563
38,31,almond shells,xrf,al,vibrant,as is,,ppm,6290.0,1,1,,,,,1564
38,31,almond shells,xrf,mg,vibrant,as is,,ppm,0.0,1,1,,,,,1565
38,31,almond shells,xrf,mn,vibrant,as is,,ppm,38.0,1,1,,,,,1566
38,31,almond shells,xrf,bi,vibrant,as is,,ppm,0.0,1,1,,,,,1567
38,31,almond shells,xrf,sb,vibrant,as is,,ppm,0.0,1,1,,,,,1568
38,31,almond shells,xrf,k,vibrant,as is,,ppm,19500.0,1,1,,,,,1569
38,31,almond shells,xrf,y,vibrant,as is,,ppm,0.0,1,1,,,,,1570
38,31,almond shells,xrf,th,vibrant,as is,,ppm,64.0,1,1,,,,,1571
38,31,almond shells,xrf,cd,vibrant,as is,,ppm,0.0,1,1,,,,,1572
38,31,almond shells,xrf,w,vibrant,as is,,ppm,0.0,1,1,,,,,1573
38,31,almond shells,xrf,p,vibrant,as is,,ppm,745.0,1,1,,,,,1574
38,31,almond shells,xrf,fe,vibrant,as is,,ppm,822.0,1,1,,,,,1575
38,31,almond shells,xrf,u,vibrant,as is,,ppm,20.0,1,1,,,,,1576
38,31,almond shells,xrf,s,vibrant,as is,,ppm,532.0,1,1,,,,,1577
38,31,almond shells,xrf,ag,vibrant,as is,,ppm,0.0,1,1,,,,,1578
165,14,olive stems / leaves,xrf,k,excellent,oven dry + knife mill (2mm),,ppm,13833.333333333334,3,1,57.735026918962575,0.41736164037804274,,,1579
165,14,olive stems / leaves,xrf,fe,excellent,oven dry + knife mill (2mm),,ppm,208.66666666666666,3,1,0.5773502691896258,0.27668543251899,,,1580
165,14,olive stems / leaves,xrf,mn,excellent,oven dry + knife mill (2mm),,ppm,34.666666666666664,3,1,12.096831541082702,34.8947063685078,,,1581
165,14,olive stems / leaves,xrf,ti,excellent,oven dry + knife mill (2mm),,ppm,157.0,3,1,4.58257569495584,2.918838022264866,,,1582
165,14,olive stems / leaves,xrf,u,excellent,oven dry + knife mill (2mm),,ppm,13.333333333333334,3,1,0.5773502691896257,4.330127018922193,,,1583
165,14,olive stems / leaves,xrf,si,excellent,oven dry + knife mill (2mm),,ppm,1630.0,3,1,191.57244060668017,11.752910466667496,,,1584
165,14,olive stems / leaves,xrf,mo,excellent,oven dry + knife mill (2mm),,ppm,4.0,3,1,0.0,0.0,,,1585
165,14,olive stems / leaves,xrf,ca,excellent,oven dry + knife mill (2mm),,ppm,6810.0,3,1,277.308492477241,4.072077716259045,,,1586
165,14,olive stems / leaves,xrf,sr,excellent,oven dry + knife mill (2mm),,ppm,33.666666666666664,3,1,0.5773502691896258,1.7149017896721561,,,1587
165,14,olive stems / leaves,xrf,p,excellent,oven dry + knife mill (2mm),,ppm,1540.0,3,1,17.320508075688775,1.1247083166031673,,,1588
165,14,olive stems / leaves,xrf,cu,excellent,oven dry + knife mill (2mm),,ppm,89.33333333333333,3,1,2.081665999466133,2.3302231337307457,,,1589
165,14,olive stems / leaves,xrf,zn,excellent,oven dry + knife mill (2mm),,ppm,31.666666666666668,3,1,2.5166114784235836,7.947194142390264,,,1590
165,14,olive stems / leaves,xrf,s,excellent,oven dry + knife mill (2mm),,ppm,1183.3333333333333,3,1,55.07570547286102,4.654284969537551,,,1591
165,14,olive stems / leaves,xrf,ce,excellent,oven dry + knife mill (2mm),,ppm,67.66666666666667,3,1,7.234178138070236,10.690903652320545,,,1592
165,14,olive stems / leaves,xrf,rb,excellent,oven dry + knife mill (2mm),,ppm,47.0,3,1,1.0,2.127659574468085,,,1593
165,14,olive stems / leaves,xrf,th,excellent,oven dry + knife mill (2mm),,ppm,39.666666666666664,3,1,0.5773502691896258,1.4555048803099813,,,1594
165,14,olive stems / leaves,xrf,ba,excellent,oven dry + knife mill (2mm),,ppm,34.0,2,1,4.242640687119285,12.478354962115544,,,1595
165,14,olive stems / leaves,xrf,mg,excellent,oven dry + knife mill (2mm),,ppm,4176.666666666667,3,1,529.9371031861548,12.688039182429883,,,1596
165,14,olive stems / leaves,xrf,la,excellent,oven dry + knife mill (2mm),,ppm,52.0,1,1,,,,,1597
165,14,olive stems / leaves,xrf,al,excellent,oven dry + knife mill (2mm),,ppm,719.0,1,1,,,,,1598
165,14,olive stems / leaves,xrf,pb,excellent,oven dry + knife mill (2mm),,ppm,3.0,1,1,,,,,1599
165,14,olive stems / leaves,xrf,pr,excellent,oven dry + knife mill (2mm),,ppm,75.0,1,1,,,,,1600
143,31,almond shells,xrf,cu,tiny,knife mill (2mm),,ppm,13.333333333333334,3,1,0.5773502691896257,4.330127018922193,,,1601
143,31,almond shells,xrf,u,tiny,knife mill (2mm),,ppm,15.0,3,1,2.0,13.333333333333334,,,1602
143,31,almond shells,xrf,si,tiny,knife mill (2mm),,ppm,4183.333333333333,3,1,90.73771725877467,2.169029097819315,,,1603
143,31,almond shells,xrf,fe,tiny,knife mill (2mm),,ppm,356.3333333333333,3,1,18.14754345175493,5.09285597336434,,,1604
143,31,almond shells,xrf,mn,tiny,knife mill (2mm),,ppm,41.333333333333336,3,1,5.8594652770823155,14.17612567036044,,,1605
143,31,almond shells,xrf,k,tiny,knife mill (2mm),,ppm,40166.666666666664,3,1,665.8328118479393,1.6576750502438324,,,1606
143,31,almond shells,xrf,ti,tiny,knife mill (2mm),,ppm,228.0,2,1,25.45584412271571,11.164843913471802,,,1607
143,31,almond shells,xrf,sr,tiny,knife mill (2mm),,ppm,23.333333333333332,3,1,0.5773502691896258,2.474358296526968,,,1608
143,31,almond shells,xrf,p,tiny,knife mill (2mm),,ppm,1353.3333333333333,3,1,49.32882862316247,3.644987336686882,,,1609
143,31,almond shells,xrf,pr,tiny,knife mill (2mm),,ppm,52.0,1,1,,,,,1610
143,31,almond shells,xrf,al,tiny,knife mill (2mm),,ppm,974.0,2,1,65.05382386916237,6.679037358230223,,,1611
143,31,almond shells,xrf,th,tiny,knife mill (2mm),,ppm,51.0,3,1,3.0,5.88235294117647,,,1612
143,31,almond shells,xrf,zn,tiny,knife mill (2mm),,ppm,16.333333333333332,3,1,1.5275252316519465,9.352195295828244,,,1613
143,31,almond shells,xrf,ca,tiny,knife mill (2mm),,ppm,3153.3333333333335,3,1,40.414518843273804,1.2816443607803532,,,1614
143,31,almond shells,xrf,pb,tiny,knife mill (2mm),,ppm,3.5,2,1,0.7071067811865476,20.203050891044217,,,1615
143,31,almond shells,xrf,ba,tiny,knife mill (2mm),,ppm,28.0,1,1,,,,,1616
143,31,almond shells,xrf,rb,tiny,knife mill (2mm),,ppm,18.0,3,1,1.0,5.555555555555555,,,1617
143,31,almond shells,xrf,s,tiny,knife mill (2mm),,ppm,598.3333333333334,3,1,11.503622617824933,1.9226110224777044,,,1618
143,31,almond shells,xrf,nd,tiny,knife mill (2mm),,ppm,101.0,1,1,,,,,1619
159,10,cotton stem mix,xrf,mo,schooner,knife mill (2mm),,ppm,6.5,2,1,0.7071067811865476,10.878565864408424,,,1620
159,10,cotton stem mix,xrf,pr,schooner,knife mill (2mm),,ppm,62.5,2,1,0.7071067811865476,1.1313708498984762,,,1621
159,10,cotton stem mix,xrf,al,schooner,knife mill (2mm),,ppm,4236.666666666667,3,1,312.62330900515616,7.378992344732245,,,1622
159,10,cotton stem mix,xrf,th,schooner,knife mill (2mm),,ppm,53.666666666666664,3,1,4.041451884327381,7.530655685082076,,,1623
159,10,cotton stem mix,xrf,rb,schooner,knife mill (2mm),,ppm,22.666666666666668,3,1,0.5773502691896258,2.547133540542467,,,1624
159,10,cotton stem mix,xrf,zn,schooner,knife mill (2mm),,ppm,25.0,3,1,3.605551275463989,14.422205101855956,,,1625
159,10,cotton stem mix,xrf,k,schooner,knife mill (2mm),,ppm,36266.666666666664,3,1,115.47005383792515,0.31839169256780836,,,1626
159,10,cotton stem mix,xrf,pb,schooner,knife mill (2mm),,ppm,6.0,2,1,0.0,0.0,,,1627
159,10,cotton stem mix,xrf,p,schooner,knife mill (2mm),,ppm,1936.6666666666667,3,1,5.773502691896257,0.2981154574128876,,,1628
159,10,cotton stem mix,xrf,mg,schooner,knife mill (2mm),,ppm,9280.0,3,1,1068.5972113008718,11.515056156259394,,,1629
159,10,cotton stem mix,xrf,si,schooner,knife mill (2mm),,ppm,13233.333333333334,3,1,568.6240703077327,4.296907332300247,,,1630
159,10,cotton stem mix,xrf,cu,schooner,knife mill (2mm),,ppm,14.666666666666666,3,1,2.081665999466133,14.19317726908727,,,1631
159,10,cotton stem mix,xrf,y,schooner,knife mill (2mm),,ppm,8.333333333333334,3,1,1.1547005383792517,13.856406460551018,,,1632
159,10,cotton stem mix,xrf,s,schooner,knife mill (2mm),,ppm,4706.666666666667,3,1,116.7618659209133,2.480776188121387,,,1633
159,10,cotton stem mix,xrf,mn,schooner,knife mill (2mm),,ppm,91.0,3,1,2.6457513110645907,2.907419023147902,,,1634
159,10,cotton stem mix,xrf,ti,schooner,knife mill (2mm),,ppm,339.6666666666667,3,1,64.63229326995393,19.028153072606653,,,1635
159,10,cotton stem mix,xrf,sr,schooner,knife mill (2mm),,ppm,106.0,3,1,2.0,1.8867924528301887,,,1636
159,10,cotton stem mix,xrf,ce,schooner,knife mill (2mm),,ppm,42.0,2,1,1.4142135623730951,3.3671751485073695,,,1637
159,10,cotton stem mix,xrf,u,schooner,knife mill (2mm),,ppm,20.333333333333332,3,1,1.1547005383792515,5.678855106783205,,,1638
159,10,cotton stem mix,xrf,fe,schooner,knife mill (2mm),,ppm,2216.6666666666665,3,1,32.145502536643185,1.450173046765858,,,1639
159,10,cotton stem mix,xrf,ba,schooner,knife mill (2mm),,ppm,35.0,3,1,3.605551275463989,10.301575072754254,,,1640
159,10,cotton stem mix,xrf,la,schooner,knife mill (2mm),,ppm,36.0,2,1,1.4142135623730951,3.9283710065919313,,,1641
159,10,cotton stem mix,xrf,ca,schooner,knife mill (2mm),,ppm,20833.333333333332,3,1,378.59388972001824,1.8172506706560878,,,1642
159,10,cotton stem mix,xrf,nd,schooner,knife mill (2mm),,ppm,88.0,1,1,,,,,1643
162,31,almond shells,xrf,mn,humorous,knife mill (2mm),,ppm,42.0,3,1,4.358898943540674,10.378330817953985,,,1644
162,31,almond shells,xrf,si,humorous,knife mill (2mm),,ppm,3596.6666666666665,3,1,28.86751345948129,0.8026185391885438,,,1645
162,31,almond shells,xrf,u,humorous,knife mill (2mm),,ppm,16.0,3,1,0.0,0.0,,,1646
162,31,almond shells,xrf,ca,humorous,knife mill (2mm),,ppm,4136.666666666667,3,1,203.05992547357377,4.908781437717335,,,1647
162,31,almond shells,xrf,sr,humorous,knife mill (2mm),,ppm,38.666666666666664,3,1,1.1547005383792517,2.98629449580841,,,1648
162,31,almond shells,xrf,k,humorous,knife mill (2mm),,ppm,35566.666666666664,3,1,321.4550253664318,0.9038098182748786,,,1649
162,31,almond shells,xrf,ba,humorous,knife mill (2mm),,ppm,34.0,3,1,5.5677643628300215,16.37577753773536,,,1650
162,31,almond shells,xrf,fe,humorous,knife mill (2mm),,ppm,286.6666666666667,3,1,9.451631252505216,3.2970806694785635,,,1651
162,31,almond shells,xrf,th,humorous,knife mill (2mm),,ppm,50.333333333333336,3,1,1.5275252316519465,3.0348183410303573,,,1652
162,31,almond shells,xrf,cu,humorous,knife mill (2mm),,ppm,12.333333333333334,3,1,1.5275252316519468,12.385339716096864,,,1653
162,31,almond shells,xrf,la,humorous,knife mill (2mm),,ppm,35.0,1,1,,,,,1654
162,31,almond shells,xrf,s,humorous,knife mill (2mm),,ppm,542.3333333333334,3,1,42.35957192103496,7.810615596994769,,,1655
162,31,almond shells,xrf,p,humorous,knife mill (2mm),,ppm,672.0,3,1,8.18535277187245,1.2180584481953052,,,1656
162,31,almond shells,xrf,zn,humorous,knife mill (2mm),,ppm,12.666666666666666,3,1,1.5275252316519468,12.059409723568,,,1657
162,31,almond shells,xrf,rb,humorous,knife mill (2mm),,ppm,27.333333333333332,3,1,0.5773502691896258,2.1122570824010705,,,1658
162,31,almond shells,xrf,mo,humorous,knife mill (2mm),,ppm,5.0,1,1,,,,,1659
162,31,almond shells,xrf,pb,humorous,knife mill (2mm),,ppm,3.0,1,1,,,,,1660
162,31,almond shells,xrf,ce,humorous,knife mill (2mm),,ppm,49.0,2,1,0.0,0.0,,,1661
162,31,almond shells,xrf,ti,humorous,knife mill (2mm),,ppm,178.0,1,1,,,,,1662
162,31,almond shells,xrf,nd,humorous,knife mill (2mm),,ppm,102.0,1,1,,,,,1663
162,31,almond shells,xrf,co,humorous,knife mill (2mm),,ppm,11.0,1,1,,,,,1664
161,25,almond hulls,xrf,ce,humorous,knife mill (2mm),,ppm,57.333333333333336,3,1,13.650396819628847,23.808831662143337,,,1665
161,25,almond hulls,xrf,fe,humorous,knife mill (2mm),,ppm,384.3333333333333,3,1,3.2145502536643185,0.8363964233298314,,,1666
161,25,almond hulls,xrf,cu,humorous,knife mill (2mm),,ppm,9.666666666666666,3,1,2.0816659994661326,21.5344758565462,,,1667
161,25,almond hulls,xrf,ba,humorous,knife mill (2mm),,ppm,25.0,3,1,2.0,8.0,,,1668
161,25,almond hulls,xrf,pr,humorous,knife mill (2mm),,ppm,89.0,3,1,26.962937525425527,30.295435421826433,,,1669
161,25,almond hulls,xrf,si,humorous,knife mill (2mm),,ppm,3240.0,3,1,113.57816691600547,3.505498978889058,,,1670
161,25,almond hulls,xrf,p,humorous,knife mill (2mm),,ppm,1166.6666666666667,3,1,30.550504633038933,2.6186146828319083,,,1671
161,25,almond hulls,xrf,mn,humorous,knife mill (2mm),,ppm,34.333333333333336,3,1,0.5773502691896258,1.6816027257950266,,,1672
161,25,almond hulls,xrf,u,humorous,knife mill (2mm),,ppm,11.333333333333334,3,1,0.5773502691896257,5.094267081084933,,,1673
161,25,almond hulls,xrf,th,humorous,knife mill (2mm),,ppm,36.0,3,1,2.0,5.555555555555555,,,1674
161,25,almond hulls,xrf,ca,humorous,knife mill (2mm),,ppm,2646.6666666666665,3,1,40.414518843273804,1.526996933624955,,,1675
161,25,almond hulls,xrf,sr,humorous,knife mill (2mm),,ppm,15.0,3,1,0.0,0.0,,,1676
161,25,almond hulls,xrf,zn,humorous,knife mill (2mm),,ppm,14.333333333333334,3,1,1.1547005383792517,8.05605026776222,,,1677
161,25,almond hulls,xrf,ti,humorous,knife mill (2mm),,ppm,210.5,2,1,6.363961030678928,3.0232593969971155,,,1678
161,25,almond hulls,xrf,s,humorous,knife mill (2mm),,ppm,240.0,3,1,21.656407827707714,9.023503261544882,,,1679
161,25,almond hulls,xrf,k,humorous,knife mill (2mm),,ppm,33933.333333333336,3,1,115.47005383792515,0.3402850309565574,,,1680
161,25,almond hulls,xrf,rb,humorous,knife mill (2mm),,ppm,10.666666666666666,3,1,0.5773502691896257,5.412658773652741,,,1681
161,25,almond hulls,xrf,la,humorous,knife mill (2mm),,ppm,43.0,2,1,5.656854249492381,13.15547499881949,,,1682
149,25,almond hulls,xrf,zn,capstan,knife mill (2mm),,ppm,14.0,3,1,1.0,7.142857142857142,,,1683
149,25,almond hulls,xrf,si,capstan,knife mill (2mm),,ppm,3666.6666666666665,3,1,50.33222956847167,1.3726971700492272,,,1684
149,25,almond hulls,xrf,p,capstan,knife mill (2mm),,ppm,1173.3333333333333,3,1,23.094010767585033,1.9682395540555429,,,1685
149,25,almond hulls,xrf,mo,capstan,knife mill (2mm),,ppm,4.0,2,1,0.0,0.0,,,1686
149,25,almond hulls,xrf,u,capstan,knife mill (2mm),,ppm,13.333333333333334,3,1,1.5275252316519468,11.4564392373896,,,1687
149,25,almond hulls,xrf,s,capstan,knife mill (2mm),,ppm,320.6666666666667,3,1,50.61949558552844,15.785705484052528,,,1688
149,25,almond hulls,xrf,th,capstan,knife mill (2mm),,ppm,39.333333333333336,3,1,4.041451884327381,10.274877672018762,,,1689
149,25,almond hulls,xrf,sr,capstan,knife mill (2mm),,ppm,21.333333333333332,3,1,0.5773502691896258,2.706329386826371,,,1690
149,25,almond hulls,xrf,fe,capstan,knife mill (2mm),,ppm,382.0,3,1,22.60530911091463,5.917620186103306,,,1691
149,25,almond hulls,xrf,k,capstan,knife mill (2mm),,ppm,31066.666666666668,3,1,929.157324317757,2.9908497563876297,,,1692
149,25,almond hulls,xrf,cu,capstan,knife mill (2mm),,ppm,9.0,3,1,1.0,11.11111111111111,,,1693
149,25,almond hulls,xrf,ti,capstan,knife mill (2mm),,ppm,191.5,2,1,26.16295090390226,13.66211535451815,,,1694
149,25,almond hulls,xrf,la,capstan,knife mill (2mm),,ppm,55.5,2,1,2.1213203435596424,3.8221988172245807,,,1695
149,25,almond hulls,xrf,mn,capstan,knife mill (2mm),,ppm,42.666666666666664,3,1,9.073771725877467,21.266652482525313,,,1696
149,25,almond hulls,xrf,ca,capstan,knife mill (2mm),,ppm,3436.6666666666665,3,1,133.16656236958787,3.8748757236543514,,,1697
149,25,almond hulls,xrf,rb,capstan,knife mill (2mm),,ppm,20.666666666666668,3,1,0.5773502691896258,2.793630334788512,,,1698
149,25,almond hulls,xrf,pr,capstan,knife mill (2mm),,ppm,106.0,2,1,5.656854249492381,5.336654952351302,,,1699
149,25,almond hulls,xrf,ba,capstan,knife mill (2mm),,ppm,27.0,1,1,,,,,1700
40,35,almond branches,xrf,cr,vibrant,as is,,ppm,0.0,1,1,,,,,1701
40,35,almond branches,xrf,mn,vibrant,as is,,ppm,130.0,1,1,,,,,1702
40,35,almond branches,xrf,ba,vibrant,as is,,ppm,0.0,1,1,,,,,1703
40,35,almond branches,xrf,k,vibrant,as is,,ppm,3630.0,1,1,,,,,1704
40,35,almond branches,xrf,sb,vibrant,as is,,ppm,0.0,1,1,,,,,1705
40,35,almond branches,xrf,pb,vibrant,as is,,ppm,0.0,1,1,,,,,1706
40,35,almond branches,xrf,se,vibrant,as is,,ppm,0.0,1,1,,,,,1707
40,35,almond branches,xrf,zr,vibrant,as is,,ppm,0.0,1,1,,,,,1708
40,35,almond branches,xrf,nd,vibrant,as is,,ppm,0.0,1,1,,,,,1709
40,35,almond branches,xrf,si,vibrant,as is,,ppm,15300.0,1,1,,,,,1710
40,35,almond branches,xrf,ti,vibrant,as is,,ppm,451.0,1,1,,,,,1711
40,35,almond branches,xrf,pr,vibrant,as is,,ppm,46.0,1,1,,,,,1712
40,35,almond branches,xrf,mo,vibrant,as is,,ppm,9.0,1,1,,,,,1713
40,35,almond branches,xrf,u,vibrant,as is,,ppm,23.0,1,1,,,,,1714
40,35,almond branches,xrf,s,vibrant,as is,,ppm,767.0,1,1,,,,,1715
40,35,almond branches,xrf,p,vibrant,as is,,ppm,808.0,1,1,,,,,1716
40,35,almond branches,xrf,la,vibrant,as is,,ppm,26.0,1,1,,,,,1717
40,35,almond branches,xrf,fe,vibrant,as is,,ppm,1030.0,1,1,,,,,1718
40,35,almond branches,xrf,sr,vibrant,as is,,ppm,91.0,1,1,,,,,1719
40,35,almond branches,xrf,cu,vibrant,as is,,ppm,65.0,1,1,,,,,1720
40,35,almond branches,xrf,rb,vibrant,as is,,ppm,0.0,1,1,,,,,1721
40,35,almond branches,xrf,ce,vibrant,as is,,ppm,0.0,1,1,,,,,1722
40,35,almond branches,xrf,al,vibrant,as is,,ppm,5220.0,1,1,,,,,1723
40,35,almond branches,xrf,ni,vibrant,as is,,ppm,0.0,1,1,,,,,1724
40,35,almond branches,xrf,mg,vibrant,as is,,ppm,0.0,1,1,,,,,1725
40,35,almond branches,xrf,ag,vibrant,as is,,ppm,0.0,1,1,,,,,1726
40,35,almond branches,xrf,y,vibrant,as is,,ppm,0.0,1,1,,,,,1727
40,35,almond branches,xrf,co,vibrant,as is,,ppm,0.0,1,1,,,,,1728
40,35,almond branches,xrf,v,vibrant,as is,,ppm,0.0,1,1,,,,,1729
40,35,almond branches,xrf,zn,vibrant,as is,,ppm,56.0,1,1,,,,,1730
40,35,almond branches,xrf,sn,vibrant,as is,,ppm,0.0,1,1,,,,,1731
40,35,almond branches,xrf,th,vibrant,as is,,ppm,66.0,1,1,,,,,1732
40,35,almond branches,xrf,as,vibrant,as is,,ppm,0.0,1,1,,,,,1733
40,35,almond branches,xrf,hg,vibrant,as is,,ppm,0.0,1,1,,,,,1734
40,35,almond branches,xrf,nb,vibrant,as is,,ppm,0.0,1,1,,,,,1735
40,35,almond branches,xrf,cd,vibrant,as is,,ppm,0.0,1,1,,,,,1736
40,35,almond branches,xrf,bi,vibrant,as is,,ppm,0.0,1,1,,,,,1737
40,35,almond branches,xrf,ca,vibrant,as is,,ppm,9940.0,1,1,,,,,1738
40,35,almond branches,xrf,w,vibrant,as is,,ppm,0.0,1,1,,,,,1739
154,25,almond hulls,xrf,si,capstan,knife mill (2mm),,ppm,2186.6666666666665,3,1,23.09401076758503,1.056128541200535,,,1740
154,25,almond hulls,xrf,zn,capstan,knife mill (2mm),,ppm,15.0,3,1,1.0,6.666666666666667,,,1741
154,25,almond hulls,xrf,fe,capstan,knife mill (2mm),,ppm,230.66666666666666,3,1,7.371114795831994,3.195569998193061,,,1742
154,25,almond hulls,xrf,cu,capstan,knife mill (2mm),,ppm,13.333333333333334,3,1,2.5166114784235836,18.874586088176876,,,1743
154,25,almond hulls,xrf,ca,capstan,knife mill (2mm),,ppm,2716.6666666666665,3,1,60.277137733417085,2.2187903460153526,,,1744
154,25,almond hulls,xrf,p,capstan,knife mill (2mm),,ppm,922.6666666666666,3,1,27.13546265191241,2.940982223834437,,,1745
154,25,almond hulls,xrf,s,capstan,knife mill (2mm),,ppm,232.66666666666666,3,1,15.307950004273378,6.579348139372512,,,1746
154,25,almond hulls,xrf,mn,capstan,knife mill (2mm),,ppm,33.666666666666664,3,1,2.0816659994661326,6.183166335047919,,,1747
154,25,almond hulls,xrf,mo,capstan,knife mill (2mm),,ppm,4.5,2,1,0.7071067811865476,15.713484026367725,,,1748
154,25,almond hulls,xrf,th,capstan,knife mill (2mm),,ppm,43.333333333333336,3,1,3.214550253664318,7.418192893071502,,,1749
154,25,almond hulls,xrf,rb,capstan,knife mill (2mm),,ppm,24.333333333333332,3,1,0.5773502691896258,2.3726723391354487,,,1750
154,25,almond hulls,xrf,pr,capstan,knife mill (2mm),,ppm,51.0,1,1,,,,,1751
154,25,almond hulls,xrf,u,capstan,knife mill (2mm),,ppm,14.0,3,1,1.0,7.142857142857142,,,1752
154,25,almond hulls,xrf,sr,capstan,knife mill (2mm),,ppm,13.0,3,1,1.0,7.6923076923076925,,,1753
154,25,almond hulls,xrf,ba,capstan,knife mill (2mm),,ppm,23.5,2,1,0.7071067811865476,3.0089650263257344,,,1754
154,25,almond hulls,xrf,nd,capstan,knife mill (2mm),,ppm,131.0,1,1,,,,,1755
154,25,almond hulls,xrf,k,capstan,knife mill (2mm),,ppm,28666.666666666668,3,1,57.735026918962575,0.20140125669405548,,,1756
154,25,almond hulls,xrf,pb,capstan,knife mill (2mm),,ppm,3.0,1,1,,,,,1757
79,5,alfalfa,xrf,fe,possessive,knife mill (2mm),,ppm,376.6666666666667,3,1,20.008331597945226,5.311946441932361,,,1758
79,5,alfalfa,xrf,si,possessive,knife mill (2mm),,ppm,3656.6666666666665,3,1,393.1072796748152,10.750426973787107,,,1759
79,5,alfalfa,xrf,rb,possessive,knife mill (2mm),,ppm,54.666666666666664,3,1,0.5773502691896258,1.0561285412005352,,,1760
79,5,alfalfa,xrf,th,possessive,knife mill (2mm),,ppm,65.0,3,1,4.58257569495584,7.050116453778216,,,1761
79,5,alfalfa,xrf,zn,possessive,knife mill (2mm),,ppm,45.666666666666664,3,1,1.1547005383792517,2.5285413249180695,,,1762
79,5,alfalfa,xrf,s,possessive,knife mill (2mm),,ppm,4526.666666666667,3,1,205.5075018906447,4.539930085949441,,,1763
79,5,alfalfa,xrf,pr,possessive,knife mill (2mm),,ppm,79.0,1,1,,,,,1764
79,5,alfalfa,xrf,ba,possessive,knife mill (2mm),,ppm,23.333333333333332,3,1,4.041451884327381,17.320508075688775,,,1765
79,5,alfalfa,xrf,cu,possessive,knife mill (2mm),,ppm,25.666666666666668,3,1,3.2145502536643185,12.524221767523319,,,1766
79,5,alfalfa,xrf,ce,possessive,knife mill (2mm),,ppm,48.0,1,1,,,,,1767
79,5,alfalfa,xrf,mo,possessive,knife mill (2mm),,ppm,7.0,2,1,1.4142135623730951,20.203050891044217,,,1768
79,5,alfalfa,xrf,k,possessive,knife mill (2mm),,ppm,12766.666666666666,3,1,57.735026918962575,0.45223258683260503,,,1769
79,5,alfalfa,xrf,u,possessive,knife mill (2mm),,ppm,22.666666666666668,3,1,0.5773502691896258,2.547133540542467,,,1770
79,5,alfalfa,xrf,ti,possessive,knife mill (2mm),,ppm,244.0,2,1,8.48528137423857,3.4775743337043314,,,1771
79,5,alfalfa,xrf,p,possessive,knife mill (2mm),,ppm,3403.3333333333335,3,1,184.48125469362284,5.420604937128977,,,1772
79,5,alfalfa,xrf,nd,possessive,knife mill (2mm),,ppm,73.0,1,1,,,,,1773
79,5,alfalfa,xrf,mg,possessive,knife mill (2mm),,ppm,11443.333333333334,3,1,1854.624849756234,16.207033350622492,,,1774
79,5,alfalfa,xrf,al,possessive,knife mill (2mm),,ppm,1366.6666666666667,3,1,174.7378989610821,12.785699923981616,,,1775
79,5,alfalfa,xrf,sr,possessive,knife mill (2mm),,ppm,119.66666666666667,3,1,2.516611478423583,2.103017948543384,,,1776
79,5,alfalfa,xrf,pb,possessive,knife mill (2mm),,ppm,6.0,3,1,1.7320508075688772,28.867513459481287,,,1777
79,5,alfalfa,xrf,ca,possessive,knife mill (2mm),,ppm,24600.0,3,1,556.7764362830022,2.2633188466788705,,,1778
79,5,alfalfa,xrf,la,possessive,knife mill (2mm),,ppm,37.0,2,1,2.8284271247461903,7.644397634449163,,,1779
79,5,alfalfa,xrf,mn,possessive,knife mill (2mm),,ppm,76.66666666666667,3,1,16.041612554021285,20.923842461766892,,,1780
79,5,alfalfa,xrf,w,possessive,knife mill (2mm),,ppm,117.0,1,1,,,,,1781
164,32,olive pomace,xrf,k,excellent,oven dry + knife mill (2mm),,ppm,35700.0,3,1,100.0,0.2801120448179272,,,1782
164,32,olive pomace,xrf,s,excellent,oven dry + knife mill (2mm),,ppm,1843.3333333333333,3,1,11.547005383792515,0.6264198219055614,,,1783
164,32,olive pomace,xrf,zn,excellent,oven dry + knife mill (2mm),,ppm,31.333333333333332,3,1,1.5275252316519465,4.875080526548765,,,1784
164,32,olive pomace,xrf,fe,excellent,oven dry + knife mill (2mm),,ppm,351.6666666666667,3,1,5.507570547286102,1.5661338049154792,,,1785
164,32,olive pomace,xrf,ca,excellent,oven dry + knife mill (2mm),,ppm,2960.0,3,1,20.0,0.6756756756756757,,,1786
164,32,olive pomace,xrf,cu,excellent,oven dry + knife mill (2mm),,ppm,35.666666666666664,3,1,0.5773502691896258,1.6187390724942783,,,1787
164,32,olive pomace,xrf,mn,excellent,oven dry + knife mill (2mm),,ppm,38.333333333333336,3,1,9.018499505645789,23.526520449510752,,,1788
164,32,olive pomace,xrf,u,excellent,oven dry + knife mill (2mm),,ppm,10.333333333333334,3,1,0.5773502691896257,5.587260669577023,,,1789
164,32,olive pomace,xrf,th,excellent,oven dry + knife mill (2mm),,ppm,29.666666666666668,3,1,3.5118845842842465,11.837813205452516,,,1790
164,32,olive pomace,xrf,sr,excellent,oven dry + knife mill (2mm),,ppm,14.666666666666666,3,1,0.5773502691896257,3.936479108111085,,,1791
164,32,olive pomace,xrf,nd,excellent,oven dry + knife mill (2mm),,ppm,127.0,1,1,,,,,1792
164,32,olive pomace,xrf,pr,excellent,oven dry + knife mill (2mm),,ppm,99.5,2,1,24.748737341529164,24.873102855808206,,,1793
164,32,olive pomace,xrf,mg,excellent,oven dry + knife mill (2mm),,ppm,8093.333333333333,3,1,2580.8784034381265,31.88894238185494,,,1794
164,32,olive pomace,xrf,p,excellent,oven dry + knife mill (2mm),,ppm,3166.6666666666665,3,1,41.63331998932266,1.3147364207154524,,,1795
164,32,olive pomace,xrf,ba,excellent,oven dry + knife mill (2mm),,ppm,34.0,1,1,,,,,1796
164,32,olive pomace,xrf,si,excellent,oven dry + knife mill (2mm),,ppm,7120.0,3,1,17.320508075688775,0.2432655628607974,,,1797
164,32,olive pomace,xrf,rb,excellent,oven dry + knife mill (2mm),,ppm,38.333333333333336,3,1,0.5773502691896258,1.5061311370164152,,,1798
164,32,olive pomace,xrf,ce,excellent,oven dry + knife mill (2mm),,ppm,67.5,2,1,20.506096654409877,30.379402450977594,,,1799
124,26,spent oak chips,xrf,k,rigging,oven dry + knife mill (2mm),,ppm,11300.0,3,1,100.0,0.8849557522123894,,,1800
124,26,spent oak chips,xrf,s,rigging,oven dry + knife mill (2mm),,ppm,2300.0,3,1,40.0,1.7391304347826086,,,1801
124,26,spent oak chips,xrf,mn,rigging,oven dry + knife mill (2mm),,ppm,40.0,3,1,12.529964086141668,31.32491021535417,,,1802
124,26,spent oak chips,xrf,pb,rigging,oven dry + knife mill (2mm),,ppm,3.5,2,1,0.7071067811865476,20.203050891044217,,,1803
124,26,spent oak chips,xrf,ba,rigging,oven dry + knife mill (2mm),,ppm,20.0,3,1,2.6457513110645907,13.228756555322954,,,1804
124,26,spent oak chips,xrf,la,rigging,oven dry + knife mill (2mm),,ppm,35.0,2,1,5.656854249492381,16.162440712835373,,,1805
124,26,spent oak chips,xrf,si,rigging,oven dry + knife mill (2mm),,ppm,571.6666666666666,3,1,126.17580327992104,22.071569086866656,,,1806
124,26,spent oak chips,xrf,u,rigging,oven dry + knife mill (2mm),,ppm,21.0,3,1,1.0,4.761904761904762,,,1807
124,26,spent oak chips,xrf,th,rigging,oven dry + knife mill (2mm),,ppm,66.33333333333333,3,1,5.131601439446884,7.7360825720304796,,,1808
124,26,spent oak chips,xrf,ca,rigging,oven dry + knife mill (2mm),,ppm,930.6666666666666,3,1,34.26854728950927,3.682150496723776,,,1809
124,26,spent oak chips,xrf,cu,rigging,oven dry + knife mill (2mm),,ppm,10.666666666666666,3,1,1.5275252316519468,14.320549046737002,,,1810
124,26,spent oak chips,xrf,rb,rigging,oven dry + knife mill (2mm),,ppm,10.666666666666666,3,1,0.5773502691896257,5.412658773652741,,,1811
124,26,spent oak chips,xrf,sr,rigging,oven dry + knife mill (2mm),,ppm,3.3333333333333335,3,1,1.1547005383792515,34.64101615137754,,,1812
124,26,spent oak chips,xrf,fe,rigging,oven dry + knife mill (2mm),,ppm,113.33333333333333,3,1,10.785793124908958,9.516876286684376,,,1813
124,26,spent oak chips,xrf,mo,rigging,oven dry + knife mill (2mm),,ppm,5.0,1,1,,,,,1814
124,26,spent oak chips,xrf,ti,rigging,oven dry + knife mill (2mm),,ppm,244.0,1,1,,,,,1815
124,26,spent oak chips,xrf,p,rigging,oven dry + knife mill (2mm),,ppm,447.0,3,1,20.663978319771825,4.622813941783406,,,1816
124,26,spent oak chips,xrf,zn,rigging,oven dry + knife mill (2mm),,ppm,8.0,3,1,1.0,12.5,,,1817
124,26,spent oak chips,xrf,co,rigging,oven dry + knife mill (2mm),,ppm,9.0,1,1,,,,,1818
156,4,corn stover whole,xrf,zn,possessive,knife mill (2mm),,ppm,111.66666666666667,3,1,3.511884584284246,3.14497126950828,,,1819
156,4,corn stover whole,xrf,nd,possessive,knife mill (2mm),,ppm,94.66666666666667,3,1,25.006665778014735,26.415492019029646,,,1820
156,4,corn stover whole,xrf,p,possessive,knife mill (2mm),,ppm,1763.3333333333333,3,1,148.43629385474878,8.41793726964549,,,1821
122,26,spent oak chips,xrf,pb,rigging,oven dry + knife mill (2mm),,ppm,4.0,3,1,0.0,0.0,,,1822
156,4,corn stover whole,xrf,u,possessive,knife mill (2mm),,ppm,25.333333333333332,3,1,1.5275252316519468,6.029704861784,,,1823
156,4,corn stover whole,xrf,ce,possessive,knife mill (2mm),,ppm,37.0,3,1,4.58257569495584,12.385339716096864,,,1824
156,4,corn stover whole,xrf,fe,possessive,knife mill (2mm),,ppm,4396.666666666667,3,1,15.275252316519467,0.34742802842728127,,,1825
122,26,spent oak chips,xrf,ca,rigging,oven dry + knife mill (2mm),,ppm,961.0,3,1,28.930952282978865,3.0105049201851055,,,1826
122,26,spent oak chips,xrf,cu,rigging,oven dry + knife mill (2mm),,ppm,8.0,3,1,2.6457513110645907,33.071891388307385,,,1827
122,26,spent oak chips,xrf,mn,rigging,oven dry + knife mill (2mm),,ppm,26.333333333333332,3,1,5.8594652770823155,22.25113396360373,,,1828
156,4,corn stover whole,xrf,sr,possessive,knife mill (2mm),,ppm,36.666666666666664,3,1,0.5773502691896258,1.5745916432444342,,,1829
122,26,spent oak chips,xrf,k,rigging,oven dry + knife mill (2mm),,ppm,8880.0,3,1,261.5339366124404,2.9452019888788334,,,1830
156,4,corn stover whole,xrf,s,possessive,knife mill (2mm),,ppm,1693.3333333333333,3,1,145.0287327853806,8.56468894401854,,,1831
156,4,corn stover whole,xrf,pr,possessive,knife mill (2mm),,ppm,59.0,3,1,7.810249675906654,13.237711315096023,,,1832
122,26,spent oak chips,xrf,zn,rigging,oven dry + knife mill (2mm),,ppm,12.0,3,1,1.0,8.333333333333332,,,1833
122,26,spent oak chips,xrf,u,rigging,oven dry + knife mill (2mm),,ppm,17.666666666666668,3,1,2.081665999466133,11.783015091317733,,,1834
156,4,corn stover whole,xrf,rb,possessive,knife mill (2mm),,ppm,22.666666666666668,3,1,0.5773502691896258,2.547133540542467,,,1835
122,26,spent oak chips,xrf,pr,rigging,oven dry + knife mill (2mm),,ppm,105.5,2,1,24.748737341529164,23.45851880713665,,,1836
122,26,spent oak chips,xrf,rb,rigging,oven dry + knife mill (2mm),,ppm,10.333333333333334,3,1,0.5773502691896257,5.587260669577023,,,1837
156,4,corn stover whole,xrf,mg,possessive,knife mill (2mm),,ppm,11766.666666666666,3,1,1877.0544300401448,15.952303938018227,,,1838
156,4,corn stover whole,xrf,th,possessive,knife mill (2mm),,ppm,74.0,3,1,3.605551275463989,4.87236658846485,,,1839
156,4,corn stover whole,xrf,si,possessive,knife mill (2mm),,ppm,39400.0,3,1,100.0,0.25380710659898476,,,1840
122,26,spent oak chips,xrf,la,rigging,oven dry + knife mill (2mm),,ppm,35.0,1,1,,,,,1841
156,4,corn stover whole,xrf,ti,possessive,knife mill (2mm),,ppm,625.6666666666666,3,1,72.0370275159472,11.513643183156185,,,1842
122,26,spent oak chips,xrf,ba,rigging,oven dry + knife mill (2mm),,ppm,21.5,2,1,0.7071067811865476,3.2888687497048723,,,1843
156,4,corn stover whole,xrf,k,possessive,knife mill (2mm),,ppm,27933.333333333332,3,1,493.28828623162474,1.765948518728967,,,1844
156,4,corn stover whole,xrf,al,possessive,knife mill (2mm),,ppm,11066.666666666666,3,1,251.66114784235833,2.2740465166478163,,,1845
122,26,spent oak chips,xrf,s,rigging,oven dry + knife mill (2mm),,ppm,2170.0,3,1,52.91502622129181,2.4384804710272725,,,1846
122,26,spent oak chips,xrf,ce,rigging,oven dry + knife mill (2mm),,ppm,74.0,2,1,18.384776310850235,24.844292311959776,,,1847
156,4,corn stover whole,xrf,mn,possessive,knife mill (2mm),,ppm,193.33333333333334,3,1,19.85782801147531,10.27129035076309,,,1848
156,4,corn stover whole,xrf,cu,possessive,knife mill (2mm),,ppm,23.0,3,1,6.082762530298219,26.44679360999226,,,1849
156,4,corn stover whole,xrf,zr,possessive,knife mill (2mm),,ppm,7.0,3,1,1.0,14.285714285714285,,,1850
122,26,spent oak chips,xrf,mo,rigging,oven dry + knife mill (2mm),,ppm,6.0,2,1,0.0,0.0,,,1851
156,4,corn stover whole,xrf,ca,possessive,knife mill (2mm),,ppm,8780.0,3,1,441.92759587968703,5.033343916625137,,,1852
122,26,spent oak chips,xrf,p,rigging,oven dry + knife mill (2mm),,ppm,440.6666666666667,3,1,25.69695182961071,5.831380899306515,,,1853
156,4,corn stover whole,xrf,ba,possessive,knife mill (2mm),,ppm,22.0,3,1,4.358898943540674,19.81317701609397,,,1854
122,26,spent oak chips,xrf,fe,rigging,oven dry + knife mill (2mm),,ppm,61.666666666666664,3,1,8.144527815247079,13.207342403103372,,,1855
122,26,spent oak chips,xrf,co,rigging,oven dry + knife mill (2mm),,ppm,8.0,1,1,,,,,1856
156,4,corn stover whole,xrf,la,possessive,knife mill (2mm),,ppm,28.5,2,1,2.1213203435596424,7.443229275647869,,,1857
156,4,corn stover whole,xrf,pb,possessive,knife mill (2mm),,ppm,8.0,3,1,1.0,12.5,,,1858
156,4,corn stover whole,xrf,mo,possessive,knife mill (2mm),,ppm,8.0,1,1,,,,,1859
122,26,spent oak chips,xrf,sr,rigging,oven dry + knife mill (2mm),,ppm,5.666666666666667,3,1,0.5773502691896258,10.188534162169868,,,1860
122,26,spent oak chips,xrf,th,rigging,oven dry + knife mill (2mm),,ppm,59.666666666666664,3,1,3.214550253664318,5.387514391616175,,,1861
122,26,spent oak chips,xrf,si,rigging,oven dry + knife mill (2mm),,ppm,801.3333333333334,3,1,34.21013495052794,4.269151616122454,,,1862
133,9,pistachio hulls,xrf,sr,stuntman,oven dry + knife mill (2mm),,ppm,46.0,3,1,1.0,2.1739130434782608,,,1863
133,9,pistachio hulls,xrf,fe,stuntman,oven dry + knife mill (2mm),,ppm,516.3333333333334,3,1,20.428737928059416,3.956501858242624,,,1864
133,9,pistachio hulls,xrf,p,stuntman,oven dry + knife mill (2mm),,ppm,1186.6666666666667,3,1,25.166114784235834,2.120740009907514,,,1865
133,9,pistachio hulls,xrf,rb,stuntman,oven dry + knife mill (2mm),,ppm,16.666666666666668,3,1,0.5773502691896258,3.4641016151377544,,,1866
133,9,pistachio hulls,xrf,mn,stuntman,oven dry + knife mill (2mm),,ppm,40.333333333333336,3,1,13.051181300301261,32.35830074454858,,,1867
133,9,pistachio hulls,xrf,ca,stuntman,oven dry + knife mill (2mm),,ppm,7013.333333333333,3,1,292.6317367158479,4.1725057516518245,,,1868
133,9,pistachio hulls,xrf,nd,stuntman,oven dry + knife mill (2mm),,ppm,95.5,2,1,0.7071067811865476,0.7404259488864372,,,1869
133,9,pistachio hulls,xrf,pr,stuntman,oven dry + knife mill (2mm),,ppm,88.0,2,1,7.0710678118654755,8.035304331665314,,,1870
133,9,pistachio hulls,xrf,la,stuntman,oven dry + knife mill (2mm),,ppm,36.0,1,1,,,,,1871
133,9,pistachio hulls,xrf,zn,stuntman,oven dry + knife mill (2mm),,ppm,25.666666666666668,3,1,0.5773502691896258,2.2494166332063346,,,1872
133,9,pistachio hulls,xrf,si,stuntman,oven dry + knife mill (2mm),,ppm,1510.0,3,1,85.44003745317531,5.6582806260381,,,1873
133,9,pistachio hulls,xrf,k,stuntman,oven dry + knife mill (2mm),,ppm,33233.333333333336,3,1,208.16659994661327,0.6263789366497892,,,1874
133,9,pistachio hulls,xrf,ba,stuntman,oven dry + knife mill (2mm),,ppm,33.0,1,1,,,,,1875
133,9,pistachio hulls,xrf,u,stuntman,oven dry + knife mill (2mm),,ppm,15.333333333333334,3,1,0.5773502691896257,3.765327842541037,,,1876
133,9,pistachio hulls,xrf,th,stuntman,oven dry + knife mill (2mm),,ppm,47.333333333333336,3,1,5.033222956847167,10.633569627141902,,,1877
133,9,pistachio hulls,xrf,s,stuntman,oven dry + knife mill (2mm),,ppm,2006.6666666666667,3,1,25.166114784235834,1.2541253214735464,,,1878
133,9,pistachio hulls,xrf,ti,stuntman,oven dry + knife mill (2mm),,ppm,240.0,1,1,,,,,1879
133,9,pistachio hulls,xrf,cu,stuntman,oven dry + knife mill (2mm),,ppm,21.333333333333332,3,1,2.081665999466133,9.7578093724975,,,1880
155,27,rice straw,xrf,u,possessive,knife mill (2mm),,ppm,18.666666666666668,3,1,3.0550504633038935,16.366341767699428,,,1881
155,27,rice straw,xrf,k,possessive,knife mill (2mm),,ppm,32366.666666666668,3,1,757.1877794400365,2.3394061156746746,,,1882
155,27,rice straw,xrf,th,possessive,knife mill (2mm),,ppm,68.0,3,1,2.6457513110645907,3.8908107515655743,,,1883
155,27,rice straw,xrf,s,possessive,knife mill (2mm),,ppm,2343.3333333333335,3,1,66.58328118479393,2.8413918002045775,,,1884
155,27,rice straw,xrf,pb,possessive,knife mill (2mm),,ppm,5.0,2,1,0.0,0.0,,,1885
155,27,rice straw,xrf,cu,possessive,knife mill (2mm),,ppm,10.666666666666666,3,1,1.1547005383792517,10.825317547305485,,,1886
155,27,rice straw,xrf,ca,possessive,knife mill (2mm),,ppm,6976.666666666667,3,1,50.33222956847166,0.7214366397774247,,,1887
155,27,rice straw,xrf,mg,possessive,knife mill (2mm),,ppm,6895.0,2,1,1407.1424945612296,20.408158006689334,,,1888
155,27,rice straw,xrf,p,possessive,knife mill (2mm),,ppm,2153.3333333333335,3,1,89.628864398325,4.162331164008902,,,1889
155,27,rice straw,xrf,zn,possessive,knife mill (2mm),,ppm,56.0,3,1,2.0,3.571428571428571,,,1890
155,27,rice straw,xrf,ce,possessive,knife mill (2mm),,ppm,46.0,2,1,5.656854249492381,12.297509238026914,,,1891
155,27,rice straw,xrf,si,possessive,knife mill (2mm),,ppm,87866.66666666667,3,1,1106.044001535804,1.258775419046818,,,1892
155,27,rice straw,xrf,nd,possessive,knife mill (2mm),,ppm,92.0,1,1,,,,,1893
155,27,rice straw,xrf,mn,possessive,knife mill (2mm),,ppm,1370.0,3,1,10.0,0.7299270072992701,,,1894
155,27,rice straw,xrf,sr,possessive,knife mill (2mm),,ppm,21.0,3,1,1.7320508075688772,8.247860988423225,,,1895
155,27,rice straw,xrf,al,possessive,knife mill (2mm),,ppm,953.0,1,1,,,,,1896
155,27,rice straw,xrf,mo,possessive,knife mill (2mm),,ppm,31.666666666666668,3,1,1.1547005383792515,3.646422752776583,,,1897
155,27,rice straw,xrf,fe,possessive,knife mill (2mm),,ppm,386.6666666666667,3,1,22.18858565419016,5.738427324359524,,,1898
155,27,rice straw,xrf,ba,possessive,knife mill (2mm),,ppm,23.0,1,1,,,,,1899
155,27,rice straw,xrf,rb,possessive,knife mill (2mm),,ppm,4.333333333333333,3,1,0.5773502691896258,13.323467750529828,,,1900
155,27,rice straw,xrf,pr,possessive,knife mill (2mm),,ppm,58.0,1,1,,,,,1901
155,27,rice straw,xrf,la,possessive,knife mill (2mm),,ppm,33.0,1,1,,,,,1902
39,25,almond hulls,xrf,cr,vibrant,as is,,ppm,0.0,1,1,,,,,1903
39,25,almond hulls,xrf,sn,vibrant,as is,,ppm,0.0,1,1,,,,,1904
39,25,almond hulls,xrf,u,vibrant,as is,,ppm,13.0,1,1,,,,,1905
39,25,almond hulls,xrf,s,vibrant,as is,,ppm,421.0,1,1,,,,,1906
39,25,almond hulls,xrf,ni,vibrant,as is,,ppm,0.0,1,1,,,,,1907
39,25,almond hulls,xrf,rb,vibrant,as is,,ppm,22.0,1,1,,,,,1908
39,25,almond hulls,xrf,ce,vibrant,as is,,ppm,50.0,1,1,,,,,1909
39,25,almond hulls,xrf,p,vibrant,as is,,ppm,388.0,1,1,,,,,1910
39,25,almond hulls,xrf,co,vibrant,as is,,ppm,0.0,1,1,,,,,1911
39,25,almond hulls,xrf,zn,vibrant,as is,,ppm,16.0,1,1,,,,,1912
39,25,almond hulls,xrf,nd,vibrant,as is,,ppm,108.0,1,1,,,,,1913
39,25,almond hulls,xrf,sb,vibrant,as is,,ppm,0.0,1,1,,,,,1914
39,25,almond hulls,xrf,si,vibrant,as is,,ppm,12400.0,1,1,,,,,1915
39,25,almond hulls,xrf,pb,vibrant,as is,,ppm,0.0,1,1,,,,,1916
39,25,almond hulls,xrf,la,vibrant,as is,,ppm,44.0,1,1,,,,,1917
39,25,almond hulls,xrf,ti,vibrant,as is,,ppm,245.0,1,1,,,,,1918
39,25,almond hulls,xrf,ba,vibrant,as is,,ppm,39.0,1,1,,,,,1919
39,25,almond hulls,xrf,mg,vibrant,as is,,ppm,0.0,1,1,,,,,1920
39,25,almond hulls,xrf,se,vibrant,as is,,ppm,0.0,1,1,,,,,1921
39,25,almond hulls,xrf,w,vibrant,as is,,ppm,0.0,1,1,,,,,1922
39,25,almond hulls,xrf,al,vibrant,as is,,ppm,4670.0,1,1,,,,,1923
39,25,almond hulls,xrf,k,vibrant,as is,,ppm,18600.0,1,1,,,,,1924
39,25,almond hulls,xrf,as,vibrant,as is,,ppm,0.0,1,1,,,,,1925
39,25,almond hulls,xrf,ca,vibrant,as is,,ppm,5000.0,1,1,,,,,1926
39,25,almond hulls,xrf,cd,vibrant,as is,,ppm,0.0,1,1,,,,,1927
39,25,almond hulls,xrf,cu,vibrant,as is,,ppm,7.0,1,1,,,,,1928
39,25,almond hulls,xrf,th,vibrant,as is,,ppm,45.0,1,1,,,,,1929
39,25,almond hulls,xrf,pr,vibrant,as is,,ppm,0.0,1,1,,,,,1930
39,25,almond hulls,xrf,mo,vibrant,as is,,ppm,5.0,1,1,,,,,1931
39,25,almond hulls,xrf,mn,vibrant,as is,,ppm,40.0,1,1,,,,,1932
39,25,almond hulls,xrf,y,vibrant,as is,,ppm,0.0,1,1,,,,,1933
39,25,almond hulls,xrf,fe,vibrant,as is,,ppm,265.0,1,1,,,,,1934
39,25,almond hulls,xrf,nb,vibrant,as is,,ppm,0.0,1,1,,,,,1935
39,25,almond hulls,xrf,hg,vibrant,as is,,ppm,0.0,1,1,,,,,1936
39,25,almond hulls,xrf,ag,vibrant,as is,,ppm,0.0,1,1,,,,,1937
39,25,almond hulls,xrf,sr,vibrant,as is,,ppm,30.0,1,1,,,,,1938
39,25,almond hulls,xrf,v,vibrant,as is,,ppm,0.0,1,1,,,,,1939
39,25,almond hulls,xrf,zr,vibrant,as is,,ppm,0.0,1,1,,,,,1940
39,25,almond hulls,xrf,bi,vibrant,as is,,ppm,0.0,1,1,,,,,1941
157,10,cotton stem mix,xrf,ba,schooner,knife mill (2mm),,ppm,27.0,3,1,13.076696830622021,48.43221048378526,,,1942
157,10,cotton stem mix,xrf,ca,schooner,knife mill (2mm),,ppm,16766.666666666668,3,1,57.735026918962575,0.3443440969321823,,,1943
157,10,cotton stem mix,xrf,ti,schooner,knife mill (2mm),,ppm,293.3333333333333,3,1,50.29247790011279,17.145162920493,,,1944
157,10,cotton stem mix,xrf,s,schooner,knife mill (2mm),,ppm,4050.0,3,1,55.67764362830022,1.3747566327975362,,,1945
157,10,cotton stem mix,xrf,pb,schooner,knife mill (2mm),,ppm,5.0,1,1,,,,,1946
157,10,cotton stem mix,xrf,fe,schooner,knife mill (2mm),,ppm,1710.0,3,1,36.05551275463989,2.1085095178151985,,,1947
157,10,cotton stem mix,xrf,zn,schooner,knife mill (2mm),,ppm,25.666666666666668,3,1,1.5275252316519465,5.951397006436155,,,1948
157,10,cotton stem mix,xrf,sr,schooner,knife mill (2mm),,ppm,68.66666666666667,3,1,2.0816659994661326,3.0315524264069893,,,1949
157,10,cotton stem mix,xrf,mn,schooner,knife mill (2mm),,ppm,61.333333333333336,3,1,12.055427546683415,19.655588391331655,,,1950
157,10,cotton stem mix,xrf,cu,schooner,knife mill (2mm),,ppm,14.0,3,1,1.7320508075688772,12.371791482634837,,,1951
157,10,cotton stem mix,xrf,u,schooner,knife mill (2mm),,ppm,21.0,3,1,2.0,9.523809523809524,,,1952
157,10,cotton stem mix,xrf,pr,schooner,knife mill (2mm),,ppm,55.0,2,1,2.8284271247461903,5.1425947722658005,,,1953
157,10,cotton stem mix,xrf,k,schooner,knife mill (2mm),,ppm,21866.666666666668,3,1,57.735026918962575,0.2640321353001337,,,1954
157,10,cotton stem mix,xrf,p,schooner,knife mill (2mm),,ppm,1316.6666666666667,3,1,25.166114784235834,1.9113504899419618,,,1955
157,10,cotton stem mix,xrf,si,schooner,knife mill (2mm),,ppm,7110.0,3,1,265.141471671257,3.7291346226618427,,,1956
157,10,cotton stem mix,xrf,rb,schooner,knife mill (2mm),,ppm,22.0,3,1,1.0,4.545454545454546,,,1957
157,10,cotton stem mix,xrf,mg,schooner,knife mill (2mm),,ppm,8370.0,2,1,1810.1933598375617,21.627160810484607,,,1958
157,10,cotton stem mix,xrf,al,schooner,knife mill (2mm),,ppm,2556.6666666666665,3,1,283.7839553839035,11.099763574337818,,,1959
157,10,cotton stem mix,xrf,th,schooner,knife mill (2mm),,ppm,66.66666666666667,3,1,2.081665999466133,3.122498999199199,,,1960
157,10,cotton stem mix,xrf,la,schooner,knife mill (2mm),,ppm,45.0,1,1,,,,,1961
157,10,cotton stem mix,xrf,co,schooner,knife mill (2mm),,ppm,24.0,1,1,,,,,1962
157,10,cotton stem mix,xrf,ce,schooner,knife mill (2mm),,ppm,48.0,1,1,,,,,1963
24,1,spent yeast,xrf,mo,maplewood,as is,,ppm,5.0,1,1,,,,,1964
24,1,spent yeast,xrf,mg,maplewood,as is,,ppm,0.0,1,1,,,,,1965
24,1,spent yeast,xrf,p,maplewood,as is,,ppm,1270.0,1,1,,,,,1966
24,1,spent yeast,xrf,si,maplewood,as is,,ppm,1390.0,1,1,,,,,1967
24,1,spent yeast,xrf,ce,maplewood,as is,,ppm,0.0,1,1,,,,,1968
24,1,spent yeast,xrf,ni,maplewood,as is,,ppm,0.0,1,1,,,,,1969
24,1,spent yeast,xrf,s,maplewood,as is,,ppm,744.0,1,1,,,,,1970
24,1,spent yeast,xrf,pb,maplewood,as is,,ppm,0.0,1,1,,,,,1971
24,1,spent yeast,xrf,pr,maplewood,as is,,ppm,0.0,1,1,,,,,1972
24,1,spent yeast,xrf,sb,maplewood,as is,,ppm,0.0,1,1,,,,,1973
24,1,spent yeast,xrf,hg,maplewood,as is,,ppm,0.0,1,1,,,,,1974
24,1,spent yeast,xrf,cd,maplewood,as is,,ppm,0.0,1,1,,,,,1975
24,1,spent yeast,xrf,nb,maplewood,as is,,ppm,0.0,1,1,,,,,1976
24,1,spent yeast,xrf,ti,maplewood,as is,,ppm,0.0,1,1,,,,,1977
24,1,spent yeast,xrf,fe,maplewood,as is,,ppm,233.0,1,1,,,,,1978
24,1,spent yeast,xrf,y,maplewood,as is,,ppm,0.0,1,1,,,,,1979
24,1,spent yeast,xrf,sr,maplewood,as is,,ppm,8.0,1,1,,,,,1980
24,1,spent yeast,xrf,zr,maplewood,as is,,ppm,5.0,1,1,,,,,1981
24,1,spent yeast,xrf,ba,maplewood,as is,,ppm,0.0,1,1,,,,,1982
24,1,spent yeast,xrf,nd,maplewood,as is,,ppm,0.0,1,1,,,,,1983
24,1,spent yeast,xrf,ag,maplewood,as is,,ppm,0.0,1,1,,,,,1984
24,1,spent yeast,xrf,th,maplewood,as is,,ppm,8.0,1,1,,,,,1985
24,1,spent yeast,xrf,as,maplewood,as is,,ppm,0.0,1,1,,,,,1986
24,1,spent yeast,xrf,ca,maplewood,as is,,ppm,1440.0,1,1,,,,,1987
24,1,spent yeast,xrf,mn,maplewood,as is,,ppm,34.0,1,1,,,,,1988
24,1,spent yeast,xrf,rb,maplewood,as is,,ppm,20.0,1,1,,,,,1989
24,1,spent yeast,xrf,sn,maplewood,as is,,ppm,0.0,1,1,,,,,1990
24,1,spent yeast,xrf,al,maplewood,as is,,ppm,0.0,1,1,,,,,1991
24,1,spent yeast,xrf,cu,maplewood,as is,,ppm,11.0,1,1,,,,,1992
24,1,spent yeast,xrf,co,maplewood,as is,,ppm,0.0,1,1,,,,,1993
24,1,spent yeast,xrf,se,maplewood,as is,,ppm,0.0,1,1,,,,,1994
24,1,spent yeast,xrf,cr,maplewood,as is,,ppm,0.0,1,1,,,,,1995
24,1,spent yeast,xrf,v,maplewood,as is,,ppm,0.0,1,1,,,,,1996
24,1,spent yeast,xrf,bi,maplewood,as is,,ppm,0.0,1,1,,,,,1997
24,1,spent yeast,xrf,la,maplewood,as is,,ppm,0.0,1,1,,,,,1998
24,1,spent yeast,xrf,k,maplewood,as is,,ppm,28700.0,1,1,,,,,1999
24,1,spent yeast,xrf,u,maplewood,as is,,ppm,3.0,1,1,,,,,2000
24,1,spent yeast,xrf,w,maplewood,as is,,ppm,0.0,1,1,,,,,2001
24,1,spent yeast,xrf,zn,maplewood,as is,,ppm,17.0,1,1,,,,,2002
131,11,pistachio stems & leaves,xrf,sr,tripod,oven dry + knife mill (2mm),,ppm,66.0,3,1,4.358898943540674,6.604392338697991,,,2003
131,11,pistachio stems & leaves,xrf,rb,tripod,oven dry + knife mill (2mm),,ppm,51.333333333333336,3,1,1.1547005383792517,2.2494166332063346,,,2004
131,11,pistachio stems & leaves,xrf,la,tripod,oven dry + knife mill (2mm),,ppm,47.333333333333336,3,1,5.033222956847167,10.633569627141902,,,2005
131,11,pistachio stems & leaves,xrf,cu,tripod,oven dry + knife mill (2mm),,ppm,17.333333333333332,3,1,1.5275252316519465,8.81264556722277,,,2006
131,11,pistachio stems & leaves,xrf,p,tripod,oven dry + knife mill (2mm),,ppm,2693.3333333333335,3,1,30.550504633038933,1.1343009145930296,,,2007
131,11,pistachio stems & leaves,xrf,u,tripod,oven dry + knife mill (2mm),,ppm,12.333333333333334,3,1,1.5275252316519468,12.385339716096864,,,2008
131,11,pistachio stems & leaves,xrf,ti,tripod,oven dry + knife mill (2mm),,ppm,224.33333333333334,3,1,53.00314456080255,23.62695894240827,,,2009
131,11,pistachio stems & leaves,xrf,k,tripod,oven dry + knife mill (2mm),,ppm,29733.333333333332,3,1,115.47005383792515,0.3883521990064747,,,2010
131,11,pistachio stems & leaves,xrf,zn,tripod,oven dry + knife mill (2mm),,ppm,34.666666666666664,3,1,1.1547005383792517,3.330866937632457,,,2011
131,11,pistachio stems & leaves,xrf,ba,tripod,oven dry + knife mill (2mm),,ppm,39.0,3,1,9.539392014169456,24.45997952351143,,,2012
131,11,pistachio stems & leaves,xrf,mg,tripod,oven dry + knife mill (2mm),,ppm,7253.333333333333,3,1,784.2406093370411,10.81214075372759,,,2013
131,11,pistachio stems & leaves,xrf,mo,tripod,oven dry + knife mill (2mm),,ppm,4.0,1,1,,,,,2014
131,11,pistachio stems & leaves,xrf,s,tripod,oven dry + knife mill (2mm),,ppm,2336.6666666666665,3,1,66.58328118479393,2.849498481517572,,,2015
131,11,pistachio stems & leaves,xrf,ce,tripod,oven dry + knife mill (2mm),,ppm,70.0,2,1,29.698484809834994,42.42640687119285,,,2016
131,11,pistachio stems & leaves,xrf,si,tripod,oven dry + knife mill (2mm),,ppm,2490.0,3,1,226.4950330581225,9.096186066591265,,,2017
131,11,pistachio stems & leaves,xrf,fe,tripod,oven dry + knife mill (2mm),,ppm,455.0,3,1,28.478061731796284,6.258914666328853,,,2018
131,11,pistachio stems & leaves,xrf,th,tripod,oven dry + knife mill (2mm),,ppm,36.0,3,1,1.7320508075688772,4.811252243246881,,,2019
131,11,pistachio stems & leaves,xrf,co,tripod,oven dry + knife mill (2mm),,ppm,13.0,1,1,,,,,2020
131,11,pistachio stems & leaves,xrf,mn,tripod,oven dry + knife mill (2mm),,ppm,76.0,3,1,2.6457513110645907,3.4812517250849875,,,2021
131,11,pistachio stems & leaves,xrf,ca,tripod,oven dry + knife mill (2mm),,ppm,20500.0,3,1,2253.885533916929,10.99456358008258,,,2022
131,11,pistachio stems & leaves,xrf,pr,tripod,oven dry + knife mill (2mm),,ppm,126.0,1,1,,,,,2023
116,23,grape pomace,xrf,u,rigging,oven dry + knife mill (2mm),,ppm,16.333333333333332,3,1,0.5773502691896258,3.5347975664670974,,,2024
116,23,grape pomace,xrf,s,rigging,oven dry + knife mill (2mm),,ppm,2403.3333333333335,3,1,60.277137733417085,2.508063983359934,,,2025
116,23,grape pomace,xrf,rb,rigging,oven dry + knife mill (2mm),,ppm,21.333333333333332,3,1,0.5773502691896258,2.706329386826371,,,2026
116,23,grape pomace,xrf,sr,rigging,oven dry + knife mill (2mm),,ppm,38.666666666666664,3,1,1.1547005383792517,2.98629449580841,,,2027
116,23,grape pomace,xrf,co,rigging,oven dry + knife mill (2mm),,ppm,10.0,1,1,,,,,2028
116,23,grape pomace,xrf,fe,rigging,oven dry + knife mill (2mm),,ppm,188.33333333333334,3,1,7.637626158259733,4.055376721199858,,,2029
116,23,grape pomace,xrf,p,rigging,oven dry + knife mill (2mm),,ppm,2760.0,3,1,72.11102550927978,2.6127183155536153,,,2030
116,23,grape pomace,xrf,cu,rigging,oven dry + knife mill (2mm),,ppm,18.0,3,1,4.0,22.22222222222222,,,2031
116,23,grape pomace,xrf,si,rigging,oven dry + knife mill (2mm),,ppm,2073.3333333333335,3,1,344.2867022313429,16.6054679532802,,,2032
116,23,grape pomace,xrf,th,rigging,oven dry + knife mill (2mm),,ppm,46.666666666666664,3,1,3.785938897200183,8.112726208286107,,,2033
116,23,grape pomace,xrf,zn,rigging,oven dry + knife mill (2mm),,ppm,22.0,3,1,1.0,4.545454545454546,,,2034
116,23,grape pomace,xrf,ce,rigging,oven dry + knife mill (2mm),,ppm,90.0,1,1,,,,,2035
116,23,grape pomace,xrf,ba,rigging,oven dry + knife mill (2mm),,ppm,38.0,2,1,7.0710678118654755,18.608073189119672,,,2036
116,23,grape pomace,xrf,mn,rigging,oven dry + knife mill (2mm),,ppm,52.333333333333336,3,1,6.506407098647712,12.432625029263143,,,2037
116,23,grape pomace,xrf,ca,rigging,oven dry + knife mill (2mm),,ppm,5010.0,3,1,111.35528725660043,2.2226604242834416,,,2038
116,23,grape pomace,xrf,k,rigging,oven dry + knife mill (2mm),,ppm,9493.333333333334,3,1,184.48125469362284,1.9432716435423751,,,2039
116,23,grape pomace,xrf,la,rigging,oven dry + knife mill (2mm),,ppm,46.5,2,1,2.1213203435596424,4.561979233461597,,,2040
116,23,grape pomace,xrf,mg,rigging,oven dry + knife mill (2mm),,ppm,3560.0,1,1,,,,,2041
82,20,wheat straw,xrf,rb,wardrobe,knife mill (2mm),,ppm,54.666666666666664,3,1,3.785938897200183,6.925497982683261,,,2042
153,3,pistachio shells,xrf,ca,tripod,knife mill (2mm),,ppm,553.6666666666666,3,1,328.80135847245725,59.386157460407695,,,2043
82,20,wheat straw,xrf,ce,wardrobe,knife mill (2mm),,ppm,40.0,1,1,,,,,2044
153,3,pistachio shells,xrf,cu,tripod,knife mill (2mm),,ppm,5.666666666666667,3,1,0.5773502691896258,10.188534162169868,,,2045
82,20,wheat straw,xrf,ba,wardrobe,knife mill (2mm),,ppm,25.0,2,1,0.0,0.0,,,2046
82,20,wheat straw,xrf,th,wardrobe,knife mill (2mm),,ppm,75.0,3,1,3.4641016151377544,4.618802153517006,,,2047
153,3,pistachio shells,xrf,ce,tripod,knife mill (2mm),,ppm,61.5,2,1,14.849242404917497,24.145109601491864,,,2048
82,20,wheat straw,xrf,al,wardrobe,knife mill (2mm),,ppm,1770.0,3,1,340.73450074801644,19.25053676542466,,,2049
82,20,wheat straw,xrf,p,wardrobe,knife mill (2mm),,ppm,1310.0,3,1,26.457513110645905,2.0196574893622827,,,2050
82,20,wheat straw,xrf,mo,wardrobe,knife mill (2mm),,ppm,10.0,3,1,1.0,10.0,,,2051
153,3,pistachio shells,xrf,zn,tripod,knife mill (2mm),,ppm,6.0,3,1,1.0,16.666666666666664,,,2052
82,20,wheat straw,xrf,cu,wardrobe,knife mill (2mm),,ppm,12.666666666666666,3,1,1.1547005383792517,9.116056881941462,,,2053
82,20,wheat straw,xrf,zn,wardrobe,knife mill (2mm),,ppm,27.333333333333332,3,1,2.5166114784235836,9.20711516496433,,,2054
82,20,wheat straw,xrf,u,wardrobe,knife mill (2mm),,ppm,22.333333333333332,3,1,1.1547005383792515,5.170300918116052,,,2055
82,20,wheat straw,xrf,pb,wardrobe,knife mill (2mm),,ppm,5.5,2,1,0.7071067811865476,12.856486930664502,,,2056
82,20,wheat straw,xrf,ca,wardrobe,knife mill (2mm),,ppm,6040.0,3,1,233.88031127053,3.872190583949172,,,2057
153,3,pistachio shells,xrf,mn,tripod,knife mill (2mm),,ppm,22.0,3,1,4.358898943540674,19.81317701609397,,,2058
153,3,pistachio shells,xrf,s,tripod,knife mill (2mm),,ppm,1353.0,3,1,1781.4261141007223,131.66490126391147,,,2059
153,3,pistachio shells,xrf,fe,tripod,knife mill (2mm),,ppm,17.0,2,1,2.8284271247461903,16.63780661615406,,,2060
82,20,wheat straw,xrf,si,wardrobe,knife mill (2mm),,ppm,63900.0,3,1,3724.2448899072147,5.828239264330539,,,2061
82,20,wheat straw,xrf,k,wardrobe,knife mill (2mm),,ppm,39100.0,3,1,519.6152422706632,1.3289392385438958,,,2062
153,3,pistachio shells,xrf,ba,tripod,knife mill (2mm),,ppm,26.5,2,1,4.949747468305833,18.678292333229557,,,2063
153,3,pistachio shells,xrf,p,tripod,knife mill (2mm),,ppm,327.0,3,1,21.656407827707714,6.62275468737239,,,2064
82,20,wheat straw,xrf,s,wardrobe,knife mill (2mm),,ppm,2983.3333333333335,3,1,177.857620959388,5.96170796511915,,,2065
153,3,pistachio shells,xrf,mo,tripod,knife mill (2mm),,ppm,5.0,2,1,1.4142135623730951,28.284271247461902,,,2066
153,3,pistachio shells,xrf,si,tripod,knife mill (2mm),,ppm,624.0,3,1,285.243755409299,45.71214028995176,,,2067
153,3,pistachio shells,xrf,rb,tripod,knife mill (2mm),,ppm,2.0,3,1,1.0,50.0,,,2068
153,3,pistachio shells,xrf,th,tripod,knife mill (2mm),,ppm,45.0,3,1,2.6457513110645907,5.879447357921313,,,2069
82,20,wheat straw,xrf,ti,wardrobe,knife mill (2mm),,ppm,300.0,2,1,21.213203435596427,7.0710678118654755,,,2070
82,20,wheat straw,xrf,mg,wardrobe,knife mill (2mm),,ppm,6960.0,1,1,,,,,2071
153,3,pistachio shells,xrf,al,tripod,knife mill (2mm),,ppm,550.3333333333334,3,1,102.64664306899341,18.651721938642048,,,2072
153,3,pistachio shells,xrf,k,tripod,knife mill (2mm),,ppm,3062.6666666666665,3,1,1978.6362306733731,64.60501406203875,,,2073
153,3,pistachio shells,xrf,la,tripod,knife mill (2mm),,ppm,39.0,2,1,1.4142135623730951,3.626188621469475,,,2074
82,20,wheat straw,xrf,mn,wardrobe,knife mill (2mm),,ppm,99.66666666666667,3,1,13.316656236958787,13.36119354878808,,,2075
82,20,wheat straw,xrf,fe,wardrobe,knife mill (2mm),,ppm,888.0,3,1,52.11525688318153,5.868835234592515,,,2076
82,20,wheat straw,xrf,sr,wardrobe,knife mill (2mm),,ppm,23.0,3,1,0.0,0.0,,,2077
153,3,pistachio shells,xrf,u,tripod,knife mill (2mm),,ppm,13.333333333333334,3,1,0.5773502691896257,4.330127018922193,,,2078
153,3,pistachio shells,xrf,pr,tripod,knife mill (2mm),,ppm,87.0,1,1,,,,,2079
153,3,pistachio shells,xrf,sr,tripod,knife mill (2mm),,ppm,3.0,1,1,,,,,2080
82,20,wheat straw,xrf,la,wardrobe,knife mill (2mm),,ppm,33.0,1,1,,,,,2081
82,20,wheat straw,xrf,pr,wardrobe,knife mill (2mm),,ppm,102.0,1,1,,,,,2082
153,3,pistachio shells,xrf,ti,tripod,knife mill (2mm),,ppm,150.0,1,1,,,,,2083
109,23,grape pomace,xrf,mg,,oven dry + knife mill (2mm),,ppm,3910.0,1,1,,,,,2084
78,5,alfalfa,xrf,al,possessive,knife mill (2mm),,ppm,1623.3333333333333,3,1,197.56855350316593,12.170547443726855,,,2085
78,5,alfalfa,xrf,mo,possessive,knife mill (2mm),,ppm,8.333333333333334,3,1,3.055050463303893,36.66060555964671,,,2086
78,5,alfalfa,xrf,co,possessive,knife mill (2mm),,ppm,17.0,1,1,,,,,2087
109,23,grape pomace,xrf,k,,oven dry + knife mill (2mm),,ppm,19233.333333333332,3,1,321.45502536643187,1.6713432861339614,,,2088
109,23,grape pomace,xrf,la,,oven dry + knife mill (2mm),,ppm,53.0,2,1,12.727922061357855,24.01494728558086,,,2089
78,5,alfalfa,xrf,sr,possessive,knife mill (2mm),,ppm,108.33333333333333,3,1,2.8867513459481287,2.664693550105965,,,2090
109,23,grape pomace,xrf,rb,,oven dry + knife mill (2mm),,ppm,8.0,3,1,0.0,0.0,,,2091
109,23,grape pomace,xrf,th,,oven dry + knife mill (2mm),,ppm,41.0,3,1,2.6457513110645907,6.453051978206319,,,2092
78,5,alfalfa,xrf,mn,possessive,knife mill (2mm),,ppm,51.666666666666664,3,1,6.027713773341708,11.666542787112984,,,2093
78,5,alfalfa,xrf,u,possessive,knife mill (2mm),,ppm,19.666666666666668,3,1,3.0550504633038935,15.53415489815539,,,2094
109,23,grape pomace,xrf,mo,,oven dry + knife mill (2mm),,ppm,5.5,2,1,2.1213203435596424,38.5694607919935,,,2095
78,5,alfalfa,xrf,si,possessive,knife mill (2mm),,ppm,3743.3333333333335,3,1,290.9180869821148,7.771631887322745,,,2096
109,23,grape pomace,xrf,u,,oven dry + knife mill (2mm),,ppm,13.333333333333334,3,1,0.5773502691896257,4.330127018922193,,,2097
78,5,alfalfa,xrf,cu,possessive,knife mill (2mm),,ppm,22.0,3,1,1.7320508075688772,7.872958216222169,,,2098
109,23,grape pomace,xrf,ca,,oven dry + knife mill (2mm),,ppm,6713.333333333333,3,1,118.46237095944574,1.7645834800314657,,,2099
78,5,alfalfa,xrf,pb,possessive,knife mill (2mm),,ppm,4.0,3,1,0.0,0.0,,,2100
78,5,alfalfa,xrf,s,possessive,knife mill (2mm),,ppm,4320.0,3,1,200.7485989988473,4.646958310158503,,,2101
109,23,grape pomace,xrf,nd,,oven dry + knife mill (2mm),,ppm,106.0,1,1,,,,,2102
109,23,grape pomace,xrf,p,,oven dry + knife mill (2mm),,ppm,3333.3333333333335,3,1,66.58328118479393,1.9974984355438181,,,2103
109,23,grape pomace,xrf,mn,,oven dry + knife mill (2mm),,ppm,45.0,3,1,7.54983443527075,16.77740985615722,,,2104
78,5,alfalfa,xrf,pr,possessive,knife mill (2mm),,ppm,67.0,1,1,,,,,2105
109,23,grape pomace,xrf,fe,,oven dry + knife mill (2mm),,ppm,376.6666666666667,3,1,10.503967504392486,2.788663939219244,,,2106
109,23,grape pomace,xrf,ce,,oven dry + knife mill (2mm),,ppm,63.0,2,1,2.8284271247461903,4.489566864676493,,,2107
78,5,alfalfa,xrf,mg,possessive,knife mill (2mm),,ppm,11500.0,3,1,1311.4877048604,11.404240911829566,,,2108
109,23,grape pomace,xrf,cu,,oven dry + knife mill (2mm),,ppm,23.333333333333332,3,1,1.1547005383792515,4.948716593053935,,,2109
78,5,alfalfa,xrf,ba,possessive,knife mill (2mm),,ppm,25.666666666666668,3,1,2.081665999466133,8.110387010907012,,,2110
78,5,alfalfa,xrf,zn,possessive,knife mill (2mm),,ppm,43.0,3,1,1.0,2.3255813953488373,,,2111
109,23,grape pomace,xrf,si,,oven dry + knife mill (2mm),,ppm,2730.0,3,1,70.0,2.564102564102564,,,2112
78,5,alfalfa,xrf,rb,possessive,knife mill (2mm),,ppm,55.333333333333336,3,1,0.5773502691896258,1.0434041009451067,,,2113
109,23,grape pomace,xrf,ba,,oven dry + knife mill (2mm),,ppm,31.666666666666668,3,1,5.131601439446884,16.205057177200686,,,2114
109,23,grape pomace,xrf,sr,,oven dry + knife mill (2mm),,ppm,33.0,3,1,0.0,0.0,,,2115
78,5,alfalfa,xrf,th,possessive,knife mill (2mm),,ppm,56.333333333333336,3,1,4.041451884327381,7.174174942592983,,,2116
109,23,grape pomace,xrf,s,,oven dry + knife mill (2mm),,ppm,2783.3333333333335,3,1,83.86497083606082,3.0131127246488916,,,2117
109,23,grape pomace,xrf,pr,,oven dry + knife mill (2mm),,ppm,86.0,2,1,19.79898987322333,23.022081247934107,,,2118
78,5,alfalfa,xrf,nd,possessive,knife mill (2mm),,ppm,79.0,1,1,,,,,2119
78,5,alfalfa,xrf,k,possessive,knife mill (2mm),,ppm,15900.0,3,1,529.1502622129182,3.3279890705214976,,,2120
109,23,grape pomace,xrf,zn,,oven dry + knife mill (2mm),,ppm,24.666666666666668,3,1,1.5275252316519468,6.192669858048432,,,2121
78,5,alfalfa,xrf,ca,possessive,knife mill (2mm),,ppm,23200.0,3,1,1212.4355652982142,5.226015367664717,,,2122
78,5,alfalfa,xrf,p,possessive,knife mill (2mm),,ppm,3810.0,3,1,85.44003745317531,2.242520668062344,,,2123
78,5,alfalfa,xrf,fe,possessive,knife mill (2mm),,ppm,405.3333333333333,3,1,1.5275252316519465,0.3768565538615,,,2124
78,5,alfalfa,xrf,ti,possessive,knife mill (2mm),,ppm,278.0,1,1,,,,,2125
132,9,pistachio hulls,xrf,mn,tripod,oven dry + knife mill (2mm),,ppm,33.333333333333336,3,1,8.082903768654761,24.24871130596428,,,2126
132,9,pistachio hulls,xrf,ti,tripod,oven dry + knife mill (2mm),,ppm,226.0,1,1,,,,,2127
132,9,pistachio hulls,xrf,u,tripod,oven dry + knife mill (2mm),,ppm,5.666666666666667,3,1,0.5773502691896258,10.188534162169868,,,2128
132,9,pistachio hulls,xrf,cu,tripod,oven dry + knife mill (2mm),,ppm,14.333333333333334,3,1,5.033222956847166,35.1155090012593,,,2129
132,9,pistachio hulls,xrf,ca,tripod,oven dry + knife mill (2mm),,ppm,4496.666666666667,3,1,81.44527815247078,1.8112367268896392,,,2130
132,9,pistachio hulls,xrf,zn,tripod,oven dry + knife mill (2mm),,ppm,22.666666666666668,3,1,1.1547005383792515,5.094267081084933,,,2131
132,9,pistachio hulls,xrf,rb,tripod,oven dry + knife mill (2mm),,ppm,150.66666666666666,3,1,0.5773502691896258,0.38319708132054814,,,2132
132,9,pistachio hulls,xrf,ba,tripod,oven dry + knife mill (2mm),,ppm,39.0,3,1,9.539392014169456,24.45997952351143,,,2133
132,9,pistachio hulls,xrf,mo,tripod,oven dry + knife mill (2mm),,ppm,3.0,1,1,,,,,2134
132,9,pistachio hulls,xrf,s,tripod,oven dry + knife mill (2mm),,ppm,2943.3333333333335,3,1,47.258156262526086,1.6055998730190062,,,2135
132,9,pistachio hulls,xrf,th,tripod,oven dry + knife mill (2mm),,ppm,12.666666666666666,3,1,1.1547005383792517,9.116056881941462,,,2136
132,9,pistachio hulls,xrf,si,tripod,oven dry + knife mill (2mm),,ppm,1236.6666666666667,3,1,92.9157324317757,7.513401544348438,,,2137
132,9,pistachio hulls,xrf,fe,tripod,oven dry + knife mill (2mm),,ppm,367.3333333333333,3,1,4.163331998932266,1.1333934661340108,,,2138
132,9,pistachio hulls,xrf,sr,tripod,oven dry + knife mill (2mm),,ppm,21.0,3,1,0.0,0.0,,,2139
132,9,pistachio hulls,xrf,ce,tripod,oven dry + knife mill (2mm),,ppm,79.0,2,1,0.0,0.0,,,2140
132,9,pistachio hulls,xrf,k,tripod,oven dry + knife mill (2mm),,ppm,78400.0,3,1,964.3650760992955,1.2300574950246117,,,2141
132,9,pistachio hulls,xrf,la,tripod,oven dry + knife mill (2mm),,ppm,68.5,2,1,6.363961030678928,9.290454059385295,,,2142
132,9,pistachio hulls,xrf,p,tripod,oven dry + knife mill (2mm),,ppm,1880.0,3,1,52.91502622129181,2.8146290543240324,,,2143
132,9,pistachio hulls,xrf,pr,tripod,oven dry + knife mill (2mm),,ppm,135.0,1,1,,,,,2144
83,55,peach seeds,xrf,mn,rushes,oven dry + knife mill (2mm),,ppm,29.666666666666668,3,1,1.5275252316519468,5.148961455006562,,,2145
83,55,peach seeds,xrf,mo,rushes,oven dry + knife mill (2mm),,ppm,4.0,3,1,0.0,0.0,,,2146
83,55,peach seeds,xrf,al,rushes,oven dry + knife mill (2mm),,ppm,538.0,2,1,19.79898987322333,3.6801096418630728,,,2147
83,55,peach seeds,xrf,k,rushes,oven dry + knife mill (2mm),,ppm,7146.666666666667,3,1,292.97326385411577,4.099439326316919,,,2148
83,55,peach seeds,xrf,si,rushes,oven dry + knife mill (2mm),,ppm,252.66666666666666,3,1,40.15387071420803,15.89203326419843,,,2149
83,55,peach seeds,xrf,p,rushes,oven dry + knife mill (2mm),,ppm,1683.3333333333333,3,1,45.09249752822894,2.678762229399739,,,2150
83,55,peach seeds,xrf,zn,rushes,oven dry + knife mill (2mm),,ppm,12.0,3,1,0.0,0.0,,,2151
83,55,peach seeds,xrf,cu,rushes,oven dry + knife mill (2mm),,ppm,12.333333333333334,3,1,0.5773502691896257,4.681218398834803,,,2152
83,55,peach seeds,xrf,s,rushes,oven dry + knife mill (2mm),,ppm,717.0,3,1,23.065125189341593,3.2168933318468054,,,2153
83,55,peach seeds,xrf,ca,rushes,oven dry + knife mill (2mm),,ppm,611.0,3,1,8.54400374531753,1.3983639517704631,,,2154
83,55,peach seeds,xrf,pr,rushes,oven dry + knife mill (2mm),,ppm,55.0,1,1,,,,,2155
83,55,peach seeds,xrf,fe,rushes,oven dry + knife mill (2mm),,ppm,47.0,3,1,1.0,2.127659574468085,,,2156
83,55,peach seeds,xrf,th,rushes,oven dry + knife mill (2mm),,ppm,46.333333333333336,3,1,1.5275252316519465,3.2968170467308195,,,2157
83,55,peach seeds,xrf,u,rushes,oven dry + knife mill (2mm),,ppm,13.333333333333334,3,1,1.1547005383792517,8.660254037844387,,,2158
83,55,peach seeds,xrf,la,rushes,oven dry + knife mill (2mm),,ppm,26.0,1,1,,,,,2159
83,55,peach seeds,xrf,ce,rushes,oven dry + knife mill (2mm),,ppm,54.0,1,1,,,,,2160
83,55,peach seeds,xrf,mg,rushes,oven dry + knife mill (2mm),,ppm,3870.0,1,1,,,,,2161
83,55,peach seeds,xrf,ti,rushes,oven dry + knife mill (2mm),,ppm,154.0,1,1,,,,,2162
83,55,peach seeds,xrf,ba,rushes,oven dry + knife mill (2mm),,ppm,39.0,1,1,,,,,2163
86,16,peach stems / leaves,xrf,mg,rushes,oven dry + knife mill (2mm),,ppm,8173.333333333333,3,1,441.85216230469365,5.406021561639808,,,2164
86,16,peach stems / leaves,xrf,ca,rushes,oven dry + knife mill (2mm),,ppm,35966.666666666664,3,1,378.59388972001824,1.0526243458387903,,,2165
86,16,peach stems / leaves,xrf,k,rushes,oven dry + knife mill (2mm),,ppm,38700.0,3,1,360.5551275463989,0.9316669962439249,,,2166
86,16,peach stems / leaves,xrf,p,rushes,oven dry + knife mill (2mm),,ppm,2170.0,3,1,52.91502622129181,2.4384804710272725,,,2167
86,16,peach stems / leaves,xrf,s,rushes,oven dry + knife mill (2mm),,ppm,3143.3333333333335,3,1,55.075705472861024,1.75214333423736,,,2168
86,16,peach stems / leaves,xrf,si,rushes,oven dry + knife mill (2mm),,ppm,8683.333333333334,3,1,712.9048557369583,8.210036726337332,,,2169
86,16,peach stems / leaves,xrf,y,rushes,oven dry + knife mill (2mm),,ppm,8.0,3,1,2.0,25.0,,,2170
86,16,peach stems / leaves,xrf,cu,rushes,oven dry + knife mill (2mm),,ppm,67.66666666666667,3,1,3.7859388972001824,5.5949835919214514,,,2171
86,16,peach stems / leaves,xrf,u,rushes,oven dry + knife mill (2mm),,ppm,14.0,3,1,0.0,0.0,,,2172
86,16,peach stems / leaves,xrf,ti,rushes,oven dry + knife mill (2mm),,ppm,289.5,2,1,71.4177848998413,24.669355751240516,,,2173
86,16,peach stems / leaves,xrf,al,rushes,oven dry + knife mill (2mm),,ppm,2006.6666666666667,3,1,552.2982286168708,27.523167539046717,,,2174
86,16,peach stems / leaves,xrf,rb,rushes,oven dry + knife mill (2mm),,ppm,13.666666666666666,3,1,1.5275252316519468,11.177013890136196,,,2175
86,16,peach stems / leaves,xrf,sr,rushes,oven dry + knife mill (2mm),,ppm,216.33333333333334,3,1,4.932882862316247,2.2802232029196827,,,2176
86,16,peach stems / leaves,xrf,pb,rushes,oven dry + knife mill (2mm),,ppm,4.0,2,1,0.0,0.0,,,2177
86,16,peach stems / leaves,xrf,fe,rushes,oven dry + knife mill (2mm),,ppm,1656.6666666666667,3,1,223.6813209307682,13.501890599442747,,,2178
86,16,peach stems / leaves,xrf,mn,rushes,oven dry + knife mill (2mm),,ppm,164.0,3,1,15.874507866387544,9.679577967309479,,,2179
86,16,peach stems / leaves,xrf,zn,rushes,oven dry + knife mill (2mm),,ppm,86.0,3,1,3.4641016151377544,4.02802513388111,,,2180
86,16,peach stems / leaves,xrf,th,rushes,oven dry + knife mill (2mm),,ppm,38.333333333333336,3,1,2.516611478423583,6.565073421974564,,,2181
86,16,peach stems / leaves,xrf,ba,rushes,oven dry + knife mill (2mm),,ppm,67.0,3,1,11.135528725660043,16.62019212785081,,,2182
86,16,peach stems / leaves,xrf,pr,rushes,oven dry + knife mill (2mm),,ppm,147.0,1,1,,,,,2183
86,16,peach stems / leaves,xrf,co,rushes,oven dry + knife mill (2mm),,ppm,32.0,1,1,,,,,2184
50,25,almond hulls,icp,na,tiny,,,ppm,-131.3,2,1,135.34023791910522,-103.07710427959269,,,2185
50,25,almond hulls,icp,s,tiny,,,ppm,254.5,2,1,7.7781745930520225,3.05625720748606,,,2186
50,25,almond hulls,icp,fe,tiny,,,ppm,18.05,2,1,0.3535533905932738,1.9587445462231234,,,2187
50,25,almond hulls,icp,mn,tiny,,,ppm,14.5,2,1,0.7071067811865476,4.876598490941707,,,2188
50,25,almond hulls,icp,k,tiny,,,ppm,21750.0,2,1,494.9747468305833,2.2757459624394634,,,2189
50,25,almond hulls,icp,mg,tiny,,,ppm,690.5,2,1,30.405591591021544,4.403416595368797,,,2190
50,25,almond hulls,icp,nd,tiny,,,ppm,7.0,2,1,0.0,0.0,,,2191
50,25,almond hulls,icp,ti,tiny,,,ppm,0.0,2,1,0.0,,,,2192
50,25,almond hulls,icp,si,tiny,,,ppm,18.05,2,1,0.3535533905932738,1.9587445462231234,,,2193
50,25,almond hulls,icp,cu,tiny,,,ppm,11.0,2,1,0.0,0.0,,,2194
50,25,almond hulls,icp,p,tiny,,,ppm,683.0,2,1,19.79898987322333,2.8988272142347484,,,2195
50,25,almond hulls,icp,ca,tiny,,,ppm,1600.0,2,1,28.284271247461902,1.7677669529663689,,,2196
50,25,almond hulls,icp,al,tiny,,,ppm,14.0,2,1,0.0,0.0,,,2197
50,25,almond hulls,icp,zn,tiny,,,ppm,7.225,2,1,0.1626345596729056,2.2509973657149565,,,2198
52,7,sargassum,icp,ca,hairpin,,,ppm,42000.0,2,1,141.4213562373095,0.3367175148507369,,,2199
52,7,sargassum,icp,ti,hairpin,,,ppm,0.0,2,1,0.0,,,,2200
52,7,sargassum,icp,al,hairpin,,,ppm,124.5,2,1,31.81980515339464,25.558076428429427,,,2201
52,7,sargassum,icp,s,hairpin,,,ppm,11350.0,2,1,70.71067811865476,0.6230015693273546,,,2202
52,7,sargassum,icp,si,hairpin,,,ppm,10.8,2,1,0.0,0.0,,,2203
52,7,sargassum,icp,mn,hairpin,,,ppm,32.15,2,1,0.21213203435596223,0.659819702506881,,,2204
52,7,sargassum,icp,mg,hairpin,,,ppm,9200.0,2,1,0.0,0.0,,,2205
52,7,sargassum,icp,p,hairpin,,,ppm,869.5,2,1,198.69700551341987,22.851869524257605,,,2206
52,7,sargassum,icp,nd,hairpin,,,ppm,70.0,2,1,2.8284271247461903,4.040610178208843,,,2207
52,7,sargassum,icp,cu,hairpin,,,ppm,11.0,2,1,0.0,0.0,,,2208
52,7,sargassum,icp,k,hairpin,,,ppm,48200.0,1,1,,,,,2209
52,7,sargassum,icp,fe,hairpin,,,ppm,242.5,2,1,12.020815280171307,4.957037228936621,,,2210
52,7,sargassum,icp,na,hairpin,,,ppm,15900.0,1,1,,,,,2211
52,7,sargassum,icp,zn,hairpin,,,ppm,16.15,2,1,2.474873734152915,15.32429556751031,,,2212
70,31,almond shells,icp,na,humorous,,,ppm,-195.0,2,1,22.627416997969522,-11.603803588702318,,,2213
70,31,almond shells,icp,nd,humorous,,,ppm,7.155,2,1,0.007071067811865324,0.09882694356205904,,,2214
70,31,almond shells,icp,s,humorous,,,ppm,221.0,3,2,43.09292285283048,19.499060114402933,51.97234841721124,23.51689973629468,"2215,2240"
70,31,almond shells,icp,cu,humorous,,,ppm,9.733333333333333,3,2,1.6743157806499145,17.201874458732,2.0506096654409873,21.067907521653982,"2216,2224"
70,31,almond shells,icp,ti,humorous,,,ppm,0.0,2,1,0.0,,,,2217
70,31,almond shells,icp,k,humorous,,,pc,1.76,1,1,,,,,2218
70,31,almond shells,icp,k,humorous,,,ppm,14233.333333333334,3,2,2926.317367158479,20.559606795024443,3570.889244992065,25.088214836009826,"2219,2230"
70,31,almond shells,icp,p,humorous,,,ppm,656.0,3,2,193.88398592973067,29.55548566001992,184.55486988968892,28.13336431245258,"2220,2239"
70,31,almond shells,icp,mn,humorous,,,ppm,12.033333333333331,3,2,2.3094010767585034,19.19169869882413,2.8284271247461903,23.504934554677483,"2221,2225"
70,31,almond shells,icp,si,humorous,,,ppm,18.0,2,1,0.0,0.0,,,2222
70,31,almond shells,icp,al,humorous,,,ppm,46.5,2,1,35.35533905932738,76.03298722435994,,,2223
70,31,almond shells,icp,ca,humorous,,,ppm,2196.6666666666665,3,2,510.7184482014854,23.249701739066104,618.7184335382291,28.16624128398615,"2226,2237"
70,31,almond shells,icp,ca,humorous,,,pc,0.278,1,1,,,,,2227
70,31,almond shells,icp,mg,humorous,,,ppm,645.3333333333334,3,2,117.85725829720177,18.26300490142589,142.8355697996826,22.133611022678085,"2228,2235"
70,31,almond shells,icp,fe,humorous,,,ppm,126.0,3,2,193.98969044771425,153.96007178390022,237.58787847867995,188.56180831641268,"2229,2236"
70,31,almond shells,icp,zn,humorous,,,ppm,5.033333333333333,3,2,1.7897858344878397,35.558658963334565,2.192031021678297,43.550285198906565,"2231,2232"
70,31,almond shells,icp,b,humorous,,,ppm,57.6,1,1,,,,,2233
70,31,almond shells,icp,mg,humorous,,,pc,0.078,1,1,,,,,2234
70,31,almond shells,icp,p,humorous,,,pc,0.083,1,1,,,,,2238
71,25,almond hulls,icp,p,humorous,,,pc,0.1005,2,1,0.0007071067811865482,0.7035888370015404,,,2241
71,25,almond hulls,icp,p,humorous,,,ppm,978.25,4,2,149.03774689654966,15.23513896208021,37.83021279348029,3.8671313870156188,"2242,2262"
71,25,almond hulls,icp,k,humorous,,,pc,3.015,2,1,0.06363961030678918,2.110766511004616,,,2243
71,25,almond hulls,icp,k,humorous,,,ppm,28133.333333333332,3,2,3521.836642056717,12.518376689775062,4277.996026178613,15.206147012483221,"2244,2258"
71,25,almond hulls,icp,fe,humorous,,,ppm,75.45,4,2,70.4956499840002,93.4335983883369,86.33773798287746,114.43040156776337,"2245,2268"
71,25,almond hulls,icp,mn,humorous,,,ppm,11.575,4,2,0.8098353742170892,6.996417919802067,0.9545941546018388,8.247033733061244,"2246,2256"
71,25,almond hulls,icp,mg,humorous,,,ppm,981.75,4,2,91.12765771158611,9.282165287658376,110.66221125569469,11.271933919602208,"2247,2255"
71,25,almond hulls,icp,cu,humorous,,,ppm,6.125,4,2,3.271467560591118,53.411715274957025,1.9445436482630056,31.747651400212334,"2248,2250"
71,25,almond hulls,icp,al,humorous,,,ppm,16.0,2,1,2.8284271247461903,17.67766952966369,,,2249
71,25,almond hulls,icp,nd,humorous,,,ppm,7.5,2,1,4.949747468305833,65.99663291074444,,,2251
71,25,almond hulls,icp,s,humorous,,,ppm,298.25,4,2,12.284814474246922,4.118965456579018,9.545941546018392,3.2006509793858813,"2252,2265"
71,25,almond hulls,icp,zn,humorous,,,ppm,4.2975,4,2,0.8152862482997408,18.97117506223946,0.9934850275670991,23.11774351523209,"2253,2259"
71,25,almond hulls,icp,mg,humorous,,,pc,0.106,2,1,0.0,0.0,,,2254
71,25,almond hulls,icp,ti,humorous,,,ppm,0.0,2,1,0.0,,,,2257
71,25,almond hulls,icp,ca,humorous,,,pc,0.2425,2,1,0.0035355339059327407,1.4579521261578312,,,2260
71,25,almond hulls,icp,ca,humorous,,,ppm,2227.5,4,2,235.9908190304586,10.594425096765818,279.30717856868625,12.539042808919698,"2261,2266"
71,25,almond hulls,icp,si,humorous,,,ppm,21.6,2,1,0.0,0.0,,,2263
71,25,almond hulls,icp,na,humorous,,,ppm,36.0,1,1,,,,,2264
71,25,almond hulls,icp,b,humorous,,,ppm,137.0,2,1,0.0,0.0,,,2267
56,33,sweet potato culls,icp,mn,tackle,,,ppm,12.333333333333334,3,2,2.8290163190291664,22.93797015429054,3.464823227814083,28.093161306600674,"2269,2286"
56,33,sweet potato culls,icp,cu,tackle,,,ppm,9.533333333333333,3,2,2.02072594216369,21.196425966751992,2.4748737341529154,25.960213994611003,"2270,2284"
56,33,sweet potato culls,icp,p,tackle,,,ppm,2816.6666666666665,3,2,514.8138822267066,18.277415937042836,173.24116139070415,6.150573777184763,"2271,2280"
56,33,sweet potato culls,icp,p,tackle,,,pc,0.298,1,1,,,,,2272
56,33,sweet potato culls,icp,fe,tackle,,,ppm,37.5,3,2,33.77499074759311,90.06664199358163,41.36574669941303,110.30865786510142,"2273,2281"
56,33,sweet potato culls,icp,na,tackle,,,ppm,1195.0,2,1,77.78174593052023,6.508932713851065,,,2274
56,33,sweet potato culls,icp,al,tackle,,,ppm,12.5,2,1,2.545584412271572,20.364675298172575,,,2275
56,33,sweet potato culls,icp,ti,tackle,,,ppm,0.0,2,1,0.0,,,,2276
56,33,sweet potato culls,icp,ca,tackle,,,ppm,2843.3333333333335,3,2,404.63975747982715,14.231175526840346,494.9747468305833,17.4082560432796,"2277,2288"
56,33,sweet potato culls,icp,mg,tackle,,,ppm,1250.0,3,2,130.7669683062202,10.461357464497617,159.0990257669732,12.727922061357855,"2278,2296"
56,33,sweet potato culls,icp,nd,tackle,,,ppm,10.7,2,1,0.0,0.0,,,2279
56,33,sweet potato culls,icp,si,tackle,,,ppm,25.0,2,1,0.0,0.0,,,2282
56,33,sweet potato culls,icp,k,tackle,,,ppm,16700.0,3,2,2773.0849247724095,16.60529895073299,3394.1125496954282,20.3240272436852,"2283,2293"
56,33,sweet potato culls,icp,zn,tackle,,,ppm,14.799999999999999,3,2,1.385640646055101,9.362436797669602,1.6970562748477132,11.466596451673738,"2285,2290"
56,33,sweet potato culls,icp,b,tackle,,,ppm,9.1,1,1,,,,,2287
56,33,sweet potato culls,icp,ca,tackle,,,pc,0.331,1,1,,,,,2289
56,33,sweet potato culls,icp,s,tackle,,,ppm,1126.6666666666667,3,2,117.1893055416463,10.401417651625412,141.4213562373095,12.55219138200972,"2291,2292"
56,33,sweet potato culls,icp,k,tackle,,,pc,1.99,1,1,,,,,2294
56,33,sweet potato culls,icp,mg,tackle,,,pc,0.14,1,1,,,,,2295
64,23,grape pomace,icp,na,ebony,,,ppm,-240.5,2,1,4.949747468305833,-2.0581070554286205,,,2297
64,23,grape pomace,icp,mn,ebony,,,ppm,7.3999999999999995,3,2,0.6928203230275505,9.362436797669602,0.8485281374238566,11.466596451673738,"2298,2316"
64,23,grape pomace,icp,ti,ebony,,,ppm,4.0,2,1,0.0,0.0,,,2299
64,23,grape pomace,icp,si,ebony,,,ppm,26.65,2,1,2.616295090390225,9.817242365441746,,,2300
64,23,grape pomace,icp,al,ebony,,,ppm,18.0,2,1,0.0,0.0,,,2301
64,23,grape pomace,icp,p,ebony,,,pc,0.237,1,1,,,,,2302
64,23,grape pomace,icp,p,ebony,,,ppm,2013.3333333333333,3,2,337.09543653590646,16.74315082131986,378.3021279348029,18.78984079146372,"2303,2306"
64,23,grape pomace,icp,zn,ebony,,,ppm,12.133333333333333,3,2,1.8339392937971892,15.114884289537276,0.6717514421272196,5.536412984564997,"2304,2315"
64,23,grape pomace,icp,fe,ebony,,,ppm,66.96666666666665,3,2,94.44185159839536,141.02815071935598,115.64731406305985,172.69384877510186,"2305,2313"
64,23,grape pomace,icp,mg,ebony,,,pc,0.098,1,1,,,,,2307
64,23,grape pomace,icp,mg,ebony,,,ppm,887.0,3,2,80.55432949258531,9.0816605966838,98.64139597552338,11.120788723283358,"2308,2309"
64,23,grape pomace,icp,k,ebony,,,ppm,23966.666666666668,3,2,3758.102358017053,15.68053835055794,4596.194077712559,19.177443996019022,"2310,2320"
64,23,grape pomace,icp,k,ebony,,,pc,2.83,1,1,,,,,2311
64,23,grape pomace,icp,ca,ebony,,,ppm,2986.6666666666665,3,2,384.75100173142283,12.88228800440032,470.2260094890541,15.744174424856721,"2312,2324"
64,23,grape pomace,icp,nd,ebony,,,ppm,7.0,2,1,0.0,0.0,,,2314
64,23,grape pomace,icp,cu,ebony,,,ppm,9.133333333333333,3,2,2.0132891827388666,22.043312219768612,0.2828427124746193,3.096818019795102,"2317,2322"
64,23,grape pomace,icp,b,ebony,,,ppm,42.1,1,1,,,,,2318
64,23,grape pomace,icp,s,ebony,,,ppm,1053.6666666666667,3,2,166.13348047077486,15.767176254739782,197.63634534164004,18.757008415846887,"2319,2321"
64,23,grape pomace,icp,ca,ebony,,,pc,0.343,1,1,,,,,2323
49,31,almond shells,icp,al,tiny,,,ppm,39.5,2,1,0.7071067811865476,1.790143749839361,,,2325
49,31,almond shells,icp,zn,tiny,,,ppm,10.7,2,1,0.0,0.0,,,2326
49,31,almond shells,icp,ca,tiny,,,ppm,3510.0,2,1,70.71067811865476,2.014549234149708,,,2327
49,31,almond shells,icp,si,tiny,,,ppm,16.049999999999997,2,1,2.616295090390225,16.30090398997025,,,2328
49,31,almond shells,icp,fe,tiny,,,ppm,48.65,2,1,3.0405591591021524,6.249864664135976,,,2329
49,31,almond shells,icp,ti,tiny,,,ppm,0.0,2,1,0.0,,,,2330
49,31,almond shells,icp,k,tiny,,,ppm,21050.0,2,1,494.9747468305833,2.351423975442201,,,2331
49,31,almond shells,icp,p,tiny,,,ppm,859.5,2,1,17.67766952966369,2.05673874690677,,,2332
49,31,almond shells,icp,nd,tiny,,,ppm,11.0,2,1,0.0,0.0,,,2333
49,31,almond shells,icp,mn,tiny,,,ppm,14.0,2,1,0.0,0.0,,,2334
49,31,almond shells,icp,na,tiny,,,ppm,114.5,2,1,4.949747468305833,4.322923553105531,,,2335
49,31,almond shells,icp,cu,tiny,,,ppm,9.0,2,1,2.8284271247461903,31.42696805273545,,,2336
49,31,almond shells,icp,mg,tiny,,,ppm,650.5,2,1,0.7071067811865476,0.1087020416889389,,,2337
49,31,almond shells,icp,s,tiny,,,ppm,339.5,2,1,4.949747468305833,1.4579521261578299,,,2338
59,37,tomato pomace,icp,nd,oakleaf,,,ppm,3.5149999999999997,2,1,0.049497474683058214,1.408178511609053,,,2339
59,37,tomato pomace,icp,mg,oakleaf,,,ppm,2213.3333333333335,3,2,35.11884584284247,1.5866948422970995,3.5355339059327378,0.1597379776776839,"2340,2347"
59,37,tomato pomace,icp,al,oakleaf,,,ppm,3.24,2,1,0.33941125496954283,10.475656017578482,,,2341
59,37,tomato pomace,icp,p,oakleaf,,,ppm,3410.0,3,2,390.0,11.436950146627565,222.73863607376248,6.531924811547286,"2342,2365"
59,37,tomato pomace,icp,s,oakleaf,,,ppm,1596.6666666666667,3,2,98.65765724632494,6.178976445490079,120.20815280171308,7.528694329961152,"2343,2366"
59,37,tomato pomace,icp,zn,oakleaf,,,ppm,35.300000000000004,3,2,6.683561924602779,18.933603185843566,3.6062445840513933,10.215990323091765,"2344,2353"
59,37,tomato pomace,icp,ca,oakleaf,,,ppm,1526.6666666666667,3,2,83.2666399786453,5.45414672349205,28.284271247461902,1.8526815227595133,"2345,2356"
59,37,tomato pomace,icp,mg,oakleaf,,,pc,0.221,1,1,,,,,2346
59,37,tomato pomace,icp,k,oakleaf,,,ppm,6240.0,3,2,393.44631145812,6.305229350290385,381.8376618407357,6.119193298729739,"2348,2350"
59,37,tomato pomace,icp,k,oakleaf,,,pc,0.66,1,1,,,,,2349
59,37,tomato pomace,icp,cu,oakleaf,,,ppm,9.533333333333333,3,2,1.266227994214839,13.28211182742838,1.5202795795510775,15.946988596689623,"2351,2359"
59,37,tomato pomace,icp,si,oakleaf,,,ppm,8.5,2,1,2.1213203435596424,24.956709924231088,,,2352
59,37,tomato pomace,icp,ti,oakleaf,,,ppm,3.5149999999999997,2,1,0.049497474683058214,1.408178511609053,,,2354
59,37,tomato pomace,icp,na,oakleaf,,,ppm,765.0,2,1,21.213203435596427,2.77296776935901,,,2355
59,37,tomato pomace,icp,ca,oakleaf,,,pc,0.15,1,1,,,,,2357
59,37,tomato pomace,icp,mn,oakleaf,,,ppm,35.800000000000004,3,2,3.304542328371661,9.23056516304933,1.697056274847713,4.740380655999197,"2358,2363"
59,37,tomato pomace,icp,fe,oakleaf,,,ppm,37.7,3,2,44.642916571389016,118.41622432729181,54.6239988466608,144.89124362509494,"2360,2362"
59,37,tomato pomace,icp,b,oakleaf,,,ppm,13.5,1,1,,,,,2361
59,37,tomato pomace,icp,p,oakleaf,,,pc,0.362,1,1,,,,,2364
48,25,almond hulls,icp,na,vibrant,,,ppm,-133.8,2,1,121.9052090765608,-91.11002173136083,,,2367
48,25,almond hulls,icp,al,vibrant,,,ppm,13.0,2,1,2.8284271247461903,21.757131728816848,,,2368
48,25,almond hulls,icp,fe,vibrant,,,ppm,12.649999999999999,2,1,2.7577164466275357,21.8001300128659,,,2369
48,25,almond hulls,icp,zn,vibrant,,,ppm,3.63,2,1,0.04242640687119289,1.1687715391513194,,,2370
48,25,almond hulls,icp,k,vibrant,,,ppm,17600.0,2,1,1697.0562748477141,9.642365197998377,,,2371
48,25,almond hulls,icp,s,vibrant,,,ppm,203.0,2,1,43.840620433565945,21.596364745598986,,,2372
48,25,almond hulls,icp,mn,vibrant,,,ppm,7.0,2,1,0.0,0.0,,,2373
48,25,almond hulls,icp,si,vibrant,,,ppm,14.5,2,1,4.949747468305833,34.13618943659195,,,2374
48,25,almond hulls,icp,ti,vibrant,,,ppm,0.0,2,1,0.0,,,,2375
48,25,almond hulls,icp,p,vibrant,,,ppm,508.5,2,1,57.27564927611035,11.263647841909606,,,2376
48,25,almond hulls,icp,ca,vibrant,,,ppm,1620.0,2,1,98.99494936611666,6.110799343587448,,,2377
48,25,almond hulls,icp,mg,vibrant,,,ppm,1065.0,2,1,63.63961030678928,5.975550263548289,,,2378
48,25,almond hulls,icp,cu,vibrant,,,ppm,7.0,2,1,0.0,0.0,,,2379
48,25,almond hulls,icp,nd,vibrant,,,ppm,5.5,2,1,2.1213203435596424,38.5694607919935,,,2380
47,31,almond shells,icp,s,vibrant,,,ppm,216.5,2,1,23.33452377915607,10.778071029633288,,,2381
47,31,almond shells,icp,cu,vibrant,,,ppm,11.0,2,1,0.0,0.0,,,2382
47,31,almond shells,icp,k,vibrant,,,ppm,15800.0,2,1,0.0,0.0,,,2383
47,31,almond shells,icp,mg,vibrant,,,ppm,575.5,2,1,2.1213203435596424,0.3686047512701377,,,2384
47,31,almond shells,icp,zn,vibrant,,,ppm,7.15,2,1,0.014142135623731277,0.19779210662561225,,,2385
47,31,almond shells,icp,mn,vibrant,,,ppm,9.0,2,1,2.8284271247461903,31.42696805273545,,,2386
47,31,almond shells,icp,si,vibrant,,,ppm,14.3,2,1,0.0,0.0,,,2387
47,31,almond shells,icp,nd,vibrant,,,ppm,7.0,2,1,0.0,0.0,,,2388
47,31,almond shells,icp,al,vibrant,,,ppm,16.0,2,1,2.8284271247461903,17.67766952966369,,,2389
47,31,almond shells,icp,fe,vibrant,,,ppm,25.0,2,1,4.949747468305833,19.79898987322333,,,2390
47,31,almond shells,icp,na,vibrant,,,ppm,-225.5,2,1,20.506096654409877,-9.093612707055378,,,2391
47,31,almond shells,icp,ca,vibrant,,,ppm,1900.0,2,1,70.71067811865476,3.7216146378239348,,,2392
47,31,almond shells,icp,ti,vibrant,,,ppm,2.0,2,1,2.8284271247461903,141.4213562373095,,,2393
47,31,almond shells,icp,p,vibrant,,,ppm,579.5,2,1,31.81980515339464,5.49090684269105,,,2394
55,22,walnut tree sticks,icp,cu,energetic,,,ppm,34.099999999999994,2,1,2.545584412271572,7.465056927482616,,,2395
55,22,walnut tree sticks,icp,nd,energetic,,,ppm,28.75,2,1,0.07071067811865576,0.24595018476054178,,,2396
55,22,walnut tree sticks,icp,na,energetic,,,ppm,9.0,2,1,2.8284271247461903,31.42696805273545,,,2397
55,22,walnut tree sticks,icp,mg,energetic,,,ppm,1290.0,2,1,56.568542494923804,4.38515833293983,,,2398
55,22,walnut tree sticks,icp,p,energetic,,,ppm,453.5,2,1,112.42997820866105,24.791615922527242,,,2399
55,22,walnut tree sticks,icp,mn,energetic,,,ppm,30.549999999999997,2,1,2.616295090390225,8.563977382619397,,,2400
55,22,walnut tree sticks,icp,fe,energetic,,,ppm,27.0,2,1,2.8284271247461903,10.475656017578483,,,2401
55,22,walnut tree sticks,icp,k,energetic,,,ppm,4325.0,2,1,148.49242404917499,3.43335084506763,,,2402
55,22,walnut tree sticks,icp,zn,energetic,,,ppm,9.0,2,1,2.8284271247461903,31.42696805273545,,,2403
55,22,walnut tree sticks,icp,ti,energetic,,,ppm,3.5949999999999998,2,1,0.007071067811865638,0.19669173329250733,,,2404
55,22,walnut tree sticks,icp,si,energetic,,,ppm,10.5,2,1,4.949747468305833,47.14045207910317,,,2405
55,22,walnut tree sticks,icp,s,energetic,,,ppm,617.0,2,1,59.39696961966999,9.626737377580225,,,2406
55,22,walnut tree sticks,icp,ca,energetic,,,ppm,17450.0,2,1,919.2388155425118,5.2678442151433345,,,2407
55,22,walnut tree sticks,icp,al,energetic,,,ppm,26.95,2,1,2.4748737341529163,9.183204950474643,,,2408
60,37,tomato pomace,icp,nd,pinecrest,,,ppm,7.21,2,1,0.141421356237309,1.961461251557684,,,2409
60,37,tomato pomace,icp,ca,pinecrest,,,pc,0.248,1,1,,,,,2410
60,37,tomato pomace,icp,ca,pinecrest,,,ppm,2593.3333333333335,3,2,126.62279942148386,4.882627227049506,120.20815280171308,4.635275814976083,"2411,2427"
60,37,tomato pomace,icp,k,pinecrest,,,ppm,20633.333333333332,3,2,351.18845842842467,1.702044225016598,35.35533905932738,0.17135059317929263,"2412,2431"
60,37,tomato pomace,icp,p,pinecrest,,,ppm,2583.3333333333335,3,2,40.414518843273804,1.5644329874815666,7.0710678118654755,0.27371875400769585,"2413,2423"
60,37,tomato pomace,icp,mn,pinecrest,,,ppm,18.633333333333336,3,2,1.0408329997330665,5.585865830410016,1.2374368670764582,6.6409849753656065,"2414,2434"
60,37,tomato pomace,icp,mg,pinecrest,,,ppm,1640.0,3,2,90.0,5.487804878048781,0.0,0.0,"2415,2420"
60,37,tomato pomace,icp,mg,pinecrest,,,pc,0.164,1,1,,,,,2416
60,37,tomato pomace,icp,zn,pinecrest,,,ppm,23.96666666666667,3,2,3.4063665882187912,14.212934304111785,4.171930009000629,17.40721839638649,"2417,2436"
60,37,tomato pomace,icp,cu,pinecrest,,,ppm,15.199999999999998,3,2,1.4000000000000008,9.21052631578948,1.6970562748477143,11.164843913471806,"2418,2428"
60,37,tomato pomace,icp,ti,pinecrest,,,ppm,3.65,2,1,0.0,0.0,,,2419
60,37,tomato pomace,icp,s,pinecrest,,,ppm,1653.3333333333333,3,2,40.414518843273804,2.4444265429399477,45.96194077712559,2.7799560953906606,"2421,2426"
60,37,tomato pomace,icp,al,pinecrest,,,ppm,16.2,2,1,2.2627416997969525,13.967541356771312,,,2422
60,37,tomato pomace,icp,p,pinecrest,,,pc,0.259,1,1,,,,,2424
60,37,tomato pomace,icp,na,pinecrest,,,ppm,1485.0,2,1,63.63961030678928,4.2854956435548335,,,2425
60,37,tomato pomace,icp,b,pinecrest,,,ppm,14.6,1,1,,,,,2429
60,37,tomato pomace,icp,fe,pinecrest,,,ppm,25.066666666666666,3,2,31.29238459007772,124.83664065190581,38.32518754031088,152.8930354001764,"2430,2435"
60,37,tomato pomace,icp,k,pinecrest,,,pc,2.06,1,1,,,,,2432
60,37,tomato pomace,icp,si,pinecrest,,,ppm,13.0,2,1,2.8284271247461903,21.757131728816848,,,2433
61,37,tomato pomace,icp,ca,riverstone,,,ppm,1785.0,4,2,353.1288716601915,19.783130064996723,431.335136523794,24.164433418699943,"2437,2439"
61,37,tomato pomace,icp,ca,riverstone,,,pc,0.209,2,1,0.0014142135623730963,0.6766572068770795,,,2438
61,37,tomato pomace,icp,mn,riverstone,,,ppm,41.025000000000006,4,2,1.0436314802968865,2.543891481528059,1.2374368670764633,3.0162994931784595,"2440,2455"
61,37,tomato pomace,icp,zn,riverstone,,,ppm,24.575,4,2,1.7858238061652854,7.266831357742769,0.8131727983645286,3.3089432283398925,"2441,2458"
61,37,tomato pomace,icp,mg,riverstone,,,pc,0.256,2,1,0.0014142135623730963,0.5524271728019907,,,2442
61,37,tomato pomace,icp,mg,riverstone,,,ppm,2530.0,4,2,60.55300708194983,2.3933994894051316,42.42640687119285,1.676933077912761,"2443,2459"
61,37,tomato pomace,icp,s,riverstone,,,ppm,1705.0,4,2,175.9734828508735,10.321025387148005,212.13203435596427,12.441761545804356,"2444,2456"
61,37,tomato pomace,icp,nd,riverstone,,,ppm,1.84,2,1,2.602152954766495,141.4213562373095,,,2445
61,37,tomato pomace,icp,cu,riverstone,,,ppm,8.899999999999999,4,2,2.426245384677046,27.2611840974949,2.969848480983499,33.36908405599438,"2446,2453"
61,37,tomato pomace,icp,b,riverstone,,,ppm,13.25,2,1,0.3535533905932738,2.668327476175651,,,2447
61,37,tomato pomace,icp,na,riverstone,,,ppm,232.0,2,1,0.0,0.0,,,2448
61,37,tomato pomace,icp,p,riverstone,,,ppm,4250.0,4,2,340.0980250849256,8.002306472586485,388.90872965260115,9.150793638884732,"2449,2451"
61,37,tomato pomace,icp,fe,riverstone,,,ppm,48.8,4,2,39.028878197218695,79.97720942053012,47.80041840821061,97.95167706600536,"2450,2454"
61,37,tomato pomace,icp,p,riverstone,,,pc,0.4525,2,1,0.004949747468305837,1.0938668438244943,,,2452
61,37,tomato pomace,icp,k,riverstone,,,ppm,7360.0,4,2,568.7413002997644,7.727463319290277,692.9646455628166,9.415280510364356,"2457,2463"
61,37,tomato pomace,icp,ti,riverstone,,,ppm,3.6550000000000002,2,1,0.03535533905932756,0.9673143381484969,,,2460
61,37,tomato pomace,icp,al,riverstone,,,ppm,7.33,2,1,0.028284271247461926,0.38587000337601535,,,2461
61,37,tomato pomace,icp,k,riverstone,,,pc,0.785,2,1,0.007071067811865481,0.9007729696643926,,,2462
61,37,tomato pomace,icp,si,riverstone,,,ppm,7.0,2,1,0.0,0.0,,,2464
51,15,almond shells and hulls mix,icp,ti,tiny,,,ppm,1.795,2,1,2.5385133444597057,141.4213562373095,,,2465
51,15,almond shells and hulls mix,icp,si,tiny,,,ppm,18.0,2,1,0.0,0.0,,,2466
51,15,almond shells and hulls mix,icp,zn,tiny,,,ppm,6.866666666666667,3,2,0.23094010767585052,3.363205451590056,0.2828427124746193,4.119068628271155,"2467,2474"
51,15,almond shells and hulls mix,icp,mn,tiny,,,ppm,11.0,3,2,0.1999999999999993,1.818181818181812,0.2121320343559635,1.9284730395996683,"2468,2475"
51,15,almond shells and hulls mix,icp,cu,tiny,,,ppm,6.226666666666667,3,2,1.4980431680473474,24.058509122816073,1.831406563273158,29.412310973337657,"2469,2478"
51,15,almond shells and hulls mix,icp,s,tiny,,,ppm,352.0,3,2,59.55669567731239,16.919515817418294,61.518289963229634,17.476786921372057,"2470,2483"
51,15,almond shells and hulls mix,icp,mg,tiny,,,ppm,885.6666666666666,3,2,75.34144499100965,8.506749528529506,89.44900782009826,10.099624518641129,"2471,2485"
51,15,almond shells and hulls mix,icp,k,tiny,,,pc,3.23,1,1,,,,,2472
51,15,almond shells and hulls mix,icp,k,tiny,,,ppm,27733.333333333332,3,2,3980.368492154129,14.352290236132678,4843.681451127851,17.465197540124464,"2473,2476"
51,15,almond shells and hulls mix,icp,ca,tiny,,,ppm,2146.6666666666665,3,2,251.46238950056394,11.714086467417575,300.5203820042827,13.999396677218137,"2477,2490"
51,15,almond shells and hulls mix,icp,p,tiny,,,ppm,1085.0,3,2,196.03826157156158,18.06804254115775,238.64853865045978,21.995257018475556,"2479,2482"
51,15,almond shells and hulls mix,icp,al,tiny,,,ppm,14.7,2,1,0.42426406871192823,2.8861501272920287,,,2480
51,15,almond shells and hulls mix,icp,p,tiny,,,pc,0.131,1,1,,,,,2481
51,15,almond shells and hulls mix,icp,mg,tiny,,,pc,0.097,1,1,,,,,2484
51,15,almond shells and hulls mix,icp,fe,tiny,,,ppm,48.1,3,2,51.87513855403183,107.84852090235306,63.5335442896113,132.08637066447255,"2486,2489"
51,15,almond shells and hulls mix,icp,na,tiny,,,ppm,-98.5,2,1,144.95689014324225,-147.16435547537284,,,2487
51,15,almond shells and hulls mix,icp,nd,tiny,,,ppm,8.99,2,1,2.559726547895303,28.473042801949976,,,2488
51,15,almond shells and hulls mix,icp,ca,tiny,,,pc,0.243,1,1,,,,,2491
51,15,almond shells and hulls mix,icp,b,tiny,,,ppm,105.0,1,1,,,,,2492
57,19,walnut shells,icp,na,energetic,,,ppm,-73.0,2,1,2.8284271247461903,-3.8745577051317674,,,2493
57,19,walnut shells,icp,fe,energetic,,,ppm,21.766666666666666,3,2,16.120277086121483,74.05946593930237,19.657568516986018,90.31042197696486,"2494,2512"
57,19,walnut shells,icp,mg,energetic,,,ppm,243.33333333333334,3,2,18.147543451754935,7.457894569214356,17.67766952966369,7.2647956971220635,"2495,2506"
57,19,walnut shells,icp,mn,energetic,,,ppm,6.613333333333333,3,2,0.8775724091682314,13.269744090245435,1.0748023074035526,16.252051019206945,"2496,2520"
57,19,walnut shells,icp,s,energetic,,,ppm,158.0,3,2,1.7320508075688772,1.0962346883347323,2.1213203435596424,1.3426078123795204,"2497,2500"
57,19,walnut shells,icp,al,energetic,,,ppm,7.12,2,1,0.0,0.0,,,2498
57,19,walnut shells,icp,zn,energetic,,,ppm,3.9,3,2,0.17320508075688762,4.441155916843273,0.21213203435596414,5.439282932204209,"2499,2505"
57,19,walnut shells,icp,cu,energetic,,,ppm,6.213333333333334,3,2,1.570392732195782,25.274561140490054,1.9233304448274091,30.95488913348834,"2501,2508"
57,19,walnut shells,icp,ca,energetic,,,ppm,1873.3333333333333,3,2,185.8314648635514,9.919829085242956,219.20310216782974,11.701233211805858,"2502,2518"
57,19,walnut shells,icp,nd,energetic,,,ppm,7.12,2,1,0.0,0.0,,,2503
57,19,walnut shells,icp,b,energetic,,,ppm,10.1,1,1,,,,,2504
57,19,walnut shells,icp,mg,energetic,,,pc,0.026,1,1,,,,,2507
57,19,walnut shells,icp,k,energetic,,,ppm,3376.6666666666665,3,2,370.7200201409864,10.97887522628785,449.01280605345767,13.297516467525893,"2509,2516"
57,19,walnut shells,icp,ti,energetic,,,ppm,0.0,2,1,0.0,,,,2510
57,19,walnut shells,icp,p,energetic,,,ppm,219.66666666666666,3,2,40.253364248635584,18.324748519864457,32.17335854398791,14.646445467672798,"2511,2515"
57,19,walnut shells,icp,si,energetic,,,ppm,11.0,2,1,0.0,0.0,,,2513
57,19,walnut shells,icp,p,energetic,,,pc,0.025,1,1,,,,,2514
57,19,walnut shells,icp,k,energetic,,,pc,0.38,1,1,,,,,2517
57,19,walnut shells,icp,ca,energetic,,,pc,0.208,1,1,,,,,2519
72,35,almond branches,icp,s,humorous,,,ppm,269.5,2,1,61.518289963229634,22.826823734036967,,,2521
72,35,almond branches,icp,zn,humorous,,,ppm,16.4,2,1,2.545584412271571,15.52185617238763,,,2522
72,35,almond branches,icp,ti,humorous,,,ppm,2.0,2,1,2.8284271247461903,141.4213562373095,,,2523
72,35,almond branches,icp,mg,humorous,,,ppm,824.0,2,1,53.74011537017761,6.521858661429322,,,2524
72,35,almond branches,icp,al,humorous,,,ppm,25.5,2,1,4.949747468305833,19.41077438551307,,,2525
72,35,almond branches,icp,fe,humorous,,,ppm,41.55,2,1,2.1920310216782983,5.275646261560285,,,2526
72,35,almond branches,icp,p,humorous,,,ppm,184.5,2,1,3.5355339059327378,1.9162785398009419,,,2527
72,35,almond branches,icp,si,humorous,,,ppm,14.5,2,1,0.141421356237309,0.9753196981883379,,,2528
72,35,almond branches,icp,nd,humorous,,,ppm,14.5,2,1,0.7071067811865476,4.876598490941707,,,2529
72,35,almond branches,icp,cu,humorous,,,ppm,16.0,2,1,2.8284271247461903,17.67766952966369,,,2530
72,35,almond branches,icp,mn,humorous,,,ppm,25.25,2,1,0.3535533905932738,1.4002114478941534,,,2531
72,35,almond branches,icp,k,humorous,,,ppm,2250.0,1,1,,,,,2532
72,35,almond branches,icp,ca,humorous,,,ppm,6375.0,2,1,233.3452377915607,3.660317455553893,,,2533
72,35,almond branches,icp,na,humorous,,,ppm,-212.0,1,1,,,,,2534
63,34,grape stem,icp,mn,maplewood,,,ppm,96.6,2,1,2.545584412271577,2.6351805510057735,,,2535
63,34,grape stem,icp,s,maplewood,,,ppm,690.0,2,1,8.48528137423857,1.2297509238026911,,,2536
63,34,grape stem,icp,al,maplewood,,,ppm,9.15,2,1,2.4748737341529163,27.047800373255914,,,2537
63,34,grape stem,icp,zn,maplewood,,,ppm,11.0,2,1,0.0,0.0,,,2538
63,34,grape stem,icp,ca,maplewood,,,ppm,6525.0,2,1,120.20815280171308,1.8422705410224227,,,2539
63,34,grape stem,icp,mg,maplewood,,,ppm,1745.0,2,1,106.06601717798213,6.0782817867038474,,,2540
63,34,grape stem,icp,si,maplewood,,,ppm,36.5,2,1,0.7071067811865476,1.9372788525658837,,,2541
63,34,grape stem,icp,cu,maplewood,,,ppm,7.29,2,1,0.0,0.0,,,2542
63,34,grape stem,icp,nd,maplewood,,,ppm,10.95,2,1,0.0707106781186545,0.645759617521959,,,2543
63,34,grape stem,icp,ti,maplewood,,,ppm,3.665,2,1,0.0212132034355966,0.5788050050640272,,,2544
63,34,grape stem,icp,na,maplewood,,,ppm,40.5,2,1,4.949747468305833,12.221598687174895,,,2545
63,34,grape stem,icp,k,maplewood,,,ppm,30800.0,2,1,989.9494936611666,3.2141217326661256,,,2546
63,34,grape stem,icp,fe,maplewood,,,ppm,31.0,2,1,7.0710678118654755,22.809896167307986,,,2547
63,34,grape stem,icp,p,maplewood,,,ppm,3135.0,2,1,91.92388155425118,2.9321812298006757,,,2548
316,125,#n/a,icp,s,,,,ppm,2890.0,1,1,,,,,2549
316,125,#n/a,icp,mg,,,,pc,0.353,1,1,,,,,2550
316,125,#n/a,icp,mg,,,,ppm,3530.0,1,1,,,,,2551
316,125,#n/a,icp,k,,,,pc,1.07,1,1,,,,,2552
316,125,#n/a,icp,k,,,,ppm,10700.0,1,1,,,,,2553
316,125,#n/a,icp,p,,,,ppm,2500.0,1,1,,,,,2554
316,125,#n/a,icp,p,,,,pc,0.25,1,1,,,,,2555
316,125,#n/a,icp,cu,,,,ppm,8.5,1,1,,,,,2556
316,125,#n/a,icp,mn,,,,ppm,26.2,1,1,,,,,2557
316,125,#n/a,icp,b,,,,ppm,44.8,1,1,,,,,2558
316,125,#n/a,icp,fe,,,,ppm,203.0,1,1,,,,,2559
316,125,#n/a,icp,ca,,,,ppm,17300.0,1,1,,,,,2560
316,125,#n/a,icp,ca,,,,pc,1.73,1,1,,,,,2561
316,125,#n/a,icp,zn,,,,ppm,20.1,1,1,,,,,2562
54,12,almond woodchips,icp,si,popular,,,ppm,14.0,2,1,0.0,0.0,,,2563
54,12,almond woodchips,icp,al,popular,,,ppm,25.15,2,1,0.07071067811865325,0.28115577780776646,,,2564
54,12,almond woodchips,icp,cu,popular,,,ppm,7.19,2,1,5.105310960166873,71.0057157185935,,,2565
54,12,almond woodchips,icp,mg,popular,,,ppm,578.5,2,1,12.020815280171307,2.077928311179137,,,2566
54,12,almond woodchips,icp,ca,popular,,,ppm,3320.0,2,1,14.142135623730951,0.4259679404738238,,,2567
54,12,almond woodchips,icp,mn,popular,,,ppm,16.15,2,1,2.616295090390225,16.199969599939475,,,2568
54,12,almond woodchips,icp,fe,popular,,,ppm,14.0,2,1,0.0,0.0,,,2569
54,12,almond woodchips,icp,p,popular,,,ppm,313.5,2,1,12.020815280171307,3.8343908389701142,,,2570
54,12,almond woodchips,icp,ti,popular,,,ppm,1.79,2,1,2.53144227664784,141.42135623730948,,,2571
54,12,almond woodchips,icp,nd,popular,,,ppm,10.75,2,1,0.07071067811865576,0.6577737499409838,,,2572
54,12,almond woodchips,icp,na,popular,,,ppm,-213.5,2,1,2.1213203435596424,-0.9935926667726661,,,2573
54,12,almond woodchips,icp,s,popular,,,ppm,206.0,2,1,12.727922061357855,6.178602942406726,,,2574
54,12,almond woodchips,icp,zn,popular,,,ppm,12.5,2,1,2.1213203435596424,16.97056274847714,,,2575
54,12,almond woodchips,icp,k,popular,,,ppm,2180.0,2,1,240.41630560342617,11.028270899239732,,,2576
29,6,unused oak stick,icp,ti,maplewood,,,ppm,9.0,2,1,7.0710678118654755,78.56742013183862,,,2577
29,6,unused oak stick,icp,na,maplewood,,,ppm,-10.45,2,1,71.34707422172265,-682.7471217389727,,,2578
29,6,unused oak stick,icp,cu,maplewood,,,ppm,11.0,2,1,9.899494936611665,89.9954085146515,,,2579
29,6,unused oak stick,icp,fe,maplewood,,,ppm,1227.15,2,1,1715.2289191242085,139.7733707471954,,,2580
29,6,unused oak stick,icp,s,maplewood,,,ppm,615.0,2,1,742.4621202458749,120.72554800745934,,,2581
29,6,unused oak stick,icp,k,maplewood,,,ppm,8838.0,2,1,11825.65380856382,133.80463689255285,,,2582
29,6,unused oak stick,icp,mg,maplewood,,,ppm,603.58,2,1,843.4652528705614,139.74373784263253,,,2583
29,6,unused oak stick,icp,ca,maplewood,,,ppm,6600.5,2,1,8908.838336169312,134.9721738681814,,,2584
29,6,unused oak stick,icp,zn,maplewood,,,ppm,10.75,2,1,15.202795795510772,141.4213562373095,,,2585
29,6,unused oak stick,icp,p,maplewood,,,ppm,369.4,2,1,471.7816444076645,127.71565901669315,,,2586
29,6,unused oak stick,icp,nd,maplewood,,,ppm,12.6,2,1,17.819090885900998,141.4213562373095,,,2587
29,6,unused oak stick,icp,si,maplewood,,,ppm,19.75,2,1,2.616295090390228,13.24706374881128,,,2588
29,6,unused oak stick,icp,mn,maplewood,,,ppm,57.35,2,1,51.40666299226201,89.6367271007184,,,2589
29,6,unused oak stick,icp,al,maplewood,,,ppm,232.5,2,1,323.1477990022522,138.98830064613,,,2590
27,26,spent oak chips,icp,cu,maplewood,,,ppm,2.9333333333333336,3,2,1.1547438388375721,39.366267233099045,1.4142135623730951,48.21182598999187,"2591,2597"
27,26,spent oak chips,icp,ti,maplewood,,,ppm,3.5949999999999998,2,1,0.007071067811865638,0.19669173329250733,,,2592
27,26,spent oak chips,icp,ca,maplewood,,,ppm,424.6666666666667,3,2,56.58916268450464,13.325548512834686,69.29646455628166,16.317848796612637,"2593,2614"
27,26,spent oak chips,icp,zn,maplewood,,,ppm,0.4666666666666666,3,2,0.8082903768654761,173.20508075688775,0.9899494936611665,212.1320343559643,"2594,2606"
27,26,spent oak chips,icp,mg,maplewood,,,ppm,48.0,3,2,41.569219381653056,86.60254037844388,50.91168824543142,106.06601717798212,"2595,2613"
27,26,spent oak chips,icp,al,maplewood,,,ppm,7.195,2,1,5.098239892355008,70.85809440382221,,,2596
27,26,spent oak chips,icp,b,maplewood,,,ppm,22.9,1,1,,,,,2598
27,26,spent oak chips,icp,nd,maplewood,,,ppm,3.5949999999999998,2,1,0.007071067811865638,0.19669173329250733,,,2599
27,26,spent oak chips,icp,na,maplewood,,,ppm,-141.5,2,1,129.4005409571382,-91.44914555274784,,,2600
27,26,spent oak chips,icp,p,maplewood,,,pc,0.018,1,1,,,,,2601
27,26,spent oak chips,icp,p,maplewood,,,ppm,162.0,3,2,20.29778313018444,12.52949575937311,19.091883092036785,11.785113019775793,"2602,2616"
27,26,spent oak chips,icp,si,maplewood,,,ppm,18.0,2,1,0.0,0.0,,,2603
27,26,spent oak chips,icp,k,maplewood,,,ppm,1723.3333333333333,3,2,460.9049070397638,26.744965592249354,505.58134854838147,29.33740900667591,"2604,2608"
27,26,spent oak chips,icp,s,maplewood,,,ppm,623.6666666666666,3,2,75.64610587025173,12.12925267828729,91.5703281636579,14.682575333563536,"2605,2611"
27,26,spent oak chips,icp,mn,maplewood,,,ppm,15.1,3,2,1.385640646055101,9.176428119570206,1.6970562748477132,11.238783277137173,"2607,2618"
27,26,spent oak chips,icp,k,maplewood,,,pc,0.22,1,1,,,,,2609
27,26,spent oak chips,icp,fe,maplewood,,,ppm,62.300000000000004,3,2,18.527547058366903,29.73924086415233,21.84959953866432,35.07158834456553,"2610,2617"
27,26,spent oak chips,icp,mg,maplewood,,,pc,0.0,1,1,,,,,2612
27,26,spent oak chips,icp,ca,maplewood,,,pc,0.049,1,1,,,,,2615
53,35,almond branches,icp,mg,vibrant,,,ppm,992.5,2,1,7.7781745930520225,0.7836951731034782,,,2619
53,35,almond branches,icp,mn,vibrant,,,ppm,31.0,2,1,2.8284271247461903,9.123958466923195,,,2620
53,35,almond branches,icp,zn,vibrant,,,ppm,30.75,2,1,2.7577164466275366,8.968183566268412,,,2621
53,35,almond branches,icp,nd,vibrant,,,ppm,16.0,2,1,2.8284271247461903,17.67766952966369,,,2622
53,35,almond branches,icp,fe,vibrant,,,ppm,21.700000000000003,2,1,0.141421356237309,0.65171131906594,,,2623
53,35,almond branches,icp,p,vibrant,,,ppm,425.0,2,1,9.899494936611665,2.3292929262615685,,,2624
53,35,almond branches,icp,al,vibrant,,,ppm,18.0,2,1,0.0,0.0,,,2625
53,35,almond branches,icp,cu,vibrant,,,ppm,32.5,2,1,0.7071067811865476,2.175713172881685,,,2626
53,35,almond branches,icp,k,vibrant,,,ppm,2725.0,2,1,63.63961030678928,2.335398543368414,,,2627
53,35,almond branches,icp,na,vibrant,,,ppm,86.85,2,1,5.58614357137372,6.4319442387722745,,,2628
53,35,almond branches,icp,si,vibrant,,,ppm,10.850000000000001,2,1,0.0707106781186545,0.65171131906594,,,2629
53,35,almond branches,icp,s,vibrant,,,ppm,367.5,2,1,96.87362902255701,26.360171162600547,,,2630
53,35,almond branches,icp,ti,vibrant,,,ppm,0.0,2,1,0.0,,,,2631
53,35,almond branches,icp,ca,vibrant,,,ppm,9555.0,2,1,275.77164466275354,2.886150127292031,,,2632
58,13,walnut hulls,icp,ca,energetic,,,ppm,12600.0,3,2,1493.3184523068078,11.851733748466728,1803.1222920256962,14.31049438115632,"2633,2641"
58,13,walnut hulls,icp,al,energetic,,,ppm,415.5,2,1,21.920310216782973,5.275646261560282,,,2634
58,13,walnut hulls,icp,cu,energetic,,,ppm,20.766666666666666,3,2,1.0969655114602883,5.282337936405883,1.3435028842544392,6.469516296570334,"2635,2647"
58,13,walnut hulls,icp,ti,energetic,,,ppm,14.3,2,1,0.0,0.0,,,2636
58,13,walnut hulls,icp,si,energetic,,,ppm,66.0,2,1,2.8284271247461903,4.285495643554834,,,2637
58,13,walnut hulls,icp,mg,energetic,,,ppm,1340.0,3,2,363.86810797320504,27.154336415910823,445.47727214752496,33.24457254832276,"2638,2656"
58,13,walnut hulls,icp,p,energetic,,,pc,0.103,1,1,,,,,2639
58,13,walnut hulls,icp,p,energetic,,,ppm,861.3333333333334,3,2,198.22293846407717,23.013499047686977,178.89801564019652,20.76989345667916,"2640,2650"
58,13,walnut hulls,icp,ca,energetic,,,pc,1.43,1,1,,,,,2642
58,13,walnut hulls,icp,k,energetic,,,ppm,17600.0,3,2,1216.552506059644,6.912230148066159,1484.9242404917497,8.437069548248578,"2643,2658"
58,13,walnut hulls,icp,na,energetic,,,ppm,34.0,2,1,2.8284271247461903,8.31890330807703,,,2644
58,13,walnut hulls,icp,fe,energetic,,,ppm,4450.0,3,2,3801.93371851746,85.43671277567326,4656.298154113416,104.63591357558238,"2645,2653"
58,13,walnut hulls,icp,zn,energetic,,,ppm,24.166666666666668,3,2,4.645786621588785,19.22394464105704,5.656854249492381,23.407672756520196,"2646,2652"
58,13,walnut hulls,icp,nd,energetic,,,ppm,25.0,2,1,0.0,0.0,,,2648
58,13,walnut hulls,icp,s,energetic,,,ppm,1113.3333333333333,3,2,137.96134724383253,12.391737776392144,166.17009357883867,14.925457507081319,"2649,2654"
58,13,walnut hulls,icp,mn,energetic,,,ppm,97.36666666666667,3,2,20.755802401577576,21.317154126919796,25.066935393063112,25.744884005200042,"2651,2660"
58,13,walnut hulls,icp,mg,energetic,,,pc,0.176,1,1,,,,,2655
58,13,walnut hulls,icp,b,energetic,,,ppm,39.5,1,1,,,,,2657
58,13,walnut hulls,icp,k,energetic,,,pc,1.9,1,1,,,,,2659
22,1,spent yeast,icp,fe,maplewood,,,ppm,133.0,2,1,9.899494936611665,7.443229275647869,,,2661
22,1,spent yeast,icp,s,maplewood,,,ppm,1440.0,2,1,14.142135623730951,0.9820927516479828,,,2662
22,1,spent yeast,icp,nd,maplewood,,,ppm,14.55,2,1,0.2121320343559635,1.4579521261578248,,,2663
22,1,spent yeast,icp,na,maplewood,,,ppm,-189.5,2,1,7.7781745930520225,-4.104577621663337,,,2664
22,1,spent yeast,icp,mn,maplewood,,,ppm,10.9,2,1,0.141421356237309,1.2974436352046699,,,2665
22,1,spent yeast,icp,ti,maplewood,,,ppm,0.0,2,1,0.0,,,,2666
22,1,spent yeast,icp,p,maplewood,,,ppm,2540.0,2,1,226.27416997969522,8.908431888964378,,,2667
22,1,spent yeast,icp,si,maplewood,,,ppm,9.0,2,1,2.8284271247461903,31.42696805273545,,,2668
22,1,spent yeast,icp,zn,maplewood,,,ppm,32.0,2,1,0.0,0.0,,,2669
22,1,spent yeast,icp,ca,maplewood,,,ppm,5580.0,2,1,197.9898987322333,3.5482060704701315,,,2670
22,1,spent yeast,icp,al,maplewood,,,ppm,85.55,2,1,1.4849242404917458,1.7357384459283995,,,2671
22,1,spent yeast,icp,k,maplewood,,,ppm,84900.0,2,1,3676.9552621700473,4.330924925995344,,,2672
22,1,spent yeast,icp,mg,maplewood,,,ppm,499.0,2,1,22.627416997969522,4.534552504603111,,,2673
22,1,spent yeast,icp,cu,maplewood,,,ppm,18.25,2,1,5.444722215136417,29.83409432951461,,,2674
62,23,grape pomace,icp,p,maplewood,,,ppm,2540.0,4,2,423.24145984689795,16.663049600271574,516.1879502661797,20.322360246699986,"2675,2678"
62,23,grape pomace,icp,ti,maplewood,,,ppm,1.85,2,1,2.616295090390226,141.4213562373095,,,2676
62,23,grape pomace,icp,al,maplewood,,,ppm,16.450000000000003,2,1,2.333452377915607,14.185120838392745,,,2677
62,23,grape pomace,icp,p,maplewood,,,pc,0.2905,2,1,0.0021213203435596446,0.7302307550979844,,,2679
62,23,grape pomace,icp,fe,maplewood,,,ppm,148.0,4,2,176.53328298085887,119.27924525733708,196.5756851698602,132.8214088985542,"2680,2701"
62,23,grape pomace,icp,ca,maplewood,,,ppm,4882.5,4,2,605.8258825768341,12.408108194097986,717.7133829043457,14.699710863376255,"2681,2692"
62,23,grape pomace,icp,si,maplewood,,,ppm,20.0,2,1,2.8284271247461903,14.142135623730951,,,2682
62,23,grape pomace,icp,cu,maplewood,,,ppm,13.775,4,2,1.8892238265135943,13.714873513710305,1.3788582233137672,10.009860060354027,"2683,2694"
62,23,grape pomace,icp,k,maplewood,,,ppm,18350.0,4,2,2396.525262402492,13.060083173855542,2757.7164466275353,15.028427502057411,"2684,2699"
62,23,grape pomace,icp,k,maplewood,,,pc,2.03,2,1,0.14142135623730948,6.966569272773866,,,2685
62,23,grape pomace,icp,zn,maplewood,,,ppm,12.575,4,2,1.8409689477736084,14.639912109531677,2.227386360737625,17.712814001889665,"2686,2688"
62,23,grape pomace,icp,s,maplewood,,,ppm,1420.0,4,2,190.78784028338913,13.43576340023867,226.27416997969522,15.934800702795437,"2687,2702"
62,23,grape pomace,icp,mg,maplewood,,,ppm,1088.75,4,2,84.69307330984434,7.7789275141074015,100.76271631908303,9.254899317481794,"2689,2696"
62,23,grape pomace,icp,mg,maplewood,,,pc,0.116,2,1,0.0014142135623730963,1.2191496227354277,,,2690
62,23,grape pomace,icp,ca,maplewood,,,pc,0.539,2,1,0.02545584412271573,4.722791117386963,,,2691
62,23,grape pomace,icp,mn,maplewood,,,ppm,45.425,4,2,4.201091128107869,9.248411949604556,4.70226009489054,10.351700814288476,"2693,2698"
62,23,grape pomace,icp,nd,maplewood,,,ppm,7.325,2,1,0.10606601717798238,1.448000234511705,,,2695
62,23,grape pomace,icp,na,maplewood,,,ppm,-138.0,2,1,117.37972567696688,-85.05777222968615,,,2697
62,23,grape pomace,icp,b,maplewood,,,ppm,26.65,2,1,1.2020815280171302,4.5106248706083685,,,2700
1,37,tomato pomace,xrd,crystallinity,oakleaf,freeze dry,,%,54.95,1,1,,,,,2703
2,37,tomato pomace,xrd,crystallinity,oakleaf,oven dry,,%,52.849999999999994,2,1,0.9899494936611655,1.873130546189528,,,2704
6,37,tomato pomace,xrd,crystallinity,pinecrest,oven dry,,%,56.25,3,1,0.46000000000000085,0.8177777777777793,,,2705
10,37,tomato pomace,xrd,crystallinity,riverstone,oven dry,,%,53.346666666666664,3,1,0.41501004003919306,0.7779493377390523,,,2706
14,23,grape pomace,xrd,crystallinity,maplewood,oven dry,,%,55.77,3,1,1.9800000000000004,3.5502958579881665,,,2707
18,34,grape stem,xrd,crystallinity,maplewood,oven dry,,%,52.00333333333333,3,1,2.075002008031156,3.9901326992458617,,,2708
22,1,spent yeast,xrd,crystallinity,maplewood,oven dry,,%,60.14000000000001,3,1,0.5700000000000003,0.9477884935151316,,,2709
27,26,spent oak chips,xrd,crystallinity,maplewood,knife mill (2mm),,%,52.74333333333334,3,1,0.7850053078376819,1.488349822102664,,,2710
29,6,unused oak stick,xrd,crystallinity,maplewood,knife mill (2mm),,%,59.43,3,1,0.259999999999998,0.43748948342587585,,,2711
32,23,grape pomace,xrd,crystallinity,ebony,oven dry,,%,56.22666666666666,3,1,1.5750026455004231,2.8011666685447416,,,2712
