record_id,resource_id,resource_type,sample_id,experiment_id,analysis_type,parameter,value,unit,technical_replicate_no,technical_replicate_total,method_id,method,analyst_id,analyst_name,analyst_email,lab,existing_QC_status,note,created_at,protocol_version
(03)1e07,25,almond hulls,50,41,compositional,glucose,30.63,% dry weight,1,,38,knife mill (2mm),14.0,,xkang2@lbl.gov,tiny,pass,,2026-07-17 19:04:01.178192,
(03)1f0b,25,almond hulls,50,41,compositional,xylan,17.46,% dry weight,3,,38,knife mill (2mm),14.0,,xkang2@lbl.gov,tiny,pass,,2026-07-17 19:04:01.178192,
(03)677d,25,almond hulls,50,41,compositional,lignin,19.47,% dry weight,1,,38,knife mill (2mm),14.0,,xkang2@lbl.gov,tiny,pass,,2026-07-17 19:04:01.178192,
(03)8660,25,almond hulls,50,41,compositional,xylose,19.7,% dry weight,2,,38,knife mill (2mm),14.0,,xkang2@lbl.gov,tiny,pass,,2026-07-17 19:04:01.178192,
(03)8c53,25,almond hulls,50,41,compositional,glucose,31.27,% dry weight,3,,38,knife mill (2mm),14.0,,xkang2@lbl.gov,tiny,pass,,2026-07-17 19:04:01.178192,
(03)9a1e,25,almond hulls,50,41,compositional,lignin,19.86,% dry weight,2,,38,knife mill (2mm),14.0,,xkang2@lbl.gov,tiny,pass,,2026-07-17 19:04:01.178192,
(03)9fbf,25,almond hulls,50,41,compositional,glucan,27.57,% dry weight,1,,38,knife mill (2mm),14.0,,xkang2@lbl.gov,tiny,pass,,2026-07-17 19:04:01.178192,
(03)ad41,25,almond hulls,50,41,compositional,lignin,19.15,% dry weight,3,,38,knife mill (2mm),14.0,,xkang2@lbl.gov,tiny,pass,,2026-07-17 19:04:01.178192,
(03)b32d,25,almond hulls,50,41,compositional,xylan,17.34,% dry weight,2,,38,knife mill (2mm),14.0,,xkang2@lbl.gov,tiny,pass,,2026-07-17 19:04:01.178192,
(03)d213,25,almond hulls,50,41,compositional,xylose,19.31,% dry weight,1,,38,knife mill (2mm),14.0,,xkang2@lbl.gov,tiny,pass,,2026-07-17 19:04:01.178192,
(03)d898,25,almond hulls,50,41,compositional,glucan,27.47,% dry weight,2,,38,knife mill (2mm),14.0,,xkang2@lbl.gov,tiny,pass,,2026-07-17 19:04:01.178192,
(03)e36d,25,almond hulls,50,41,compositional,xylan,16.99,% dry weight,1,,38,knife mill (2mm),14.0,,xkang2@lbl.gov,tiny,pass,,2026-07-17 19:04:01.178192,
(03)e546,25,almond hulls,50,41,compositional,xylose,19.84,% dry weight,3,,38,knife mill (2mm),14.0,,xkang2@lbl.gov,tiny,pass,,2026-07-17 19:04:01.178192,
(03)f1df,25,almond hulls,50,41,compositional,glucan,28.15,% dry weight,3,,38,knife mill (2mm),14.0,,xkang2@lbl.gov,tiny,pass,,2026-07-17 19:04:01.178192,
(03)fa75,25,almond hulls,50,41,compositional,glucose,30.52,% dry weight,2,,38,knife mill (2mm),14.0,,xkang2@lbl.gov,tiny,pass,,2026-07-17 19:04:01.178192,
(04)0340,31,almond shells,148,27,compositional,lignin,30.02,% dry weight,3,,38,knife mill (2mm),,,,capstan,pass,,2026-07-17 19:04:01.178192,
(04)2869,31,almond shells,148,27,compositional,lignin,30.99,% dry weight,1,,38,knife mill (2mm),,,,capstan,pass,,2026-07-17 19:04:01.178192,
(04)5f38,31,almond shells,148,27,compositional,glucan,20.18,% dry weight,3,,38,knife mill (2mm),,,,capstan,pass,,2026-07-17 19:04:01.178192,
(04)68e4,31,almond shells,148,27,compositional,xylan,15.17,% dry weight,3,,38,knife mill (2mm),,,,capstan,pass,,2026-07-17 19:04:01.178192,
(04)6ff4,31,almond shells,148,27,compositional,xylan,17.03,% dry weight,2,,38,knife mill (2mm),,,,capstan,pass,,2026-07-17 19:04:01.178192,
(04)8000,31,almond shells,148,27,compositional,glucan,22.18,% dry weight,2,,38,knife mill (2mm),,,,capstan,pass,,2026-07-17 19:04:01.178192,
(04)8271,31,almond shells,148,27,compositional,glucan,21.56,% dry weight,1,,38,knife mill (2mm),,,,capstan,pass,,2026-07-17 19:04:01.178192,
(04)a7a4,31,almond shells,148,27,compositional,glucose,22.42,% dry weight,3,,38,knife mill (2mm),,,,capstan,pass,,2026-07-17 19:04:01.178192,
(04)aa6b,31,almond shells,148,27,compositional,xylose,19.35,% dry weight,2,,38,knife mill (2mm),,,,capstan,pass,,2026-07-17 19:04:01.178192,
(04)c1d7,31,almond shells,148,27,compositional,xylose,17.24,% dry weight,3,,38,knife mill (2mm),,,,capstan,pass,,2026-07-17 19:04:01.178192,
(04)c311,31,almond shells,148,27,compositional,glucose,23.95,% dry weight,1,,38,knife mill (2mm),,,,capstan,pass,,2026-07-17 19:04:01.178192,
(04)d679,31,almond shells,148,27,compositional,xylan,17.04,% dry weight,1,,38,knife mill (2mm),,,,capstan,pass,,2026-07-17 19:04:01.178192,
(04)e941,31,almond shells,148,27,compositional,xylose,19.37,% dry weight,1,,38,knife mill (2mm),,,,capstan,pass,,2026-07-17 19:04:01.178192,
(04)ec17,31,almond shells,148,27,compositional,glucose,24.64,% dry weight,2,,38,knife mill (2mm),,,,capstan,pass,,2026-07-17 19:04:01.178192,
(04)ef2c,31,almond shells,148,27,compositional,lignin,30.71,% dry weight,2,,38,knife mill (2mm),,,,capstan,pass,,2026-07-17 19:04:01.178192,
(0a)0950,37,tomato pomace,96,29,compositional,xylose,7.14,% dry weight,1,,33,oven dry + knife mill (2mm),,,,pinecrest,,,2026-07-17 19:04:01.178192,
(0a)16e9,37,tomato pomace,96,29,compositional,glucose,16.24,% dry weight,3,,33,oven dry + knife mill (2mm),,,,pinecrest,,,2026-07-17 19:04:01.178192,
(0a)261e,37,tomato pomace,96,29,compositional,xylose,9.59,% dry weight,3,,33,oven dry + knife mill (2mm),,,,pinecrest,,,2026-07-17 19:04:01.178192,
(0a)295a,37,tomato pomace,96,29,compositional,glucose,15.46,% dry weight,2,,33,oven dry + knife mill (2mm),,,,pinecrest,,,2026-07-17 19:04:01.178192,
(0a)3735,37,tomato pomace,96,29,compositional,glucose,14.54,% dry weight,1,,33,oven dry + knife mill (2mm),,,,pinecrest,,,2026-07-17 19:04:01.178192,
(0a)66c7,37,tomato pomace,96,29,compositional,xylan,6.85,% dry weight,2,,33,oven dry + knife mill (2mm),,,,pinecrest,,,2026-07-17 19:04:01.178192,
(0a)719f,37,tomato pomace,96,29,compositional,glucan,13.08,% dry weight,1,,33,oven dry + knife mill (2mm),,,,pinecrest,,,2026-07-17 19:04:01.178192,
(0a)7a1b,37,tomato pomace,96,29,compositional,lignin,32.2,% dry weight,3,,33,oven dry + knife mill (2mm),,,,pinecrest,,,2026-07-17 19:04:01.178192,
(0a)afd7,37,tomato pomace,96,29,compositional,glucan,13.92,% dry weight,2,,33,oven dry + knife mill (2mm),,,,pinecrest,,,2026-07-17 19:04:01.178192,
(0a)b2cd,37,tomato pomace,96,29,compositional,xylan,8.44,% dry weight,3,,33,oven dry + knife mill (2mm),,,,pinecrest,,,2026-07-17 19:04:01.178192,
(0a)bfa4,37,tomato pomace,96,29,compositional,glucan,14.61,% dry weight,3,,33,oven dry + knife mill (2mm),,,,pinecrest,,,2026-07-17 19:04:01.178192,
(0a)c0df,37,tomato pomace,96,29,compositional,xylan,6.28,% dry weight,1,,33,oven dry + knife mill (2mm),,,,pinecrest,,,2026-07-17 19:04:01.178192,
(0a)d246,37,tomato pomace,96,29,compositional,lignin,33.42,% dry weight,1,,33,oven dry + knife mill (2mm),,,,pinecrest,,,2026-07-17 19:04:01.178192,
(0a)e6b0,37,tomato pomace,96,29,compositional,lignin,33.12,% dry weight,2,,33,oven dry + knife mill (2mm),,,,pinecrest,,,2026-07-17 19:04:01.178192,
(0a)fd49,37,tomato pomace,96,29,compositional,xylose,7.78,% dry weight,2,,33,oven dry + knife mill (2mm),,,,pinecrest,,,2026-07-17 19:04:01.178192,
(0d)4993,7,sargassum,52,39,compositional,glucan,10.17,% dry weight,1,,39,as is,14.0,,xkang2@lbl.gov,hairpin,pass,,2026-07-17 19:04:01.178192,
(0d)4994,7,sargassum,52,39,compositional,glucan,9.92,% dry weight,2,,39,as is,14.0,,xkang2@lbl.gov,hairpin,pass,,2026-07-17 19:04:01.178192,
(0d)4995,7,sargassum,52,39,compositional,glucan,9.98,% dry weight,3,,39,as is,14.0,,xkang2@lbl.gov,hairpin,pass,,2026-07-17 19:04:01.178192,
(0d)4996,7,sargassum,52,39,compositional,glucose,11.3,% dry weight,1,,39,as is,14.0,,xkang2@lbl.gov,hairpin,pass,,2026-07-17 19:04:01.178192,
(0d)4997,7,sargassum,52,39,compositional,glucose,11.02,% dry weight,2,,39,as is,14.0,,xkang2@lbl.gov,hairpin,pass,,2026-07-17 19:04:01.178192,
(0d)4998,7,sargassum,52,39,compositional,glucose,11.08,% dry weight,3,,39,as is,14.0,,xkang2@lbl.gov,hairpin,pass,,2026-07-17 19:04:01.178192,
(0d)4999,7,sargassum,52,39,compositional,xylan,4.81,% dry weight,1,,39,as is,14.0,,xkang2@lbl.gov,hairpin,pass,,2026-07-17 19:04:01.178192,
(0d)5000,7,sargassum,52,39,compositional,xylan,4.3,% dry weight,2,,39,as is,14.0,,xkang2@lbl.gov,hairpin,pass,,2026-07-17 19:04:01.178192,
(0d)5001,7,sargassum,52,39,compositional,xylan,4.11,% dry weight,3,,39,as is,14.0,,xkang2@lbl.gov,hairpin,pass,,2026-07-17 19:04:01.178192,
(0d)5002,7,sargassum,52,39,compositional,xylose,5.46,% dry weight,1,,39,as is,14.0,,xkang2@lbl.gov,hairpin,pass,,2026-07-17 19:04:01.178192,
(0d)5003,7,sargassum,52,39,compositional,xylose,4.89,% dry weight,2,,39,as is,14.0,,xkang2@lbl.gov,hairpin,pass,,2026-07-17 19:04:01.178192,
(0d)5004,7,sargassum,52,39,compositional,xylose,4.67,% dry weight,3,,39,as is,14.0,,xkang2@lbl.gov,hairpin,pass,,2026-07-17 19:04:01.178192,
(0d)5005,7,sargassum,52,39,compositional,lignin,25.4,% dry weight,1,,39,as is,14.0,,xkang2@lbl.gov,hairpin,pass,,2026-07-17 19:04:01.178192,
(0d)5006,7,sargassum,52,39,compositional,lignin,26.39,% dry weight,2,,39,as is,14.0,,xkang2@lbl.gov,hairpin,pass,,2026-07-17 19:04:01.178192,
(0d)5007,7,sargassum,52,39,compositional,lignin,25.76,% dry weight,3,,39,as is,14.0,,xkang2@lbl.gov,hairpin,pass,,2026-07-17 19:04:01.178192,
(13)0685,31,almond shells,70,38,compositional,lignin,29.45,% dry weight,1,,38,knife mill (2mm),14.0,,xkang2@lbl.gov,humorous,pass,,2026-07-17 19:04:01.178192,
(13)29f0,31,almond shells,70,38,compositional,xylan,15.52,% dry weight,3,,38,knife mill (2mm),14.0,,xkang2@lbl.gov,humorous,pass,,2026-07-17 19:04:01.178192,
(13)2c76,31,almond shells,70,38,compositional,xylose,16.41,% dry weight,2,,38,knife mill (2mm),14.0,,xkang2@lbl.gov,humorous,pass,,2026-07-17 19:04:01.178192,
(13)336e,31,almond shells,70,38,compositional,glucan,20.04,% dry weight,3,,38,knife mill (2mm),14.0,,xkang2@lbl.gov,humorous,pass,,2026-07-17 19:04:01.178192,
(13)3600,31,almond shells,70,38,compositional,lignin,28.53,% dry weight,3,,38,knife mill (2mm),14.0,,xkang2@lbl.gov,humorous,pass,,2026-07-17 19:04:01.178192,
(13)6427,31,almond shells,70,38,compositional,xylose,22.24,% dry weight,1,,38,knife mill (2mm),14.0,,xkang2@lbl.gov,humorous,pass,,2026-07-17 19:04:01.178192,
(13)6f70,31,almond shells,70,38,compositional,xylose,17.63,% dry weight,3,,38,knife mill (2mm),14.0,,xkang2@lbl.gov,humorous,pass,,2026-07-17 19:04:01.178192,
(13)8405,31,almond shells,70,38,compositional,glucose,20.79,% dry weight,2,,38,knife mill (2mm),14.0,,xkang2@lbl.gov,humorous,pass,,2026-07-17 19:04:01.178192,
(13)9bb5,31,almond shells,70,38,compositional,xylan,19.57,% dry weight,1,,38,knife mill (2mm),14.0,,xkang2@lbl.gov,humorous,pass,,2026-07-17 19:04:01.178192,
(13)aaf9,31,almond shells,70,38,compositional,xylan,14.44,% dry weight,2,,38,knife mill (2mm),14.0,,xkang2@lbl.gov,humorous,pass,,2026-07-17 19:04:01.178192,
(13)b5a0,31,almond shells,70,38,compositional,glucan,24.17,% dry weight,1,,38,knife mill (2mm),14.0,,xkang2@lbl.gov,humorous,pass,,2026-07-17 19:04:01.178192,
(13)b6b6,31,almond shells,70,38,compositional,glucan,18.71,% dry weight,2,,38,knife mill (2mm),14.0,,xkang2@lbl.gov,humorous,pass,,2026-07-17 19:04:01.178192,
(13)c9f5,31,almond shells,70,38,compositional,lignin,28.45,% dry weight,2,,38,knife mill (2mm),14.0,,xkang2@lbl.gov,humorous,pass,,2026-07-17 19:04:01.178192,
(13)ce37,31,almond shells,70,38,compositional,glucose,22.26,% dry weight,3,,38,knife mill (2mm),14.0,,xkang2@lbl.gov,humorous,pass,,2026-07-17 19:04:01.178192,
(13)f0ed,31,almond shells,70,38,compositional,glucose,26.86,% dry weight,1,,38,knife mill (2mm),14.0,,xkang2@lbl.gov,humorous,pass,,2026-07-17 19:04:01.178192,
(15)0b07,25,almond hulls,71,38,compositional,glucose,23.56,% dry weight,3,,38,knife mill (2mm),14.0,,xkang2@lbl.gov,humorous,pass,,2026-07-17 19:04:01.178192,
(15)0e88,19,walnut shells,160,37,compositional,lignin,50.24,% dry weight,2,,38,knife mill (2mm),,,,cutaway,pass,,2026-07-17 19:04:01.178192,
(15)1b96,19,walnut shells,160,37,compositional,glucose,12.81,% dry weight,1,,38,knife mill (2mm),,,,cutaway,pass,,2026-07-17 19:04:01.178192,
(15)1c41,25,almond hulls,71,38,compositional,lignin,20.93,% dry weight,2,,38,knife mill (2mm),14.0,,xkang2@lbl.gov,humorous,pass,,2026-07-17 19:04:01.178192,
(15)1ee2,25,almond hulls,71,38,compositional,xylan,10.23,% dry weight,3,,38,knife mill (2mm),14.0,,xkang2@lbl.gov,humorous,pass,,2026-07-17 19:04:01.178192,
(15)2b3c,25,almond hulls,71,38,compositional,lignin,20.79,% dry weight,3,,38,knife mill (2mm),14.0,,xkang2@lbl.gov,humorous,pass,,2026-07-17 19:04:01.178192,
(15)3f87,25,almond hulls,71,38,compositional,glucose,23.27,% dry weight,2,,38,knife mill (2mm),14.0,,xkang2@lbl.gov,humorous,pass,,2026-07-17 19:04:01.178192,
(15)42c9,19,walnut shells,160,37,compositional,lignin,50.35,% dry weight,3,,38,knife mill (2mm),,,,cutaway,pass,,2026-07-17 19:04:01.178192,
(15)44b9,25,almond hulls,71,38,compositional,glucose,24.78,% dry weight,1,,38,knife mill (2mm),14.0,,xkang2@lbl.gov,humorous,pass,,2026-07-17 19:04:01.178192,
(15)50cf,19,walnut shells,160,37,compositional,glucan,11.53,% dry weight,1,,38,knife mill (2mm),,,,cutaway,pass,,2026-07-17 19:04:01.178192,
(15)65e3,25,almond hulls,71,38,compositional,xylan,10.81,% dry weight,1,,38,knife mill (2mm),14.0,,xkang2@lbl.gov,humorous,pass,,2026-07-17 19:04:01.178192,
(15)797a,19,walnut shells,160,37,compositional,glucan,11.84,% dry weight,2,,38,knife mill (2mm),,,,cutaway,pass,,2026-07-17 19:04:01.178192,
(15)7ae4,19,walnut shells,160,37,compositional,xylose,22.96,% dry weight,1,,38,knife mill (2mm),,,,cutaway,pass,,2026-07-17 19:04:01.178192,
(15)849b,25,almond hulls,71,38,compositional,glucan,20.94,% dry weight,2,,38,knife mill (2mm),14.0,,xkang2@lbl.gov,humorous,pass,,2026-07-17 19:04:01.178192,
(15)8611,19,walnut shells,160,37,compositional,xylose,23.19,% dry weight,2,,38,knife mill (2mm),,,,cutaway,pass,,2026-07-17 19:04:01.178192,
(15)8db8,25,almond hulls,71,38,compositional,glucan,22.3,% dry weight,1,,38,knife mill (2mm),14.0,,xkang2@lbl.gov,humorous,pass,,2026-07-17 19:04:01.178192,
(15)93e3,19,walnut shells,160,37,compositional,xylose,22.54,% dry weight,3,,38,knife mill (2mm),,,,cutaway,pass,,2026-07-17 19:04:01.178192,
(15)95c9,19,walnut shells,160,37,compositional,lignin,50.73,% dry weight,1,,38,knife mill (2mm),,,,cutaway,pass,,2026-07-17 19:04:01.178192,
(15)962e,25,almond hulls,71,38,compositional,xylose,11.63,% dry weight,3,,38,knife mill (2mm),14.0,,xkang2@lbl.gov,humorous,pass,,2026-07-17 19:04:01.178192,
(15)968f,25,almond hulls,71,38,compositional,xylose,12.28,% dry weight,1,,38,knife mill (2mm),14.0,,xkang2@lbl.gov,humorous,pass,,2026-07-17 19:04:01.178192,
(15)9c77,19,walnut shells,160,37,compositional,glucose,12.87,% dry weight,3,,38,knife mill (2mm),,,,cutaway,pass,,2026-07-17 19:04:01.178192,
(15)ab15,19,walnut shells,160,37,compositional,glucose,13.16,% dry weight,2,,38,knife mill (2mm),,,,cutaway,pass,,2026-07-17 19:04:01.178192,
(15)b511,19,walnut shells,160,37,compositional,xylan,20.41,% dry weight,2,,38,knife mill (2mm),,,,cutaway,pass,,2026-07-17 19:04:01.178192,
(15)c93b,25,almond hulls,71,38,compositional,glucan,21.2,% dry weight,3,,38,knife mill (2mm),14.0,,xkang2@lbl.gov,humorous,pass,,2026-07-17 19:04:01.178192,
(15)cd40,19,walnut shells,160,37,compositional,xylan,20.21,% dry weight,1,,38,knife mill (2mm),,,,cutaway,pass,,2026-07-17 19:04:01.178192,
(15)d283,25,almond hulls,71,38,compositional,xylose,11.67,% dry weight,2,,38,knife mill (2mm),14.0,,xkang2@lbl.gov,humorous,pass,,2026-07-17 19:04:01.178192,
(15)d582,25,almond hulls,71,38,compositional,lignin,20.4,% dry weight,1,,38,knife mill (2mm),14.0,,xkang2@lbl.gov,humorous,pass,,2026-07-17 19:04:01.178192,
(15)d98b,25,almond hulls,71,38,compositional,xylan,10.27,% dry weight,2,,38,knife mill (2mm),14.0,,xkang2@lbl.gov,humorous,pass,,2026-07-17 19:04:01.178192,
(15)e1e0,19,walnut shells,160,37,compositional,xylan,19.83,% dry weight,3,,38,knife mill (2mm),,,,cutaway,pass,,2026-07-17 19:04:01.178192,
(15)fea0,19,walnut shells,160,37,compositional,glucan,11.58,% dry weight,3,,38,knife mill (2mm),,,,cutaway,pass,,2026-07-17 19:04:01.178192,
(24)0b42,31,almond shells,49,41,compositional,xylose,25.73,% dry weight,2,,38,knife mill (2mm),14.0,,xkang2@lbl.gov,tiny,pass,,2026-07-17 19:04:01.178192,
(24)0bc2,31,almond shells,49,41,compositional,xylan,23.03,% dry weight,3,,38,knife mill (2mm),14.0,,xkang2@lbl.gov,tiny,pass,,2026-07-17 19:04:01.178192,
(24)1926,31,almond shells,49,41,compositional,xylan,22.64,% dry weight,2,,38,knife mill (2mm),14.0,,xkang2@lbl.gov,tiny,pass,,2026-07-17 19:04:01.178192,
(24)2a68,31,almond shells,49,41,compositional,glucan,26.61,% dry weight,2,,38,knife mill (2mm),14.0,,xkang2@lbl.gov,tiny,pass,,2026-07-17 19:04:01.178192,
(24)42f3,31,almond shells,49,41,compositional,glucan,26.98,% dry weight,3,,38,knife mill (2mm),14.0,,xkang2@lbl.gov,tiny,pass,,2026-07-17 19:04:01.178192,
(24)6b86,31,almond shells,49,41,compositional,xylan,23.18,% dry weight,1,,38,knife mill (2mm),14.0,,xkang2@lbl.gov,tiny,pass,,2026-07-17 19:04:01.178192,
(24)70e6,31,almond shells,49,41,compositional,glucan,27.22,% dry weight,1,,38,knife mill (2mm),14.0,,xkang2@lbl.gov,tiny,pass,,2026-07-17 19:04:01.178192,
(24)773e,31,almond shells,49,41,compositional,lignin,24.57,% dry weight,1,,38,knife mill (2mm),14.0,,xkang2@lbl.gov,tiny,pass,,2026-07-17 19:04:01.178192,
(24)7d8d,31,almond shells,49,41,compositional,xylose,26.17,% dry weight,3,,38,knife mill (2mm),14.0,,xkang2@lbl.gov,tiny,pass,,2026-07-17 19:04:01.178192,
(24)8d6f,31,almond shells,49,41,compositional,glucose,29.57,% dry weight,2,,38,knife mill (2mm),14.0,,xkang2@lbl.gov,tiny,pass,,2026-07-17 19:04:01.178192,
(24)a25e,31,almond shells,49,41,compositional,lignin,24.8,% dry weight,2,,38,knife mill (2mm),14.0,,xkang2@lbl.gov,tiny,pass,,2026-07-17 19:04:01.178192,
(24)ec0a,31,almond shells,49,41,compositional,lignin,24.75,% dry weight,3,,38,knife mill (2mm),14.0,,xkang2@lbl.gov,tiny,pass,,2026-07-17 19:04:01.178192,
(24)ec7f,31,almond shells,49,41,compositional,xylose,26.34,% dry weight,1,,38,knife mill (2mm),14.0,,xkang2@lbl.gov,tiny,pass,,2026-07-17 19:04:01.178192,
(24)ec97,31,almond shells,49,41,compositional,glucose,30.24,% dry weight,1,,38,knife mill (2mm),14.0,,xkang2@lbl.gov,tiny,pass,,2026-07-17 19:04:01.178192,
(24)fab3,31,almond shells,49,41,compositional,glucose,29.97,% dry weight,3,,38,knife mill (2mm),14.0,,xkang2@lbl.gov,tiny,pass,,2026-07-17 19:04:01.178192,
(27)0e20,25,almond hulls,144,27,compositional,xylan,8.17,% dry weight,1,,38,knife mill (2mm),,,,tiny,,,2026-07-17 19:04:01.178192,
(27)0f39,25,almond hulls,144,27,compositional,xylan,7.99,% dry weight,3,,38,knife mill (2mm),,,,tiny,,,2026-07-17 19:04:01.178192,
(27)26f8,25,almond hulls,144,27,compositional,glucan,23.3,% dry weight,1,,38,knife mill (2mm),,,,tiny,,,2026-07-17 19:04:01.178192,
(27)273b,25,almond hulls,144,27,compositional,glucose,25.33,% dry weight,2,,38,knife mill (2mm),,,,tiny,,,2026-07-17 19:04:01.178192,
(27)4164,25,almond hulls,144,27,compositional,lignin,21.88,% dry weight,2,,38,knife mill (2mm),,,,tiny,,,2026-07-17 19:04:01.178192,
(27)5157,25,almond hulls,144,27,compositional,glucan,22.8,% dry weight,2,,38,knife mill (2mm),,,,tiny,,,2026-07-17 19:04:01.178192,
(27)5335,25,almond hulls,144,27,compositional,glucose,25.43,% dry weight,3,,38,knife mill (2mm),,,,tiny,,,2026-07-17 19:04:01.178192,
(27)5646,25,almond hulls,144,27,compositional,xylose,9.34,% dry weight,2,,38,knife mill (2mm),,,,tiny,,,2026-07-17 19:04:01.178192,
(27)69cc,25,almond hulls,144,27,compositional,glucan,22.89,% dry weight,3,,38,knife mill (2mm),,,,tiny,,,2026-07-17 19:04:01.178192,
(27)b1a3,25,almond hulls,144,27,compositional,xylose,9.08,% dry weight,3,,38,knife mill (2mm),,,,tiny,,,2026-07-17 19:04:01.178192,
(27)baa8,25,almond hulls,144,27,compositional,lignin,21.69,% dry weight,1,,38,knife mill (2mm),,,,tiny,,,2026-07-17 19:04:01.178192,
(27)d3e3,25,almond hulls,144,27,compositional,xylan,8.22,% dry weight,2,,38,knife mill (2mm),,,,tiny,,,2026-07-17 19:04:01.178192,
(27)d4db,25,almond hulls,144,27,compositional,lignin,21.78,% dry weight,3,,38,knife mill (2mm),,,,tiny,,,2026-07-17 19:04:01.178192,
(27)d81b,25,almond hulls,144,27,compositional,glucose,25.89,% dry weight,1,,38,knife mill (2mm),,,,tiny,,,2026-07-17 19:04:01.178192,
(27)f0a1,25,almond hulls,144,27,compositional,xylose,9.29,% dry weight,1,,38,knife mill (2mm),,,,tiny,,,2026-07-17 19:04:01.178192,
(28)1266,37,tomato pomace,10,40,compositional,lignin+,40.34,% dry weight,3,,36,oven dry,14.0,,xkang2@lbl.gov,riverstone,pass,,2026-07-17 19:04:01.178192,
(28)2429,37,tomato pomace,10,40,compositional,xylose,12.56,% dry weight,3,,36,oven dry,14.0,,xkang2@lbl.gov,riverstone,pass,,2026-07-17 19:04:01.178192,
(28)4712,24,corn stover cobs,68,38,compositional,lignin,15.63,% dry weight,2,,38,knife mill (2mm),14.0,,xkang2@lbl.gov,caterpillar,pass,,2026-07-17 19:04:01.178192,
(28)48e7,24,corn stover cobs,68,38,compositional,glucan,34.12,% dry weight,1,,38,knife mill (2mm),14.0,,xkang2@lbl.gov,caterpillar,pass,,2026-07-17 19:04:01.178192,
(28)491e,37,tomato pomace,10,40,compositional,glucan,13.84,% dry weight,3,,36,oven dry,14.0,,xkang2@lbl.gov,riverstone,pass,,2026-07-17 19:04:01.178192,
(28)50a7,24,corn stover cobs,68,38,compositional,lignin,15.77,% dry weight,1,,38,knife mill (2mm),14.0,,xkang2@lbl.gov,caterpillar,pass,,2026-07-17 19:04:01.178192,
(28)520d,24,corn stover cobs,68,38,compositional,xylose,29.05,% dry weight,2,,38,knife mill (2mm),14.0,,xkang2@lbl.gov,caterpillar,pass,,2026-07-17 19:04:01.178192,
(28)59b5,37,tomato pomace,10,40,compositional,glucose,15.37,% dry weight,3,,36,oven dry,14.0,,xkang2@lbl.gov,riverstone,pass,,2026-07-17 19:04:01.178192,
(28)75a7,37,tomato pomace,10,40,compositional,glucan,13.66,% dry weight,2,,36,oven dry,14.0,,xkang2@lbl.gov,riverstone,pass,,2026-07-17 19:04:01.178192,
(28)7919,37,tomato pomace,10,40,compositional,xylose,10.64,% dry weight,1,,36,oven dry,14.0,,xkang2@lbl.gov,riverstone,pass,,2026-07-17 19:04:01.178192,
(28)847b,37,tomato pomace,10,40,compositional,xylan,11.06,% dry weight,3,,36,oven dry,14.0,,xkang2@lbl.gov,riverstone,pass,,2026-07-17 19:04:01.178192,
(28)8908,24,corn stover cobs,68,38,compositional,lignin,15.97,% dry weight,3,,38,knife mill (2mm),14.0,,xkang2@lbl.gov,caterpillar,pass,,2026-07-17 19:04:01.178192,
(28)8c33,37,tomato pomace,10,40,compositional,xylan,9.36,% dry weight,1,,36,oven dry,14.0,,xkang2@lbl.gov,riverstone,pass,,2026-07-17 19:04:01.178192,
(28)97be,24,corn stover cobs,68,38,compositional,glucose,37.81,% dry weight,2,,38,knife mill (2mm),14.0,,xkang2@lbl.gov,caterpillar,pass,,2026-07-17 19:04:01.178192,
(28)9a1d,24,corn stover cobs,68,38,compositional,glucan,34.03,% dry weight,2,,38,knife mill (2mm),14.0,,xkang2@lbl.gov,caterpillar,pass,,2026-07-17 19:04:01.178192,
(28)a3d2,37,tomato pomace,10,40,compositional,xylose,12.8,% dry weight,2,,36,oven dry,14.0,,xkang2@lbl.gov,riverstone,pass,,2026-07-17 19:04:01.178192,
(28)a602,37,tomato pomace,10,40,compositional,glucan,11.71,% dry weight,1,,36,oven dry,14.0,,xkang2@lbl.gov,riverstone,pass,,2026-07-17 19:04:01.178192,
(28)a625,24,corn stover cobs,68,38,compositional,xylan,25.71,% dry weight,3,,38,knife mill (2mm),14.0,,xkang2@lbl.gov,caterpillar,pass,,2026-07-17 19:04:01.178192,
(28)a74f,24,corn stover cobs,68,38,compositional,glucose,37.91,% dry weight,1,,38,knife mill (2mm),14.0,,xkang2@lbl.gov,caterpillar,pass,,2026-07-17 19:04:01.178192,
(28)a764,24,corn stover cobs,68,38,compositional,xylose,28.52,% dry weight,1,,38,knife mill (2mm),14.0,,xkang2@lbl.gov,caterpillar,pass,,2026-07-17 19:04:01.178192,
(28)bca2,24,corn stover cobs,68,38,compositional,glucan,34.09,% dry weight,3,,38,knife mill (2mm),14.0,,xkang2@lbl.gov,caterpillar,pass,,2026-07-17 19:04:01.178192,
(28)c01c,24,corn stover cobs,68,38,compositional,xylose,29.21,% dry weight,3,,38,knife mill (2mm),14.0,,xkang2@lbl.gov,caterpillar,pass,,2026-07-17 19:04:01.178192,
(28)c6e6,24,corn stover cobs,68,38,compositional,xylan,25.09,% dry weight,1,,38,knife mill (2mm),14.0,,xkang2@lbl.gov,caterpillar,pass,,2026-07-17 19:04:01.178192,
(28)c7e9,24,corn stover cobs,68,38,compositional,xylan,25.56,% dry weight,2,,38,knife mill (2mm),14.0,,xkang2@lbl.gov,caterpillar,pass,,2026-07-17 19:04:01.178192,
(28)cfc4,37,tomato pomace,10,40,compositional,glucose,13.01,% dry weight,1,,36,oven dry,14.0,,xkang2@lbl.gov,riverstone,pass,,2026-07-17 19:04:01.178192,
(28)d0cf,37,tomato pomace,10,40,compositional,lignin+,40.12,% dry weight,1,,36,oven dry,14.0,,xkang2@lbl.gov,riverstone,pass,,2026-07-17 19:04:01.178192,
(28)e48e,37,tomato pomace,10,40,compositional,lignin+,39.76,% dry weight,2,,36,oven dry,14.0,,xkang2@lbl.gov,riverstone,pass,,2026-07-17 19:04:01.178192,
(28)f0fe,37,tomato pomace,10,40,compositional,xylan,11.26,% dry weight,2,,36,oven dry,14.0,,xkang2@lbl.gov,riverstone,pass,,2026-07-17 19:04:01.178192,
(28)f2a0,24,corn stover cobs,68,38,compositional,glucose,37.88,% dry weight,3,,38,knife mill (2mm),14.0,,xkang2@lbl.gov,caterpillar,pass,,2026-07-17 19:04:01.178192,
(28)f6c9,37,tomato pomace,10,40,compositional,glucose,15.17,% dry weight,2,,36,oven dry,14.0,,xkang2@lbl.gov,riverstone,pass,,2026-07-17 19:04:01.178192,
(29)1baa,32,olive pomace,65,40,compositional,xylan,9.58,% dry weight,2,,33,oven dry + knife mill (2mm),,,,jaguar,,,2026-07-17 19:04:01.178192,
(29)2d14,32,olive pomace,65,40,compositional,glucan,11.82,% dry weight,1,,33,oven dry + knife mill (2mm),,,,jaguar,,,2026-07-17 19:04:01.178192,
(29)4989,32,olive pomace,65,40,compositional,lignin,7.6,% dry weight,2,,33,oven dry + knife mill (2mm),,,,jaguar,,,2026-07-17 19:04:01.178192,
(29)9e60,32,olive pomace,65,40,compositional,glucan,11.89,% dry weight,2,,33,oven dry + knife mill (2mm),,,,jaguar,,,2026-07-17 19:04:01.178192,
(29)a1d2,32,olive pomace,65,40,compositional,lignin,7.8,% dry weight,1,,33,oven dry + knife mill (2mm),,,,jaguar,,,2026-07-17 19:04:01.178192,
(29)b693,32,olive pomace,65,40,compositional,xylan,9.79,% dry weight,1,,33,oven dry + knife mill (2mm),,,,jaguar,,,2026-07-17 19:04:01.178192,
(31)04ab,25,almond hulls,48,41,compositional,xylan,16.63,% dry weight,2,,38,knife mill (2mm),14.0,,xkang2@lbl.gov,vibrant,pass,,2026-07-17 19:04:01.178192,
(31)1e1b,25,almond hulls,48,41,compositional,xylose,18.9,% dry weight,2,,38,knife mill (2mm),14.0,,xkang2@lbl.gov,vibrant,pass,,2026-07-17 19:04:01.178192,
(31)3fdc,25,almond hulls,48,41,compositional,xylan,16.42,% dry weight,3,,38,knife mill (2mm),14.0,,xkang2@lbl.gov,vibrant,pass,,2026-07-17 19:04:01.178192,
(31)504a,25,almond hulls,48,41,compositional,lignin,20.99,% dry weight,3,,38,knife mill (2mm),14.0,,xkang2@lbl.gov,vibrant,pass,,2026-07-17 19:04:01.178192,
(31)52b7,25,almond hulls,48,41,compositional,xylose,18.66,% dry weight,3,,38,knife mill (2mm),14.0,,xkang2@lbl.gov,vibrant,pass,,2026-07-17 19:04:01.178192,
(31)6292,25,almond hulls,48,41,compositional,lignin,20.47,% dry weight,2,,38,knife mill (2mm),14.0,,xkang2@lbl.gov,vibrant,pass,,2026-07-17 19:04:01.178192,
(31)7265,25,almond hulls,48,41,compositional,glucose,34.55,% dry weight,2,,38,knife mill (2mm),14.0,,xkang2@lbl.gov,vibrant,pass,,2026-07-17 19:04:01.178192,
(31)749c,25,almond hulls,48,41,compositional,glucan,30.63,% dry weight,1,,38,knife mill (2mm),14.0,,xkang2@lbl.gov,vibrant,pass,,2026-07-17 19:04:01.178192,
(31)8be1,25,almond hulls,48,41,compositional,xylan,16.53,% dry weight,1,,38,knife mill (2mm),14.0,,xkang2@lbl.gov,vibrant,pass,,2026-07-17 19:04:01.178192,
(31)9a9b,25,almond hulls,48,41,compositional,xylose,18.79,% dry weight,1,,38,knife mill (2mm),14.0,,xkang2@lbl.gov,vibrant,pass,,2026-07-17 19:04:01.178192,
(31)bcc3,25,almond hulls,48,41,compositional,lignin,20.48,% dry weight,1,,38,knife mill (2mm),14.0,,xkang2@lbl.gov,vibrant,pass,,2026-07-17 19:04:01.178192,
(31)d8e4,25,almond hulls,48,41,compositional,glucan,31.09,% dry weight,2,,38,knife mill (2mm),14.0,,xkang2@lbl.gov,vibrant,pass,,2026-07-17 19:04:01.178192,
(31)edc7,25,almond hulls,48,41,compositional,glucan,31.06,% dry weight,3,,38,knife mill (2mm),14.0,,xkang2@lbl.gov,vibrant,pass,,2026-07-17 19:04:01.178192,
(31)eec3,25,almond hulls,48,41,compositional,glucose,34.04,% dry weight,1,,38,knife mill (2mm),14.0,,xkang2@lbl.gov,vibrant,pass,,2026-07-17 19:04:01.178192,
(31)f0ca,25,almond hulls,48,41,compositional,glucose,34.52,% dry weight,3,,38,knife mill (2mm),14.0,,xkang2@lbl.gov,vibrant,pass,,2026-07-17 19:04:01.178192,
(37)0930,31,almond shells,47,41,compositional,xylose,25.89,% dry weight,1,,38,knife mill (2mm),14.0,,xkang2@lbl.gov,vibrant,pass,,2026-07-17 19:04:01.178192,
(37)2e71,31,almond shells,47,41,compositional,xylan,23.55,% dry weight,2,,38,knife mill (2mm),14.0,,xkang2@lbl.gov,vibrant,pass,,2026-07-17 19:04:01.178192,
(37)3b10,31,almond shells,47,41,compositional,glucan,28.67,% dry weight,2,,38,knife mill (2mm),14.0,,xkang2@lbl.gov,vibrant,pass,,2026-07-17 19:04:01.178192,
(37)4504,31,almond shells,47,41,compositional,xylan,23.33,% dry weight,3,,38,knife mill (2mm),14.0,,xkang2@lbl.gov,vibrant,pass,,2026-07-17 19:04:01.178192,
(37)4b35,31,almond shells,47,41,compositional,lignin,26.76,% dry weight,3,,38,knife mill (2mm),14.0,,xkang2@lbl.gov,vibrant,pass,,2026-07-17 19:04:01.178192,
(37)679f,31,almond shells,47,41,compositional,xylan,22.79,% dry weight,1,,38,knife mill (2mm),14.0,,xkang2@lbl.gov,vibrant,pass,,2026-07-17 19:04:01.178192,
(37)6df6,31,almond shells,47,41,compositional,lignin,26.23,% dry weight,1,,38,knife mill (2mm),14.0,,xkang2@lbl.gov,vibrant,pass,,2026-07-17 19:04:01.178192,
(37)82b5,31,almond shells,47,41,compositional,xylose,26.76,% dry weight,2,,38,knife mill (2mm),14.0,,xkang2@lbl.gov,vibrant,pass,,2026-07-17 19:04:01.178192,
(37)8ab5,31,almond shells,47,41,compositional,glucose,31.27,% dry weight,1,,38,knife mill (2mm),14.0,,xkang2@lbl.gov,vibrant,pass,,2026-07-17 19:04:01.178192,
(37)99cb,31,almond shells,47,41,compositional,lignin,25.8,% dry weight,2,,38,knife mill (2mm),14.0,,xkang2@lbl.gov,vibrant,pass,,2026-07-17 19:04:01.178192,
(37)9c26,31,almond shells,47,41,compositional,xylose,26.51,% dry weight,3,,38,knife mill (2mm),14.0,,xkang2@lbl.gov,vibrant,pass,,2026-07-17 19:04:01.178192,
(37)c333,31,almond shells,47,41,compositional,glucan,28.6,% dry weight,3,,38,knife mill (2mm),14.0,,xkang2@lbl.gov,vibrant,pass,,2026-07-17 19:04:01.178192,
(37)d647,31,almond shells,47,41,compositional,glucose,31.86,% dry weight,2,,38,knife mill (2mm),14.0,,xkang2@lbl.gov,vibrant,pass,,2026-07-17 19:04:01.178192,
(37)da91,31,almond shells,47,41,compositional,glucose,31.78,% dry weight,3,,38,knife mill (2mm),14.0,,xkang2@lbl.gov,vibrant,pass,,2026-07-17 19:04:01.178192,
(37)fb45,31,almond shells,47,41,compositional,glucan,28.14,% dry weight,1,,38,knife mill (2mm),14.0,,xkang2@lbl.gov,vibrant,pass,,2026-07-17 19:04:01.178192,
(3c)1095,5,alfalfa,77,34,compositional,lignin,20.6,% dry weight,3,,38,knife mill (2mm),,,,possessive,pass,,2026-07-17 19:04:01.178192,
(3c)1efb,5,alfalfa,77,34,compositional,glucose,27.1,% dry weight,2,,38,knife mill (2mm),,,,possessive,pass,,2026-07-17 19:04:01.178192,
(3c)3131,5,alfalfa,77,34,compositional,glucan,25.1,% dry weight,3,,38,knife mill (2mm),,,,possessive,pass,,2026-07-17 19:04:01.178192,
(3c)3f98,5,alfalfa,77,34,compositional,xylose,13.15,% dry weight,3,,38,knife mill (2mm),,,,possessive,pass,,2026-07-17 19:04:01.178192,
(3c)3fff,5,alfalfa,77,34,compositional,glucose,27.89,% dry weight,3,,38,knife mill (2mm),,,,possessive,pass,,2026-07-17 19:04:01.178192,
(3c)4cb4,5,alfalfa,77,34,compositional,glucan,24.39,% dry weight,2,,38,knife mill (2mm),,,,possessive,pass,,2026-07-17 19:04:01.178192,
(3c)594e,5,alfalfa,77,34,compositional,xylan,11.32,% dry weight,1,,38,knife mill (2mm),,,,possessive,pass,,2026-07-17 19:04:01.178192,
(3c)6726,5,alfalfa,77,34,compositional,xylose,12.88,% dry weight,2,,38,knife mill (2mm),,,,possessive,pass,,2026-07-17 19:04:01.178192,
(3c)693c,5,alfalfa,77,34,compositional,lignin,21.0,% dry weight,1,,38,knife mill (2mm),,,,possessive,pass,,2026-07-17 19:04:01.178192,
(3c)933c,5,alfalfa,77,34,compositional,glucose,27.38,% dry weight,1,,38,knife mill (2mm),,,,possessive,pass,,2026-07-17 19:04:01.178192,
(3c)c6b9,5,alfalfa,77,34,compositional,xylan,11.33,% dry weight,2,,38,knife mill (2mm),,,,possessive,pass,,2026-07-17 19:04:01.178192,
(3c)d0b2,5,alfalfa,77,34,compositional,glucan,24.64,% dry weight,1,,38,knife mill (2mm),,,,possessive,pass,,2026-07-17 19:04:01.178192,
(3c)d339,5,alfalfa,77,34,compositional,lignin,21.01,% dry weight,2,,38,knife mill (2mm),,,,possessive,pass,,2026-07-17 19:04:01.178192,
(3c)eefe,5,alfalfa,77,34,compositional,xylan,11.57,% dry weight,3,,38,knife mill (2mm),,,,possessive,pass,,2026-07-17 19:04:01.178192,
(3c)fc9b,5,alfalfa,77,34,compositional,xylose,12.86,% dry weight,1,,38,knife mill (2mm),,,,possessive,pass,,2026-07-17 19:04:01.178192,
(42)0211,27,rice straw,81,32,compositional,glucose,33.43,% dry weight,3,,38,knife mill (2mm),,,,possessive,pass,,2026-07-17 19:04:01.178192,
(42)0654,27,rice straw,81,32,compositional,xylose,17.7,% dry weight,3,,38,knife mill (2mm),,,,possessive,pass,,2026-07-17 19:04:01.178192,
(42)0843,27,rice straw,81,32,compositional,arabinose,2.64,% dry weight,1,,38,knife mill (2mm),,,,possessive,pass,,2026-07-17 19:04:01.178192,
(42)2e48,27,rice straw,81,32,compositional,glucan,31.72,% dry weight,1,,38,knife mill (2mm),,,,possessive,pass,,2026-07-17 19:04:01.178192,
(42)446d,27,rice straw,81,32,compositional,xylan,15.58,% dry weight,3,,38,knife mill (2mm),,,,possessive,pass,,2026-07-17 19:04:01.178192,
(42)47a3,27,rice straw,81,32,compositional,lignin,17.05,% dry weight,3,,38,knife mill (2mm),,,,possessive,pass,,2026-07-17 19:04:01.178192,
(42)4816,27,rice straw,81,32,compositional,xylose,18.43,% dry weight,1,,38,knife mill (2mm),,,,possessive,pass,,2026-07-17 19:04:01.178192,
(42)54b7,27,rice straw,81,32,compositional,xylose,18.11,% dry weight,2,,38,knife mill (2mm),,,,possessive,pass,,2026-07-17 19:04:01.178192,
(42)575c,27,rice straw,81,32,compositional,arabinan,2.32,% dry weight,1,,38,knife mill (2mm),,,,possessive,pass,,2026-07-17 19:04:01.178192,
(42)672f,27,rice straw,81,32,compositional,arabinan,2.33,% dry weight,2,,38,knife mill (2mm),,,,possessive,pass,,2026-07-17 19:04:01.178192,
(42)7180,27,rice straw,81,32,compositional,glucan,31.32,% dry weight,2,,38,knife mill (2mm),,,,possessive,pass,,2026-07-17 19:04:01.178192,
(42)7a67,27,rice straw,81,32,compositional,arabinose,2.57,% dry weight,3,,38,knife mill (2mm),,,,possessive,pass,,2026-07-17 19:04:01.178192,
(42)8729,27,rice straw,81,32,compositional,glucan,30.09,% dry weight,3,,38,knife mill (2mm),,,,possessive,pass,,2026-07-17 19:04:01.178192,
(42)9356,27,rice straw,81,32,compositional,arabinose,2.64,% dry weight,2,,38,knife mill (2mm),,,,possessive,pass,,2026-07-17 19:04:01.178192,
(42)a992,27,rice straw,81,32,compositional,lignin,16.85,% dry weight,1,,38,knife mill (2mm),,,,possessive,pass,,2026-07-17 19:04:01.178192,
(42)b7cc,27,rice straw,81,32,compositional,glucose,35.25,% dry weight,1,,38,knife mill (2mm),,,,possessive,pass,,2026-07-17 19:04:01.178192,
(42)cbb9,27,rice straw,81,32,compositional,arabinan,2.27,% dry weight,3,,38,knife mill (2mm),,,,possessive,pass,,2026-07-17 19:04:01.178192,
(42)cdaa,27,rice straw,81,32,compositional,xylan,15.94,% dry weight,2,,38,knife mill (2mm),,,,possessive,pass,,2026-07-17 19:04:01.178192,
(42)d006,27,rice straw,81,32,compositional,glucose,34.8,% dry weight,2,,38,knife mill (2mm),,,,possessive,pass,,2026-07-17 19:04:01.178192,
(42)dee4,27,rice straw,81,32,compositional,xylan,16.22,% dry weight,1,,38,knife mill (2mm),,,,possessive,pass,,2026-07-17 19:04:01.178192,
(42)f6e3,27,rice straw,81,32,compositional,lignin,16.8,% dry weight,2,,38,knife mill (2mm),,,,possessive,pass,,2026-07-17 19:04:01.178192,
(48)1ea1,26,spent oak chips,125,31,compositional,glucan,39.32,% dry weight,3,,33,oven dry + knife mill (2mm),,,,rigging,,,2026-07-17 19:04:01.178192,
(48)31aa,26,spent oak chips,125,31,compositional,lignin,27.71,% dry weight,2,,33,oven dry + knife mill (2mm),,,,rigging,,,2026-07-17 19:04:01.178192,
(48)3ca5,26,spent oak chips,125,31,compositional,xylan,16.95,% dry weight,1,,33,oven dry + knife mill (2mm),,,,rigging,,,2026-07-17 19:04:01.178192,
(48)4351,26,spent oak chips,125,31,compositional,xylan,17.26,% dry weight,2,,33,oven dry + knife mill (2mm),,,,rigging,,,2026-07-17 19:04:01.178192,
(48)454c,26,spent oak chips,125,31,compositional,xylose,19.26,% dry weight,1,,33,oven dry + knife mill (2mm),,,,rigging,,,2026-07-17 19:04:01.178192,
(48)47c9,26,spent oak chips,125,31,compositional,glucan,39.84,% dry weight,1,,33,oven dry + knife mill (2mm),,,,rigging,,,2026-07-17 19:04:01.178192,
(48)5592,26,spent oak chips,125,31,compositional,glucose,43.69,% dry weight,3,,33,oven dry + knife mill (2mm),,,,rigging,,,2026-07-17 19:04:01.178192,
(48)a9c7,26,spent oak chips,125,31,compositional,glucan,40.92,% dry weight,2,,33,oven dry + knife mill (2mm),,,,rigging,,,2026-07-17 19:04:01.178192,
(48)b680,26,spent oak chips,125,31,compositional,lignin,28.08,% dry weight,3,,33,oven dry + knife mill (2mm),,,,rigging,,,2026-07-17 19:04:01.178192,
(48)be3c,26,spent oak chips,125,31,compositional,xylose,19.23,% dry weight,3,,33,oven dry + knife mill (2mm),,,,rigging,,,2026-07-17 19:04:01.178192,
(48)c525,26,spent oak chips,125,31,compositional,lignin,27.82,% dry weight,1,,33,oven dry + knife mill (2mm),,,,rigging,,,2026-07-17 19:04:01.178192,
(48)ca76,26,spent oak chips,125,31,compositional,glucose,45.47,% dry weight,2,,33,oven dry + knife mill (2mm),,,,rigging,,,2026-07-17 19:04:01.178192,
(48)cbf9,26,spent oak chips,125,31,compositional,glucose,44.27,% dry weight,1,,33,oven dry + knife mill (2mm),,,,rigging,,,2026-07-17 19:04:01.178192,
(48)cd5c,26,spent oak chips,125,31,compositional,xylose,19.62,% dry weight,2,,33,oven dry + knife mill (2mm),,,,rigging,,,2026-07-17 19:04:01.178192,
(48)e731,26,spent oak chips,125,31,compositional,xylan,16.92,% dry weight,3,,33,oven dry + knife mill (2mm),,,,rigging,,,2026-07-17 19:04:01.178192,
(4c)0e12,35,almond branches,145,27,compositional,glucan,22.41,% dry weight,2,,38,knife mill (2mm),,,,humorous,pass,,2026-07-17 19:04:01.178192,
(4c)1205,35,almond branches,145,27,compositional,glucose,25.22,% dry weight,1,,38,knife mill (2mm),,,,humorous,pass,,2026-07-17 19:04:01.178192,
(4c)12e4,35,almond branches,145,27,compositional,xylose,14.76,% dry weight,2,,38,knife mill (2mm),,,,humorous,pass,,2026-07-17 19:04:01.178192,
(4c)1473,35,almond branches,145,27,compositional,lignin,37.74,% dry weight,2,,38,knife mill (2mm),,,,humorous,pass,,2026-07-17 19:04:01.178192,
(4c)21be,35,almond branches,145,27,compositional,glucose,25.73,% dry weight,3,,38,knife mill (2mm),,,,humorous,pass,,2026-07-17 19:04:01.178192,
(4c)3b40,35,almond branches,145,27,compositional,glucan,22.7,% dry weight,1,,38,knife mill (2mm),,,,humorous,pass,,2026-07-17 19:04:01.178192,
(4c)3b8c,35,almond branches,145,27,compositional,xylose,15.39,% dry weight,3,,38,knife mill (2mm),,,,humorous,pass,,2026-07-17 19:04:01.178192,
(4c)5b6e,35,almond branches,145,27,compositional,xylan,13.54,% dry weight,3,,38,knife mill (2mm),,,,humorous,pass,,2026-07-17 19:04:01.178192,
(4c)6022,35,almond branches,145,27,compositional,xylose,14.99,% dry weight,1,,38,knife mill (2mm),,,,humorous,pass,,2026-07-17 19:04:01.178192,
(4c)6cf6,35,almond branches,145,27,compositional,lignin,38.52,% dry weight,1,,38,knife mill (2mm),,,,humorous,pass,,2026-07-17 19:04:01.178192,
(4c)705c,35,almond branches,145,27,compositional,lignin,38.36,% dry weight,3,,38,knife mill (2mm),,,,humorous,pass,,2026-07-17 19:04:01.178192,
(4c)9c25,35,almond branches,145,27,compositional,xylan,13.19,% dry weight,1,,38,knife mill (2mm),,,,humorous,pass,,2026-07-17 19:04:01.178192,
(4c)b5c1,35,almond branches,145,27,compositional,glucan,23.16,% dry weight,3,,38,knife mill (2mm),,,,humorous,pass,,2026-07-17 19:04:01.178192,
(4c)c715,35,almond branches,145,27,compositional,glucose,24.9,% dry weight,2,,38,knife mill (2mm),,,,humorous,pass,,2026-07-17 19:04:01.178192,
(4c)ddb6,35,almond branches,145,27,compositional,xylan,12.99,% dry weight,2,,38,knife mill (2mm),,,,humorous,pass,,2026-07-17 19:04:01.178192,
(4d)2252,22,walnut tree sticks,55,38,compositional,glucan,23.28,% dry weight,3,,33,oven dry + knife mill (2mm),14.0,,xkang2@lbl.gov,energetic,pass,,2026-07-17 19:04:01.178192,
(4d)2360,22,walnut tree sticks,55,38,compositional,xylan,13.16,% dry weight,1,,33,oven dry + knife mill (2mm),14.0,,xkang2@lbl.gov,energetic,pass,,2026-07-17 19:04:01.178192,
(4d)2619,22,walnut tree sticks,55,38,compositional,xylan,13.08,% dry weight,3,,33,oven dry + knife mill (2mm),14.0,,xkang2@lbl.gov,energetic,pass,,2026-07-17 19:04:01.178192,
(4d)3358,22,walnut tree sticks,55,38,compositional,xylose,14.87,% dry weight,3,,33,oven dry + knife mill (2mm),14.0,,xkang2@lbl.gov,energetic,pass,,2026-07-17 19:04:01.178192,
(4d)3fcf,22,walnut tree sticks,55,38,compositional,xylan,13.19,% dry weight,2,,33,oven dry + knife mill (2mm),14.0,,xkang2@lbl.gov,energetic,pass,,2026-07-17 19:04:01.178192,
(4d)517e,22,walnut tree sticks,55,38,compositional,xylose,14.99,% dry weight,2,,33,oven dry + knife mill (2mm),14.0,,xkang2@lbl.gov,energetic,pass,,2026-07-17 19:04:01.178192,
(4d)86ca,22,walnut tree sticks,55,38,compositional,glucose,26.65,% dry weight,1,,33,oven dry + knife mill (2mm),14.0,,xkang2@lbl.gov,energetic,pass,,2026-07-17 19:04:01.178192,
(4d)8f9f,22,walnut tree sticks,55,38,compositional,glucan,23.98,% dry weight,1,,33,oven dry + knife mill (2mm),14.0,,xkang2@lbl.gov,energetic,pass,,2026-07-17 19:04:01.178192,
(4d)a3be,22,walnut tree sticks,55,38,compositional,lignin,31.88,% dry weight,1,,33,oven dry + knife mill (2mm),14.0,,xkang2@lbl.gov,energetic,pass,,2026-07-17 19:04:01.178192,
(4d)acb5,22,walnut tree sticks,55,38,compositional,glucose,25.86,% dry weight,3,,33,oven dry + knife mill (2mm),14.0,,xkang2@lbl.gov,energetic,pass,,2026-07-17 19:04:01.178192,
(4d)bbf7,22,walnut tree sticks,55,38,compositional,glucose,26.12,% dry weight,2,,33,oven dry + knife mill (2mm),14.0,,xkang2@lbl.gov,energetic,pass,,2026-07-17 19:04:01.178192,
(4d)c206,22,walnut tree sticks,55,38,compositional,lignin,32.08,% dry weight,2,,33,oven dry + knife mill (2mm),14.0,,xkang2@lbl.gov,energetic,pass,,2026-07-17 19:04:01.178192,
(4d)f3b0,22,walnut tree sticks,55,38,compositional,xylose,14.96,% dry weight,1,,33,oven dry + knife mill (2mm),14.0,,xkang2@lbl.gov,energetic,pass,,2026-07-17 19:04:01.178192,
(4d)f49b,22,walnut tree sticks,55,38,compositional,glucan,23.51,% dry weight,2,,33,oven dry + knife mill (2mm),14.0,,xkang2@lbl.gov,energetic,pass,,2026-07-17 19:04:01.178192,
(4d)fd25,22,walnut tree sticks,55,38,compositional,lignin,32.07,% dry weight,3,,33,oven dry + knife mill (2mm),14.0,,xkang2@lbl.gov,energetic,pass,,2026-07-17 19:04:01.178192,
(4e)e137,23,grape pomace,32,40,compositional,glucan,5.57,% dry weight,1,,36,oven dry,14.0,,xkang2@lbl.gov,ebony,pass,,2026-07-17 19:04:01.178192,
(4e)e138,23,grape pomace,32,40,compositional,glucan,8.76,% dry weight,2,,36,oven dry,14.0,,xkang2@lbl.gov,ebony,pass,,2026-07-17 19:04:01.178192,
(4e)e139,23,grape pomace,32,40,compositional,glucan,8.5,% dry weight,3,,36,oven dry,14.0,,xkang2@lbl.gov,ebony,pass,,2026-07-17 19:04:01.178192,
(4e)e140,23,grape pomace,32,40,compositional,glucose,6.19,% dry weight,1,,36,oven dry,14.0,,xkang2@lbl.gov,ebony,pass,,2026-07-17 19:04:01.178192,
(4e)e141,23,grape pomace,32,40,compositional,glucose,9.74,% dry weight,2,,36,oven dry,14.0,,xkang2@lbl.gov,ebony,pass,,2026-07-17 19:04:01.178192,
(4e)e142,23,grape pomace,32,40,compositional,glucose,9.44,% dry weight,3,,36,oven dry,14.0,,xkang2@lbl.gov,ebony,pass,,2026-07-17 19:04:01.178192,
(4e)e143,23,grape pomace,32,40,compositional,xylan,2.92,% dry weight,1,,36,oven dry,14.0,,xkang2@lbl.gov,ebony,pass,,2026-07-17 19:04:01.178192,
(4e)e144,23,grape pomace,32,40,compositional,xylan,5.48,% dry weight,2,,36,oven dry,14.0,,xkang2@lbl.gov,ebony,pass,,2026-07-17 19:04:01.178192,
(4e)e145,23,grape pomace,32,40,compositional,xylan,6.29,% dry weight,3,,36,oven dry,14.0,,xkang2@lbl.gov,ebony,pass,,2026-07-17 19:04:01.178192,
(4e)e146,23,grape pomace,32,40,compositional,xylose,3.32,% dry weight,1,,36,oven dry,14.0,,xkang2@lbl.gov,ebony,pass,,2026-07-17 19:04:01.178192,
(4e)e147,23,grape pomace,32,40,compositional,xylose,6.23,% dry weight,2,,36,oven dry,14.0,,xkang2@lbl.gov,ebony,pass,,2026-07-17 19:04:01.178192,
(4e)e148,23,grape pomace,32,40,compositional,xylose,7.15,% dry weight,3,,36,oven dry,14.0,,xkang2@lbl.gov,ebony,pass,,2026-07-17 19:04:01.178192,
(4e)e149,23,grape pomace,32,40,compositional,lignin,49.71,% dry weight,1,,36,oven dry,14.0,,xkang2@lbl.gov,ebony,pass,,2026-07-17 19:04:01.178192,
(4e)e150,23,grape pomace,32,40,compositional,lignin,48.47,% dry weight,2,,36,oven dry,14.0,,xkang2@lbl.gov,ebony,pass,,2026-07-17 19:04:01.178192,
(4e)e151,23,grape pomace,32,40,compositional,lignin,47.84,% dry weight,3,,36,oven dry,14.0,,xkang2@lbl.gov,ebony,pass,,2026-07-17 19:04:01.178192,
(56)0a63,33,sweet potato culls,37,35,compositional,xylan,3.2,% dry weight,1,,36,oven dry,14.0,,xkang2@lbl.gov,tackle,pass,,2026-07-17 19:04:01.178192,
(56)18a9,33,sweet potato culls,37,35,compositional,glucose,60.24,% dry weight,1,,36,oven dry,14.0,,xkang2@lbl.gov,tackle,pass,,2026-07-17 19:04:01.178192,
(56)2b2d,33,sweet potato culls,37,35,compositional,lignin,8.57,% dry weight,3,,36,oven dry,14.0,,xkang2@lbl.gov,tackle,pass,,2026-07-17 19:04:01.178192,
(56)40ab,33,sweet potato culls,37,35,compositional,lignin,8.85,% dry weight,2,,36,oven dry,14.0,,xkang2@lbl.gov,tackle,pass,,2026-07-17 19:04:01.178192,
(56)6bd3,33,sweet potato culls,37,35,compositional,xylose,3.64,% dry weight,1,,36,oven dry,14.0,,xkang2@lbl.gov,tackle,pass,,2026-07-17 19:04:01.178192,
(56)8d1e,33,sweet potato culls,37,35,compositional,lignin,8.7,% dry weight,1,,36,oven dry,14.0,,xkang2@lbl.gov,tackle,pass,,2026-07-17 19:04:01.178192,
(56)91f5,33,sweet potato culls,37,35,compositional,xylan,3.2,% dry weight,2,,36,oven dry,14.0,,xkang2@lbl.gov,tackle,pass,,2026-07-17 19:04:01.178192,
(56)9243,33,sweet potato culls,37,35,compositional,glucan,54.21,% dry weight,1,,36,oven dry,14.0,,xkang2@lbl.gov,tackle,pass,,2026-07-17 19:04:01.178192,
(56)b418,33,sweet potato culls,37,35,compositional,glucose,59.72,% dry weight,2,,36,oven dry,14.0,,xkang2@lbl.gov,tackle,pass,,2026-07-17 19:04:01.178192,
(56)c0fc,33,sweet potato culls,37,35,compositional,glucan,54.57,% dry weight,3,,36,oven dry,14.0,,xkang2@lbl.gov,tackle,pass,,2026-07-17 19:04:01.178192,
(56)ce12,33,sweet potato culls,37,35,compositional,xylose,3.63,% dry weight,2,,36,oven dry,14.0,,xkang2@lbl.gov,tackle,pass,,2026-07-17 19:04:01.178192,
(56)d797,33,sweet potato culls,37,35,compositional,glucan,53.75,% dry weight,2,,36,oven dry,14.0,,xkang2@lbl.gov,tackle,pass,,2026-07-17 19:04:01.178192,
(56)ea26,33,sweet potato culls,37,35,compositional,xylan,3.13,% dry weight,3,,36,oven dry,14.0,,xkang2@lbl.gov,tackle,pass,,2026-07-17 19:04:01.178192,
(56)ea73,33,sweet potato culls,37,35,compositional,xylose,3.56,% dry weight,3,,36,oven dry,14.0,,xkang2@lbl.gov,tackle,pass,,2026-07-17 19:04:01.178192,
(56)fe5f,33,sweet potato culls,37,35,compositional,glucose,60.64,% dry weight,3,,36,oven dry,14.0,,xkang2@lbl.gov,tackle,pass,,2026-07-17 19:04:01.178192,
(5b)02e9,29,corn stover stalks,69,38,compositional,lignin,22.11,% dry weight,3,,38,knife mill (2mm),14.0,,xkang2@lbl.gov,caterpillar,pass,,2026-07-17 19:04:01.178192,
(5b)21af,29,corn stover stalks,69,38,compositional,glucose,44.96,% dry weight,1,,38,knife mill (2mm),14.0,,xkang2@lbl.gov,caterpillar,pass,,2026-07-17 19:04:01.178192,
(5b)334a,29,corn stover stalks,69,38,compositional,xylan,19.57,% dry weight,3,,38,knife mill (2mm),14.0,,xkang2@lbl.gov,caterpillar,pass,,2026-07-17 19:04:01.178192,
(5b)3885,29,corn stover stalks,69,38,compositional,lignin,21.95,% dry weight,2,,38,knife mill (2mm),14.0,,xkang2@lbl.gov,caterpillar,pass,,2026-07-17 19:04:01.178192,
(5b)58d8,29,corn stover stalks,69,38,compositional,glucose,45.33,% dry weight,3,,38,knife mill (2mm),14.0,,xkang2@lbl.gov,caterpillar,pass,,2026-07-17 19:04:01.178192,
(5b)5a60,29,corn stover stalks,69,38,compositional,xylose,22.27,% dry weight,2,,38,knife mill (2mm),14.0,,xkang2@lbl.gov,caterpillar,pass,,2026-07-17 19:04:01.178192,
(5b)651e,29,corn stover stalks,69,38,compositional,glucan,40.47,% dry weight,1,,38,knife mill (2mm),14.0,,xkang2@lbl.gov,caterpillar,pass,,2026-07-17 19:04:01.178192,
(5b)7bed,29,corn stover stalks,69,38,compositional,xylan,19.6,% dry weight,2,,38,knife mill (2mm),14.0,,xkang2@lbl.gov,caterpillar,pass,,2026-07-17 19:04:01.178192,
(5b)8bf7,29,corn stover stalks,69,38,compositional,lignin,22.2,% dry weight,1,,38,knife mill (2mm),14.0,,xkang2@lbl.gov,caterpillar,pass,,2026-07-17 19:04:01.178192,
(5b)9d19,29,corn stover stalks,69,38,compositional,glucan,40.8,% dry weight,3,,38,knife mill (2mm),14.0,,xkang2@lbl.gov,caterpillar,pass,,2026-07-17 19:04:01.178192,
(5b)a03f,29,corn stover stalks,69,38,compositional,glucose,44.99,% dry weight,2,,38,knife mill (2mm),14.0,,xkang2@lbl.gov,caterpillar,pass,,2026-07-17 19:04:01.178192,
(5b)bad2,29,corn stover stalks,69,38,compositional,glucan,40.49,% dry weight,2,,38,knife mill (2mm),14.0,,xkang2@lbl.gov,caterpillar,pass,,2026-07-17 19:04:01.178192,
(5b)cb5c,29,corn stover stalks,69,38,compositional,xylan,19.51,% dry weight,1,,38,knife mill (2mm),14.0,,xkang2@lbl.gov,caterpillar,pass,,2026-07-17 19:04:01.178192,
(5b)cf6c,29,corn stover stalks,69,38,compositional,xylose,22.24,% dry weight,3,,38,knife mill (2mm),14.0,,xkang2@lbl.gov,caterpillar,pass,,2026-07-17 19:04:01.178192,
(5b)de58,29,corn stover stalks,69,38,compositional,xylose,22.17,% dry weight,1,,38,knife mill (2mm),14.0,,xkang2@lbl.gov,caterpillar,pass,,2026-07-17 19:04:01.178192,
(5c)335d,34,grape stem,18,40,compositional,xylose,9.18,% dry weight,1,,36,oven dry,14.0,,xkang2@lbl.gov,maplewood,pass,,2026-07-17 19:04:01.178192,
(5c)527f,34,grape stem,18,40,compositional,lignin,27.28,% dry weight,3,,36,oven dry,14.0,,xkang2@lbl.gov,maplewood,pass,,2026-07-17 19:04:01.178192,
(5c)6000,34,grape stem,18,40,compositional,xylan,7.9,% dry weight,2,,36,oven dry,14.0,,xkang2@lbl.gov,maplewood,pass,,2026-07-17 19:04:01.178192,
(5c)6845,34,grape stem,18,40,compositional,xylose,8.98,% dry weight,2,,36,oven dry,14.0,,xkang2@lbl.gov,maplewood,pass,,2026-07-17 19:04:01.178192,
(5c)6b44,34,grape stem,18,40,compositional,lignin,27.2,% dry weight,2,,36,oven dry,14.0,,xkang2@lbl.gov,maplewood,pass,,2026-07-17 19:04:01.178192,
(5c)6bfe,34,grape stem,18,40,compositional,glucan,25.16,% dry weight,1,,36,oven dry,14.0,,xkang2@lbl.gov,maplewood,pass,,2026-07-17 19:04:01.178192,
(5c)76f6,34,grape stem,18,40,compositional,glucose,27.37,% dry weight,3,,36,oven dry,14.0,,xkang2@lbl.gov,maplewood,pass,,2026-07-17 19:04:01.178192,
(5c)7ce2,34,grape stem,18,40,compositional,glucan,24.63,% dry weight,3,,36,oven dry,14.0,,xkang2@lbl.gov,maplewood,pass,,2026-07-17 19:04:01.178192,
(5c)861a,34,grape stem,18,40,compositional,glucan,25.05,% dry weight,2,,36,oven dry,14.0,,xkang2@lbl.gov,maplewood,pass,,2026-07-17 19:04:01.178192,
(5c)94a8,34,grape stem,18,40,compositional,xylan,8.08,% dry weight,1,,36,oven dry,14.0,,xkang2@lbl.gov,maplewood,pass,,2026-07-17 19:04:01.178192,
(5c)960b,34,grape stem,18,40,compositional,glucose,27.83,% dry weight,2,,36,oven dry,14.0,,xkang2@lbl.gov,maplewood,pass,,2026-07-17 19:04:01.178192,
(5c)ad73,34,grape stem,18,40,compositional,lignin,26.82,% dry weight,1,,36,oven dry,14.0,,xkang2@lbl.gov,maplewood,pass,,2026-07-17 19:04:01.178192,
(5c)bbe3,34,grape stem,18,40,compositional,xylose,8.95,% dry weight,3,,36,oven dry,14.0,,xkang2@lbl.gov,maplewood,pass,,2026-07-17 19:04:01.178192,
(5c)c934,34,grape stem,18,40,compositional,xylan,7.87,% dry weight,3,,36,oven dry,14.0,,xkang2@lbl.gov,maplewood,pass,,2026-07-17 19:04:01.178192,
(5c)e78e,34,grape stem,18,40,compositional,glucose,27.96,% dry weight,1,,36,oven dry,14.0,,xkang2@lbl.gov,maplewood,pass,,2026-07-17 19:04:01.178192,
(62)014a,20,wheat straw,80,32,compositional,arabinan,1.81,% dry weight,2,,38,knife mill (2mm),,,,possessive,pass,,2026-07-17 19:04:01.178192,
(62)0975,20,wheat straw,80,32,compositional,xylose,21.97,% dry weight,2,,38,knife mill (2mm),,,,possessive,pass,,2026-07-17 19:04:01.178192,
(62)0f95,20,wheat straw,80,32,compositional,glucose,37.93,% dry weight,3,,38,knife mill (2mm),,,,possessive,pass,,2026-07-17 19:04:01.178192,
(62)1c36,20,wheat straw,80,32,compositional,arabinose,2.06,% dry weight,2,,38,knife mill (2mm),,,,possessive,pass,,2026-07-17 19:04:01.178192,
(62)1d0d,20,wheat straw,80,32,compositional,glucan,34.14,% dry weight,3,,38,knife mill (2mm),,,,possessive,pass,,2026-07-17 19:04:01.178192,
(62)20f9,20,wheat straw,80,32,compositional,xylose,21.97,% dry weight,3,,38,knife mill (2mm),,,,possessive,pass,,2026-07-17 19:04:01.178192,
(62)352d,20,wheat straw,80,32,compositional,glucose,37.89,% dry weight,1,,38,knife mill (2mm),,,,possessive,pass,,2026-07-17 19:04:01.178192,
(62)3af6,20,wheat straw,80,32,compositional,arabinose,2.08,% dry weight,3,,38,knife mill (2mm),,,,possessive,pass,,2026-07-17 19:04:01.178192,
(62)418e,20,wheat straw,80,32,compositional,arabinose,2.18,% dry weight,1,,38,knife mill (2mm),,,,possessive,pass,,2026-07-17 19:04:01.178192,
(62)50f3,20,wheat straw,80,32,compositional,arabinan,1.92,% dry weight,1,,38,knife mill (2mm),,,,possessive,pass,,2026-07-17 19:04:01.178192,
(62)5304,20,wheat straw,80,32,compositional,xylan,19.33,% dry weight,2,,38,knife mill (2mm),,,,possessive,pass,,2026-07-17 19:04:01.178192,
(62)5ab6,20,wheat straw,80,32,compositional,xylose,22.05,% dry weight,1,,38,knife mill (2mm),,,,possessive,pass,,2026-07-17 19:04:01.178192,
(62)79f1,20,wheat straw,80,32,compositional,lignin,16.47,% dry weight,1,,38,knife mill (2mm),,,,possessive,pass,,2026-07-17 19:04:01.178192,
(62)8114,20,wheat straw,80,32,compositional,lignin,16.44,% dry weight,2,,38,knife mill (2mm),,,,possessive,pass,,2026-07-17 19:04:01.178192,
(62)8b4d,20,wheat straw,80,32,compositional,xylan,19.33,% dry weight,3,,38,knife mill (2mm),,,,possessive,pass,,2026-07-17 19:04:01.178192,
(62)99c5,20,wheat straw,80,32,compositional,glucan,34.1,% dry weight,1,,38,knife mill (2mm),,,,possessive,pass,,2026-07-17 19:04:01.178192,
(62)a8c9,20,wheat straw,80,32,compositional,glucan,34.28,% dry weight,2,,38,knife mill (2mm),,,,possessive,pass,,2026-07-17 19:04:01.178192,
(62)b906,20,wheat straw,80,32,compositional,glucose,38.09,% dry weight,2,,38,knife mill (2mm),,,,possessive,pass,,2026-07-17 19:04:01.178192,
(62)cb0b,20,wheat straw,80,32,compositional,arabinan,1.83,% dry weight,3,,38,knife mill (2mm),,,,possessive,pass,,2026-07-17 19:04:01.178192,
(62)d08a,20,wheat straw,80,32,compositional,lignin,16.83,% dry weight,3,,38,knife mill (2mm),,,,possessive,pass,,2026-07-17 19:04:01.178192,
(62)ed41,20,wheat straw,80,32,compositional,xylan,19.41,% dry weight,1,,38,knife mill (2mm),,,,possessive,pass,,2026-07-17 19:04:01.178192,
(65)221b,26,spent oak chips,123,31,compositional,xylose,23.12,% dry weight,1,,33,oven dry + knife mill (2mm),,,,rigging,,,2026-07-17 19:04:01.178192,
(65)309e,26,spent oak chips,123,31,compositional,glucose,43.13,% dry weight,2,,33,oven dry + knife mill (2mm),,,,rigging,,,2026-07-17 19:04:01.178192,
(65)3f20,26,spent oak chips,123,31,compositional,xylan,21.47,% dry weight,3,,33,oven dry + knife mill (2mm),,,,rigging,,,2026-07-17 19:04:01.178192,
(65)4744,26,spent oak chips,123,31,compositional,xylose,24.4,% dry weight,3,,33,oven dry + knife mill (2mm),,,,rigging,,,2026-07-17 19:04:01.178192,
(65)48f4,26,spent oak chips,123,31,compositional,glucan,40.34,% dry weight,1,,33,oven dry + knife mill (2mm),,,,rigging,,,2026-07-17 19:04:01.178192,
(65)5360,26,spent oak chips,123,31,compositional,xylose,22.75,% dry weight,2,,33,oven dry + knife mill (2mm),,,,rigging,,,2026-07-17 19:04:01.178192,
(65)6289,26,spent oak chips,123,31,compositional,xylan,20.35,% dry weight,1,,33,oven dry + knife mill (2mm),,,,rigging,,,2026-07-17 19:04:01.178192,
(65)72f1,26,spent oak chips,123,31,compositional,glucose,44.82,% dry weight,1,,33,oven dry + knife mill (2mm),,,,rigging,,,2026-07-17 19:04:01.178192,
(65)8381,26,spent oak chips,123,31,compositional,glucan,38.81,% dry weight,2,,33,oven dry + knife mill (2mm),,,,rigging,,,2026-07-17 19:04:01.178192,
(65)86b6,26,spent oak chips,123,31,compositional,glucose,46.44,% dry weight,3,,33,oven dry + knife mill (2mm),,,,rigging,,,2026-07-17 19:04:01.178192,
(65)904e,26,spent oak chips,123,31,compositional,xylan,20.02,% dry weight,2,,33,oven dry + knife mill (2mm),,,,rigging,,,2026-07-17 19:04:01.178192,
(65)94e8,26,spent oak chips,123,31,compositional,lignin,26.85,% dry weight,2,,33,oven dry + knife mill (2mm),,,,rigging,,,2026-07-17 19:04:01.178192,
(65)9e0b,26,spent oak chips,123,31,compositional,lignin,26.4,% dry weight,1,,33,oven dry + knife mill (2mm),,,,rigging,,,2026-07-17 19:04:01.178192,
(65)aa34,26,spent oak chips,123,31,compositional,lignin,26.53,% dry weight,3,,33,oven dry + knife mill (2mm),,,,rigging,,,2026-07-17 19:04:01.178192,
(65)bef3,26,spent oak chips,123,31,compositional,glucan,41.79,% dry weight,3,,33,oven dry + knife mill (2mm),,,,rigging,,,2026-07-17 19:04:01.178192,
(71)0047,31,almond shells,147,27,compositional,lignin,33.97,% dry weight,3,,38,knife mill (2mm),,,,humorous,pass,,2026-07-17 19:04:01.178192,
(71)0a21,31,almond shells,147,27,compositional,xylan,16.45,% dry weight,2,,38,knife mill (2mm),,,,humorous,pass,,2026-07-17 19:04:01.178192,
(71)0d9d,31,almond shells,147,27,compositional,lignin,32.57,% dry weight,1,,38,knife mill (2mm),,,,humorous,pass,,2026-07-17 19:04:01.178192,
(71)12a5,31,almond shells,147,27,compositional,xylan,16.32,% dry weight,3,,38,knife mill (2mm),,,,humorous,pass,,2026-07-17 19:04:01.178192,
(71)16f9,31,almond shells,147,27,compositional,xylose,18.69,% dry weight,2,,38,knife mill (2mm),,,,humorous,pass,,2026-07-17 19:04:01.178192,
(71)23e9,31,almond shells,147,27,compositional,lignin,34.35,% dry weight,2,,38,knife mill (2mm),,,,humorous,pass,,2026-07-17 19:04:01.178192,
(71)3ea0,31,almond shells,147,27,compositional,xylose,13.87,% dry weight,1,,38,knife mill (2mm),,,,humorous,pass,,2026-07-17 19:04:01.178192,
(71)470a,31,almond shells,147,27,compositional,glucose,17.76,% dry weight,1,,38,knife mill (2mm),,,,humorous,pass,,2026-07-17 19:04:01.178192,
(71)4e76,31,almond shells,147,27,compositional,glucose,23.74,% dry weight,2,,38,knife mill (2mm),,,,humorous,pass,,2026-07-17 19:04:01.178192,
(71)5316,31,almond shells,147,27,compositional,xylan,12.21,% dry weight,1,,38,knife mill (2mm),,,,humorous,pass,,2026-07-17 19:04:01.178192,
(71)5322,31,almond shells,147,27,compositional,xylose,18.55,% dry weight,3,,38,knife mill (2mm),,,,humorous,pass,,2026-07-17 19:04:01.178192,
(71)929c,31,almond shells,147,27,compositional,glucan,21.37,% dry weight,2,,38,knife mill (2mm),,,,humorous,pass,,2026-07-17 19:04:01.178192,
(71)b8d9,31,almond shells,147,27,compositional,glucan,15.98,% dry weight,1,,38,knife mill (2mm),,,,humorous,pass,,2026-07-17 19:04:01.178192,
(71)bfdb,31,almond shells,147,27,compositional,glucan,21.39,% dry weight,3,,38,knife mill (2mm),,,,humorous,pass,,2026-07-17 19:04:01.178192,
(71)c9c9,31,almond shells,147,27,compositional,glucose,23.76,% dry weight,3,,38,knife mill (2mm),,,,humorous,pass,,2026-07-17 19:04:01.178192,
(72)00aa,21,corn stover husks,67,38,compositional,glucose,44.68,% dry weight,2,,38,knife mill (2mm),14.0,,xkang2@lbl.gov,caterpillar,pass,,2026-07-17 19:04:01.178192,
(72)0778,21,corn stover husks,67,38,compositional,lignin,18.61,% dry weight,3,,38,knife mill (2mm),14.0,,xkang2@lbl.gov,caterpillar,pass,,2026-07-17 19:04:01.178192,
(72)1255,21,corn stover husks,67,38,compositional,glucan,41.16,% dry weight,1,,38,knife mill (2mm),14.0,,xkang2@lbl.gov,caterpillar,pass,,2026-07-17 19:04:01.178192,
(72)2916,21,corn stover husks,67,38,compositional,glucan,39.76,% dry weight,3,,38,knife mill (2mm),14.0,,xkang2@lbl.gov,caterpillar,pass,,2026-07-17 19:04:01.178192,
(72)3abe,21,corn stover husks,67,38,compositional,xylan,21.33,% dry weight,3,,38,knife mill (2mm),14.0,,xkang2@lbl.gov,caterpillar,pass,,2026-07-17 19:04:01.178192,
(72)4bbe,21,corn stover husks,67,38,compositional,lignin,18.61,% dry weight,2,,38,knife mill (2mm),14.0,,xkang2@lbl.gov,caterpillar,pass,,2026-07-17 19:04:01.178192,
(72)4e20,21,corn stover husks,67,38,compositional,xylose,24.88,% dry weight,1,,38,knife mill (2mm),14.0,,xkang2@lbl.gov,caterpillar,pass,,2026-07-17 19:04:01.178192,
(72)5d6f,21,corn stover husks,67,38,compositional,glucose,45.74,% dry weight,1,,38,knife mill (2mm),14.0,,xkang2@lbl.gov,caterpillar,pass,,2026-07-17 19:04:01.178192,
(72)8404,21,corn stover husks,67,38,compositional,glucose,44.17,% dry weight,3,,38,knife mill (2mm),14.0,,xkang2@lbl.gov,caterpillar,pass,,2026-07-17 19:04:01.178192,
(72)9e04,21,corn stover husks,67,38,compositional,xylan,21.89,% dry weight,1,,38,knife mill (2mm),14.0,,xkang2@lbl.gov,caterpillar,pass,,2026-07-17 19:04:01.178192,
(72)c070,21,corn stover husks,67,38,compositional,xylose,24.24,% dry weight,3,,38,knife mill (2mm),14.0,,xkang2@lbl.gov,caterpillar,pass,,2026-07-17 19:04:01.178192,
(72)c130,21,corn stover husks,67,38,compositional,xylose,24.55,% dry weight,2,,38,knife mill (2mm),14.0,,xkang2@lbl.gov,caterpillar,pass,,2026-07-17 19:04:01.178192,
(72)e144,21,corn stover husks,67,38,compositional,glucan,40.21,% dry weight,2,,38,knife mill (2mm),14.0,,xkang2@lbl.gov,caterpillar,pass,,2026-07-17 19:04:01.178192,
(72)e2a4,21,corn stover husks,67,38,compositional,xylan,21.61,% dry weight,2,,38,knife mill (2mm),14.0,,xkang2@lbl.gov,caterpillar,pass,,2026-07-17 19:04:01.178192,
(72)ed34,21,corn stover husks,67,38,compositional,lignin,18.49,% dry weight,1,,38,knife mill (2mm),14.0,,xkang2@lbl.gov,caterpillar,pass,,2026-07-17 19:04:01.178192,
(7e)0b62,35,almond branches,150,28,compositional,glucan,21.75,% dry weight,1,,38,knife mill (2mm),,,,capstan,pass,,2026-07-17 19:04:01.178192,
(7e)0e68,15,almond shells and hulls mix,51,41,compositional,glucose,26.17,% dry weight,1,,38,knife mill (2mm),14.0,,xkang2@lbl.gov,tiny,pass,,2026-07-17 19:04:01.178192,
(7e)197d,15,almond shells and hulls mix,51,41,compositional,xylan,18.25,% dry weight,2,,38,knife mill (2mm),14.0,,xkang2@lbl.gov,tiny,pass,,2026-07-17 19:04:01.178192,
(7e)3340,15,almond shells and hulls mix,51,41,compositional,xylose,20.74,% dry weight,2,,38,knife mill (2mm),14.0,,xkang2@lbl.gov,tiny,pass,,2026-07-17 19:04:01.178192,
(7e)3d10,35,almond branches,150,28,compositional,xylan,12.93,% dry weight,3,,38,knife mill (2mm),,,,capstan,pass,,2026-07-17 19:04:01.178192,
(7e)3d49,15,almond shells and hulls mix,51,41,compositional,lignin,28.93,% dry weight,2,,38,knife mill (2mm),14.0,,xkang2@lbl.gov,tiny,pass,,2026-07-17 19:04:01.178192,
(7e)48f1,35,almond branches,150,28,compositional,xylan,12.75,% dry weight,2,,38,knife mill (2mm),,,,capstan,pass,,2026-07-17 19:04:01.178192,
(7e)4e75,35,almond branches,150,28,compositional,glucose,24.33,% dry weight,3,,38,knife mill (2mm),,,,capstan,pass,,2026-07-17 19:04:01.178192,
(7e)54ba,15,almond shells and hulls mix,51,41,compositional,xylose,21.93,% dry weight,1,,38,knife mill (2mm),14.0,,xkang2@lbl.gov,tiny,pass,,2026-07-17 19:04:01.178192,
(7e)5991,15,almond shells and hulls mix,51,41,compositional,xylan,19.62,% dry weight,3,,38,knife mill (2mm),14.0,,xkang2@lbl.gov,tiny,pass,,2026-07-17 19:04:01.178192,
(7e)5a6c,15,almond shells and hulls mix,51,41,compositional,lignin,26.89,% dry weight,1,,38,knife mill (2mm),14.0,,xkang2@lbl.gov,tiny,pass,,2026-07-17 19:04:01.178192,
(7e)5bdf,15,almond shells and hulls mix,51,41,compositional,glucose,26.37,% dry weight,3,,38,knife mill (2mm),14.0,,xkang2@lbl.gov,tiny,pass,,2026-07-17 19:04:01.178192,
(7e)5cea,35,almond branches,150,28,compositional,xylose,14.49,% dry weight,2,,38,knife mill (2mm),,,,capstan,pass,,2026-07-17 19:04:01.178192,
(7e)644f,35,almond branches,150,28,compositional,lignin,43.72,% dry weight,1,,38,knife mill (2mm),,,,capstan,pass,,2026-07-17 19:04:01.178192,
(7e)6de1,35,almond branches,150,28,compositional,glucan,22.14,% dry weight,2,,38,knife mill (2mm),,,,capstan,pass,,2026-07-17 19:04:01.178192,
(7e)7d76,35,almond branches,150,28,compositional,xylose,14.45,% dry weight,1,,38,knife mill (2mm),,,,capstan,pass,,2026-07-17 19:04:01.178192,
(7e)(7e),35,almond branches,150,28,compositional,glucose,24.17,% dry weight,1,,38,knife mill (2mm),,,,capstan,pass,,2026-07-17 19:04:01.178192,
(7e)7f8b,35,almond branches,150,28,compositional,xylose,14.69,% dry weight,3,,38,knife mill (2mm),,,,capstan,pass,,2026-07-17 19:04:01.178192,
(7e)9497,35,almond branches,150,28,compositional,xylan,12.72,% dry weight,1,,38,knife mill (2mm),,,,capstan,pass,,2026-07-17 19:04:01.178192,
(7e)a1dd,15,almond shells and hulls mix,51,41,compositional,xylan,19.3,% dry weight,1,,38,knife mill (2mm),14.0,,xkang2@lbl.gov,tiny,pass,,2026-07-17 19:04:01.178192,
(7e)a419,15,almond shells and hulls mix,51,41,compositional,glucan,22.04,% dry weight,2,,38,knife mill (2mm),14.0,,xkang2@lbl.gov,tiny,pass,,2026-07-17 19:04:01.178192,
(7e)bbb6,35,almond branches,150,28,compositional,lignin,44.53,% dry weight,3,,38,knife mill (2mm),,,,capstan,pass,,2026-07-17 19:04:01.178192,
(7e)bc7f,15,almond shells and hulls mix,51,39,compositional,lignin,28.75,% dry weight,3,,38,knife mill (2mm),14.0,,xkang2@lbl.gov,tiny,pass,,2026-07-17 19:04:01.178192,
(7e)c1b2,15,almond shells and hulls mix,51,41,compositional,glucose,24.49,% dry weight,2,,38,knife mill (2mm),14.0,,xkang2@lbl.gov,tiny,pass,,2026-07-17 19:04:01.178192,
(7e)c731,35,almond branches,150,28,compositional,glucan,21.9,% dry weight,3,,38,knife mill (2mm),,,,capstan,pass,,2026-07-17 19:04:01.178192,
(7e)d304,35,almond branches,150,28,compositional,glucose,24.6,% dry weight,2,,38,knife mill (2mm),,,,capstan,pass,,2026-07-17 19:04:01.178192,
(7e)da49,15,almond shells and hulls mix,51,41,compositional,glucan,23.55,% dry weight,1,,38,knife mill (2mm),14.0,,xkang2@lbl.gov,tiny,pass,,2026-07-17 19:04:01.178192,
(7e)e84e,15,almond shells and hulls mix,51,41,compositional,glucan,23.74,% dry weight,3,,38,knife mill (2mm),14.0,,xkang2@lbl.gov,tiny,pass,,2026-07-17 19:04:01.178192,
(7e)ee46,15,almond shells and hulls mix,51,41,compositional,xylose,22.29,% dry weight,3,,38,knife mill (2mm),14.0,,xkang2@lbl.gov,tiny,pass,,2026-07-17 19:04:01.178192,
(7e)f033,35,almond branches,150,28,compositional,lignin,43.83,% dry weight,2,,38,knife mill (2mm),,,,capstan,pass,,2026-07-17 19:04:01.178192,
(82)00ec,19,walnut shells,57,35,compositional,glucose,11.4,% dry weight,1,,33,oven dry + knife mill (2mm),14.0,,xkang2@lbl.gov,energetic,pass,,2026-07-17 19:04:01.178192,
(82)06ed,19,walnut shells,57,35,compositional,glucose,11.74,% dry weight,2,,33,oven dry + knife mill (2mm),14.0,,xkang2@lbl.gov,energetic,pass,,2026-07-17 19:04:01.178192,
(82)083c,23,grape pomace,107,37,compositional,xylan,4.69,% dry weight,1,,33,oven dry + knife mill (2mm),,,,boatswain,pass,,2026-07-17 19:04:01.178192,
(82)153e,19,walnut shells,57,35,compositional,glucan,10.56,% dry weight,2,,33,oven dry + knife mill (2mm),14.0,,xkang2@lbl.gov,energetic,pass,,2026-07-17 19:04:01.178192,
(82)1e9c,23,grape pomace,107,37,compositional,xylan,4.6,% dry weight,2,,33,oven dry + knife mill (2mm),,,,boatswain,pass,,2026-07-17 19:04:01.178192,
(82)24e6,19,walnut shells,57,35,compositional,lignin,49.6,% dry weight,1,,33,oven dry + knife mill (2mm),14.0,,xkang2@lbl.gov,energetic,pass,,2026-07-17 19:04:01.178192,
(82)2ace,19,walnut shells,57,35,compositional,xylose,23.32,% dry weight,1,,33,oven dry + knife mill (2mm),14.0,,xkang2@lbl.gov,energetic,pass,,2026-07-17 19:04:01.178192,
(82)60a4,23,grape pomace,107,37,compositional,glucan,13.87,% dry weight,3,,33,oven dry + knife mill (2mm),,,,boatswain,pass,,2026-07-17 19:04:01.178192,
(82)6324,19,walnut shells,57,35,compositional,lignin,49.45,% dry weight,2,,33,oven dry + knife mill (2mm),14.0,,xkang2@lbl.gov,energetic,pass,,2026-07-17 19:04:01.178192,
(82)6387,23,grape pomace,107,37,compositional,glucose,16.2,% dry weight,2,,33,oven dry + knife mill (2mm),,,,boatswain,pass,,2026-07-17 19:04:01.178192,
(82)6472,19,walnut shells,57,35,compositional,xylose,23.4,% dry weight,2,,33,oven dry + knife mill (2mm),14.0,,xkang2@lbl.gov,energetic,pass,,2026-07-17 19:04:01.178192,
(82)6771,19,walnut shells,57,35,compositional,xylose,5.34,% dry weight,3,,33,oven dry + knife mill (2mm),14.0,,xkang2@lbl.gov,energetic,pass,,2026-07-17 19:04:01.178192,
(82)6771,19,walnut shells,57,35,compositional,lignin,48.91,% dry weight,3,,33,oven dry + knife mill (2mm),14.0,,xkang2@lbl.gov,energetic,pass,,2026-07-17 19:04:01.178192,
(82)6acd,23,grape pomace,107,37,compositional,glucan,14.58,% dry weight,2,,33,oven dry + knife mill (2mm),,,,boatswain,pass,,2026-07-17 19:04:01.178192,
(82)6f92,23,grape pomace,107,37,compositional,lignin,48.91,% dry weight,2,,33,oven dry + knife mill (2mm),,,,boatswain,pass,,2026-07-17 19:04:01.178192,
(82)762f,19,walnut shells,57,35,compositional,xylose,23.52,% dry weight,3,,33,oven dry + knife mill (2mm),14.0,,xkang2@lbl.gov,energetic,pass,,2026-07-17 19:04:01.178192,
(82)7731,23,grape pomace,107,37,compositional,glucose,16.04,% dry weight,1,,33,oven dry + knife mill (2mm),,,,boatswain,pass,,2026-07-17 19:04:01.178192,
(82)7f9a,19,walnut shells,57,35,compositional,xylan,20.52,% dry weight,1,,33,oven dry + knife mill (2mm),14.0,,xkang2@lbl.gov,energetic,pass,,2026-07-17 19:04:01.178192,
(82)8468,23,grape pomace,107,37,compositional,glucose,15.41,% dry weight,3,,33,oven dry + knife mill (2mm),,,,boatswain,pass,,2026-07-17 19:04:01.178192,
(82)8b26,19,walnut shells,57,35,compositional,xylan,20.59,% dry weight,2,,33,oven dry + knife mill (2mm),14.0,,xkang2@lbl.gov,energetic,pass,,2026-07-17 19:04:01.178192,
(82)8c1c,19,walnut shells,57,35,compositional,glucan,10.26,% dry weight,1,,33,oven dry + knife mill (2mm),14.0,,xkang2@lbl.gov,energetic,pass,,2026-07-17 19:04:01.178192,
(82)a692,23,grape pomace,107,37,compositional,xylose,5.23,% dry weight,2,,33,oven dry + knife mill (2mm),,,,boatswain,pass,,2026-07-17 19:04:01.178192,
(82)bb91,19,walnut shells,57,35,compositional,glucan,11.07,% dry weight,3,,33,oven dry + knife mill (2mm),14.0,,xkang2@lbl.gov,energetic,pass,,2026-07-17 19:04:01.178192,
(82)bdca,19,walnut shells,57,35,compositional,xylan,20.7,% dry weight,3,,33,oven dry + knife mill (2mm),14.0,,xkang2@lbl.gov,energetic,pass,,2026-07-17 19:04:01.178192,
(82)d973,23,grape pomace,107,37,compositional,lignin,50.01,% dry weight,3,,33,oven dry + knife mill (2mm),,,,boatswain,pass,,2026-07-17 19:04:01.178192,
(82)db4c,23,grape pomace,107,37,compositional,glucan,14.43,% dry weight,1,,33,oven dry + knife mill (2mm),,,,boatswain,pass,,2026-07-17 19:04:01.178192,
(82)e1a7,23,grape pomace,107,37,compositional,lignin,49.72,% dry weight,1,,33,oven dry + knife mill (2mm),,,,boatswain,pass,,2026-07-17 19:04:01.178192,
(82)edaa,19,walnut shells,57,35,compositional,glucose,12.3,% dry weight,3,,33,oven dry + knife mill (2mm),14.0,,xkang2@lbl.gov,energetic,pass,,2026-07-17 19:04:01.178192,
(82)ef99,23,grape pomace,107,37,compositional,xylose,5.14,% dry weight,3,,33,oven dry + knife mill (2mm),,,,boatswain,pass,,2026-07-17 19:04:01.178192,
(82)f64c,23,grape pomace,107,37,compositional,xylan,4.52,% dry weight,3,,33,oven dry + knife mill (2mm),,,,boatswain,pass,,2026-07-17 19:04:01.178192,
(83)03e9,37,tomato pomace,95,29,compositional,glucan,13.88,% dry weight,1,,33,oven dry + knife mill (2mm),,,,oakleaf,,,2026-07-17 19:04:01.178192,
(83)175d,37,tomato pomace,95,29,compositional,glucose,15.42,% dry weight,1,,33,oven dry + knife mill (2mm),,,,oakleaf,,,2026-07-17 19:04:01.178192,
(83)45ac,37,tomato pomace,95,29,compositional,xylose,9.89,% dry weight,3,,33,oven dry + knife mill (2mm),,,,oakleaf,,,2026-07-17 19:04:01.178192,
(83)48df,37,tomato pomace,95,29,compositional,xylan,8.75,% dry weight,2,,33,oven dry + knife mill (2mm),,,,oakleaf,,,2026-07-17 19:04:01.178192,
(83)53fe,37,tomato pomace,95,29,compositional,glucan,12.55,% dry weight,2,,33,oven dry + knife mill (2mm),,,,oakleaf,,,2026-07-17 19:04:01.178192,
(83)66d8,37,tomato pomace,95,29,compositional,xylose,9.94,% dry weight,2,,33,oven dry + knife mill (2mm),,,,oakleaf,,,2026-07-17 19:04:01.178192,
(83)7b12,37,tomato pomace,95,29,compositional,lignin,35.56,% dry weight,2,,33,oven dry + knife mill (2mm),,,,oakleaf,,,2026-07-17 19:04:01.178192,
(83)8e08,37,tomato pomace,95,29,compositional,lignin,35.9,% dry weight,3,,33,oven dry + knife mill (2mm),,,,oakleaf,,,2026-07-17 19:04:01.178192,
(83)9399,37,tomato pomace,95,29,compositional,glucan,12.43,% dry weight,3,,33,oven dry + knife mill (2mm),,,,oakleaf,,,2026-07-17 19:04:01.178192,
(83)968c,37,tomato pomace,95,29,compositional,xylan,8.59,% dry weight,1,,33,oven dry + knife mill (2mm),,,,oakleaf,,,2026-07-17 19:04:01.178192,
(83)a74e,37,tomato pomace,95,29,compositional,glucose,13.81,% dry weight,3,,33,oven dry + knife mill (2mm),,,,oakleaf,,,2026-07-17 19:04:01.178192,
(83)c47f,37,tomato pomace,95,29,compositional,glucose,13.94,% dry weight,2,,33,oven dry + knife mill (2mm),,,,oakleaf,,,2026-07-17 19:04:01.178192,
(83)d10e,37,tomato pomace,95,29,compositional,lignin,36.44,% dry weight,1,,33,oven dry + knife mill (2mm),,,,oakleaf,,,2026-07-17 19:04:01.178192,
(83)d3f7,37,tomato pomace,95,29,compositional,xylan,8.7,% dry weight,3,,33,oven dry + knife mill (2mm),,,,oakleaf,,,2026-07-17 19:04:01.178192,
(83)ed0c,37,tomato pomace,95,29,compositional,xylose,9.77,% dry weight,1,,33,oven dry + knife mill (2mm),,,,oakleaf,,,2026-07-17 19:04:01.178192,
(85)07bd,37,tomato pomace,2,40,compositional,glucose,15.68,% dry weight,3,,36,oven dry,14.0,,xkang2@lbl.gov,oakleaf,pass,,2026-07-17 19:04:01.178192,
(85)2246,37,tomato pomace,2,40,compositional,glucan,14.12,% dry weight,3,,36,oven dry,14.0,,xkang2@lbl.gov,oakleaf,pass,,2026-07-17 19:04:01.178192,
(85)3329,37,tomato pomace,2,40,compositional,lignin+,39.9,% dry weight,2,,36,oven dry,14.0,,xkang2@lbl.gov,oakleaf,pass,,2026-07-17 19:04:01.178192,
(85)41cb,37,tomato pomace,2,40,compositional,glucan,14.18,% dry weight,2,,36,oven dry,14.0,,xkang2@lbl.gov,oakleaf,pass,,2026-07-17 19:04:01.178192,
(85)4630,37,tomato pomace,2,40,compositional,xylose,11.22,% dry weight,1,,36,oven dry,14.0,,xkang2@lbl.gov,oakleaf,pass,,2026-07-17 19:04:01.178192,
(85)51c8,37,tomato pomace,2,40,compositional,lignin+,39.54,% dry weight,1,,36,oven dry,14.0,,xkang2@lbl.gov,oakleaf,pass,,2026-07-17 19:04:01.178192,
(85)5b1b,37,tomato pomace,2,40,compositional,lignin+,40.88,% dry weight,3,,36,oven dry,14.0,,xkang2@lbl.gov,oakleaf,pass,,2026-07-17 19:04:01.178192,
(85)63d7,37,tomato pomace,2,40,compositional,glucose,15.75,% dry weight,2,,36,oven dry,14.0,,xkang2@lbl.gov,oakleaf,pass,,2026-07-17 19:04:01.178192,
(85)8bd5,37,tomato pomace,2,40,compositional,xylose,10.72,% dry weight,3,,36,oven dry,14.0,,xkang2@lbl.gov,oakleaf,pass,,2026-07-17 19:04:01.178192,
(85)8c05,37,tomato pomace,2,40,compositional,xylan,9.88,% dry weight,1,,36,oven dry,14.0,,xkang2@lbl.gov,oakleaf,pass,,2026-07-17 19:04:01.178192,
(85)9311,37,tomato pomace,2,40,compositional,glucose,15.74,% dry weight,1,,36,oven dry,14.0,,xkang2@lbl.gov,oakleaf,pass,,2026-07-17 19:04:01.178192,
(85)a6d4,37,tomato pomace,2,40,compositional,xylan,9.43,% dry weight,3,,36,oven dry,14.0,,xkang2@lbl.gov,oakleaf,pass,,2026-07-17 19:04:01.178192,
(85)b716,37,tomato pomace,2,40,compositional,xylose,10.51,% dry weight,2,,36,oven dry,14.0,,xkang2@lbl.gov,oakleaf,pass,,2026-07-17 19:04:01.178192,
(85)e114,37,tomato pomace,2,40,compositional,glucan,14.16,% dry weight,1,,36,oven dry,14.0,,xkang2@lbl.gov,oakleaf,pass,,2026-07-17 19:04:01.178192,
(85)f026,37,tomato pomace,2,40,compositional,xylan,9.25,% dry weight,2,,36,oven dry,14.0,,xkang2@lbl.gov,oakleaf,pass,,2026-07-17 19:04:01.178192,
(86)031e,25,almond hulls,146,37,compositional,xylan,7.2,% dry weight,3,,38,knife mill (2mm),,,,humorous,pass,,2026-07-17 19:04:01.178192,
(86)0932,25,almond hulls,146,37,compositional,xylose,8.47,% dry weight,1,,38,knife mill (2mm),,,,humorous,pass,,2026-07-17 19:04:01.178192,
(86)50f7,25,almond hulls,146,37,compositional,glucose,25.14,% dry weight,2,,38,knife mill (2mm),,,,humorous,pass,,2026-07-17 19:04:01.178192,
(86)6013,25,almond hulls,146,37,compositional,xylose,8.18,% dry weight,3,,38,knife mill (2mm),,,,humorous,pass,,2026-07-17 19:04:01.178192,
(86)650b,25,almond hulls,146,37,compositional,lignin,20.5,% dry weight,3,,38,knife mill (2mm),,,,humorous,pass,,2026-07-17 19:04:01.178192,
(86)739f,25,almond hulls,146,37,compositional,glucose,25.77,% dry weight,1,,38,knife mill (2mm),,,,humorous,pass,,2026-07-17 19:04:01.178192,
(86)7828,25,almond hulls,146,37,compositional,xylan,7.23,% dry weight,2,,38,knife mill (2mm),,,,humorous,pass,,2026-07-17 19:04:01.178192,
(86)82c3,25,almond hulls,146,37,compositional,lignin,20.03,% dry weight,2,,38,knife mill (2mm),,,,humorous,pass,,2026-07-17 19:04:01.178192,
(86)98ab,25,almond hulls,146,37,compositional,lignin,20.08,% dry weight,1,,38,knife mill (2mm),,,,humorous,pass,,2026-07-17 19:04:01.178192,
(86)9d47,25,almond hulls,146,37,compositional,xylan,7.45,% dry weight,1,,38,knife mill (2mm),,,,humorous,pass,,2026-07-17 19:04:01.178192,
(86)ab43,25,almond hulls,146,37,compositional,glucan,22.65,% dry weight,3,,38,knife mill (2mm),,,,humorous,pass,,2026-07-17 19:04:01.178192,
(86)cc31,25,almond hulls,146,37,compositional,xylose,8.22,% dry weight,2,,38,knife mill (2mm),,,,humorous,pass,,2026-07-17 19:04:01.178192,
(86)cd16,25,almond hulls,146,37,compositional,glucan,22.63,% dry weight,2,,38,knife mill (2mm),,,,humorous,pass,,2026-07-17 19:04:01.178192,
(86)dc7c,25,almond hulls,146,37,compositional,glucan,23.19,% dry weight,1,,38,knife mill (2mm),,,,humorous,pass,,2026-07-17 19:04:01.178192,
(86)f7f0,25,almond hulls,146,37,compositional,glucose,25.17,% dry weight,3,,38,knife mill (2mm),,,,humorous,pass,,2026-07-17 19:04:01.178192,
(87)1f70,34,grape stem,135,27,compositional,xylan,5.33,% dry weight,2,,33,oven dry + knife mill (2mm),,,,rigging,pass,,2026-07-17 19:04:01.178192,
(87)2652,34,grape stem,135,27,compositional,glucose,22.58,% dry weight,1,,33,oven dry + knife mill (2mm),,,,rigging,pass,,2026-07-17 19:04:01.178192,
(87)49e8,34,grape stem,135,27,compositional,glucose,12.22,% dry weight,3,,33,oven dry + knife mill (2mm),,,,rigging,pass,,2026-07-17 19:04:01.178192,
(87)50d0,34,grape stem,135,27,compositional,xylose,3.65,% dry weight,3,,33,oven dry + knife mill (2mm),,,,rigging,pass,,2026-07-17 19:04:01.178192,
(87)653b,34,grape stem,135,27,compositional,lignin,35.56,% dry weight,3,,33,oven dry + knife mill (2mm),,,,rigging,pass,,2026-07-17 19:04:01.178192,
(87)6f26,34,grape stem,135,27,compositional,lignin,37.21,% dry weight,2,,33,oven dry + knife mill (2mm),,,,rigging,pass,,2026-07-17 19:04:01.178192,
(87)6f75,34,grape stem,135,27,compositional,glucan,18.92,% dry weight,2,,33,oven dry + knife mill (2mm),,,,rigging,pass,,2026-07-17 19:04:01.178192,
(87)7d8b,34,grape stem,135,27,compositional,xylose,6.06,% dry weight,2,,33,oven dry + knife mill (2mm),,,,rigging,pass,,2026-07-17 19:04:01.178192,
(87)8932,34,grape stem,135,27,compositional,xylan,3.21,% dry weight,3,,33,oven dry + knife mill (2mm),,,,rigging,pass,,2026-07-17 19:04:01.178192,
(87)91b5,34,grape stem,135,27,compositional,xylan,5.99,% dry weight,1,,33,oven dry + knife mill (2mm),,,,rigging,pass,,2026-07-17 19:04:01.178192,
(87)a5ef,34,grape stem,135,27,compositional,glucan,11.0,% dry weight,3,,33,oven dry + knife mill (2mm),,,,rigging,pass,,2026-07-17 19:04:01.178192,
(87)a83f,34,grape stem,135,27,compositional,glucose,21.02,% dry weight,2,,33,oven dry + knife mill (2mm),,,,rigging,pass,,2026-07-17 19:04:01.178192,
(87)bfb7,34,grape stem,135,27,compositional,glucan,20.33,% dry weight,1,,33,oven dry + knife mill (2mm),,,,rigging,pass,,2026-07-17 19:04:01.178192,
(87)e6c9,34,grape stem,135,27,compositional,lignin,37.11,% dry weight,1,,33,oven dry + knife mill (2mm),,,,rigging,pass,,2026-07-17 19:04:01.178192,
(87)fbd5,34,grape stem,135,27,compositional,xylose,6.8,% dry weight,1,,33,oven dry + knife mill (2mm),,,,rigging,pass,,2026-07-17 19:04:01.178192,
(a0)00b1,35,almond branches,72,38,compositional,glucan,26.22,% dry weight,3,,38,knife mill (2mm),14.0,,xkang2@lbl.gov,humorous,pass,,2026-07-17 19:04:01.178192,
(a0)031a,35,almond branches,72,38,compositional,xylose,17.5,% dry weight,3,,38,knife mill (2mm),14.0,,xkang2@lbl.gov,humorous,pass,,2026-07-17 19:04:01.178192,
(a0)129b,35,almond branches,72,38,compositional,lignin,34.99,% dry weight,3,,38,knife mill (2mm),14.0,,xkang2@lbl.gov,humorous,pass,,2026-07-17 19:04:01.178192,
(a0)2a3f,35,almond branches,72,38,compositional,glucose,28.99,% dry weight,2,,38,knife mill (2mm),14.0,,xkang2@lbl.gov,humorous,pass,,2026-07-17 19:04:01.178192,
(a0)2c11,14,olive stems / leaves,165,30,compositional,lignin,51.48,% dry weight,1,,33,oven dry + knife mill (2mm),,,,excellent,pass,,2026-07-17 19:04:01.178192,
(a0)2c72,14,olive stems / leaves,165,30,compositional,xylose,13.54,% dry weight,3,,33,oven dry + knife mill (2mm),,,,excellent,pass,,2026-07-17 19:04:01.178192,
(a0)47a1,35,almond branches,72,38,compositional,glucan,26.09,% dry weight,2,,38,knife mill (2mm),14.0,,xkang2@lbl.gov,humorous,pass,,2026-07-17 19:04:01.178192,
(a0)4e26,14,olive stems / leaves,165,30,compositional,glucan,14.45,% dry weight,3,,33,oven dry + knife mill (2mm),,,,excellent,pass,,2026-07-17 19:04:01.178192,
(a0)4e42,35,almond branches,72,38,compositional,lignin,35.28,% dry weight,2,,38,knife mill (2mm),14.0,,xkang2@lbl.gov,humorous,pass,,2026-07-17 19:04:01.178192,
(a0)7978,14,olive stems / leaves,165,30,compositional,glucose,15.68,% dry weight,2,,33,oven dry + knife mill (2mm),,,,excellent,pass,,2026-07-17 19:04:01.178192,
(a0)7a8d,14,olive stems / leaves,165,30,compositional,glucan,14.11,% dry weight,2,,33,oven dry + knife mill (2mm),,,,excellent,pass,,2026-07-17 19:04:01.178192,
(a0)7c3a,35,almond branches,72,38,compositional,lignin,35.97,% dry weight,1,,38,knife mill (2mm),14.0,,xkang2@lbl.gov,humorous,pass,,2026-07-17 19:04:01.178192,
(a0)7dd8,35,almond branches,72,38,compositional,xylan,15.11,% dry weight,1,,38,knife mill (2mm),14.0,,xkang2@lbl.gov,humorous,pass,,2026-07-17 19:04:01.178192,
(a0)825d,14,olive stems / leaves,165,30,compositional,xylose,14.06,% dry weight,1,,33,oven dry + knife mill (2mm),,,,excellent,pass,,2026-07-17 19:04:01.178192,
(a0)8bcb,35,almond branches,72,38,compositional,xylan,15.4,% dry weight,3,,38,knife mill (2mm),14.0,,xkang2@lbl.gov,humorous,pass,,2026-07-17 19:04:01.178192,
(a0)94e1,35,almond branches,72,38,compositional,xylose,17.17,% dry weight,1,,38,knife mill (2mm),14.0,,xkang2@lbl.gov,humorous,pass,,2026-07-17 19:04:01.178192,
(a0)96b7,14,olive stems / leaves,165,30,compositional,xylose,13.37,% dry weight,2,,33,oven dry + knife mill (2mm),,,,excellent,pass,,2026-07-17 19:04:01.178192,
(a0)975e,14,olive stems / leaves,165,30,compositional,xylan,11.92,% dry weight,3,,33,oven dry + knife mill (2mm),,,,excellent,pass,,2026-07-17 19:04:01.178192,
(a0)a67e,35,almond branches,72,38,compositional,glucose,28.48,% dry weight,1,,38,knife mill (2mm),14.0,,xkang2@lbl.gov,humorous,pass,,2026-07-17 19:04:01.178192,
(a0)ac41,35,almond branches,72,38,compositional,xylan,15.21,% dry weight,2,,38,knife mill (2mm),14.0,,xkang2@lbl.gov,humorous,pass,,2026-07-17 19:04:01.178192,
(a0)ad15,14,olive stems / leaves,165,30,compositional,glucan,13.87,% dry weight,1,,33,oven dry + knife mill (2mm),,,,excellent,pass,,2026-07-17 19:04:01.178192,
(a0)b0bd,14,olive stems / leaves,165,30,compositional,lignin,51.18,% dry weight,2,,33,oven dry + knife mill (2mm),,,,excellent,pass,,2026-07-17 19:04:01.178192,
(a0)bd2b,14,olive stems / leaves,165,30,compositional,lignin,51.09,% dry weight,3,,33,oven dry + knife mill (2mm),,,,excellent,pass,,2026-07-17 19:04:01.178192,
(a0)cda4,14,olive stems / leaves,165,30,compositional,glucose,16.05,% dry weight,3,,33,oven dry + knife mill (2mm),,,,excellent,pass,,2026-07-17 19:04:01.178192,
(a0)dd8f,14,olive stems / leaves,165,30,compositional,xylan,12.37,% dry weight,1,,33,oven dry + knife mill (2mm),,,,excellent,pass,,2026-07-17 19:04:01.178192,
(a0)de11,35,almond branches,72,38,compositional,glucan,25.63,% dry weight,1,,38,knife mill (2mm),14.0,,xkang2@lbl.gov,humorous,pass,,2026-07-17 19:04:01.178192,
(a0)e5fa,35,almond branches,72,38,compositional,glucose,29.13,% dry weight,3,,38,knife mill (2mm),14.0,,xkang2@lbl.gov,humorous,pass,,2026-07-17 19:04:01.178192,
(a0)e973,35,almond branches,72,38,compositional,xylose,17.29,% dry weight,2,,38,knife mill (2mm),14.0,,xkang2@lbl.gov,humorous,pass,,2026-07-17 19:04:01.178192,
(a0)ee16,14,olive stems / leaves,165,30,compositional,glucose,15.41,% dry weight,1,,33,oven dry + knife mill (2mm),,,,excellent,pass,,2026-07-17 19:04:01.178192,
(a0)fa31,14,olive stems / leaves,165,30,compositional,xylan,11.76,% dry weight,2,,33,oven dry + knife mill (2mm),,,,excellent,pass,,2026-07-17 19:04:01.178192,
(a2)210f,31,almond shells,143,37,compositional,glucose,25.41,% dry weight,3,,38,knife mill (2mm),,,,tiny,pass,,2026-07-17 19:04:01.178192,
(a2)27ae,31,almond shells,143,37,compositional,lignin,29.99,% dry weight,2,,38,knife mill (2mm),,,,tiny,pass,,2026-07-17 19:04:01.178192,
(a2)2e51,31,almond shells,143,37,compositional,glucose,25.51,% dry weight,2,,38,knife mill (2mm),,,,tiny,pass,,2026-07-17 19:04:01.178192,
(a2)3a00,31,almond shells,143,37,compositional,glucose,25.2,% dry weight,1,,38,knife mill (2mm),,,,tiny,pass,,2026-07-17 19:04:01.178192,
(a2)6e8b,31,almond shells,143,37,compositional,xylan,19.02,% dry weight,2,,38,knife mill (2mm),,,,tiny,pass,,2026-07-17 19:04:01.178192,
(a2)7169,31,almond shells,143,37,compositional,glucan,22.87,% dry weight,3,,38,knife mill (2mm),,,,tiny,pass,,2026-07-17 19:04:01.178192,
(a2)7ab8,31,almond shells,143,37,compositional,xylan,19.04,% dry weight,3,,38,knife mill (2mm),,,,tiny,pass,,2026-07-17 19:04:01.178192,
(a2)8569,31,almond shells,143,37,compositional,lignin,30.82,% dry weight,1,,38,knife mill (2mm),,,,tiny,pass,,2026-07-17 19:04:01.178192,
(a2)8f0a,31,almond shells,143,37,compositional,xylose,21.61,% dry weight,2,,38,knife mill (2mm),,,,tiny,pass,,2026-07-17 19:04:01.178192,
(a2)8f0d,31,almond shells,143,37,compositional,xylose,21.64,% dry weight,1,,38,knife mill (2mm),,,,tiny,pass,,2026-07-17 19:04:01.178192,
(a2)a00a,31,almond shells,143,37,compositional,lignin,30.38,% dry weight,3,,38,knife mill (2mm),,,,tiny,pass,,2026-07-17 19:04:01.178192,
(a2)a625,31,almond shells,143,37,compositional,xylose,21.64,% dry weight,3,,38,knife mill (2mm),,,,tiny,pass,,2026-07-17 19:04:01.178192,
(a2)c18b,31,almond shells,143,37,compositional,xylan,19.04,% dry weight,1,,38,knife mill (2mm),,,,tiny,pass,,2026-07-17 19:04:01.178192,
(a2)c9b4,31,almond shells,143,37,compositional,glucan,22.96,% dry weight,2,,38,knife mill (2mm),,,,tiny,pass,,2026-07-17 19:04:01.178192,
(a2)ee26,31,almond shells,143,37,compositional,glucan,22.68,% dry weight,1,,38,knife mill (2mm),,,,tiny,pass,,2026-07-17 19:04:01.178192,
(a5)06fb,31,almond shells,162,30,compositional,glucan,23.89,% dry weight,2,,38,knife mill (2mm),,,,humorous,pass,,2026-07-17 19:04:01.178192,
(a5)18dd,31,almond shells,162,30,compositional,xylan,19.29,% dry weight,2,,38,knife mill (2mm),,,,humorous,pass,,2026-07-17 19:04:01.178192,
(a5)2eef,31,almond shells,162,30,compositional,xylose,21.93,% dry weight,2,,38,knife mill (2mm),,,,humorous,pass,,2026-07-17 19:04:01.178192,
(a5)4534,31,almond shells,162,30,compositional,lignin,29.76,% dry weight,1,,38,knife mill (2mm),,,,humorous,pass,,2026-07-17 19:04:01.178192,
(a5)4b77,31,almond shells,162,30,compositional,glucan,24.06,% dry weight,3,,38,knife mill (2mm),,,,humorous,pass,,2026-07-17 19:04:01.178192,
(a5)6e3c,31,almond shells,162,30,compositional,xylan,19.65,% dry weight,3,,38,knife mill (2mm),,,,humorous,pass,,2026-07-17 19:04:01.178192,
(a5)73fb,31,almond shells,162,30,compositional,glucan,23.56,% dry weight,1,,38,knife mill (2mm),,,,humorous,pass,,2026-07-17 19:04:01.178192,
(a5)807a,31,almond shells,162,30,compositional,glucose,26.54,% dry weight,2,,38,knife mill (2mm),,,,humorous,pass,,2026-07-17 19:04:01.178192,
(a5)8859,31,almond shells,162,30,compositional,glucose,26.18,% dry weight,1,,38,knife mill (2mm),,,,humorous,pass,,2026-07-17 19:04:01.178192,
(a5)a7dc,31,almond shells,162,30,compositional,xylan,19.01,% dry weight,1,,38,knife mill (2mm),,,,humorous,pass,,2026-07-17 19:04:01.178192,
(a5)aa6c,31,almond shells,162,30,compositional,glucose,26.74,% dry weight,3,,38,knife mill (2mm),,,,humorous,pass,,2026-07-17 19:04:01.178192,
(a5)adde,31,almond shells,162,30,compositional,xylose,22.33,% dry weight,3,,38,knife mill (2mm),,,,humorous,pass,,2026-07-17 19:04:01.178192,
(a5)b354,31,almond shells,162,30,compositional,lignin,29.38,% dry weight,2,,38,knife mill (2mm),,,,humorous,pass,,2026-07-17 19:04:01.178192,
(a5)b49a,31,almond shells,162,30,compositional,lignin,29.64,% dry weight,3,,38,knife mill (2mm),,,,humorous,pass,,2026-07-17 19:04:01.178192,
(a5)cc3a,31,almond shells,162,30,compositional,xylose,21.6,% dry weight,1,,38,knife mill (2mm),,,,humorous,pass,,2026-07-17 19:04:01.178192,
(a8)037f,25,almond hulls,161,30,compositional,xylan,7.71,% dry weight,2,,38,knife mill (2mm),,,,humorous,pass,,2026-07-17 19:04:01.178192,
(a8)29ea,25,almond hulls,161,30,compositional,glucose,17.5,% dry weight,3,,38,knife mill (2mm),,,,humorous,pass,,2026-07-17 19:04:01.178192,
(a8)2cff,25,almond hulls,161,30,compositional,lignin,21.99,% dry weight,1,,38,knife mill (2mm),,,,humorous,pass,,2026-07-17 19:04:01.178192,
(a8)2fbb,25,almond hulls,161,30,compositional,lignin,21.97,% dry weight,2,,38,knife mill (2mm),,,,humorous,pass,,2026-07-17 19:04:01.178192,
(a8)4250,25,almond hulls,161,30,compositional,xylose,8.77,% dry weight,2,,38,knife mill (2mm),,,,humorous,pass,,2026-07-17 19:04:01.178192,
(a8)563e,25,almond hulls,161,30,compositional,glucose,26.08,% dry weight,2,,38,knife mill (2mm),,,,humorous,pass,,2026-07-17 19:04:01.178192,
(a8)851a,25,almond hulls,161,30,compositional,glucan,23.51,% dry weight,1,,38,knife mill (2mm),,,,humorous,pass,,2026-07-17 19:04:01.178192,
(a8)9aca,25,almond hulls,161,30,compositional,glucose,26.12,% dry weight,1,,38,knife mill (2mm),,,,humorous,pass,,2026-07-17 19:04:01.178192,
(a8)9e55,25,almond hulls,161,30,compositional,xylose,9.1,% dry weight,1,,38,knife mill (2mm),,,,humorous,pass,,2026-07-17 19:04:01.178192,
(a8)a893,25,almond hulls,161,30,compositional,glucan,15.75,% dry weight,3,,38,knife mill (2mm),,,,humorous,pass,,2026-07-17 19:04:01.178192,
(a8)aa72,25,almond hulls,161,30,compositional,xylan,5.19,% dry weight,3,,38,knife mill (2mm),,,,humorous,pass,,2026-07-17 19:04:01.178192,
(a8)bf74,25,almond hulls,161,30,compositional,xylose,5.9,% dry weight,3,,38,knife mill (2mm),,,,humorous,pass,,2026-07-17 19:04:01.178192,
(a8)c5e8,25,almond hulls,161,30,compositional,lignin,22.12,% dry weight,3,,38,knife mill (2mm),,,,humorous,pass,,2026-07-17 19:04:01.178192,
(a8)f2e9,25,almond hulls,161,30,compositional,glucan,23.48,% dry weight,2,,38,knife mill (2mm),,,,humorous,pass,,2026-07-17 19:04:01.178192,
(a8)ff0b,25,almond hulls,161,30,compositional,xylan,8.01,% dry weight,1,,38,knife mill (2mm),,,,humorous,pass,,2026-07-17 19:04:01.178192,
(ab)0af2,23,grape pomace,14,40,compositional,xylose,9.69,% dry weight,1,,36,oven dry,14.0,,xkang2@lbl.gov,maplewood,pass,,2026-07-17 19:04:01.178192,
(ab)106b,23,grape pomace,14,40,compositional,xylose,9.16,% dry weight,3,,36,oven dry,14.0,,xkang2@lbl.gov,maplewood,pass,,2026-07-17 19:04:01.178192,
(ab)1273,23,grape pomace,14,40,compositional,glucan,7.77,% dry weight,2,,36,oven dry,14.0,,xkang2@lbl.gov,maplewood,pass,,2026-07-17 19:04:01.178192,
(ab)1509,23,grape pomace,14,40,compositional,glucan,7.95,% dry weight,1,,36,oven dry,14.0,,xkang2@lbl.gov,maplewood,pass,,2026-07-17 19:04:01.178192,
(ab)19cd,23,grape pomace,14,40,compositional,glucose,8.84,% dry weight,1,,36,oven dry,14.0,,xkang2@lbl.gov,maplewood,pass,,2026-07-17 19:04:01.178192,
(ab)1fcb,23,grape pomace,14,40,compositional,glucan,7.96,% dry weight,3,,36,oven dry,14.0,,xkang2@lbl.gov,maplewood,pass,,2026-07-17 19:04:01.178192,
(ab)2034,23,grape pomace,14,40,compositional,lignin+,53.12,% dry weight,3,,36,oven dry,14.0,,xkang2@lbl.gov,maplewood,pass,,2026-07-17 19:04:01.178192,
(ab)57f4,23,grape pomace,14,40,compositional,glucose,8.64,% dry weight,2,,36,oven dry,14.0,,xkang2@lbl.gov,maplewood,pass,,2026-07-17 19:04:01.178192,
(ab)6d90,23,grape pomace,14,40,compositional,glucose,8.85,% dry weight,3,,36,oven dry,14.0,,xkang2@lbl.gov,maplewood,pass,,2026-07-17 19:04:01.178192,
(ab)8cb1,23,grape pomace,14,40,compositional,xylan,8.13,% dry weight,2,,36,oven dry,14.0,,xkang2@lbl.gov,maplewood,pass,,2026-07-17 19:04:01.178192,
(ab)9781,23,grape pomace,14,40,compositional,xylan,8.06,% dry weight,3,,36,oven dry,14.0,,xkang2@lbl.gov,maplewood,pass,,2026-07-17 19:04:01.178192,
(ab)c64d,23,grape pomace,14,40,compositional,lignin+,53.96,% dry weight,1,,36,oven dry,14.0,,xkang2@lbl.gov,maplewood,pass,,2026-07-17 19:04:01.178192,
(ab)e013,23,grape pomace,14,40,compositional,xylose,9.24,% dry weight,2,,36,oven dry,14.0,,xkang2@lbl.gov,maplewood,pass,,2026-07-17 19:04:01.178192,
(ab)e502,23,grape pomace,14,40,compositional,xylan,8.52,% dry weight,1,,36,oven dry,14.0,,xkang2@lbl.gov,maplewood,pass,,2026-07-17 19:04:01.178192,
(ab)fbf0,23,grape pomace,14,40,compositional,lignin+,53.35,% dry weight,2,,36,oven dry,14.0,,xkang2@lbl.gov,maplewood,pass,,2026-07-17 19:04:01.178192,
(b3)088a,25,almond hulls,149,28,compositional,glucan,24.01,% dry weight,3,,38,knife mill (2mm),,,,capstan,pass,,2026-07-17 19:04:01.178192,
(b3)1dea,25,almond hulls,149,28,compositional,lignin,26.44,% dry weight,2,,38,knife mill (2mm),,,,capstan,pass,,2026-07-17 19:04:01.178192,
(b3)2504,25,almond hulls,149,28,compositional,xylan,9.8,% dry weight,2,,38,knife mill (2mm),,,,capstan,pass,,2026-07-17 19:04:01.178192,
(b3)256d,25,almond hulls,149,28,compositional,glucan,25.35,% dry weight,2,,38,knife mill (2mm),,,,capstan,pass,,2026-07-17 19:04:01.178192,
(b3)2fe6,25,almond hulls,149,28,compositional,glucose,26.68,% dry weight,3,,38,knife mill (2mm),,,,capstan,pass,,2026-07-17 19:04:01.178192,
(b3)5a29,25,almond hulls,149,28,compositional,glucose,27.87,% dry weight,1,,38,knife mill (2mm),,,,capstan,pass,,2026-07-17 19:04:01.178192,
(b3)7544,25,almond hulls,149,28,compositional,xylan,10.27,% dry weight,1,,38,knife mill (2mm),,,,capstan,pass,,2026-07-17 19:04:01.178192,
(b3)8501,25,almond hulls,149,28,compositional,xylose,11.03,% dry weight,3,,38,knife mill (2mm),,,,capstan,pass,,2026-07-17 19:04:01.178192,
(b3)858a,25,almond hulls,149,28,compositional,lignin,26.1,% dry weight,1,,38,knife mill (2mm),,,,capstan,pass,,2026-07-17 19:04:01.178192,
(b3)883d,25,almond hulls,149,28,compositional,lignin,26.16,% dry weight,3,,38,knife mill (2mm),,,,capstan,pass,,2026-07-17 19:04:01.178192,
(b3)9284,25,almond hulls,149,28,compositional,glucan,25.09,% dry weight,1,,38,knife mill (2mm),,,,capstan,pass,,2026-07-17 19:04:01.178192,
(b3)afda,25,almond hulls,149,28,compositional,xylan,9.71,% dry weight,3,,38,knife mill (2mm),,,,capstan,pass,,2026-07-17 19:04:01.178192,
(b3)b234,25,almond hulls,149,28,compositional,glucose,28.17,% dry weight,2,,38,knife mill (2mm),,,,capstan,pass,,2026-07-17 19:04:01.178192,
(b3)e8a9,25,almond hulls,149,28,compositional,xylose,11.13,% dry weight,2,,38,knife mill (2mm),,,,capstan,pass,,2026-07-17 19:04:01.178192,
(b3)f397,25,almond hulls,149,28,compositional,xylose,11.67,% dry weight,1,,38,knife mill (2mm),,,,capstan,pass,,2026-07-17 19:04:01.178192,
(b5)2461,28,walnut shelling fines,175,30,compositional,glucose,11.64,% dry weight,1,,39,as is,,,,cutaway,pass,,2026-07-17 19:04:01.178192,
(b5)25fa,28,walnut shelling fines,175,30,compositional,xylose,12.8,% dry weight,2,,39,as is,,,,cutaway,pass,,2026-07-17 19:04:01.178192,
(b5)35b0,28,walnut shelling fines,175,30,compositional,xylose,13.05,% dry weight,1,,39,as is,,,,cutaway,pass,,2026-07-17 19:04:01.178192,
(b5)3bc5,28,walnut shelling fines,175,30,compositional,glucan,10.82,% dry weight,3,,39,as is,,,,cutaway,pass,,2026-07-17 19:04:01.178192,
(b5)41d7,28,walnut shelling fines,175,30,compositional,xylan,11.48,% dry weight,1,,39,as is,,,,cutaway,pass,,2026-07-17 19:04:01.178192,
(b5)4e58,28,walnut shelling fines,175,30,compositional,glucose,12.02,% dry weight,3,,39,as is,,,,cutaway,pass,,2026-07-17 19:04:01.178192,
(b5)70e4,28,walnut shelling fines,175,30,compositional,xylan,9.77,% dry weight,3,,39,as is,,,,cutaway,pass,,2026-07-17 19:04:01.178192,
(b5)8e9b,28,walnut shelling fines,175,30,compositional,lignin,52.78,% dry weight,1,,39,as is,,,,cutaway,pass,,2026-07-17 19:04:01.178192,
(b5)987c,28,walnut shelling fines,175,30,compositional,lignin,52.3,% dry weight,2,,39,as is,,,,cutaway,pass,,2026-07-17 19:04:01.178192,
(b5)b12b,28,walnut shelling fines,175,30,compositional,xylan,11.26,% dry weight,2,,39,as is,,,,cutaway,pass,,2026-07-17 19:04:01.178192,
(b5)b24f,28,walnut shelling fines,175,30,compositional,lignin,52.54,% dry weight,3,,39,as is,,,,cutaway,pass,,2026-07-17 19:04:01.178192,
(b5)c9e0,28,walnut shelling fines,175,30,compositional,xylose,11.1,% dry weight,3,,39,as is,,,,cutaway,pass,,2026-07-17 19:04:01.178192,
(b5)da39,28,walnut shelling fines,175,30,compositional,glucan,10.47,% dry weight,1,,39,as is,,,,cutaway,pass,,2026-07-17 19:04:01.178192,
(b5)e90a,28,walnut shelling fines,175,30,compositional,glucan,10.77,% dry weight,2,,39,as is,,,,cutaway,pass,,2026-07-17 19:04:01.178192,
(b5)f9ad,28,walnut shelling fines,175,30,compositional,glucose,11.97,% dry weight,2,,39,as is,,,,cutaway,pass,,2026-07-17 19:04:01.178192,
(b7)18ba,25,almond hulls,154,28,compositional,lignin,24.09,% dry weight,3,,38,knife mill (2mm),,,,capstan,pass,,2026-07-17 19:04:01.178192,
(b7)2999,25,almond hulls,154,28,compositional,xylan,10.56,% dry weight,2,,38,knife mill (2mm),,,,capstan,pass,,2026-07-17 19:04:01.178192,
(b7)34d1,25,almond hulls,154,28,compositional,glucose,29.9,% dry weight,2,,38,knife mill (2mm),,,,capstan,pass,,2026-07-17 19:04:01.178192,
(b7)3dd4,25,almond hulls,154,28,compositional,xylose,11.55,% dry weight,3,,38,knife mill (2mm),,,,capstan,pass,,2026-07-17 19:04:01.178192,
(b7)4b7b,25,almond hulls,154,28,compositional,xylan,10.64,% dry weight,1,,38,knife mill (2mm),,,,capstan,pass,,2026-07-17 19:04:01.178192,
(b7)5c80,25,almond hulls,154,28,compositional,xylan,10.16,% dry weight,3,,38,knife mill (2mm),,,,capstan,pass,,2026-07-17 19:04:01.178192,
(b7)5f3f,25,almond hulls,154,28,compositional,lignin,24.63,% dry weight,1,,38,knife mill (2mm),,,,capstan,pass,,2026-07-17 19:04:01.178192,
(b7)63c6,25,almond hulls,154,28,compositional,xylose,12.09,% dry weight,1,,38,knife mill (2mm),,,,capstan,pass,,2026-07-17 19:04:01.178192,
(b7)681d,25,almond hulls,154,28,compositional,glucose,29.79,% dry weight,1,,38,knife mill (2mm),,,,capstan,pass,,2026-07-17 19:04:01.178192,
(b7)7817,25,almond hulls,154,28,compositional,glucose,29.26,% dry weight,3,,38,knife mill (2mm),,,,capstan,pass,,2026-07-17 19:04:01.178192,
(b7)8030,25,almond hulls,154,28,compositional,glucan,26.81,% dry weight,1,,38,knife mill (2mm),,,,capstan,pass,,2026-07-17 19:04:01.178192,
(b7)95bc,25,almond hulls,154,28,compositional,lignin,24.57,% dry weight,2,,38,knife mill (2mm),,,,capstan,pass,,2026-07-17 19:04:01.178192,
(b7)a8d6,25,almond hulls,154,28,compositional,xylose,12.0,% dry weight,2,,38,knife mill (2mm),,,,capstan,pass,,2026-07-17 19:04:01.178192,
(b7)bc73,25,almond hulls,154,28,compositional,glucan,26.34,% dry weight,3,,38,knife mill (2mm),,,,capstan,pass,,2026-07-17 19:04:01.178192,
(b7)cc61,25,almond hulls,154,28,compositional,glucan,26.91,% dry weight,2,,38,knife mill (2mm),,,,capstan,pass,,2026-07-17 19:04:01.178192,
(b8)1335,5,alfalfa,79,34,compositional,xylan,13.02,% dry weight,3,,38,knife mill (2mm),,,,possessive,pass,,2026-07-17 19:04:01.178192,
(b8)3b4b,5,alfalfa,79,34,compositional,glucose,32.6,% dry weight,1,,38,knife mill (2mm),,,,possessive,pass,,2026-07-17 19:04:01.178192,
(b8)5436,5,alfalfa,79,34,compositional,xylose,14.79,% dry weight,3,,38,knife mill (2mm),,,,possessive,pass,,2026-07-17 19:04:01.178192,
(b8)57a9,5,alfalfa,79,34,compositional,xylan,13.17,% dry weight,2,,38,knife mill (2mm),,,,possessive,pass,,2026-07-17 19:04:01.178192,
(b8)6d57,5,alfalfa,79,34,compositional,glucan,27.85,% dry weight,3,,38,knife mill (2mm),,,,possessive,pass,,2026-07-17 19:04:01.178192,
(b8)76e6,5,alfalfa,79,34,compositional,xylose,15.59,% dry weight,1,,38,knife mill (2mm),,,,possessive,pass,,2026-07-17 19:04:01.178192,
(b8)8fcf,5,alfalfa,79,34,compositional,lignin,22.0,% dry weight,3,,38,knife mill (2mm),,,,possessive,pass,,2026-07-17 19:04:01.178192,
(b8)905a,5,alfalfa,79,34,compositional,glucose,30.94,% dry weight,2,,38,knife mill (2mm),,,,possessive,pass,,2026-07-17 19:04:01.178192,
(b8)9d2b,5,alfalfa,79,34,compositional,lignin,22.32,% dry weight,1,,38,knife mill (2mm),,,,possessive,pass,,2026-07-17 19:04:01.178192,
(b8)a51b,5,alfalfa,79,34,compositional,xylan,13.72,% dry weight,1,,38,knife mill (2mm),,,,possessive,pass,,2026-07-17 19:04:01.178192,
(b8)cd1b,5,alfalfa,79,34,compositional,xylose,14.97,% dry weight,2,,38,knife mill (2mm),,,,possessive,pass,,2026-07-17 19:04:01.178192,
(b8)d441,5,alfalfa,79,34,compositional,glucan,27.85,% dry weight,2,,38,knife mill (2mm),,,,possessive,pass,,2026-07-17 19:04:01.178192,
(b8)da13,5,alfalfa,79,34,compositional,glucan,29.34,% dry weight,1,,38,knife mill (2mm),,,,possessive,pass,,2026-07-17 19:04:01.178192,
(b8)de76,5,alfalfa,79,34,compositional,glucose,30.95,% dry weight,3,,38,knife mill (2mm),,,,possessive,pass,,2026-07-17 19:04:01.178192,
(b8)fa89,5,alfalfa,79,34,compositional,lignin,22.48,% dry weight,2,,38,knife mill (2mm),,,,possessive,pass,,2026-07-17 19:04:01.178192,
(ba)057a,32,olive pomace,164,30,compositional,glucan,11.52,% dry weight,3,,33,oven dry + knife mill (2mm),,,,excellent,pass,,2026-07-17 19:04:01.178192,
(ba)10eb,32,olive pomace,164,30,compositional,lignin,46.42,% dry weight,3,,33,oven dry + knife mill (2mm),,,,excellent,pass,,2026-07-17 19:04:01.178192,
(ba)1c19,32,olive pomace,164,30,compositional,glucose,12.67,% dry weight,2,,33,oven dry + knife mill (2mm),,,,excellent,pass,,2026-07-17 19:04:01.178192,
(ba)231c,32,olive pomace,164,30,compositional,xylan,13.96,% dry weight,2,,33,oven dry + knife mill (2mm),,,,excellent,pass,,2026-07-17 19:04:01.178192,
(ba)3435,32,olive pomace,164,30,compositional,xylose,16.55,% dry weight,1,,33,oven dry + knife mill (2mm),,,,excellent,pass,,2026-07-17 19:04:01.178192,
(ba)3b31,32,olive pomace,164,30,compositional,lignin,46.81,% dry weight,1,,33,oven dry + knife mill (2mm),,,,excellent,pass,,2026-07-17 19:04:01.178192,
(ba)4bc0,32,olive pomace,164,30,compositional,glucan,11.4,% dry weight,2,,33,oven dry + knife mill (2mm),,,,excellent,pass,,2026-07-17 19:04:01.178192,
(ba)4f41,32,olive pomace,164,30,compositional,lignin,46.97,% dry weight,2,,33,oven dry + knife mill (2mm),,,,excellent,pass,,2026-07-17 19:04:01.178192,
(ba)5ec9,32,olive pomace,164,30,compositional,xylan,14.57,% dry weight,1,,33,oven dry + knife mill (2mm),,,,excellent,pass,,2026-07-17 19:04:01.178192,
(ba)79c9,32,olive pomace,164,30,compositional,glucose,12.8,% dry weight,3,,33,oven dry + knife mill (2mm),,,,excellent,pass,,2026-07-17 19:04:01.178192,
(ba)7ab9,32,olive pomace,164,30,compositional,xylose,15.87,% dry weight,2,,33,oven dry + knife mill (2mm),,,,excellent,pass,,2026-07-17 19:04:01.178192,
(ba)816d,32,olive pomace,164,30,compositional,xylose,16.24,% dry weight,3,,33,oven dry + knife mill (2mm),,,,excellent,pass,,2026-07-17 19:04:01.178192,
(ba)9627,32,olive pomace,164,30,compositional,glucose,12.77,% dry weight,1,,33,oven dry + knife mill (2mm),,,,excellent,pass,,2026-07-17 19:04:01.178192,
(ba)a296,32,olive pomace,164,30,compositional,glucan,11.49,% dry weight,1,,33,oven dry + knife mill (2mm),,,,excellent,pass,,2026-07-17 19:04:01.178192,
(ba)b745,32,olive pomace,164,30,compositional,xylan,14.29,% dry weight,3,,33,oven dry + knife mill (2mm),,,,excellent,pass,,2026-07-17 19:04:01.178192,
(bc)3853,26,spent oak chips,124,31,compositional,glucan,46.14,% dry weight,3,,33,oven dry + knife mill (2mm),,,,rigging,,,2026-07-17 19:04:01.178192,
(bc)4a43,26,spent oak chips,124,31,compositional,lignin,42.9,% dry weight,2,,33,oven dry + knife mill (2mm),,,,rigging,,,2026-07-17 19:04:01.178192,
(bc)543c,26,spent oak chips,124,31,compositional,glucan,32.76,% dry weight,2,,33,oven dry + knife mill (2mm),,,,rigging,,,2026-07-17 19:04:01.178192,
(bc)5968,26,spent oak chips,124,31,compositional,xylan,4.0,% dry weight,2,,33,oven dry + knife mill (2mm),,,,rigging,,,2026-07-17 19:04:01.178192,
(bc)666e,26,spent oak chips,124,31,compositional,xylose,4.54,% dry weight,2,,33,oven dry + knife mill (2mm),,,,rigging,,,2026-07-17 19:04:01.178192,
(bc)8bc5,26,spent oak chips,124,31,compositional,lignin,42.91,% dry weight,3,,33,oven dry + knife mill (2mm),,,,rigging,,,2026-07-17 19:04:01.178192,
(bc)8bea,26,spent oak chips,124,31,compositional,xylose,4.33,% dry weight,1,,33,oven dry + knife mill (2mm),,,,rigging,,,2026-07-17 19:04:01.178192,
(bc)9ad4,26,spent oak chips,124,31,compositional,glucan,29.92,% dry weight,1,,33,oven dry + knife mill (2mm),,,,rigging,,,2026-07-17 19:04:01.178192,
(bc)a1d4,26,spent oak chips,124,31,compositional,xylan,5.7,% dry weight,3,,33,oven dry + knife mill (2mm),,,,rigging,,,2026-07-17 19:04:01.178192,
(bc)a6b1,26,spent oak chips,124,31,compositional,glucose,36.4,% dry weight,2,,33,oven dry + knife mill (2mm),,,,rigging,,,2026-07-17 19:04:01.178192,
(bc)b1c1,26,spent oak chips,124,31,compositional,glucose,51.26,% dry weight,3,,33,oven dry + knife mill (2mm),,,,rigging,,,2026-07-17 19:04:01.178192,
(bc)b2b8,26,spent oak chips,124,31,compositional,xylose,6.48,% dry weight,3,,33,oven dry + knife mill (2mm),,,,rigging,,,2026-07-17 19:04:01.178192,
(bc)d686,26,spent oak chips,124,31,compositional,glucose,33.24,% dry weight,1,,33,oven dry + knife mill (2mm),,,,rigging,,,2026-07-17 19:04:01.178192,
(bc)e785,26,spent oak chips,124,31,compositional,lignin,43.54,% dry weight,1,,33,oven dry + knife mill (2mm),,,,rigging,,,2026-07-17 19:04:01.178192,
(bc)f8b5,26,spent oak chips,124,31,compositional,xylan,3.81,% dry weight,1,,33,oven dry + knife mill (2mm),,,,rigging,,,2026-07-17 19:04:01.178192,
(be)2dd0,26,spent oak chips,122,31,compositional,lignin,28.05,% dry weight,3,,33,oven dry + knife mill (2mm),,,,rigging,,,2026-07-17 19:04:01.178192,
(be)3b12,26,spent oak chips,122,31,compositional,glucan,38.97,% dry weight,1,,33,oven dry + knife mill (2mm),,,,rigging,,,2026-07-17 19:04:01.178192,
(be)4004,26,spent oak chips,122,31,compositional,glucose,43.3,% dry weight,1,,33,oven dry + knife mill (2mm),,,,rigging,,,2026-07-17 19:04:01.178192,
(be)61e9,26,spent oak chips,122,31,compositional,glucan,24.51,% dry weight,2,,33,oven dry + knife mill (2mm),,,,rigging,,,2026-07-17 19:04:01.178192,
(be)624d,26,spent oak chips,122,31,compositional,xylose,22.62,% dry weight,3,,33,oven dry + knife mill (2mm),,,,rigging,,,2026-07-17 19:04:01.178192,
(be)687b,26,spent oak chips,122,31,compositional,glucan,39.58,% dry weight,3,,33,oven dry + knife mill (2mm),,,,rigging,,,2026-07-17 19:04:01.178192,
(be)6aec,26,spent oak chips,122,31,compositional,xylan,19.9,% dry weight,3,,33,oven dry + knife mill (2mm),,,,rigging,,,2026-07-17 19:04:01.178192,
(be)7964,26,spent oak chips,122,31,compositional,glucose,43.98,% dry weight,3,,33,oven dry + knife mill (2mm),,,,rigging,,,2026-07-17 19:04:01.178192,
(be)8b30,26,spent oak chips,122,31,compositional,xylose,22.84,% dry weight,1,,33,oven dry + knife mill (2mm),,,,rigging,,,2026-07-17 19:04:01.178192,
(be)8eeb,26,spent oak chips,122,31,compositional,xylose,14.34,% dry weight,2,,33,oven dry + knife mill (2mm),,,,rigging,,,2026-07-17 19:04:01.178192,
(be)a222,26,spent oak chips,122,31,compositional,xylan,12.62,% dry weight,2,,33,oven dry + knife mill (2mm),,,,rigging,,,2026-07-17 19:04:01.178192,
(be)c6e4,26,spent oak chips,122,31,compositional,lignin,27.42,% dry weight,2,,33,oven dry + knife mill (2mm),,,,rigging,,,2026-07-17 19:04:01.178192,
(be)ca3c,26,spent oak chips,122,31,compositional,lignin,28.38,% dry weight,1,,33,oven dry + knife mill (2mm),,,,rigging,,,2026-07-17 19:04:01.178192,
(be)cf53,26,spent oak chips,122,31,compositional,xylan,20.1,% dry weight,1,,33,oven dry + knife mill (2mm),,,,rigging,,,2026-07-17 19:04:01.178192,
(be)d020,26,spent oak chips,122,31,compositional,glucose,27.24,% dry weight,2,,33,oven dry + knife mill (2mm),,,,rigging,,,2026-07-17 19:04:01.178192,
(c0)0a41,9,pistachio hulls,133,37,compositional,glucose,12.66,% dry weight,3,,33,oven dry + knife mill (2mm),,,,stuntman,pass,,2026-07-17 19:04:01.178192,
(c0)0f01,9,pistachio hulls,133,37,compositional,glucose,12.46,% dry weight,2,,33,oven dry + knife mill (2mm),,,,stuntman,pass,,2026-07-17 19:04:01.178192,
(c0)2163,9,pistachio hulls,133,37,compositional,xylan,7.73,% dry weight,2,,33,oven dry + knife mill (2mm),,,,stuntman,pass,,2026-07-17 19:04:01.178192,
(c0)21ce,9,pistachio hulls,133,37,compositional,glucan,11.55,% dry weight,1,,33,oven dry + knife mill (2mm),,,,stuntman,pass,,2026-07-17 19:04:01.178192,
(c0)2c34,9,pistachio hulls,133,37,compositional,lignin,42.92,% dry weight,3,,33,oven dry + knife mill (2mm),,,,stuntman,pass,,2026-07-17 19:04:01.178192,
(c0)47ff,9,pistachio hulls,133,37,compositional,xylan,8.12,% dry weight,1,,33,oven dry + knife mill (2mm),,,,stuntman,pass,,2026-07-17 19:04:01.178192,
(c0)4885,9,pistachio hulls,133,37,compositional,lignin,42.36,% dry weight,1,,33,oven dry + knife mill (2mm),,,,stuntman,pass,,2026-07-17 19:04:01.178192,
(c0)6e53,9,pistachio hulls,133,37,compositional,glucan,11.39,% dry weight,3,,33,oven dry + knife mill (2mm),,,,stuntman,pass,,2026-07-17 19:04:01.178192,
(c0)7c08,9,pistachio hulls,133,37,compositional,xylose,8.79,% dry weight,2,,33,oven dry + knife mill (2mm),,,,stuntman,pass,,2026-07-17 19:04:01.178192,
(c0)86e1,9,pistachio hulls,133,37,compositional,glucose,12.84,% dry weight,1,,33,oven dry + knife mill (2mm),,,,stuntman,pass,,2026-07-17 19:04:01.178192,
(c0)95c5,9,pistachio hulls,133,37,compositional,xylose,9.0,% dry weight,3,,33,oven dry + knife mill (2mm),,,,stuntman,pass,,2026-07-17 19:04:01.178192,
(c0)b33e,9,pistachio hulls,133,37,compositional,glucan,11.22,% dry weight,2,,33,oven dry + knife mill (2mm),,,,stuntman,pass,,2026-07-17 19:04:01.178192,
(c0)bbb6,9,pistachio hulls,133,37,compositional,xylan,7.92,% dry weight,3,,33,oven dry + knife mill (2mm),,,,stuntman,pass,,2026-07-17 19:04:01.178192,
(c0)c14e,9,pistachio hulls,133,37,compositional,lignin,43.26,% dry weight,2,,33,oven dry + knife mill (2mm),,,,stuntman,pass,,2026-07-17 19:04:01.178192,
(c0)cdec,9,pistachio hulls,133,37,compositional,xylose,9.23,% dry weight,1,,33,oven dry + knife mill (2mm),,,,stuntman,pass,,2026-07-17 19:04:01.178192,
(c1)0a0f,12,almond woodchips,54,36,compositional,xylose,21.4,% dry weight,2,,38,knife mill (2mm),14.0,,xkang2@lbl.gov,popular,pass,,2026-07-17 19:04:01.178192,
(c1)0d7d,12,almond woodchips,54,36,compositional,lignin,29.41,% dry weight,1,,38,knife mill (2mm),14.0,,xkang2@lbl.gov,popular,pass,,2026-07-17 19:04:01.178192,
(c1)3033,12,almond woodchips,54,36,compositional,xylan,18.77,% dry weight,3,,38,knife mill (2mm),14.0,,xkang2@lbl.gov,popular,pass,,2026-07-17 19:04:01.178192,
(c1)6ac6,12,almond woodchips,54,36,compositional,glucose,35.85,% dry weight,2,,38,knife mill (2mm),14.0,,xkang2@lbl.gov,popular,pass,,2026-07-17 19:04:01.178192,
(c1)6bdb,12,almond woodchips,54,36,compositional,glucose,35.71,% dry weight,1,,38,knife mill (2mm),14.0,,xkang2@lbl.gov,popular,pass,,2026-07-17 19:04:01.178192,
(c1)6d4d,12,almond woodchips,54,36,compositional,xylose,21.55,% dry weight,1,,38,knife mill (2mm),14.0,,xkang2@lbl.gov,popular,pass,,2026-07-17 19:04:01.178192,
(c1)6e7e,12,almond woodchips,54,36,compositional,xylan,18.96,% dry weight,1,,38,knife mill (2mm),14.0,,xkang2@lbl.gov,popular,pass,,2026-07-17 19:04:01.178192,
(c1)8cf2,12,almond woodchips,54,36,compositional,xylose,21.33,% dry weight,3,,38,knife mill (2mm),14.0,,xkang2@lbl.gov,popular,pass,,2026-07-17 19:04:01.178192,
(c1)94c5,12,almond woodchips,54,36,compositional,glucose,35.19,% dry weight,3,,38,knife mill (2mm),14.0,,xkang2@lbl.gov,popular,pass,,2026-07-17 19:04:01.178192,
(c1)9ec0,12,almond woodchips,54,36,compositional,xylan,18.83,% dry weight,2,,38,knife mill (2mm),14.0,,xkang2@lbl.gov,popular,pass,,2026-07-17 19:04:01.178192,
(c1)ae8b,12,almond woodchips,54,36,compositional,lignin,28.9,% dry weight,2,,38,knife mill (2mm),14.0,,xkang2@lbl.gov,popular,pass,,2026-07-17 19:04:01.178192,
(c1)b2a8,12,almond woodchips,54,36,compositional,glucan,32.27,% dry weight,2,,38,knife mill (2mm),14.0,,xkang2@lbl.gov,popular,pass,,2026-07-17 19:04:01.178192,
(c1)b63a,12,almond woodchips,54,36,compositional,glucan,31.67,% dry weight,3,,38,knife mill (2mm),14.0,,xkang2@lbl.gov,popular,pass,,2026-07-17 19:04:01.178192,
(c1)b8b5,12,almond woodchips,54,36,compositional,lignin,29.48,% dry weight,3,,38,knife mill (2mm),14.0,,xkang2@lbl.gov,popular,pass,,2026-07-17 19:04:01.178192,
(c1)e9b5,12,almond woodchips,54,36,compositional,glucan,32.14,% dry weight,1,,38,knife mill (2mm),14.0,,xkang2@lbl.gov,popular,pass,,2026-07-17 19:04:01.178192,
(c4)0589,6,unused oak stick,29,36,compositional,lignin,36.22,% dry weight,3,,38,knife mill (2mm),14.0,,xkang2@lbl.gov,maplewood,pass,,2026-07-17 19:04:01.178192,
(c4)111c,6,unused oak stick,29,36,compositional,xylan,13.94,% dry weight,1,,38,knife mill (2mm),14.0,,xkang2@lbl.gov,maplewood,pass,,2026-07-17 19:04:01.178192,
(c4)126d,6,unused oak stick,29,36,compositional,glucan,39.39,% dry weight,1,,38,knife mill (2mm),14.0,,xkang2@lbl.gov,maplewood,pass,,2026-07-17 19:04:01.178192,
(c4)226a,6,unused oak stick,29,36,compositional,xylose,15.85,% dry weight,1,,38,knife mill (2mm),14.0,,xkang2@lbl.gov,maplewood,pass,,2026-07-17 19:04:01.178192,
(c4)24f1,6,unused oak stick,29,36,compositional,xylose,16.04,% dry weight,2,,38,knife mill (2mm),14.0,,xkang2@lbl.gov,maplewood,pass,,2026-07-17 19:04:01.178192,
(c4)3676,6,unused oak stick,29,36,compositional,lignin,35.44,% dry weight,2,,38,knife mill (2mm),14.0,,xkang2@lbl.gov,maplewood,pass,,2026-07-17 19:04:01.178192,
(c4)3724,6,unused oak stick,29,36,compositional,xylose,15.71,% dry weight,3,,38,knife mill (2mm),14.0,,xkang2@lbl.gov,maplewood,pass,,2026-07-17 19:04:01.178192,
(c4)4695,6,unused oak stick,29,36,compositional,glucose,44.13,% dry weight,2,,38,knife mill (2mm),14.0,,xkang2@lbl.gov,maplewood,pass,,2026-07-17 19:04:01.178192,
(c4)504e,6,unused oak stick,29,36,compositional,glucose,43.77,% dry weight,1,,38,knife mill (2mm),14.0,,xkang2@lbl.gov,maplewood,pass,,2026-07-17 19:04:01.178192,
(c4)5987,6,unused oak stick,29,36,compositional,xylan,14.11,% dry weight,2,,38,knife mill (2mm),14.0,,xkang2@lbl.gov,maplewood,pass,,2026-07-17 19:04:01.178192,
(c4)677c,6,unused oak stick,29,36,compositional,glucan,39.72,% dry weight,2,,38,knife mill (2mm),14.0,,xkang2@lbl.gov,maplewood,pass,,2026-07-17 19:04:01.178192,
(c4)68bc,6,unused oak stick,29,36,compositional,lignin,35.37,% dry weight,1,,38,knife mill (2mm),14.0,,xkang2@lbl.gov,maplewood,pass,,2026-07-17 19:04:01.178192,
(c4)882a,6,unused oak stick,29,36,compositional,glucan,38.78,% dry weight,3,,38,knife mill (2mm),14.0,,xkang2@lbl.gov,maplewood,pass,,2026-07-17 19:04:01.178192,
(c4)9c93,6,unused oak stick,29,36,compositional,xylan,13.83,% dry weight,3,,38,knife mill (2mm),14.0,,xkang2@lbl.gov,maplewood,pass,,2026-07-17 19:04:01.178192,
(c4)fccc,6,unused oak stick,29,36,compositional,glucose,43.09,% dry weight,3,,38,knife mill (2mm),14.0,,xkang2@lbl.gov,maplewood,pass,,2026-07-17 19:04:01.178192,
(c5)02f2,22,walnut tree sticks,228,28,compositional,lignin,29.4,% dry weight,3,,40,chipper (1in) + oven dry + knife mill (2mm),,,,badger,pass,,2026-07-17 19:04:01.178192,
(c5)0d9b,22,walnut tree sticks,228,28,compositional,xylose,17.46,% dry weight,1,,40,chipper (1in) + oven dry + knife mill (2mm),,,,badger,pass,,2026-07-17 19:04:01.178192,
(c5)0ed9,26,spent oak chips,27,36,compositional,xylan,6.67,% dry weight,2,,38,knife mill (2mm),14.0,,xkang2@lbl.gov,maplewood,pass,,2026-07-17 19:04:01.178192,
(c5)18bf,22,walnut tree sticks,228,28,compositional,glucan,34.25,% dry weight,1,,40,chipper (1in) + oven dry + knife mill (2mm),,,,badger,pass,,2026-07-17 19:04:01.178192,
(c5)1af8,22,walnut tree sticks,228,28,compositional,glucan,33.31,% dry weight,2,,40,chipper (1in) + oven dry + knife mill (2mm),,,,badger,pass,,2026-07-17 19:04:01.178192,
(c5)1d8d,26,spent oak chips,27,38,compositional,lignin,44.69,% dry weight,3,,38,knife mill (2mm),14.0,,xkang2@lbl.gov,maplewood,pass,,2026-07-17 19:04:01.178192,
(c5)1f57,22,walnut tree sticks,228,28,compositional,xylan,15.36,% dry weight,1,,40,chipper (1in) + oven dry + knife mill (2mm),,,,badger,pass,,2026-07-17 19:04:01.178192,
(c5)24af,26,spent oak chips,27,36,compositional,glucan,41.28,% dry weight,1,,38,knife mill (2mm),14.0,,xkang2@lbl.gov,maplewood,pass,,2026-07-17 19:04:01.178192,
(c5)267f,26,spent oak chips,27,36,compositional,xylose,7.58,% dry weight,2,,38,knife mill (2mm),14.0,,xkang2@lbl.gov,maplewood,pass,,2026-07-17 19:04:01.178192,
(c5)27e9,26,spent oak chips,27,36,compositional,xylose,7.39,% dry weight,1,,38,knife mill (2mm),14.0,,xkang2@lbl.gov,maplewood,pass,,2026-07-17 19:04:01.178192,
(c5)2932,22,walnut tree sticks,228,28,compositional,lignin,28.49,% dry weight,2,,40,chipper (1in) + oven dry + knife mill (2mm),,,,badger,pass,,2026-07-17 19:04:01.178192,
(c5)2d94,22,walnut tree sticks,228,28,compositional,xylan,15.27,% dry weight,3,,40,chipper (1in) + oven dry + knife mill (2mm),,,,badger,pass,,2026-07-17 19:04:01.178192,
(c5)5f9f,26,spent oak chips,27,36,compositional,xylose,7.4,% dry weight,3,,38,knife mill (2mm),14.0,,xkang2@lbl.gov,maplewood,pass,,2026-07-17 19:04:01.178192,
(c5)624f,22,walnut tree sticks,228,28,compositional,glucose,38.05,% dry weight,1,,40,chipper (1in) + oven dry + knife mill (2mm),,,,badger,pass,,2026-07-17 19:04:01.178192,
(c5)6d4b,22,walnut tree sticks,228,28,compositional,glucan,34.38,% dry weight,3,,40,chipper (1in) + oven dry + knife mill (2mm),,,,badger,pass,,2026-07-17 19:04:01.178192,
(c5)6fa0,26,spent oak chips,27,36,compositional,glucose,45.86,% dry weight,1,,38,knife mill (2mm),14.0,,xkang2@lbl.gov,maplewood,pass,,2026-07-17 19:04:01.178192,
(c5)7034,26,spent oak chips,27,36,compositional,glucose,46.16,% dry weight,3,,38,knife mill (2mm),14.0,,xkang2@lbl.gov,maplewood,pass,,2026-07-17 19:04:01.178192,
(c5)86ca,26,spent oak chips,27,36,compositional,lignin,44.09,% dry weight,1,,38,knife mill (2mm),14.0,,xkang2@lbl.gov,maplewood,pass,,2026-07-17 19:04:01.178192,
(c5)8f41,26,spent oak chips,27,36,compositional,glucan,42.22,% dry weight,2,,38,knife mill (2mm),14.0,,xkang2@lbl.gov,maplewood,pass,,2026-07-17 19:04:01.178192,
(c5)a648,26,spent oak chips,27,36,compositional,xylan,6.51,% dry weight,3,,38,knife mill (2mm),14.0,,xkang2@lbl.gov,maplewood,pass,,2026-07-17 19:04:01.178192,
(c5)b324,26,spent oak chips,27,36,compositional,glucose,46.91,% dry weight,2,,38,knife mill (2mm),14.0,,xkang2@lbl.gov,maplewood,pass,,2026-07-17 19:04:01.178192,
(c5)bcb2,22,walnut tree sticks,228,28,compositional,glucose,37.01,% dry weight,2,,40,chipper (1in) + oven dry + knife mill (2mm),,,,badger,pass,,2026-07-17 19:04:01.178192,
(c5)c098,22,walnut tree sticks,228,28,compositional,lignin,28.71,% dry weight,1,,40,chipper (1in) + oven dry + knife mill (2mm),,,,badger,pass,,2026-07-17 19:04:01.178192,
(c5)c20a,26,spent oak chips,27,36,compositional,xylan,6.5,% dry weight,1,,38,knife mill (2mm),14.0,,xkang2@lbl.gov,maplewood,pass,,2026-07-17 19:04:01.178192,
(c5)c9d1,22,walnut tree sticks,228,28,compositional,glucose,38.2,% dry weight,3,,40,chipper (1in) + oven dry + knife mill (2mm),,,,badger,pass,,2026-07-17 19:04:01.178192,
(c5)ca15,22,walnut tree sticks,228,28,compositional,xylan,14.65,% dry weight,2,,40,chipper (1in) + oven dry + knife mill (2mm),,,,badger,pass,,2026-07-17 19:04:01.178192,
(c5)cc25,26,spent oak chips,27,36,compositional,glucan,41.54,% dry weight,3,,38,knife mill (2mm),14.0,,xkang2@lbl.gov,maplewood,pass,,2026-07-17 19:04:01.178192,
(c5)daf9,22,walnut tree sticks,228,28,compositional,xylose,16.64,% dry weight,2,,40,chipper (1in) + oven dry + knife mill (2mm),,,,badger,pass,,2026-07-17 19:04:01.178192,
(c5)e06a,22,walnut tree sticks,228,28,compositional,xylose,17.35,% dry weight,3,,40,chipper (1in) + oven dry + knife mill (2mm),,,,badger,pass,,2026-07-17 19:04:01.178192,
(c5)f357,26,spent oak chips,27,36,compositional,lignin,44.78,% dry weight,2,,38,knife mill (2mm),14.0,,xkang2@lbl.gov,maplewood,pass,,2026-07-17 19:04:01.178192,
(c7)0c90,35,almond branches,53,36,compositional,xylan,13.9,% dry weight,1,,38,knife mill (2mm),14.0,,xkang2@lbl.gov,vibrant,pass,,2026-07-17 19:04:01.178192,
(c7)32d3,35,almond branches,53,36,compositional,glucose,28.26,% dry weight,3,,38,knife mill (2mm),14.0,,xkang2@lbl.gov,vibrant,pass,,2026-07-17 19:04:01.178192,
(c7)4017,35,almond branches,53,36,compositional,lignin,34.64,% dry weight,1,,38,knife mill (2mm),14.0,,xkang2@lbl.gov,vibrant,pass,,2026-07-17 19:04:01.178192,
(c7)4fab,35,almond branches,53,36,compositional,glucose,26.32,% dry weight,1,,38,knife mill (2mm),14.0,,xkang2@lbl.gov,vibrant,pass,,2026-07-17 19:04:01.178192,
(c7)548b,35,almond branches,53,36,compositional,xylose,17.32,% dry weight,3,,38,knife mill (2mm),14.0,,xkang2@lbl.gov,vibrant,pass,,2026-07-17 19:04:01.178192,
(c7)55ad,35,almond branches,53,36,compositional,glucose,28.01,% dry weight,2,,38,knife mill (2mm),14.0,,xkang2@lbl.gov,vibrant,pass,,2026-07-17 19:04:01.178192,
(c7)5eb1,35,almond branches,53,36,compositional,xylan,15.25,% dry weight,2,,38,knife mill (2mm),14.0,,xkang2@lbl.gov,vibrant,pass,,2026-07-17 19:04:01.178192,
(c7)70cd,35,almond branches,53,36,compositional,glucan,25.21,% dry weight,2,,38,knife mill (2mm),14.0,,xkang2@lbl.gov,vibrant,pass,,2026-07-17 19:04:01.178192,
(c7)71f6,35,almond branches,53,36,compositional,xylose,17.33,% dry weight,2,,38,knife mill (2mm),14.0,,xkang2@lbl.gov,vibrant,pass,,2026-07-17 19:04:01.178192,
(c7)749c,35,almond branches,53,36,compositional,xylan,15.24,% dry weight,3,,38,knife mill (2mm),14.0,,xkang2@lbl.gov,vibrant,pass,,2026-07-17 19:04:01.178192,
(c7)8b0b,35,almond branches,53,36,compositional,lignin,33.57,% dry weight,3,,38,knife mill (2mm),14.0,,xkang2@lbl.gov,vibrant,pass,,2026-07-17 19:04:01.178192,
(c7)a5f2,35,almond branches,53,36,compositional,glucan,25.44,% dry weight,3,,38,knife mill (2mm),14.0,,xkang2@lbl.gov,vibrant,pass,,2026-07-17 19:04:01.178192,
(c7)bffa,35,almond branches,53,36,compositional,xylose,15.8,% dry weight,1,,38,knife mill (2mm),14.0,,xkang2@lbl.gov,vibrant,pass,,2026-07-17 19:04:01.178192,
(c7)f332,35,almond branches,53,36,compositional,lignin,33.62,% dry weight,2,,38,knife mill (2mm),14.0,,xkang2@lbl.gov,vibrant,pass,,2026-07-17 19:04:01.178192,
(c7)fb25,35,almond branches,53,36,compositional,glucan,23.69,% dry weight,1,,38,knife mill (2mm),14.0,,xkang2@lbl.gov,vibrant,pass,,2026-07-17 19:04:01.178192,
(ca)0336,27,rice straw,155,34,compositional,lignin,19.13,% dry weight,1,,38,knife mill (2mm),,,,possessive,pass,,2026-07-17 19:04:01.178192,
(ca)0ac2,27,rice straw,155,34,compositional,lignin,18.92,% dry weight,2,,38,knife mill (2mm),,,,possessive,pass,,2026-07-17 19:04:01.178192,
(ca)143e,27,rice straw,155,34,compositional,glucan,33.1,% dry weight,1,,38,knife mill (2mm),,,,possessive,pass,,2026-07-17 19:04:01.178192,
(ca)1c11,27,rice straw,155,34,compositional,xylan,16.97,% dry weight,2,,38,knife mill (2mm),,,,possessive,pass,,2026-07-17 19:04:01.178192,
(ca)1ec6,27,rice straw,155,34,compositional,xylan,17.15,% dry weight,3,,38,knife mill (2mm),,,,possessive,pass,,2026-07-17 19:04:01.178192,
(ca)23fe,27,rice straw,155,34,compositional,xylan,16.1,% dry weight,1,,38,knife mill (2mm),,,,possessive,pass,,2026-07-17 19:04:01.178192,
(ca)2a06,27,rice straw,155,34,compositional,lignin,18.8,% dry weight,3,,38,knife mill (2mm),,,,possessive,pass,,2026-07-17 19:04:01.178192,
(ca)3a26,27,rice straw,155,34,compositional,glucan,34.0,% dry weight,3,,38,knife mill (2mm),,,,possessive,pass,,2026-07-17 19:04:01.178192,
(ca)3df0,27,rice straw,155,34,compositional,xylose,19.49,% dry weight,3,,38,knife mill (2mm),,,,possessive,pass,,2026-07-17 19:04:01.178192,
(ca)53ec,27,rice straw,155,34,compositional,xylose,18.3,% dry weight,1,,38,knife mill (2mm),,,,possessive,pass,,2026-07-17 19:04:01.178192,
(ca)9001,27,rice straw,155,34,compositional,glucose,37.78,% dry weight,3,,38,knife mill (2mm),,,,possessive,pass,,2026-07-17 19:04:01.178192,
(ca)b994,27,rice straw,155,34,compositional,glucose,36.78,% dry weight,1,,38,knife mill (2mm),,,,possessive,pass,,2026-07-17 19:04:01.178192,
(ca)beff,27,rice straw,155,34,compositional,glucose,37.58,% dry weight,2,,38,knife mill (2mm),,,,possessive,pass,,2026-07-17 19:04:01.178192,
(ca)cd2f,27,rice straw,155,34,compositional,xylose,19.28,% dry weight,2,,38,knife mill (2mm),,,,possessive,pass,,2026-07-17 19:04:01.178192,
(ca)cf48,27,rice straw,155,34,compositional,glucan,33.82,% dry weight,2,,38,knife mill (2mm),,,,possessive,pass,,2026-07-17 19:04:01.178192,
(d0)04fe,37,tomato pomace,97,29,compositional,xylose,11.97,% dry weight,1,,33,oven dry + knife mill (2mm),,,,gossamer,,,2026-07-17 19:04:01.178192,
(d0)0896,37,tomato pomace,97,29,compositional,lignin,50.36,% dry weight,1,,33,oven dry + knife mill (2mm),,,,gossamer,,,2026-07-17 19:04:01.178192,
(d0)1d6e,37,tomato pomace,97,29,compositional,xylose,10.22,% dry weight,3,,33,oven dry + knife mill (2mm),,,,gossamer,,,2026-07-17 19:04:01.178192,
(d0)2364,37,tomato pomace,97,29,compositional,xylose,9.85,% dry weight,2,,33,oven dry + knife mill (2mm),,,,gossamer,,,2026-07-17 19:04:01.178192,
(d0)2e27,37,tomato pomace,97,29,compositional,xylan,10.53,% dry weight,1,,33,oven dry + knife mill (2mm),,,,gossamer,,,2026-07-17 19:04:01.178192,
(d0)518d,37,tomato pomace,97,29,compositional,xylan,8.67,% dry weight,2,,33,oven dry + knife mill (2mm),,,,gossamer,,,2026-07-17 19:04:01.178192,
(d0)532a,37,tomato pomace,97,29,compositional,glucan,6.51,% dry weight,2,,33,oven dry + knife mill (2mm),,,,gossamer,,,2026-07-17 19:04:01.178192,
(d0)77bb,37,tomato pomace,97,29,compositional,lignin,47.86,% dry weight,2,,33,oven dry + knife mill (2mm),,,,gossamer,,,2026-07-17 19:04:01.178192,
(d0)77bf,37,tomato pomace,97,29,compositional,glucan,5.57,% dry weight,3,,33,oven dry + knife mill (2mm),,,,gossamer,,,2026-07-17 19:04:01.178192,
(d0)7c15,37,tomato pomace,97,29,compositional,xylan,8.99,% dry weight,3,,33,oven dry + knife mill (2mm),,,,gossamer,,,2026-07-17 19:04:01.178192,
(d0)847e,37,tomato pomace,97,29,compositional,glucose,7.23,% dry weight,2,,33,oven dry + knife mill (2mm),,,,gossamer,,,2026-07-17 19:04:01.178192,
(d0)9535,37,tomato pomace,97,29,compositional,glucose,8.36,% dry weight,1,,33,oven dry + knife mill (2mm),,,,gossamer,,,2026-07-17 19:04:01.178192,
(d0)be7d,37,tomato pomace,97,29,compositional,glucose,6.19,% dry weight,3,,33,oven dry + knife mill (2mm),,,,gossamer,,,2026-07-17 19:04:01.178192,
(d0)d87a,37,tomato pomace,97,29,compositional,lignin,47.78,% dry weight,3,,33,oven dry + knife mill (2mm),,,,gossamer,,,2026-07-17 19:04:01.178192,
(d0)f40a,37,tomato pomace,97,29,compositional,glucan,7.52,% dry weight,1,,33,oven dry + knife mill (2mm),,,,gossamer,,,2026-07-17 19:04:01.178192,
(d2)0b71,37,tomato pomace,6,40,compositional,lignin+,31.57,% dry weight,2,,36,oven dry,14.0,,xkang2@lbl.gov,pinecrest,pass,,2026-07-17 19:04:01.178192,
(d2)12cb,37,tomato pomace,6,40,compositional,xylan,8.84,% dry weight,1,,36,oven dry,14.0,,xkang2@lbl.gov,pinecrest,pass,,2026-07-17 19:04:01.178192,
(d2)1e4c,37,tomato pomace,6,40,compositional,xylan,8.72,% dry weight,3,,36,oven dry,14.0,,xkang2@lbl.gov,pinecrest,pass,,2026-07-17 19:04:01.178192,
(d2)2fae,37,tomato pomace,6,40,compositional,lignin+,30.53,% dry weight,1,,36,oven dry,14.0,,xkang2@lbl.gov,pinecrest,pass,,2026-07-17 19:04:01.178192,
(d2)42a2,37,tomato pomace,6,40,compositional,xylose,10.04,% dry weight,1,,36,oven dry,14.0,,xkang2@lbl.gov,pinecrest,pass,,2026-07-17 19:04:01.178192,
(d2)4d07,37,tomato pomace,6,40,compositional,glucose,21.0,% dry weight,2,,36,oven dry,14.0,,xkang2@lbl.gov,pinecrest,pass,,2026-07-17 19:04:01.178192,
(d2)62d0,37,tomato pomace,6,40,compositional,glucan,18.98,% dry weight,3,,36,oven dry,14.0,,xkang2@lbl.gov,pinecrest,pass,,2026-07-17 19:04:01.178192,
(d2)a7f3,37,tomato pomace,6,40,compositional,glucose,21.15,% dry weight,1,,36,oven dry,14.0,,xkang2@lbl.gov,pinecrest,pass,,2026-07-17 19:04:01.178192,
(d2)bdb6,37,tomato pomace,6,40,compositional,glucan,18.9,% dry weight,2,,36,oven dry,14.0,,xkang2@lbl.gov,pinecrest,pass,,2026-07-17 19:04:01.178192,
(d2)cadf,37,tomato pomace,6,40,compositional,glucan,19.04,% dry weight,1,,36,oven dry,14.0,,xkang2@lbl.gov,pinecrest,pass,,2026-07-17 19:04:01.178192,
(d2)cea7,37,tomato pomace,6,40,compositional,xylan,8.46,% dry weight,2,,36,oven dry,14.0,,xkang2@lbl.gov,pinecrest,pass,,2026-07-17 19:04:01.178192,
(d2)d344,37,tomato pomace,6,40,compositional,xylose,9.62,% dry weight,2,,36,oven dry,14.0,,xkang2@lbl.gov,pinecrest,pass,,2026-07-17 19:04:01.178192,
(d2)d758,37,tomato pomace,6,40,compositional,glucose,21.08,% dry weight,3,,36,oven dry,14.0,,xkang2@lbl.gov,pinecrest,pass,,2026-07-17 19:04:01.178192,
(d2)d96d,37,tomato pomace,6,40,compositional,lignin+,31.95,% dry weight,3,,36,oven dry,14.0,,xkang2@lbl.gov,pinecrest,pass,,2026-07-17 19:04:01.178192,
(d2)da56,37,tomato pomace,6,40,compositional,xylose,9.91,% dry weight,3,,36,oven dry,14.0,,xkang2@lbl.gov,pinecrest,pass,,2026-07-17 19:04:01.178192,
(d4)0337,11,pistachio stems & leaves,131,33,compositional,xylan,11.83,% dry weight,3,,33,oven dry + knife mill (2mm),,,,tripod,,,2026-07-17 19:04:01.178192,
(d4)2a5c,11,pistachio stems & leaves,131,33,compositional,glucan,12.38,% dry weight,2,,33,oven dry + knife mill (2mm),,,,tripod,,,2026-07-17 19:04:01.178192,
(d4)30f1,11,pistachio stems & leaves,131,33,compositional,lignin,33.99,% dry weight,2,,33,oven dry + knife mill (2mm),,,,tripod,,,2026-07-17 19:04:01.178192,
(d4)347e,11,pistachio stems & leaves,131,33,compositional,xylan,12.92,% dry weight,1,,33,oven dry + knife mill (2mm),,,,tripod,,,2026-07-17 19:04:01.178192,
(d4)389a,11,pistachio stems & leaves,131,33,compositional,xylose,12.82,% dry weight,2,,33,oven dry + knife mill (2mm),,,,tripod,,,2026-07-17 19:04:01.178192,
(d4)3d93,11,pistachio stems & leaves,131,33,compositional,arabinose,1.57,% dry weight,2,,33,oven dry + knife mill (2mm),,,,tripod,,,2026-07-17 19:04:01.178192,
(d4)55da,11,pistachio stems & leaves,131,33,compositional,xylan,11.29,% dry weight,2,,33,oven dry + knife mill (2mm),,,,tripod,,,2026-07-17 19:04:01.178192,
(d4)6252,11,pistachio stems & leaves,131,33,compositional,lignin,34.29,% dry weight,3,,33,oven dry + knife mill (2mm),,,,tripod,,,2026-07-17 19:04:01.178192,
(d4)6888,11,pistachio stems & leaves,131,33,compositional,xylose,13.44,% dry weight,3,,33,oven dry + knife mill (2mm),,,,tripod,,,2026-07-17 19:04:01.178192,
(d4)6fc1,11,pistachio stems & leaves,131,33,compositional,arabinose,1.67,% dry weight,1,,33,oven dry + knife mill (2mm),,,,tripod,,,2026-07-17 19:04:01.178192,
(d4)74bb,11,pistachio stems & leaves,131,33,compositional,glucose,14.12,% dry weight,1,,33,oven dry + knife mill (2mm),,,,tripod,,,2026-07-17 19:04:01.178192,
(d4)96b0,11,pistachio stems & leaves,131,33,compositional,arabinan,1.38,% dry weight,2,,33,oven dry + knife mill (2mm),,,,tripod,,,2026-07-17 19:04:01.178192,
(d4)9726,11,pistachio stems & leaves,131,33,compositional,glucose,13.76,% dry weight,2,,33,oven dry + knife mill (2mm),,,,tripod,,,2026-07-17 19:04:01.178192,
(d4)a2d8,11,pistachio stems & leaves,131,33,compositional,arabinose,1.67,% dry weight,3,,33,oven dry + knife mill (2mm),,,,tripod,,,2026-07-17 19:04:01.178192,
(d4)a443,11,pistachio stems & leaves,131,33,compositional,glucan,12.42,% dry weight,3,,33,oven dry + knife mill (2mm),,,,tripod,,,2026-07-17 19:04:01.178192,
(d4)b237,11,pistachio stems & leaves,131,33,compositional,arabinan,1.47,% dry weight,3,,33,oven dry + knife mill (2mm),,,,tripod,,,2026-07-17 19:04:01.178192,
(d4)d47a,11,pistachio stems & leaves,131,33,compositional,lignin,33.64,% dry weight,1,,33,oven dry + knife mill (2mm),,,,tripod,,,2026-07-17 19:04:01.178192,
(d4)d538,11,pistachio stems & leaves,131,33,compositional,xylose,14.68,% dry weight,1,,33,oven dry + knife mill (2mm),,,,tripod,,,2026-07-17 19:04:01.178192,
(d4)dc20,11,pistachio stems & leaves,131,33,compositional,arabinan,1.47,% dry weight,1,,33,oven dry + knife mill (2mm),,,,tripod,,,2026-07-17 19:04:01.178192,
(d4)eafe,11,pistachio stems & leaves,131,33,compositional,glucan,12.71,% dry weight,1,,33,oven dry + knife mill (2mm),,,,tripod,,,2026-07-17 19:04:01.178192,
(d4)f8d6,11,pistachio stems & leaves,131,33,compositional,glucose,13.8,% dry weight,3,,33,oven dry + knife mill (2mm),,,,tripod,,,2026-07-17 19:04:01.178192,
(da)0242,20,wheat straw,82,34,compositional,xylose,21.62,% dry weight,2,,38,knife mill (2mm),,,,wardrobe,pass,,2026-07-17 19:04:01.178192,
(da)0c02,20,wheat straw,82,32,compositional,lignin,16.97,% dry weight,3,,38,knife mill (2mm),,,,wardrobe,pass,,2026-07-17 19:04:01.178192,
(da)0dd5,20,wheat straw,82,32,compositional,arabinan,2.01,% dry weight,2,,38,knife mill (2mm),,,,wardrobe,pass,,2026-07-17 19:04:01.178192,
(da)0eb5,20,wheat straw,82,32,compositional,xylan,20.51,% dry weight,1,,38,knife mill (2mm),,,,wardrobe,pass,,2026-07-17 19:04:01.178192,
(da)0f5b,3,pistachio shells,153,28,compositional,glucose,23.77,% dry weight,3,,38,knife mill (2mm),,,,tripod,pass,,2026-07-17 19:04:01.178192,
(da)112e,20,wheat straw,82,32,compositional,arabinan,2.35,% dry weight,3,,38,knife mill (2mm),,,,wardrobe,pass,,2026-07-17 19:04:01.178192,
(da)11ef,3,pistachio shells,153,28,compositional,glucan,22.6,% dry weight,1,,38,knife mill (2mm),,,,tripod,pass,,2026-07-17 19:04:01.178192,
(da)206c,20,wheat straw,82,34,compositional,glucan,34.11,% dry weight,1,,38,knife mill (2mm),,,,wardrobe,pass,,2026-07-17 19:04:01.178192,
(da)28c3,20,wheat straw,82,34,compositional,glucose,37.11,% dry weight,3,,38,knife mill (2mm),,,,wardrobe,pass,,2026-07-17 19:04:01.178192,
(da)3381,3,pistachio shells,153,28,compositional,lignin,32.34,% dry weight,1,,38,knife mill (2mm),,,,tripod,pass,,2026-07-17 19:04:01.178192,
(da)351f,3,pistachio shells,153,28,compositional,lignin,33.6,% dry weight,3,,38,knife mill (2mm),,,,tripod,pass,,2026-07-17 19:04:01.178192,
(da)3e27,3,pistachio shells,153,28,compositional,glucan,21.4,% dry weight,2,,38,knife mill (2mm),,,,tripod,pass,,2026-07-17 19:04:01.178192,
(da)45fb,20,wheat straw,82,32,compositional,xylose,23.3,% dry weight,2,,38,knife mill (2mm),,,,wardrobe,pass,,2026-07-17 19:04:01.178192,
(da)5b66,20,wheat straw,82,34,compositional,glucan,33.4,% dry weight,3,,38,knife mill (2mm),,,,wardrobe,pass,,2026-07-17 19:04:01.178192,
(da)5c87,3,pistachio shells,153,28,compositional,glucose,23.78,% dry weight,2,,38,knife mill (2mm),,,,tripod,pass,,2026-07-17 19:04:01.178192,
(da)5f99,20,wheat straw,82,32,compositional,xylose,23.56,% dry weight,3,,38,knife mill (2mm),,,,wardrobe,pass,,2026-07-17 19:04:01.178192,
(da)6158,3,pistachio shells,153,28,compositional,xylan,37.19,% dry weight,2,,38,knife mill (2mm),,,,tripod,pass,,2026-07-17 19:04:01.178192,
(da)61f1,3,pistachio shells,153,28,compositional,glucan,21.4,% dry weight,3,,38,knife mill (2mm),,,,tripod,pass,,2026-07-17 19:04:01.178192,
(da)627d,20,wheat straw,82,32,compositional,glucose,38.08,% dry weight,3,,38,knife mill (2mm),,,,wardrobe,pass,,2026-07-17 19:04:01.178192,
(da)659e,20,wheat straw,82,32,compositional,xylose,23.31,% dry weight,1,,38,knife mill (2mm),,,,wardrobe,pass,,2026-07-17 19:04:01.178192,
(da)65a4,20,wheat straw,82,32,compositional,arabinan,2.41,% dry weight,1,,38,knife mill (2mm),,,,wardrobe,pass,,2026-07-17 19:04:01.178192,
(da)6b6b,3,pistachio shells,153,28,compositional,xylose,42.26,% dry weight,2,,38,knife mill (2mm),,,,tripod,pass,,2026-07-17 19:04:01.178192,
(da)6f36,20,wheat straw,82,34,compositional,xylan,19.03,% dry weight,2,,38,knife mill (2mm),,,,wardrobe,pass,,2026-07-17 19:04:01.178192,
(da)793b,20,wheat straw,82,34,compositional,xylose,23.01,% dry weight,3,,38,knife mill (2mm),,,,wardrobe,pass,,2026-07-17 19:04:01.178192,
(da)8086,20,wheat straw,82,32,compositional,xylan,20.51,% dry weight,2,,38,knife mill (2mm),,,,wardrobe,pass,,2026-07-17 19:04:01.178192,
(da)83a3,20,wheat straw,82,32,compositional,lignin,16.7,% dry weight,1,,38,knife mill (2mm),,,,wardrobe,pass,,2026-07-17 19:04:01.178192,
(da)847a,3,pistachio shells,153,28,compositional,xylan,37.28,% dry weight,3,,38,knife mill (2mm),,,,tripod,pass,,2026-07-17 19:04:01.178192,
(da)85be,20,wheat straw,82,32,compositional,arabinose,2.68,% dry weight,3,,38,knife mill (2mm),,,,wardrobe,pass,,2026-07-17 19:04:01.178192,
(da)8737,20,wheat straw,82,34,compositional,lignin,21.63,% dry weight,1,,38,knife mill (2mm),,,,wardrobe,pass,,2026-07-17 19:04:01.178192,
(da)9bfc,20,wheat straw,82,34,compositional,glucose,35.68,% dry weight,2,,38,knife mill (2mm),,,,wardrobe,pass,,2026-07-17 19:04:01.178192,
(da)a0f5,3,pistachio shells,153,28,compositional,glucose,25.11,% dry weight,1,,38,knife mill (2mm),,,,tripod,pass,,2026-07-17 19:04:01.178192,
(da)a2d6,20,wheat straw,82,32,compositional,arabinose,2.29,% dry weight,2,,38,knife mill (2mm),,,,wardrobe,pass,,2026-07-17 19:04:01.178192,
(da)ab96,20,wheat straw,82,32,compositional,xylan,20.74,% dry weight,3,,38,knife mill (2mm),,,,wardrobe,pass,,2026-07-17 19:04:01.178192,
(da)aba8,3,pistachio shells,153,28,compositional,xylan,37.06,% dry weight,1,,38,knife mill (2mm),,,,tripod,pass,,2026-07-17 19:04:01.178192,
(da)ac37,20,wheat straw,82,32,compositional,glucan,34.23,% dry weight,1,,38,knife mill (2mm),,,,wardrobe,pass,,2026-07-17 19:04:01.178192,
(da)b0df,20,wheat straw,82,34,compositional,glucose,37.9,% dry weight,1,,38,knife mill (2mm),,,,wardrobe,pass,,2026-07-17 19:04:01.178192,
(da)b698,20,wheat straw,82,34,compositional,lignin,21.68,% dry weight,3,,38,knife mill (2mm),,,,wardrobe,pass,,2026-07-17 19:04:01.178192,
(da)b8f9,20,wheat straw,82,32,compositional,glucan,33.49,% dry weight,2,,38,knife mill (2mm),,,,wardrobe,pass,,2026-07-17 19:04:01.178192,
(da)cc8a,20,wheat straw,82,32,compositional,lignin,16.75,% dry weight,2,,38,knife mill (2mm),,,,wardrobe,pass,,2026-07-17 19:04:01.178192,
(da)cf0e,20,wheat straw,82,32,compositional,arabinose,2.74,% dry weight,1,,38,knife mill (2mm),,,,wardrobe,pass,,2026-07-17 19:04:01.178192,
(da)dc7a,3,pistachio shells,153,28,compositional,xylose,42.37,% dry weight,3,,38,knife mill (2mm),,,,tripod,pass,,2026-07-17 19:04:01.178192,
(da)e334,3,pistachio shells,153,28,compositional,xylose,42.11,% dry weight,1,,38,knife mill (2mm),,,,tripod,pass,,2026-07-17 19:04:01.178192,
(da)eb21,20,wheat straw,82,34,compositional,lignin,21.88,% dry weight,2,,38,knife mill (2mm),,,,wardrobe,pass,,2026-07-17 19:04:01.178192,
(da)ec68,20,wheat straw,82,34,compositional,glucan,32.11,% dry weight,2,,38,knife mill (2mm),,,,wardrobe,pass,,2026-07-17 19:04:01.178192,
(da)ed48,20,wheat straw,82,32,compositional,glucose,38.03,% dry weight,1,,38,knife mill (2mm),,,,wardrobe,pass,,2026-07-17 19:04:01.178192,
(da)ef39,20,wheat straw,82,34,compositional,xylan,20.25,% dry weight,3,,38,knife mill (2mm),,,,wardrobe,pass,,2026-07-17 19:04:01.178192,
(da)f1b5,3,pistachio shells,153,28,compositional,lignin,32.79,% dry weight,2,,38,knife mill (2mm),,,,tripod,pass,,2026-07-17 19:04:01.178192,
(da)f3ce,20,wheat straw,82,34,compositional,xylose,23.13,% dry weight,1,,38,knife mill (2mm),,,,wardrobe,pass,,2026-07-17 19:04:01.178192,
(da)f6bc,20,wheat straw,82,34,compositional,xylan,20.35,% dry weight,1,,38,knife mill (2mm),,,,wardrobe,pass,,2026-07-17 19:04:01.178192,
(da)fbf9,20,wheat straw,82,32,compositional,glucose,37.21,% dry weight,2,,38,knife mill (2mm),,,,wardrobe,pass,,2026-07-17 19:04:01.178192,
(da)ff89,20,wheat straw,82,32,compositional,glucan,34.27,% dry weight,3,,38,knife mill (2mm),,,,wardrobe,pass,,2026-07-17 19:04:01.178192,
(e7)365a,13,walnut hulls,58,35,compositional,glucan,12.86,% dry weight,3,,33,oven dry + knife mill (2mm),14.0,,xkang2@lbl.gov,energetic,pass,,2026-07-17 19:04:01.178192,
(e7)47b9,13,walnut hulls,58,35,compositional,xylose,10.57,% dry weight,2,,33,oven dry + knife mill (2mm),14.0,,xkang2@lbl.gov,energetic,pass,,2026-07-17 19:04:01.178192,
(e7)4b15,13,walnut hulls,58,35,compositional,glucan,12.45,% dry weight,2,,33,oven dry + knife mill (2mm),14.0,,xkang2@lbl.gov,energetic,pass,,2026-07-17 19:04:01.178192,
(e7)4f39,13,walnut hulls,58,35,compositional,glucose,14.29,% dry weight,3,,33,oven dry + knife mill (2mm),14.0,,xkang2@lbl.gov,energetic,pass,,2026-07-17 19:04:01.178192,
(e7)538c,13,walnut hulls,58,35,compositional,xylose,11.29,% dry weight,3,,33,oven dry + knife mill (2mm),14.0,,xkang2@lbl.gov,energetic,pass,,2026-07-17 19:04:01.178192,
(e7)561b,13,walnut hulls,58,35,compositional,xylan,9.61,% dry weight,1,,33,oven dry + knife mill (2mm),14.0,,xkang2@lbl.gov,energetic,pass,,2026-07-17 19:04:01.178192,
(e7)6d58,13,walnut hulls,58,35,compositional,lignin,36.0,% dry weight,3,,33,oven dry + knife mill (2mm),14.0,,xkang2@lbl.gov,energetic,pass,,2026-07-17 19:04:01.178192,
(e7)7925,13,walnut hulls,58,35,compositional,glucose,13.83,% dry weight,2,,33,oven dry + knife mill (2mm),14.0,,xkang2@lbl.gov,energetic,pass,,2026-07-17 19:04:01.178192,
(e7)795e,13,walnut hulls,58,35,compositional,xylan,9.3,% dry weight,2,,33,oven dry + knife mill (2mm),14.0,,xkang2@lbl.gov,energetic,pass,,2026-07-17 19:04:01.178192,
(e7)abfc,13,walnut hulls,58,35,compositional,xylose,10.92,% dry weight,1,,33,oven dry + knife mill (2mm),14.0,,xkang2@lbl.gov,energetic,pass,,2026-07-17 19:04:01.178192,
(e7)afea,13,walnut hulls,58,35,compositional,xylan,9.94,% dry weight,3,,33,oven dry + knife mill (2mm),14.0,,xkang2@lbl.gov,energetic,pass,,2026-07-17 19:04:01.178192,
(e7)bcb4,13,walnut hulls,58,35,compositional,lignin,34.65,% dry weight,1,,33,oven dry + knife mill (2mm),14.0,,xkang2@lbl.gov,energetic,pass,,2026-07-17 19:04:01.178192,
(e7)be54,13,walnut hulls,58,35,compositional,glucan,12.98,% dry weight,1,,33,oven dry + knife mill (2mm),14.0,,xkang2@lbl.gov,energetic,pass,,2026-07-17 19:04:01.178192,
(e7)d6bc,13,walnut hulls,58,35,compositional,lignin,34.66,% dry weight,2,,33,oven dry + knife mill (2mm),14.0,,xkang2@lbl.gov,energetic,pass,,2026-07-17 19:04:01.178192,
(e7)edcc,13,walnut hulls,58,35,compositional,glucose,14.42,% dry weight,1,,33,oven dry + knife mill (2mm),14.0,,xkang2@lbl.gov,energetic,pass,,2026-07-17 19:04:01.178192,
(ed)1f11,5,alfalfa,78,34,compositional,glucose,30.51,% dry weight,1,,38,knife mill (2mm),,,,possessive,pass,,2026-07-17 19:04:01.178192,
(ed)5830,5,alfalfa,78,34,compositional,lignin,20.66,% dry weight,3,,38,knife mill (2mm),,,,possessive,pass,,2026-07-17 19:04:01.178192,
(ed)5faf,5,alfalfa,78,34,compositional,xylose,13.84,% dry weight,1,,38,knife mill (2mm),,,,possessive,pass,,2026-07-17 19:04:01.178192,
(ed)665a,5,alfalfa,78,34,compositional,glucan,27.53,% dry weight,2,,38,knife mill (2mm),,,,possessive,pass,,2026-07-17 19:04:01.178192,
(ed)7593,5,alfalfa,78,34,compositional,glucan,27.46,% dry weight,1,,38,knife mill (2mm),,,,possessive,pass,,2026-07-17 19:04:01.178192,
(ed)7669,5,alfalfa,78,34,compositional,xylose,13.76,% dry weight,2,,38,knife mill (2mm),,,,possessive,pass,,2026-07-17 19:04:01.178192,
(ed)7cf3,5,alfalfa,78,34,compositional,xylan,12.18,% dry weight,1,,38,knife mill (2mm),,,,possessive,pass,,2026-07-17 19:04:01.178192,
(ed)7dc9,5,alfalfa,78,34,compositional,glucose,30.79,% dry weight,3,,38,knife mill (2mm),,,,possessive,pass,,2026-07-17 19:04:01.178192,
(ed)aaed,5,alfalfa,78,34,compositional,glucan,27.71,% dry weight,3,,38,knife mill (2mm),,,,possessive,pass,,2026-07-17 19:04:01.178192,
(ed)ad81,5,alfalfa,78,34,compositional,xylan,12.11,% dry weight,2,,38,knife mill (2mm),,,,possessive,pass,,2026-07-17 19:04:01.178192,
(ed)c829,5,alfalfa,78,34,compositional,glucose,30.59,% dry weight,2,,38,knife mill (2mm),,,,possessive,pass,,2026-07-17 19:04:01.178192,
(ed)ca21,5,alfalfa,78,34,compositional,xylan,12.3,% dry weight,3,,38,knife mill (2mm),,,,possessive,pass,,2026-07-17 19:04:01.178192,
(ed)dbc1,5,alfalfa,78,34,compositional,lignin,20.66,% dry weight,1,,38,knife mill (2mm),,,,possessive,pass,,2026-07-17 19:04:01.178192,
(ed)ece2,5,alfalfa,78,34,compositional,xylose,13.98,% dry weight,3,,38,knife mill (2mm),,,,possessive,pass,,2026-07-17 19:04:01.178192,
(ed)fbeb,5,alfalfa,78,34,compositional,lignin,20.96,% dry weight,2,,38,knife mill (2mm),,,,possessive,pass,,2026-07-17 19:04:01.178192,
(f2)01cf,9,pistachio hulls,132,33,compositional,arabinan,4.19,% dry weight,2,,33,oven dry + knife mill (2mm),,,,tripod,,,2026-07-17 19:04:01.178192,
(f2)0f54,9,pistachio hulls,132,33,compositional,lignin,32.75,% dry weight,2,,33,oven dry + knife mill (2mm),,,,tripod,,,2026-07-17 19:04:01.178192,
(f2)2779,9,pistachio hulls,132,33,compositional,lignin,32.65,% dry weight,3,,33,oven dry + knife mill (2mm),,,,tripod,,,2026-07-17 19:04:01.178192,
(f2)43ce,9,pistachio hulls,132,33,compositional,glucan,10.01,% dry weight,2,,33,oven dry + knife mill (2mm),,,,tripod,,,2026-07-17 19:04:01.178192,
(f2)494c,9,pistachio hulls,132,33,compositional,arabinose,4.38,% dry weight,3,,33,oven dry + knife mill (2mm),,,,tripod,,,2026-07-17 19:04:01.178192,
(f2)5490,9,pistachio hulls,132,33,compositional,glucose,11.26,% dry weight,1,,33,oven dry + knife mill (2mm),,,,tripod,,,2026-07-17 19:04:01.178192,
(f2)785a,9,pistachio hulls,132,33,compositional,glucan,10.13,% dry weight,1,,33,oven dry + knife mill (2mm),,,,tripod,,,2026-07-17 19:04:01.178192,
(f2)7aee,9,pistachio hulls,132,33,compositional,xylan,9.54,% dry weight,3,,33,oven dry + knife mill (2mm),,,,tripod,,,2026-07-17 19:04:01.178192,
(f2)89cd,9,pistachio hulls,132,33,compositional,arabinan,3.85,% dry weight,3,,33,oven dry + knife mill (2mm),,,,tripod,,,2026-07-17 19:04:01.178192,
(f2)9374,9,pistachio hulls,132,33,compositional,xylose,10.73,% dry weight,2,,33,oven dry + knife mill (2mm),,,,tripod,,,2026-07-17 19:04:01.178192,
(f2)9b3a,9,pistachio hulls,132,33,compositional,arabinose,4.76,% dry weight,2,,33,oven dry + knife mill (2mm),,,,tripod,,,2026-07-17 19:04:01.178192,
(f2)9dab,9,pistachio hulls,132,33,compositional,xylose,10.85,% dry weight,3,,33,oven dry + knife mill (2mm),,,,tripod,,,2026-07-17 19:04:01.178192,
(f2)a052,9,pistachio hulls,132,33,compositional,arabinose,3.25,% dry weight,1,,33,oven dry + knife mill (2mm),,,,tripod,,,2026-07-17 19:04:01.178192,
(f2)a8b6,9,pistachio hulls,132,33,compositional,glucan,10.32,% dry weight,3,,33,oven dry + knife mill (2mm),,,,tripod,,,2026-07-17 19:04:01.178192,
(f2)ac80,9,pistachio hulls,132,33,compositional,arabinan,2.86,% dry weight,1,,33,oven dry + knife mill (2mm),,,,tripod,,,2026-07-17 19:04:01.178192,
(f2)b308,9,pistachio hulls,132,33,compositional,lignin,32.85,% dry weight,1,,33,oven dry + knife mill (2mm),,,,tripod,,,2026-07-17 19:04:01.178192,
(f2)bc5e,9,pistachio hulls,132,33,compositional,xylan,9.23,% dry weight,1,,33,oven dry + knife mill (2mm),,,,tripod,,,2026-07-17 19:04:01.178192,
(f2)c50b,9,pistachio hulls,132,33,compositional,glucose,11.47,% dry weight,3,,33,oven dry + knife mill (2mm),,,,tripod,,,2026-07-17 19:04:01.178192,
(f2)f42a,9,pistachio hulls,132,33,compositional,glucose,11.13,% dry weight,2,,33,oven dry + knife mill (2mm),,,,tripod,,,2026-07-17 19:04:01.178192,
(f2)f78f,9,pistachio hulls,132,33,compositional,xylose,10.49,% dry weight,1,,33,oven dry + knife mill (2mm),,,,tripod,,,2026-07-17 19:04:01.178192,
(f2)f962,9,pistachio hulls,132,33,compositional,xylan,9.44,% dry weight,2,,33,oven dry + knife mill (2mm),,,,tripod,,,2026-07-17 19:04:01.178192,
(f6)0448,55,peach seeds,83,33,compositional,glucose,11.26,% dry weight,2,,33,oven dry + knife mill (2mm),,,,rushes,,,2026-07-17 19:04:01.178192,
(f6)0878,55,peach seeds,83,33,compositional,lignin,48.83,% dry weight,2,,33,oven dry + knife mill (2mm),,,,rushes,,,2026-07-17 19:04:01.178192,
(f6)0e2f,55,peach seeds,83,33,compositional,xylose,19.81,% dry weight,3,,33,oven dry + knife mill (2mm),,,,rushes,,,2026-07-17 19:04:01.178192,
(f6)1aa2,55,peach seeds,83,33,compositional,arabinan,0.08,% dry weight,3,,33,oven dry + knife mill (2mm),,,,rushes,,,2026-07-17 19:04:01.178192,
(f6)2269,55,peach seeds,83,33,compositional,xylan,16.74,% dry weight,2,,33,oven dry + knife mill (2mm),,,,rushes,,,2026-07-17 19:04:01.178192,
(f6)30f8,55,peach seeds,83,33,compositional,arabinan,0.0,% dry weight,2,,33,oven dry + knife mill (2mm),,,,rushes,,,2026-07-17 19:04:01.178192,
(f6)4f1f,55,peach seeds,83,33,compositional,glucose,11.63,% dry weight,1,,33,oven dry + knife mill (2mm),,,,rushes,,,2026-07-17 19:04:01.178192,
(f6)5617,55,peach seeds,83,33,compositional,lignin,48.68,% dry weight,3,,33,oven dry + knife mill (2mm),,,,rushes,,,2026-07-17 19:04:01.178192,
(f6)57f9,55,peach seeds,83,33,compositional,glucose,11.73,% dry weight,3,,33,oven dry + knife mill (2mm),,,,rushes,,,2026-07-17 19:04:01.178192,
(f6)6013,55,peach seeds,83,33,compositional,arabinose,0.09,% dry weight,3,,33,oven dry + knife mill (2mm),,,,rushes,,,2026-07-17 19:04:01.178192,
(f6)8ddc,55,peach seeds,83,33,compositional,glucan,10.13,% dry weight,2,,33,oven dry + knife mill (2mm),,,,rushes,,,2026-07-17 19:04:01.178192,
(f6)9273,55,peach seeds,83,33,compositional,xylose,20.22,% dry weight,1,,33,oven dry + knife mill (2mm),,,,rushes,,,2026-07-17 19:04:01.178192,
(f6)9907,55,peach seeds,83,33,compositional,arabinose,0.0,% dry weight,2,,33,oven dry + knife mill (2mm),,,,rushes,,,2026-07-17 19:04:01.178192,
(f6)ab47,55,peach seeds,83,33,compositional,glucan,10.56,% dry weight,3,,33,oven dry + knife mill (2mm),,,,rushes,,,2026-07-17 19:04:01.178192,
(f6)b96b,55,peach seeds,83,33,compositional,xylose,19.02,% dry weight,2,,33,oven dry + knife mill (2mm),,,,rushes,,,2026-07-17 19:04:01.178192,
(f6)cad2,55,peach seeds,83,33,compositional,xylan,17.79,% dry weight,1,,33,oven dry + knife mill (2mm),,,,rushes,,,2026-07-17 19:04:01.178192,
(f6)d3eb,55,peach seeds,83,33,compositional,arabinose,0.0,% dry weight,1,,33,oven dry + knife mill (2mm),,,,rushes,,,2026-07-17 19:04:01.178192,
(f6)d404,55,peach seeds,83,33,compositional,xylan,17.43,% dry weight,3,,33,oven dry + knife mill (2mm),,,,rushes,,,2026-07-17 19:04:01.178192,
(f6)e9b8,55,peach seeds,83,33,compositional,glucan,10.46,% dry weight,1,,33,oven dry + knife mill (2mm),,,,rushes,,,2026-07-17 19:04:01.178192,
(f6)fc02,55,peach seeds,83,33,compositional,arabinan,0.0,% dry weight,1,,33,oven dry + knife mill (2mm),,,,rushes,,,2026-07-17 19:04:01.178192,
(f6)fe99,55,peach seeds,83,33,compositional,lignin,48.94,% dry weight,1,,33,oven dry + knife mill (2mm),,,,rushes,,,2026-07-17 19:04:01.178192,
(f7)0018,16,peach stems / leaves,86,33,compositional,glucan,8.73,% dry weight,1,,33,oven dry + knife mill (2mm),,,,rushes,,,2026-07-17 19:04:01.178192,
(f7)12e8,16,peach stems / leaves,86,33,compositional,xylose,5.79,% dry weight,1,,33,oven dry + knife mill (2mm),,,,rushes,,,2026-07-17 19:04:01.178192,
(f7)2faa,16,peach stems / leaves,86,33,compositional,glucan,8.67,% dry weight,3,,33,oven dry + knife mill (2mm),,,,rushes,,,2026-07-17 19:04:01.178192,
(f7)33db,16,peach stems / leaves,86,33,compositional,xylan,4.91,% dry weight,2,,33,oven dry + knife mill (2mm),,,,rushes,,,2026-07-17 19:04:01.178192,
(f7)377b,16,peach stems / leaves,86,33,compositional,arabinose,2.48,% dry weight,3,,33,oven dry + knife mill (2mm),,,,rushes,,,2026-07-17 19:04:01.178192,
(f7)45f9,16,peach stems / leaves,86,33,compositional,lignin,23.97,% dry weight,1,,33,oven dry + knife mill (2mm),,,,rushes,,,2026-07-17 19:04:01.178192,
(f7)4ee6,16,peach stems / leaves,86,33,compositional,lignin,23.42,% dry weight,3,,33,oven dry + knife mill (2mm),,,,rushes,,,2026-07-17 19:04:01.178192,
(f7)5531,16,peach stems / leaves,86,33,compositional,arabinan,1.96,% dry weight,1,,33,oven dry + knife mill (2mm),,,,rushes,,,2026-07-17 19:04:01.178192,
(f7)59be,16,peach stems / leaves,86,33,compositional,arabinan,2.18,% dry weight,3,,33,oven dry + knife mill (2mm),,,,rushes,,,2026-07-17 19:04:01.178192,
(f7)5b7a,16,peach stems / leaves,86,33,compositional,arabinose,2.52,% dry weight,2,,33,oven dry + knife mill (2mm),,,,rushes,,,2026-07-17 19:04:01.178192,
(f7)619b,16,peach stems / leaves,86,33,compositional,xylose,5.75,% dry weight,3,,33,oven dry + knife mill (2mm),,,,rushes,,,2026-07-17 19:04:01.178192,
(f7)6dad,16,peach stems / leaves,86,33,compositional,xylan,5.1,% dry weight,1,,33,oven dry + knife mill (2mm),,,,rushes,,,2026-07-17 19:04:01.178192,
(f7)76e9,16,peach stems / leaves,86,33,compositional,arabinose,2.23,% dry weight,1,,33,oven dry + knife mill (2mm),,,,rushes,,,2026-07-17 19:04:01.178192,
(f7)779e,16,peach stems / leaves,86,33,compositional,glucose,9.63,% dry weight,3,,33,oven dry + knife mill (2mm),,,,rushes,,,2026-07-17 19:04:01.178192,
(f7)7d9a,16,peach stems / leaves,86,33,compositional,xylan,5.06,% dry weight,3,,33,oven dry + knife mill (2mm),,,,rushes,,,2026-07-17 19:04:01.178192,
(f7)a9dc,16,peach stems / leaves,86,33,compositional,glucan,8.63,% dry weight,2,,33,oven dry + knife mill (2mm),,,,rushes,,,2026-07-17 19:04:01.178192,
(f7)bd27,16,peach stems / leaves,86,33,compositional,lignin,23.37,% dry weight,2,,33,oven dry + knife mill (2mm),,,,rushes,,,2026-07-17 19:04:01.178192,
(f7)befe,16,peach stems / leaves,86,33,compositional,xylose,5.58,% dry weight,2,,33,oven dry + knife mill (2mm),,,,rushes,,,2026-07-17 19:04:01.178192,
(f7)d7cb,16,peach stems / leaves,86,33,compositional,glucose,9.59,% dry weight,2,,33,oven dry + knife mill (2mm),,,,rushes,,,2026-07-17 19:04:01.178192,
(f7)e432,16,peach stems / leaves,86,33,compositional,arabinan,2.22,% dry weight,2,,33,oven dry + knife mill (2mm),,,,rushes,,,2026-07-17 19:04:01.178192,
(f7)f987,16,peach stems / leaves,86,33,compositional,glucose,9.7,% dry weight,1,,33,oven dry + knife mill (2mm),,,,rushes,,,2026-07-17 19:04:01.178192,
(fd)361a,105,olive stem,66,40,compositional,xylan,12.47,% dry weight,2,,33,oven dry + knife mill (2mm),,,,jaguar,,,2026-07-17 19:04:01.178192,
(fd)53b1,105,olive stem,66,40,compositional,xylan,11.85,% dry weight,1,,33,oven dry + knife mill (2mm),,,,jaguar,,,2026-07-17 19:04:01.178192,
(fd)85f0,105,olive stem,66,40,compositional,glucan,26.25,% dry weight,1,,33,oven dry + knife mill (2mm),,,,jaguar,,,2026-07-17 19:04:01.178192,
(fd)8ff4,105,olive stem,66,40,compositional,glucan,26.46,% dry weight,2,,33,oven dry + knife mill (2mm),,,,jaguar,,,2026-07-17 19:04:01.178192,
(fd)c146,105,olive stem,66,40,compositional,lignin,7.5,% dry weight,2,,33,oven dry + knife mill (2mm),,,,jaguar,,,2026-07-17 19:04:01.178192,
(fd)fd31,105,olive stem,66,40,compositional,lignin,7.4,% dry weight,1,,33,oven dry + knife mill (2mm),,,,jaguar,,,2026-07-17 19:04:01.178192,
(ff)2d8c,37,tomato pomace,98,29,compositional,lignin,45.28,% dry weight,2,,33,oven dry + knife mill (2mm),,,,gainful,,,2026-07-17 19:04:01.178192,
(ff)4870,37,tomato pomace,98,29,compositional,glucose,14.17,% dry weight,3,,33,oven dry + knife mill (2mm),,,,gainful,,,2026-07-17 19:04:01.178192,
(ff)90a7,37,tomato pomace,98,29,compositional,xylose,11.34,% dry weight,2,,33,oven dry + knife mill (2mm),,,,gainful,,,2026-07-17 19:04:01.178192,
(ff)9324,37,tomato pomace,98,29,compositional,xylose,10.71,% dry weight,3,,33,oven dry + knife mill (2mm),,,,gainful,,,2026-07-17 19:04:01.178192,
(ff)b84b,37,tomato pomace,98,29,compositional,glucan,12.75,% dry weight,3,,33,oven dry + knife mill (2mm),,,,gainful,,,2026-07-17 19:04:01.178192,
(ff)bedd,37,tomato pomace,98,29,compositional,glucose,15.28,% dry weight,1,,33,oven dry + knife mill (2mm),,,,gainful,,,2026-07-17 19:04:01.178192,
(ff)c168,37,tomato pomace,98,29,compositional,glucose,14.69,% dry weight,2,,33,oven dry + knife mill (2mm),,,,gainful,,,2026-07-17 19:04:01.178192,
(ff)c602,37,tomato pomace,98,29,compositional,glucan,13.75,% dry weight,1,,33,oven dry + knife mill (2mm),,,,gainful,,,2026-07-17 19:04:01.178192,
(ff)c7b0,37,tomato pomace,98,29,compositional,xylan,9.91,% dry weight,1,,33,oven dry + knife mill (2mm),,,,gainful,,,2026-07-17 19:04:01.178192,
(ff)cd30,37,tomato pomace,98,29,compositional,lignin,45.61,% dry weight,1,,33,oven dry + knife mill (2mm),,,,gainful,,,2026-07-17 19:04:01.178192,
(ff)d1da,37,tomato pomace,98,29,compositional,lignin,45.18,% dry weight,3,,33,oven dry + knife mill (2mm),,,,gainful,,,2026-07-17 19:04:01.178192,
(ff)da33,37,tomato pomace,98,29,compositional,xylan,9.98,% dry weight,2,,33,oven dry + knife mill (2mm),,,,gainful,,,2026-07-17 19:04:01.178192,
(ff)db4f,37,tomato pomace,98,29,compositional,glucan,13.22,% dry weight,2,,33,oven dry + knife mill (2mm),,,,gainful,,,2026-07-17 19:04:01.178192,
(ff)db6a,37,tomato pomace,98,29,compositional,xylan,9.42,% dry weight,3,,33,oven dry + knife mill (2mm),,,,gainful,,,2026-07-17 19:04:01.178192,
(ff)e3c5,37,tomato pomace,98,29,compositional,xylose,11.26,% dry weight,1,,33,oven dry + knife mill (2mm),,,,gainful,,,2026-07-17 19:04:01.178192,
(03)00da,25,almond hulls,50,20,proximate,volatile solids,77.89,% total weight,1,,38,knife mill (2mm),14.0,,xkang2@lbl.gov,tiny,pass,,2026-07-17 19:03:59.432240,
(03)1dc8,25,almond hulls,50,20,proximate,moisture,15.21,% total weight,2,,38,knife mill (2mm),14.0,,xkang2@lbl.gov,tiny,pass,,2026-07-17 19:03:59.432240,
(03)2f05,25,almond hulls,50,5,proximate,total solids,90.36,% total weight,2,,38,knife mill (2mm),17.0,,pass,tiny,pass,uc combined protocol,2026-07-17 19:03:59.432240,
(03)3c5b,25,almond hulls,50,5,proximate,ash,5.03,% total weight,2,,38,knife mill (2mm),,,,tiny,pass,uc combined protocol,2026-07-17 19:03:59.432240,
(03)3fd9,25,almond hulls,50,5,proximate,volatile solids,4.67,% total weight,1,,38,knife mill (2mm),17.0,,pass,tiny,pass,uc combined protocol,2026-07-17 19:03:59.432240,
(03)47e1,25,almond hulls,50,5,proximate,total solids,90.32,% total weight,1,,38,knife mill (2mm),17.0,,pass,tiny,pass,uc combined protocol,2026-07-17 19:03:59.432240,
(03)6464,25,almond hulls,50,20,proximate,ash,6.49,% total weight,3,,38,knife mill (2mm),14.0,,xkang2@lbl.gov,tiny,pass,,2026-07-17 19:03:59.432240,
(03)7e52,25,almond hulls,50,5,proximate,moisture,0.73,% total weight,1,,38,knife mill (2mm),,,,tiny,pass,uc combined protocol,2026-07-17 19:03:59.432240,
(03)8454,25,almond hulls,50,20,proximate,ash,6.98,% total weight,1,,38,knife mill (2mm),14.0,,xkang2@lbl.gov,tiny,pass,,2026-07-17 19:03:59.432240,
(03)92f9,25,almond hulls,50,5,proximate,volatile solids,4.61,% total weight,2,,38,knife mill (2mm),17.0,,pass,tiny,pass,uc combined protocol,2026-07-17 19:03:59.432240,
(03)93b6,25,almond hulls,50,20,proximate,total solids,84.87,% total weight,1,,38,knife mill (2mm),14.0,,xkang2@lbl.gov,tiny,pass,,2026-07-17 19:03:59.432240,
(03)ab1e,25,almond hulls,50,5,proximate,ash,5.01,% total weight,1,,38,knife mill (2mm),,,,tiny,pass,uc combined protocol,2026-07-17 19:03:59.432240,
(03)addb,25,almond hulls,50,5,proximate,ash,4.8,% total weight,3,,38,knife mill (2mm),,,,tiny,pass,uc combined protocol,2026-07-17 19:03:59.432240,
(03)b1b0,25,almond hulls,50,20,proximate,moisture,15.44,% total weight,3,,38,knife mill (2mm),14.0,,xkang2@lbl.gov,tiny,pass,,2026-07-17 19:03:59.432240,
(03)c010,25,almond hulls,50,20,proximate,moisture,15.13,% total weight,1,,38,knife mill (2mm),14.0,,xkang2@lbl.gov,tiny,pass,,2026-07-17 19:03:59.432240,
(03)c17e,25,almond hulls,50,20,proximate,volatile solids,78.07,% total weight,3,,38,knife mill (2mm),14.0,,xkang2@lbl.gov,tiny,pass,,2026-07-17 19:03:59.432240,
(03)ca72,25,almond hulls,50,20,proximate,total solids,84.56,% total weight,3,,38,knife mill (2mm),14.0,,xkang2@lbl.gov,tiny,pass,,2026-07-17 19:03:59.432240,
(03)d4ba,25,almond hulls,50,5,proximate,volatile solids,4.68,% total weight,3,,38,knife mill (2mm),17.0,,pass,tiny,pass,uc combined protocol,2026-07-17 19:03:59.432240,
(03)d76c,25,almond hulls,50,20,proximate,volatile solids,77.28,% total weight,2,,38,knife mill (2mm),14.0,,xkang2@lbl.gov,tiny,pass,,2026-07-17 19:03:59.432240,
(03)df3a,25,almond hulls,50,5,proximate,total solids,90.52,% total weight,3,,38,knife mill (2mm),17.0,,pass,tiny,pass,uc combined protocol,2026-07-17 19:03:59.432240,
(03)f35c,25,almond hulls,50,20,proximate,total solids,84.79,% total weight,2,,38,knife mill (2mm),14.0,,xkang2@lbl.gov,tiny,pass,,2026-07-17 19:03:59.432240,
(03)f701,25,almond hulls,50,20,proximate,ash,7.51,% total weight,2,,38,knife mill (2mm),14.0,,xkang2@lbl.gov,tiny,pass,,2026-07-17 19:03:59.432240,
(04)0237,26,spent oak chips,28,11,proximate,volatile solids,92.05,% total weight,3,,39,as is,14.0,,xkang2@lbl.gov,maplewood,pass,,2026-07-17 19:03:59.432240,
(04)044e,31,almond shells,148,6,proximate,total solids,91.9,% total weight,3,,38,knife mill (2mm),,,,capstan,pass,,2026-07-17 19:03:59.432240,
(04)05aa,26,spent oak chips,28,11,proximate,total solids,92.5,% total weight,2,,39,as is,14.0,,xkang2@lbl.gov,maplewood,pass,,2026-07-17 19:03:59.432240,
(04)1e5f,26,spent oak chips,28,11,proximate,total solids,92.57,% total weight,3,,39,as is,14.0,,xkang2@lbl.gov,maplewood,pass,,2026-07-17 19:03:59.432240,
(04)1e98,26,spent oak chips,28,11,proximate,ash,0.54,% total weight,2,,39,as is,14.0,,xkang2@lbl.gov,maplewood,pass,,2026-07-17 19:03:59.432240,
(04)3910,26,spent oak chips,28,11,proximate,volatile solids,92.15,% total weight,1,,39,as is,14.0,,xkang2@lbl.gov,maplewood,pass,,2026-07-17 19:03:59.432240,
(04)394f,31,almond shells,148,6,proximate,ash,3.98,% total weight,1,,38,knife mill (2mm),,,,capstan,pass,,2026-07-17 19:03:59.432240,
(04)3980,26,spent oak chips,28,11,proximate,moisture,7.5,% total weight,2,,39,as is,14.0,,xkang2@lbl.gov,maplewood,pass,,2026-07-17 19:03:59.432240,
(04)3ab3,26,spent oak chips,28,11,proximate,ash,0.52,% total weight,3,,39,as is,14.0,,xkang2@lbl.gov,maplewood,pass,,2026-07-17 19:03:59.432240,
(04)4ab5,26,spent oak chips,28,11,proximate,moisture,7.19,% total weight,1,,39,as is,14.0,,xkang2@lbl.gov,maplewood,pass,,2026-07-17 19:03:59.432240,
(04)4e50,31,almond shells,148,6,proximate,moisture,8.16,% total weight,1,,38,knife mill (2mm),,,,capstan,pass,,2026-07-17 19:03:59.432240,
(04)5356,26,spent oak chips,28,11,proximate,moisture,7.43,% total weight,3,,39,as is,14.0,,xkang2@lbl.gov,maplewood,pass,,2026-07-17 19:03:59.432240,
(04)5af5,31,almond shells,148,6,proximate,volatile solids,87.5,% total weight,2,,38,knife mill (2mm),,,,capstan,pass,,2026-07-17 19:03:59.432240,
(04)63f0,31,almond shells,148,6,proximate,volatile solids,87.28,% total weight,3,,38,knife mill (2mm),,,,capstan,pass,,2026-07-17 19:03:59.432240,
(04)93fb,26,spent oak chips,28,11,proximate,total solids,92.81,% total weight,1,,39,as is,14.0,,xkang2@lbl.gov,maplewood,pass,,2026-07-17 19:03:59.432240,
(04)986f,26,spent oak chips,28,11,proximate,ash,0.66,% total weight,1,,39,as is,14.0,,xkang2@lbl.gov,maplewood,pass,,2026-07-17 19:03:59.432240,
(04)a405,31,almond shells,148,6,proximate,ash,4.62,% total weight,3,,38,knife mill (2mm),,,,capstan,pass,,2026-07-17 19:03:59.432240,
(04)a428,31,almond shells,148,6,proximate,ash,4.3,% total weight,2,,38,knife mill (2mm),,,,capstan,pass,,2026-07-17 19:03:59.432240,
(04)be9a,31,almond shells,148,6,proximate,moisture,8.1,% total weight,3,,38,knife mill (2mm),,,,capstan,pass,,2026-07-17 19:03:59.432240,
(04)bee6,31,almond shells,148,6,proximate,total solids,91.84,% total weight,1,,38,knife mill (2mm),,,,capstan,pass,,2026-07-17 19:03:59.432240,
(04)c11a,31,almond shells,148,6,proximate,total solids,91.8,% total weight,2,,38,knife mill (2mm),,,,capstan,pass,,2026-07-17 19:03:59.432240,
(04)d532,31,almond shells,148,6,proximate,moisture,8.2,% total weight,2,,38,knife mill (2mm),,,,capstan,pass,,2026-07-17 19:03:59.432240,
(04)ed81,26,spent oak chips,28,11,proximate,volatile solids,91.96,% total weight,2,,39,as is,14.0,,xkang2@lbl.gov,maplewood,pass,,2026-07-17 19:03:59.432240,
(04)f5c2,31,almond shells,148,6,proximate,volatile solids,87.86,% total weight,1,,38,knife mill (2mm),,,,capstan,pass,,2026-07-17 19:03:59.432240,
(0a)15de,37,tomato pomace,96,7,proximate,ash,4.73,% total weight,2,,33,oven dry + knife mill (2mm),,,,pinecrest,fail,sample is oven dried which renders it meaningless for moisture and hence calculating %total,2026-07-17 19:03:59.432240,
(0a)2238,37,tomato pomace,96,7,proximate,volatile solids,91.65,% total weight,2,,33,oven dry + knife mill (2mm),,,,pinecrest,fail,sample is oven dried which renders it meaningless for moisture and hence calculating %total,2026-07-17 19:03:59.432240,
(0a)6176,37,tomato pomace,96,7,proximate,total solids,96.38,% total weight,2,,33,oven dry + knife mill (2mm),,,,pinecrest,fail,sample is oven dried which renders it meaningless for moisture and hence calculating %total,2026-07-17 19:03:59.432240,
(0a)6979,37,tomato pomace,96,7,proximate,ash,4.83,% total weight,3,,33,oven dry + knife mill (2mm),,,,pinecrest,fail,sample is oven dried which renders it meaningless for moisture and hence calculating %total,2026-07-17 19:03:59.432240,
(0a)7960,37,tomato pomace,96,7,proximate,moisture,3.62,% total weight,2,,33,oven dry + knife mill (2mm),,,,pinecrest,fail,sample is oven dried which renders it meaningless for moisture and hence calculating %total,2026-07-17 19:03:59.432240,
(0a)84ab,37,tomato pomace,96,7,proximate,volatile solids,91.59,% total weight,1,,33,oven dry + knife mill (2mm),,,,pinecrest,fail,sample is oven dried which renders it meaningless for moisture and hence calculating %total,2026-07-17 19:03:59.432240,
(0a)8a01,37,tomato pomace,96,7,proximate,moisture,3.73,% total weight,3,,33,oven dry + knife mill (2mm),,,,pinecrest,fail,sample is oven dried which renders it meaningless for moisture and hence calculating %total,2026-07-17 19:03:59.432240,
(0a)8dca,37,tomato pomace,96,7,proximate,total solids,96.27,% total weight,3,,33,oven dry + knife mill (2mm),,,,pinecrest,fail,sample is oven dried which renders it meaningless for moisture and hence calculating %total,2026-07-17 19:03:59.432240,
(0a)9d68,37,tomato pomace,96,7,proximate,volatile solids,91.44,% total weight,3,,33,oven dry + knife mill (2mm),,,,pinecrest,fail,sample is oven dried which renders it meaningless for moisture and hence calculating %total,2026-07-17 19:03:59.432240,
(0a)a1b7,37,tomato pomace,96,7,proximate,ash,4.8,% total weight,1,,33,oven dry + knife mill (2mm),,,,pinecrest,fail,sample is oven dried which renders it meaningless for moisture and hence calculating %total,2026-07-17 19:03:59.432240,
(0a)cae5,37,tomato pomace,96,7,proximate,total solids,96.39,% total weight,1,,33,oven dry + knife mill (2mm),,,,pinecrest,fail,sample is oven dried which renders it meaningless for moisture and hence calculating %total,2026-07-17 19:03:59.432240,
(0a)efa5,37,tomato pomace,96,7,proximate,moisture,3.61,% total weight,1,,33,oven dry + knife mill (2mm),,,,pinecrest,fail,sample is oven dried which renders it meaningless for moisture and hence calculating %total,2026-07-17 19:03:59.432240,
(0d)1559,7,sargassum,52,5,proximate,ash,37.39,% total weight,2,,39,as is,,,,hairpin,pass,uc combined protocol,2026-07-17 19:03:59.432240,
(0d)1817,7,sargassum,52,5,proximate,moisture,2.01,% total weight,1,,39,as is,,,,hairpin,pass,uc combined protocol,2026-07-17 19:03:59.432240,
(0d)188f,7,sargassum,52,20,proximate,ash,30.86,% total weight,1,,39,as is,14.0,,xkang2@lbl.gov,hairpin,pass,,2026-07-17 19:03:59.432240,
(0d)2775,7,sargassum,52,5,proximate,volatile solids,27.03,% total weight,1,,39,as is,17.0,,pass,hairpin,pass,uc combined protocol,2026-07-17 19:03:59.432240,
(0d)329b,7,sargassum,52,5,proximate,total solids,35.3,% total weight,2,,39,as is,17.0,,pass,hairpin,pass,uc combined protocol,2026-07-17 19:03:59.432240,
(0d)388f,7,sargassum,52,20,proximate,volatile solids,58.14,% total weight,3,,39,as is,14.0,,xkang2@lbl.gov,hairpin,pass,,2026-07-17 19:03:59.432240,
(0d)3fa6,7,sargassum,52,5,proximate,total solids,35.89,% total weight,1,,39,as is,17.0,,pass,hairpin,pass,uc combined protocol,2026-07-17 19:03:59.432240,
(0d)4657,7,sargassum,52,20,proximate,ash,31.12,% total weight,2,,39,as is,14.0,,xkang2@lbl.gov,hairpin,pass,,2026-07-17 19:03:59.432240,
(0d)4978,7,sargassum,52,5,proximate,volatile solids,27.13,% total weight,3,,39,as is,17.0,,pass,hairpin,pass,uc combined protocol,2026-07-17 19:03:59.432240,
(0d)5044,7,sargassum,52,20,proximate,volatile solids,58.57,% total weight,1,,39,as is,14.0,,xkang2@lbl.gov,hairpin,pass,,2026-07-17 19:03:59.432240,
(0d)542d,7,sargassum,52,5,proximate,total solids,35.75,% total weight,3,,39,as is,17.0,,pass,hairpin,pass,uc combined protocol,2026-07-17 19:03:59.432240,
(0d)6a9a,7,sargassum,52,20,proximate,ash,31.3,% total weight,3,,39,as is,14.0,,xkang2@lbl.gov,hairpin,pass,,2026-07-17 19:03:59.432240,
(0d)77f8,7,sargassum,52,20,proximate,moisture,10.36,% total weight,2,,39,as is,14.0,,xkang2@lbl.gov,hairpin,pass,,2026-07-17 19:03:59.432240,
(0d)91cd,7,sargassum,52,20,proximate,total solids,89.43,% total weight,1,,39,as is,14.0,,xkang2@lbl.gov,hairpin,pass,,2026-07-17 19:03:59.432240,
(0d)9cec,7,sargassum,52,20,proximate,moisture,10.56,% total weight,3,,39,as is,14.0,,xkang2@lbl.gov,hairpin,pass,,2026-07-17 19:03:59.432240,
(0d)b14a,7,sargassum,52,20,proximate,total solids,89.44,% total weight,3,,39,as is,14.0,,xkang2@lbl.gov,hairpin,pass,,2026-07-17 19:03:59.432240,
(0d)be4a,7,sargassum,52,20,proximate,volatile solids,58.52,% total weight,2,,39,as is,14.0,,xkang2@lbl.gov,hairpin,pass,,2026-07-17 19:03:59.432240,
(0d)cd35,7,sargassum,52,5,proximate,ash,37.08,% total weight,1,,39,as is,,,,hairpin,pass,uc combined protocol,2026-07-17 19:03:59.432240,
(0d)d715,7,sargassum,52,5,proximate,ash,37.13,% total weight,3,,39,as is,,,,hairpin,pass,uc combined protocol,2026-07-17 19:03:59.432240,
(0d)dca2,7,sargassum,52,20,proximate,total solids,89.64,% total weight,2,,39,as is,14.0,,xkang2@lbl.gov,hairpin,pass,,2026-07-17 19:03:59.432240,
(0d)e718,7,sargassum,52,20,proximate,moisture,10.57,% total weight,1,,39,as is,14.0,,xkang2@lbl.gov,hairpin,pass,,2026-07-17 19:03:59.432240,
(0d)fe10,7,sargassum,52,5,proximate,volatile solids,27.32,% total weight,2,,39,as is,17.0,,pass,hairpin,pass,uc combined protocol,2026-07-17 19:03:59.432240,
(11)132e,9,pistachio hulls,139,18,proximate,total solids,18.08,% total weight,2,,39,as is,,,,tripod,pass,,2026-07-17 19:03:59.432240,
(11)2322,9,pistachio hulls,139,18,proximate,total solids,19.66,% total weight,1,,39,as is,,,,tripod,pass,,2026-07-17 19:03:59.432240,
(11)2800,9,pistachio hulls,139,18,proximate,ash,4.89,% total weight,2,,39,as is,,,,tripod,pass,,2026-07-17 19:03:59.432240,
(11)472b,9,pistachio hulls,139,18,proximate,ash,4.96,% total weight,3,,39,as is,,,,tripod,pass,,2026-07-17 19:03:59.432240,
(11)539d,9,pistachio hulls,139,18,proximate,moisture,82.83,% total weight,3,,39,as is,,,,tripod,pass,,2026-07-17 19:03:59.432240,
(11)713f,9,pistachio hulls,139,18,proximate,total solids,17.17,% total weight,3,,39,as is,,,,tripod,pass,,2026-07-17 19:03:59.432240,
(11)a4db,9,pistachio hulls,139,18,proximate,moisture,80.34,% total weight,1,,39,as is,,,,tripod,pass,,2026-07-17 19:03:59.432240,
(11)ac5a,9,pistachio hulls,139,18,proximate,ash,4.69,% total weight,1,,39,as is,,,,tripod,pass,,2026-07-17 19:03:59.432240,
(11)bf57,9,pistachio hulls,139,18,proximate,volatile solids,12.22,% total weight,3,,39,as is,,,,tripod,pass,,2026-07-17 19:03:59.432240,
(11)c9c5,9,pistachio hulls,139,18,proximate,volatile solids,13.19,% total weight,2,,39,as is,,,,tripod,pass,,2026-07-17 19:03:59.432240,
(11)f212,9,pistachio hulls,139,18,proximate,volatile solids,14.97,% total weight,1,,39,as is,,,,tripod,pass,,2026-07-17 19:03:59.432240,
(11)ffa7,9,pistachio hulls,139,18,proximate,moisture,81.92,% total weight,2,,39,as is,,,,tripod,pass,,2026-07-17 19:03:59.432240,
(13)0c41,23,grape pomace,34,11,proximate,moisture,64.98,% total weight,3,,39,as is,14.0,,xkang2@lbl.gov,ebony,pass,,2026-07-17 19:03:59.432240,
(13)124d,31,almond shells,70,14,proximate,ash,3.64,% total weight,1,,38,knife mill (2mm),14.0,,xkang2@lbl.gov,humorous,pass,,2026-07-17 19:03:59.432240,
(13)12b9,31,almond shells,70,14,proximate,moisture,19.06,% total weight,3,,38,knife mill (2mm),14.0,,xkang2@lbl.gov,humorous,pass,,2026-07-17 19:03:59.432240,
(13)1443,31,almond shells,70,14,proximate,volatile solids,77.18,% total weight,3,,38,knife mill (2mm),14.0,,xkang2@lbl.gov,humorous,pass,,2026-07-17 19:03:59.432240,
(13)1b04,31,almond shells,70,14,proximate,moisture,19.0,% total weight,2,,38,knife mill (2mm),14.0,,xkang2@lbl.gov,humorous,pass,,2026-07-17 19:03:59.432240,
(13)2169,31,almond shells,70,14,proximate,moisture,19.05,% total weight,1,,38,knife mill (2mm),14.0,,xkang2@lbl.gov,humorous,pass,,2026-07-17 19:03:59.432240,
(13)2dd8,31,almond shells,70,14,proximate,ash,3.77,% total weight,3,,38,knife mill (2mm),14.0,,xkang2@lbl.gov,humorous,pass,,2026-07-17 19:03:59.432240,
(13)4f76,23,grape pomace,34,11,proximate,ash,4.13,% total weight,3,,39,as is,14.0,,xkang2@lbl.gov,ebony,pass,,2026-07-17 19:03:59.432240,
(13)61f0,23,grape pomace,34,11,proximate,total solids,35.02,% total weight,3,,39,as is,14.0,,xkang2@lbl.gov,ebony,pass,,2026-07-17 19:03:59.432240,
(13)67a7,23,grape pomace,34,11,proximate,moisture,62.07,% total weight,2,,39,as is,14.0,,xkang2@lbl.gov,ebony,pass,,2026-07-17 19:03:59.432240,
(13)6c40,31,almond shells,70,14,proximate,ash,3.71,% total weight,2,,38,knife mill (2mm),14.0,,xkang2@lbl.gov,humorous,pass,,2026-07-17 19:03:59.432240,
(13)710c,31,almond shells,70,14,proximate,volatile solids,77.31,% total weight,1,,38,knife mill (2mm),14.0,,xkang2@lbl.gov,humorous,pass,,2026-07-17 19:03:59.432240,
(13)7fbd,31,almond shells,70,14,proximate,total solids,80.94,% total weight,3,,38,knife mill (2mm),14.0,,xkang2@lbl.gov,humorous,pass,,2026-07-17 19:03:59.432240,
(13)81e1,23,grape pomace,34,11,proximate,ash,4.13,% total weight,2,,39,as is,14.0,,xkang2@lbl.gov,ebony,pass,,2026-07-17 19:03:59.432240,
(13)8f5d,23,grape pomace,34,11,proximate,total solids,37.93,% total weight,2,,39,as is,14.0,,xkang2@lbl.gov,ebony,pass,,2026-07-17 19:03:59.432240,
(13)9fd0,23,grape pomace,34,11,proximate,volatile solids,33.1,% total weight,1,,39,as is,14.0,,xkang2@lbl.gov,ebony,pass,,2026-07-17 19:03:59.432240,
(13)a107,23,grape pomace,34,11,proximate,total solids,36.93,% total weight,1,,39,as is,14.0,,xkang2@lbl.gov,ebony,pass,,2026-07-17 19:03:59.432240,
(13)a902,23,grape pomace,34,11,proximate,moisture,63.07,% total weight,1,,39,as is,14.0,,xkang2@lbl.gov,ebony,pass,,2026-07-17 19:03:59.432240,
(13)ade3,23,grape pomace,34,11,proximate,ash,3.84,% total weight,1,,39,as is,14.0,,xkang2@lbl.gov,ebony,pass,,2026-07-17 19:03:59.432240,
(13)bae5,31,almond shells,70,14,proximate,total solids,80.95,% total weight,1,,38,knife mill (2mm),14.0,,xkang2@lbl.gov,humorous,pass,,2026-07-17 19:03:59.432240,
(13)dda4,31,almond shells,70,14,proximate,total solids,81.0,% total weight,2,,38,knife mill (2mm),14.0,,xkang2@lbl.gov,humorous,pass,,2026-07-17 19:03:59.432240,
(13)df67,23,grape pomace,34,11,proximate,volatile solids,30.89,% total weight,3,,39,as is,14.0,,xkang2@lbl.gov,ebony,pass,,2026-07-17 19:03:59.432240,
(13)e2ec,23,grape pomace,34,11,proximate,volatile solids,33.8,% total weight,2,,39,as is,14.0,,xkang2@lbl.gov,ebony,pass,,2026-07-17 19:03:59.432240,
(13)f8f6,31,almond shells,70,14,proximate,volatile solids,77.29,% total weight,2,,38,knife mill (2mm),14.0,,xkang2@lbl.gov,humorous,pass,,2026-07-17 19:03:59.432240,
(14)0aa6,30,peach pomace,88,10,proximate,volatile solids,2.51,% total weight,3,,39,as is,14.0,,xkang2@lbl.gov,rushes,pass,,2026-07-17 19:03:59.432240,
(14)1a55,30,peach pomace,88,10,proximate,moisture,97.15,% total weight,2,,39,as is,14.0,,xkang2@lbl.gov,rushes,pass,,2026-07-17 19:03:59.432240,
(14)6c7f,30,peach pomace,88,10,proximate,ash,0.31,% total weight,3,,39,as is,14.0,,xkang2@lbl.gov,rushes,pass,,2026-07-17 19:03:59.432240,
(14)76bd,30,peach pomace,88,10,proximate,ash,0.31,% total weight,1,,39,as is,14.0,,xkang2@lbl.gov,rushes,pass,,2026-07-17 19:03:59.432240,
(14)bd40,30,peach pomace,88,10,proximate,ash,0.33,% total weight,2,,39,as is,14.0,,xkang2@lbl.gov,rushes,pass,,2026-07-17 19:03:59.432240,
(14)c28a,30,peach pomace,88,10,proximate,moisture,97.18,% total weight,3,,39,as is,14.0,,xkang2@lbl.gov,rushes,pass,,2026-07-17 19:03:59.432240,
(14)d4a4,30,peach pomace,88,10,proximate,total solids,2.85,% total weight,2,,39,as is,14.0,,xkang2@lbl.gov,rushes,pass,,2026-07-17 19:03:59.432240,
(14)e13b,30,peach pomace,88,10,proximate,total solids,2.82,% total weight,3,,39,as is,14.0,,xkang2@lbl.gov,rushes,pass,,2026-07-17 19:03:59.432240,
(14)e88d,30,peach pomace,88,10,proximate,total solids,2.92,% total weight,1,,39,as is,14.0,,xkang2@lbl.gov,rushes,pass,,2026-07-17 19:03:59.432240,
(14)eb17,30,peach pomace,88,10,proximate,volatile solids,2.61,% total weight,1,,39,as is,14.0,,xkang2@lbl.gov,rushes,pass,,2026-07-17 19:03:59.432240,
(14)f092,30,peach pomace,88,10,proximate,volatile solids,2.52,% total weight,2,,39,as is,14.0,,xkang2@lbl.gov,rushes,pass,,2026-07-17 19:03:59.432240,
(14)ff20,30,peach pomace,88,10,proximate,moisture,97.08,% total weight,1,,39,as is,14.0,,xkang2@lbl.gov,rushes,pass,,2026-07-17 19:03:59.432240,
(15)04c6,25,almond hulls,71,14,proximate,volatile solids,78.2,% total weight,3,,38,knife mill (2mm),14.0,,xkang2@lbl.gov,humorous,pass,,2026-07-17 19:03:59.432240,
(15)0931,14,olive stems / leaves,179,21,proximate,ash,2.51,% total weight,3,,39,as is,,,,excellent,pass,,2026-07-17 19:03:59.432240,
(15)14f9,19,walnut shells,160,12,proximate,moisture,9.86,% total weight,3,,38,knife mill (2mm),,,,cutaway,pass,,2026-07-17 19:03:59.432240,
(15)19f2,25,almond hulls,71,14,proximate,total solids,84.56,% total weight,2,,38,knife mill (2mm),14.0,,xkang2@lbl.gov,humorous,pass,,2026-07-17 19:03:59.432240,
(15)1e0f,14,olive stems / leaves,179,21,proximate,volatile solids,45.27,% total weight,1,,39,as is,,,,excellent,pass,,2026-07-17 19:03:59.432240,
(15)2551,19,walnut shells,160,12,proximate,total solids,90.14,% total weight,1,,38,knife mill (2mm),,,,cutaway,pass,,2026-07-17 19:03:59.432240,
(15)282d,14,olive stems / leaves,179,21,proximate,total solids,48.56,% total weight,2,,39,as is,,,,excellent,pass,,2026-07-17 19:03:59.432240,
(15)2ca0,19,walnut shells,160,12,proximate,ash,1.06,% total weight,2,,38,knife mill (2mm),,,,cutaway,pass,,2026-07-17 19:03:59.432240,
(15)4136,14,olive stems / leaves,179,21,proximate,volatile solids,46.42,% total weight,2,,39,as is,,,,excellent,pass,,2026-07-17 19:03:59.432240,
(15)53d1,19,walnut shells,160,12,proximate,moisture,9.86,% total weight,1,,38,knife mill (2mm),,,,cutaway,pass,,2026-07-17 19:03:59.432240,
(15)5a1e,25,almond hulls,71,14,proximate,moisture,15.3,% total weight,3,,38,knife mill (2mm),14.0,,xkang2@lbl.gov,humorous,pass,,2026-07-17 19:03:59.432240,
(15)6ecb,19,walnut shells,160,12,proximate,moisture,9.88,% total weight,2,,38,knife mill (2mm),,,,cutaway,pass,,2026-07-17 19:03:59.432240,
(15)77aa,19,walnut shells,160,12,proximate,volatile solids,88.91,% total weight,3,,38,knife mill (2mm),,,,cutaway,pass,,2026-07-17 19:03:59.432240,
(15)80f1,19,walnut shells,160,12,proximate,total solids,90.14,% total weight,3,,38,knife mill (2mm),,,,cutaway,pass,,2026-07-17 19:03:59.432240,
(15)8749,25,almond hulls,71,14,proximate,volatile solids,77.67,% total weight,2,,38,knife mill (2mm),14.0,,xkang2@lbl.gov,humorous,pass,,2026-07-17 19:03:59.432240,
(15)9253,14,olive stems / leaves,179,21,proximate,moisture,51.88,% total weight,1,,39,as is,,,,excellent,pass,,2026-07-17 19:03:59.432240,
(15)9329,14,olive stems / leaves,179,21,proximate,total solids,48.12,% total weight,1,,39,as is,,,,excellent,pass,,2026-07-17 19:03:59.432240,
(15)9365,25,almond hulls,71,14,proximate,ash,6.5,% total weight,3,,38,knife mill (2mm),14.0,,xkang2@lbl.gov,humorous,pass,,2026-07-17 19:03:59.432240,
(15)9820,14,olive stems / leaves,179,21,proximate,moisture,46.17,% total weight,3,,39,as is,,,,excellent,pass,,2026-07-17 19:03:59.432240,
(15)9a81,25,almond hulls,71,14,proximate,total solids,84.51,% total weight,1,,38,knife mill (2mm),14.0,,xkang2@lbl.gov,humorous,pass,,2026-07-17 19:03:59.432240,
(15)9e63,25,almond hulls,71,14,proximate,moisture,15.44,% total weight,2,,38,knife mill (2mm),14.0,,xkang2@lbl.gov,humorous,pass,,2026-07-17 19:03:59.432240,
(15)a12f,14,olive stems / leaves,179,21,proximate,moisture,51.44,% total weight,2,,39,as is,,,,excellent,pass,,2026-07-17 19:03:59.432240,
(15)b8d3,25,almond hulls,71,14,proximate,volatile solids,77.55,% total weight,1,,38,knife mill (2mm),14.0,,xkang2@lbl.gov,humorous,pass,,2026-07-17 19:03:59.432240,
(15)bdac,19,walnut shells,160,12,proximate,ash,1.07,% total weight,1,,38,knife mill (2mm),,,,cutaway,pass,,2026-07-17 19:03:59.432240,
(15)c5df,25,almond hulls,71,14,proximate,ash,6.96,% total weight,1,,38,knife mill (2mm),14.0,,xkang2@lbl.gov,humorous,pass,,2026-07-17 19:03:59.432240,
(15)c9c6,19,walnut shells,160,12,proximate,ash,1.24,% total weight,3,,38,knife mill (2mm),,,,cutaway,pass,,2026-07-17 19:03:59.432240,
(15)cfe9,14,olive stems / leaves,179,21,proximate,ash,2.85,% total weight,1,,39,as is,,,,excellent,pass,,2026-07-17 19:03:59.432240,
(15)d7bb,25,almond hulls,71,14,proximate,ash,6.89,% total weight,2,,38,knife mill (2mm),14.0,,xkang2@lbl.gov,humorous,pass,,2026-07-17 19:03:59.432240,
(15)dcc2,19,walnut shells,160,12,proximate,volatile solids,89.06,% total weight,2,,38,knife mill (2mm),,,,cutaway,pass,,2026-07-17 19:03:59.432240,
(15)dec9,14,olive stems / leaves,179,21,proximate,volatile solids,51.32,% total weight,3,,39,as is,,,,excellent,pass,,2026-07-17 19:03:59.432240,
(15)e432,14,olive stems / leaves,179,21,proximate,total solids,53.83,% total weight,3,,39,as is,,,,excellent,pass,,2026-07-17 19:03:59.432240,
(15)e5c4,19,walnut shells,160,12,proximate,volatile solids,89.06,% total weight,1,,38,knife mill (2mm),,,,cutaway,pass,,2026-07-17 19:03:59.432240,
(15)ea15,19,walnut shells,160,12,proximate,total solids,90.12,% total weight,2,,38,knife mill (2mm),,,,cutaway,pass,,2026-07-17 19:03:59.432240,
(15)efa4,25,almond hulls,71,14,proximate,moisture,15.49,% total weight,1,,38,knife mill (2mm),14.0,,xkang2@lbl.gov,humorous,pass,,2026-07-17 19:03:59.432240,
(15)f3b8,14,olive stems / leaves,179,21,proximate,ash,2.15,% total weight,2,,39,as is,,,,excellent,pass,,2026-07-17 19:03:59.432240,
(15)f648,25,almond hulls,71,14,proximate,total solids,84.7,% total weight,3,,38,knife mill (2mm),14.0,,xkang2@lbl.gov,humorous,pass,,2026-07-17 19:03:59.432240,
(1a)14db,33,sweet potato culls,56,5,proximate,moisture,3.43,% total weight,1,,33,oven dry + knife mill (2mm),,,,tackle,fail,uc combined protocol,2026-07-17 19:03:59.432240,
(1a)33d7,33,sweet potato culls,56,5,proximate,volatile solids,4.73,% total weight,1,,33,oven dry + knife mill (2mm),18.0,,fail,tackle,fail,uc combined protocol,2026-07-17 19:03:59.432240,
(1a)3730,33,sweet potato culls,56,5,proximate,ash,4.9,% total weight,2,,33,oven dry + knife mill (2mm),,,,tackle,fail,uc combined protocol,2026-07-17 19:03:59.432240,
(1a)3794,33,sweet potato culls,56,5,proximate,total solids,90.32,% total weight,2,,33,oven dry + knife mill (2mm),18.0,,fail,tackle,fail,uc combined protocol,2026-07-17 19:03:59.432240,
(1a)3fa8,33,sweet potato culls,56,5,proximate,volatile solids,4.78,% total weight,2,,33,oven dry + knife mill (2mm),18.0,,fail,tackle,fail,uc combined protocol,2026-07-17 19:03:59.432240,
(1a)5921,33,sweet potato culls,56,5,proximate,volatile solids,4.83,% total weight,3,,33,oven dry + knife mill (2mm),18.0,,fail,tackle,fail,uc combined protocol,2026-07-17 19:03:59.432240,
(1a)c42b,33,sweet potato culls,56,5,proximate,ash,4.89,% total weight,1,,33,oven dry + knife mill (2mm),,,,tackle,fail,uc combined protocol,2026-07-17 19:03:59.432240,
(1a)d2ad,33,sweet potato culls,56,5,proximate,ash,5.01,% total weight,3,,33,oven dry + knife mill (2mm),,,,tackle,fail,uc combined protocol,2026-07-17 19:03:59.432240,
(1a)e81a,33,sweet potato culls,56,5,proximate,total solids,90.38,% total weight,1,,33,oven dry + knife mill (2mm),18.0,,fail,tackle,fail,uc combined protocol,2026-07-17 19:03:59.432240,
(1a)ed82,33,sweet potato culls,56,5,proximate,total solids,90.15,% total weight,3,,33,oven dry + knife mill (2mm),18.0,,fail,tackle,fail,uc combined protocol,2026-07-17 19:03:59.432240,
(1b)05cf,23,grape pomace,64,5,proximate,volatile solids,6.2,% total weight,2,,33,oven dry + knife mill (2mm),18.0,,fail,ebony,fail,uc combined protocol,2026-07-17 19:03:59.432240,
(1b)0dca,23,grape pomace,64,5,proximate,volatile solids,6.64,% total weight,3,,33,oven dry + knife mill (2mm),18.0,,fail,ebony,fail,uc combined protocol,2026-07-17 19:03:59.432240,
(1b)2201,23,grape pomace,64,5,proximate,volatile solids,5.92,% total weight,1,,33,oven dry + knife mill (2mm),18.0,,fail,ebony,fail,uc combined protocol,2026-07-17 19:03:59.432240,
(1b)3899,23,grape pomace,64,5,proximate,total solids,87.08,% total weight,2,,33,oven dry + knife mill (2mm),18.0,,fail,ebony,fail,uc combined protocol,2026-07-17 19:03:59.432240,
(1b)4a9f,23,grape pomace,64,5,proximate,moisture,2.19,% total weight,1,,33,oven dry + knife mill (2mm),,,,ebony,fail,uc combined protocol,2026-07-17 19:03:59.432240,
(1b)6053,23,grape pomace,64,5,proximate,ash,7.2,% total weight,3,,33,oven dry + knife mill (2mm),,,,ebony,fail,uc combined protocol,2026-07-17 19:03:59.432240,
(1b)6d6b,23,grape pomace,64,5,proximate,ash,6.28,% total weight,1,,33,oven dry + knife mill (2mm),,,,ebony,fail,uc combined protocol,2026-07-17 19:03:59.432240,
(1b)8f07,23,grape pomace,64,5,proximate,ash,6.72,% total weight,2,,33,oven dry + knife mill (2mm),,,,ebony,fail,uc combined protocol,2026-07-17 19:03:59.432240,
(1b)bd1e,23,grape pomace,64,5,proximate,total solids,86.15,% total weight,3,,33,oven dry + knife mill (2mm),18.0,,fail,ebony,fail,uc combined protocol,2026-07-17 19:03:59.432240,
(1b)c76a,23,grape pomace,64,5,proximate,total solids,87.8,% total weight,1,,33,oven dry + knife mill (2mm),18.0,,fail,ebony,fail,uc combined protocol,2026-07-17 19:03:59.432240,
(20)4df9,13,walnut hulls,35,23,proximate,ash,25.98,% total weight,2,,36,oven dry,14.0,,xkang2@lbl.gov,energetic,fail,sample is oven dried before checking moisture content,2026-07-17 19:03:59.432240,
(20)5930,13,walnut hulls,35,23,proximate,moisture,6.66,% total weight,1,,36,oven dry,14.0,,xkang2@lbl.gov,energetic,fail,sample is oven dried before checking moisture content,2026-07-17 19:03:59.432240,
(20)60db,13,walnut hulls,35,23,proximate,volatile solids,68.54,% total weight,1,,36,oven dry,14.0,,xkang2@lbl.gov,energetic,fail,sample is oven dried before checking moisture content,2026-07-17 19:03:59.432240,
(20)7a71,13,walnut hulls,35,23,proximate,volatile solids,67.32,% total weight,2,,36,oven dry,14.0,,xkang2@lbl.gov,energetic,fail,sample is oven dried before checking moisture content,2026-07-17 19:03:59.432240,
(20)7b34,13,walnut hulls,35,23,proximate,moisture,6.62,% total weight,3,,36,oven dry,14.0,,xkang2@lbl.gov,energetic,fail,sample is oven dried before checking moisture content,2026-07-17 19:03:59.432240,
(20)7bfe,13,walnut hulls,35,23,proximate,total solids,93.38,% total weight,3,,36,oven dry,14.0,,xkang2@lbl.gov,energetic,fail,sample is oven dried before checking moisture content,2026-07-17 19:03:59.432240,
(20)7d8e,13,walnut hulls,35,23,proximate,volatile solids,67.47,% total weight,3,,36,oven dry,14.0,,xkang2@lbl.gov,energetic,fail,sample is oven dried before checking moisture content,2026-07-17 19:03:59.432240,
(20)a041,13,walnut hulls,35,23,proximate,moisture,6.7,% total weight,2,,36,oven dry,14.0,,xkang2@lbl.gov,energetic,fail,sample is oven dried before checking moisture content,2026-07-17 19:03:59.432240,
(20)bd5a,13,walnut hulls,35,23,proximate,ash,24.8,% total weight,1,,36,oven dry,14.0,,xkang2@lbl.gov,energetic,fail,sample is oven dried before checking moisture content,2026-07-17 19:03:59.432240,
(20)db96,13,walnut hulls,35,23,proximate,ash,25.92,% total weight,3,,36,oven dry,14.0,,xkang2@lbl.gov,energetic,fail,sample is oven dried before checking moisture content,2026-07-17 19:03:59.432240,
(20)e321,13,walnut hulls,35,23,proximate,total solids,93.34,% total weight,1,,36,oven dry,14.0,,xkang2@lbl.gov,energetic,fail,sample is oven dried before checking moisture content,2026-07-17 19:03:59.432240,
(20)e873,13,walnut hulls,35,23,proximate,total solids,93.3,% total weight,2,,36,oven dry,14.0,,xkang2@lbl.gov,energetic,fail,sample is oven dried before checking moisture content,2026-07-17 19:03:59.432240,
(23)3d5d,36,peach screening waste,89,10,proximate,volatile solids,2.22,% total weight,1,,39,as is,14.0,,xkang2@lbl.gov,rushes,pass,,2026-07-17 19:03:59.432240,
(23)502a,36,peach screening waste,89,10,proximate,volatile solids,2.46,% total weight,2,,39,as is,14.0,,xkang2@lbl.gov,rushes,pass,,2026-07-17 19:03:59.432240,
(23)564c,36,peach screening waste,89,10,proximate,moisture,97.56,% total weight,1,,39,as is,14.0,,xkang2@lbl.gov,rushes,pass,,2026-07-17 19:03:59.432240,
(23)5b30,36,peach screening waste,89,10,proximate,ash,0.26,% total weight,3,,39,as is,14.0,,xkang2@lbl.gov,rushes,pass,,2026-07-17 19:03:59.432240,
(23)6951,36,peach screening waste,89,10,proximate,moisture,97.06,% total weight,3,,39,as is,14.0,,xkang2@lbl.gov,rushes,pass,,2026-07-17 19:03:59.432240,
(23)77d7,36,peach screening waste,89,10,proximate,total solids,2.94,% total weight,3,,39,as is,14.0,,xkang2@lbl.gov,rushes,pass,,2026-07-17 19:03:59.432240,
(23)8788,36,peach screening waste,89,10,proximate,moisture,97.32,% total weight,2,,39,as is,14.0,,xkang2@lbl.gov,rushes,pass,,2026-07-17 19:03:59.432240,
(23)8d59,36,peach screening waste,89,10,proximate,total solids,2.44,% total weight,1,,39,as is,14.0,,xkang2@lbl.gov,rushes,pass,,2026-07-17 19:03:59.432240,
(23)a636,36,peach screening waste,89,10,proximate,total solids,2.68,% total weight,2,,39,as is,14.0,,xkang2@lbl.gov,rushes,pass,,2026-07-17 19:03:59.432240,
(23)ac37,36,peach screening waste,89,10,proximate,ash,0.22,% total weight,1,,39,as is,14.0,,xkang2@lbl.gov,rushes,pass,,2026-07-17 19:03:59.432240,
(23)d546,36,peach screening waste,89,10,proximate,ash,0.22,% total weight,2,,39,as is,14.0,,xkang2@lbl.gov,rushes,pass,,2026-07-17 19:03:59.432240,
(23)f85f,36,peach screening waste,89,10,proximate,volatile solids,2.68,% total weight,3,,39,as is,14.0,,xkang2@lbl.gov,rushes,pass,,2026-07-17 19:03:59.432240,
(24)00b5,31,almond shells,49,5,proximate,ash,6.52,% total weight,2,,38,knife mill (2mm),,,,tiny,pass,uc combined protocol,2026-07-17 19:03:59.432240,
(24)01da,31,almond shells,49,5,proximate,ash,6.85,% total weight,3,,38,knife mill (2mm),,,,tiny,pass,uc combined protocol,2026-07-17 19:03:59.432240,
(24)033b,31,almond shells,49,20,proximate,moisture,8.61,% total weight,1,,38,knife mill (2mm),14.0,,xkang2@lbl.gov,tiny,pass,,2026-07-17 19:03:59.432240,
(24)1385,31,almond shells,49,5,proximate,total solids,87.46,% total weight,2,,38,knife mill (2mm),17.0,,pass,tiny,pass,uc combined protocol,2026-07-17 19:03:59.432240,
(24)15c4,31,almond shells,49,5,proximate,volatile solids,6.02,% total weight,2,,38,knife mill (2mm),17.0,,pass,tiny,pass,uc combined protocol,2026-07-17 19:03:59.432240,
(24)16b6,31,almond shells,49,5,proximate,volatile solids,5.54,% total weight,1,,38,knife mill (2mm),17.0,,pass,tiny,pass,uc combined protocol,2026-07-17 19:03:59.432240,
(24)1fd9,31,almond shells,49,20,proximate,moisture,8.77,% total weight,3,,38,knife mill (2mm),14.0,,xkang2@lbl.gov,tiny,pass,,2026-07-17 19:03:59.432240,
(24)31a4,31,almond shells,49,20,proximate,total solids,91.39,% total weight,1,,38,knife mill (2mm),14.0,,xkang2@lbl.gov,tiny,pass,,2026-07-17 19:03:59.432240,
(24)3c8f,31,almond shells,49,5,proximate,ash,5.99,% total weight,1,,38,knife mill (2mm),,,,tiny,pass,uc combined protocol,2026-07-17 19:03:59.432240,
(24)4222,31,almond shells,49,5,proximate,total solids,88.47,% total weight,1,,38,knife mill (2mm),17.0,,pass,tiny,pass,uc combined protocol,2026-07-17 19:03:59.432240,
(24)48e4,31,almond shells,49,20,proximate,volatile solids,83.85,% total weight,2,,38,knife mill (2mm),14.0,,xkang2@lbl.gov,tiny,pass,,2026-07-17 19:03:59.432240,
(24)5785,31,almond shells,49,20,proximate,total solids,91.23,% total weight,3,,38,knife mill (2mm),14.0,,xkang2@lbl.gov,tiny,pass,,2026-07-17 19:03:59.432240,
(24)57ea,31,almond shells,49,20,proximate,volatile solids,84.42,% total weight,3,,38,knife mill (2mm),14.0,,xkang2@lbl.gov,tiny,pass,,2026-07-17 19:03:59.432240,
(24)7616,31,almond shells,49,5,proximate,volatile solids,6.34,% total weight,3,,38,knife mill (2mm),17.0,,pass,tiny,pass,uc combined protocol,2026-07-17 19:03:59.432240,
(24)7cb6,31,almond shells,49,20,proximate,volatile solids,84.56,% total weight,1,,38,knife mill (2mm),14.0,,xkang2@lbl.gov,tiny,pass,,2026-07-17 19:03:59.432240,
(24)7d51,31,almond shells,49,20,proximate,ash,6.81,% total weight,3,,38,knife mill (2mm),14.0,,xkang2@lbl.gov,tiny,pass,,2026-07-17 19:03:59.432240,
(24)8d62,31,almond shells,49,20,proximate,total solids,91.17,% total weight,2,,38,knife mill (2mm),14.0,,xkang2@lbl.gov,tiny,pass,,2026-07-17 19:03:59.432240,
(24)96ff,31,almond shells,49,5,proximate,total solids,86.81,% total weight,3,,38,knife mill (2mm),17.0,,pass,tiny,pass,uc combined protocol,2026-07-17 19:03:59.432240,
(24)bbda,31,almond shells,49,20,proximate,ash,6.83,% total weight,1,,38,knife mill (2mm),14.0,,xkang2@lbl.gov,tiny,pass,,2026-07-17 19:03:59.432240,
(24)c0c3,31,almond shells,49,20,proximate,moisture,8.83,% total weight,2,,38,knife mill (2mm),14.0,,xkang2@lbl.gov,tiny,pass,,2026-07-17 19:03:59.432240,
(24)ea69,31,almond shells,49,20,proximate,ash,7.32,% total weight,2,,38,knife mill (2mm),14.0,,xkang2@lbl.gov,tiny,pass,,2026-07-17 19:03:59.432240,
(24)f511,31,almond shells,49,5,proximate,moisture,2.32,% total weight,1,,38,knife mill (2mm),,,,tiny,pass,uc combined protocol,2026-07-17 19:03:59.432240,
(26)1b74,37,tomato pomace,59,5,proximate,volatile solids,-2.41,% total weight,3,,33,oven dry + knife mill (2mm),18.0,,fail,oakleaf,fail,uc combined protocol,2026-07-17 19:03:59.432240,
(26)5a2b,37,tomato pomace,59,5,proximate,ash,2.64,% total weight,1,,33,oven dry + knife mill (2mm),,,,oakleaf,fail,uc combined protocol,2026-07-17 19:03:59.432240,
(26)5c31,37,tomato pomace,59,5,proximate,volatile solids,2.59,% total weight,1,,33,oven dry + knife mill (2mm),18.0,,fail,oakleaf,fail,uc combined protocol,2026-07-17 19:03:59.432240,
(26)6286,37,tomato pomace,59,5,proximate,total solids,94.77,% total weight,1,,33,oven dry + knife mill (2mm),18.0,,fail,oakleaf,fail,uc combined protocol,2026-07-17 19:03:59.432240,
(26)75ab,37,tomato pomace,59,5,proximate,moisture,2.01,% total weight,1,,33,oven dry + knife mill (2mm),,,,oakleaf,fail,uc combined protocol,2026-07-17 19:03:59.432240,
(26)9ebb,37,tomato pomace,59,5,proximate,volatile solids,2.79,% total weight,2,,33,oven dry + knife mill (2mm),18.0,,fail,oakleaf,fail,uc combined protocol,2026-07-17 19:03:59.432240,
(26)b528,37,tomato pomace,59,5,proximate,total solids,94.44,% total weight,2,,33,oven dry + knife mill (2mm),18.0,,fail,oakleaf,fail,uc combined protocol,2026-07-17 19:03:59.432240,
(26)b8f7,37,tomato pomace,59,5,proximate,total solids,99.73,% total weight,3,,33,oven dry + knife mill (2mm),18.0,,fail,oakleaf,fail,uc combined protocol,2026-07-17 19:03:59.432240,
(26)edec,37,tomato pomace,59,5,proximate,ash,2.77,% total weight,2,,33,oven dry + knife mill (2mm),,,,oakleaf,fail,uc combined protocol,2026-07-17 19:03:59.432240,
(26)f3b6,37,tomato pomace,59,5,proximate,ash,2.67,% total weight,3,,33,oven dry + knife mill (2mm),18.0,,fail,oakleaf,pass,uc combined protocol,2026-07-17 19:03:59.432240,
(27)13cb,25,almond hulls,144,6,proximate,ash,13.37,% total weight,1,,38,knife mill (2mm),,,,tiny,pass,,2026-07-17 19:03:59.432240,
(27)23cd,25,almond hulls,144,6,proximate,ash,8.42,% total weight,3,,38,knife mill (2mm),,,,tiny,pass,,2026-07-17 19:03:59.432240,
(27)35cd,25,almond hulls,144,6,proximate,volatile solids,76.48,% total weight,3,,38,knife mill (2mm),,,,tiny,pass,,2026-07-17 19:03:59.432240,
(27)7991,25,almond hulls,144,6,proximate,volatile solids,77.31,% total weight,2,,38,knife mill (2mm),,,,tiny,pass,,2026-07-17 19:03:59.432240,
(27)7a5d,25,almond hulls,144,6,proximate,moisture,15.1,% total weight,3,,38,knife mill (2mm),,,,tiny,pass,,2026-07-17 19:03:59.432240,
(27)83ce,25,almond hulls,144,6,proximate,total solids,84.77,% total weight,2,,38,knife mill (2mm),,,,tiny,pass,,2026-07-17 19:03:59.432240,
(27)8c1d,25,almond hulls,144,6,proximate,volatile solids,71.44,% total weight,1,,38,knife mill (2mm),,,,tiny,pass,,2026-07-17 19:03:59.432240,
(27)9c73,25,almond hulls,144,6,proximate,moisture,15.23,% total weight,2,,38,knife mill (2mm),,,,tiny,pass,,2026-07-17 19:03:59.432240,
(27)baf0,25,almond hulls,144,6,proximate,total solids,84.9,% total weight,3,,38,knife mill (2mm),,,,tiny,pass,,2026-07-17 19:03:59.432240,
(27)bf60,25,almond hulls,144,6,proximate,moisture,15.19,% total weight,1,,38,knife mill (2mm),,,,tiny,pass,,2026-07-17 19:03:59.432240,
(27)de83,25,almond hulls,144,6,proximate,total solids,84.81,% total weight,1,,38,knife mill (2mm),,,,tiny,pass,,2026-07-17 19:03:59.432240,
(27)fa51,25,almond hulls,144,6,proximate,ash,7.46,% total weight,2,,38,knife mill (2mm),,,,tiny,pass,,2026-07-17 19:03:59.432240,
(28)0e4d,24,corn stover cobs,68,4,proximate,volatile solids,85.25,% total weight,1,,38,knife mill (2mm),14.0,,xkang2@lbl.gov,caterpillar,pass,,2026-07-17 19:03:59.432240,
(28)17f4,24,corn stover cobs,68,4,proximate,volatile solids,84.19,% total weight,2,,38,knife mill (2mm),14.0,,xkang2@lbl.gov,caterpillar,pass,,2026-07-17 19:03:59.432240,
(28)1cdc,24,corn stover cobs,68,4,proximate,moisture,4.89,% total weight,2,,38,knife mill (2mm),14.0,,xkang2@lbl.gov,caterpillar,pass,,2026-07-17 19:03:59.432240,
(28)2b5c,24,corn stover cobs,68,4,proximate,ash,9.4,% total weight,3,,38,knife mill (2mm),14.0,,xkang2@lbl.gov,caterpillar,pass,,2026-07-17 19:03:59.432240,
(28)37a3,24,corn stover cobs,68,4,proximate,moisture,4.95,% total weight,3,,38,knife mill (2mm),14.0,,xkang2@lbl.gov,caterpillar,pass,,2026-07-17 19:03:59.432240,
(28)45b4,24,corn stover cobs,68,4,proximate,moisture,4.92,% total weight,1,,38,knife mill (2mm),14.0,,xkang2@lbl.gov,caterpillar,pass,,2026-07-17 19:03:59.432240,
(28)5a04,24,corn stover cobs,68,4,proximate,volatile solids,85.65,% total weight,3,,38,knife mill (2mm),14.0,,xkang2@lbl.gov,caterpillar,pass,,2026-07-17 19:03:59.432240,
(28)5dec,24,corn stover cobs,68,4,proximate,total solids,95.05,% total weight,3,,38,knife mill (2mm),14.0,,xkang2@lbl.gov,caterpillar,pass,,2026-07-17 19:03:59.432240,
(28)6ebd,24,corn stover cobs,68,4,proximate,ash,9.83,% total weight,1,,38,knife mill (2mm),14.0,,xkang2@lbl.gov,caterpillar,pass,,2026-07-17 19:03:59.432240,
(28)7463,24,corn stover cobs,68,4,proximate,total solids,95.11,% total weight,2,,38,knife mill (2mm),14.0,,xkang2@lbl.gov,caterpillar,pass,,2026-07-17 19:03:59.432240,
(28)9043,24,corn stover cobs,68,4,proximate,total solids,95.08,% total weight,1,,38,knife mill (2mm),14.0,,xkang2@lbl.gov,caterpillar,pass,,2026-07-17 19:03:59.432240,
(28)ec2a,24,corn stover cobs,68,4,proximate,ash,10.92,% total weight,2,,38,knife mill (2mm),14.0,,xkang2@lbl.gov,caterpillar,pass,,2026-07-17 19:03:59.432240,
(29)1497,19,walnut shells,44,23,proximate,total solids,91.21,% total weight,1,,39,as is,14.0,,xkang2@lbl.gov,energetic,pass,,2026-07-17 19:03:59.432240,
(29)1b5a,19,walnut shells,44,23,proximate,ash,1.25,% total weight,2,,39,as is,14.0,,xkang2@lbl.gov,energetic,pass,,2026-07-17 19:03:59.432240,
(29)262a,19,walnut shells,44,23,proximate,total solids,91.19,% total weight,3,,39,as is,14.0,,xkang2@lbl.gov,energetic,pass,,2026-07-17 19:03:59.432240,
(29)2773,19,walnut shells,44,23,proximate,volatile solids,89.93,% total weight,3,,39,as is,14.0,,xkang2@lbl.gov,energetic,pass,,2026-07-17 19:03:59.432240,
(29)6761,19,walnut shells,44,23,proximate,moisture,8.81,% total weight,3,,39,as is,14.0,,xkang2@lbl.gov,energetic,pass,,2026-07-17 19:03:59.432240,
(29)877a,19,walnut shells,44,23,proximate,total solids,91.2,% total weight,2,,39,as is,14.0,,xkang2@lbl.gov,energetic,pass,,2026-07-17 19:03:59.432240,
(29)a631,19,walnut shells,44,23,proximate,moisture,8.8,% total weight,2,,39,as is,14.0,,xkang2@lbl.gov,energetic,pass,,2026-07-17 19:03:59.432240,
(29)bb18,19,walnut shells,44,23,proximate,moisture,8.79,% total weight,1,,39,as is,14.0,,xkang2@lbl.gov,energetic,pass,,2026-07-17 19:03:59.432240,
(29)eff5,19,walnut shells,44,23,proximate,volatile solids,90.0,% total weight,1,,39,as is,14.0,,xkang2@lbl.gov,energetic,pass,,2026-07-17 19:03:59.432240,
(29)f43d,19,walnut shells,44,23,proximate,ash,1.21,% total weight,1,,39,as is,14.0,,xkang2@lbl.gov,energetic,pass,,2026-07-17 19:03:59.432240,
(29)f78f,19,walnut shells,44,23,proximate,ash,1.26,% total weight,3,,39,as is,14.0,,xkang2@lbl.gov,energetic,pass,,2026-07-17 19:03:59.432240,
(29)ff20,19,walnut shells,44,23,proximate,volatile solids,89.95,% total weight,2,,39,as is,14.0,,xkang2@lbl.gov,energetic,pass,,2026-07-17 19:03:59.432240,
(31)0a4b,34,grape stem,20,17,proximate,ash,3.18,% total weight,1,,39,as is,14.0,,xkang2@lbl.gov,maplewood,pass,,2026-07-17 19:03:59.432240,
(31)2091,34,grape stem,20,17,proximate,moisture,70.37,% total weight,2,,39,as is,14.0,,xkang2@lbl.gov,maplewood,pass,,2026-07-17 19:03:59.432240,
(31)2dab,34,grape stem,20,17,proximate,moisture,69.62,% total weight,3,,39,as is,14.0,,xkang2@lbl.gov,maplewood,pass,,2026-07-17 19:03:59.432240,
(31)2f4b,25,almond hulls,48,5,proximate,volatile solids,4.76,% total weight,2,,38,knife mill (2mm),17.0,,pass,vibrant,pass,uc combined protocol,2026-07-17 19:03:59.432240,
(31)3091,34,grape stem,20,17,proximate,volatile solids,28.65,% total weight,1,,39,as is,14.0,,xkang2@lbl.gov,maplewood,pass,,2026-07-17 19:03:59.432240,
(31)3601,34,grape stem,20,17,proximate,ash,2.68,% total weight,3,,39,as is,14.0,,xkang2@lbl.gov,maplewood,pass,,2026-07-17 19:03:59.432240,
(31)3f5b,25,almond hulls,48,5,proximate,total solids,91.28,% total weight,1,,38,knife mill (2mm),17.0,,pass,vibrant,pass,uc combined protocol,2026-07-17 19:03:59.432240,
(31)4c41,25,almond hulls,48,5,proximate,total solids,90.47,% total weight,3,,38,knife mill (2mm),17.0,,pass,vibrant,pass,uc combined protocol,2026-07-17 19:03:59.432240,
(31)52a8,25,almond hulls,48,20,proximate,ash,5.6,% total weight,3,,38,knife mill (2mm),14.0,,xkang2@lbl.gov,vibrant,pass,,2026-07-17 19:03:59.432240,
(31)587e,25,almond hulls,48,20,proximate,volatile solids,80.25,% total weight,1,,38,knife mill (2mm),14.0,,xkang2@lbl.gov,vibrant,pass,,2026-07-17 19:03:59.432240,
(31)58c7,25,almond hulls,48,20,proximate,ash,6.23,% total weight,1,,38,knife mill (2mm),14.0,,xkang2@lbl.gov,vibrant,pass,,2026-07-17 19:03:59.432240,
(31)728e,25,almond hulls,48,20,proximate,total solids,86.47,% total weight,1,,38,knife mill (2mm),14.0,,xkang2@lbl.gov,vibrant,pass,,2026-07-17 19:03:59.432240,
(31)7611,25,almond hulls,48,5,proximate,ash,4.85,% total weight,2,,38,knife mill (2mm),,,,vibrant,pass,uc combined protocol,2026-07-17 19:03:59.432240,
(31)797b,25,almond hulls,48,20,proximate,volatile solids,80.91,% total weight,2,,38,knife mill (2mm),14.0,,xkang2@lbl.gov,vibrant,pass,,2026-07-17 19:03:59.432240,
(31)7d82,25,almond hulls,48,5,proximate,volatile solids,4.33,% total weight,1,,38,knife mill (2mm),17.0,,pass,vibrant,pass,uc combined protocol,2026-07-17 19:03:59.432240,
(31)7f43,25,almond hulls,48,20,proximate,moisture,13.74,% total weight,3,,38,knife mill (2mm),14.0,,xkang2@lbl.gov,vibrant,pass,,2026-07-17 19:03:59.432240,
(31)883a,34,grape stem,20,17,proximate,total solids,31.84,% total weight,1,,39,as is,14.0,,xkang2@lbl.gov,maplewood,pass,,2026-07-17 19:03:59.432240,
(31)88e9,25,almond hulls,48,5,proximate,ash,4.39,% total weight,1,,38,knife mill (2mm),,,,vibrant,pass,uc combined protocol,2026-07-17 19:03:59.432240,
(31)8db9,34,grape stem,20,17,proximate,total solids,30.38,% total weight,3,,39,as is,14.0,,xkang2@lbl.gov,maplewood,pass,,2026-07-17 19:03:59.432240,
(31)9831,34,grape stem,20,17,proximate,volatile solids,26.71,% total weight,2,,39,as is,14.0,,xkang2@lbl.gov,maplewood,pass,,2026-07-17 19:03:59.432240,
(31)992b,34,grape stem,20,17,proximate,volatile solids,27.71,% total weight,3,,39,as is,14.0,,xkang2@lbl.gov,maplewood,pass,,2026-07-17 19:03:59.432240,
(31)abf9,25,almond hulls,48,20,proximate,total solids,86.35,% total weight,2,,38,knife mill (2mm),14.0,,xkang2@lbl.gov,vibrant,pass,,2026-07-17 19:03:59.432240,
(31)ae33,34,grape stem,20,17,proximate,total solids,29.63,% total weight,2,,39,as is,14.0,,xkang2@lbl.gov,maplewood,pass,,2026-07-17 19:03:59.432240,
(31)b30c,25,almond hulls,48,5,proximate,total solids,90.39,% total weight,2,,38,knife mill (2mm),17.0,,pass,vibrant,pass,uc combined protocol,2026-07-17 19:03:59.432240,
(31)bb96,34,grape stem,20,17,proximate,ash,2.92,% total weight,2,,39,as is,14.0,,xkang2@lbl.gov,maplewood,pass,,2026-07-17 19:03:59.432240,
(31)c865,25,almond hulls,48,20,proximate,volatile solids,80.66,% total weight,3,,38,knife mill (2mm),14.0,,xkang2@lbl.gov,vibrant,pass,,2026-07-17 19:03:59.432240,
(31)d4cc,25,almond hulls,48,20,proximate,moisture,13.65,% total weight,2,,38,knife mill (2mm),14.0,,xkang2@lbl.gov,vibrant,pass,,2026-07-17 19:03:59.432240,
(31)d666,25,almond hulls,48,20,proximate,moisture,13.53,% total weight,1,,38,knife mill (2mm),14.0,,xkang2@lbl.gov,vibrant,pass,,2026-07-17 19:03:59.432240,
(31)d70c,25,almond hulls,48,20,proximate,ash,5.43,% total weight,2,,38,knife mill (2mm),14.0,,xkang2@lbl.gov,vibrant,pass,,2026-07-17 19:03:59.432240,
(31)db23,25,almond hulls,48,5,proximate,ash,4.81,% total weight,3,,38,knife mill (2mm),,,,vibrant,pass,uc combined protocol,2026-07-17 19:03:59.432240,
(31)df51,25,almond hulls,48,5,proximate,volatile solids,4.72,% total weight,3,,38,knife mill (2mm),17.0,,pass,vibrant,pass,uc combined protocol,2026-07-17 19:03:59.432240,
(31)e069,25,almond hulls,48,5,proximate,moisture,0.98,% total weight,1,,38,knife mill (2mm),,,,vibrant,pass,uc combined protocol,2026-07-17 19:03:59.432240,
(31)f2e1,25,almond hulls,48,20,proximate,total solids,86.26,% total weight,3,,38,knife mill (2mm),14.0,,xkang2@lbl.gov,vibrant,pass,,2026-07-17 19:03:59.432240,
(31)f992,34,grape stem,20,17,proximate,moisture,68.16,% total weight,1,,39,as is,14.0,,xkang2@lbl.gov,maplewood,pass,,2026-07-17 19:03:59.432240,
(35)0520,2,grape vine prunings,225,19,proximate,volatile solids,61.11,% total weight,1,,37,chipper (1in) + knife mill (2mm),17.0,,pass,boatswain,pass,https://docs.google.com/spreadsheets/d/1elqjbsy8pjasg8mwkhlqgbdzldr34wem/edit?gid=396354422#gid=396354464,2026-07-17 19:03:59.432240,
(35)1074,2,grape vine prunings,225,19,proximate,ash,2.76,% total weight,2,,37,chipper (1in) + knife mill (2mm),17.0,,pass,boatswain,pass,https://docs.google.com/spreadsheets/d/1elqjbsy8pjasg8mwkhlqgbdzldr34wem/edit?gid=396354422#gid=396354441,2026-07-17 19:03:59.432240,
(35)3782,2,grape vine prunings,225,19,proximate,volatile solids,62.04,% total weight,2,,37,chipper (1in) + knife mill (2mm),17.0,,pass,boatswain,pass,https://docs.google.com/spreadsheets/d/1elqjbsy8pjasg8mwkhlqgbdzldr34wem/edit?gid=396354422#gid=396354465,2026-07-17 19:03:59.432240,
(35)4da8,2,grape vine prunings,225,19,proximate,moisture,36.16,% total weight,1,,37,chipper (1in) + knife mill (2mm),17.0,,pass,boatswain,pass,https://docs.google.com/spreadsheets/d/1elqjbsy8pjasg8mwkhlqgbdzldr34wem/edit?gid=396354422#gid=396354428,2026-07-17 19:03:59.432240,
(35)7671,2,grape vine prunings,225,19,proximate,moisture,34.89,% total weight,3,,37,chipper (1in) + knife mill (2mm),17.0,,pass,boatswain,pass,https://docs.google.com/spreadsheets/d/1elqjbsy8pjasg8mwkhlqgbdzldr34wem/edit?gid=396354422#gid=396354430,2026-07-17 19:03:59.432240,
(35)7a98,2,grape vine prunings,225,19,proximate,ash,2.61,% total weight,3,,37,chipper (1in) + knife mill (2mm),17.0,,pass,boatswain,pass,https://docs.google.com/spreadsheets/d/1elqjbsy8pjasg8mwkhlqgbdzldr34wem/edit?gid=396354422#gid=396354442,2026-07-17 19:03:59.432240,
(35)8876,2,grape vine prunings,225,19,proximate,ash,2.73,% total weight,1,,37,chipper (1in) + knife mill (2mm),17.0,,pass,boatswain,pass,https://docs.google.com/spreadsheets/d/1elqjbsy8pjasg8mwkhlqgbdzldr34wem/edit?gid=396354422#gid=396354440,2026-07-17 19:03:59.432240,
(35)96f8,2,grape vine prunings,225,19,proximate,total solids,64.81,% total weight,2,,37,chipper (1in) + knife mill (2mm),17.0,,pass,boatswain,pass,https://docs.google.com/spreadsheets/d/1elqjbsy8pjasg8mwkhlqgbdzldr34wem/edit?gid=396354422#gid=396354453,2026-07-17 19:03:59.432240,
(35)9cd2,2,grape vine prunings,225,19,proximate,moisture,35.19,% total weight,2,,37,chipper (1in) + knife mill (2mm),17.0,,pass,boatswain,pass,https://docs.google.com/spreadsheets/d/1elqjbsy8pjasg8mwkhlqgbdzldr34wem/edit?gid=396354422#gid=396354429,2026-07-17 19:03:59.432240,
(35)b851,2,grape vine prunings,225,19,proximate,volatile solids,62.5,% total weight,3,,37,chipper (1in) + knife mill (2mm),17.0,,pass,boatswain,pass,https://docs.google.com/spreadsheets/d/1elqjbsy8pjasg8mwkhlqgbdzldr34wem/edit?gid=396354422#gid=396354466,2026-07-17 19:03:59.432240,
(35)f6cd,2,grape vine prunings,225,19,proximate,total solids,63.84,% total weight,1,,37,chipper (1in) + knife mill (2mm),17.0,,pass,boatswain,pass,https://docs.google.com/spreadsheets/d/1elqjbsy8pjasg8mwkhlqgbdzldr34wem/edit?gid=396354422#gid=396354452,2026-07-17 19:03:59.432240,
(35)fa9d,2,grape vine prunings,225,19,proximate,total solids,65.11,% total weight,3,,37,chipper (1in) + knife mill (2mm),17.0,,pass,boatswain,pass,https://docs.google.com/spreadsheets/d/1elqjbsy8pjasg8mwkhlqgbdzldr34wem/edit?gid=396354422#gid=396354454,2026-07-17 19:03:59.432240,
(37)0a72,31,almond shells,47,20,proximate,total solids,88.27,% total weight,2,,38,knife mill (2mm),14.0,,xkang2@lbl.gov,vibrant,pass,,2026-07-17 19:03:59.432240,
(37)0d0d,31,almond shells,47,5,proximate,total solids,90.6,% total weight,1,,38,knife mill (2mm),17.0,,pass,vibrant,pass,uc combined protocol,2026-07-17 19:03:59.432240,
(37)1ad1,31,almond shells,47,20,proximate,volatile solids,84.05,% total weight,3,,38,knife mill (2mm),14.0,,xkang2@lbl.gov,vibrant,pass,,2026-07-17 19:03:59.432240,
(37)203d,31,almond shells,47,20,proximate,moisture,11.66,% total weight,1,,38,knife mill (2mm),14.0,,xkang2@lbl.gov,vibrant,pass,,2026-07-17 19:03:59.432240,
(37)281b,31,almond shells,47,5,proximate,volatile solids,4.55,% total weight,1,,38,knife mill (2mm),17.0,,pass,vibrant,pass,uc combined protocol,2026-07-17 19:03:59.432240,
(37)2c6f,31,almond shells,47,5,proximate,moisture,3.09,% total weight,1,,38,knife mill (2mm),,,,vibrant,pass,uc combined protocol,2026-07-17 19:03:59.432240,
(37)3422,31,almond shells,47,20,proximate,volatile solids,83.97,% total weight,1,,38,knife mill (2mm),14.0,,xkang2@lbl.gov,vibrant,pass,,2026-07-17 19:03:59.432240,
(37)3454,31,almond shells,47,20,proximate,total solids,88.42,% total weight,3,,38,knife mill (2mm),14.0,,xkang2@lbl.gov,vibrant,pass,,2026-07-17 19:03:59.432240,
(37)3fcc,31,almond shells,47,20,proximate,moisture,11.58,% total weight,3,,38,knife mill (2mm),14.0,,xkang2@lbl.gov,vibrant,pass,,2026-07-17 19:03:59.432240,
(37)456d,31,almond shells,47,5,proximate,total solids,91.53,% total weight,2,,38,knife mill (2mm),17.0,,pass,vibrant,pass,uc combined protocol,2026-07-17 19:03:59.432240,
(37)6370,31,almond shells,47,5,proximate,volatile solids,4.57,% total weight,3,,38,knife mill (2mm),17.0,,pass,vibrant,pass,uc combined protocol,2026-07-17 19:03:59.432240,
(37)6a07,31,almond shells,47,5,proximate,volatile solids,4.06,% total weight,2,,38,knife mill (2mm),17.0,,pass,vibrant,pass,uc combined protocol,2026-07-17 19:03:59.432240,
(37)6e14,31,almond shells,47,20,proximate,moisture,11.73,% total weight,2,,38,knife mill (2mm),14.0,,xkang2@lbl.gov,vibrant,pass,,2026-07-17 19:03:59.432240,
(37)74ea,31,almond shells,47,5,proximate,ash,4.41,% total weight,2,,38,knife mill (2mm),,,,vibrant,pass,uc combined protocol,2026-07-17 19:03:59.432240,
(37)798c,31,almond shells,47,5,proximate,total solids,90.55,% total weight,3,,38,knife mill (2mm),17.0,,pass,vibrant,pass,uc combined protocol,2026-07-17 19:03:59.432240,
(37)8948,31,almond shells,47,5,proximate,ash,4.88,% total weight,3,,38,knife mill (2mm),,,,vibrant,pass,uc combined protocol,2026-07-17 19:03:59.432240,
(37)9116,31,almond shells,47,20,proximate,volatile solids,83.76,% total weight,2,,38,knife mill (2mm),14.0,,xkang2@lbl.gov,vibrant,pass,,2026-07-17 19:03:59.432240,
(37)94ef,31,almond shells,47,20,proximate,ash,4.51,% total weight,2,,38,knife mill (2mm),14.0,,xkang2@lbl.gov,vibrant,pass,,2026-07-17 19:03:59.432240,
(37)b5a6,31,almond shells,47,5,proximate,ash,4.85,% total weight,1,,38,knife mill (2mm),,,,vibrant,pass,uc combined protocol,2026-07-17 19:03:59.432240,
(37)c6ee,31,almond shells,47,20,proximate,total solids,88.34,% total weight,1,,38,knife mill (2mm),14.0,,xkang2@lbl.gov,vibrant,pass,,2026-07-17 19:03:59.432240,
(37)ec36,31,almond shells,47,20,proximate,ash,4.37,% total weight,3,,38,knife mill (2mm),14.0,,xkang2@lbl.gov,vibrant,pass,,2026-07-17 19:03:59.432240,
(37)f659,31,almond shells,47,20,proximate,ash,4.37,% total weight,1,,38,knife mill (2mm),14.0,,xkang2@lbl.gov,vibrant,pass,,2026-07-17 19:03:59.432240,
(3a)135e,23,grape pomace,136,8,proximate,moisture,58.06,% total weight,1,,39,as is,,,,rigging,pass,,2026-07-17 19:03:59.432240,
(3a)4c61,23,grape pomace,136,8,proximate,ash,2.62,% total weight,3,,39,as is,,,,rigging,pass,,2026-07-17 19:03:59.432240,
(3a)7389,23,grape pomace,136,8,proximate,moisture,61.36,% total weight,3,,39,as is,,,,rigging,pass,,2026-07-17 19:03:59.432240,
(3a)7725,23,grape pomace,136,8,proximate,total solids,38.64,% total weight,3,,39,as is,,,,rigging,pass,,2026-07-17 19:03:59.432240,
(3a)8415,23,grape pomace,136,8,proximate,total solids,41.94,% total weight,1,,39,as is,,,,rigging,pass,,2026-07-17 19:03:59.432240,
(3a)931b,23,grape pomace,136,8,proximate,ash,2.86,% total weight,1,,39,as is,,,,rigging,pass,,2026-07-17 19:03:59.432240,
(3a)ad47,23,grape pomace,136,8,proximate,volatile solids,35.63,% total weight,2,,39,as is,,,,rigging,pass,,2026-07-17 19:03:59.432240,
(3a)b28e,23,grape pomace,136,8,proximate,total solids,38.85,% total weight,2,,39,as is,,,,rigging,pass,,2026-07-17 19:03:59.432240,
(3a)b7c5,23,grape pomace,136,8,proximate,volatile solids,36.02,% total weight,3,,39,as is,,,,rigging,pass,,2026-07-17 19:03:59.432240,
(3a)b992,23,grape pomace,136,8,proximate,moisture,61.15,% total weight,2,,39,as is,,,,rigging,pass,,2026-07-17 19:03:59.432240,
(3a)b9a7,23,grape pomace,136,8,proximate,ash,3.21,% total weight,2,,39,as is,,,,rigging,pass,,2026-07-17 19:03:59.432240,
(3a)e457,23,grape pomace,136,8,proximate,volatile solids,39.08,% total weight,1,,39,as is,,,,rigging,pass,,2026-07-17 19:03:59.432240,
(3c)1fb9,5,alfalfa,77,15,proximate,volatile solids,83.25,% total weight,3,,38,knife mill (2mm),14.0,,xkang2@lbl.gov,possessive,pass,,2026-07-17 19:03:59.432240,
(3c)28f6,5,alfalfa,77,15,proximate,moisture,9.2,% total weight,3,,38,knife mill (2mm),14.0,,xkang2@lbl.gov,possessive,pass,,2026-07-17 19:03:59.432240,
(3c)38c5,5,alfalfa,77,15,proximate,total solids,90.8,% total weight,3,,38,knife mill (2mm),14.0,,xkang2@lbl.gov,possessive,pass,,2026-07-17 19:03:59.432240,
(3c)445a,5,alfalfa,77,15,proximate,ash,7.17,% total weight,1,,38,knife mill (2mm),14.0,,xkang2@lbl.gov,possessive,pass,,2026-07-17 19:03:59.432240,
(3c)5f76,5,alfalfa,77,15,proximate,moisture,9.22,% total weight,2,,38,knife mill (2mm),14.0,,xkang2@lbl.gov,possessive,pass,,2026-07-17 19:03:59.432240,
(3c)8756,5,alfalfa,77,15,proximate,volatile solids,83.74,% total weight,2,,38,knife mill (2mm),14.0,,xkang2@lbl.gov,possessive,pass,,2026-07-17 19:03:59.432240,
(3c)b612,5,alfalfa,77,15,proximate,volatile solids,83.25,% total weight,1,,38,knife mill (2mm),14.0,,xkang2@lbl.gov,possessive,pass,,2026-07-17 19:03:59.432240,
(3c)b62a,5,alfalfa,77,15,proximate,total solids,90.42,% total weight,1,,38,knife mill (2mm),14.0,,xkang2@lbl.gov,possessive,pass,,2026-07-17 19:03:59.432240,
(3c)b796,5,alfalfa,77,15,proximate,total solids,90.78,% total weight,2,,38,knife mill (2mm),14.0,,xkang2@lbl.gov,possessive,pass,,2026-07-17 19:03:59.432240,
(3c)bc0d,5,alfalfa,77,15,proximate,ash,7.55,% total weight,3,,38,knife mill (2mm),14.0,,xkang2@lbl.gov,possessive,pass,,2026-07-17 19:03:59.432240,
(3c)d814,5,alfalfa,77,15,proximate,moisture,9.58,% total weight,1,,38,knife mill (2mm),14.0,,xkang2@lbl.gov,possessive,pass,,2026-07-17 19:03:59.432240,
(3c)f25a,5,alfalfa,77,15,proximate,ash,7.04,% total weight,2,,38,knife mill (2mm),14.0,,xkang2@lbl.gov,possessive,pass,,2026-07-17 19:03:59.432240,
(42)0969,27,rice straw,81,24,proximate,total solids,92.89,% total weight,1,,38,knife mill (2mm),14.0,,xkang2@lbl.gov,possessive,pass,,2026-07-17 19:03:59.432240,
(42)2cda,27,rice straw,81,24,proximate,moisture,7.11,% total weight,1,,38,knife mill (2mm),14.0,,xkang2@lbl.gov,possessive,pass,,2026-07-17 19:03:59.432240,
(42)6ac9,27,rice straw,81,24,proximate,moisture,6.88,% total weight,2,,38,knife mill (2mm),14.0,,xkang2@lbl.gov,possessive,pass,,2026-07-17 19:03:59.432240,
(42)729d,27,rice straw,81,24,proximate,moisture,6.75,% total weight,3,,38,knife mill (2mm),14.0,,xkang2@lbl.gov,possessive,pass,,2026-07-17 19:03:59.432240,
(42)8ed2,27,rice straw,81,24,proximate,ash,12.52,% total weight,3,,38,knife mill (2mm),14.0,,xkang2@lbl.gov,possessive,pass,,2026-07-17 19:03:59.432240,
(42)9f6d,27,rice straw,81,24,proximate,volatile solids,80.92,% total weight,1,,38,knife mill (2mm),14.0,,xkang2@lbl.gov,possessive,pass,,2026-07-17 19:03:59.432240,
(42)a5e2,27,rice straw,81,24,proximate,ash,11.87,% total weight,2,,38,knife mill (2mm),14.0,,xkang2@lbl.gov,possessive,pass,,2026-07-17 19:03:59.432240,
(42)a6fe,27,rice straw,81,24,proximate,ash,11.97,% total weight,1,,38,knife mill (2mm),14.0,,xkang2@lbl.gov,possessive,pass,,2026-07-17 19:03:59.432240,
(42)c1de,27,rice straw,81,24,proximate,volatile solids,81.24,% total weight,2,,38,knife mill (2mm),14.0,,xkang2@lbl.gov,possessive,pass,,2026-07-17 19:03:59.432240,
(42)c366,27,rice straw,81,24,proximate,total solids,93.25,% total weight,3,,38,knife mill (2mm),14.0,,xkang2@lbl.gov,possessive,pass,,2026-07-17 19:03:59.432240,
(42)d993,27,rice straw,81,24,proximate,total solids,93.12,% total weight,2,,38,knife mill (2mm),14.0,,xkang2@lbl.gov,possessive,pass,,2026-07-17 19:03:59.432240,
(42)fdff,27,rice straw,81,24,proximate,volatile solids,80.74,% total weight,3,,38,knife mill (2mm),14.0,,xkang2@lbl.gov,possessive,pass,,2026-07-17 19:03:59.432240,
(4c)27f2,35,almond branches,145,6,proximate,ash,4.23,% total weight,2,,38,knife mill (2mm),,,,humorous,pass,,2026-07-17 19:03:59.432240,
(4c)71d5,35,almond branches,145,6,proximate,volatile solids,85.65,% total weight,1,,38,knife mill (2mm),,,,humorous,pass,,2026-07-17 19:03:59.432240,
(4c)73de,35,almond branches,145,6,proximate,total solids,89.9,% total weight,3,,38,knife mill (2mm),,,,humorous,pass,,2026-07-17 19:03:59.432240,
(4c)7e41,35,almond branches,145,6,proximate,moisture,10.2,% total weight,1,,38,knife mill (2mm),,,,humorous,pass,,2026-07-17 19:03:59.432240,
(4c)8fc4,35,almond branches,145,6,proximate,total solids,89.81,% total weight,2,,38,knife mill (2mm),,,,humorous,pass,,2026-07-17 19:03:59.432240,
(4c)bfe6,35,almond branches,145,6,proximate,moisture,10.1,% total weight,3,,38,knife mill (2mm),,,,humorous,pass,,2026-07-17 19:03:59.432240,
(4c)d019,35,almond branches,145,6,proximate,volatile solids,85.58,% total weight,2,,38,knife mill (2mm),,,,humorous,pass,,2026-07-17 19:03:59.432240,
(4c)d694,35,almond branches,145,6,proximate,moisture,10.19,% total weight,2,,38,knife mill (2mm),,,,humorous,pass,,2026-07-17 19:03:59.432240,
(4c)d9b9,35,almond branches,145,6,proximate,volatile solids,85.74,% total weight,3,,38,knife mill (2mm),,,,humorous,pass,,2026-07-17 19:03:59.432240,
(4c)e4aa,35,almond branches,145,6,proximate,total solids,89.8,% total weight,1,,38,knife mill (2mm),,,,humorous,pass,,2026-07-17 19:03:59.432240,
(4c)e625,35,almond branches,145,6,proximate,ash,4.15,% total weight,1,,38,knife mill (2mm),,,,humorous,pass,,2026-07-17 19:03:59.432240,
(4c)ece7,35,almond branches,145,6,proximate,ash,4.16,% total weight,3,,38,knife mill (2mm),,,,humorous,pass,,2026-07-17 19:03:59.432240,
(4d)2938,22,walnut tree sticks,55,5,proximate,volatile solids,6.55,% total weight,2,,33,oven dry + knife mill (2mm),18.0,,fail,energetic,fail,uc combined protocol,2026-07-17 19:03:59.432240,
(4d)3f9c,22,walnut tree sticks,55,5,proximate,ash,5.48,% total weight,3,,33,oven dry + knife mill (2mm),,,,energetic,fail,uc combined protocol,2026-07-17 19:03:59.432240,
(4d)4bb4,22,walnut tree sticks,55,5,proximate,volatile solids,5.0,% total weight,1,,33,oven dry + knife mill (2mm),18.0,,fail,energetic,fail,uc combined protocol,2026-07-17 19:03:59.432240,
(4d)52a0,22,walnut tree sticks,55,5,proximate,ash,5.89,% total weight,2,,33,oven dry + knife mill (2mm),,,,energetic,fail,uc combined protocol,2026-07-17 19:03:59.432240,
(4d)8434,22,walnut tree sticks,55,5,proximate,moisture,1.57,% total weight,1,,33,oven dry + knife mill (2mm),,,,energetic,fail,uc combined protocol,2026-07-17 19:03:59.432240,
(4d)8872,22,walnut tree sticks,55,5,proximate,volatile solids,5.15,% total weight,3,,33,oven dry + knife mill (2mm),18.0,,fail,energetic,fail,uc combined protocol,2026-07-17 19:03:59.432240,
(4d)88a1,22,walnut tree sticks,55,5,proximate,ash,5.47,% total weight,1,,33,oven dry + knife mill (2mm),,,,energetic,fail,uc combined protocol,2026-07-17 19:03:59.432240,
(4d)bb8f,22,walnut tree sticks,55,5,proximate,total solids,89.53,% total weight,1,,33,oven dry + knife mill (2mm),18.0,,fail,energetic,fail,uc combined protocol,2026-07-17 19:03:59.432240,
(4d)cf3f,22,walnut tree sticks,55,5,proximate,total solids,87.56,% total weight,2,,33,oven dry + knife mill (2mm),18.0,,fail,energetic,fail,uc combined protocol,2026-07-17 19:03:59.432240,
(4d)f301,22,walnut tree sticks,55,5,proximate,total solids,89.37,% total weight,3,,33,oven dry + knife mill (2mm),18.0,,fail,energetic,fail,uc combined protocol,2026-07-17 19:03:59.432240,
(53)0dc0,125,#n/a,314,13,proximate,total solids,42.39,% total weight,2,,35,#n/a,,,,,pass,,2026-07-17 19:03:59.432240,
(53)1474,125,#n/a,314,13,proximate,volatile solids,39.17,% total weight,2,,35,#n/a,,,,,pass,,2026-07-17 19:03:59.432240,
(53)2f4f,125,#n/a,314,13,proximate,ash,3.29,% total weight,3,,35,#n/a,,,,,pass,,2026-07-17 19:03:59.432240,
(53)3b53,9,pistachio hulls,140,18,proximate,total solids,13.16,% total weight,3,,39,as is,,,,stuntman,pass,,2026-07-17 19:03:59.432240,
(53)49b8,9,pistachio hulls,140,18,proximate,total solids,14.23,% total weight,2,,39,as is,,,,stuntman,pass,,2026-07-17 19:03:59.432240,
(53)59db,9,pistachio hulls,140,18,proximate,ash,1.13,% total weight,2,,39,as is,,,,stuntman,pass,,2026-07-17 19:03:59.432240,
(53)5ed1,125,#n/a,314,13,proximate,ash,3.21,% total weight,2,,35,#n/a,,,,,pass,,2026-07-17 19:03:59.432240,
(53)6488,9,pistachio hulls,140,18,proximate,ash,1.1,% total weight,3,,39,as is,,,,stuntman,pass,,2026-07-17 19:03:59.432240,
(53)6b37,9,pistachio hulls,140,18,proximate,volatile solids,12.05,% total weight,3,,39,as is,,,,stuntman,pass,,2026-07-17 19:03:59.432240,
(53)6b40,125,#n/a,314,13,proximate,total solids,48.38,% total weight,1,,35,#n/a,,,,,pass,,2026-07-17 19:03:59.432240,
(53)7192,125,#n/a,314,13,proximate,ash,2.52,% total weight,1,,35,#n/a,,,,,pass,,2026-07-17 19:03:59.432240,
(53)7399,125,#n/a,314,13,proximate,moisture,51.62,% total weight,1,,35,#n/a,,,,,pass,,2026-07-17 19:03:59.432240,
(53)88c6,9,pistachio hulls,140,18,proximate,volatile solids,13.1,% total weight,2,,39,as is,,,,stuntman,pass,,2026-07-17 19:03:59.432240,
(53)9e2f,9,pistachio hulls,140,18,proximate,volatile solids,11.15,% total weight,1,,39,as is,,,,stuntman,pass,,2026-07-17 19:03:59.432240,
(53)a583,125,#n/a,314,13,proximate,total solids,45.3,% total weight,3,,35,#n/a,,,,,pass,,2026-07-17 19:03:59.432240,
(53)b829,9,pistachio hulls,140,18,proximate,total solids,12.27,% total weight,1,,39,as is,,,,stuntman,pass,,2026-07-17 19:03:59.432240,
(53)d0dd,9,pistachio hulls,140,18,proximate,moisture,86.84,% total weight,3,,39,as is,,,,stuntman,pass,,2026-07-17 19:03:59.432240,
(53)d2ff,9,pistachio hulls,140,18,proximate,ash,1.12,% total weight,1,,39,as is,,,,stuntman,pass,,2026-07-17 19:03:59.432240,
(53)e807,125,#n/a,314,13,proximate,moisture,57.61,% total weight,2,,35,#n/a,,,,,pass,,2026-07-17 19:03:59.432240,
(53)e9f9,125,#n/a,314,13,proximate,volatile solids,45.86,% total weight,1,,35,#n/a,,,,,pass,,2026-07-17 19:03:59.432240,
(53)e9ff,9,pistachio hulls,140,18,proximate,moisture,85.77,% total weight,2,,39,as is,,,,stuntman,pass,,2026-07-17 19:03:59.432240,
(53)f2dc,125,#n/a,314,13,proximate,volatile solids,42.01,% total weight,3,,35,#n/a,,,,,pass,,2026-07-17 19:03:59.432240,
(53)fc52,9,pistachio hulls,140,18,proximate,moisture,87.73,% total weight,1,,39,as is,,,,stuntman,pass,,2026-07-17 19:03:59.432240,
(53)ffc8,125,#n/a,314,13,proximate,moisture,54.7,% total weight,3,,35,#n/a,,,,,pass,,2026-07-17 19:03:59.432240,
(55)1963,37,tomato pomace,8,9,proximate,ash,0.85,% total weight,3,,39,as is,14.0,,xkang2@lbl.gov,pinecrest,pass,,2026-07-17 19:03:59.432240,
(55)1bf6,37,tomato pomace,8,9,proximate,ash,0.96,% total weight,1,,39,as is,14.0,,xkang2@lbl.gov,pinecrest,pass,,2026-07-17 19:03:59.432240,
(55)1e0d,37,tomato pomace,8,9,proximate,total solids,19.26,% total weight,1,,39,as is,14.0,,xkang2@lbl.gov,pinecrest,pass,,2026-07-17 19:03:59.432240,
(55)8c83,37,tomato pomace,8,9,proximate,moisture,80.75,% total weight,3,,39,as is,14.0,,xkang2@lbl.gov,pinecrest,pass,,2026-07-17 19:03:59.432240,
(55)9fb3,37,tomato pomace,8,9,proximate,total solids,19.25,% total weight,3,,39,as is,14.0,,xkang2@lbl.gov,pinecrest,pass,,2026-07-17 19:03:59.432240,
(55)a0cd,37,tomato pomace,8,9,proximate,moisture,80.74,% total weight,1,,39,as is,14.0,,xkang2@lbl.gov,pinecrest,pass,,2026-07-17 19:03:59.432240,
(55)ac67,37,tomato pomace,8,9,proximate,volatile solids,18.3,% total weight,1,,39,as is,14.0,,xkang2@lbl.gov,pinecrest,pass,,2026-07-17 19:03:59.432240,
(55)afbf,37,tomato pomace,8,9,proximate,ash,0.76,% total weight,2,,39,as is,14.0,,xkang2@lbl.gov,pinecrest,pass,,2026-07-17 19:03:59.432240,
(55)bfa7,37,tomato pomace,8,9,proximate,volatile solids,18.4,% total weight,3,,39,as is,14.0,,xkang2@lbl.gov,pinecrest,pass,,2026-07-17 19:03:59.432240,
(55)c24c,37,tomato pomace,8,9,proximate,moisture,80.93,% total weight,2,,39,as is,14.0,,xkang2@lbl.gov,pinecrest,pass,,2026-07-17 19:03:59.432240,
(55)d348,37,tomato pomace,8,9,proximate,volatile solids,18.31,% total weight,2,,39,as is,14.0,,xkang2@lbl.gov,pinecrest,pass,,2026-07-17 19:03:59.432240,
(55)edd2,37,tomato pomace,8,9,proximate,total solids,19.07,% total weight,2,,39,as is,14.0,,xkang2@lbl.gov,pinecrest,pass,,2026-07-17 19:03:59.432240,
(56)0954,11,pistachio stems & leaves,138,18,proximate,ash,6.37,% total weight,3,,39,as is,,,,tripod,pass,,2026-07-17 19:03:59.432240,
(56)277a,33,sweet potato culls,37,23,proximate,total solids,87.42,% total weight,2,,36,oven dry,14.0,,xkang2@lbl.gov,tackle,fail,sample is oven dried before checking moisture content,2026-07-17 19:03:59.432240,
(56)3724,33,sweet potato culls,37,23,proximate,moisture,12.53,% total weight,3,,36,oven dry,14.0,,xkang2@lbl.gov,tackle,fail,sample is oven dried before checking moisture content,2026-07-17 19:03:59.432240,
(56)37ff,33,sweet potato culls,37,23,proximate,ash,4.87,% total weight,3,,36,oven dry,14.0,,xkang2@lbl.gov,tackle,fail,sample is oven dried before checking moisture content,2026-07-17 19:03:59.432240,
(56)3941,11,pistachio stems & leaves,138,18,proximate,volatile solids,32.16,% total weight,2,,39,as is,,,,tripod,pass,,2026-07-17 19:03:59.432240,
(56)472a,33,sweet potato culls,37,23,proximate,volatile solids,82.6,% total weight,3,,36,oven dry,14.0,,xkang2@lbl.gov,tackle,fail,sample is oven dried before checking moisture content,2026-07-17 19:03:59.432240,
(56)5205,33,sweet potato culls,37,23,proximate,total solids,87.48,% total weight,1,,36,oven dry,14.0,,xkang2@lbl.gov,tackle,fail,sample is oven dried before checking moisture content,2026-07-17 19:03:59.432240,
(56)5206,33,sweet potato culls,37,23,proximate,ash,4.88,% total weight,1,,36,oven dry,14.0,,xkang2@lbl.gov,tackle,fail,sample is oven dried before checking moisture content,2026-07-17 19:03:59.432240,
(56)5acb,33,sweet potato culls,37,23,proximate,moisture,12.52,% total weight,1,,36,oven dry,14.0,,xkang2@lbl.gov,tackle,fail,sample is oven dried before checking moisture content,2026-07-17 19:03:59.432240,
(56)7287,11,pistachio stems & leaves,138,18,proximate,total solids,37.55,% total weight,2,,39,as is,,,,tripod,pass,,2026-07-17 19:03:59.432240,
(56)76fd,11,pistachio stems & leaves,138,18,proximate,volatile solids,31.32,% total weight,3,,39,as is,,,,tripod,pass,,2026-07-17 19:03:59.432240,
(56)78c6,33,sweet potato culls,37,23,proximate,volatile solids,82.6,% total weight,1,,36,oven dry,14.0,,xkang2@lbl.gov,tackle,fail,sample is oven dried before checking moisture content,2026-07-17 19:03:59.432240,
(56)7f4e,33,sweet potato culls,37,23,proximate,total solids,87.47,% total weight,3,,36,oven dry,14.0,,xkang2@lbl.gov,tackle,fail,sample is oven dried before checking moisture content,2026-07-17 19:03:59.432240,
(56)955f,33,sweet potato culls,37,23,proximate,volatile solids,82.61,% total weight,2,,36,oven dry,14.0,,xkang2@lbl.gov,tackle,fail,sample is oven dried before checking moisture content,2026-07-17 19:03:59.432240,
(56)a00d,11,pistachio stems & leaves,138,18,proximate,moisture,62.45,% total weight,2,,39,as is,,,,tripod,pass,,2026-07-17 19:03:59.432240,
(56)a5bd,11,pistachio stems & leaves,138,18,proximate,total solids,40.65,% total weight,1,,39,as is,,,,tripod,pass,,2026-07-17 19:03:59.432240,
(56)b037,11,pistachio stems & leaves,138,18,proximate,ash,7.22,% total weight,1,,39,as is,,,,tripod,pass,,2026-07-17 19:03:59.432240,
(56)b3fe,11,pistachio stems & leaves,138,18,proximate,ash,5.39,% total weight,2,,39,as is,,,,tripod,pass,,2026-07-17 19:03:59.432240,
(56)b725,11,pistachio stems & leaves,138,18,proximate,moisture,62.31,% total weight,3,,39,as is,,,,tripod,pass,,2026-07-17 19:03:59.432240,
(56)c39a,33,sweet potato culls,37,23,proximate,moisture,12.58,% total weight,2,,36,oven dry,14.0,,xkang2@lbl.gov,tackle,fail,sample is oven dried before checking moisture content,2026-07-17 19:03:59.432240,
(56)cf20,33,sweet potato culls,37,23,proximate,ash,4.81,% total weight,2,,36,oven dry,14.0,,xkang2@lbl.gov,tackle,fail,sample is oven dried before checking moisture content,2026-07-17 19:03:59.432240,
(56)e360,11,pistachio stems & leaves,138,18,proximate,moisture,59.35,% total weight,1,,39,as is,,,,tripod,pass,,2026-07-17 19:03:59.432240,
(56)e37f,11,pistachio stems & leaves,138,18,proximate,total solids,37.69,% total weight,3,,39,as is,,,,tripod,pass,,2026-07-17 19:03:59.432240,
(56)f5d2,11,pistachio stems & leaves,138,18,proximate,volatile solids,33.43,% total weight,1,,39,as is,,,,tripod,pass,,2026-07-17 19:03:59.432240,
(5b)05d1,29,corn stover stalks,69,4,proximate,total solids,87.13,% total weight,1,,38,knife mill (2mm),14.0,,xkang2@lbl.gov,caterpillar,pass,,2026-07-17 19:03:59.432240,
(5b)35b8,29,corn stover stalks,69,4,proximate,total solids,87.3,% total weight,2,,38,knife mill (2mm),14.0,,xkang2@lbl.gov,caterpillar,pass,,2026-07-17 19:03:59.432240,
(5b)4d95,29,corn stover stalks,69,4,proximate,moisture,12.7,% total weight,2,,38,knife mill (2mm),14.0,,xkang2@lbl.gov,caterpillar,pass,,2026-07-17 19:03:59.432240,
(5b)5997,29,corn stover stalks,69,4,proximate,ash,5.06,% total weight,3,,38,knife mill (2mm),14.0,,xkang2@lbl.gov,caterpillar,pass,,2026-07-17 19:03:59.432240,
(5b)6993,29,corn stover stalks,69,4,proximate,moisture,12.85,% total weight,3,,38,knife mill (2mm),14.0,,xkang2@lbl.gov,caterpillar,pass,,2026-07-17 19:03:59.432240,
(5b)8a35,29,corn stover stalks,69,4,proximate,total solids,87.15,% total weight,3,,38,knife mill (2mm),14.0,,xkang2@lbl.gov,caterpillar,pass,,2026-07-17 19:03:59.432240,
(5b)8c21,29,corn stover stalks,69,4,proximate,volatile solids,82.46,% total weight,2,,38,knife mill (2mm),14.0,,xkang2@lbl.gov,caterpillar,pass,,2026-07-17 19:03:59.432240,
(5b)8cb4,29,corn stover stalks,69,4,proximate,ash,4.83,% total weight,2,,38,knife mill (2mm),14.0,,xkang2@lbl.gov,caterpillar,pass,,2026-07-17 19:03:59.432240,
(5b)8df9,29,corn stover stalks,69,4,proximate,volatile solids,82.46,% total weight,1,,38,knife mill (2mm),14.0,,xkang2@lbl.gov,caterpillar,pass,,2026-07-17 19:03:59.432240,
(5b)93d2,29,corn stover stalks,69,4,proximate,moisture,12.87,% total weight,1,,38,knife mill (2mm),14.0,,xkang2@lbl.gov,caterpillar,pass,,2026-07-17 19:03:59.432240,
(5b)9a70,29,corn stover stalks,69,4,proximate,ash,4.66,% total weight,1,,38,knife mill (2mm),14.0,,xkang2@lbl.gov,caterpillar,pass,,2026-07-17 19:03:59.432240,
(5b)ace1,29,corn stover stalks,69,4,proximate,volatile solids,82.09,% total weight,3,,38,knife mill (2mm),14.0,,xkang2@lbl.gov,caterpillar,pass,,2026-07-17 19:03:59.432240,
(62)0751,20,wheat straw,80,24,proximate,total solids,93.4,% total weight,2,,38,knife mill (2mm),14.0,,xkang2@lbl.gov,possessive,pass,,2026-07-17 19:03:59.432240,
(62)0822,20,wheat straw,80,24,proximate,ash,12.99,% total weight,1,,38,knife mill (2mm),14.0,,xkang2@lbl.gov,possessive,pass,,2026-07-17 19:03:59.432240,
(62)0d6c,20,wheat straw,80,24,proximate,moisture,6.6,% total weight,2,,38,knife mill (2mm),14.0,,xkang2@lbl.gov,possessive,pass,,2026-07-17 19:03:59.432240,
(62)16a8,20,wheat straw,80,24,proximate,volatile solids,80.37,% total weight,1,,38,knife mill (2mm),14.0,,xkang2@lbl.gov,possessive,pass,,2026-07-17 19:03:59.432240,
(62)1984,20,wheat straw,80,24,proximate,volatile solids,80.46,% total weight,2,,38,knife mill (2mm),14.0,,xkang2@lbl.gov,possessive,pass,,2026-07-17 19:03:59.432240,
(62)4208,10,cotton stem mix,152,12,proximate,ash,8.25,% total weight,3,,38,knife mill (2mm),,,,schooner,pass,,2026-07-17 19:03:59.432240,
(62)6539,20,wheat straw,80,24,proximate,volatile solids,80.09,% total weight,3,,38,knife mill (2mm),14.0,,xkang2@lbl.gov,possessive,pass,,2026-07-17 19:03:59.432240,
(62)82b8,20,wheat straw,80,24,proximate,total solids,93.36,% total weight,1,,38,knife mill (2mm),14.0,,xkang2@lbl.gov,possessive,pass,,2026-07-17 19:03:59.432240,
(62)88b7,10,cotton stem mix,152,12,proximate,total solids,87.6,% total weight,2,,38,knife mill (2mm),,,,schooner,pass,,2026-07-17 19:03:59.432240,
(62)89ab,10,cotton stem mix,152,12,proximate,ash,7.28,% total weight,1,,38,knife mill (2mm),,,,schooner,pass,,2026-07-17 19:03:59.432240,
(62)8acf,10,cotton stem mix,152,12,proximate,ash,7.98,% total weight,2,,38,knife mill (2mm),,,,schooner,pass,,2026-07-17 19:03:59.432240,
(62)912d,20,wheat straw,80,24,proximate,ash,12.94,% total weight,2,,38,knife mill (2mm),14.0,,xkang2@lbl.gov,possessive,pass,,2026-07-17 19:03:59.432240,
(62)a2a5,10,cotton stem mix,152,12,proximate,total solids,87.5,% total weight,3,,38,knife mill (2mm),,,,schooner,pass,,2026-07-17 19:03:59.432240,
(62)ab4a,10,cotton stem mix,152,12,proximate,total solids,87.48,% total weight,1,,38,knife mill (2mm),,,,schooner,pass,,2026-07-17 19:03:59.432240,
(62)b7b9,10,cotton stem mix,152,12,proximate,volatile solids,79.62,% total weight,2,,38,knife mill (2mm),,,,schooner,pass,,2026-07-17 19:03:59.432240,
(62)c19e,20,wheat straw,80,24,proximate,moisture,6.64,% total weight,3,,38,knife mill (2mm),14.0,,xkang2@lbl.gov,possessive,pass,,2026-07-17 19:03:59.432240,
(62)c1a3,10,cotton stem mix,152,12,proximate,volatile solids,79.25,% total weight,3,,38,knife mill (2mm),,,,schooner,pass,,2026-07-17 19:03:59.432240,
(62)c3e2,10,cotton stem mix,152,12,proximate,moisture,12.52,% total weight,1,,38,knife mill (2mm),,,,schooner,pass,,2026-07-17 19:03:59.432240,
(62)d03c,20,wheat straw,80,24,proximate,ash,13.27,% total weight,3,,38,knife mill (2mm),14.0,,xkang2@lbl.gov,possessive,pass,,2026-07-17 19:03:59.432240,
(62)d792,20,wheat straw,80,24,proximate,total solids,93.36,% total weight,3,,38,knife mill (2mm),14.0,,xkang2@lbl.gov,possessive,pass,,2026-07-17 19:03:59.432240,
(62)e32f,10,cotton stem mix,152,12,proximate,volatile solids,80.21,% total weight,1,,38,knife mill (2mm),,,,schooner,pass,,2026-07-17 19:03:59.432240,
(62)e4e1,10,cotton stem mix,152,12,proximate,moisture,12.5,% total weight,3,,38,knife mill (2mm),,,,schooner,pass,,2026-07-17 19:03:59.432240,
(62)eb64,10,cotton stem mix,152,12,proximate,moisture,12.4,% total weight,2,,38,knife mill (2mm),,,,schooner,pass,,2026-07-17 19:03:59.432240,
(62)fe0d,20,wheat straw,80,24,proximate,moisture,6.64,% total weight,1,,38,knife mill (2mm),14.0,,xkang2@lbl.gov,possessive,pass,,2026-07-17 19:03:59.432240,
(63)074e,18,lees,26,11,proximate,ash,3.52,% total weight,1,,39,as is,14.0,,xkang2@lbl.gov,maplewood,pass,,2026-07-17 19:03:59.432240,
(63)20ff,18,lees,26,11,proximate,total solids,11.77,% total weight,1,,39,as is,14.0,,xkang2@lbl.gov,maplewood,pass,,2026-07-17 19:03:59.432240,
(63)35f9,18,lees,26,11,proximate,volatile solids,7.96,% total weight,3,,39,as is,14.0,,xkang2@lbl.gov,maplewood,pass,,2026-07-17 19:03:59.432240,
(63)4ae3,18,lees,26,11,proximate,ash,3.74,% total weight,2,,39,as is,14.0,,xkang2@lbl.gov,maplewood,pass,,2026-07-17 19:03:59.432240,
(63)59f8,18,lees,26,11,proximate,moisture,88.3,% total weight,2,,39,as is,14.0,,xkang2@lbl.gov,maplewood,pass,,2026-07-17 19:03:59.432240,
(63)5e8c,18,lees,26,11,proximate,volatile solids,8.24,% total weight,1,,39,as is,14.0,,xkang2@lbl.gov,maplewood,pass,,2026-07-17 19:03:59.432240,
(63)6908,18,lees,26,11,proximate,ash,3.72,% total weight,3,,39,as is,14.0,,xkang2@lbl.gov,maplewood,pass,,2026-07-17 19:03:59.432240,
(63)8d56,18,lees,26,11,proximate,volatile solids,7.97,% total weight,2,,39,as is,14.0,,xkang2@lbl.gov,maplewood,pass,,2026-07-17 19:03:59.432240,
(63)e362,18,lees,26,11,proximate,moisture,88.32,% total weight,3,,39,as is,14.0,,xkang2@lbl.gov,maplewood,pass,,2026-07-17 19:03:59.432240,
(63)f431,18,lees,26,11,proximate,total solids,11.7,% total weight,2,,39,as is,14.0,,xkang2@lbl.gov,maplewood,pass,,2026-07-17 19:03:59.432240,
(63)f7da,18,lees,26,11,proximate,moisture,88.23,% total weight,1,,39,as is,14.0,,xkang2@lbl.gov,maplewood,pass,,2026-07-17 19:03:59.432240,
(63)f954,18,lees,26,11,proximate,total solids,11.68,% total weight,3,,39,as is,14.0,,xkang2@lbl.gov,maplewood,pass,,2026-07-17 19:03:59.432240,
(67)04af,23,grape pomace,16,17,proximate,ash,3.14,% total weight,2,,39,as is,14.0,,xkang2@lbl.gov,maplewood,pass,,2026-07-17 19:03:59.432240,
(67)2228,23,grape pomace,16,17,proximate,ash,3.18,% total weight,3,,39,as is,14.0,,xkang2@lbl.gov,maplewood,pass,,2026-07-17 19:03:59.432240,
(67)307a,23,grape pomace,16,17,proximate,moisture,54.09,% total weight,3,,39,as is,14.0,,xkang2@lbl.gov,maplewood,pass,,2026-07-17 19:03:59.432240,
(67)80f3,23,grape pomace,16,17,proximate,volatile solids,42.72,% total weight,3,,39,as is,14.0,,xkang2@lbl.gov,maplewood,pass,,2026-07-17 19:03:59.432240,
(67)9fc6,23,grape pomace,16,17,proximate,ash,3.4,% total weight,1,,39,as is,14.0,,xkang2@lbl.gov,maplewood,pass,,2026-07-17 19:03:59.432240,
(67)a1ce,23,grape pomace,16,17,proximate,total solids,44.77,% total weight,2,,39,as is,14.0,,xkang2@lbl.gov,maplewood,pass,,2026-07-17 19:03:59.432240,
(67)a8bf,23,grape pomace,16,17,proximate,total solids,45.91,% total weight,3,,39,as is,14.0,,xkang2@lbl.gov,maplewood,pass,,2026-07-17 19:03:59.432240,
(67)aad9,23,grape pomace,16,17,proximate,moisture,55.23,% total weight,2,,39,as is,14.0,,xkang2@lbl.gov,maplewood,pass,,2026-07-17 19:03:59.432240,
(67)ab89,23,grape pomace,16,17,proximate,volatile solids,41.64,% total weight,2,,39,as is,14.0,,xkang2@lbl.gov,maplewood,pass,,2026-07-17 19:03:59.432240,
(67)ae03,23,grape pomace,16,17,proximate,moisture,54.82,% total weight,1,,39,as is,14.0,,xkang2@lbl.gov,maplewood,pass,,2026-07-17 19:03:59.432240,
(67)ca08,23,grape pomace,16,17,proximate,total solids,45.18,% total weight,1,,39,as is,14.0,,xkang2@lbl.gov,maplewood,pass,,2026-07-17 19:03:59.432240,
(67)f964,23,grape pomace,16,17,proximate,volatile solids,41.78,% total weight,1,,39,as is,14.0,,xkang2@lbl.gov,maplewood,pass,,2026-07-17 19:03:59.432240,
(69)03bb,37,tomato pomace,60,5,proximate,ash,4.93,% total weight,3,,33,oven dry + knife mill (2mm),,,,pinecrest,fail,uc combined protocol,2026-07-17 19:03:59.432240,
(69)0e70,37,tomato pomace,60,5,proximate,volatile solids,4.66,% total weight,2,,33,oven dry + knife mill (2mm),18.0,,fail,pinecrest,fail,uc combined protocol,2026-07-17 19:03:59.432240,
(69)403d,37,tomato pomace,60,5,proximate,moisture,2.54,% total weight,1,,33,oven dry + knife mill (2mm),,,,pinecrest,fail,uc combined protocol,2026-07-17 19:03:59.432240,
(69)520e,37,tomato pomace,60,5,proximate,volatile solids,4.91,% total weight,3,,33,oven dry + knife mill (2mm),18.0,,fail,pinecrest,fail,uc combined protocol,2026-07-17 19:03:59.432240,
(69)64e5,37,tomato pomace,60,5,proximate,total solids,90.94,% total weight,1,,33,oven dry + knife mill (2mm),18.0,,fail,pinecrest,fail,uc combined protocol,2026-07-17 19:03:59.432240,
(69)7192,37,tomato pomace,60,5,proximate,total solids,90.16,% total weight,3,,33,oven dry + knife mill (2mm),18.0,,fail,pinecrest,fail,uc combined protocol,2026-07-17 19:03:59.432240,
(69)85c2,37,tomato pomace,60,5,proximate,volatile solids,4.59,% total weight,1,,33,oven dry + knife mill (2mm),18.0,,fail,pinecrest,fail,uc combined protocol,2026-07-17 19:03:59.432240,
(69)ce1a,37,tomato pomace,60,5,proximate,total solids,90.66,% total weight,2,,33,oven dry + knife mill (2mm),18.0,,fail,pinecrest,fail,uc combined protocol,2026-07-17 19:03:59.432240,
(69)f054,37,tomato pomace,60,5,proximate,ash,4.47,% total weight,1,,33,oven dry + knife mill (2mm),,,,pinecrest,fail,uc combined protocol,2026-07-17 19:03:59.432240,
(69)feba,37,tomato pomace,60,5,proximate,ash,4.67,% total weight,2,,33,oven dry + knife mill (2mm),,,,pinecrest,fail,uc combined protocol,2026-07-17 19:03:59.432240,
(6b)0caf,22,walnut tree sticks,223,19,proximate,total solids,66.47,% total weight,3,,37,chipper (1in) + knife mill (2mm),17.0,,pass,badger,pass,https://docs.google.com/spreadsheets/d/1elqjbsy8pjasg8mwkhlqgbdzldr34wem/edit?gid=396354422#gid=396354448,2026-07-17 19:03:59.432240,
(6b)3fbc,22,walnut tree sticks,223,19,proximate,ash,2.6,% total weight,3,,37,chipper (1in) + knife mill (2mm),17.0,,pass,badger,pass,https://docs.google.com/spreadsheets/d/1elqjbsy8pjasg8mwkhlqgbdzldr34wem/edit?gid=396354422#gid=396354436,2026-07-17 19:03:59.432240,
(6b)43a2,22,walnut tree sticks,223,19,proximate,moisture,32.25,% total weight,1,,37,chipper (1in) + knife mill (2mm),17.0,,pass,badger,pass,https://docs.google.com/spreadsheets/d/1elqjbsy8pjasg8mwkhlqgbdzldr34wem/edit?gid=396354422#gid=396354422,2026-07-17 19:03:59.432240,
(6b)4a5c,22,walnut tree sticks,223,19,proximate,volatile solids,64.93,% total weight,1,,37,chipper (1in) + knife mill (2mm),17.0,,pass,badger,pass,https://docs.google.com/spreadsheets/d/1elqjbsy8pjasg8mwkhlqgbdzldr34wem/edit?gid=396354422#gid=396354458,2026-07-17 19:03:59.432240,
(6b)8b47,22,walnut tree sticks,223,19,proximate,volatile solids,63.87,% total weight,3,,37,chipper (1in) + knife mill (2mm),17.0,,pass,badger,pass,https://docs.google.com/spreadsheets/d/1elqjbsy8pjasg8mwkhlqgbdzldr34wem/edit?gid=396354422#gid=396354460,2026-07-17 19:03:59.432240,
(6b)a75e,22,walnut tree sticks,223,19,proximate,total solids,67.75,% total weight,1,,37,chipper (1in) + knife mill (2mm),17.0,,pass,badger,pass,https://docs.google.com/spreadsheets/d/1elqjbsy8pjasg8mwkhlqgbdzldr34wem/edit?gid=396354422#gid=396354446,2026-07-17 19:03:59.432240,
(6b)a9b2,22,walnut tree sticks,223,19,proximate,volatile solids,63.96,% total weight,2,,37,chipper (1in) + knife mill (2mm),17.0,,pass,badger,pass,https://docs.google.com/spreadsheets/d/1elqjbsy8pjasg8mwkhlqgbdzldr34wem/edit?gid=396354422#gid=396354459,2026-07-17 19:03:59.432240,
(6b)b11b,22,walnut tree sticks,223,19,proximate,ash,2.82,% total weight,1,,37,chipper (1in) + knife mill (2mm),17.0,,pass,badger,pass,https://docs.google.com/spreadsheets/d/1elqjbsy8pjasg8mwkhlqgbdzldr34wem/edit?gid=396354422#gid=396354434,2026-07-17 19:03:59.432240,
(6b)c254,22,walnut tree sticks,223,19,proximate,ash,2.82,% total weight,2,,37,chipper (1in) + knife mill (2mm),17.0,,pass,badger,pass,https://docs.google.com/spreadsheets/d/1elqjbsy8pjasg8mwkhlqgbdzldr34wem/edit?gid=396354422#gid=396354435,2026-07-17 19:03:59.432240,
(6b)dcb2,22,walnut tree sticks,223,19,proximate,moisture,33.53,% total weight,3,,37,chipper (1in) + knife mill (2mm),17.0,,pass,badger,pass,https://docs.google.com/spreadsheets/d/1elqjbsy8pjasg8mwkhlqgbdzldr34wem/edit?gid=396354422#gid=396354424,2026-07-17 19:03:59.432240,
(6b)e390,22,walnut tree sticks,223,19,proximate,total solids,66.78,% total weight,2,,37,chipper (1in) + knife mill (2mm),17.0,,pass,badger,pass,https://docs.google.com/spreadsheets/d/1elqjbsy8pjasg8mwkhlqgbdzldr34wem/edit?gid=396354422#gid=396354447,2026-07-17 19:03:59.432240,
(6b)f818,22,walnut tree sticks,223,19,proximate,moisture,33.22,% total weight,2,,37,chipper (1in) + knife mill (2mm),17.0,,pass,badger,pass,https://docs.google.com/spreadsheets/d/1elqjbsy8pjasg8mwkhlqgbdzldr34wem/edit?gid=396354422#gid=396354423,2026-07-17 19:03:59.432240,
(6d)0433,37,tomato pomace,61,5,proximate,volatile solids,4.3,% total weight,2,,33,oven dry + knife mill (2mm),18.0,,fail,riverstone,fail,uc combined protocol,2026-07-17 19:03:59.432240,
(6d)30b0,37,tomato pomace,61,5,proximate,total solids,92.75,% total weight,2,,33,oven dry + knife mill (2mm),18.0,,fail,riverstone,fail,uc combined protocol,2026-07-17 19:03:59.432240,
(6d)64fe,37,tomato pomace,61,5,proximate,volatile solids,2.91,% total weight,3,,33,oven dry + knife mill (2mm),18.0,,fail,riverstone,fail,uc combined protocol,2026-07-17 19:03:59.432240,
(6d)666c,37,tomato pomace,61,5,proximate,total solids,94.19,% total weight,3,,33,oven dry + knife mill (2mm),18.0,,fail,riverstone,fail,uc combined protocol,2026-07-17 19:03:59.432240,
(6d)6e3e,37,tomato pomace,61,5,proximate,volatile solids,3.23,% total weight,1,,33,oven dry + knife mill (2mm),18.0,,fail,riverstone,fail,uc combined protocol,2026-07-17 19:03:59.432240,
(6d)70e9,37,tomato pomace,61,5,proximate,moisture,0.36,% total weight,1,,33,oven dry + knife mill (2mm),,,,riverstone,fail,uc combined protocol,2026-07-17 19:03:59.432240,
(6d)750f,37,tomato pomace,61,5,proximate,ash,2.95,% total weight,2,,33,oven dry + knife mill (2mm),,,,riverstone,fail,uc combined protocol,2026-07-17 19:03:59.432240,
(6d)85cc,37,tomato pomace,61,5,proximate,total solids,93.94,% total weight,1,,33,oven dry + knife mill (2mm),18.0,,fail,riverstone,fail,uc combined protocol,2026-07-17 19:03:59.432240,
(6d)8d7d,37,tomato pomace,61,5,proximate,ash,2.83,% total weight,1,,33,oven dry + knife mill (2mm),,,,riverstone,fail,uc combined protocol,2026-07-17 19:03:59.432240,
(6d)d448,37,tomato pomace,61,5,proximate,ash,2.9,% total weight,3,,33,oven dry + knife mill (2mm),,,,riverstone,fail,uc combined protocol,2026-07-17 19:03:59.432240,
(71)052f,31,almond shells,147,6,proximate,moisture,7.67,% total weight,3,,38,knife mill (2mm),,,,humorous,pass,,2026-07-17 19:03:59.432240,
(71)0984,31,almond shells,147,6,proximate,moisture,7.7,% total weight,2,,38,knife mill (2mm),,,,humorous,pass,,2026-07-17 19:03:59.432240,
(71)0acc,31,almond shells,147,6,proximate,ash,4.08,% total weight,1,,38,knife mill (2mm),,,,humorous,pass,,2026-07-17 19:03:59.432240,
(71)393e,31,almond shells,147,6,proximate,total solids,92.31,% total weight,1,,38,knife mill (2mm),,,,humorous,pass,,2026-07-17 19:03:59.432240,
(71)48d6,31,almond shells,147,6,proximate,volatile solids,88.23,% total weight,1,,38,knife mill (2mm),,,,humorous,pass,,2026-07-17 19:03:59.432240,
(71)569c,31,almond shells,147,6,proximate,ash,4.49,% total weight,2,,38,knife mill (2mm),,,,humorous,pass,,2026-07-17 19:03:59.432240,
(71)68c8,31,almond shells,147,6,proximate,volatile solids,87.81,% total weight,2,,38,knife mill (2mm),,,,humorous,pass,,2026-07-17 19:03:59.432240,
(71)7354,31,almond shells,147,6,proximate,moisture,7.69,% total weight,1,,38,knife mill (2mm),,,,humorous,pass,,2026-07-17 19:03:59.432240,
(71)81a2,31,almond shells,147,6,proximate,volatile solids,88.0,% total weight,3,,38,knife mill (2mm),,,,humorous,pass,,2026-07-17 19:03:59.432240,
(71)cdac,31,almond shells,147,6,proximate,total solids,92.3,% total weight,2,,38,knife mill (2mm),,,,humorous,pass,,2026-07-17 19:03:59.432240,
(71)da38,31,almond shells,147,6,proximate,ash,4.33,% total weight,3,,38,knife mill (2mm),,,,humorous,pass,,2026-07-17 19:03:59.432240,
(71)f312,31,almond shells,147,6,proximate,total solids,92.33,% total weight,3,,38,knife mill (2mm),,,,humorous,pass,,2026-07-17 19:03:59.432240,
(72)111d,21,corn stover husks,67,4,proximate,volatile solids,76.71,% total weight,2,,38,knife mill (2mm),14.0,,xkang2@lbl.gov,caterpillar,pass,,2026-07-17 19:03:59.432240,
(72)1f3f,21,corn stover husks,67,4,proximate,total solids,81.61,% total weight,3,,38,knife mill (2mm),14.0,,xkang2@lbl.gov,caterpillar,pass,,2026-07-17 19:03:59.432240,
(72)32e2,21,corn stover husks,67,4,proximate,total solids,81.73,% total weight,1,,38,knife mill (2mm),14.0,,xkang2@lbl.gov,caterpillar,pass,,2026-07-17 19:03:59.432240,
(72)4254,21,corn stover husks,67,4,proximate,moisture,18.27,% total weight,1,,38,knife mill (2mm),14.0,,xkang2@lbl.gov,caterpillar,pass,,2026-07-17 19:03:59.432240,
(72)4d45,21,corn stover husks,67,4,proximate,ash,4.81,% total weight,1,,38,knife mill (2mm),14.0,,xkang2@lbl.gov,caterpillar,pass,,2026-07-17 19:03:59.432240,
(72)5327,21,corn stover husks,67,4,proximate,volatile solids,76.92,% total weight,1,,38,knife mill (2mm),14.0,,xkang2@lbl.gov,caterpillar,pass,,2026-07-17 19:03:59.432240,
(72)5b2f,21,corn stover husks,67,4,proximate,total solids,81.59,% total weight,2,,38,knife mill (2mm),14.0,,xkang2@lbl.gov,caterpillar,pass,,2026-07-17 19:03:59.432240,
(72)a9ae,21,corn stover husks,67,4,proximate,moisture,18.41,% total weight,2,,38,knife mill (2mm),14.0,,xkang2@lbl.gov,caterpillar,pass,,2026-07-17 19:03:59.432240,
(72)b6c5,21,corn stover husks,67,4,proximate,moisture,18.39,% total weight,3,,38,knife mill (2mm),14.0,,xkang2@lbl.gov,caterpillar,pass,,2026-07-17 19:03:59.432240,
(72)cd32,21,corn stover husks,67,4,proximate,volatile solids,76.99,% total weight,3,,38,knife mill (2mm),14.0,,xkang2@lbl.gov,caterpillar,pass,,2026-07-17 19:03:59.432240,
(72)d7d8,21,corn stover husks,67,4,proximate,ash,4.61,% total weight,3,,38,knife mill (2mm),14.0,,xkang2@lbl.gov,caterpillar,pass,,2026-07-17 19:03:59.432240,
(72)d853,21,corn stover husks,67,4,proximate,ash,4.88,% total weight,2,,38,knife mill (2mm),14.0,,xkang2@lbl.gov,caterpillar,pass,,2026-07-17 19:03:59.432240,
(73)015e,37,tomato pomace,4,9,proximate,total solids,36.73,% total weight,3,,39,as is,14.0,,xkang2@lbl.gov,oakleaf,pass,,2026-07-17 19:03:59.432240,
(73)3621,37,tomato pomace,4,9,proximate,volatile solids,35.73,% total weight,3,,39,as is,14.0,,xkang2@lbl.gov,oakleaf,pass,,2026-07-17 19:03:59.432240,
(73)415f,37,tomato pomace,4,9,proximate,ash,0.89,% total weight,2,,39,as is,14.0,,xkang2@lbl.gov,oakleaf,pass,,2026-07-17 19:03:59.432240,
(73)560c,37,tomato pomace,4,9,proximate,ash,1.0,% total weight,3,,39,as is,14.0,,xkang2@lbl.gov,oakleaf,pass,,2026-07-17 19:03:59.432240,
(73)6b2c,37,tomato pomace,4,9,proximate,volatile solids,37.46,% total weight,1,,39,as is,14.0,,xkang2@lbl.gov,oakleaf,pass,,2026-07-17 19:03:59.432240,
(73)8267,37,tomato pomace,4,9,proximate,volatile solids,35.91,% total weight,2,,39,as is,14.0,,xkang2@lbl.gov,oakleaf,pass,,2026-07-17 19:03:59.432240,
(73)9335,37,tomato pomace,4,9,proximate,ash,0.69,% total weight,1,,39,as is,14.0,,xkang2@lbl.gov,oakleaf,pass,,2026-07-17 19:03:59.432240,
(73)957d,37,tomato pomace,4,9,proximate,moisture,63.27,% total weight,3,,39,as is,14.0,,xkang2@lbl.gov,oakleaf,pass,,2026-07-17 19:03:59.432240,
(73)9ba8,37,tomato pomace,4,9,proximate,moisture,63.21,% total weight,2,,39,as is,14.0,,xkang2@lbl.gov,oakleaf,pass,,2026-07-17 19:03:59.432240,
(73)b7b7,37,tomato pomace,4,9,proximate,moisture,61.85,% total weight,1,,39,as is,14.0,,xkang2@lbl.gov,oakleaf,pass,,2026-07-17 19:03:59.432240,
(73)dd5f,37,tomato pomace,4,9,proximate,total solids,38.15,% total weight,1,,39,as is,14.0,,xkang2@lbl.gov,oakleaf,pass,,2026-07-17 19:03:59.432240,
(73)ef72,37,tomato pomace,4,9,proximate,total solids,36.79,% total weight,2,,39,as is,14.0,,xkang2@lbl.gov,oakleaf,pass,,2026-07-17 19:03:59.432240,
(75)205b,23,grape pomace,177,21,proximate,ash,4.72,% total weight,3,,39,as is,,,,boatswain,pass,,2026-07-17 19:03:59.432240,
(75)455c,23,grape pomace,177,21,proximate,moisture,53.23,% total weight,1,,39,as is,,,,boatswain,pass,,2026-07-17 19:03:59.432240,
(75)511e,23,grape pomace,177,21,proximate,total solids,46.25,% total weight,3,,39,as is,,,,boatswain,pass,,2026-07-17 19:03:59.432240,
(75)52b4,23,grape pomace,177,21,proximate,volatile solids,41.51,% total weight,1,,39,as is,,,,boatswain,pass,,2026-07-17 19:03:59.432240,
(75)5e86,23,grape pomace,177,21,proximate,total solids,45.73,% total weight,2,,39,as is,,,,boatswain,pass,,2026-07-17 19:03:59.432240,
(75)62db,23,grape pomace,177,21,proximate,ash,5.43,% total weight,2,,39,as is,,,,boatswain,pass,,2026-07-17 19:03:59.432240,
(75)6b19,23,grape pomace,177,21,proximate,moisture,53.75,% total weight,3,,39,as is,,,,boatswain,pass,,2026-07-17 19:03:59.432240,
(75)8f14,23,grape pomace,177,21,proximate,ash,5.26,% total weight,1,,39,as is,,,,boatswain,pass,,2026-07-17 19:03:59.432240,
(75)a028,23,grape pomace,177,21,proximate,total solids,46.77,% total weight,1,,39,as is,,,,boatswain,pass,,2026-07-17 19:03:59.432240,
(75)a2a2,23,grape pomace,177,21,proximate,volatile solids,41.53,% total weight,3,,39,as is,,,,boatswain,pass,,2026-07-17 19:03:59.432240,
(75)b333,23,grape pomace,177,21,proximate,moisture,54.27,% total weight,2,,39,as is,,,,boatswain,pass,,2026-07-17 19:03:59.432240,
(75)b527,23,grape pomace,177,21,proximate,volatile solids,40.3,% total weight,2,,39,as is,,,,boatswain,pass,,2026-07-17 19:03:59.432240,
(7a)11b9,23,grape pomace,113,13,proximate,total solids,33.01,% total weight,1,,39,as is,,,,boatswain,pass,,2026-07-17 19:03:59.432240,
(7a)16ee,23,grape pomace,113,13,proximate,moisture,65.92,% total weight,2,,39,as is,,,,boatswain,pass,,2026-07-17 19:03:59.432240,
(7a)20c9,23,grape pomace,113,13,proximate,ash,1.4,% total weight,2,,39,as is,,,,boatswain,pass,,2026-07-17 19:03:59.432240,
(7a)4002,23,grape pomace,113,13,proximate,moisture,62.66,% total weight,3,,39,as is,,,,boatswain,pass,,2026-07-17 19:03:59.432240,
(7a)8042,23,grape pomace,113,13,proximate,volatile solids,31.5,% total weight,1,,39,as is,,,,boatswain,pass,,2026-07-17 19:03:59.432240,
(7a)81fd,23,grape pomace,113,13,proximate,volatile solids,35.57,% total weight,3,,39,as is,,,,boatswain,pass,,2026-07-17 19:03:59.432240,
(7a)85c3,23,grape pomace,113,13,proximate,ash,1.77,% total weight,3,,39,as is,,,,boatswain,pass,,2026-07-17 19:03:59.432240,
(7a)98cc,23,grape pomace,113,13,proximate,ash,1.52,% total weight,1,,39,as is,,,,boatswain,pass,,2026-07-17 19:03:59.432240,
(7a)b0b5,23,grape pomace,113,13,proximate,moisture,66.99,% total weight,1,,39,as is,,,,boatswain,pass,,2026-07-17 19:03:59.432240,
(7a)c576,23,grape pomace,113,13,proximate,total solids,37.34,% total weight,3,,39,as is,,,,boatswain,pass,,2026-07-17 19:03:59.432240,
(7a)f6b3,23,grape pomace,113,13,proximate,volatile solids,32.69,% total weight,2,,39,as is,,,,boatswain,pass,,2026-07-17 19:03:59.432240,
(7a)fba4,23,grape pomace,113,13,proximate,total solids,34.08,% total weight,2,,39,as is,,,,boatswain,pass,,2026-07-17 19:03:59.432240,
(7e)103a,35,almond branches,150,6,proximate,ash,3.09,% total weight,3,,38,knife mill (2mm),,,,capstan,pass,,2026-07-17 19:03:59.432240,
(7e)1c60,35,almond branches,150,6,proximate,moisture,10.99,% total weight,2,,38,knife mill (2mm),,,,capstan,pass,,2026-07-17 19:03:59.432240,
(7e)2c3d,15,almond shells and hulls mix,51,20,proximate,total solids,89.29,% total weight,2,,38,knife mill (2mm),14.0,,xkang2@lbl.gov,tiny,pass,,2026-07-17 19:03:59.432240,
(7e)31fe,15,almond shells and hulls mix,51,20,proximate,moisture,10.72,% total weight,3,,38,knife mill (2mm),14.0,,xkang2@lbl.gov,tiny,pass,,2026-07-17 19:03:59.432240,
(7e)33e8,35,almond branches,150,6,proximate,moisture,10.88,% total weight,1,,38,knife mill (2mm),,,,capstan,pass,,2026-07-17 19:03:59.432240,
(7e)368a,15,almond shells and hulls mix,51,5,proximate,ash,5.39,% total weight,3,,38,knife mill (2mm),,,,tiny,pass,uc combined protocol,2026-07-17 19:03:59.432240,
(7e)371b,15,almond shells and hulls mix,51,20,proximate,ash,7.38,% total weight,3,,38,knife mill (2mm),14.0,,xkang2@lbl.gov,tiny,pass,,2026-07-17 19:03:59.432240,
(7e)3990,35,almond branches,150,6,proximate,moisture,10.88,% total weight,3,,38,knife mill (2mm),,,,capstan,pass,,2026-07-17 19:03:59.432240,
(7e)3aaf,15,almond shells and hulls mix,51,20,proximate,ash,7.06,% total weight,2,,38,knife mill (2mm),14.0,,xkang2@lbl.gov,tiny,pass,,2026-07-17 19:03:59.432240,
(7e)3bb4,15,almond shells and hulls mix,51,20,proximate,volatile solids,81.76,% total weight,1,,38,knife mill (2mm),14.0,,xkang2@lbl.gov,tiny,pass,,2026-07-17 19:03:59.432240,
(7e)4412,15,almond shells and hulls mix,51,20,proximate,volatile solids,81.89,% total weight,3,,38,knife mill (2mm),14.0,,xkang2@lbl.gov,tiny,pass,,2026-07-17 19:03:59.432240,
(7e)4470,15,almond shells and hulls mix,51,20,proximate,moisture,10.77,% total weight,1,,38,knife mill (2mm),14.0,,xkang2@lbl.gov,tiny,pass,,2026-07-17 19:03:59.432240,
(7e)5050,15,almond shells and hulls mix,51,5,proximate,ash,5.66,% total weight,1,,38,knife mill (2mm),,,,tiny,pass,uc combined protocol,2026-07-17 19:03:59.432240,
(7e)5198,15,almond shells and hulls mix,51,5,proximate,total solids,89.13,% total weight,2,,38,knife mill (2mm),17.0,,pass,tiny,pass,uc combined protocol,2026-07-17 19:03:59.432240,
(7e)54d9,35,almond branches,150,6,proximate,volatile solids,86.04,% total weight,3,,38,knife mill (2mm),,,,capstan,pass,,2026-07-17 19:03:59.432240,
(7e)6ead,15,almond shells and hulls mix,51,5,proximate,volatile solids,5.25,% total weight,1,,38,knife mill (2mm),17.0,,pass,tiny,pass,uc combined protocol,2026-07-17 19:03:59.432240,
(7e)7191,15,almond shells and hulls mix,51,5,proximate,volatile solids,5.28,% total weight,2,,38,knife mill (2mm),17.0,,pass,tiny,pass,uc combined protocol,2026-07-17 19:03:59.432240,
(7e)7774,35,almond branches,150,6,proximate,total solids,89.12,% total weight,3,,38,knife mill (2mm),,,,capstan,pass,,2026-07-17 19:03:59.432240,
(7e)800f,35,almond branches,150,6,proximate,ash,3.11,% total weight,2,,38,knife mill (2mm),,,,capstan,pass,,2026-07-17 19:03:59.432240,
(7e)8288,15,almond shells and hulls mix,51,20,proximate,moisture,10.71,% total weight,2,,38,knife mill (2mm),14.0,,xkang2@lbl.gov,tiny,pass,,2026-07-17 19:03:59.432240,
(7e)8720,15,almond shells and hulls mix,51,20,proximate,volatile solids,82.24,% total weight,2,,38,knife mill (2mm),14.0,,xkang2@lbl.gov,tiny,pass,,2026-07-17 19:03:59.432240,
(7e)8aca,15,almond shells and hulls mix,51,5,proximate,volatile solids,4.96,% total weight,3,,38,knife mill (2mm),17.0,,pass,tiny,pass,uc combined protocol,2026-07-17 19:03:59.432240,
(7e)9385,15,almond shells and hulls mix,51,5,proximate,total solids,89.65,% total weight,3,,38,knife mill (2mm),17.0,,pass,tiny,pass,uc combined protocol,2026-07-17 19:03:59.432240,
(7e)938f,35,almond branches,150,6,proximate,ash,3.14,% total weight,1,,38,knife mill (2mm),,,,capstan,pass,,2026-07-17 19:03:59.432240,
(7e)978b,35,almond branches,150,6,proximate,volatile solids,85.9,% total weight,2,,38,knife mill (2mm),,,,capstan,pass,,2026-07-17 19:03:59.432240,
(7e)9cae,15,almond shells and hulls mix,51,20,proximate,ash,7.47,% total weight,1,,38,knife mill (2mm),14.0,,xkang2@lbl.gov,tiny,pass,,2026-07-17 19:03:59.432240,
(7e)a2ad,15,almond shells and hulls mix,51,5,proximate,moisture,6.24,% total weight,1,,38,knife mill (2mm),,,,tiny,pass,uc combined protocol,2026-07-17 19:03:59.432240,
(7e)a6ff,35,almond branches,150,6,proximate,volatile solids,85.98,% total weight,1,,38,knife mill (2mm),,,,capstan,pass,,2026-07-17 19:03:59.432240,
(7e)b35c,15,almond shells and hulls mix,51,5,proximate,total solids,89.09,% total weight,1,,38,knife mill (2mm),17.0,,pass,tiny,pass,uc combined protocol,2026-07-17 19:03:59.432240,
(7e)b85b,15,almond shells and hulls mix,51,20,proximate,total solids,89.23,% total weight,1,,38,knife mill (2mm),14.0,,xkang2@lbl.gov,tiny,pass,,2026-07-17 19:03:59.432240,
(7e)dcb0,15,almond shells and hulls mix,51,20,proximate,total solids,89.28,% total weight,3,,38,knife mill (2mm),14.0,,xkang2@lbl.gov,tiny,pass,,2026-07-17 19:03:59.432240,
(7e)e58c,35,almond branches,150,6,proximate,total solids,89.01,% total weight,2,,38,knife mill (2mm),,,,capstan,pass,,2026-07-17 19:03:59.432240,
(7e)e64d,35,almond branches,150,6,proximate,total solids,89.12,% total weight,1,,38,knife mill (2mm),,,,capstan,pass,,2026-07-17 19:03:59.432240,
(7e)e7a4,15,almond shells and hulls mix,51,5,proximate,ash,5.59,% total weight,2,,38,knife mill (2mm),,,,tiny,pass,uc combined protocol,2026-07-17 19:03:59.432240,
(82)0834,19,walnut shells,57,5,proximate,volatile solids,2.14,% total weight,1,,33,oven dry + knife mill (2mm),18.0,,fail,energetic,fail,uc combined protocol,2026-07-17 19:03:59.432240,
(82)39e9,19,walnut shells,57,5,proximate,ash,1.62,% total weight,2,,33,oven dry + knife mill (2mm),,,,energetic,fail,uc combined protocol,2026-07-17 19:03:59.432240,
(82)53a2,19,walnut shells,57,5,proximate,ash,1.73,% total weight,3,,33,oven dry + knife mill (2mm),,,,energetic,fail,uc combined protocol,2026-07-17 19:03:59.432240,
(82)5774,19,walnut shells,57,5,proximate,total solids,96.28,% total weight,1,,33,oven dry + knife mill (2mm),18.0,,fail,energetic,fail,uc combined protocol,2026-07-17 19:03:59.432240,
(82)7c2d,19,walnut shells,57,5,proximate,total solids,96.84,% total weight,2,,33,oven dry + knife mill (2mm),18.0,,fail,energetic,fail,uc combined protocol,2026-07-17 19:03:59.432240,
(82)adaf,19,walnut shells,57,5,proximate,moisture,3.09,% total weight,1,,33,oven dry + knife mill (2mm),,,,energetic,fail,uc combined protocol,2026-07-17 19:03:59.432240,
(82)bb4c,19,walnut shells,57,5,proximate,total solids,96.61,% total weight,3,,33,oven dry + knife mill (2mm),18.0,,fail,energetic,fail,uc combined protocol,2026-07-17 19:03:59.432240,
(82)bb5d,19,walnut shells,57,5,proximate,volatile solids,1.54,% total weight,2,,33,oven dry + knife mill (2mm),18.0,,fail,energetic,fail,uc combined protocol,2026-07-17 19:03:59.432240,
(82)c957,19,walnut shells,57,5,proximate,ash,1.58,% total weight,1,,33,oven dry + knife mill (2mm),,,,energetic,fail,uc combined protocol,2026-07-17 19:03:59.432240,
(82)ebbf,19,walnut shells,57,5,proximate,volatile solids,1.67,% total weight,3,,33,oven dry + knife mill (2mm),18.0,,fail,energetic,fail,uc combined protocol,2026-07-17 19:03:59.432240,
(83)0fe6,37,tomato pomace,95,7,proximate,ash,3.68,% total weight,1,,33,oven dry + knife mill (2mm),,,,oakleaf,fail,sample is oven dried which renders it meaningless for moisture and hence calculating %total,2026-07-17 19:03:59.432240,
(83)1c05,37,tomato pomace,95,7,proximate,total solids,97.4,% total weight,2,,33,oven dry + knife mill (2mm),,,,oakleaf,fail,sample is oven dried which renders it meaningless for moisture and hence calculating %total,2026-07-17 19:03:59.432240,
(83)201b,37,tomato pomace,95,7,proximate,volatile solids,93.76,% total weight,1,,33,oven dry + knife mill (2mm),,,,oakleaf,fail,sample is oven dried which renders it meaningless for moisture and hence calculating %total,2026-07-17 19:03:59.432240,
(83)4162,37,tomato pomace,95,7,proximate,total solids,97.44,% total weight,1,,33,oven dry + knife mill (2mm),,,,oakleaf,fail,sample is oven dried which renders it meaningless for moisture and hence calculating %total,2026-07-17 19:03:59.432240,
(83)5867,37,tomato pomace,95,7,proximate,ash,3.66,% total weight,2,,33,oven dry + knife mill (2mm),,,,oakleaf,fail,sample is oven dried which renders it meaningless for moisture and hence calculating %total,2026-07-17 19:03:59.432240,
(83)6abe,37,tomato pomace,95,7,proximate,volatile solids,93.72,% total weight,3,,33,oven dry + knife mill (2mm),,,,oakleaf,fail,sample is oven dried which renders it meaningless for moisture and hence calculating %total,2026-07-17 19:03:59.432240,
(83)88bc,37,tomato pomace,95,7,proximate,total solids,97.39,% total weight,3,,33,oven dry + knife mill (2mm),,,,oakleaf,fail,sample is oven dried which renders it meaningless for moisture and hence calculating %total,2026-07-17 19:03:59.432240,
(83)905f,37,tomato pomace,95,7,proximate,moisture,2.61,% total weight,3,,33,oven dry + knife mill (2mm),,,,oakleaf,fail,sample is oven dried which renders it meaningless for moisture and hence calculating %total,2026-07-17 19:03:59.432240,
(83)a1c2,37,tomato pomace,95,7,proximate,moisture,2.56,% total weight,1,,33,oven dry + knife mill (2mm),,,,oakleaf,fail,sample is oven dried which renders it meaningless for moisture and hence calculating %total,2026-07-17 19:03:59.432240,
(83)a295,37,tomato pomace,95,7,proximate,ash,3.66,% total weight,3,,33,oven dry + knife mill (2mm),,,,oakleaf,fail,sample is oven dried which renders it meaningless for moisture and hence calculating %total,2026-07-17 19:03:59.432240,
(83)d3b7,37,tomato pomace,95,7,proximate,moisture,2.6,% total weight,2,,33,oven dry + knife mill (2mm),,,,oakleaf,fail,sample is oven dried which renders it meaningless for moisture and hence calculating %total,2026-07-17 19:03:59.432240,
(83)f94e,37,tomato pomace,95,7,proximate,volatile solids,93.74,% total weight,2,,33,oven dry + knife mill (2mm),,,,oakleaf,fail,sample is oven dried which renders it meaningless for moisture and hence calculating %total,2026-07-17 19:03:59.432240,
(85)3181,95,olive prunings,247,1,proximate,total solids,82.58,% total weight,1,,34,chipper (1in) + freeze,17.0,,pass,excellent,pass,https://docs.google.com/spreadsheets/d/1ykp27j5lk8jvpdiqe22cwh0q96yxoli8/edit?gid=1790385619#gid=1790385661,2026-07-17 19:03:59.432240,
(85)4f9f,95,olive prunings,247,1,proximate,volatile solids,79.54,% total weight,1,,34,chipper (1in) + freeze,17.0,,pass,excellent,pass,https://docs.google.com/spreadsheets/d/1ykp27j5lk8jvpdiqe22cwh0q96yxoli8/edit?gid=1790385619#gid=1790385664,2026-07-17 19:03:59.432240,
(85)6ad0,95,olive prunings,247,1,proximate,moisture,15.32,% total weight,3,,34,chipper (1in) + freeze,17.0,,pass,excellent,pass,https://docs.google.com/spreadsheets/d/1ykp27j5lk8jvpdiqe22cwh0q96yxoli8/edit?gid=1790385619#gid=1790385657,2026-07-17 19:03:59.432240,
(85)7c9d,95,olive prunings,247,1,proximate,volatile solids,81.44,% total weight,3,,34,chipper (1in) + freeze,17.0,,pass,excellent,pass,https://docs.google.com/spreadsheets/d/1ykp27j5lk8jvpdiqe22cwh0q96yxoli8/edit?gid=1790385619#gid=1790385666,2026-07-17 19:03:59.432240,
(85)a7d3,95,olive prunings,247,1,proximate,moisture,17.42,% total weight,1,,34,chipper (1in) + freeze,17.0,,pass,excellent,pass,https://docs.google.com/spreadsheets/d/1ykp27j5lk8jvpdiqe22cwh0q96yxoli8/edit?gid=1790385619#gid=1790385655,2026-07-17 19:03:59.432240,
(85)b143,95,olive prunings,247,1,proximate,ash,3.04,% total weight,1,,34,chipper (1in) + freeze,17.0,,pass,excellent,pass,https://docs.google.com/spreadsheets/d/1ykp27j5lk8jvpdiqe22cwh0q96yxoli8/edit?gid=1790385619#gid=1790385658,2026-07-17 19:03:59.432240,
(85)b1ce,95,olive prunings,247,1,proximate,ash,3.21,% total weight,2,,34,chipper (1in) + freeze,17.0,,pass,excellent,pass,https://docs.google.com/spreadsheets/d/1ykp27j5lk8jvpdiqe22cwh0q96yxoli8/edit?gid=1790385619#gid=1790385659,2026-07-17 19:03:59.432240,
(85)b606,95,olive prunings,247,1,proximate,total solids,84.68,% total weight,3,,34,chipper (1in) + freeze,17.0,,pass,excellent,pass,https://docs.google.com/spreadsheets/d/1ykp27j5lk8jvpdiqe22cwh0q96yxoli8/edit?gid=1790385619#gid=1790385663,2026-07-17 19:03:59.432240,
(85)bc99,95,olive prunings,247,1,proximate,total solids,83.45,% total weight,2,,34,chipper (1in) + freeze,17.0,,pass,excellent,pass,https://docs.google.com/spreadsheets/d/1ykp27j5lk8jvpdiqe22cwh0q96yxoli8/edit?gid=1790385619#gid=1790385662,2026-07-17 19:03:59.432240,
(85)c5a9,95,olive prunings,247,1,proximate,moisture,16.55,% total weight,2,,34,chipper (1in) + freeze,17.0,,pass,excellent,pass,https://docs.google.com/spreadsheets/d/1ykp27j5lk8jvpdiqe22cwh0q96yxoli8/edit?gid=1790385619#gid=1790385656,2026-07-17 19:03:59.432240,
(85)db24,95,olive prunings,247,1,proximate,volatile solids,80.23,% total weight,2,,34,chipper (1in) + freeze,17.0,,pass,excellent,pass,https://docs.google.com/spreadsheets/d/1ykp27j5lk8jvpdiqe22cwh0q96yxoli8/edit?gid=1790385619#gid=1790385665,2026-07-17 19:03:59.432240,
(85)fc38,95,olive prunings,247,1,proximate,ash,3.23,% total weight,3,,34,chipper (1in) + freeze,17.0,,pass,excellent,pass,https://docs.google.com/spreadsheets/d/1ykp27j5lk8jvpdiqe22cwh0q96yxoli8/edit?gid=1790385619#gid=1790385660,2026-07-17 19:03:59.432240,
(86)318b,25,almond hulls,146,6,proximate,ash,8.0,% total weight,3,,38,knife mill (2mm),,,,humorous,pass,,2026-07-17 19:03:59.432240,
(86)4c9a,25,almond hulls,146,6,proximate,moisture,12.27,% total weight,2,,38,knife mill (2mm),,,,humorous,pass,,2026-07-17 19:03:59.432240,
(86)521a,25,almond hulls,146,6,proximate,total solids,87.62,% total weight,3,,38,knife mill (2mm),,,,humorous,pass,,2026-07-17 19:03:59.432240,
(86)5338,25,almond hulls,146,6,proximate,total solids,87.73,% total weight,2,,38,knife mill (2mm),,,,humorous,pass,,2026-07-17 19:03:59.432240,
(86)7800,25,almond hulls,146,6,proximate,moisture,12.44,% total weight,1,,38,knife mill (2mm),,,,humorous,pass,,2026-07-17 19:03:59.432240,
(86)785f,25,almond hulls,146,6,proximate,volatile solids,79.02,% total weight,1,,38,knife mill (2mm),,,,humorous,pass,,2026-07-17 19:03:59.432240,
(86)7b7d,25,almond hulls,146,6,proximate,volatile solids,79.63,% total weight,3,,38,knife mill (2mm),,,,humorous,pass,,2026-07-17 19:03:59.432240,
(86)8657,25,almond hulls,146,6,proximate,moisture,12.38,% total weight,3,,38,knife mill (2mm),,,,humorous,pass,,2026-07-17 19:03:59.432240,
(86)c450,25,almond hulls,146,6,proximate,ash,8.71,% total weight,2,,38,knife mill (2mm),,,,humorous,pass,,2026-07-17 19:03:59.432240,
(86)de75,25,almond hulls,146,6,proximate,volatile solids,79.02,% total weight,2,,38,knife mill (2mm),,,,humorous,pass,,2026-07-17 19:03:59.432240,
(86)e04f,25,almond hulls,146,6,proximate,total solids,87.56,% total weight,1,,38,knife mill (2mm),,,,humorous,pass,,2026-07-17 19:03:59.432240,
(86)e114,25,almond hulls,146,6,proximate,ash,8.54,% total weight,1,,38,knife mill (2mm),,,,humorous,pass,,2026-07-17 19:03:59.432240,
(91)2d91,10,cotton stem mix,158,12,proximate,ash,8.15,% total weight,1,,38,knife mill (2mm),,,,schooner,pass,,2026-07-17 19:03:59.432240,
(91)643b,10,cotton stem mix,158,12,proximate,moisture,15.08,% total weight,3,,38,knife mill (2mm),,,,schooner,pass,,2026-07-17 19:03:59.432240,
(91)656a,10,cotton stem mix,158,12,proximate,ash,7.28,% total weight,2,,38,knife mill (2mm),,,,schooner,pass,,2026-07-17 19:03:59.432240,
(91)8117,10,cotton stem mix,158,12,proximate,moisture,15.19,% total weight,1,,38,knife mill (2mm),,,,schooner,pass,,2026-07-17 19:03:59.432240,
(91)82c3,10,cotton stem mix,158,12,proximate,ash,7.86,% total weight,3,,38,knife mill (2mm),,,,schooner,pass,,2026-07-17 19:03:59.432240,
(91)8ac1,10,cotton stem mix,158,12,proximate,volatile solids,76.66,% total weight,1,,38,knife mill (2mm),,,,schooner,pass,,2026-07-17 19:03:59.432240,
(91)a354,10,cotton stem mix,158,12,proximate,moisture,15.2,% total weight,2,,38,knife mill (2mm),,,,schooner,pass,,2026-07-17 19:03:59.432240,
(91)c400,10,cotton stem mix,158,12,proximate,total solids,84.92,% total weight,3,,38,knife mill (2mm),,,,schooner,pass,,2026-07-17 19:03:59.432240,
(91)c59b,10,cotton stem mix,158,12,proximate,volatile solids,77.52,% total weight,2,,38,knife mill (2mm),,,,schooner,pass,,2026-07-17 19:03:59.432240,
(91)d241,10,cotton stem mix,158,12,proximate,total solids,84.8,% total weight,2,,38,knife mill (2mm),,,,schooner,pass,,2026-07-17 19:03:59.432240,
(91)ed6c,10,cotton stem mix,158,12,proximate,volatile solids,77.06,% total weight,3,,38,knife mill (2mm),,,,schooner,pass,,2026-07-17 19:03:59.432240,
(91)f62b,10,cotton stem mix,158,12,proximate,total solids,84.81,% total weight,1,,38,knife mill (2mm),,,,schooner,pass,,2026-07-17 19:03:59.432240,
(96)0ed8,8,rice hulls,151,12,proximate,moisture,8.91,% total weight,2,,38,knife mill (2mm),,,,sextant,pass,,2026-07-17 19:03:59.432240,
(96)0f07,8,rice hulls,151,12,proximate,total solids,91.09,% total weight,2,,38,knife mill (2mm),,,,sextant,pass,,2026-07-17 19:03:59.432240,
(96)10cd,8,rice hulls,151,12,proximate,ash,19.48,% total weight,3,,38,knife mill (2mm),,,,sextant,pass,,2026-07-17 19:03:59.432240,
(96)1858,8,rice hulls,151,12,proximate,total solids,91.08,% total weight,3,,38,knife mill (2mm),,,,sextant,pass,,2026-07-17 19:03:59.432240,
(96)367a,8,rice hulls,151,12,proximate,volatile solids,71.78,% total weight,1,,38,knife mill (2mm),,,,sextant,pass,,2026-07-17 19:03:59.432240,
(96)4217,8,rice hulls,151,12,proximate,moisture,8.92,% total weight,3,,38,knife mill (2mm),,,,sextant,pass,,2026-07-17 19:03:59.432240,
(96)4c68,8,rice hulls,151,12,proximate,moisture,8.98,% total weight,1,,38,knife mill (2mm),,,,sextant,pass,,2026-07-17 19:03:59.432240,
(96)7e58,8,rice hulls,151,12,proximate,volatile solids,71.61,% total weight,3,,38,knife mill (2mm),,,,sextant,pass,,2026-07-17 19:03:59.432240,
(96)80be,8,rice hulls,151,12,proximate,ash,19.23,% total weight,2,,38,knife mill (2mm),,,,sextant,pass,,2026-07-17 19:03:59.432240,
(96)9557,8,rice hulls,151,12,proximate,total solids,91.02,% total weight,1,,38,knife mill (2mm),,,,sextant,pass,,2026-07-17 19:03:59.432240,
(96)cb75,8,rice hulls,151,12,proximate,ash,19.24,% total weight,1,,38,knife mill (2mm),,,,sextant,pass,,2026-07-17 19:03:59.432240,
(96)f2b9,8,rice hulls,151,12,proximate,volatile solids,71.86,% total weight,2,,38,knife mill (2mm),,,,sextant,pass,,2026-07-17 19:03:59.432240,
(a0)0613,14,olive stems / leaves,165,3,proximate,total solids,99.02,% total weight,2,,33,oven dry + knife mill (2mm),,,,excellent,fail,sample is oven dried which renders it meaningless for moisture and hence calculating %total,2026-07-17 19:03:59.432240,
(a0)0798,35,almond branches,72,14,proximate,total solids,81.79,% total weight,3,,38,knife mill (2mm),14.0,,xkang2@lbl.gov,humorous,pass,,2026-07-17 19:03:59.432240,
(a0)0f63,14,olive stems / leaves,165,3,proximate,total solids,99.06,% total weight,1,,33,oven dry + knife mill (2mm),,,,excellent,fail,sample is oven dried which renders it meaningless for moisture and hence calculating %total,2026-07-17 19:03:59.432240,
(a0)165b,35,almond branches,72,14,proximate,volatile solids,79.48,% total weight,3,,38,knife mill (2mm),14.0,,xkang2@lbl.gov,humorous,pass,,2026-07-17 19:03:59.432240,
(a0)1dfe,14,olive stems / leaves,165,3,proximate,moisture,0.98,% total weight,2,,33,oven dry + knife mill (2mm),,,,excellent,fail,sample is oven dried which renders it meaningless for moisture and hence calculating %total,2026-07-17 19:03:59.432240,
(a0)31cc,35,almond branches,72,14,proximate,volatile solids,79.28,% total weight,2,,38,knife mill (2mm),14.0,,xkang2@lbl.gov,humorous,pass,,2026-07-17 19:03:59.432240,
(a0)3630,35,almond branches,72,14,proximate,total solids,81.75,% total weight,2,,38,knife mill (2mm),14.0,,xkang2@lbl.gov,humorous,pass,,2026-07-17 19:03:59.432240,
(a0)440c,14,olive stems / leaves,165,3,proximate,total solids,99.0,% total weight,3,,33,oven dry + knife mill (2mm),,,,excellent,fail,sample is oven dried which renders it meaningless for moisture and hence calculating %total,2026-07-17 19:03:59.432240,
(a0)464e,14,olive stems / leaves,165,3,proximate,volatile solids,95.32,% total weight,2,,33,oven dry + knife mill (2mm),,,,excellent,fail,sample is oven dried which renders it meaningless for moisture and hence calculating %total,2026-07-17 19:03:59.432240,
(a0)5eca,35,almond branches,72,14,proximate,moisture,18.25,% total weight,2,,38,knife mill (2mm),14.0,,xkang2@lbl.gov,humorous,pass,,2026-07-17 19:03:59.432240,
(a0)76dd,35,almond branches,72,14,proximate,moisture,18.21,% total weight,3,,38,knife mill (2mm),14.0,,xkang2@lbl.gov,humorous,pass,,2026-07-17 19:03:59.432240,
(a0)806f,14,olive stems / leaves,165,3,proximate,volatile solids,95.74,% total weight,3,,33,oven dry + knife mill (2mm),,,,excellent,fail,sample is oven dried which renders it meaningless for moisture and hence calculating %total,2026-07-17 19:03:59.432240,
(a0)8a8a,35,almond branches,72,14,proximate,total solids,81.87,% total weight,1,,38,knife mill (2mm),14.0,,xkang2@lbl.gov,humorous,pass,,2026-07-17 19:03:59.432240,
(a0)8c02,14,olive stems / leaves,165,3,proximate,moisture,1.0,% total weight,3,,33,oven dry + knife mill (2mm),,,,excellent,fail,sample is oven dried which renders it meaningless for moisture and hence calculating %total,2026-07-17 19:03:59.432240,
(a0)93ee,14,olive stems / leaves,165,3,proximate,moisture,0.94,% total weight,1,,33,oven dry + knife mill (2mm),,,,excellent,fail,sample is oven dried which renders it meaningless for moisture and hence calculating %total,2026-07-17 19:03:59.432240,
(a0)97b0,14,olive stems / leaves,165,3,proximate,ash,3.27,% total weight,1,,33,oven dry + knife mill (2mm),,,,excellent,fail,sample is oven dried which renders it meaningless for moisture and hence calculating %total,2026-07-17 19:03:59.432240,
(a0)a8a6,35,almond branches,72,14,proximate,ash,2.47,% total weight,2,,38,knife mill (2mm),14.0,,xkang2@lbl.gov,humorous,pass,,2026-07-17 19:03:59.432240,
(a0)c2b6,35,almond branches,72,14,proximate,ash,2.31,% total weight,3,,38,knife mill (2mm),14.0,,xkang2@lbl.gov,humorous,pass,,2026-07-17 19:03:59.432240,
(a0)c7de,14,olive stems / leaves,165,3,proximate,ash,3.26,% total weight,3,,33,oven dry + knife mill (2mm),,,,excellent,fail,sample is oven dried which renders it meaningless for moisture and hence calculating %total,2026-07-17 19:03:59.432240,
(a0)d091,14,olive stems / leaves,165,3,proximate,volatile solids,95.79,% total weight,1,,33,oven dry + knife mill (2mm),,,,excellent,fail,sample is oven dried which renders it meaningless for moisture and hence calculating %total,2026-07-17 19:03:59.432240,
(a0)e490,35,almond branches,72,14,proximate,moisture,18.13,% total weight,1,,38,knife mill (2mm),14.0,,xkang2@lbl.gov,humorous,pass,,2026-07-17 19:03:59.432240,
(a0)e8de,35,almond branches,72,14,proximate,volatile solids,79.3,% total weight,1,,38,knife mill (2mm),14.0,,xkang2@lbl.gov,humorous,pass,,2026-07-17 19:03:59.432240,
(a0)f05c,14,olive stems / leaves,165,3,proximate,ash,3.7,% total weight,2,,33,oven dry + knife mill (2mm),,,,excellent,fail,sample is oven dried which renders it meaningless for moisture and hence calculating %total,2026-07-17 19:03:59.432240,
(a0)fa1a,35,almond branches,72,14,proximate,ash,2.58,% total weight,1,,38,knife mill (2mm),14.0,,xkang2@lbl.gov,humorous,pass,,2026-07-17 19:03:59.432240,
(a2)0fb0,31,almond shells,143,6,proximate,total solids,88.67,% total weight,3,,38,knife mill (2mm),,,,tiny,pass,,2026-07-17 19:03:59.432240,
(a2)1666,31,almond shells,143,6,proximate,total solids,88.85,% total weight,1,,38,knife mill (2mm),,,,tiny,pass,,2026-07-17 19:03:59.432240,
(a2)2ca5,31,almond shells,143,6,proximate,moisture,11.33,% total weight,3,,38,knife mill (2mm),,,,tiny,pass,,2026-07-17 19:03:59.432240,
(a2)4a98,31,almond shells,143,6,proximate,moisture,11.15,% total weight,1,,38,knife mill (2mm),,,,tiny,pass,,2026-07-17 19:03:59.432240,
(a2)4d15,31,almond shells,143,6,proximate,ash,4.33,% total weight,2,,38,knife mill (2mm),,,,tiny,pass,,2026-07-17 19:03:59.432240,
(a2)506b,31,almond shells,143,6,proximate,volatile solids,84.36,% total weight,3,,38,knife mill (2mm),,,,tiny,pass,,2026-07-17 19:03:59.432240,
(a2)5599,31,almond shells,143,6,proximate,volatile solids,84.34,% total weight,2,,38,knife mill (2mm),,,,tiny,pass,,2026-07-17 19:03:59.432240,
(a2)67e3,31,almond shells,143,6,proximate,ash,4.31,% total weight,3,,38,knife mill (2mm),,,,tiny,pass,,2026-07-17 19:03:59.432240,
(a2)83ca,31,almond shells,143,6,proximate,ash,5.08,% total weight,1,,38,knife mill (2mm),,,,tiny,pass,,2026-07-17 19:03:59.432240,
(a2)9df4,31,almond shells,143,6,proximate,volatile solids,83.78,% total weight,1,,38,knife mill (2mm),,,,tiny,pass,,2026-07-17 19:03:59.432240,
(a2)acce,31,almond shells,143,6,proximate,total solids,88.67,% total weight,2,,38,knife mill (2mm),,,,tiny,pass,,2026-07-17 19:03:59.432240,
(a2)e9ba,31,almond shells,143,6,proximate,moisture,11.33,% total weight,2,,38,knife mill (2mm),,,,tiny,pass,,2026-07-17 19:03:59.432240,
(a4)0127,10,cotton stem mix,159,12,proximate,volatile solids,81.73,% total weight,2,,38,knife mill (2mm),,,,schooner,pass,,2026-07-17 19:03:59.432240,
(a4)1475,10,cotton stem mix,159,12,proximate,moisture,5.88,% total weight,2,,38,knife mill (2mm),,,,schooner,pass,,2026-07-17 19:03:59.432240,
(a4)1e14,10,cotton stem mix,159,12,proximate,moisture,6.02,% total weight,1,,38,knife mill (2mm),,,,schooner,pass,,2026-07-17 19:03:59.432240,
(a4)2aac,10,cotton stem mix,159,12,proximate,ash,14.85,% total weight,3,,38,knife mill (2mm),,,,schooner,pass,,2026-07-17 19:03:59.432240,
(a4)7680,10,cotton stem mix,159,12,proximate,total solids,93.98,% total weight,1,,38,knife mill (2mm),,,,schooner,pass,,2026-07-17 19:03:59.432240,
(a4)8c15,10,cotton stem mix,159,12,proximate,ash,12.49,% total weight,1,,38,knife mill (2mm),,,,schooner,pass,,2026-07-17 19:03:59.432240,
(a4)b94a,10,cotton stem mix,159,12,proximate,total solids,94.12,% total weight,2,,38,knife mill (2mm),,,,schooner,pass,,2026-07-17 19:03:59.432240,
(a4)be52,10,cotton stem mix,159,12,proximate,moisture,5.8,% total weight,3,,38,knife mill (2mm),,,,schooner,pass,,2026-07-17 19:03:59.432240,
(a4)ce9f,10,cotton stem mix,159,12,proximate,ash,12.39,% total weight,2,,38,knife mill (2mm),,,,schooner,pass,,2026-07-17 19:03:59.432240,
(a4)d8c4,10,cotton stem mix,159,12,proximate,total solids,94.2,% total weight,3,,38,knife mill (2mm),,,,schooner,pass,,2026-07-17 19:03:59.432240,
(a4)ea8e,10,cotton stem mix,159,12,proximate,volatile solids,81.48,% total weight,1,,38,knife mill (2mm),,,,schooner,pass,,2026-07-17 19:03:59.432240,
(a4)faf6,10,cotton stem mix,159,12,proximate,volatile solids,79.35,% total weight,3,,38,knife mill (2mm),,,,schooner,pass,,2026-07-17 19:03:59.432240,
(a5)0f27,31,almond shells,162,6,proximate,moisture,9.07,% total weight,2,,38,knife mill (2mm),,,,humorous,pass,,2026-07-17 19:03:59.432240,
(a5)14af,31,almond shells,162,6,proximate,moisture,9.19,% total weight,1,,38,knife mill (2mm),,,,humorous,pass,,2026-07-17 19:03:59.432240,
(a5)3f2a,31,almond shells,162,6,proximate,total solids,90.96,% total weight,3,,38,knife mill (2mm),,,,humorous,pass,,2026-07-17 19:03:59.432240,
(a5)6033,31,almond shells,162,6,proximate,volatile solids,84.6,% total weight,2,,38,knife mill (2mm),,,,humorous,pass,,2026-07-17 19:03:59.432240,
(a5)69b3,31,almond shells,162,6,proximate,ash,7.62,% total weight,1,,38,knife mill (2mm),,,,humorous,pass,,2026-07-17 19:03:59.432240,
(a5)8dfa,31,almond shells,162,6,proximate,ash,6.69,% total weight,3,,38,knife mill (2mm),,,,humorous,pass,,2026-07-17 19:03:59.432240,
(a5)9969,31,almond shells,162,6,proximate,volatile solids,84.27,% total weight,3,,38,knife mill (2mm),,,,humorous,pass,,2026-07-17 19:03:59.432240,
(a5)bf23,31,almond shells,162,6,proximate,total solids,90.81,% total weight,1,,38,knife mill (2mm),,,,humorous,pass,,2026-07-17 19:03:59.432240,
(a5)c3d4,31,almond shells,162,6,proximate,ash,6.33,% total weight,2,,38,knife mill (2mm),,,,humorous,pass,,2026-07-17 19:03:59.432240,
(a5)c7b6,31,almond shells,162,6,proximate,volatile solids,83.19,% total weight,1,,38,knife mill (2mm),,,,humorous,pass,,2026-07-17 19:03:59.432240,
(a5)cff8,31,almond shells,162,6,proximate,total solids,90.93,% total weight,2,,38,knife mill (2mm),,,,humorous,pass,,2026-07-17 19:03:59.432240,
(a5)d80a,31,almond shells,162,6,proximate,moisture,9.04,% total weight,3,,38,knife mill (2mm),,,,humorous,pass,,2026-07-17 19:03:59.432240,
(a8)011a,25,almond hulls,161,6,proximate,moisture,14.31,% total weight,3,,38,knife mill (2mm),,,,humorous,pass,,2026-07-17 19:03:59.432240,
(a8)19a3,25,almond hulls,161,6,proximate,volatile solids,76.57,% total weight,2,,38,knife mill (2mm),,,,humorous,pass,,2026-07-17 19:03:59.432240,
(a8)1b90,25,almond hulls,161,6,proximate,ash,10.03,% total weight,1,,38,knife mill (2mm),,,,humorous,pass,,2026-07-17 19:03:59.432240,
(a8)28fb,25,almond hulls,161,6,proximate,moisture,14.24,% total weight,2,,38,knife mill (2mm),,,,humorous,pass,,2026-07-17 19:03:59.432240,
(a8)4564,25,almond hulls,161,6,proximate,volatile solids,76.57,% total weight,3,,38,knife mill (2mm),,,,humorous,pass,,2026-07-17 19:03:59.432240,
(a8)5bb6,25,almond hulls,161,6,proximate,volatile solids,75.74,% total weight,1,,38,knife mill (2mm),,,,humorous,pass,,2026-07-17 19:03:59.432240,
(a8)a78c,25,almond hulls,161,6,proximate,total solids,85.76,% total weight,2,,38,knife mill (2mm),,,,humorous,pass,,2026-07-17 19:03:59.432240,
(a8)a93a,25,almond hulls,161,6,proximate,moisture,14.23,% total weight,1,,38,knife mill (2mm),,,,humorous,pass,,2026-07-17 19:03:59.432240,
(a8)ad0d,25,almond hulls,161,6,proximate,ash,9.12,% total weight,3,,38,knife mill (2mm),,,,humorous,pass,,2026-07-17 19:03:59.432240,
(a8)bae7,25,almond hulls,161,6,proximate,ash,9.19,% total weight,2,,38,knife mill (2mm),,,,humorous,pass,,2026-07-17 19:03:59.432240,
(a8)c977,25,almond hulls,161,6,proximate,total solids,85.77,% total weight,1,,38,knife mill (2mm),,,,humorous,pass,,2026-07-17 19:03:59.432240,
(a8)f819,25,almond hulls,161,6,proximate,total solids,85.69,% total weight,3,,38,knife mill (2mm),,,,humorous,pass,,2026-07-17 19:03:59.432240,
(aa)00dd,22,walnut tree sticks,238,1,proximate,moisture,38.91,% total weight,3,,34,chipper (1in) + freeze,17.0,,pass,badger,pass,https://docs.google.com/spreadsheets/d/1ykp27j5lk8jvpdiqe22cwh0q96yxoli8/edit?gid=1790385619#gid=1790385633,2026-07-17 19:03:59.432240,
(aa)1828,22,walnut tree sticks,238,1,proximate,total solids,62.6,% total weight,1,,34,chipper (1in) + freeze,17.0,,pass,badger,pass,https://docs.google.com/spreadsheets/d/1ykp27j5lk8jvpdiqe22cwh0q96yxoli8/edit?gid=1790385619#gid=1790385637,2026-07-17 19:03:59.432240,
(aa)1d11,3,pistachio shells,141,18,proximate,moisture,15.55,% total weight,1,,39,as is,,,,stuntman,pass,,2026-07-17 19:03:59.432240,
(aa)1e46,3,pistachio shells,141,18,proximate,volatile solids,82.26,% total weight,3,,39,as is,,,,stuntman,pass,,2026-07-17 19:03:59.432240,
(aa)4721,3,pistachio shells,141,18,proximate,ash,2.25,% total weight,1,,39,as is,,,,stuntman,pass,,2026-07-17 19:03:59.432240,
(aa)4e50,22,walnut tree sticks,238,1,proximate,volatile solids,59.52,% total weight,3,,34,chipper (1in) + freeze,17.0,,pass,badger,pass,https://docs.google.com/spreadsheets/d/1ykp27j5lk8jvpdiqe22cwh0q96yxoli8/edit?gid=1790385619#gid=1790385642,2026-07-17 19:03:59.432240,
(aa)4ea9,3,pistachio shells,141,18,proximate,volatile solids,82.32,% total weight,2,,39,as is,,,,stuntman,pass,,2026-07-17 19:03:59.432240,
(aa)503d,22,walnut tree sticks,238,1,proximate,total solids,61.09,% total weight,3,,34,chipper (1in) + freeze,17.0,,pass,badger,pass,https://docs.google.com/spreadsheets/d/1ykp27j5lk8jvpdiqe22cwh0q96yxoli8/edit?gid=1790385619#gid=1790385639,2026-07-17 19:03:59.432240,
(aa)565e,22,walnut tree sticks,238,1,proximate,volatile solids,60.59,% total weight,1,,34,chipper (1in) + freeze,17.0,,pass,badger,pass,https://docs.google.com/spreadsheets/d/1ykp27j5lk8jvpdiqe22cwh0q96yxoli8/edit?gid=1790385619#gid=1790385640,2026-07-17 19:03:59.432240,
(aa)697a,22,walnut tree sticks,238,1,proximate,ash,1.9,% total weight,2,,34,chipper (1in) + freeze,17.0,,pass,badger,pass,https://docs.google.com/spreadsheets/d/1ykp27j5lk8jvpdiqe22cwh0q96yxoli8/edit?gid=1790385619#gid=1790385635,2026-07-17 19:03:59.432240,
(aa)73c7,3,pistachio shells,141,18,proximate,volatile solids,82.2,% total weight,1,,39,as is,,,,stuntman,pass,,2026-07-17 19:03:59.432240,
(aa)7741,22,walnut tree sticks,238,1,proximate,ash,2.01,% total weight,1,,34,chipper (1in) + freeze,17.0,,pass,badger,pass,https://docs.google.com/spreadsheets/d/1ykp27j5lk8jvpdiqe22cwh0q96yxoli8/edit?gid=1790385619#gid=1790385634,2026-07-17 19:03:59.432240,
(aa)843f,3,pistachio shells,141,18,proximate,total solids,84.45,% total weight,1,,39,as is,,,,stuntman,pass,,2026-07-17 19:03:59.432240,
(aa)956d,3,pistachio shells,141,18,proximate,total solids,84.12,% total weight,3,,39,as is,,,,stuntman,pass,,2026-07-17 19:03:59.432240,
(aa)9822,22,walnut tree sticks,238,1,proximate,volatile solids,58.65,% total weight,2,,34,chipper (1in) + freeze,17.0,,pass,badger,pass,https://docs.google.com/spreadsheets/d/1ykp27j5lk8jvpdiqe22cwh0q96yxoli8/edit?gid=1790385619#gid=1790385641,2026-07-17 19:03:59.432240,
(aa)9cf5,22,walnut tree sticks,238,1,proximate,ash,1.58,% total weight,3,,34,chipper (1in) + freeze,17.0,,pass,badger,pass,https://docs.google.com/spreadsheets/d/1ykp27j5lk8jvpdiqe22cwh0q96yxoli8/edit?gid=1790385619#gid=1790385636,2026-07-17 19:03:59.432240,
(aa)a789,3,pistachio shells,141,18,proximate,moisture,15.88,% total weight,3,,39,as is,,,,stuntman,pass,,2026-07-17 19:03:59.432240,
(aa)be82,3,pistachio shells,141,18,proximate,total solids,84.02,% total weight,2,,39,as is,,,,stuntman,pass,,2026-07-17 19:03:59.432240,
(aa)d3c0,3,pistachio shells,141,18,proximate,ash,1.85,% total weight,3,,39,as is,,,,stuntman,pass,,2026-07-17 19:03:59.432240,
(aa)f1e8,22,walnut tree sticks,238,1,proximate,moisture,39.45,% total weight,2,,34,chipper (1in) + freeze,17.0,,pass,badger,pass,https://docs.google.com/spreadsheets/d/1ykp27j5lk8jvpdiqe22cwh0q96yxoli8/edit?gid=1790385619#gid=1790385632,2026-07-17 19:03:59.432240,
(aa)f2a6,3,pistachio shells,141,18,proximate,moisture,15.98,% total weight,2,,39,as is,,,,stuntman,pass,,2026-07-17 19:03:59.432240,
(aa)f74a,3,pistachio shells,141,18,proximate,ash,1.69,% total weight,2,,39,as is,,,,stuntman,pass,,2026-07-17 19:03:59.432240,
(aa)f885,22,walnut tree sticks,238,1,proximate,total solids,60.55,% total weight,2,,34,chipper (1in) + freeze,17.0,,pass,badger,pass,https://docs.google.com/spreadsheets/d/1ykp27j5lk8jvpdiqe22cwh0q96yxoli8/edit?gid=1790385619#gid=1790385638,2026-07-17 19:03:59.432240,
(aa)fbcb,22,walnut tree sticks,238,1,proximate,moisture,37.4,% total weight,1,,34,chipper (1in) + freeze,17.0,,pass,badger,pass,https://docs.google.com/spreadsheets/d/1ykp27j5lk8jvpdiqe22cwh0q96yxoli8/edit?gid=1790385619#gid=1790385631,2026-07-17 19:03:59.432240,
(ab)251b,95,olive prunings,244,1,proximate,moisture,20.79,% total weight,1,,34,chipper (1in) + freeze,17.0,,pass,excellent,pass,https://docs.google.com/spreadsheets/d/1ykp27j5lk8jvpdiqe22cwh0q96yxoli8/edit?gid=1790385619#gid=1790385643,2026-07-17 19:03:59.432240,
(ab)260d,95,olive prunings,244,1,proximate,volatile solids,77.03,% total weight,3,,34,chipper (1in) + freeze,17.0,,pass,excellent,pass,https://docs.google.com/spreadsheets/d/1ykp27j5lk8jvpdiqe22cwh0q96yxoli8/edit?gid=1790385619#gid=1790385654,2026-07-17 19:03:59.432240,
(ab)35cd,95,olive prunings,244,1,proximate,ash,2.67,% total weight,3,,34,chipper (1in) + freeze,17.0,,pass,excellent,pass,https://docs.google.com/spreadsheets/d/1ykp27j5lk8jvpdiqe22cwh0q96yxoli8/edit?gid=1790385619#gid=1790385648,2026-07-17 19:03:59.432240,
(ab)5767,95,olive prunings,244,1,proximate,volatile solids,76.38,% total weight,2,,34,chipper (1in) + freeze,17.0,,pass,excellent,pass,https://docs.google.com/spreadsheets/d/1ykp27j5lk8jvpdiqe22cwh0q96yxoli8/edit?gid=1790385619#gid=1790385653,2026-07-17 19:03:59.432240,
(ab)64ab,95,olive prunings,244,1,proximate,ash,2.4,% total weight,1,,34,chipper (1in) + freeze,17.0,,pass,excellent,pass,https://docs.google.com/spreadsheets/d/1ykp27j5lk8jvpdiqe22cwh0q96yxoli8/edit?gid=1790385619#gid=1790385646,2026-07-17 19:03:59.432240,
(ab)7ab6,95,olive prunings,244,1,proximate,moisture,20.78,% total weight,2,,34,chipper (1in) + freeze,17.0,,pass,excellent,pass,https://docs.google.com/spreadsheets/d/1ykp27j5lk8jvpdiqe22cwh0q96yxoli8/edit?gid=1790385619#gid=1790385644,2026-07-17 19:03:59.432240,
(ab)938c,95,olive prunings,244,1,proximate,moisture,20.3,% total weight,3,,34,chipper (1in) + freeze,17.0,,pass,excellent,pass,https://docs.google.com/spreadsheets/d/1ykp27j5lk8jvpdiqe22cwh0q96yxoli8/edit?gid=1790385619#gid=1790385645,2026-07-17 19:03:59.432240,
(ab)aec5,95,olive prunings,244,1,proximate,volatile solids,76.81,% total weight,1,,34,chipper (1in) + freeze,17.0,,pass,excellent,pass,https://docs.google.com/spreadsheets/d/1ykp27j5lk8jvpdiqe22cwh0q96yxoli8/edit?gid=1790385619#gid=1790385652,2026-07-17 19:03:59.432240,
(ab)bb2b,95,olive prunings,244,1,proximate,total solids,79.22,% total weight,2,,34,chipper (1in) + freeze,17.0,,pass,excellent,pass,https://docs.google.com/spreadsheets/d/1ykp27j5lk8jvpdiqe22cwh0q96yxoli8/edit?gid=1790385619#gid=1790385650,2026-07-17 19:03:59.432240,
(ab)d0a1,95,olive prunings,244,1,proximate,ash,2.84,% total weight,2,,34,chipper (1in) + freeze,17.0,,pass,excellent,pass,https://docs.google.com/spreadsheets/d/1ykp27j5lk8jvpdiqe22cwh0q96yxoli8/edit?gid=1790385619#gid=1790385647,2026-07-17 19:03:59.432240,
(ab)e228,95,olive prunings,244,1,proximate,total solids,79.7,% total weight,3,,34,chipper (1in) + freeze,17.0,,pass,excellent,pass,https://docs.google.com/spreadsheets/d/1ykp27j5lk8jvpdiqe22cwh0q96yxoli8/edit?gid=1790385619#gid=1790385651,2026-07-17 19:03:59.432240,
(ab)f3e6,95,olive prunings,244,1,proximate,total solids,79.21,% total weight,1,,34,chipper (1in) + freeze,17.0,,pass,excellent,pass,https://docs.google.com/spreadsheets/d/1ykp27j5lk8jvpdiqe22cwh0q96yxoli8/edit?gid=1790385619#gid=1790385649,2026-07-17 19:03:59.432240,
(ad)06ea,34,grape stem,63,5,proximate,volatile solids,7.09,% total weight,2,,33,oven dry + knife mill (2mm),18.0,,fail,maplewood,fail,uc combined protocol,2026-07-17 19:03:59.432240,
(ad)15b6,34,grape stem,63,5,proximate,ash,8.0,% total weight,3,,33,oven dry + knife mill (2mm),,,,maplewood,fail,uc combined protocol,2026-07-17 19:03:59.432240,
(ad)282c,34,grape stem,63,5,proximate,ash,7.44,% total weight,1,,33,oven dry + knife mill (2mm),,,,maplewood,fail,uc combined protocol,2026-07-17 19:03:59.432240,
(ad)4b5c,34,grape stem,63,5,proximate,total solids,85.33,% total weight,2,,33,oven dry + knife mill (2mm),18.0,,fail,maplewood,fail,uc combined protocol,2026-07-17 19:03:59.432240,
(ad)52d3,34,grape stem,63,5,proximate,volatile solids,6.87,% total weight,1,,33,oven dry + knife mill (2mm),18.0,,fail,maplewood,fail,uc combined protocol,2026-07-17 19:03:59.432240,
(ad)64bb,34,grape stem,63,5,proximate,volatile solids,7.56,% total weight,3,,33,oven dry + knife mill (2mm),18.0,,fail,maplewood,fail,uc combined protocol,2026-07-17 19:03:59.432240,
(ad)8439,34,grape stem,63,5,proximate,ash,7.58,% total weight,2,,33,oven dry + knife mill (2mm),,,,maplewood,fail,uc combined protocol,2026-07-17 19:03:59.432240,
(ad)e383,34,grape stem,63,5,proximate,total solids,84.44,% total weight,3,,33,oven dry + knife mill (2mm),18.0,,fail,maplewood,fail,uc combined protocol,2026-07-17 19:03:59.432240,
(ad)e544,34,grape stem,63,5,proximate,total solids,85.69,% total weight,1,,33,oven dry + knife mill (2mm),18.0,,fail,maplewood,fail,uc combined protocol,2026-07-17 19:03:59.432240,
(ad)fcba,34,grape stem,63,5,proximate,moisture,0.57,% total weight,1,,33,oven dry + knife mill (2mm),,,,maplewood,fail,uc combined protocol,2026-07-17 19:03:59.432240,
(b3)1211,97,peach tree prunings,241,1,proximate,moisture,24.01,% total weight,2,,34,chipper (1in) + freeze,17.0,,pass,thylacine,pass,https://docs.google.com/spreadsheets/d/1ykp27j5lk8jvpdiqe22cwh0q96yxoli8/edit?gid=1790385619#gid=1790385620,2026-07-17 19:03:59.432240,
(b3)26d3,25,almond hulls,149,6,proximate,moisture,14.24,% total weight,1,,38,knife mill (2mm),,,,capstan,pass,,2026-07-17 19:03:59.432240,
(b3)3c83,25,almond hulls,149,6,proximate,moisture,14.24,% total weight,2,,38,knife mill (2mm),,,,capstan,pass,,2026-07-17 19:03:59.432240,
(b3)3d8e,97,peach tree prunings,241,1,proximate,volatile solids,71.91,% total weight,1,,34,chipper (1in) + freeze,17.0,,pass,thylacine,pass,https://docs.google.com/spreadsheets/d/1ykp27j5lk8jvpdiqe22cwh0q96yxoli8/edit?gid=1790385619#gid=1790385628,2026-07-17 19:03:59.432240,
(b3)40aa,25,almond hulls,149,6,proximate,total solids,85.76,% total weight,2,,38,knife mill (2mm),,,,capstan,pass,,2026-07-17 19:03:59.432240,
(b3)4af1,97,peach tree prunings,241,1,proximate,total solids,75.88,% total weight,3,,34,chipper (1in) + freeze,17.0,,pass,thylacine,pass,https://docs.google.com/spreadsheets/d/1ykp27j5lk8jvpdiqe22cwh0q96yxoli8/edit?gid=1790385619#gid=1790385627,2026-07-17 19:03:59.432240,
(b3)4e73,97,peach tree prunings,241,1,proximate,total solids,74.31,% total weight,1,,34,chipper (1in) + freeze,17.0,,pass,thylacine,pass,https://docs.google.com/spreadsheets/d/1ykp27j5lk8jvpdiqe22cwh0q96yxoli8/edit?gid=1790385619#gid=1790385625,2026-07-17 19:03:59.432240,
(b3)7030,25,almond hulls,149,6,proximate,ash,9.09,% total weight,3,,38,knife mill (2mm),,,,capstan,pass,,2026-07-17 19:03:59.432240,
(b3)71d8,25,almond hulls,149,6,proximate,total solids,85.81,% total weight,3,,38,knife mill (2mm),,,,capstan,pass,,2026-07-17 19:03:59.432240,
(b3)8e32,25,almond hulls,149,6,proximate,ash,6.73,% total weight,2,,38,knife mill (2mm),,,,capstan,pass,,2026-07-17 19:03:59.432240,
(b3)91ee,25,almond hulls,149,6,proximate,volatile solids,78.02,% total weight,1,,38,knife mill (2mm),,,,capstan,pass,,2026-07-17 19:03:59.432240,
(b3)a008,25,almond hulls,149,6,proximate,volatile solids,76.71,% total weight,3,,38,knife mill (2mm),,,,capstan,pass,,2026-07-17 19:03:59.432240,
(b3)a081,97,peach tree prunings,241,1,proximate,ash,2.4,% total weight,1,,34,chipper (1in) + freeze,17.0,,pass,thylacine,pass,https://docs.google.com/spreadsheets/d/1ykp27j5lk8jvpdiqe22cwh0q96yxoli8/edit?gid=1790385619#gid=1790385622,2026-07-17 19:03:59.432240,
(b3)a4cb,97,peach tree prunings,241,1,proximate,volatile solids,73.89,% total weight,3,,34,chipper (1in) + freeze,17.0,,pass,thylacine,pass,https://docs.google.com/spreadsheets/d/1ykp27j5lk8jvpdiqe22cwh0q96yxoli8/edit?gid=1790385619#gid=1790385630,2026-07-17 19:03:59.432240,
(b3)a724,25,almond hulls,149,6,proximate,ash,7.74,% total weight,1,,38,knife mill (2mm),,,,capstan,pass,,2026-07-17 19:03:59.432240,
(b3)aa7d,97,peach tree prunings,241,1,proximate,moisture,25.69,% total weight,1,,34,chipper (1in) + freeze,17.0,,pass,thylacine,pass,https://docs.google.com/spreadsheets/d/1ykp27j5lk8jvpdiqe22cwh0q96yxoli8/edit?gid=1790385619#gid=1790385619,2026-07-17 19:03:59.432240,
(b3)b37d,97,peach tree prunings,241,1,proximate,ash,2.21,% total weight,2,,34,chipper (1in) + freeze,17.0,,pass,thylacine,pass,https://docs.google.com/spreadsheets/d/1ykp27j5lk8jvpdiqe22cwh0q96yxoli8/edit?gid=1790385619#gid=1790385623,2026-07-17 19:03:59.432240,
(b3)c446,97,peach tree prunings,241,1,proximate,volatile solids,73.78,% total weight,2,,34,chipper (1in) + freeze,17.0,,pass,thylacine,pass,https://docs.google.com/spreadsheets/d/1ykp27j5lk8jvpdiqe22cwh0q96yxoli8/edit?gid=1790385619#gid=1790385629,2026-07-17 19:03:59.432240,
(b3)ca3d,97,peach tree prunings,241,1,proximate,moisture,24.12,% total weight,3,,34,chipper (1in) + freeze,17.0,,pass,thylacine,pass,https://docs.google.com/spreadsheets/d/1ykp27j5lk8jvpdiqe22cwh0q96yxoli8/edit?gid=1790385619#gid=1790385621,2026-07-17 19:03:59.432240,
(b3)cd95,97,peach tree prunings,241,1,proximate,total solids,75.99,% total weight,2,,34,chipper (1in) + freeze,17.0,,pass,thylacine,pass,https://docs.google.com/spreadsheets/d/1ykp27j5lk8jvpdiqe22cwh0q96yxoli8/edit?gid=1790385619#gid=1790385626,2026-07-17 19:03:59.432240,
(b3)df00,97,peach tree prunings,241,1,proximate,ash,1.99,% total weight,3,,34,chipper (1in) + freeze,17.0,,pass,thylacine,pass,https://docs.google.com/spreadsheets/d/1ykp27j5lk8jvpdiqe22cwh0q96yxoli8/edit?gid=1790385619#gid=1790385624,2026-07-17 19:03:59.432240,
(b3)fc9e,25,almond hulls,149,6,proximate,moisture,14.19,% total weight,3,,38,knife mill (2mm),,,,capstan,pass,,2026-07-17 19:03:59.432240,
(b3)fe33,25,almond hulls,149,6,proximate,volatile solids,79.03,% total weight,2,,38,knife mill (2mm),,,,capstan,pass,,2026-07-17 19:03:59.432240,
(b3)ffc6,25,almond hulls,149,6,proximate,total solids,85.76,% total weight,1,,38,knife mill (2mm),,,,capstan,pass,,2026-07-17 19:03:59.432240,
(b4)3508,22,walnut tree sticks,36,4,proximate,moisture,7.08,% total weight,2,,36,oven dry,14.0,,xkang2@lbl.gov,energetic,fail,sample is oven dried before checking moisture content,2026-07-17 19:03:59.432240,
(b4)421b,22,walnut tree sticks,36,4,proximate,ash,7.03,% total weight,1,,36,oven dry,14.0,,xkang2@lbl.gov,energetic,fail,sample is oven dried before checking moisture content,2026-07-17 19:03:59.432240,
(b4)57c6,22,walnut tree sticks,36,4,proximate,ash,7.53,% total weight,3,,36,oven dry,14.0,,xkang2@lbl.gov,energetic,fail,sample is oven dried before checking moisture content,2026-07-17 19:03:59.432240,
(b4)5896,22,walnut tree sticks,36,4,proximate,volatile solids,85.58,% total weight,2,,36,oven dry,14.0,,xkang2@lbl.gov,energetic,fail,sample is oven dried before checking moisture content,2026-07-17 19:03:59.432240,
(b4)5c41,22,walnut tree sticks,36,4,proximate,total solids,92.99,% total weight,1,,36,oven dry,14.0,,xkang2@lbl.gov,energetic,fail,sample is oven dried before checking moisture content,2026-07-17 19:03:59.432240,
(b4)82bb,22,walnut tree sticks,36,4,proximate,moisture,7.01,% total weight,1,,36,oven dry,14.0,,xkang2@lbl.gov,energetic,fail,sample is oven dried before checking moisture content,2026-07-17 19:03:59.432240,
(b4)a36d,22,walnut tree sticks,36,4,proximate,total solids,92.91,% total weight,3,,36,oven dry,14.0,,xkang2@lbl.gov,energetic,fail,sample is oven dried before checking moisture content,2026-07-17 19:03:59.432240,
(b4)a5bf,22,walnut tree sticks,36,4,proximate,volatile solids,85.96,% total weight,1,,36,oven dry,14.0,,xkang2@lbl.gov,energetic,fail,sample is oven dried before checking moisture content,2026-07-17 19:03:59.432240,
(b4)ab75,22,walnut tree sticks,36,4,proximate,moisture,7.09,% total weight,3,,36,oven dry,14.0,,xkang2@lbl.gov,energetic,fail,sample is oven dried before checking moisture content,2026-07-17 19:03:59.432240,
(b4)c82f,22,walnut tree sticks,36,4,proximate,volatile solids,85.39,% total weight,3,,36,oven dry,14.0,,xkang2@lbl.gov,energetic,fail,sample is oven dried before checking moisture content,2026-07-17 19:03:59.432240,
(b4)d76f,22,walnut tree sticks,36,4,proximate,ash,7.33,% total weight,2,,36,oven dry,14.0,,xkang2@lbl.gov,energetic,fail,sample is oven dried before checking moisture content,2026-07-17 19:03:59.432240,
(b4)ff08,22,walnut tree sticks,36,4,proximate,total solids,92.92,% total weight,2,,36,oven dry,14.0,,xkang2@lbl.gov,energetic,fail,sample is oven dried before checking moisture content,2026-07-17 19:03:59.432240,
(b5)0633,35,almond branches,40,4,proximate,ash,3.25,% total weight,1,,39,as is,14.0,,xkang2@lbl.gov,vibrant,pass,,2026-07-17 19:03:59.432240,
(b5)0e47,35,almond branches,40,4,proximate,moisture,9.14,% total weight,2,,39,as is,14.0,,xkang2@lbl.gov,vibrant,pass,,2026-07-17 19:03:59.432240,
(b5)132e,28,walnut shelling fines,175,2,proximate,volatile solids,85.83,% total weight,3,,39,as is,,,,cutaway,pass,,2026-07-17 19:03:59.432240,
(b5)1375,28,walnut shelling fines,175,2,proximate,moisture,11.2,% total weight,2,,39,as is,,,,cutaway,pass,,2026-07-17 19:03:59.432240,
(b5)17da,28,walnut shelling fines,175,2,proximate,total solids,88.83,% total weight,1,,39,as is,,,,cutaway,pass,,2026-07-17 19:03:59.432240,
(b5)2804,28,walnut shelling fines,175,2,proximate,moisture,11.17,% total weight,1,,39,as is,,,,cutaway,pass,,2026-07-17 19:03:59.432240,
(b5)2b8d,35,almond branches,40,4,proximate,total solids,90.78,% total weight,1,,39,as is,14.0,,xkang2@lbl.gov,vibrant,pass,,2026-07-17 19:03:59.432240,
(b5)2bd9,35,almond branches,40,4,proximate,moisture,9.22,% total weight,1,,39,as is,14.0,,xkang2@lbl.gov,vibrant,pass,,2026-07-17 19:03:59.432240,
(b5)3236,28,walnut shelling fines,175,2,proximate,moisture,11.16,% total weight,3,,39,as is,,,,cutaway,pass,,2026-07-17 19:03:59.432240,
(b5)4181,28,walnut shelling fines,175,2,proximate,ash,3.13,% total weight,2,,39,as is,,,,cutaway,pass,,2026-07-17 19:03:59.432240,
(b5)4ddb,35,almond branches,40,4,proximate,volatile solids,87.81,% total weight,3,,39,as is,14.0,,xkang2@lbl.gov,vibrant,pass,,2026-07-17 19:03:59.432240,
(b5)52ea,35,almond branches,40,4,proximate,total solids,90.82,% total weight,3,,39,as is,14.0,,xkang2@lbl.gov,vibrant,pass,,2026-07-17 19:03:59.432240,
(b5)62c5,35,almond branches,40,4,proximate,total solids,90.86,% total weight,2,,39,as is,14.0,,xkang2@lbl.gov,vibrant,pass,,2026-07-17 19:03:59.432240,
(b5)6a31,35,almond branches,40,4,proximate,moisture,9.18,% total weight,3,,39,as is,14.0,,xkang2@lbl.gov,vibrant,pass,,2026-07-17 19:03:59.432240,
(b5)7900,28,walnut shelling fines,175,2,proximate,total solids,88.84,% total weight,3,,39,as is,,,,cutaway,pass,,2026-07-17 19:03:59.432240,
(b5)889c,28,walnut shelling fines,175,2,proximate,volatile solids,85.67,% total weight,2,,39,as is,,,,cutaway,pass,,2026-07-17 19:03:59.432240,
(b5)92df,28,walnut shelling fines,175,2,proximate,total solids,88.8,% total weight,2,,39,as is,,,,cutaway,pass,,2026-07-17 19:03:59.432240,
(b5)ba9a,28,walnut shelling fines,175,2,proximate,ash,3.19,% total weight,1,,39,as is,,,,cutaway,pass,,2026-07-17 19:03:59.432240,
(b5)c2b4,28,walnut shelling fines,175,2,proximate,volatile solids,85.64,% total weight,1,,39,as is,,,,cutaway,pass,,2026-07-17 19:03:59.432240,
(b5)c7ac,35,almond branches,40,4,proximate,ash,3.22,% total weight,2,,39,as is,14.0,,xkang2@lbl.gov,vibrant,pass,,2026-07-17 19:03:59.432240,
(b5)cf5f,28,walnut shelling fines,175,2,proximate,ash,3.01,% total weight,3,,39,as is,,,,cutaway,pass,,2026-07-17 19:03:59.432240,
(b5)d48f,35,almond branches,40,4,proximate,ash,3.01,% total weight,3,,39,as is,14.0,,xkang2@lbl.gov,vibrant,pass,,2026-07-17 19:03:59.432240,
(b5)dc2a,35,almond branches,40,4,proximate,volatile solids,87.53,% total weight,1,,39,as is,14.0,,xkang2@lbl.gov,vibrant,pass,,2026-07-17 19:03:59.432240,
(b5)ff81,35,almond branches,40,4,proximate,volatile solids,87.64,% total weight,2,,39,as is,14.0,,xkang2@lbl.gov,vibrant,pass,,2026-07-17 19:03:59.432240,
(b6)30c2,37,tomato pomace,12,9,proximate,volatile solids,33.22,% total weight,1,,39,as is,14.0,,xkang2@lbl.gov,riverstone,pass,,2026-07-17 19:03:59.432240,
(b6)423c,37,tomato pomace,12,9,proximate,total solids,34.03,% total weight,3,,39,as is,14.0,,xkang2@lbl.gov,riverstone,pass,,2026-07-17 19:03:59.432240,
(b6)7969,37,tomato pomace,12,9,proximate,volatile solids,33.05,% total weight,3,,39,as is,14.0,,xkang2@lbl.gov,riverstone,pass,,2026-07-17 19:03:59.432240,
(b6)8362,37,tomato pomace,12,9,proximate,moisture,65.97,% total weight,3,,39,as is,14.0,,xkang2@lbl.gov,riverstone,pass,,2026-07-17 19:03:59.432240,
(b6)90d0,37,tomato pomace,12,9,proximate,ash,0.94,% total weight,2,,39,as is,14.0,,xkang2@lbl.gov,riverstone,pass,,2026-07-17 19:03:59.432240,
(b6)9e89,37,tomato pomace,12,9,proximate,total solids,34.21,% total weight,1,,39,as is,14.0,,xkang2@lbl.gov,riverstone,pass,,2026-07-17 19:03:59.432240,
(b6)d6bd,37,tomato pomace,12,9,proximate,ash,0.98,% total weight,3,,39,as is,14.0,,xkang2@lbl.gov,riverstone,pass,,2026-07-17 19:03:59.432240,
(b6)e484,37,tomato pomace,12,9,proximate,volatile solids,32.08,% total weight,2,,39,as is,14.0,,xkang2@lbl.gov,riverstone,pass,,2026-07-17 19:03:59.432240,
(b6)e6b5,37,tomato pomace,12,9,proximate,moisture,66.98,% total weight,2,,39,as is,14.0,,xkang2@lbl.gov,riverstone,pass,,2026-07-17 19:03:59.432240,
(b6)ef37,37,tomato pomace,12,9,proximate,ash,0.99,% total weight,1,,39,as is,14.0,,xkang2@lbl.gov,riverstone,pass,,2026-07-17 19:03:59.432240,
(b6)f28f,37,tomato pomace,12,9,proximate,total solids,33.02,% total weight,2,,39,as is,14.0,,xkang2@lbl.gov,riverstone,pass,,2026-07-17 19:03:59.432240,
(b6)fd74,37,tomato pomace,12,9,proximate,moisture,65.79,% total weight,1,,39,as is,14.0,,xkang2@lbl.gov,riverstone,pass,,2026-07-17 19:03:59.432240,
(b7)022b,25,almond hulls,154,6,proximate,moisture,11.26,% total weight,1,,38,knife mill (2mm),,,,capstan,pass,,2026-07-17 19:03:59.432240,
(b7)1b12,25,almond hulls,154,6,proximate,total solids,88.76,% total weight,2,,38,knife mill (2mm),,,,capstan,pass,,2026-07-17 19:03:59.432240,
(b7)1ef0,25,almond hulls,154,6,proximate,volatile solids,81.12,% total weight,3,,38,knife mill (2mm),,,,capstan,pass,,2026-07-17 19:03:59.432240,
(b7)336b,25,almond hulls,154,6,proximate,moisture,11.24,% total weight,2,,38,knife mill (2mm),,,,capstan,pass,,2026-07-17 19:03:59.432240,
(b7)3f0a,25,almond hulls,154,6,proximate,ash,6.3,% total weight,2,,38,knife mill (2mm),,,,capstan,pass,,2026-07-17 19:03:59.432240,
(b7)4f88,25,almond hulls,154,6,proximate,ash,6.0,% total weight,1,,38,knife mill (2mm),,,,capstan,pass,,2026-07-17 19:03:59.432240,
(b7)6a6a,25,almond hulls,154,6,proximate,volatile solids,82.74,% total weight,1,,38,knife mill (2mm),,,,capstan,pass,,2026-07-17 19:03:59.432240,
(b7)922e,25,almond hulls,154,6,proximate,ash,7.64,% total weight,3,,38,knife mill (2mm),,,,capstan,pass,,2026-07-17 19:03:59.432240,
(b7)be6f,25,almond hulls,154,6,proximate,volatile solids,82.45,% total weight,2,,38,knife mill (2mm),,,,capstan,pass,,2026-07-17 19:03:59.432240,
(b7)d205,25,almond hulls,154,6,proximate,total solids,88.74,% total weight,1,,38,knife mill (2mm),,,,capstan,pass,,2026-07-17 19:03:59.432240,
(b7)dfa9,25,almond hulls,154,6,proximate,moisture,11.24,% total weight,3,,38,knife mill (2mm),,,,capstan,pass,,2026-07-17 19:03:59.432240,
(b7)ee55,25,almond hulls,154,6,proximate,total solids,88.76,% total weight,3,,38,knife mill (2mm),,,,capstan,pass,,2026-07-17 19:03:59.432240,
(b8)013c,5,alfalfa,79,15,proximate,moisture,10.51,% total weight,3,,38,knife mill (2mm),14.0,,xkang2@lbl.gov,possessive,pass,,2026-07-17 19:03:59.432240,
(b8)1fc5,5,alfalfa,79,15,proximate,total solids,89.49,% total weight,3,,38,knife mill (2mm),14.0,,xkang2@lbl.gov,possessive,pass,,2026-07-17 19:03:59.432240,
(b8)3851,5,alfalfa,79,15,proximate,ash,8.0,% total weight,2,,38,knife mill (2mm),14.0,,xkang2@lbl.gov,possessive,pass,,2026-07-17 19:03:59.432240,
(b8)4c2d,5,alfalfa,79,15,proximate,moisture,10.61,% total weight,1,,38,knife mill (2mm),14.0,,xkang2@lbl.gov,possessive,pass,,2026-07-17 19:03:59.432240,
(b8)54ca,5,alfalfa,79,15,proximate,total solids,89.26,% total weight,2,,38,knife mill (2mm),14.0,,xkang2@lbl.gov,possessive,pass,,2026-07-17 19:03:59.432240,
(b8)9fd3,5,alfalfa,79,15,proximate,volatile solids,79.81,% total weight,1,,38,knife mill (2mm),14.0,,xkang2@lbl.gov,possessive,pass,,2026-07-17 19:03:59.432240,
(b8)a597,5,alfalfa,79,15,proximate,total solids,89.39,% total weight,1,,38,knife mill (2mm),14.0,,xkang2@lbl.gov,possessive,pass,,2026-07-17 19:03:59.432240,
(b8)a682,5,alfalfa,79,15,proximate,ash,9.58,% total weight,1,,38,knife mill (2mm),14.0,,xkang2@lbl.gov,possessive,pass,,2026-07-17 19:03:59.432240,
(b8)aaf9,5,alfalfa,79,15,proximate,moisture,10.74,% total weight,2,,38,knife mill (2mm),14.0,,xkang2@lbl.gov,possessive,pass,,2026-07-17 19:03:59.432240,
(b8)b92c,5,alfalfa,79,15,proximate,volatile solids,81.26,% total weight,2,,38,knife mill (2mm),14.0,,xkang2@lbl.gov,possessive,pass,,2026-07-17 19:03:59.432240,
(b8)c611,5,alfalfa,79,15,proximate,ash,8.18,% total weight,3,,38,knife mill (2mm),14.0,,xkang2@lbl.gov,possessive,pass,,2026-07-17 19:03:59.432240,
(b8)fd1c,5,alfalfa,79,15,proximate,volatile solids,81.31,% total weight,3,,38,knife mill (2mm),14.0,,xkang2@lbl.gov,possessive,pass,,2026-07-17 19:03:59.432240,
(ba)19a4,32,olive pomace,164,3,proximate,total solids,99.16,% total weight,3,,33,oven dry + knife mill (2mm),,,,excellent,fail,sample is oven dried which renders it meaningless for moisture and hence calculating %total,2026-07-17 19:03:59.432240,
(ba)1cb0,32,olive pomace,164,3,proximate,volatile solids,92.7,% total weight,2,,33,oven dry + knife mill (2mm),,,,excellent,fail,sample is oven dried which renders it meaningless for moisture and hence calculating %total,2026-07-17 19:03:59.432240,
(ba)1db5,32,olive pomace,164,3,proximate,volatile solids,92.8,% total weight,1,,33,oven dry + knife mill (2mm),,,,excellent,fail,sample is oven dried which renders it meaningless for moisture and hence calculating %total,2026-07-17 19:03:59.432240,
(ba)1fff,32,olive pomace,164,3,proximate,moisture,0.82,% total weight,2,,33,oven dry + knife mill (2mm),,,,excellent,fail,sample is oven dried which renders it meaningless for moisture and hence calculating %total,2026-07-17 19:03:59.432240,
(ba)253d,32,olive pomace,164,3,proximate,volatile solids,92.73,% total weight,3,,33,oven dry + knife mill (2mm),,,,excellent,fail,sample is oven dried which renders it meaningless for moisture and hence calculating %total,2026-07-17 19:03:59.432240,
(ba)57df,32,olive pomace,164,3,proximate,moisture,0.8,% total weight,1,,33,oven dry + knife mill (2mm),,,,excellent,fail,sample is oven dried which renders it meaningless for moisture and hence calculating %total,2026-07-17 19:03:59.432240,
(ba)64ef,32,olive pomace,164,3,proximate,ash,6.43,% total weight,3,,33,oven dry + knife mill (2mm),,,,excellent,fail,sample is oven dried which renders it meaningless for moisture and hence calculating %total,2026-07-17 19:03:59.432240,
(ba)6557,32,olive pomace,164,3,proximate,total solids,99.18,% total weight,2,,33,oven dry + knife mill (2mm),,,,excellent,fail,sample is oven dried which renders it meaningless for moisture and hence calculating %total,2026-07-17 19:03:59.432240,
(ba)6ffd,32,olive pomace,164,3,proximate,moisture,0.84,% total weight,3,,33,oven dry + knife mill (2mm),,,,excellent,fail,sample is oven dried which renders it meaningless for moisture and hence calculating %total,2026-07-17 19:03:59.432240,
(ba)847d,32,olive pomace,164,3,proximate,ash,6.48,% total weight,2,,33,oven dry + knife mill (2mm),,,,excellent,fail,sample is oven dried which renders it meaningless for moisture and hence calculating %total,2026-07-17 19:03:59.432240,
(ba)a65e,32,olive pomace,164,3,proximate,total solids,99.2,% total weight,1,,33,oven dry + knife mill (2mm),,,,excellent,fail,sample is oven dried which renders it meaningless for moisture and hence calculating %total,2026-07-17 19:03:59.432240,
(ba)edc5,32,olive pomace,164,3,proximate,ash,6.39,% total weight,1,,33,oven dry + knife mill (2mm),,,,excellent,fail,sample is oven dried which renders it meaningless for moisture and hence calculating %total,2026-07-17 19:03:59.432240,
(bd)0153,37,tomato pomace,106,22,proximate,volatile solids,30.19,% total weight,1,,39,as is,,,,gainful,pass,,2026-07-17 19:03:59.432240,
(bd)06b4,37,tomato pomace,106,22,proximate,volatile solids,30.47,% total weight,3,,39,as is,,,,gainful,pass,,2026-07-17 19:03:59.432240,
(bd)0b70,37,tomato pomace,106,22,proximate,moisture,68.76,% total weight,1,,39,as is,,,,gainful,pass,,2026-07-17 19:03:59.432240,
(bd)0da9,37,tomato pomace,106,22,proximate,moisture,68.93,% total weight,2,,39,as is,,,,gainful,pass,,2026-07-17 19:03:59.432240,
(bd)37c2,37,tomato pomace,106,22,proximate,total solids,31.24,% total weight,1,,39,as is,,,,gainful,pass,,2026-07-17 19:03:59.432240,
(bd)4a81,37,tomato pomace,106,22,proximate,total solids,31.56,% total weight,3,,39,as is,,,,gainful,pass,,2026-07-17 19:03:59.432240,
(bd)6585,37,tomato pomace,106,22,proximate,ash,1.06,% total weight,2,,39,as is,,,,gainful,pass,,2026-07-17 19:03:59.432240,
(bd)88c2,37,tomato pomace,106,22,proximate,total solids,31.07,% total weight,2,,39,as is,,,,gainful,pass,,2026-07-17 19:03:59.432240,
(bd)a328,37,tomato pomace,106,22,proximate,ash,1.09,% total weight,3,,39,as is,,,,gainful,pass,,2026-07-17 19:03:59.432240,
(bd)ad61,37,tomato pomace,106,22,proximate,ash,1.05,% total weight,1,,39,as is,,,,gainful,pass,,2026-07-17 19:03:59.432240,
(bd)d518,37,tomato pomace,106,22,proximate,moisture,68.44,% total weight,3,,39,as is,,,,gainful,pass,,2026-07-17 19:03:59.432240,
(bd)d85b,37,tomato pomace,106,22,proximate,volatile solids,30.01,% total weight,2,,39,as is,,,,gainful,pass,,2026-07-17 19:03:59.432240,
(be)09db,32,olive pomace,178,21,proximate,total solids,27.95,% total weight,2,,39,as is,,,,excellent,pass,,2026-07-17 19:03:59.432240,
(be)0c30,32,olive pomace,178,21,proximate,ash,2.15,% total weight,3,,39,as is,,,,excellent,pass,,2026-07-17 19:03:59.432240,
(be)1570,4,corn stover whole,156,12,proximate,ash,11.01,% total weight,3,,38,knife mill (2mm),,,,possessive,pass,,2026-07-17 19:03:59.432240,
(be)28ae,4,corn stover whole,156,12,proximate,total solids,91.98,% total weight,2,,38,knife mill (2mm),,,,possessive,pass,,2026-07-17 19:03:59.432240,
(be)30c5,4,corn stover whole,156,12,proximate,ash,9.81,% total weight,1,,38,knife mill (2mm),,,,possessive,pass,,2026-07-17 19:03:59.432240,
(be)4edd,4,corn stover whole,156,12,proximate,moisture,7.93,% total weight,3,,38,knife mill (2mm),,,,possessive,pass,,2026-07-17 19:03:59.432240,
(be)5a90,32,olive pomace,178,21,proximate,volatile solids,25.79,% total weight,1,,39,as is,,,,excellent,pass,,2026-07-17 19:03:59.432240,
(be)5c5d,4,corn stover whole,156,12,proximate,volatile solids,81.06,% total weight,3,,38,knife mill (2mm),,,,possessive,pass,,2026-07-17 19:03:59.432240,
(be)5cf6,4,corn stover whole,156,12,proximate,total solids,92.07,% total weight,3,,38,knife mill (2mm),,,,possessive,pass,,2026-07-17 19:03:59.432240,
(be)72fa,32,olive pomace,178,21,proximate,volatile solids,25.87,% total weight,2,,39,as is,,,,excellent,pass,,2026-07-17 19:03:59.432240,
(be)848b,4,corn stover whole,156,12,proximate,volatile solids,82.26,% total weight,1,,38,knife mill (2mm),,,,possessive,pass,,2026-07-17 19:03:59.432240,
(be)91a5,32,olive pomace,178,21,proximate,ash,2.08,% total weight,2,,39,as is,,,,excellent,pass,,2026-07-17 19:03:59.432240,
(be)91d3,32,olive pomace,178,21,proximate,ash,2.09,% total weight,1,,39,as is,,,,excellent,pass,,2026-07-17 19:03:59.432240,
(be)b18d,4,corn stover whole,156,12,proximate,moisture,8.02,% total weight,2,,38,knife mill (2mm),,,,possessive,pass,,2026-07-17 19:03:59.432240,
(be)be17,32,olive pomace,178,21,proximate,moisture,72.12,% total weight,1,,39,as is,,,,excellent,pass,,2026-07-17 19:03:59.432240,
(be)c432,32,olive pomace,178,21,proximate,total solids,27.88,% total weight,1,,39,as is,,,,excellent,pass,,2026-07-17 19:03:59.432240,
(be)d5ca,4,corn stover whole,156,12,proximate,moisture,7.93,% total weight,1,,38,knife mill (2mm),,,,possessive,pass,,2026-07-17 19:03:59.432240,
(be)dadf,32,olive pomace,178,21,proximate,moisture,72.05,% total weight,2,,39,as is,,,,excellent,pass,,2026-07-17 19:03:59.432240,
(be)deb0,32,olive pomace,178,21,proximate,moisture,72.36,% total weight,3,,39,as is,,,,excellent,pass,,2026-07-17 19:03:59.432240,
(be)e2ee,4,corn stover whole,156,12,proximate,volatile solids,83.91,% total weight,2,,38,knife mill (2mm),,,,possessive,pass,,2026-07-17 19:03:59.432240,
(be)e487,4,corn stover whole,156,12,proximate,total solids,92.07,% total weight,1,,38,knife mill (2mm),,,,possessive,pass,,2026-07-17 19:03:59.432240,
(be)e5fc,32,olive pomace,178,21,proximate,volatile solids,25.49,% total weight,3,,39,as is,,,,excellent,pass,,2026-07-17 19:03:59.432240,
(be)fcd7,4,corn stover whole,156,12,proximate,ash,8.07,% total weight,2,,38,knife mill (2mm),,,,possessive,pass,,2026-07-17 19:03:59.432240,
(be)ff01,32,olive pomace,178,21,proximate,total solids,27.64,% total weight,3,,39,as is,,,,excellent,pass,,2026-07-17 19:03:59.432240,
(c1)0355,37,tomato pomace,104,22,proximate,total solids,19.99,% total weight,3,,39,as is,,,,pinecrest,pass,,2026-07-17 19:03:59.432240,
(c1)07d7,12,almond woodchips,54,4,proximate,total solids,91.41,% total weight,2,,38,knife mill (2mm),14.0,,xkang2@lbl.gov,popular,pass,,2026-07-17 19:03:59.432240,
(c1)0933,12,almond woodchips,54,5,proximate,total solids,95.56,% total weight,2,,38,knife mill (2mm),17.0,,pass,popular,pass,uc combined protocol,2026-07-17 19:03:59.432240,
(c1)0a99,12,almond woodchips,54,4,proximate,moisture,8.59,% total weight,2,,38,knife mill (2mm),14.0,,xkang2@lbl.gov,popular,pass,,2026-07-17 19:03:59.432240,
(c1)0aaf,12,almond woodchips,54,4,proximate,moisture,8.52,% total weight,1,,38,knife mill (2mm),14.0,,xkang2@lbl.gov,popular,pass,,2026-07-17 19:03:59.432240,
(c1)0f89,37,tomato pomace,104,22,proximate,ash,1.08,% total weight,3,,39,as is,,,,pinecrest,pass,,2026-07-17 19:03:59.432240,
(c1)0fbc,37,tomato pomace,104,22,proximate,moisture,80.01,% total weight,3,,39,as is,,,,pinecrest,pass,,2026-07-17 19:03:59.432240,
(c1)1c94,37,tomato pomace,104,22,proximate,total solids,20.37,% total weight,1,,39,as is,,,,pinecrest,pass,,2026-07-17 19:03:59.432240,
(c1)1d19,12,almond woodchips,54,4,proximate,ash,2.08,% total weight,2,,38,knife mill (2mm),14.0,,xkang2@lbl.gov,popular,pass,,2026-07-17 19:03:59.432240,
(c1)269e,12,almond woodchips,54,5,proximate,volatile solids,2.15,% total weight,3,,38,knife mill (2mm),17.0,,pass,popular,pass,uc combined protocol,2026-07-17 19:03:59.432240,
(c1)2d9c,12,almond woodchips,54,4,proximate,moisture,8.51,% total weight,3,,38,knife mill (2mm),14.0,,xkang2@lbl.gov,popular,pass,,2026-07-17 19:03:59.432240,
(c1)3aa5,12,almond woodchips,54,4,proximate,volatile solids,89.33,% total weight,1,,38,knife mill (2mm),14.0,,xkang2@lbl.gov,popular,pass,,2026-07-17 19:03:59.432240,
(c1)3b02,12,almond woodchips,54,5,proximate,total solids,95.63,% total weight,1,,38,knife mill (2mm),17.0,,pass,popular,pass,uc combined protocol,2026-07-17 19:03:59.432240,
(c1)49aa,12,almond woodchips,54,5,proximate,ash,2.07,% total weight,3,,38,knife mill (2mm),,,,popular,pass,uc combined protocol,2026-07-17 19:03:59.432240,
(c1)531c,12,almond woodchips,54,4,proximate,total solids,91.48,% total weight,1,,38,knife mill (2mm),14.0,,xkang2@lbl.gov,popular,pass,,2026-07-17 19:03:59.432240,
(c1)565f,12,almond woodchips,54,4,proximate,volatile solids,89.32,% total weight,3,,38,knife mill (2mm),14.0,,xkang2@lbl.gov,popular,pass,,2026-07-17 19:03:59.432240,
(c1)5a94,37,tomato pomace,104,22,proximate,volatile solids,18.92,% total weight,3,,39,as is,,,,pinecrest,pass,,2026-07-17 19:03:59.432240,
(c1)5ea9,12,almond woodchips,54,5,proximate,total solids,95.78,% total weight,3,,38,knife mill (2mm),17.0,,pass,popular,pass,uc combined protocol,2026-07-17 19:03:59.432240,
(c1)6548,37,tomato pomace,104,22,proximate,volatile solids,19.29,% total weight,1,,39,as is,,,,pinecrest,pass,,2026-07-17 19:03:59.432240,
(c1)6de6,12,almond woodchips,54,5,proximate,volatile solids,2.29,% total weight,2,,38,knife mill (2mm),17.0,,pass,popular,pass,uc combined protocol,2026-07-17 19:03:59.432240,
(c1)7d12,12,almond woodchips,54,5,proximate,ash,2.15,% total weight,1,,38,knife mill (2mm),,,,popular,pass,uc combined protocol,2026-07-17 19:03:59.432240,
(c1)9e66,12,almond woodchips,54,4,proximate,total solids,91.49,% total weight,3,,38,knife mill (2mm),14.0,,xkang2@lbl.gov,popular,pass,,2026-07-17 19:03:59.432240,
(c1)a373,37,tomato pomace,104,22,proximate,moisture,80.22,% total weight,2,,39,as is,,,,pinecrest,pass,,2026-07-17 19:03:59.432240,
(c1)bc11,37,tomato pomace,104,22,proximate,total solids,19.78,% total weight,2,,39,as is,,,,pinecrest,pass,,2026-07-17 19:03:59.432240,
(c1)bf44,37,tomato pomace,104,22,proximate,ash,1.07,% total weight,1,,39,as is,,,,pinecrest,pass,,2026-07-17 19:03:59.432240,
(c1)c0b8,12,almond woodchips,54,5,proximate,volatile solids,2.21,% total weight,1,,38,knife mill (2mm),17.0,,pass,popular,pass,uc combined protocol,2026-07-17 19:03:59.432240,
(c1)c692,37,tomato pomace,104,22,proximate,ash,1.04,% total weight,2,,39,as is,,,,pinecrest,pass,,2026-07-17 19:03:59.432240,
(c1)d3f4,37,tomato pomace,104,22,proximate,volatile solids,18.73,% total weight,2,,39,as is,,,,pinecrest,pass,,2026-07-17 19:03:59.432240,
(c1)db8b,12,almond woodchips,54,4,proximate,volatile solids,89.33,% total weight,2,,38,knife mill (2mm),14.0,,xkang2@lbl.gov,popular,pass,,2026-07-17 19:03:59.432240,
(c1)e0aa,12,almond woodchips,54,5,proximate,ash,2.16,% total weight,2,,38,knife mill (2mm),,,,popular,pass,uc combined protocol,2026-07-17 19:03:59.432240,
(c1)f2e1,37,tomato pomace,104,22,proximate,moisture,79.63,% total weight,1,,39,as is,,,,pinecrest,pass,,2026-07-17 19:03:59.432240,
(c1)f3bd,12,almond woodchips,54,4,proximate,ash,2.15,% total weight,1,,38,knife mill (2mm),14.0,,xkang2@lbl.gov,popular,pass,,2026-07-17 19:03:59.432240,
(c1)f82f,12,almond woodchips,54,5,proximate,moisture,3.1,% total weight,1,,38,knife mill (2mm),,,,popular,pass,uc combined protocol,2026-07-17 19:03:59.432240,
(c1)fd3d,12,almond woodchips,54,4,proximate,ash,2.17,% total weight,3,,38,knife mill (2mm),14.0,,xkang2@lbl.gov,popular,pass,,2026-07-17 19:03:59.432240,
(c4)0424,6,unused oak stick,29,5,proximate,moisture,1.9,% total weight,1,,38,knife mill (2mm),,,,maplewood,pass,uc combined protocol,2026-07-17 19:03:59.432240,
(c4)08a8,6,unused oak stick,29,5,proximate,volatile solids,10.8,% total weight,2,,38,knife mill (2mm),17.0,,pass,maplewood,pass,uc combined protocol,2026-07-17 19:03:59.432240,
(c4)29ca,6,unused oak stick,29,5,proximate,volatile solids,9.25,% total weight,1,,38,knife mill (2mm),17.0,,pass,maplewood,pass,uc combined protocol,2026-07-17 19:03:59.432240,
(c4)2c69,6,unused oak stick,29,11,proximate,ash,0.17,% total weight,2,,38,knife mill (2mm),14.0,,xkang2@lbl.gov,maplewood,pass,,2026-07-17 19:03:59.432240,
(c4)3411,6,unused oak stick,29,5,proximate,total solids,89.99,% total weight,3,,38,knife mill (2mm),17.0,,pass,maplewood,pass,uc combined protocol,2026-07-17 19:03:59.432240,
(c4)370c,6,unused oak stick,29,11,proximate,moisture,1.35,% total weight,3,,38,knife mill (2mm),14.0,,xkang2@lbl.gov,maplewood,pass,,2026-07-17 19:03:59.432240,
(c4)3d57,6,unused oak stick,29,5,proximate,ash,0.21,% total weight,3,,38,knife mill (2mm),,,,maplewood,pass,uc combined protocol,2026-07-17 19:03:59.432240,
(c4)48ba,6,unused oak stick,29,5,proximate,volatile solids,9.8,% total weight,3,,38,knife mill (2mm),17.0,,pass,maplewood,pass,uc combined protocol,2026-07-17 19:03:59.432240,
(c4)4fd8,6,unused oak stick,29,5,proximate,ash,0.13,% total weight,2,,38,knife mill (2mm),,,,maplewood,pass,uc combined protocol,2026-07-17 19:03:59.432240,
(c4)654a,6,unused oak stick,29,11,proximate,moisture,1.44,% total weight,2,,38,knife mill (2mm),14.0,,xkang2@lbl.gov,maplewood,pass,,2026-07-17 19:03:59.432240,
(c4)7906,6,unused oak stick,29,11,proximate,moisture,1.43,% total weight,1,,38,knife mill (2mm),14.0,,xkang2@lbl.gov,maplewood,pass,,2026-07-17 19:03:59.432240,
(c4)821f,6,unused oak stick,29,5,proximate,total solids,89.06,% total weight,2,,38,knife mill (2mm),17.0,,pass,maplewood,pass,uc combined protocol,2026-07-17 19:03:59.432240,
(c4)8229,6,unused oak stick,29,11,proximate,volatile solids,98.62,% total weight,3,,38,knife mill (2mm),14.0,,xkang2@lbl.gov,maplewood,pass,,2026-07-17 19:03:59.432240,
(c4)95d4,6,unused oak stick,29,11,proximate,total solids,98.65,% total weight,3,,38,knife mill (2mm),14.0,,xkang2@lbl.gov,maplewood,pass,,2026-07-17 19:03:59.432240,
(c4)aa4e,6,unused oak stick,29,5,proximate,total solids,90.61,% total weight,1,,38,knife mill (2mm),17.0,,pass,maplewood,pass,uc combined protocol,2026-07-17 19:03:59.432240,
(c4)af5d,6,unused oak stick,29,5,proximate,ash,0.14,% total weight,1,,38,knife mill (2mm),,,,maplewood,pass,uc combined protocol,2026-07-17 19:03:59.432240,
(c4)bed1,6,unused oak stick,29,11,proximate,total solids,98.56,% total weight,2,,38,knife mill (2mm),14.0,,xkang2@lbl.gov,maplewood,pass,,2026-07-17 19:03:59.432240,
(c4)c0c2,6,unused oak stick,29,11,proximate,volatile solids,98.39,% total weight,2,,38,knife mill (2mm),14.0,,xkang2@lbl.gov,maplewood,pass,,2026-07-17 19:03:59.432240,
(c4)db74,6,unused oak stick,29,11,proximate,total solids,98.57,% total weight,1,,38,knife mill (2mm),14.0,,xkang2@lbl.gov,maplewood,pass,,2026-07-17 19:03:59.432240,
(c4)eab8,6,unused oak stick,29,11,proximate,volatile solids,98.54,% total weight,1,,38,knife mill (2mm),14.0,,xkang2@lbl.gov,maplewood,pass,,2026-07-17 19:03:59.432240,
(c4)f2e8,6,unused oak stick,29,11,proximate,ash,0.03,% total weight,1,,38,knife mill (2mm),14.0,,xkang2@lbl.gov,maplewood,pass,,2026-07-17 19:03:59.432240,
(c4)fce1,6,unused oak stick,29,11,proximate,ash,0.03,% total weight,3,,38,knife mill (2mm),14.0,,xkang2@lbl.gov,maplewood,pass,,2026-07-17 19:03:59.432240,
(c5)03cc,26,spent oak chips,27,11,proximate,moisture,10.4,% total weight,3,,38,knife mill (2mm),14.0,,xkang2@lbl.gov,maplewood,pass,,2026-07-17 19:03:59.432240,
(c5)1f33,26,spent oak chips,27,11,proximate,moisture,10.79,% total weight,2,,38,knife mill (2mm),14.0,,xkang2@lbl.gov,maplewood,pass,,2026-07-17 19:03:59.432240,
(c5)24ec,26,spent oak chips,27,11,proximate,total solids,89.21,% total weight,2,,38,knife mill (2mm),14.0,,xkang2@lbl.gov,maplewood,pass,,2026-07-17 19:03:59.432240,
(c5)256d,26,spent oak chips,27,5,proximate,total solids,94.83,% total weight,2,,38,knife mill (2mm),17.0,,pass,maplewood,pass,uc combined protocol,2026-07-17 19:03:59.432240,
(c5)25fb,26,spent oak chips,27,5,proximate,ash,0.65,% total weight,2,,38,knife mill (2mm),,,,maplewood,pass,uc combined protocol,2026-07-17 19:03:59.432240,
(c5)2aba,26,spent oak chips,27,11,proximate,ash,0.59,% total weight,2,,38,knife mill (2mm),14.0,,xkang2@lbl.gov,maplewood,pass,,2026-07-17 19:03:59.432240,
(c5)3797,26,spent oak chips,27,5,proximate,moisture,2.45,% total weight,1,,38,knife mill (2mm),,,,maplewood,pass,uc combined protocol,2026-07-17 19:03:59.432240,
(c5)38cf,26,spent oak chips,27,11,proximate,volatile solids,88.62,% total weight,2,,38,knife mill (2mm),14.0,,xkang2@lbl.gov,maplewood,pass,,2026-07-17 19:03:59.432240,
(c5)4f3a,26,spent oak chips,27,11,proximate,ash,0.6,% total weight,3,,38,knife mill (2mm),14.0,,xkang2@lbl.gov,maplewood,pass,,2026-07-17 19:03:59.432240,
(c5)8d66,26,spent oak chips,27,11,proximate,total solids,90.12,% total weight,1,,38,knife mill (2mm),14.0,,xkang2@lbl.gov,maplewood,pass,,2026-07-17 19:03:59.432240,
(c5)92ea,26,spent oak chips,27,5,proximate,volatile solids,2.08,% total weight,1,,38,knife mill (2mm),17.0,,pass,maplewood,pass,uc combined protocol,2026-07-17 19:03:59.432240,
(c5)954b,26,spent oak chips,27,11,proximate,volatile solids,89.0,% total weight,3,,38,knife mill (2mm),14.0,,xkang2@lbl.gov,maplewood,pass,,2026-07-17 19:03:59.432240,
(c5)a54b,26,spent oak chips,27,5,proximate,volatile solids,4.52,% total weight,2,,38,knife mill (2mm),17.0,,pass,maplewood,pass,uc combined protocol,2026-07-17 19:03:59.432240,
(c5)c7bb,26,spent oak chips,27,5,proximate,volatile solids,3.98,% total weight,3,,38,knife mill (2mm),17.0,,pass,maplewood,pass,uc combined protocol,2026-07-17 19:03:59.432240,
(c5)cbce,26,spent oak chips,27,5,proximate,total solids,97.43,% total weight,1,,38,knife mill (2mm),17.0,,pass,maplewood,pass,uc combined protocol,2026-07-17 19:03:59.432240,
(c5)cff6,26,spent oak chips,27,11,proximate,total solids,89.6,% total weight,3,,38,knife mill (2mm),14.0,,xkang2@lbl.gov,maplewood,pass,,2026-07-17 19:03:59.432240,
(c5)d04b,26,spent oak chips,27,11,proximate,volatile solids,89.52,% total weight,1,,38,knife mill (2mm),14.0,,xkang2@lbl.gov,maplewood,pass,,2026-07-17 19:03:59.432240,
(c5)d156,26,spent oak chips,27,5,proximate,ash,0.5,% total weight,1,,38,knife mill (2mm),,,,maplewood,pass,uc combined protocol,2026-07-17 19:03:59.432240,
(c5)d419,26,spent oak chips,27,5,proximate,total solids,95.43,% total weight,3,,38,knife mill (2mm),17.0,,pass,maplewood,pass,uc combined protocol,2026-07-17 19:03:59.432240,
(c5)e0f8,26,spent oak chips,27,11,proximate,ash,0.6,% total weight,1,,38,knife mill (2mm),14.0,,xkang2@lbl.gov,maplewood,pass,,2026-07-17 19:03:59.432240,
(c5)e77c,26,spent oak chips,27,5,proximate,ash,0.59,% total weight,3,,38,knife mill (2mm),,,,maplewood,pass,uc combined protocol,2026-07-17 19:03:59.432240,
(c5)f394,26,spent oak chips,27,11,proximate,moisture,9.88,% total weight,1,,38,knife mill (2mm),14.0,,xkang2@lbl.gov,maplewood,pass,,2026-07-17 19:03:59.432240,
(c7)0c5a,35,almond branches,53,5,proximate,total solids,92.81,% total weight,1,,38,knife mill (2mm),17.0,,pass,vibrant,pass,uc combined protocol,2026-07-17 19:03:59.432240,
(c7)360c,35,almond branches,53,5,proximate,total solids,93.03,% total weight,2,,38,knife mill (2mm),17.0,,pass,vibrant,pass,uc combined protocol,2026-07-17 19:03:59.432240,
(c7)67ba,35,almond branches,53,5,proximate,volatile solids,3.56,% total weight,3,,38,knife mill (2mm),17.0,,pass,vibrant,pass,uc combined protocol,2026-07-17 19:03:59.432240,
(c7)7b5b,35,almond branches,53,5,proximate,moisture,4.25,% total weight,1,,38,knife mill (2mm),,,,vibrant,pass,uc combined protocol,2026-07-17 19:03:59.432240,
(c7)8704,35,almond branches,53,5,proximate,volatile solids,3.84,% total weight,1,,38,knife mill (2mm),17.0,,pass,vibrant,pass,uc combined protocol,2026-07-17 19:03:59.432240,
(c7)9da6,35,almond branches,53,5,proximate,total solids,93.3,% total weight,3,,38,knife mill (2mm),17.0,,pass,vibrant,pass,uc combined protocol,2026-07-17 19:03:59.432240,
(c7)af57,35,almond branches,53,5,proximate,ash,3.28,% total weight,2,,38,knife mill (2mm),,,,vibrant,pass,uc combined protocol,2026-07-17 19:03:59.432240,
(c7)b27e,35,almond branches,53,5,proximate,volatile solids,3.69,% total weight,2,,38,knife mill (2mm),17.0,,pass,vibrant,pass,uc combined protocol,2026-07-17 19:03:59.432240,
(c7)b66b,35,almond branches,53,5,proximate,ash,3.34,% total weight,1,,38,knife mill (2mm),,,,vibrant,pass,uc combined protocol,2026-07-17 19:03:59.432240,
(c7)b6cf,35,almond branches,53,5,proximate,ash,3.14,% total weight,3,,38,knife mill (2mm),,,,vibrant,pass,uc combined protocol,2026-07-17 19:03:59.432240,
(ca)1450,27,rice straw,155,12,proximate,total solids,91.95,% total weight,2,,38,knife mill (2mm),,,,possessive,pass,,2026-07-17 19:03:59.432240,
(ca)15f5,27,rice straw,155,12,proximate,moisture,8.14,% total weight,1,,38,knife mill (2mm),,,,possessive,pass,,2026-07-17 19:03:59.432240,
(ca)3d4f,27,rice straw,155,12,proximate,volatile solids,78.88,% total weight,2,,38,knife mill (2mm),,,,possessive,pass,,2026-07-17 19:03:59.432240,
(ca)3f5f,27,rice straw,155,12,proximate,volatile solids,78.99,% total weight,1,,38,knife mill (2mm),,,,possessive,pass,,2026-07-17 19:03:59.432240,
(ca)44a4,27,rice straw,155,12,proximate,ash,12.86,% total weight,1,,38,knife mill (2mm),,,,possessive,pass,,2026-07-17 19:03:59.432240,
(ca)71a9,27,rice straw,155,12,proximate,ash,13.07,% total weight,2,,38,knife mill (2mm),,,,possessive,pass,,2026-07-17 19:03:59.432240,
(ca)7d3d,27,rice straw,155,12,proximate,ash,12.9,% total weight,3,,38,knife mill (2mm),,,,possessive,pass,,2026-07-17 19:03:59.432240,
(ca)c48a,27,rice straw,155,12,proximate,total solids,92.15,% total weight,3,,38,knife mill (2mm),,,,possessive,pass,,2026-07-17 19:03:59.432240,
(ca)defa,27,rice straw,155,12,proximate,moisture,8.05,% total weight,2,,38,knife mill (2mm),,,,possessive,pass,,2026-07-17 19:03:59.432240,
(ca)e58e,27,rice straw,155,12,proximate,volatile solids,79.25,% total weight,3,,38,knife mill (2mm),,,,possessive,pass,,2026-07-17 19:03:59.432240,
(ca)e6df,27,rice straw,155,12,proximate,total solids,91.86,% total weight,1,,38,knife mill (2mm),,,,possessive,pass,,2026-07-17 19:03:59.432240,
(ca)fd00,27,rice straw,155,12,proximate,moisture,7.85,% total weight,3,,38,knife mill (2mm),,,,possessive,pass,,2026-07-17 19:03:59.432240,
(ce)119d,10,cotton stem mix,157,12,proximate,volatile solids,87.28,% total weight,2,,38,knife mill (2mm),,,,schooner,pass,,2026-07-17 19:03:59.432240,
(ce)1611,10,cotton stem mix,157,12,proximate,total solids,95.14,% total weight,1,,38,knife mill (2mm),,,,schooner,pass,,2026-07-17 19:03:59.432240,
(ce)5cd7,10,cotton stem mix,157,12,proximate,ash,7.82,% total weight,1,,38,knife mill (2mm),,,,schooner,pass,,2026-07-17 19:03:59.432240,
(ce)6f27,10,cotton stem mix,157,12,proximate,ash,7.74,% total weight,2,,38,knife mill (2mm),,,,schooner,pass,,2026-07-17 19:03:59.432240,
(ce)7d13,10,cotton stem mix,157,12,proximate,moisture,4.86,% total weight,1,,38,knife mill (2mm),,,,schooner,pass,,2026-07-17 19:03:59.432240,
(ce)99bc,10,cotton stem mix,157,12,proximate,total solids,95.03,% total weight,2,,38,knife mill (2mm),,,,schooner,pass,,2026-07-17 19:03:59.432240,
(ce)b1b4,10,cotton stem mix,157,12,proximate,moisture,4.97,% total weight,2,,38,knife mill (2mm),,,,schooner,pass,,2026-07-17 19:03:59.432240,
(ce)b9eb,10,cotton stem mix,157,12,proximate,ash,7.82,% total weight,3,,38,knife mill (2mm),,,,schooner,pass,,2026-07-17 19:03:59.432240,
(ce)c5f7,10,cotton stem mix,157,12,proximate,volatile solids,87.31,% total weight,1,,38,knife mill (2mm),,,,schooner,pass,,2026-07-17 19:03:59.432240,
(ce)c910,10,cotton stem mix,157,12,proximate,volatile solids,87.23,% total weight,3,,38,knife mill (2mm),,,,schooner,pass,,2026-07-17 19:03:59.432240,
(ce)e2ab,10,cotton stem mix,157,12,proximate,moisture,4.95,% total weight,3,,38,knife mill (2mm),,,,schooner,pass,,2026-07-17 19:03:59.432240,
(ce)f609,10,cotton stem mix,157,12,proximate,total solids,95.05,% total weight,3,,38,knife mill (2mm),,,,schooner,pass,,2026-07-17 19:03:59.432240,
(d0)074b,22,walnut tree sticks,224,19,proximate,ash,2.7,% total weight,3,,37,chipper (1in) + knife mill (2mm),17.0,,pass,badger,pass,https://docs.google.com/spreadsheets/d/1elqjbsy8pjasg8mwkhlqgbdzldr34wem/edit?gid=396354422#gid=396354439,2026-07-17 19:03:59.432240,
(d0)0c4a,37,tomato pomace,97,7,proximate,ash,2.58,% total weight,2,,33,oven dry + knife mill (2mm),,,,gossamer,fail,sample is oven dried which renders it meaningless for moisture and hence calculating %total,2026-07-17 19:03:59.432240,
(d0)1a87,37,tomato pomace,97,7,proximate,volatile solids,96.2,% total weight,2,,33,oven dry + knife mill (2mm),,,,gossamer,fail,sample is oven dried which renders it meaningless for moisture and hence calculating %total,2026-07-17 19:03:59.432240,
(d0)29b6,37,tomato pomace,97,7,proximate,moisture,1.21,% total weight,1,,33,oven dry + knife mill (2mm),,,,gossamer,fail,sample is oven dried which renders it meaningless for moisture and hence calculating %total,2026-07-17 19:03:59.432240,
(d0)2b08,23,grape pomace,120,13,proximate,total solids,48.14,% total weight,3,,39,as is,,,,rigging,pass,,2026-07-17 19:03:59.432240,
(d0)4f8b,22,walnut tree sticks,224,19,proximate,ash,2.75,% total weight,2,,37,chipper (1in) + knife mill (2mm),17.0,,pass,badger,pass,https://docs.google.com/spreadsheets/d/1elqjbsy8pjasg8mwkhlqgbdzldr34wem/edit?gid=396354422#gid=396354438,2026-07-17 19:03:59.432240,
(d0)58a2,23,grape pomace,120,13,proximate,volatile solids,46.75,% total weight,1,,39,as is,,,,rigging,pass,,2026-07-17 19:03:59.432240,
(d0)618a,23,grape pomace,120,13,proximate,ash,2.78,% total weight,2,,39,as is,,,,rigging,pass,,2026-07-17 19:03:59.432240,
(d0)6928,23,grape pomace,120,13,proximate,ash,1.85,% total weight,1,,39,as is,,,,rigging,pass,,2026-07-17 19:03:59.432240,
(d0)6f72,22,walnut tree sticks,224,19,proximate,ash,2.61,% total weight,1,,37,chipper (1in) + knife mill (2mm),17.0,,pass,badger,pass,https://docs.google.com/spreadsheets/d/1elqjbsy8pjasg8mwkhlqgbdzldr34wem/edit?gid=396354422#gid=396354437,2026-07-17 19:03:59.432240,
(d0)78a2,22,walnut tree sticks,224,19,proximate,volatile solids,59.87,% total weight,2,,37,chipper (1in) + knife mill (2mm),17.0,,pass,badger,pass,https://docs.google.com/spreadsheets/d/1elqjbsy8pjasg8mwkhlqgbdzldr34wem/edit?gid=396354422#gid=396354462,2026-07-17 19:03:59.432240,
(d0)7fa3,37,tomato pomace,97,7,proximate,moisture,1.11,% total weight,3,,33,oven dry + knife mill (2mm),,,,gossamer,fail,sample is oven dried which renders it meaningless for moisture and hence calculating %total,2026-07-17 19:03:59.432240,
(d0)8476,37,tomato pomace,97,7,proximate,volatile solids,96.32,% total weight,1,,33,oven dry + knife mill (2mm),,,,gossamer,fail,sample is oven dried which renders it meaningless for moisture and hence calculating %total,2026-07-17 19:03:59.432240,
(d0)84cc,23,grape pomace,120,13,proximate,volatile solids,46.62,% total weight,3,,39,as is,,,,rigging,pass,,2026-07-17 19:03:59.432240,
(d0)8aa8,37,tomato pomace,97,7,proximate,moisture,1.22,% total weight,2,,33,oven dry + knife mill (2mm),,,,gossamer,fail,sample is oven dried which renders it meaningless for moisture and hence calculating %total,2026-07-17 19:03:59.432240,
(d0)9253,37,tomato pomace,97,7,proximate,volatile solids,96.63,% total weight,3,,33,oven dry + knife mill (2mm),,,,gossamer,fail,sample is oven dried which renders it meaningless for moisture and hence calculating %total,2026-07-17 19:03:59.432240,
(d0)9372,22,walnut tree sticks,224,19,proximate,moisture,37.38,% total weight,2,,37,chipper (1in) + knife mill (2mm),17.0,,pass,badger,pass,https://docs.google.com/spreadsheets/d/1elqjbsy8pjasg8mwkhlqgbdzldr34wem/edit?gid=396354422#gid=396354426,2026-07-17 19:03:59.432240,
(d0)93ea,23,grape pomace,120,13,proximate,moisture,51.86,% total weight,3,,39,as is,,,,rigging,pass,,2026-07-17 19:03:59.432240,
(d0)9423,22,walnut tree sticks,224,19,proximate,total solids,62.38,% total weight,3,,37,chipper (1in) + knife mill (2mm),17.0,,pass,badger,pass,https://docs.google.com/spreadsheets/d/1elqjbsy8pjasg8mwkhlqgbdzldr34wem/edit?gid=396354422#gid=396354451,2026-07-17 19:03:59.432240,
(d0)95a6,23,grape pomace,120,13,proximate,moisture,51.4,% total weight,1,,39,as is,,,,rigging,pass,,2026-07-17 19:03:59.432240,
(d0)9631,37,tomato pomace,97,7,proximate,ash,2.47,% total weight,1,,33,oven dry + knife mill (2mm),,,,gossamer,fail,sample is oven dried which renders it meaningless for moisture and hence calculating %total,2026-07-17 19:03:59.432240,
(d0)aa62,37,tomato pomace,97,7,proximate,total solids,98.79,% total weight,1,,33,oven dry + knife mill (2mm),,,,gossamer,fail,sample is oven dried which renders it meaningless for moisture and hence calculating %total,2026-07-17 19:03:59.432240,
(d0)afc7,23,grape pomace,120,13,proximate,moisture,47.95,% total weight,2,,39,as is,,,,rigging,pass,,2026-07-17 19:03:59.432240,
(d0)b1ac,37,tomato pomace,97,7,proximate,total solids,98.89,% total weight,3,,33,oven dry + knife mill (2mm),,,,gossamer,fail,sample is oven dried which renders it meaningless for moisture and hence calculating %total,2026-07-17 19:03:59.432240,
(d0)b82a,23,grape pomace,120,13,proximate,total solids,48.6,% total weight,1,,39,as is,,,,rigging,pass,,2026-07-17 19:03:59.432240,
(d0)c43e,23,grape pomace,120,13,proximate,ash,1.52,% total weight,3,,39,as is,,,,rigging,pass,,2026-07-17 19:03:59.432240,
(d0)c6ba,37,tomato pomace,97,7,proximate,total solids,98.78,% total weight,2,,33,oven dry + knife mill (2mm),,,,gossamer,fail,sample is oven dried which renders it meaningless for moisture and hence calculating %total,2026-07-17 19:03:59.432240,
(d0)ccf4,22,walnut tree sticks,224,19,proximate,total solids,59.68,% total weight,1,,37,chipper (1in) + knife mill (2mm),17.0,,pass,badger,pass,https://docs.google.com/spreadsheets/d/1elqjbsy8pjasg8mwkhlqgbdzldr34wem/edit?gid=396354422#gid=396354449,2026-07-17 19:03:59.432240,
(d0)cf11,23,grape pomace,120,13,proximate,volatile solids,49.27,% total weight,2,,39,as is,,,,rigging,pass,,2026-07-17 19:03:59.432240,
(d0)d325,22,walnut tree sticks,224,19,proximate,total solids,62.62,% total weight,2,,37,chipper (1in) + knife mill (2mm),17.0,,pass,badger,pass,https://docs.google.com/spreadsheets/d/1elqjbsy8pjasg8mwkhlqgbdzldr34wem/edit?gid=396354422#gid=396354450,2026-07-17 19:03:59.432240,
(d0)d9f7,37,tomato pomace,97,7,proximate,ash,2.26,% total weight,3,,33,oven dry + knife mill (2mm),,,,gossamer,fail,sample is oven dried which renders it meaningless for moisture and hence calculating %total,2026-07-17 19:03:59.432240,
(d0)e8f8,22,walnut tree sticks,224,19,proximate,volatile solids,57.07,% total weight,1,,37,chipper (1in) + knife mill (2mm),17.0,,pass,badger,pass,https://docs.google.com/spreadsheets/d/1elqjbsy8pjasg8mwkhlqgbdzldr34wem/edit?gid=396354422#gid=396354461,2026-07-17 19:03:59.432240,
(d0)eae5,23,grape pomace,120,13,proximate,total solids,52.05,% total weight,2,,39,as is,,,,rigging,pass,,2026-07-17 19:03:59.432240,
(d0)eb1f,22,walnut tree sticks,224,19,proximate,volatile solids,59.68,% total weight,3,,37,chipper (1in) + knife mill (2mm),17.0,,pass,badger,pass,https://docs.google.com/spreadsheets/d/1elqjbsy8pjasg8mwkhlqgbdzldr34wem/edit?gid=396354422#gid=396354463,2026-07-17 19:03:59.432240,
(d0)f364,22,walnut tree sticks,224,19,proximate,moisture,40.32,% total weight,1,,37,chipper (1in) + knife mill (2mm),17.0,,pass,badger,pass,https://docs.google.com/spreadsheets/d/1elqjbsy8pjasg8mwkhlqgbdzldr34wem/edit?gid=396354422#gid=396354425,2026-07-17 19:03:59.432240,
(d0)fe39,22,walnut tree sticks,224,19,proximate,moisture,37.62,% total weight,3,,37,chipper (1in) + knife mill (2mm),17.0,,pass,badger,pass,https://docs.google.com/spreadsheets/d/1elqjbsy8pjasg8mwkhlqgbdzldr34wem/edit?gid=396354422#gid=396354427,2026-07-17 19:03:59.432240,
(d2)032d,1,spent yeast,24,17,proximate,moisture,58.87,% total weight,2,,39,as is,14.0,,xkang2@lbl.gov,maplewood,pass,,2026-07-17 19:03:59.432240,
(d2)0450,37,tomato pomace,105,22,proximate,total solids,49.22,% total weight,3,,39,as is,,,,gossamer,pass,,2026-07-17 19:03:59.432240,
(d2)0e21,1,spent yeast,24,17,proximate,volatile solids,30.44,% total weight,1,,39,as is,14.0,,xkang2@lbl.gov,maplewood,pass,,2026-07-17 19:03:59.432240,
(d2)16b1,37,tomato pomace,105,22,proximate,volatile solids,47.85,% total weight,3,,39,as is,,,,gossamer,pass,,2026-07-17 19:03:59.432240,
(d2)225e,37,tomato pomace,105,22,proximate,volatile solids,47.79,% total weight,2,,39,as is,,,,gossamer,pass,,2026-07-17 19:03:59.432240,
(d2)2413,37,tomato pomace,105,22,proximate,moisture,50.48,% total weight,1,,39,as is,,,,gossamer,pass,,2026-07-17 19:03:59.432240,
(d2)272c,37,tomato pomace,105,22,proximate,moisture,50.78,% total weight,3,,39,as is,,,,gossamer,pass,,2026-07-17 19:03:59.432240,
(d2)3cb3,1,spent yeast,24,17,proximate,total solids,41.0,% total weight,3,,39,as is,14.0,,xkang2@lbl.gov,maplewood,pass,,2026-07-17 19:03:59.432240,
(d2)5b08,1,spent yeast,24,17,proximate,moisture,59.0,% total weight,3,,39,as is,14.0,,xkang2@lbl.gov,maplewood,pass,,2026-07-17 19:03:59.432240,
(d2)6530,37,tomato pomace,105,22,proximate,ash,1.35,% total weight,1,,39,as is,,,,gossamer,pass,,2026-07-17 19:03:59.432240,
(d2)7baf,37,tomato pomace,105,22,proximate,total solids,49.17,% total weight,2,,39,as is,,,,gossamer,pass,,2026-07-17 19:03:59.432240,
(d2)7df7,1,spent yeast,24,17,proximate,ash,10.37,% total weight,1,,39,as is,14.0,,xkang2@lbl.gov,maplewood,pass,,2026-07-17 19:03:59.432240,
(d2)80fc,1,spent yeast,24,17,proximate,total solids,41.13,% total weight,2,,39,as is,14.0,,xkang2@lbl.gov,maplewood,pass,,2026-07-17 19:03:59.432240,
(d2)8f44,1,spent yeast,24,17,proximate,total solids,40.81,% total weight,1,,39,as is,14.0,,xkang2@lbl.gov,maplewood,pass,,2026-07-17 19:03:59.432240,
(d2)96cd,37,tomato pomace,105,22,proximate,ash,1.38,% total weight,3,,39,as is,,,,gossamer,pass,,2026-07-17 19:03:59.432240,
(d2)a988,1,spent yeast,24,17,proximate,ash,9.81,% total weight,3,,39,as is,14.0,,xkang2@lbl.gov,maplewood,pass,,2026-07-17 19:03:59.432240,
(d2)b4e2,1,spent yeast,24,17,proximate,volatile solids,31.2,% total weight,3,,39,as is,14.0,,xkang2@lbl.gov,maplewood,pass,,2026-07-17 19:03:59.432240,
(d2)bd25,37,tomato pomace,105,22,proximate,volatile solids,48.17,% total weight,1,,39,as is,,,,gossamer,pass,,2026-07-17 19:03:59.432240,
(d2)bfe9,1,spent yeast,24,17,proximate,ash,9.73,% total weight,2,,39,as is,14.0,,xkang2@lbl.gov,maplewood,pass,,2026-07-17 19:03:59.432240,
(d2)d40c,37,tomato pomace,105,22,proximate,total solids,49.52,% total weight,1,,39,as is,,,,gossamer,pass,,2026-07-17 19:03:59.432240,
(d2)dc17,1,spent yeast,24,17,proximate,moisture,59.19,% total weight,1,,39,as is,14.0,,xkang2@lbl.gov,maplewood,pass,,2026-07-17 19:03:59.432240,
(d2)e469,37,tomato pomace,105,22,proximate,ash,1.37,% total weight,2,,39,as is,,,,gossamer,pass,,2026-07-17 19:03:59.432240,
(d2)ea45,1,spent yeast,24,17,proximate,volatile solids,31.4,% total weight,2,,39,as is,14.0,,xkang2@lbl.gov,maplewood,pass,,2026-07-17 19:03:59.432240,
(d2)ec13,37,tomato pomace,105,22,proximate,moisture,50.83,% total weight,2,,39,as is,,,,gossamer,pass,,2026-07-17 19:03:59.432240,
(d9)3bd6,7,sargassum,75,16,proximate,volatile solids,10.44,% total weight,3,,39,as is,14.0,,xkang2@lbl.gov,hairpin,pass,,2026-07-17 19:03:59.432240,
(d9)4098,7,sargassum,75,16,proximate,ash,8.71,% total weight,3,,39,as is,14.0,,xkang2@lbl.gov,hairpin,pass,,2026-07-17 19:03:59.432240,
(d9)5c9f,7,sargassum,75,16,proximate,moisture,79.79,% total weight,1,,39,as is,14.0,,xkang2@lbl.gov,hairpin,pass,,2026-07-17 19:03:59.432240,
(d9)6b1f,7,sargassum,75,16,proximate,total solids,20.21,% total weight,1,,39,as is,14.0,,xkang2@lbl.gov,hairpin,pass,,2026-07-17 19:03:59.432240,
(d9)8120,7,sargassum,75,16,proximate,total solids,19.15,% total weight,3,,39,as is,14.0,,xkang2@lbl.gov,hairpin,pass,,2026-07-17 19:03:59.432240,
(d9)a817,7,sargassum,75,16,proximate,volatile solids,10.77,% total weight,1,,39,as is,14.0,,xkang2@lbl.gov,hairpin,pass,,2026-07-17 19:03:59.432240,
(d9)ad79,7,sargassum,75,16,proximate,ash,8.11,% total weight,2,,39,as is,14.0,,xkang2@lbl.gov,hairpin,pass,,2026-07-17 19:03:59.432240,
(d9)b18a,7,sargassum,75,16,proximate,volatile solids,9.75,% total weight,2,,39,as is,14.0,,xkang2@lbl.gov,hairpin,pass,,2026-07-17 19:03:59.432240,
(d9)b75c,7,sargassum,75,16,proximate,moisture,82.14,% total weight,2,,39,as is,14.0,,xkang2@lbl.gov,hairpin,pass,,2026-07-17 19:03:59.432240,
(d9)bcd7,7,sargassum,75,16,proximate,moisture,80.85,% total weight,3,,39,as is,14.0,,xkang2@lbl.gov,hairpin,pass,,2026-07-17 19:03:59.432240,
(d9)cef0,7,sargassum,75,16,proximate,total solids,17.86,% total weight,2,,39,as is,14.0,,xkang2@lbl.gov,hairpin,pass,,2026-07-17 19:03:59.432240,
(d9)d83b,7,sargassum,75,16,proximate,ash,9.44,% total weight,1,,39,as is,14.0,,xkang2@lbl.gov,hairpin,pass,,2026-07-17 19:03:59.432240,
(da)026e,3,pistachio shells,153,12,proximate,total solids,91.23,% total weight,3,,38,knife mill (2mm),,,,tripod,pass,,2026-07-17 19:03:59.432240,
(da)0ac2,20,wheat straw,82,24,proximate,moisture,5.68,% total weight,3,,38,knife mill (2mm),14.0,,xkang2@lbl.gov,wardrobe,pass,,2026-07-17 19:03:59.432240,
(da)0c37,3,pistachio shells,153,12,proximate,total solids,91.24,% total weight,1,,38,knife mill (2mm),,,,tripod,pass,,2026-07-17 19:03:59.432240,
(da)1ee5,20,wheat straw,82,24,proximate,volatile solids,83.02,% total weight,3,,38,knife mill (2mm),14.0,,xkang2@lbl.gov,wardrobe,pass,,2026-07-17 19:03:59.432240,
(da)2c9e,3,pistachio shells,153,12,proximate,ash,0.66,% total weight,2,,38,knife mill (2mm),,,,tripod,pass,,2026-07-17 19:03:59.432240,
(da)49d3,20,wheat straw,82,24,proximate,ash,11.31,% total weight,3,,38,knife mill (2mm),14.0,,xkang2@lbl.gov,wardrobe,pass,,2026-07-17 19:03:59.432240,
(da)55c3,3,pistachio shells,153,12,proximate,moisture,8.74,% total weight,2,,38,knife mill (2mm),,,,tripod,pass,,2026-07-17 19:03:59.432240,
(da)5933,3,pistachio shells,153,12,proximate,moisture,8.77,% total weight,3,,38,knife mill (2mm),,,,tripod,pass,,2026-07-17 19:03:59.432240,
(da)5b54,20,wheat straw,82,24,proximate,volatile solids,82.85,% total weight,1,,38,knife mill (2mm),14.0,,xkang2@lbl.gov,wardrobe,pass,,2026-07-17 19:03:59.432240,
(da)62b6,20,wheat straw,82,24,proximate,total solids,94.12,% total weight,1,,38,knife mill (2mm),14.0,,xkang2@lbl.gov,wardrobe,pass,,2026-07-17 19:03:59.432240,
(da)66a0,20,wheat straw,82,24,proximate,moisture,5.31,% total weight,2,,38,knife mill (2mm),14.0,,xkang2@lbl.gov,wardrobe,pass,,2026-07-17 19:03:59.432240,
(da)6c4d,3,pistachio shells,153,12,proximate,moisture,8.76,% total weight,1,,38,knife mill (2mm),,,,tripod,pass,,2026-07-17 19:03:59.432240,
(da)74a7,20,wheat straw,82,24,proximate,ash,11.27,% total weight,1,,38,knife mill (2mm),14.0,,xkang2@lbl.gov,wardrobe,pass,,2026-07-17 19:03:59.432240,
(da)798b,20,wheat straw,82,24,proximate,total solids,94.32,% total weight,3,,38,knife mill (2mm),14.0,,xkang2@lbl.gov,wardrobe,pass,,2026-07-17 19:03:59.432240,
(da)8740,3,pistachio shells,153,12,proximate,total solids,91.26,% total weight,2,,38,knife mill (2mm),,,,tripod,pass,,2026-07-17 19:03:59.432240,
(da)8a0c,3,pistachio shells,153,12,proximate,ash,0.76,% total weight,1,,38,knife mill (2mm),,,,tripod,pass,,2026-07-17 19:03:59.432240,
(da)98c5,3,pistachio shells,153,12,proximate,volatile solids,90.57,% total weight,3,,38,knife mill (2mm),,,,tripod,pass,,2026-07-17 19:03:59.432240,
(da)9dea,3,pistachio shells,153,12,proximate,volatile solids,90.6,% total weight,2,,38,knife mill (2mm),,,,tripod,pass,,2026-07-17 19:03:59.432240,
(da)a93d,3,pistachio shells,153,12,proximate,ash,0.66,% total weight,3,,38,knife mill (2mm),,,,tripod,pass,,2026-07-17 19:03:59.432240,
(da)a9c1,3,pistachio shells,153,12,proximate,volatile solids,90.48,% total weight,1,,38,knife mill (2mm),,,,tripod,pass,,2026-07-17 19:03:59.432240,
(da)b8d0,20,wheat straw,82,24,proximate,volatile solids,85.97,% total weight,2,,38,knife mill (2mm),14.0,,xkang2@lbl.gov,wardrobe,pass,,2026-07-17 19:03:59.432240,
(da)ec02,20,wheat straw,82,24,proximate,moisture,5.88,% total weight,1,,38,knife mill (2mm),14.0,,xkang2@lbl.gov,wardrobe,pass,,2026-07-17 19:03:59.432240,
(da)f61e,20,wheat straw,82,24,proximate,total solids,94.69,% total weight,2,,38,knife mill (2mm),14.0,,xkang2@lbl.gov,wardrobe,pass,,2026-07-17 19:03:59.432240,
(da)fa91,20,wheat straw,82,24,proximate,ash,8.72,% total weight,2,,38,knife mill (2mm),14.0,,xkang2@lbl.gov,wardrobe,pass,,2026-07-17 19:03:59.432240,
(e0)0642,34,grape stem,137,8,proximate,total solids,32.08,% total weight,3,,39,as is,,,,rigging,pass,,2026-07-17 19:03:59.432240,
(e0)06aa,34,grape stem,137,8,proximate,total solids,33.3,% total weight,2,,39,as is,,,,rigging,pass,,2026-07-17 19:03:59.432240,
(e0)0a0c,34,grape stem,137,8,proximate,moisture,68.17,% total weight,1,,39,as is,,,,rigging,pass,,2026-07-17 19:03:59.432240,
(e0)27b3,34,grape stem,137,8,proximate,total solids,31.83,% total weight,1,,39,as is,,,,rigging,pass,,2026-07-17 19:03:59.432240,
(e0)39a1,34,grape stem,137,8,proximate,volatile solids,29.57,% total weight,3,,39,as is,,,,rigging,pass,,2026-07-17 19:03:59.432240,
(e0)4395,34,grape stem,137,8,proximate,ash,1.87,% total weight,1,,39,as is,,,,rigging,pass,,2026-07-17 19:03:59.432240,
(e0)587b,34,grape stem,137,8,proximate,moisture,67.92,% total weight,3,,39,as is,,,,rigging,pass,,2026-07-17 19:03:59.432240,
(e0)5baa,34,grape stem,137,8,proximate,volatile solids,30.9,% total weight,2,,39,as is,,,,rigging,pass,,2026-07-17 19:03:59.432240,
(e0)5f5a,34,grape stem,137,8,proximate,ash,2.51,% total weight,3,,39,as is,,,,rigging,pass,,2026-07-17 19:03:59.432240,
(e0)7904,34,grape stem,137,8,proximate,volatile solids,29.96,% total weight,1,,39,as is,,,,rigging,pass,,2026-07-17 19:03:59.432240,
(e0)a10d,34,grape stem,137,8,proximate,ash,2.41,% total weight,2,,39,as is,,,,rigging,pass,,2026-07-17 19:03:59.432240,
(e0)de95,34,grape stem,137,8,proximate,moisture,66.7,% total weight,2,,39,as is,,,,rigging,pass,,2026-07-17 19:03:59.432240,
(e5)009c,7,sargassum,73,16,proximate,volatile solids,54.14,% total weight,1,,39,as is,14.0,,xkang2@lbl.gov,hairpin,pass,,2026-07-17 19:03:59.432240,
(e5)1ded,7,sargassum,73,16,proximate,volatile solids,53.39,% total weight,2,,39,as is,14.0,,xkang2@lbl.gov,hairpin,pass,,2026-07-17 19:03:59.432240,
(e5)1fdb,7,sargassum,73,16,proximate,moisture,14.1,% total weight,1,,39,as is,14.0,,xkang2@lbl.gov,hairpin,pass,,2026-07-17 19:03:59.432240,
(e5)3ccb,7,sargassum,73,16,proximate,total solids,87.04,% total weight,2,,39,as is,14.0,,xkang2@lbl.gov,hairpin,pass,,2026-07-17 19:03:59.432240,
(e5)4838,7,sargassum,73,16,proximate,moisture,15.42,% total weight,3,,39,as is,14.0,,xkang2@lbl.gov,hairpin,pass,,2026-07-17 19:03:59.432240,
(e5)4897,7,sargassum,73,16,proximate,total solids,84.58,% total weight,3,,39,as is,14.0,,xkang2@lbl.gov,hairpin,pass,,2026-07-17 19:03:59.432240,
(e5)60d4,7,sargassum,73,16,proximate,volatile solids,53.7,% total weight,3,,39,as is,14.0,,xkang2@lbl.gov,hairpin,pass,,2026-07-17 19:03:59.432240,
(e5)77df,7,sargassum,73,16,proximate,ash,31.76,% total weight,1,,39,as is,14.0,,xkang2@lbl.gov,hairpin,pass,,2026-07-17 19:03:59.432240,
(e5)7b63,7,sargassum,73,16,proximate,total solids,85.9,% total weight,1,,39,as is,14.0,,xkang2@lbl.gov,hairpin,pass,,2026-07-17 19:03:59.432240,
(e5)9406,7,sargassum,73,16,proximate,moisture,12.96,% total weight,2,,39,as is,14.0,,xkang2@lbl.gov,hairpin,pass,,2026-07-17 19:03:59.432240,
(e5)e6bf,7,sargassum,73,16,proximate,ash,33.65,% total weight,2,,39,as is,14.0,,xkang2@lbl.gov,hairpin,pass,,2026-07-17 19:03:59.432240,
(e5)ef1b,7,sargassum,73,16,proximate,ash,30.88,% total weight,3,,39,as is,14.0,,xkang2@lbl.gov,hairpin,pass,,2026-07-17 19:03:59.432240,
(e7)3eac,13,walnut hulls,58,5,proximate,ash,38.5,% total weight,1,,33,oven dry + knife mill (2mm),,,,energetic,fail,uc combined protocol,2026-07-17 19:03:59.432240,
(e7)43ff,13,walnut hulls,58,5,proximate,total solids,28.39,% total weight,2,,33,oven dry + knife mill (2mm),18.0,,fail,energetic,fail,uc combined protocol,2026-07-17 19:03:59.432240,
(e7)4b6e,13,walnut hulls,58,5,proximate,total solids,33.74,% total weight,1,,33,oven dry + knife mill (2mm),18.0,,fail,energetic,fail,uc combined protocol,2026-07-17 19:03:59.432240,
(e7)6dae,13,walnut hulls,58,5,proximate,ash,42.07,% total weight,2,,33,oven dry + knife mill (2mm),,,,energetic,fail,uc combined protocol,2026-07-17 19:03:59.432240,
(e7)8540,13,walnut hulls,58,5,proximate,volatile solids,27.76,% total weight,1,,33,oven dry + knife mill (2mm),18.0,,fail,energetic,fail,uc combined protocol,2026-07-17 19:03:59.432240,
(e7)86e3,13,walnut hulls,58,5,proximate,total solids,39.7,% total weight,3,,33,oven dry + knife mill (2mm),18.0,,fail,energetic,fail,uc combined protocol,2026-07-17 19:03:59.432240,
(e7)97be,13,walnut hulls,58,5,proximate,volatile solids,25.67,% total weight,3,,33,oven dry + knife mill (2mm),18.0,,fail,energetic,fail,uc combined protocol,2026-07-17 19:03:59.432240,
(e7)ae0c,13,walnut hulls,58,5,proximate,ash,34.63,% total weight,3,,33,oven dry + knife mill (2mm),,,,energetic,fail,uc combined protocol,2026-07-17 19:03:59.432240,
(e7)b266,13,walnut hulls,58,5,proximate,moisture,2.66,% total weight,1,,33,oven dry + knife mill (2mm),,,,energetic,fail,uc combined protocol,2026-07-17 19:03:59.432240,
(e7)fade,13,walnut hulls,58,5,proximate,volatile solids,29.54,% total weight,2,,33,oven dry + knife mill (2mm),18.0,,fail,energetic,fail,uc combined protocol,2026-07-17 19:03:59.432240,
(e8)0406,1,spent yeast,22,5,proximate,total solids,63.12,% total weight,3,,36,oven dry,17.0,,pass,maplewood,pass,uc combined protocol,2026-07-17 19:03:59.432240,
(e8)1aef,1,spent yeast,22,5,proximate,volatile solids,19.53,% total weight,1,,36,oven dry,17.0,,pass,maplewood,pass,uc combined protocol,2026-07-17 19:03:59.432240,
(e8)3339,1,spent yeast,22,5,proximate,ash,23.01,% total weight,3,,36,oven dry,17.0,,pass,maplewood,pass,uc combined protocol,2026-07-17 19:03:59.432240,
(e8)5061,1,spent yeast,22,5,proximate,volatile solids,19.54,% total weight,2,,36,oven dry,17.0,,pass,maplewood,pass,uc combined protocol,2026-07-17 19:03:59.432240,
(e8)7f66,1,spent yeast,22,5,proximate,volatile solids,13.87,% total weight,3,,36,oven dry,17.0,,pass,maplewood,pass,uc combined protocol,2026-07-17 19:03:59.432240,
(e8)82bd,1,spent yeast,22,5,proximate,ash,24.46,% total weight,1,,36,oven dry,17.0,,pass,maplewood,pass,uc combined protocol,2026-07-17 19:03:59.432240,
(e8)9f94,1,spent yeast,22,5,proximate,moisture,1.57,% total weight,1,,36,oven dry,,,,maplewood,pass,uc combined protocol,2026-07-17 19:03:59.432240,
(e8)a921,1,spent yeast,22,5,proximate,total solids,56.0,% total weight,1,,36,oven dry,17.0,,pass,maplewood,pass,uc combined protocol,2026-07-17 19:03:59.432240,
(e8)cd70,1,spent yeast,22,5,proximate,ash,24.51,% total weight,2,,36,oven dry,17.0,,pass,maplewood,pass,uc combined protocol,2026-07-17 19:03:59.432240,
(e8)da18,1,spent yeast,22,5,proximate,total solids,55.95,% total weight,2,,36,oven dry,17.0,,pass,maplewood,pass,uc combined protocol,2026-07-17 19:03:59.432240,
(eb)1bdd,17,grape vines,226,19,proximate,ash,2.43,% total weight,1,,37,chipper (1in) + knife mill (2mm),17.0,,pass,boatswain,pass,https://docs.google.com/spreadsheets/d/1elqjbsy8pjasg8mwkhlqgbdzldr34wem/edit?gid=396354422#gid=396354443,2026-07-17 19:03:59.432240,
(eb)29ca,17,grape vines,226,19,proximate,moisture,46.27,% total weight,3,,37,chipper (1in) + knife mill (2mm),17.0,,pass,boatswain,pass,https://docs.google.com/spreadsheets/d/1elqjbsy8pjasg8mwkhlqgbdzldr34wem/edit?gid=396354422#gid=396354433,2026-07-17 19:03:59.432240,
(eb)34ec,17,grape vines,226,19,proximate,moisture,47.52,% total weight,1,,37,chipper (1in) + knife mill (2mm),17.0,,pass,boatswain,pass,https://docs.google.com/spreadsheets/d/1elqjbsy8pjasg8mwkhlqgbdzldr34wem/edit?gid=396354422#gid=396354431,2026-07-17 19:03:59.432240,
(eb)3b38,17,grape vines,226,19,proximate,ash,2.44,% total weight,3,,37,chipper (1in) + knife mill (2mm),17.0,,pass,boatswain,pass,https://docs.google.com/spreadsheets/d/1elqjbsy8pjasg8mwkhlqgbdzldr34wem/edit?gid=396354422#gid=396354445,2026-07-17 19:03:59.432240,
(eb)3e95,17,grape vines,226,19,proximate,total solids,50.17,% total weight,2,,37,chipper (1in) + knife mill (2mm),17.0,,pass,boatswain,pass,https://docs.google.com/spreadsheets/d/1elqjbsy8pjasg8mwkhlqgbdzldr34wem/edit?gid=396354422#gid=396354456,2026-07-17 19:03:59.432240,
(eb)419c,17,grape vines,226,19,proximate,ash,2.33,% total weight,2,,37,chipper (1in) + knife mill (2mm),17.0,,pass,boatswain,pass,https://docs.google.com/spreadsheets/d/1elqjbsy8pjasg8mwkhlqgbdzldr34wem/edit?gid=396354422#gid=396354444,2026-07-17 19:03:59.432240,
(eb)6e5e,17,grape vines,226,19,proximate,total solids,53.73,% total weight,3,,37,chipper (1in) + knife mill (2mm),17.0,,pass,boatswain,pass,https://docs.google.com/spreadsheets/d/1elqjbsy8pjasg8mwkhlqgbdzldr34wem/edit?gid=396354422#gid=396354457,2026-07-17 19:03:59.432240,
(eb)8d0e,17,grape vines,226,19,proximate,volatile solids,51.29,% total weight,3,,37,chipper (1in) + knife mill (2mm),17.0,,pass,boatswain,pass,https://docs.google.com/spreadsheets/d/1elqjbsy8pjasg8mwkhlqgbdzldr34wem/edit?gid=396354422#gid=396354469,2026-07-17 19:03:59.432240,
(eb)b8a2,17,grape vines,226,19,proximate,total solids,52.48,% total weight,1,,37,chipper (1in) + knife mill (2mm),17.0,,pass,boatswain,pass,https://docs.google.com/spreadsheets/d/1elqjbsy8pjasg8mwkhlqgbdzldr34wem/edit?gid=396354422#gid=396354455,2026-07-17 19:03:59.432240,
(eb)bef9,17,grape vines,226,19,proximate,volatile solids,47.85,% total weight,2,,37,chipper (1in) + knife mill (2mm),17.0,,pass,boatswain,pass,https://docs.google.com/spreadsheets/d/1elqjbsy8pjasg8mwkhlqgbdzldr34wem/edit?gid=396354422#gid=396354468,2026-07-17 19:03:59.432240,
(eb)deb0,17,grape vines,226,19,proximate,volatile solids,50.05,% total weight,1,,37,chipper (1in) + knife mill (2mm),17.0,,pass,boatswain,pass,https://docs.google.com/spreadsheets/d/1elqjbsy8pjasg8mwkhlqgbdzldr34wem/edit?gid=396354422#gid=396354467,2026-07-17 19:03:59.432240,
(eb)f65a,17,grape vines,226,19,proximate,moisture,49.83,% total weight,2,,37,chipper (1in) + knife mill (2mm),17.0,,pass,boatswain,pass,https://docs.google.com/spreadsheets/d/1elqjbsy8pjasg8mwkhlqgbdzldr34wem/edit?gid=396354422#gid=396354432,2026-07-17 19:03:59.432240,
(ec)2264,23,grape pomace,121,13,proximate,total solids,44.91,% total weight,2,,39,as is,,,,rigging,pass,,2026-07-17 19:03:59.432240,
(ec)2807,23,grape pomace,121,13,proximate,volatile solids,41.52,% total weight,2,,39,as is,,,,rigging,pass,,2026-07-17 19:03:59.432240,
(ec)306a,23,grape pomace,121,13,proximate,ash,3.46,% total weight,3,,39,as is,,,,rigging,pass,,2026-07-17 19:03:59.432240,
(ec)3778,23,grape pomace,121,13,proximate,ash,3.39,% total weight,2,,39,as is,,,,rigging,pass,,2026-07-17 19:03:59.432240,
(ec)5fe0,23,grape pomace,121,13,proximate,volatile solids,43.98,% total weight,1,,39,as is,,,,rigging,pass,,2026-07-17 19:03:59.432240,
(ec)6581,23,grape pomace,121,13,proximate,volatile solids,42.45,% total weight,3,,39,as is,,,,rigging,pass,,2026-07-17 19:03:59.432240,
(ec)6752,23,grape pomace,121,13,proximate,ash,2.83,% total weight,1,,39,as is,,,,rigging,pass,,2026-07-17 19:03:59.432240,
(ec)9166,23,grape pomace,121,13,proximate,total solids,45.9,% total weight,3,,39,as is,,,,rigging,pass,,2026-07-17 19:03:59.432240,
(ec)9c57,23,grape pomace,121,13,proximate,total solids,46.81,% total weight,1,,39,as is,,,,rigging,pass,,2026-07-17 19:03:59.432240,
(ec)bb5f,23,grape pomace,121,13,proximate,moisture,53.19,% total weight,1,,39,as is,,,,rigging,pass,,2026-07-17 19:03:59.432240,
(ec)c401,23,grape pomace,121,13,proximate,moisture,55.09,% total weight,2,,39,as is,,,,rigging,pass,,2026-07-17 19:03:59.432240,
(ec)c8dc,23,grape pomace,121,13,proximate,moisture,54.1,% total weight,3,,39,as is,,,,rigging,pass,,2026-07-17 19:03:59.432240,
(ed)0175,5,alfalfa,78,15,proximate,total solids,90.51,% total weight,2,,38,knife mill (2mm),14.0,,xkang2@lbl.gov,possessive,pass,,2026-07-17 19:03:59.432240,
(ed)16e1,5,alfalfa,78,15,proximate,ash,6.67,% total weight,1,,38,knife mill (2mm),14.0,,xkang2@lbl.gov,possessive,pass,,2026-07-17 19:03:59.432240,
(ed)506d,5,alfalfa,78,15,proximate,moisture,9.49,% total weight,2,,38,knife mill (2mm),14.0,,xkang2@lbl.gov,possessive,pass,,2026-07-17 19:03:59.432240,
(ed)5629,5,alfalfa,78,15,proximate,ash,7.12,% total weight,3,,38,knife mill (2mm),14.0,,xkang2@lbl.gov,possessive,pass,,2026-07-17 19:03:59.432240,
(ed)6456,5,alfalfa,78,15,proximate,moisture,10.24,% total weight,1,,38,knife mill (2mm),14.0,,xkang2@lbl.gov,possessive,pass,,2026-07-17 19:03:59.432240,
(ed)8621,5,alfalfa,78,15,proximate,volatile solids,82.35,% total weight,3,,38,knife mill (2mm),14.0,,xkang2@lbl.gov,possessive,pass,,2026-07-17 19:03:59.432240,
(ed)b558,5,alfalfa,78,15,proximate,volatile solids,83.09,% total weight,1,,38,knife mill (2mm),14.0,,xkang2@lbl.gov,possessive,pass,,2026-07-17 19:03:59.432240,
(ed)b883,5,alfalfa,78,15,proximate,total solids,89.76,% total weight,1,,38,knife mill (2mm),14.0,,xkang2@lbl.gov,possessive,pass,,2026-07-17 19:03:59.432240,
(ed)c23d,5,alfalfa,78,15,proximate,ash,19.29,% total weight,2,,38,knife mill (2mm),14.0,,xkang2@lbl.gov,possessive,fail,,2026-07-17 19:03:59.432240,
(ed)cdf5,5,alfalfa,78,15,proximate,volatile solids,71.22,% total weight,2,,38,knife mill (2mm),14.0,,xkang2@lbl.gov,possessive,fail,,2026-07-17 19:03:59.432240,
(ed)d54a,5,alfalfa,78,15,proximate,moisture,10.53,% total weight,3,,38,knife mill (2mm),14.0,,xkang2@lbl.gov,possessive,pass,,2026-07-17 19:03:59.432240,
(ed)e911,5,alfalfa,78,15,proximate,total solids,89.47,% total weight,3,,38,knife mill (2mm),14.0,,xkang2@lbl.gov,possessive,pass,,2026-07-17 19:03:59.432240,
(f1)1171,37,tomato pomace,103,22,proximate,moisture,70.81,% total weight,3,,39,as is,,,,oakleaf,pass,,2026-07-17 19:03:59.432240,
(f1)281c,37,tomato pomace,103,22,proximate,ash,1.12,% total weight,2,,39,as is,,,,oakleaf,pass,,2026-07-17 19:03:59.432240,
(f1)73d7,37,tomato pomace,103,22,proximate,total solids,28.58,% total weight,2,,39,as is,,,,oakleaf,pass,,2026-07-17 19:03:59.432240,
(f1)894e,37,tomato pomace,103,22,proximate,volatile solids,28.05,% total weight,3,,39,as is,,,,oakleaf,pass,,2026-07-17 19:03:59.432240,
(f1)9ab9,37,tomato pomace,103,22,proximate,moisture,71.79,% total weight,1,,39,as is,,,,oakleaf,pass,,2026-07-17 19:03:59.432240,
(f1)b3e8,37,tomato pomace,103,22,proximate,volatile solids,27.1,% total weight,1,,39,as is,,,,oakleaf,pass,,2026-07-17 19:03:59.432240,
(f1)c1f4,37,tomato pomace,103,22,proximate,moisture,71.42,% total weight,2,,39,as is,,,,oakleaf,pass,,2026-07-17 19:03:59.432240,
(f1)c7dc,37,tomato pomace,103,22,proximate,total solids,29.19,% total weight,3,,39,as is,,,,oakleaf,pass,,2026-07-17 19:03:59.432240,
(f1)ccea,37,tomato pomace,103,22,proximate,ash,1.12,% total weight,1,,39,as is,,,,oakleaf,pass,,2026-07-17 19:03:59.432240,
(f1)cd95,37,tomato pomace,103,22,proximate,ash,1.14,% total weight,3,,39,as is,,,,oakleaf,pass,,2026-07-17 19:03:59.432240,
(f1)e36a,37,tomato pomace,103,22,proximate,total solids,28.21,% total weight,1,,39,as is,,,,oakleaf,pass,,2026-07-17 19:03:59.432240,
(f1)e662,37,tomato pomace,103,22,proximate,volatile solids,27.46,% total weight,2,,39,as is,,,,oakleaf,pass,,2026-07-17 19:03:59.432240,
(f3)161b,35,almond branches,180,2,proximate,total solids,82.46,% total weight,1,,39,as is,,,,tiny,provisional,,2026-07-17 19:03:59.432240,
(f3)1ee7,35,almond branches,180,2,proximate,moisture,13.2,% total weight,3,,39,as is,,,,tiny,pass,,2026-07-17 19:03:59.432240,
(f3)3c7d,35,almond branches,180,2,proximate,moisture,11.58,% total weight,2,,39,as is,,,,tiny,pass,,2026-07-17 19:03:59.432240,
(f3)4605,35,almond branches,180,2,proximate,volatile solids,19.35,% total weight,3,,39,as is,,,,tiny,pass,,2026-07-17 19:03:59.432240,
(f3)8392,35,almond branches,180,2,proximate,total solids,88.42,% total weight,2,,39,as is,,,,tiny,pass,,2026-07-17 19:03:59.432240,
(f3)889a,35,almond branches,180,2,proximate,ash,57.52,% total weight,1,,39,as is,,,,tiny,provisional,,2026-07-17 19:03:59.432240,
(f3)8ccd,35,almond branches,180,2,proximate,total solids,86.8,% total weight,3,,39,as is,,,,tiny,pass,,2026-07-17 19:03:59.432240,
(f3)96d0,35,almond branches,180,2,proximate,ash,72.31,% total weight,2,,39,as is,,,,tiny,pass,,2026-07-17 19:03:59.432240,
(f3)b348,35,almond branches,180,2,proximate,ash,67.45,% total weight,3,,39,as is,,,,tiny,pass,,2026-07-17 19:03:59.432240,
(f3)c096,35,almond branches,180,2,proximate,volatile solids,16.1,% total weight,2,,39,as is,,,,tiny,pass,,2026-07-17 19:03:59.432240,
(f3)e4ed,35,almond branches,180,2,proximate,volatile solids,24.94,% total weight,1,,39,as is,,,,tiny,provisional,,2026-07-17 19:03:59.432240,
(f3)f33d,35,almond branches,180,2,proximate,moisture,17.54,% total weight,1,,39,as is,,,,tiny,provisional,,2026-07-17 19:03:59.432240,
(f6)03ae,23,grape pomace,114,13,proximate,ash,3.19,% total weight,2,,39,as is,,,,boatswain,pass,,2026-07-17 19:03:59.432240,
(f6)0d8f,16,peach stems / leaves,90,10,proximate,volatile solids,24.97,% total weight,1,,39,as is,14.0,,xkang2@lbl.gov,rushes,pass,,2026-07-17 19:03:59.432240,
(f6)1245,23,grape pomace,114,13,proximate,moisture,61.52,% total weight,1,,39,as is,,,,boatswain,pass,,2026-07-17 19:03:59.432240,
(f6)1591,23,grape pomace,114,13,proximate,moisture,62.36,% total weight,3,,39,as is,,,,boatswain,pass,,2026-07-17 19:03:59.432240,
(f6)1bbf,16,peach stems / leaves,90,10,proximate,moisture,69.38,% total weight,3,,39,as is,14.0,,xkang2@lbl.gov,rushes,pass,,2026-07-17 19:03:59.432240,
(f6)2613,16,peach stems / leaves,90,10,proximate,ash,5.45,% total weight,1,,39,as is,14.0,,xkang2@lbl.gov,rushes,pass,,2026-07-17 19:03:59.432240,
(f6)2c6f,16,peach stems / leaves,90,10,proximate,total solids,30.62,% total weight,3,,39,as is,14.0,,xkang2@lbl.gov,rushes,pass,,2026-07-17 19:03:59.432240,
(f6)7a8f,23,grape pomace,114,13,proximate,ash,3.52,% total weight,3,,39,as is,,,,boatswain,pass,,2026-07-17 19:03:59.432240,
(f6)7c56,16,peach stems / leaves,90,10,proximate,ash,5.28,% total weight,2,,39,as is,14.0,,xkang2@lbl.gov,rushes,pass,,2026-07-17 19:03:59.432240,
(f6)8443,23,grape pomace,114,13,proximate,volatile solids,35.71,% total weight,1,,39,as is,,,,boatswain,pass,,2026-07-17 19:03:59.432240,
(f6)8a55,23,grape pomace,114,13,proximate,volatile solids,34.11,% total weight,3,,39,as is,,,,boatswain,pass,,2026-07-17 19:03:59.432240,
(f6)8d8f,16,peach stems / leaves,90,10,proximate,ash,5.24,% total weight,3,,39,as is,14.0,,xkang2@lbl.gov,rushes,pass,,2026-07-17 19:03:59.432240,
(f6)97a5,23,grape pomace,114,13,proximate,total solids,38.48,% total weight,1,,39,as is,,,,boatswain,pass,,2026-07-17 19:03:59.432240,
(f6)9e2b,23,grape pomace,114,13,proximate,total solids,37.64,% total weight,3,,39,as is,,,,boatswain,pass,,2026-07-17 19:03:59.432240,
(f6)a52c,23,grape pomace,114,13,proximate,volatile solids,33.67,% total weight,2,,39,as is,,,,boatswain,pass,,2026-07-17 19:03:59.432240,
(f6)b538,23,grape pomace,114,13,proximate,ash,2.76,% total weight,1,,39,as is,,,,boatswain,pass,,2026-07-17 19:03:59.432240,
(f6)c49a,16,peach stems / leaves,90,10,proximate,volatile solids,25.37,% total weight,3,,39,as is,14.0,,xkang2@lbl.gov,rushes,pass,,2026-07-17 19:03:59.432240,
(f6)d062,16,peach stems / leaves,90,10,proximate,total solids,31.01,% total weight,2,,39,as is,14.0,,xkang2@lbl.gov,rushes,pass,,2026-07-17 19:03:59.432240,
(f6)d2f7,16,peach stems / leaves,90,10,proximate,total solids,30.41,% total weight,1,,39,as is,14.0,,xkang2@lbl.gov,rushes,pass,,2026-07-17 19:03:59.432240,
(f6)dace,16,peach stems / leaves,90,10,proximate,volatile solids,25.73,% total weight,2,,39,as is,14.0,,xkang2@lbl.gov,rushes,pass,,2026-07-17 19:03:59.432240,
(f6)dcf1,23,grape pomace,114,13,proximate,moisture,63.14,% total weight,2,,39,as is,,,,boatswain,pass,,2026-07-17 19:03:59.432240,
(f6)e58a,16,peach stems / leaves,90,10,proximate,moisture,69.59,% total weight,1,,39,as is,14.0,,xkang2@lbl.gov,rushes,pass,,2026-07-17 19:03:59.432240,
(f6)edc1,23,grape pomace,114,13,proximate,total solids,36.86,% total weight,2,,39,as is,,,,boatswain,pass,,2026-07-17 19:03:59.432240,
(f6)eefe,16,peach stems / leaves,90,10,proximate,moisture,68.99,% total weight,2,,39,as is,14.0,,xkang2@lbl.gov,rushes,pass,,2026-07-17 19:03:59.432240,
(fe)0936,23,grape pomace,62,5,proximate,volatile solids,6.3,% total weight,3,,33,oven dry + knife mill (2mm),18.0,,fail,maplewood,fail,uc combined protocol,2026-07-17 19:03:59.432240,
(fe)0adf,23,grape pomace,62,5,proximate,moisture,4.05,% total weight,1,,33,oven dry + knife mill (2mm),,,,maplewood,fail,uc combined protocol,2026-07-17 19:03:59.432240,
(fe)1000,23,grape pomace,62,5,proximate,ash,6.4,% total weight,2,,33,oven dry + knife mill (2mm),,,,maplewood,fail,uc combined protocol,2026-07-17 19:03:59.432240,
(fe)1ccd,23,grape pomace,62,5,proximate,volatile solids,6.13,% total weight,2,,33,oven dry + knife mill (2mm),18.0,,fail,maplewood,fail,uc combined protocol,2026-07-17 19:03:59.432240,
(fe)424e,23,grape pomace,62,5,proximate,ash,5.9,% total weight,1,,33,oven dry + knife mill (2mm),,,,maplewood,fail,uc combined protocol,2026-07-17 19:03:59.432240,
(fe)65cf,23,grape pomace,62,5,proximate,volatile solids,5.74,% total weight,1,,33,oven dry + knife mill (2mm),18.0,,fail,maplewood,fail,uc combined protocol,2026-07-17 19:03:59.432240,
(fe)68ef,23,grape pomace,62,5,proximate,ash,6.73,% total weight,3,,33,oven dry + knife mill (2mm),,,,maplewood,fail,uc combined protocol,2026-07-17 19:03:59.432240,
(fe)73e0,23,grape pomace,62,5,proximate,total solids,88.36,% total weight,1,,33,oven dry + knife mill (2mm),18.0,,fail,maplewood,fail,uc combined protocol,2026-07-17 19:03:59.432240,
(fe)cdef,23,grape pomace,62,5,proximate,total solids,86.97,% total weight,3,,33,oven dry + knife mill (2mm),18.0,,fail,maplewood,fail,uc combined protocol,2026-07-17 19:03:59.432240,
(fe)f1a3,23,grape pomace,62,5,proximate,total solids,87.47,% total weight,2,,33,oven dry + knife mill (2mm),18.0,,fail,maplewood,fail,uc combined protocol,2026-07-17 19:03:59.432240,
(ff)0cdb,37,tomato pomace,98,7,proximate,moisture,1.68,% total weight,1,,33,oven dry + knife mill (2mm),,,,gainful,fail,sample is oven dried which renders it meaningless for moisture and hence calculating %total,2026-07-17 19:03:59.432240,
(ff)100a,37,tomato pomace,98,7,proximate,ash,3.11,% total weight,2,,33,oven dry + knife mill (2mm),,,,gainful,fail,sample is oven dried which renders it meaningless for moisture and hence calculating %total,2026-07-17 19:03:59.432240,
(ff)29a7,37,tomato pomace,98,7,proximate,total solids,98.32,% total weight,1,,33,oven dry + knife mill (2mm),,,,gainful,fail,sample is oven dried which renders it meaningless for moisture and hence calculating %total,2026-07-17 19:03:59.432240,
(ff)2b7a,37,tomato pomace,98,7,proximate,moisture,1.65,% total weight,2,,33,oven dry + knife mill (2mm),,,,gainful,fail,sample is oven dried which renders it meaningless for moisture and hence calculating %total,2026-07-17 19:03:59.432240,
(ff)62da,37,tomato pomace,98,7,proximate,ash,3.08,% total weight,3,,33,oven dry + knife mill (2mm),,,,gainful,fail,sample is oven dried which renders it meaningless for moisture and hence calculating %total,2026-07-17 19:03:59.432240,
(ff)7405,37,tomato pomace,98,7,proximate,volatile solids,95.24,% total weight,2,,33,oven dry + knife mill (2mm),,,,gainful,fail,sample is oven dried which renders it meaningless for moisture and hence calculating %total,2026-07-17 19:03:59.432240,
(ff)8079,37,tomato pomace,98,7,proximate,volatile solids,95.16,% total weight,1,,33,oven dry + knife mill (2mm),,,,gainful,fail,sample is oven dried which renders it meaningless for moisture and hence calculating %total,2026-07-17 19:03:59.432240,
(ff)92cc,37,tomato pomace,98,7,proximate,moisture,1.73,% total weight,3,,33,oven dry + knife mill (2mm),,,,gainful,fail,sample is oven dried which renders it meaningless for moisture and hence calculating %total,2026-07-17 19:03:59.432240,
(ff)9c9a,37,tomato pomace,98,7,proximate,ash,3.15,% total weight,1,,33,oven dry + knife mill (2mm),,,,gainful,fail,sample is oven dried which renders it meaningless for moisture and hence calculating %total,2026-07-17 19:03:59.432240,
(ff)ce42,37,tomato pomace,98,7,proximate,total solids,98.27,% total weight,3,,33,oven dry + knife mill (2mm),,,,gainful,fail,sample is oven dried which renders it meaningless for moisture and hence calculating %total,2026-07-17 19:03:59.432240,
(ff)e5df,37,tomato pomace,98,7,proximate,total solids,98.35,% total weight,2,,33,oven dry + knife mill (2mm),,,,gainful,fail,sample is oven dried which renders it meaningless for moisture and hence calculating %total,2026-07-17 19:03:59.432240,
(ff)fc00,37,tomato pomace,98,7,proximate,volatile solids,95.19,% total weight,3,,33,oven dry + knife mill (2mm),,,,gainful,fail,sample is oven dried which renders it meaningless for moisture and hence calculating %total,2026-07-17 19:03:59.432240,
)uc6c8c6,37,tomato pomace,59,25,ultimate,nitrogen,25.0,,1,,33,oven dry + knife mill (2mm),,,,oakleaf,,testing,2026-07-17 19:04:01.059323,
)u878987,37,tomato pomace,59,25,ultimate,nitrogen,25.0,,2,,33,oven dry + knife mill (2mm),,,,oakleaf,,,2026-07-17 19:04:01.059323,
)u636363,37,tomato pomace,59,25,ultimate,oxygen,25.0,,1,,33,oven dry + knife mill (2mm),,,,oakleaf,,testing,2026-07-17 19:04:01.059323,
)u856c85,37,tomato pomace,59,25,ultimate,carbon,25.0,,1,,33,oven dry + knife mill (2mm),,,,oakleaf,,testing,2026-07-17 19:04:01.059323,
)u777177,37,tomato pomace,59,25,ultimate,carbon,25.0,,3,,33,oven dry + knife mill (2mm),,,,oakleaf,,testing,2026-07-17 19:04:01.059323,
)uebefeb,37,tomato pomace,59,25,ultimate,sulfur,25.0,,1,,33,oven dry + knife mill (2mm),,,,oakleaf,,testing,2026-07-17 19:04:01.059323,
)ud4f6d4,26,spent oak chips,27,26,ultimate,adf-r,82.9,pc,1,,38,knife mill (2mm),,,,maplewood,pass,11,2026-07-17 19:04:01.059323,
)uf414f4,125,#n/a,316,26,ultimate,adf-r,32.9,pc,1,,35,#n/a,,,,,pass,12,2026-07-17 19:04:01.059323,
)u22e822,25,almond hulls,71,26,ultimate,dm,88.6,pc,1,,38,knife mill (2mm),,,,humorous,pass,1,2026-07-17 19:04:01.059323,
)ud275d2,31,almond shells,70,26,ultimate,dm,81.3,pc,1,,38,knife mill (2mm),,,,humorous,pass,2,2026-07-17 19:04:01.059323,
)ud354d3,19,walnut shells,57,26,ultimate,dm,92.2,pc,1,,33,oven dry + knife mill (2mm),,,,energetic,pass,3,2026-07-17 19:04:01.059323,
)u670267,23,grape pomace,64,26,ultimate,dm,93.8,pc,1,,33,oven dry + knife mill (2mm),,,,ebony,pass,4,2026-07-17 19:04:01.059323,
)u5bb65b,13,walnut hulls,58,26,ultimate,dm,93.8,pc,1,,33,oven dry + knife mill (2mm),,,,energetic,pass,5,2026-07-17 19:04:01.059323,
)ud06fd0,33,sweet potato culls,56,26,ultimate,dm,90.4,pc,1,,33,oven dry + knife mill (2mm),,,,tackle,pass,6,2026-07-17 19:04:01.059323,
)uca43ca,15,almond shells and hulls mix,51,26,ultimate,dm,91.0,pc,1,,38,knife mill (2mm),,,,tiny,pass,7,2026-07-17 19:04:01.059323,
)u94e494,37,tomato pomace,60,26,ultimate,dm,91.6,pc,1,,33,oven dry + knife mill (2mm),,,,pinecrest,pass,8,2026-07-17 19:04:01.059323,
)u700170,37,tomato pomace,59,26,ultimate,dm,95.6,pc,1,,33,oven dry + knife mill (2mm),,,,oakleaf,pass,9,2026-07-17 19:04:01.059323,
)u95ce95,37,tomato pomace,61,26,ultimate,dm,95.3,pc,1,,33,oven dry + knife mill (2mm),,,,riverstone,pass,10,2026-07-17 19:04:01.059323,
)u0e280e,26,spent oak chips,27,26,ultimate,dm,90.7,pc,1,,38,knife mill (2mm),,,,maplewood,pass,11,2026-07-17 19:04:01.059323,
)u88e188,125,#n/a,316,26,ultimate,dm,97.3,pc,1,,35,#n/a,,,,,pass,12,2026-07-17 19:04:01.059323,
)u0ecf0e,23,grape pomace,62,26,ultimate,dm,93.9,pc,1,,33,oven dry + knife mill (2mm),,,,maplewood,pass,13,2026-07-17 19:04:01.059323,
)u55d655,25,almond hulls,71,26,ultimate,adf-r,19.2,pc,1,,38,knife mill (2mm),,,,humorous,pass,1,2026-07-17 19:04:01.059323,
)u4be74b,25,almond hulls,71,26,ultimate,adf-r,19.7,pc,1,,38,knife mill (2mm),,,,humorous,pass, 1 dup,2026-07-17 19:04:01.059323,
)u7a157a,31,almond shells,70,26,ultimate,adf-r,54.7,pc,1,,38,knife mill (2mm),,,,humorous,pass,2,2026-07-17 19:04:01.059323,
)u672b67,19,walnut shells,57,26,ultimate,adf-r,71.9,pc,1,,33,oven dry + knife mill (2mm),,,,energetic,pass,3,2026-07-17 19:04:01.059323,
)ua51aa5,23,grape pomace,64,26,ultimate,adf-r,39.8,pc,1,,33,oven dry + knife mill (2mm),,,,ebony,pass,4,2026-07-17 19:04:01.059323,
)u2b452b,13,walnut hulls,58,26,ultimate,adf-r,67.4,pc,1,,33,oven dry + knife mill (2mm),,,,energetic,pass,5,2026-07-17 19:04:01.059323,
)u975c97,33,sweet potato culls,56,26,ultimate,adf-r,12.1,pc,1,,33,oven dry + knife mill (2mm),,,,tackle,pass,6,2026-07-17 19:04:01.059323,
)ubae4ba,15,almond shells and hulls mix,51,26,ultimate,adf-r,27.8,pc,1,,38,knife mill (2mm),,,,tiny,pass,7,2026-07-17 19:04:01.059323,
)uec98ec,37,tomato pomace,60,26,ultimate,adf-r,41.5,pc,1,,33,oven dry + knife mill (2mm),,,,pinecrest,pass,8,2026-07-17 19:04:01.059323,
)uf1eef1,37,tomato pomace,59,26,ultimate,adf-r,51.2,pc,1,,33,oven dry + knife mill (2mm),,,,oakleaf,pass,9,2026-07-17 19:04:01.059323,
)u56c956,37,tomato pomace,61,26,ultimate,adf-r,45.7,pc,1,,33,oven dry + knife mill (2mm),,,,riverstone,pass,10,2026-07-17 19:04:01.059323,
)u4e174e,37,tomato pomace,61,26,ultimate,adf-r,46.3,pc,1,,33,oven dry + knife mill (2mm),,,,riverstone,pass, 10 dup,2026-07-17 19:04:01.059323,
)ub6acb6,23,grape pomace,62,26,ultimate,adf-r,43.7,pc,1,,33,oven dry + knife mill (2mm),,,,maplewood,pass,13,2026-07-17 19:04:01.059323,
)u3c723c,23,grape pomace,62,26,ultimate,adf-r,43.9,pc,1,,33,oven dry + knife mill (2mm),,,,maplewood,pass, 13 dup,2026-07-17 19:04:01.059323,
)u1f751f,25,almond hulls,71,26,ultimate,cf,1.95,pc,1,,38,knife mill (2mm),,,,humorous,pass,1,2026-07-17 19:04:01.059323,
)u763f76,25,almond hulls,71,26,ultimate,cf,1.87,pc,1,,38,knife mill (2mm),,,,humorous,pass, 1 dup,2026-07-17 19:04:01.059323,
)u970a97,31,almond shells,70,26,ultimate,cf,1.45,pc,1,,38,knife mill (2mm),,,,humorous,pass,2,2026-07-17 19:04:01.059323,
)u8b208b,19,walnut shells,57,26,ultimate,cf,2.6,pc,1,,33,oven dry + knife mill (2mm),,,,energetic,pass,3,2026-07-17 19:04:01.059323,
)ufc42fc,23,grape pomace,64,26,ultimate,cf,6.22,pc,1,,33,oven dry + knife mill (2mm),,,,ebony,pass,4,2026-07-17 19:04:01.059323,
)u1ce41c,13,walnut hulls,58,26,ultimate,cf,2.02,pc,1,,33,oven dry + knife mill (2mm),,,,energetic,pass,5,2026-07-17 19:04:01.059323,
)u4b124b,33,sweet potato culls,56,26,ultimate,cf,0.96,pc,1,,33,oven dry + knife mill (2mm),,,,tackle,pass,6,2026-07-17 19:04:01.059323,
)u089908,15,almond shells and hulls mix,51,26,ultimate,cf,1.64,pc,1,,38,knife mill (2mm),,,,tiny,pass,7,2026-07-17 19:04:01.059323,
)u755475,37,tomato pomace,60,26,ultimate,cf,3.39,pc,1,,33,oven dry + knife mill (2mm),,,,pinecrest,pass,8,2026-07-17 19:04:01.059323,
)ub7bdb7,37,tomato pomace,59,26,ultimate,cf,8.7,pc,1,,33,oven dry + knife mill (2mm),,,,oakleaf,pass,9,2026-07-17 19:04:01.059323,
)u9abc9a,37,tomato pomace,61,26,ultimate,cf,9.79,pc,1,,33,oven dry + knife mill (2mm),,,,riverstone,pass,10,2026-07-17 19:04:01.059323,
)u99ce99,37,tomato pomace,61,26,ultimate,cf,10.0,pc,1,,33,oven dry + knife mill (2mm),,,,riverstone,pass, 10 dup,2026-07-17 19:04:01.059323,
)ub36fb3,26,spent oak chips,27,26,ultimate,cf,0.5,pc,1,,38,knife mill (2mm),,,,maplewood,pass,11,2026-07-17 19:04:01.059323,
)u0e740e,125,#n/a,316,26,ultimate,cf,1.96,pc,1,,35,#n/a,,,,,pass,12,2026-07-17 19:04:01.059323,
)u515f51,23,grape pomace,62,26,ultimate,cf,7.46,pc,1,,33,oven dry + knife mill (2mm),,,,maplewood,pass,13,2026-07-17 19:04:01.059323,
)ud1e8d1,23,grape pomace,62,26,ultimate,cf,7.86,pc,1,,33,oven dry + knife mill (2mm),,,,maplewood,pass, 13 dup,2026-07-17 19:04:01.059323,
)u021e02,25,almond hulls,71,26,ultimate,nitrogen,0.87,pc,1,,38,knife mill (2mm),,,,humorous,pass,1,2026-07-17 19:04:01.059323,
)ub9dab9,25,almond hulls,71,26,ultimate,nitrogen,0.87,pc,1,,38,knife mill (2mm),,,,humorous,pass, 1 dup,2026-07-17 19:04:01.059323,
)u93e193,31,almond shells,70,26,ultimate,nitrogen,0.7,pc,1,,38,knife mill (2mm),,,,humorous,pass,2,2026-07-17 19:04:01.059323,
)u068606,19,walnut shells,57,26,ultimate,nitrogen,0.36,pc,1,,33,oven dry + knife mill (2mm),,,,energetic,pass,3,2026-07-17 19:04:01.059323,
)uba78ba,23,grape pomace,64,26,ultimate,nitrogen,1.68,pc,1,,33,oven dry + knife mill (2mm),,,,ebony,pass,4,2026-07-17 19:04:01.059323,
)u645364,13,walnut hulls,58,26,ultimate,nitrogen,1.52,pc,1,,33,oven dry + knife mill (2mm),,,,energetic,pass,5,2026-07-17 19:04:01.059323,
)u7a3f7a,33,sweet potato culls,56,26,ultimate,nitrogen,1.57,pc,1,,33,oven dry + knife mill (2mm),,,,tackle,pass,6,2026-07-17 19:04:01.059323,
)udcacdc,15,almond shells and hulls mix,51,26,ultimate,nitrogen,0.65,pc,1,,38,knife mill (2mm),,,,tiny,pass,7,2026-07-17 19:04:01.059323,
)u73ee73,37,tomato pomace,60,26,ultimate,nitrogen,2.28,pc,1,,33,oven dry + knife mill (2mm),,,,pinecrest,pass,8,2026-07-17 19:04:01.059323,
)ud118d1,37,tomato pomace,59,26,ultimate,nitrogen,2.58,pc,1,,33,oven dry + knife mill (2mm),,,,oakleaf,pass,9,2026-07-17 19:04:01.059323,
)u34b134,37,tomato pomace,61,26,ultimate,nitrogen,2.84,pc,1,,33,oven dry + knife mill (2mm),,,,riverstone,pass,10,2026-07-17 19:04:01.059323,
)u91a791,37,tomato pomace,61,26,ultimate,nitrogen,2.98,pc,1,,33,oven dry + knife mill (2mm),,,,riverstone,pass, 10 dup,2026-07-17 19:04:01.059323,
)uf825f8,26,spent oak chips,27,26,ultimate,nitrogen,0.23,pc,1,,38,knife mill (2mm),,,,maplewood,pass,11,2026-07-17 19:04:01.059323,
7ud442d4,125,#n/a,315,26,ultimate,nitrogen,3.06,pc,1,,35,#n/a,,,,,pass,12,2026-07-17 19:04:01.059323,
)u608260,23,grape pomace,62,26,ultimate,nitrogen,1.8,pc,1,,33,oven dry + knife mill (2mm),,,,maplewood,pass,13,2026-07-17 19:04:01.059323,
)u87a587,23,grape pomace,62,26,ultimate,nitrogen,1.93,pc,1,,33,oven dry + knife mill (2mm),,,,maplewood,pass, 13 dup,2026-07-17 19:04:01.059323,
)uc6c8c6,37,tomato pomace,59,25,ultimate,nitrogen,25.0,,1,,33,oven dry + knife mill (2mm),,,,oakleaf,,testing,2026-07-17 19:04:01.059323,
)u878987,37,tomato pomace,59,25,ultimate,nitrogen,25.0,,2,,33,oven dry + knife mill (2mm),,,,oakleaf,,,2026-07-17 19:04:01.059323,
)u636363,37,tomato pomace,59,25,ultimate,oxygen,25.0,,1,,33,oven dry + knife mill (2mm),,,,oakleaf,,testing,2026-07-17 19:04:01.059323,
)u856c85,37,tomato pomace,59,25,ultimate,carbon,25.0,,1,,33,oven dry + knife mill (2mm),,,,oakleaf,,testing,2026-07-17 19:04:01.059323,
)u777177,37,tomato pomace,59,25,ultimate,carbon,25.0,,3,,33,oven dry + knife mill (2mm),,,,oakleaf,,testing,2026-07-17 19:04:01.059323,
)uebefeb,37,tomato pomace,59,25,ultimate,sulfur,25.0,,1,,33,oven dry + knife mill (2mm),,,,oakleaf,,testing,2026-07-17 19:04:01.059323,
)u542d54,31,almond shells,70,26,ultimate,dm,81.3,pc,1,,38,knife mill (2mm),,,,humorous,pass,,2026-07-17 19:04:01.059323,
)ub890b8,31,almond shells,70,26,ultimate,adf-r,54.7,pc,1,,38,knife mill (2mm),,,,humorous,pass,,2026-07-17 19:04:01.059323,
)u8d218d,31,almond shells,70,26,ultimate,cf,1.45,pc,1,,38,knife mill (2mm),,,,humorous,pass,,2026-07-17 19:04:01.059323,
)u336a33,31,almond shells,70,26,ultimate,nitrogen,0.7,pc,1,,38,knife mill (2mm),,,,humorous,pass,,2026-07-17 19:04:01.059323,
)udff5df,31,almond shells,70,26,ultimate,sulfur,270.0,pc,1,,38,knife mill (2mm),,,,humorous,fail,peter flipping this to fail as this suggests sulfer is 270%,2026-07-17 19:04:01.059323,
(03)0161,25,almond hulls,42,46,xrf,la,0.0,ppm,1,,39,as is,14.0,,xkang2@lbl.gov,tiny,provisional,,2026-07-17 19:04:02.701904,
(03)01b6,25,almond hulls,42,46,xrf,co,0.0,ppm,1,,39,as is,14.0,,xkang2@lbl.gov,tiny,provisional,,2026-07-17 19:04:02.701904,
(03)0663,25,almond hulls,42,46,xrf,rb,7.0,ppm,1,,39,as is,14.0,,xkang2@lbl.gov,tiny,provisional,,2026-07-17 19:04:02.701904,
(03)1244,25,almond hulls,42,46,xrf,al,4350.0,ppm,1,,39,as is,14.0,,xkang2@lbl.gov,tiny,provisional,,2026-07-17 19:04:02.701904,
(03)1492,25,almond hulls,42,46,xrf,mg,0.0,ppm,1,,39,as is,14.0,,xkang2@lbl.gov,tiny,provisional,,2026-07-17 19:04:02.701904,
(03)1c00,25,almond hulls,42,46,xrf,zn,25.0,ppm,1,,39,as is,14.0,,xkang2@lbl.gov,tiny,provisional,,2026-07-17 19:04:02.701904,
(03)1dc2,25,almond hulls,42,46,xrf,mo,10.0,ppm,1,,39,as is,14.0,,xkang2@lbl.gov,tiny,provisional,,2026-07-17 19:04:02.701904,
(03)2448,25,almond hulls,42,46,xrf,th,76.0,ppm,1,,39,as is,14.0,,xkang2@lbl.gov,tiny,provisional,,2026-07-17 19:04:02.701904,
(03)337a,25,almond hulls,42,46,xrf,y,0.0,ppm,1,,39,as is,14.0,,xkang2@lbl.gov,tiny,provisional,,2026-07-17 19:04:02.701904,
(03)3e42,25,almond hulls,42,46,xrf,s,359.0,ppm,1,,39,as is,14.0,,xkang2@lbl.gov,tiny,provisional,,2026-07-17 19:04:02.701904,
(03)5e0f,25,almond hulls,42,46,xrf,cr,0.0,ppm,1,,39,as is,14.0,,xkang2@lbl.gov,tiny,provisional,,2026-07-17 19:04:02.701904,
(03)645d,25,almond hulls,42,46,xrf,ca,3850.0,ppm,1,,39,as is,14.0,,xkang2@lbl.gov,tiny,provisional,,2026-07-17 19:04:02.701904,
(03)663c,25,almond hulls,42,46,xrf,si,17900.0,ppm,1,,39,as is,14.0,,xkang2@lbl.gov,tiny,provisional,,2026-07-17 19:04:02.701904,
(03)6772,25,almond hulls,42,46,xrf,cd,0.0,ppm,1,,39,as is,14.0,,xkang2@lbl.gov,tiny,provisional,,2026-07-17 19:04:02.701904,
(03)68d1,25,almond hulls,42,46,xrf,u,21.0,ppm,1,,39,as is,14.0,,xkang2@lbl.gov,tiny,provisional,,2026-07-17 19:04:02.701904,
(03)6a5b,25,almond hulls,42,46,xrf,fe,527.0,ppm,1,,39,as is,14.0,,xkang2@lbl.gov,tiny,provisional,,2026-07-17 19:04:02.701904,
(03)6fa2,25,almond hulls,42,46,xrf,hg,0.0,ppm,1,,39,as is,14.0,,xkang2@lbl.gov,tiny,provisional,,2026-07-17 19:04:02.701904,
(03)79f8,25,almond hulls,42,46,xrf,ti,344.0,ppm,1,,39,as is,14.0,,xkang2@lbl.gov,tiny,provisional,,2026-07-17 19:04:02.701904,
(03)7bbf,25,almond hulls,42,46,xrf,sb,0.0,ppm,1,,39,as is,14.0,,xkang2@lbl.gov,tiny,provisional,,2026-07-17 19:04:02.701904,
(03)82cf,25,almond hulls,42,46,xrf,p,529.0,ppm,1,,39,as is,14.0,,xkang2@lbl.gov,tiny,provisional,,2026-07-17 19:04:02.701904,
(03)87ee,25,almond hulls,42,46,xrf,as,0.0,ppm,1,,39,as is,14.0,,xkang2@lbl.gov,tiny,provisional,,2026-07-17 19:04:02.701904,
(03)8ac6,25,almond hulls,42,46,xrf,sn,0.0,ppm,1,,39,as is,14.0,,xkang2@lbl.gov,tiny,provisional,,2026-07-17 19:04:02.701904,
(03)8bb0,25,almond hulls,42,46,xrf,se,0.0,ppm,1,,39,as is,14.0,,xkang2@lbl.gov,tiny,provisional,,2026-07-17 19:04:02.701904,
(03)9180,25,almond hulls,42,46,xrf,pb,0.0,ppm,1,,39,as is,14.0,,xkang2@lbl.gov,tiny,provisional,,2026-07-17 19:04:02.701904,
(03)a7f4,25,almond hulls,42,46,xrf,pr,58.0,ppm,1,,39,as is,14.0,,xkang2@lbl.gov,tiny,provisional,,2026-07-17 19:04:02.701904,
(03)b582,25,almond hulls,42,46,xrf,ni,0.0,ppm,1,,39,as is,14.0,,xkang2@lbl.gov,tiny,provisional,,2026-07-17 19:04:02.701904,
(03)b6d0,25,almond hulls,42,46,xrf,bi,0.0,ppm,1,,39,as is,14.0,,xkang2@lbl.gov,tiny,provisional,,2026-07-17 19:04:02.701904,
(03)b995,25,almond hulls,42,46,xrf,ba,22.0,ppm,1,,39,as is,14.0,,xkang2@lbl.gov,tiny,provisional,,2026-07-17 19:04:02.701904,
(03)bbdf,25,almond hulls,42,46,xrf,k,39100.0,ppm,1,,39,as is,14.0,,xkang2@lbl.gov,tiny,provisional,,2026-07-17 19:04:02.701904,
(03)d09a,25,almond hulls,42,46,xrf,nd,0.0,ppm,1,,39,as is,14.0,,xkang2@lbl.gov,tiny,provisional,,2026-07-17 19:04:02.701904,
(03)d3b2,25,almond hulls,42,46,xrf,v,0.0,ppm,1,,39,as is,14.0,,xkang2@lbl.gov,tiny,provisional,,2026-07-17 19:04:02.701904,
(03)d950,25,almond hulls,42,46,xrf,sr,16.0,ppm,1,,39,as is,14.0,,xkang2@lbl.gov,tiny,provisional,,2026-07-17 19:04:02.701904,
(03)da2a,25,almond hulls,42,46,xrf,mn,0.0,ppm,1,,39,as is,14.0,,xkang2@lbl.gov,tiny,provisional,,2026-07-17 19:04:02.701904,
(03)e3e0,25,almond hulls,42,46,xrf,zr,0.0,ppm,1,,39,as is,14.0,,xkang2@lbl.gov,tiny,provisional,,2026-07-17 19:04:02.701904,
(03)e8b6,25,almond hulls,42,46,xrf,w,0.0,ppm,1,,39,as is,14.0,,xkang2@lbl.gov,tiny,provisional,,2026-07-17 19:04:02.701904,
(03)ea08,25,almond hulls,42,46,xrf,ce,42.0,ppm,1,,39,as is,14.0,,xkang2@lbl.gov,tiny,provisional,,2026-07-17 19:04:02.701904,
(03)f15b,25,almond hulls,42,46,xrf,cu,12.0,ppm,1,,39,as is,14.0,,xkang2@lbl.gov,tiny,provisional,,2026-07-17 19:04:02.701904,
(03)f6cb,25,almond hulls,42,46,xrf,nb,0.0,ppm,1,,39,as is,14.0,,xkang2@lbl.gov,tiny,provisional,,2026-07-17 19:04:02.701904,
(03)fcf0,25,almond hulls,42,46,xrf,ag,0.0,ppm,1,,39,as is,14.0,,xkang2@lbl.gov,tiny,provisional,,2026-07-17 19:04:02.701904,
(04)0082,31,almond shells,148,47,xrf,k,21100.0,ppm,2,,38,knife mill (2mm),20.0,,jduong@lbl.gov,capstan,pass,,2026-07-17 19:04:02.701904,
(04)059f,31,almond shells,148,47,xrf,si,5440.0,ppm,3,,38,knife mill (2mm),20.0,,jduong@lbl.gov,capstan,pass,,2026-07-17 19:04:02.701904,
(04)05fc,31,almond shells,148,47,xrf,s,480.0,ppm,2,,38,knife mill (2mm),20.0,,jduong@lbl.gov,capstan,pass,,2026-07-17 19:04:02.701904,
(04)0a4a,31,almond shells,148,47,xrf,cu,9.0,ppm,1,,38,knife mill (2mm),20.0,,jduong@lbl.gov,capstan,pass,,2026-07-17 19:04:02.701904,
(04)0e4d,31,almond shells,148,47,xrf,pr,147.0,ppm,3,,38,knife mill (2mm),20.0,,jduong@lbl.gov,capstan,pass,,2026-07-17 19:04:02.701904,
(04)11d4,31,almond shells,148,47,xrf,ca,4080.0,ppm,1,,38,knife mill (2mm),20.0,,jduong@lbl.gov,capstan,pass,,2026-07-17 19:04:02.701904,
(04)158c,31,almond shells,148,47,xrf,p,773.0,ppm,1,,38,knife mill (2mm),20.0,,jduong@lbl.gov,capstan,pass,,2026-07-17 19:04:02.701904,
(04)1ae0,31,almond shells,148,47,xrf,p,773.0,ppm,3,,38,knife mill (2mm),20.0,,jduong@lbl.gov,capstan,pass,,2026-07-17 19:04:02.701904,
(04)1b40,31,almond shells,148,47,xrf,sr,21.0,ppm,2,,38,knife mill (2mm),20.0,,jduong@lbl.gov,capstan,pass,,2026-07-17 19:04:02.701904,
(04)1b93,31,almond shells,148,47,xrf,ca,4020.0,ppm,3,,38,knife mill (2mm),20.0,,jduong@lbl.gov,capstan,pass,,2026-07-17 19:04:02.701904,
(04)1da4,31,almond shells,148,47,xrf,cu,11.0,ppm,3,,38,knife mill (2mm),20.0,,jduong@lbl.gov,capstan,pass,,2026-07-17 19:04:02.701904,
(04)211e,31,almond shells,148,47,xrf,u,16.0,ppm,2,,38,knife mill (2mm),20.0,,jduong@lbl.gov,capstan,pass,,2026-07-17 19:04:02.701904,
(04)26c5,31,almond shells,148,47,xrf,ba,26.0,ppm,1,,38,knife mill (2mm),20.0,,jduong@lbl.gov,capstan,pass,,2026-07-17 19:04:02.701904,
(04)285e,31,almond shells,148,47,xrf,mg,3880.0,ppm,2,,38,knife mill (2mm),20.0,,jduong@lbl.gov,capstan,fail,other two replicates are <lod,2026-07-17 19:04:02.701904,
(04)288a,31,almond shells,148,47,xrf,ce,49.0,ppm,2,,38,knife mill (2mm),20.0,,jduong@lbl.gov,capstan,pass,,2026-07-17 19:04:02.701904,
(04)29ee,31,almond shells,148,47,xrf,si,5280.0,ppm,2,,38,knife mill (2mm),20.0,,jduong@lbl.gov,capstan,pass,,2026-07-17 19:04:02.701904,
(04)2bcb,31,almond shells,148,47,xrf,sr,23.0,ppm,1,,38,knife mill (2mm),20.0,,jduong@lbl.gov,capstan,pass,,2026-07-17 19:04:02.701904,
(04)37d2,31,almond shells,148,47,xrf,th,41.0,ppm,1,,38,knife mill (2mm),20.0,,jduong@lbl.gov,capstan,pass,,2026-07-17 19:04:02.701904,
(04)3a6c,31,almond shells,148,47,xrf,ba,23.0,ppm,3,,38,knife mill (2mm),20.0,,jduong@lbl.gov,capstan,pass,,2026-07-17 19:04:02.701904,
(04)3d9a,31,almond shells,148,47,xrf,rb,14.0,ppm,3,,38,knife mill (2mm),20.0,,jduong@lbl.gov,capstan,pass,,2026-07-17 19:04:02.701904,
(04)3dd4,31,almond shells,148,47,xrf,ti,203.0,ppm,2,,38,knife mill (2mm),20.0,,jduong@lbl.gov,capstan,pass,,2026-07-17 19:04:02.701904,
(04)3eb6,31,almond shells,148,47,xrf,w,4.0,ppm,3,,38,knife mill (2mm),20.0,,jduong@lbl.gov,capstan,fail,other two replicates are <lod,2026-07-17 19:04:02.701904,
(04)56cc,31,almond shells,148,47,xrf,al,1560.0,ppm,2,,38,knife mill (2mm),20.0,,jduong@lbl.gov,capstan,pass,,2026-07-17 19:04:02.701904,
(04)5c87,31,almond shells,148,47,xrf,ba,29.0,ppm,2,,38,knife mill (2mm),20.0,,jduong@lbl.gov,capstan,pass,,2026-07-17 19:04:02.701904,
(04)5c8d,31,almond shells,148,47,xrf,s,448.0,ppm,3,,38,knife mill (2mm),20.0,,jduong@lbl.gov,capstan,pass,,2026-07-17 19:04:02.701904,
(04)5f9c,31,almond shells,148,47,xrf,u,15.0,ppm,1,,38,knife mill (2mm),20.0,,jduong@lbl.gov,capstan,pass,,2026-07-17 19:04:02.701904,
(04)661b,31,almond shells,148,47,xrf,mn,31.0,ppm,2,,38,knife mill (2mm),20.0,,jduong@lbl.gov,capstan,pass,,2026-07-17 19:04:02.701904,
(04)66c9,31,almond shells,148,47,xrf,s,473.0,ppm,1,,38,knife mill (2mm),20.0,,jduong@lbl.gov,capstan,pass,,2026-07-17 19:04:02.701904,
(04)7202,31,almond shells,148,47,xrf,ca,4040.0,ppm,2,,38,knife mill (2mm),20.0,,jduong@lbl.gov,capstan,pass,,2026-07-17 19:04:02.701904,
(04)7479,31,almond shells,148,47,xrf,k,23200.0,ppm,1,,38,knife mill (2mm),20.0,,jduong@lbl.gov,capstan,pass,,2026-07-17 19:04:02.701904,
(04)7819,31,almond shells,148,47,xrf,la,48.0,ppm,2,,38,knife mill (2mm),20.0,,jduong@lbl.gov,capstan,pass,,2026-07-17 19:04:02.701904,
(04)8233,31,almond shells,148,47,xrf,sr,21.0,ppm,3,,38,knife mill (2mm),20.0,,jduong@lbl.gov,capstan,pass,,2026-07-17 19:04:02.701904,
(04)8493,31,almond shells,148,47,xrf,th,44.0,ppm,3,,38,knife mill (2mm),20.0,,jduong@lbl.gov,capstan,pass,,2026-07-17 19:04:02.701904,
(04)84a7,31,almond shells,148,47,xrf,u,14.0,ppm,3,,38,knife mill (2mm),20.0,,jduong@lbl.gov,capstan,pass,,2026-07-17 19:04:02.701904,
(04)888c,31,almond shells,148,47,xrf,al,1360.0,ppm,1,,38,knife mill (2mm),20.0,,jduong@lbl.gov,capstan,pass,,2026-07-17 19:04:02.701904,
(04)9261,31,almond shells,148,47,xrf,ce,78.0,ppm,3,,38,knife mill (2mm),20.0,,jduong@lbl.gov,capstan,pass,,2026-07-17 19:04:02.701904,
(04)9df6,31,almond shells,148,47,xrf,rb,14.0,ppm,1,,38,knife mill (2mm),20.0,,jduong@lbl.gov,capstan,pass,,2026-07-17 19:04:02.701904,
(04)a116,31,almond shells,148,47,xrf,cu,11.0,ppm,2,,38,knife mill (2mm),20.0,,jduong@lbl.gov,capstan,pass,,2026-07-17 19:04:02.701904,
(04)a48f,31,almond shells,148,47,xrf,pr,76.0,ppm,2,,38,knife mill (2mm),20.0,,jduong@lbl.gov,capstan,pass,,2026-07-17 19:04:02.701904,
(04)a859,31,almond shells,148,47,xrf,si,5120.0,ppm,1,,38,knife mill (2mm),20.0,,jduong@lbl.gov,capstan,pass,,2026-07-17 19:04:02.701904,
(04)b583,31,almond shells,148,47,xrf,p,748.0,ppm,2,,38,knife mill (2mm),20.0,,jduong@lbl.gov,capstan,pass,,2026-07-17 19:04:02.701904,
(04)bc1d,31,almond shells,148,47,xrf,rb,12.0,ppm,2,,38,knife mill (2mm),20.0,,jduong@lbl.gov,capstan,pass,,2026-07-17 19:04:02.701904,
(04)c6e9,31,almond shells,148,47,xrf,mn,51.0,ppm,1,,38,knife mill (2mm),20.0,,jduong@lbl.gov,capstan,pass,,2026-07-17 19:04:02.701904,
(04)ceef,31,almond shells,148,47,xrf,nd,94.0,ppm,2,,38,knife mill (2mm),20.0,,jduong@lbl.gov,capstan,fail,other two replicates are <lod,2026-07-17 19:04:02.701904,
(04)d17f,31,almond shells,148,47,xrf,ti,186.0,ppm,3,,38,knife mill (2mm),20.0,,jduong@lbl.gov,capstan,pass,,2026-07-17 19:04:02.701904,
(04)d1f3,31,almond shells,148,47,xrf,fe,517.0,ppm,2,,38,knife mill (2mm),20.0,,jduong@lbl.gov,capstan,pass,,2026-07-17 19:04:02.701904,
(04)d4f0,31,almond shells,148,47,xrf,k,21100.0,ppm,3,,38,knife mill (2mm),20.0,,jduong@lbl.gov,capstan,pass,,2026-07-17 19:04:02.701904,
(04)e0e2,31,almond shells,148,47,xrf,fe,510.0,ppm,1,,38,knife mill (2mm),20.0,,jduong@lbl.gov,capstan,pass,,2026-07-17 19:04:02.701904,
(04)e2e0,31,almond shells,148,47,xrf,zn,21.0,ppm,3,,38,knife mill (2mm),20.0,,jduong@lbl.gov,capstan,pass,,2026-07-17 19:04:02.701904,
(04)e8bc,31,almond shells,148,47,xrf,al,1550.0,ppm,3,,38,knife mill (2mm),20.0,,jduong@lbl.gov,capstan,pass,,2026-07-17 19:04:02.701904,
(04)ec94,31,almond shells,148,47,xrf,zn,21.0,ppm,2,,38,knife mill (2mm),20.0,,jduong@lbl.gov,capstan,pass,,2026-07-17 19:04:02.701904,
(04)edd8,31,almond shells,148,47,xrf,zn,20.0,ppm,1,,38,knife mill (2mm),20.0,,jduong@lbl.gov,capstan,pass,,2026-07-17 19:04:02.701904,
(04)ee12,31,almond shells,148,47,xrf,th,46.0,ppm,2,,38,knife mill (2mm),20.0,,jduong@lbl.gov,capstan,pass,,2026-07-17 19:04:02.701904,
(04)ef87,31,almond shells,148,47,xrf,fe,526.0,ppm,3,,38,knife mill (2mm),20.0,,jduong@lbl.gov,capstan,pass,,2026-07-17 19:04:02.701904,
(04)f326,31,almond shells,148,47,xrf,mn,30.0,ppm,3,,38,knife mill (2mm),20.0,,jduong@lbl.gov,capstan,pass,,2026-07-17 19:04:02.701904,
(04)f5c6,31,almond shells,148,47,xrf,la,47.0,ppm,1,,38,knife mill (2mm),20.0,,jduong@lbl.gov,capstan,pass,,2026-07-17 19:04:02.701904,
(15)00d9,19,walnut shells,160,47,xrf,rb,4.0,ppm,2,,38,knife mill (2mm),20.0,,jduong@lbl.gov,cutaway,pass,,2026-07-17 19:04:02.701904,
(15)02c5,19,walnut shells,160,47,xrf,u,15.0,ppm,3,,38,knife mill (2mm),20.0,,jduong@lbl.gov,cutaway,pass,,2026-07-17 19:04:02.701904,
(15)058d,19,walnut shells,160,47,xrf,p,389.0,ppm,3,,38,knife mill (2mm),20.0,,jduong@lbl.gov,cutaway,pass,,2026-07-17 19:04:02.701904,
(15)0c45,19,walnut shells,160,47,xrf,sr,17.0,ppm,1,,38,knife mill (2mm),20.0,,jduong@lbl.gov,cutaway,pass,,2026-07-17 19:04:02.701904,
(15)1296,19,walnut shells,160,47,xrf,th,53.0,ppm,2,,38,knife mill (2mm),20.0,,jduong@lbl.gov,cutaway,pass,,2026-07-17 19:04:02.701904,
(15)1653,19,walnut shells,160,47,xrf,rb,5.0,ppm,1,,38,knife mill (2mm),20.0,,jduong@lbl.gov,cutaway,pass,,2026-07-17 19:04:02.701904,
(15)1716,19,walnut shells,160,47,xrf,p,400.0,ppm,2,,38,knife mill (2mm),20.0,,jduong@lbl.gov,cutaway,pass,,2026-07-17 19:04:02.701904,
(15)1866,19,walnut shells,160,47,xrf,mn,28.0,ppm,3,,38,knife mill (2mm),20.0,,jduong@lbl.gov,cutaway,pass,,2026-07-17 19:04:02.701904,
(15)1fc3,19,walnut shells,160,47,xrf,fe,78.0,ppm,1,,38,knife mill (2mm),20.0,,jduong@lbl.gov,cutaway,pass,,2026-07-17 19:04:02.701904,
(15)2474,19,walnut shells,160,47,xrf,la,43.0,ppm,3,,38,knife mill (2mm),20.0,,jduong@lbl.gov,cutaway,pass,,2026-07-17 19:04:02.701904,
(15)290b,19,walnut shells,160,47,xrf,cu,10.0,ppm,2,,38,knife mill (2mm),20.0,,jduong@lbl.gov,cutaway,pass,,2026-07-17 19:04:02.701904,
(15)2b3b,19,walnut shells,160,47,xrf,zn,10.0,ppm,1,,38,knife mill (2mm),20.0,,jduong@lbl.gov,cutaway,pass,,2026-07-17 19:04:02.701904,
(15)2d15,19,walnut shells,160,47,xrf,th,52.0,ppm,3,,38,knife mill (2mm),20.0,,jduong@lbl.gov,cutaway,pass,,2026-07-17 19:04:02.701904,
(15)326b,19,walnut shells,160,47,xrf,pr,72.0,ppm,3,,38,knife mill (2mm),20.0,,jduong@lbl.gov,cutaway,pass,,2026-07-17 19:04:02.701904,
(15)33c3,19,walnut shells,160,47,xrf,k,6200.0,ppm,1,,38,knife mill (2mm),20.0,,jduong@lbl.gov,cutaway,pass,,2026-07-17 19:04:02.701904,
(15)3918,19,walnut shells,160,47,xrf,fe,82.0,ppm,2,,38,knife mill (2mm),20.0,,jduong@lbl.gov,cutaway,pass,,2026-07-17 19:04:02.701904,
(15)3ec3,19,walnut shells,160,47,xrf,rb,5.0,ppm,3,,38,knife mill (2mm),20.0,,jduong@lbl.gov,cutaway,pass,,2026-07-17 19:04:02.701904,
(15)412b,19,walnut shells,160,47,xrf,s,346.0,ppm,2,,38,knife mill (2mm),20.0,,jduong@lbl.gov,cutaway,pass,,2026-07-17 19:04:02.701904,
(15)4ac4,19,walnut shells,160,47,xrf,si,1080.0,ppm,1,,38,knife mill (2mm),20.0,,jduong@lbl.gov,cutaway,pass,,2026-07-17 19:04:02.701904,
(15)4bdc,19,walnut shells,160,47,xrf,mn,27.0,ppm,2,,38,knife mill (2mm),20.0,,jduong@lbl.gov,cutaway,pass,,2026-07-17 19:04:02.701904,
(15)5971,19,walnut shells,160,47,xrf,nd,95.0,ppm,3,,38,knife mill (2mm),20.0,,jduong@lbl.gov,cutaway,fail,other two replicates are <lod,2026-07-17 19:04:02.701904,
(15)5b43,19,walnut shells,160,47,xrf,cu,14.0,ppm,3,,38,knife mill (2mm),20.0,,jduong@lbl.gov,cutaway,pass,,2026-07-17 19:04:02.701904,
(15)5e56,19,walnut shells,160,47,xrf,p,353.0,ppm,1,,38,knife mill (2mm),20.0,,jduong@lbl.gov,cutaway,pass,,2026-07-17 19:04:02.701904,
(15)652a,19,walnut shells,160,47,xrf,zn,10.0,ppm,3,,38,knife mill (2mm),20.0,,jduong@lbl.gov,cutaway,pass,,2026-07-17 19:04:02.701904,
(15)698e,19,walnut shells,160,47,xrf,co,8.0,ppm,3,,38,knife mill (2mm),20.0,,jduong@lbl.gov,cutaway,fail,other two replicates are <lod,2026-07-17 19:04:02.701904,
(15)6cc3,19,walnut shells,160,47,xrf,sr,18.0,ppm,3,,38,knife mill (2mm),20.0,,jduong@lbl.gov,cutaway,pass,,2026-07-17 19:04:02.701904,
(15)71f8,19,walnut shells,160,47,xrf,pr,68.0,ppm,2,,38,knife mill (2mm),20.0,,jduong@lbl.gov,cutaway,pass,,2026-07-17 19:04:02.701904,
(15)73d9,19,walnut shells,160,47,xrf,ca,4540.0,ppm,3,,38,knife mill (2mm),20.0,,jduong@lbl.gov,cutaway,pass,,2026-07-17 19:04:02.701904,
(15)7432,19,walnut shells,160,47,xrf,s,291.0,ppm,1,,38,knife mill (2mm),20.0,,jduong@lbl.gov,cutaway,pass,,2026-07-17 19:04:02.701904,
(15)7859,19,walnut shells,160,47,xrf,k,5120.0,ppm,3,,38,knife mill (2mm),20.0,,jduong@lbl.gov,cutaway,pass,,2026-07-17 19:04:02.701904,
(15)7be0,19,walnut shells,160,47,xrf,th,56.0,ppm,1,,38,knife mill (2mm),20.0,,jduong@lbl.gov,cutaway,pass,,2026-07-17 19:04:02.701904,
(15)86eb,19,walnut shells,160,47,xrf,zn,8.0,ppm,2,,38,knife mill (2mm),20.0,,jduong@lbl.gov,cutaway,pass,,2026-07-17 19:04:02.701904,
(15)8a38,19,walnut shells,160,47,xrf,ca,4480.0,ppm,2,,38,knife mill (2mm),20.0,,jduong@lbl.gov,cutaway,pass,,2026-07-17 19:04:02.701904,
(15)8b42,19,walnut shells,160,47,xrf,cu,11.0,ppm,1,,38,knife mill (2mm),20.0,,jduong@lbl.gov,cutaway,pass,,2026-07-17 19:04:02.701904,
(15)8fd6,19,walnut shells,160,47,xrf,u,17.0,ppm,1,,38,knife mill (2mm),20.0,,jduong@lbl.gov,cutaway,pass,,2026-07-17 19:04:02.701904,
(15)939b,19,walnut shells,160,47,xrf,si,977.0,ppm,3,,38,knife mill (2mm),20.0,,jduong@lbl.gov,cutaway,pass,,2026-07-17 19:04:02.701904,
(15)aee8,19,walnut shells,160,47,xrf,ce,43.0,ppm,3,,38,knife mill (2mm),20.0,,jduong@lbl.gov,cutaway,pass,,2026-07-17 19:04:02.701904,
(15)b130,19,walnut shells,160,47,xrf,ba,25.0,ppm,1,,38,knife mill (2mm),20.0,,jduong@lbl.gov,cutaway,pass,,2026-07-17 19:04:02.701904,
(15)b707,19,walnut shells,160,47,xrf,ti,210.0,ppm,2,,38,knife mill (2mm),20.0,,jduong@lbl.gov,cutaway,pass,,2026-07-17 19:04:02.701904,
(15)bc5c,19,walnut shells,160,47,xrf,ti,228.0,ppm,1,,38,knife mill (2mm),20.0,,jduong@lbl.gov,cutaway,pass,,2026-07-17 19:04:02.701904,
(15)c0c0,19,walnut shells,160,47,xrf,u,16.0,ppm,2,,38,knife mill (2mm),20.0,,jduong@lbl.gov,cutaway,pass,,2026-07-17 19:04:02.701904,
(15)c396,19,walnut shells,160,47,xrf,fe,85.0,ppm,3,,38,knife mill (2mm),20.0,,jduong@lbl.gov,cutaway,pass,,2026-07-17 19:04:02.701904,
(15)c823,19,walnut shells,160,47,xrf,al,628.0,ppm,3,,38,knife mill (2mm),20.0,,jduong@lbl.gov,cutaway,pass,,2026-07-17 19:04:02.701904,
(15)c846,19,walnut shells,160,47,xrf,si,939.0,ppm,2,,38,knife mill (2mm),20.0,,jduong@lbl.gov,cutaway,pass,,2026-07-17 19:04:02.701904,
(15)cba3,19,walnut shells,160,47,xrf,s,341.0,ppm,3,,38,knife mill (2mm),20.0,,jduong@lbl.gov,cutaway,pass,,2026-07-17 19:04:02.701904,
(15)cc90,19,walnut shells,160,47,xrf,sr,19.0,ppm,2,,38,knife mill (2mm),20.0,,jduong@lbl.gov,cutaway,pass,,2026-07-17 19:04:02.701904,
(15)d38f,19,walnut shells,160,47,xrf,ba,25.0,ppm,2,,38,knife mill (2mm),20.0,,jduong@lbl.gov,cutaway,pass,,2026-07-17 19:04:02.701904,
(15)d7c8,19,walnut shells,160,47,xrf,ca,4570.0,ppm,1,,38,knife mill (2mm),20.0,,jduong@lbl.gov,cutaway,pass,,2026-07-17 19:04:02.701904,
(15)dc7b,19,walnut shells,160,47,xrf,ba,32.0,ppm,3,,38,knife mill (2mm),20.0,,jduong@lbl.gov,cutaway,pass,,2026-07-17 19:04:02.701904,
(15)deae,19,walnut shells,160,47,xrf,k,4990.0,ppm,2,,38,knife mill (2mm),20.0,,jduong@lbl.gov,cutaway,pass,,2026-07-17 19:04:02.701904,
(15)e759,19,walnut shells,160,47,xrf,al,794.0,ppm,2,,38,knife mill (2mm),20.0,,jduong@lbl.gov,cutaway,pass,,2026-07-17 19:04:02.701904,
(15)f368,19,walnut shells,160,47,xrf,ce,53.0,ppm,2,,38,knife mill (2mm),20.0,,jduong@lbl.gov,cutaway,pass,,2026-07-17 19:04:02.701904,
(15)f551,19,walnut shells,160,47,xrf,mn,33.0,ppm,1,,38,knife mill (2mm),20.0,,jduong@lbl.gov,cutaway,pass,,2026-07-17 19:04:02.701904,
(15)fbf3,19,walnut shells,160,47,xrf,ce,45.0,ppm,1,,38,knife mill (2mm),20.0,,jduong@lbl.gov,cutaway,pass,,2026-07-17 19:04:02.701904,
(19)02f4,13,walnut hulls,45,44,xrf,ni,0.0,ppm,1,,39,as is,14.0,,xkang2@lbl.gov,energetic,provisional,,2026-07-17 19:04:02.701904,
(19)1637,13,walnut hulls,45,44,xrf,u,14.0,ppm,1,,39,as is,14.0,,xkang2@lbl.gov,energetic,provisional,,2026-07-17 19:04:02.701904,
(19)16a6,13,walnut hulls,45,44,xrf,pr,53.0,ppm,1,,39,as is,14.0,,xkang2@lbl.gov,energetic,provisional,,2026-07-17 19:04:02.701904,
(19)278a,13,walnut hulls,45,44,xrf,se,0.0,ppm,1,,39,as is,14.0,,xkang2@lbl.gov,energetic,provisional,,2026-07-17 19:04:02.701904,
(19)3303,13,walnut hulls,45,44,xrf,ti,0.0,ppm,1,,39,as is,14.0,,xkang2@lbl.gov,energetic,provisional,,2026-07-17 19:04:02.701904,
(19)3655,13,walnut hulls,45,44,xrf,v,0.0,ppm,1,,39,as is,14.0,,xkang2@lbl.gov,energetic,provisional,,2026-07-17 19:04:02.701904,
(19)37ca,13,walnut hulls,45,44,xrf,p,0.0,ppm,1,,39,as is,14.0,,xkang2@lbl.gov,energetic,provisional,,2026-07-17 19:04:02.701904,
(19)38c9,13,walnut hulls,45,44,xrf,si,6540.0,ppm,1,,39,as is,14.0,,xkang2@lbl.gov,energetic,provisional,,2026-07-17 19:04:02.701904,
(19)55eb,13,walnut hulls,45,44,xrf,sr,49.0,ppm,1,,39,as is,14.0,,xkang2@lbl.gov,energetic,provisional,,2026-07-17 19:04:02.701904,
(19)5874,13,walnut hulls,45,44,xrf,w,0.0,ppm,1,,39,as is,14.0,,xkang2@lbl.gov,energetic,provisional,,2026-07-17 19:04:02.701904,
(19)6aed,13,walnut hulls,45,44,xrf,cd,0.0,ppm,1,,39,as is,14.0,,xkang2@lbl.gov,energetic,provisional,,2026-07-17 19:04:02.701904,
(19)6fb1,13,walnut hulls,45,44,xrf,ba,17.0,ppm,1,,39,as is,14.0,,xkang2@lbl.gov,energetic,provisional,,2026-07-17 19:04:02.701904,
(19)8819,13,walnut hulls,45,44,xrf,sn,0.0,ppm,1,,39,as is,14.0,,xkang2@lbl.gov,energetic,provisional,,2026-07-17 19:04:02.701904,
(19)8bc9,13,walnut hulls,45,44,xrf,y,0.0,ppm,1,,39,as is,14.0,,xkang2@lbl.gov,energetic,provisional,,2026-07-17 19:04:02.701904,
(19)8cb9,13,walnut hulls,45,44,xrf,co,0.0,ppm,1,,39,as is,14.0,,xkang2@lbl.gov,energetic,provisional,,2026-07-17 19:04:02.701904,
(19)90a5,13,walnut hulls,45,44,xrf,mo,11.0,ppm,1,,39,as is,14.0,,xkang2@lbl.gov,energetic,provisional,,2026-07-17 19:04:02.701904,
(19)9629,13,walnut hulls,45,44,xrf,rb,14.0,ppm,1,,39,as is,14.0,,xkang2@lbl.gov,energetic,provisional,,2026-07-17 19:04:02.701904,
(19)9c14,13,walnut hulls,45,44,xrf,sb,0.0,ppm,1,,39,as is,14.0,,xkang2@lbl.gov,energetic,provisional,,2026-07-17 19:04:02.701904,
(19)a5fe,13,walnut hulls,45,44,xrf,k,3940.0,ppm,1,,39,as is,14.0,,xkang2@lbl.gov,energetic,provisional,,2026-07-17 19:04:02.701904,
(19)ade8,13,walnut hulls,45,44,xrf,ag,0.0,ppm,1,,39,as is,14.0,,xkang2@lbl.gov,energetic,provisional,,2026-07-17 19:04:02.701904,
(19)b41c,13,walnut hulls,45,44,xrf,th,73.0,ppm,1,,39,as is,14.0,,xkang2@lbl.gov,energetic,provisional,,2026-07-17 19:04:02.701904,
(19)b77b,13,walnut hulls,45,44,xrf,ce,43.0,ppm,1,,39,as is,14.0,,xkang2@lbl.gov,energetic,provisional,,2026-07-17 19:04:02.701904,
(19)c238,13,walnut hulls,45,44,xrf,mg,0.0,ppm,1,,39,as is,14.0,,xkang2@lbl.gov,energetic,provisional,,2026-07-17 19:04:02.701904,
(19)c4fb,13,walnut hulls,45,44,xrf,fe,2830.0,ppm,1,,39,as is,14.0,,xkang2@lbl.gov,energetic,provisional,,2026-07-17 19:04:02.701904,
(19)c890,13,walnut hulls,45,44,xrf,pb,0.0,ppm,1,,39,as is,14.0,,xkang2@lbl.gov,energetic,provisional,,2026-07-17 19:04:02.701904,
(19)cadd,13,walnut hulls,45,44,xrf,nb,0.0,ppm,1,,39,as is,14.0,,xkang2@lbl.gov,energetic,provisional,,2026-07-17 19:04:02.701904,
(19)d4e1,13,walnut hulls,45,44,xrf,al,0.0,ppm,1,,39,as is,14.0,,xkang2@lbl.gov,energetic,provisional,,2026-07-17 19:04:02.701904,
(19)d761,13,walnut hulls,45,44,xrf,hg,0.0,ppm,1,,39,as is,14.0,,xkang2@lbl.gov,energetic,provisional,,2026-07-17 19:04:02.701904,
(19)db1e,13,walnut hulls,45,44,xrf,cr,0.0,ppm,1,,39,as is,14.0,,xkang2@lbl.gov,energetic,provisional,,2026-07-17 19:04:02.701904,
(19)de3d,13,walnut hulls,45,44,xrf,zr,0.0,ppm,1,,39,as is,14.0,,xkang2@lbl.gov,energetic,provisional,,2026-07-17 19:04:02.701904,
(19)e666,13,walnut hulls,45,44,xrf,bi,0.0,ppm,1,,39,as is,14.0,,xkang2@lbl.gov,energetic,provisional,,2026-07-17 19:04:02.701904,
(19)e679,13,walnut hulls,45,44,xrf,la,29.0,ppm,1,,39,as is,14.0,,xkang2@lbl.gov,energetic,provisional,,2026-07-17 19:04:02.701904,
(19)e74d,13,walnut hulls,45,44,xrf,nd,76.0,ppm,1,,39,as is,14.0,,xkang2@lbl.gov,energetic,provisional,,2026-07-17 19:04:02.701904,
(19)e9e9,13,walnut hulls,45,44,xrf,zn,13.0,ppm,1,,39,as is,14.0,,xkang2@lbl.gov,energetic,provisional,,2026-07-17 19:04:02.701904,
(19)eed6,13,walnut hulls,45,44,xrf,mn,69.0,ppm,1,,39,as is,14.0,,xkang2@lbl.gov,energetic,provisional,,2026-07-17 19:04:02.701904,
(19)f0d5,13,walnut hulls,45,44,xrf,ca,4370.0,ppm,1,,39,as is,14.0,,xkang2@lbl.gov,energetic,provisional,,2026-07-17 19:04:02.701904,
(19)f104,13,walnut hulls,45,44,xrf,as,0.0,ppm,1,,39,as is,14.0,,xkang2@lbl.gov,energetic,provisional,,2026-07-17 19:04:02.701904,
(19)f5a6,13,walnut hulls,45,44,xrf,s,168.0,ppm,1,,39,as is,14.0,,xkang2@lbl.gov,energetic,provisional,,2026-07-17 19:04:02.701904,
(19)f91f,13,walnut hulls,45,44,xrf,cu,14.0,ppm,1,,39,as is,14.0,,xkang2@lbl.gov,energetic,provisional,,2026-07-17 19:04:02.701904,
(24)017d,23,grape pomace,108,47,xrf,mn,36.0,ppm,3,,33,oven dry + knife mill (2mm),20.0,,jduong@lbl.gov,boatswain,pass,,2026-07-17 19:04:02.701904,
(24)073c,23,grape pomace,108,47,xrf,ba,65.0,ppm,2,,33,oven dry + knife mill (2mm),20.0,,jduong@lbl.gov,boatswain,pass,,2026-07-17 19:04:02.701904,
(24)0db7,23,grape pomace,108,47,xrf,ce,74.0,ppm,1,,33,oven dry + knife mill (2mm),20.0,,jduong@lbl.gov,boatswain,pass,,2026-07-17 19:04:02.701904,
(24)14de,23,grape pomace,108,47,xrf,p,2670.0,ppm,2,,33,oven dry + knife mill (2mm),20.0,,jduong@lbl.gov,boatswain,pass,,2026-07-17 19:04:02.701904,
(24)1ba3,23,grape pomace,108,47,xrf,zn,24.0,ppm,2,,33,oven dry + knife mill (2mm),20.0,,jduong@lbl.gov,boatswain,pass,,2026-07-17 19:04:02.701904,
(24)2053,23,grape pomace,108,47,xrf,la,71.0,ppm,1,,33,oven dry + knife mill (2mm),20.0,,jduong@lbl.gov,boatswain,pass,,2026-07-17 19:04:02.701904,
(24)235a,23,grape pomace,108,47,xrf,s,2590.0,ppm,3,,33,oven dry + knife mill (2mm),20.0,,jduong@lbl.gov,boatswain,pass,,2026-07-17 19:04:02.701904,
(24)3336,23,grape pomace,108,47,xrf,ba,39.0,ppm,1,,33,oven dry + knife mill (2mm),20.0,,jduong@lbl.gov,boatswain,pass,,2026-07-17 19:04:02.701904,
(24)3380,23,grape pomace,108,47,xrf,u,14.0,ppm,3,,33,oven dry + knife mill (2mm),20.0,,jduong@lbl.gov,boatswain,pass,,2026-07-17 19:04:02.701904,
(24)3474,23,grape pomace,108,47,xrf,la,3030.0,ppm,3,,33,oven dry + knife mill (2mm),20.0,,jduong@lbl.gov,boatswain,pass,,2026-07-17 19:04:02.701904,
(24)4337,23,grape pomace,108,47,xrf,mn,54.0,ppm,1,,33,oven dry + knife mill (2mm),20.0,,jduong@lbl.gov,boatswain,pass,,2026-07-17 19:04:02.701904,
(24)4cbe,23,grape pomace,108,47,xrf,la,75.0,ppm,2,,33,oven dry + knife mill (2mm),20.0,,jduong@lbl.gov,boatswain,pass,,2026-07-17 19:04:02.701904,
(24)5058,23,grape pomace,108,47,xrf,al,717.0,ppm,1,,33,oven dry + knife mill (2mm),20.0,,jduong@lbl.gov,boatswain,fail,other two replicates are <lod,2026-07-17 19:04:02.701904,
(24)55e4,23,grape pomace,108,47,xrf,u,12.0,ppm,1,,33,oven dry + knife mill (2mm),20.0,,jduong@lbl.gov,boatswain,pass,,2026-07-17 19:04:02.701904,
(24)5cba,23,grape pomace,108,47,xrf,zn,26.0,ppm,3,,33,oven dry + knife mill (2mm),20.0,,jduong@lbl.gov,boatswain,pass,,2026-07-17 19:04:02.701904,
(24)6efc,23,grape pomace,108,47,xrf,cu,22.0,ppm,2,,33,oven dry + knife mill (2mm),20.0,,jduong@lbl.gov,boatswain,pass,,2026-07-17 19:04:02.701904,
(24)7190,23,grape pomace,108,47,xrf,k,20300.0,ppm,2,,33,oven dry + knife mill (2mm),20.0,,jduong@lbl.gov,boatswain,pass,,2026-07-17 19:04:02.701904,
(24)779c,23,grape pomace,108,47,xrf,zn,23.0,ppm,1,,33,oven dry + knife mill (2mm),20.0,,jduong@lbl.gov,boatswain,pass,,2026-07-17 19:04:02.701904,
(24)7d9c,23,grape pomace,108,47,xrf,ca,6500.0,ppm,3,,33,oven dry + knife mill (2mm),20.0,,jduong@lbl.gov,boatswain,pass,,2026-07-17 19:04:02.701904,
(24)80af,23,grape pomace,108,47,xrf,fe,380.0,ppm,1,,33,oven dry + knife mill (2mm),20.0,,jduong@lbl.gov,boatswain,pass,,2026-07-17 19:04:02.701904,
(24)8e40,23,grape pomace,108,47,xrf,mn,48.0,ppm,2,,33,oven dry + knife mill (2mm),20.0,,jduong@lbl.gov,boatswain,pass,,2026-07-17 19:04:02.701904,
(24)90b9,23,grape pomace,108,47,xrf,p,2630.0,ppm,1,,33,oven dry + knife mill (2mm),20.0,,jduong@lbl.gov,boatswain,pass,,2026-07-17 19:04:02.701904,
(24)9495,23,grape pomace,108,47,xrf,th,41.0,ppm,1,,33,oven dry + knife mill (2mm),20.0,,jduong@lbl.gov,boatswain,pass,,2026-07-17 19:04:02.701904,
(24)95d4,23,grape pomace,108,47,xrf,th,36.0,ppm,2,,33,oven dry + knife mill (2mm),20.0,,jduong@lbl.gov,boatswain,pass,,2026-07-17 19:04:02.701904,
(24)964c,23,grape pomace,108,47,xrf,sr,34.0,ppm,1,,33,oven dry + knife mill (2mm),20.0,,jduong@lbl.gov,boatswain,pass,,2026-07-17 19:04:02.701904,
(24)9677,23,grape pomace,108,47,xrf,pr,93.0,ppm,1,,33,oven dry + knife mill (2mm),20.0,,jduong@lbl.gov,boatswain,fail,other two replicates are <lod,2026-07-17 19:04:02.701904,
(24)9d04,23,grape pomace,108,47,xrf,fe,387.0,ppm,2,,33,oven dry + knife mill (2mm),20.0,,jduong@lbl.gov,boatswain,pass,,2026-07-17 19:04:02.701904,
(24)9e55,23,grape pomace,108,47,xrf,ca,6540.0,ppm,2,,33,oven dry + knife mill (2mm),20.0,,jduong@lbl.gov,boatswain,pass,,2026-07-17 19:04:02.701904,
(24)a140,23,grape pomace,108,47,xrf,s,2510.0,ppm,1,,33,oven dry + knife mill (2mm),20.0,,jduong@lbl.gov,boatswain,pass,,2026-07-17 19:04:02.701904,
(24)a238,23,grape pomace,108,47,xrf,cu,22.0,ppm,3,,33,oven dry + knife mill (2mm),20.0,,jduong@lbl.gov,boatswain,pass,,2026-07-17 19:04:02.701904,
(24)b15e,23,grape pomace,108,47,xrf,u,14.0,ppm,2,,33,oven dry + knife mill (2mm),20.0,,jduong@lbl.gov,boatswain,pass,,2026-07-17 19:04:02.701904,
(24)b3af,23,grape pomace,108,47,xrf,sr,35.0,ppm,3,,33,oven dry + knife mill (2mm),20.0,,jduong@lbl.gov,boatswain,pass,,2026-07-17 19:04:02.701904,
(24)b5ac,23,grape pomace,108,47,xrf,si,3270.0,ppm,3,,33,oven dry + knife mill (2mm),20.0,,jduong@lbl.gov,boatswain,pass,,2026-07-17 19:04:02.701904,
(24)bbdf,23,grape pomace,108,47,xrf,th,42.0,ppm,3,,33,oven dry + knife mill (2mm),20.0,,jduong@lbl.gov,boatswain,pass,,2026-07-17 19:04:02.701904,
(24)bc68,23,grape pomace,108,47,xrf,rb,3.0,ppm,1,,33,oven dry + knife mill (2mm),20.0,,jduong@lbl.gov,boatswain,pass,,2026-07-17 19:04:02.701904,
(24)bea0,23,grape pomace,108,47,xrf,k,20300.0,ppm,3,,33,oven dry + knife mill (2mm),20.0,,jduong@lbl.gov,boatswain,pass,,2026-07-17 19:04:02.701904,
(24)c072,23,grape pomace,108,47,xrf,s,2660.0,ppm,2,,33,oven dry + knife mill (2mm),20.0,,jduong@lbl.gov,boatswain,pass,,2026-07-17 19:04:02.701904,
(24)c419,23,grape pomace,108,47,xrf,k,19200.0,ppm,1,,33,oven dry + knife mill (2mm),20.0,,jduong@lbl.gov,boatswain,pass,,2026-07-17 19:04:02.701904,
(24)c423,23,grape pomace,108,47,xrf,si,3220.0,ppm,2,,33,oven dry + knife mill (2mm),20.0,,jduong@lbl.gov,boatswain,pass,,2026-07-17 19:04:02.701904,
(24)c76f,23,grape pomace,108,47,xrf,ce,3990.0,ppm,3,,33,oven dry + knife mill (2mm),20.0,,jduong@lbl.gov,boatswain,pass,,2026-07-17 19:04:02.701904,
(24)c777,23,grape pomace,108,47,xrf,ba,2090.0,ppm,3,,33,oven dry + knife mill (2mm),20.0,,jduong@lbl.gov,boatswain,pass,,2026-07-17 19:04:02.701904,
(24)c93f,23,grape pomace,108,47,xrf,fe,389.0,ppm,3,,33,oven dry + knife mill (2mm),20.0,,jduong@lbl.gov,boatswain,pass,,2026-07-17 19:04:02.701904,
(24)c97d,23,grape pomace,108,47,xrf,p,2690.0,ppm,3,,33,oven dry + knife mill (2mm),20.0,,jduong@lbl.gov,boatswain,pass,,2026-07-17 19:04:02.701904,
(24)d959,23,grape pomace,108,47,xrf,cu,23.0,ppm,1,,33,oven dry + knife mill (2mm),20.0,,jduong@lbl.gov,boatswain,pass,,2026-07-17 19:04:02.701904,
(24)dcf4,23,grape pomace,108,47,xrf,sr,36.0,ppm,2,,33,oven dry + knife mill (2mm),20.0,,jduong@lbl.gov,boatswain,pass,,2026-07-17 19:04:02.701904,
(24)e069,23,grape pomace,108,47,xrf,mg,3670.0,ppm,2,,33,oven dry + knife mill (2mm),20.0,,jduong@lbl.gov,boatswain,fail,other two replicates are <lod,2026-07-17 19:04:02.701904,
(24)e688,23,grape pomace,108,47,xrf,rb,3.0,ppm,3,,33,oven dry + knife mill (2mm),20.0,,jduong@lbl.gov,boatswain,pass,,2026-07-17 19:04:02.701904,
(24)ecad,23,grape pomace,108,47,xrf,mo,4.0,ppm,1,,33,oven dry + knife mill (2mm),20.0,,jduong@lbl.gov,boatswain,fail,other two replicates are <lod,2026-07-17 19:04:02.701904,
(24)ed40,23,grape pomace,108,47,xrf,si,3290.0,ppm,1,,33,oven dry + knife mill (2mm),20.0,,jduong@lbl.gov,boatswain,pass,,2026-07-17 19:04:02.701904,
(24)f293,23,grape pomace,108,47,xrf,ce,116.0,ppm,2,,33,oven dry + knife mill (2mm),20.0,,jduong@lbl.gov,boatswain,pass,,2026-07-17 19:04:02.701904,
(24)f574,23,grape pomace,108,47,xrf,co,12.0,ppm,1,,33,oven dry + knife mill (2mm),20.0,,jduong@lbl.gov,boatswain,fail,other two replicates are <lod,2026-07-17 19:04:02.701904,
(24)f8ff,23,grape pomace,108,47,xrf,rb,3.0,ppm,2,,33,oven dry + knife mill (2mm),20.0,,jduong@lbl.gov,boatswain,pass,,2026-07-17 19:04:02.701904,
(24)fec7,23,grape pomace,108,47,xrf,ca,6740.0,ppm,1,,33,oven dry + knife mill (2mm),20.0,,jduong@lbl.gov,boatswain,pass,,2026-07-17 19:04:02.701904,
(27)0312,25,almond hulls,144,47,xrf,fe,463.0,ppm,3,,38,knife mill (2mm),20.0,,jduong@lbl.gov,tiny,pass,,2026-07-17 19:04:02.701904,
(27)0f78,25,almond hulls,144,47,xrf,k,32600.0,ppm,1,,38,knife mill (2mm),20.0,,jduong@lbl.gov,tiny,pass,,2026-07-17 19:04:02.701904,
(27)12e7,25,almond hulls,144,47,xrf,sr,18.0,ppm,3,,38,knife mill (2mm),20.0,,jduong@lbl.gov,tiny,pass,,2026-07-17 19:04:02.701904,
(27)1859,25,almond hulls,144,47,xrf,fe,500.0,ppm,1,,38,knife mill (2mm),20.0,,jduong@lbl.gov,tiny,pass,,2026-07-17 19:04:02.701904,
(27)1b32,25,almond hulls,144,47,xrf,zn,15.0,ppm,3,,38,knife mill (2mm),20.0,,jduong@lbl.gov,tiny,pass,,2026-07-17 19:04:02.701904,
(27)1d4d,25,almond hulls,144,47,xrf,si,2940.0,ppm,2,,38,knife mill (2mm),20.0,,jduong@lbl.gov,tiny,pass,,2026-07-17 19:04:02.701904,
(27)2cf6,25,almond hulls,144,47,xrf,cu,12.0,ppm,1,,38,knife mill (2mm),20.0,,jduong@lbl.gov,tiny,pass,,2026-07-17 19:04:02.701904,
(27)3513,25,almond hulls,144,47,xrf,k,33300.0,ppm,2,,38,knife mill (2mm),20.0,,jduong@lbl.gov,tiny,pass,,2026-07-17 19:04:02.701904,
(27)3849,25,almond hulls,144,47,xrf,th,47.0,ppm,1,,38,knife mill (2mm),20.0,,jduong@lbl.gov,tiny,pass,,2026-07-17 19:04:02.701904,
(27)3cec,25,almond hulls,144,47,xrf,p,1270.0,ppm,3,,38,knife mill (2mm),20.0,,jduong@lbl.gov,tiny,pass,,2026-07-17 19:04:02.701904,
(27)3d65,25,almond hulls,144,47,xrf,ti,185.0,ppm,1,,38,knife mill (2mm),20.0,,jduong@lbl.gov,tiny,fail,other two replicates are <lod,2026-07-17 19:04:02.701904,
(27)3e86,25,almond hulls,144,47,xrf,ca,2640.0,ppm,3,,38,knife mill (2mm),20.0,,jduong@lbl.gov,tiny,pass,,2026-07-17 19:04:02.701904,
(27)3f13,25,almond hulls,144,47,xrf,p,1240.0,ppm,1,,38,knife mill (2mm),20.0,,jduong@lbl.gov,tiny,pass,,2026-07-17 19:04:02.701904,
(27)4ac4,25,almond hulls,144,47,xrf,la,57.0,ppm,3,,38,knife mill (2mm),20.0,,jduong@lbl.gov,tiny,fail,other two replicates are <lod,2026-07-17 19:04:02.701904,
(27)5fa1,25,almond hulls,144,47,xrf,si,3150.0,ppm,3,,38,knife mill (2mm),20.0,,jduong@lbl.gov,tiny,pass,,2026-07-17 19:04:02.701904,
(27)61d2,25,almond hulls,144,47,xrf,nd,132.0,ppm,2,,38,knife mill (2mm),20.0,,jduong@lbl.gov,tiny,pass,,2026-07-17 19:04:02.701904,
(27)6534,25,almond hulls,144,47,xrf,rb,10.0,ppm,1,,38,knife mill (2mm),20.0,,jduong@lbl.gov,tiny,pass,,2026-07-17 19:04:02.701904,
(27)65d2,25,almond hulls,144,47,xrf,fe,462.0,ppm,2,,38,knife mill (2mm),20.0,,jduong@lbl.gov,tiny,pass,,2026-07-17 19:04:02.701904,
(27)67c0,25,almond hulls,144,47,xrf,u,14.0,ppm,1,,38,knife mill (2mm),20.0,,jduong@lbl.gov,tiny,pass,,2026-07-17 19:04:02.701904,
(27)67db,25,almond hulls,144,47,xrf,p,1310.0,ppm,2,,38,knife mill (2mm),20.0,,jduong@lbl.gov,tiny,pass,,2026-07-17 19:04:02.701904,
(27)6acb,25,almond hulls,144,47,xrf,rb,10.0,ppm,3,,38,knife mill (2mm),20.0,,jduong@lbl.gov,tiny,pass,,2026-07-17 19:04:02.701904,
(27)6dcd,25,almond hulls,144,47,xrf,pr,71.0,ppm,2,,38,knife mill (2mm),20.0,,jduong@lbl.gov,tiny,fail,other two replicates are <lod,2026-07-17 19:04:02.701904,
(27)71b6,25,almond hulls,144,47,xrf,s,225.0,ppm,2,,38,knife mill (2mm),20.0,,jduong@lbl.gov,tiny,pass,,2026-07-17 19:04:02.701904,
(27)7234,25,almond hulls,144,47,xrf,s,273.0,ppm,3,,38,knife mill (2mm),20.0,,jduong@lbl.gov,tiny,pass,,2026-07-17 19:04:02.701904,
(27)7555,25,almond hulls,144,47,xrf,k,33500.0,ppm,3,,38,knife mill (2mm),20.0,,jduong@lbl.gov,tiny,pass,,2026-07-17 19:04:02.701904,
(27)75ce,25,almond hulls,144,47,xrf,mn,36.0,ppm,3,,38,knife mill (2mm),20.0,,jduong@lbl.gov,tiny,pass,,2026-07-17 19:04:02.701904,
(27)7675,25,almond hulls,144,47,xrf,th,46.0,ppm,3,,38,knife mill (2mm),20.0,,jduong@lbl.gov,tiny,pass,,2026-07-17 19:04:02.701904,
(27)845c,25,almond hulls,144,47,xrf,zn,15.0,ppm,2,,38,knife mill (2mm),20.0,,jduong@lbl.gov,tiny,pass,,2026-07-17 19:04:02.701904,
(27)854b,25,almond hulls,144,47,xrf,si,2980.0,ppm,1,,38,knife mill (2mm),20.0,,jduong@lbl.gov,tiny,pass,,2026-07-17 19:04:02.701904,
(27)86fa,25,almond hulls,144,47,xrf,cu,12.0,ppm,3,,38,knife mill (2mm),20.0,,jduong@lbl.gov,tiny,pass,,2026-07-17 19:04:02.701904,
(27)8cf6,25,almond hulls,144,47,xrf,ce,65.0,ppm,3,,38,knife mill (2mm),20.0,,jduong@lbl.gov,tiny,pass,,2026-07-17 19:04:02.701904,
(27)9743,25,almond hulls,144,47,xrf,ce,47.0,ppm,1,,38,knife mill (2mm),20.0,,jduong@lbl.gov,tiny,pass,,2026-07-17 19:04:02.701904,
(27)98eb,25,almond hulls,144,47,xrf,mn,46.0,ppm,2,,38,knife mill (2mm),20.0,,jduong@lbl.gov,tiny,pass,,2026-07-17 19:04:02.701904,
(27)9ace,25,almond hulls,144,47,xrf,nd,93.0,ppm,1,,38,knife mill (2mm),20.0,,jduong@lbl.gov,tiny,pass,,2026-07-17 19:04:02.701904,
(27)9af4,25,almond hulls,144,47,xrf,s,214.0,ppm,1,,38,knife mill (2mm),20.0,,jduong@lbl.gov,tiny,pass,,2026-07-17 19:04:02.701904,
(27)a0c4,25,almond hulls,144,47,xrf,sr,16.0,ppm,2,,38,knife mill (2mm),20.0,,jduong@lbl.gov,tiny,pass,,2026-07-17 19:04:02.701904,
(27)b043,25,almond hulls,144,47,xrf,ca,2680.0,ppm,2,,38,knife mill (2mm),20.0,,jduong@lbl.gov,tiny,pass,,2026-07-17 19:04:02.701904,
(27)b6ae,25,almond hulls,144,47,xrf,u,15.0,ppm,2,,38,knife mill (2mm),20.0,,jduong@lbl.gov,tiny,pass,,2026-07-17 19:04:02.701904,
(27)bda6,25,almond hulls,144,47,xrf,th,41.0,ppm,2,,38,knife mill (2mm),20.0,,jduong@lbl.gov,tiny,pass,,2026-07-17 19:04:02.701904,
(27)c4dc,25,almond hulls,144,47,xrf,mn,34.0,ppm,1,,38,knife mill (2mm),20.0,,jduong@lbl.gov,tiny,pass,,2026-07-17 19:04:02.701904,
(27)d003,25,almond hulls,144,47,xrf,cu,12.0,ppm,2,,38,knife mill (2mm),20.0,,jduong@lbl.gov,tiny,pass,,2026-07-17 19:04:02.701904,
(27)d090,25,almond hulls,144,47,xrf,sr,17.0,ppm,1,,38,knife mill (2mm),20.0,,jduong@lbl.gov,tiny,pass,,2026-07-17 19:04:02.701904,
(27)d2bd,25,almond hulls,144,47,xrf,ba,47.0,ppm,3,,38,knife mill (2mm),20.0,,jduong@lbl.gov,tiny,fail,other two replicates are <lod,2026-07-17 19:04:02.701904,
(27)ddf2,25,almond hulls,144,47,xrf,ca,2620.0,ppm,1,,38,knife mill (2mm),20.0,,jduong@lbl.gov,tiny,pass,,2026-07-17 19:04:02.701904,
(27)e35f,25,almond hulls,144,47,xrf,zn,16.0,ppm,1,,38,knife mill (2mm),20.0,,jduong@lbl.gov,tiny,pass,,2026-07-17 19:04:02.701904,
(27)e706,25,almond hulls,144,47,xrf,ce,48.0,ppm,2,,38,knife mill (2mm),20.0,,jduong@lbl.gov,tiny,pass,,2026-07-17 19:04:02.701904,
(27)edc1,25,almond hulls,144,47,xrf,rb,8.0,ppm,2,,38,knife mill (2mm),20.0,,jduong@lbl.gov,tiny,pass,,2026-07-17 19:04:02.701904,
(27)f621,25,almond hulls,144,47,xrf,u,12.0,ppm,3,,38,knife mill (2mm),20.0,,jduong@lbl.gov,tiny,pass,,2026-07-17 19:04:02.701904,
(29)030e,19,walnut shells,44,44,xrf,se,0.0,ppm,1,,39,as is,14.0,,xkang2@lbl.gov,energetic,provisional,,2026-07-17 19:04:02.701904,
(29)06ad,19,walnut shells,44,44,xrf,cd,0.0,ppm,1,,39,as is,14.0,,xkang2@lbl.gov,energetic,provisional,,2026-07-17 19:04:02.701904,
(29)0ab9,19,walnut shells,44,44,xrf,pb,0.0,ppm,1,,39,as is,14.0,,xkang2@lbl.gov,energetic,provisional,,2026-07-17 19:04:02.701904,
(29)0b5a,19,walnut shells,44,44,xrf,al,0.0,ppm,1,,39,as is,14.0,,xkang2@lbl.gov,energetic,provisional,,2026-07-17 19:04:02.701904,
(29)16ec,19,walnut shells,44,44,xrf,nd,0.0,ppm,1,,39,as is,14.0,,xkang2@lbl.gov,energetic,provisional,,2026-07-17 19:04:02.701904,
(29)186d,19,walnut shells,44,44,xrf,w,0.0,ppm,1,,39,as is,14.0,,xkang2@lbl.gov,energetic,provisional,,2026-07-17 19:04:02.701904,
(29)1def,19,walnut shells,44,44,xrf,fe,41.0,ppm,1,,39,as is,14.0,,xkang2@lbl.gov,energetic,provisional,,2026-07-17 19:04:02.701904,
(29)2496,19,walnut shells,44,44,xrf,sb,0.0,ppm,1,,39,as is,14.0,,xkang2@lbl.gov,energetic,provisional,,2026-07-17 19:04:02.701904,
(29)3e7f,19,walnut shells,44,44,xrf,as,0.0,ppm,1,,39,as is,14.0,,xkang2@lbl.gov,energetic,provisional,,2026-07-17 19:04:02.701904,
(29)4607,19,walnut shells,44,44,xrf,ca,8200.0,ppm,1,,39,as is,14.0,,xkang2@lbl.gov,energetic,provisional,,2026-07-17 19:04:02.701904,
(29)4b23,19,walnut shells,44,44,xrf,k,12700.0,ppm,1,,39,as is,14.0,,xkang2@lbl.gov,energetic,provisional,,2026-07-17 19:04:02.701904,
(29)55e0,19,walnut shells,44,44,xrf,ba,36.0,ppm,1,,39,as is,14.0,,xkang2@lbl.gov,energetic,provisional,,2026-07-17 19:04:02.701904,
(29)5c08,19,walnut shells,44,44,xrf,mg,0.0,ppm,1,,39,as is,14.0,,xkang2@lbl.gov,energetic,provisional,,2026-07-17 19:04:02.701904,
(29)5c68,19,walnut shells,44,44,xrf,rb,0.0,ppm,1,,39,as is,14.0,,xkang2@lbl.gov,energetic,provisional,,2026-07-17 19:04:02.701904,
(29)5dbe,19,walnut shells,44,44,xrf,sn,0.0,ppm,1,,39,as is,14.0,,xkang2@lbl.gov,energetic,provisional,,2026-07-17 19:04:02.701904,
(29)5fac,19,walnut shells,44,44,xrf,mo,6.0,ppm,1,,39,as is,14.0,,xkang2@lbl.gov,energetic,provisional,,2026-07-17 19:04:02.701904,
(29)6322,19,walnut shells,44,44,xrf,cu,15.0,ppm,1,,39,as is,14.0,,xkang2@lbl.gov,energetic,provisional,,2026-07-17 19:04:02.701904,
(29)7924,19,walnut shells,44,44,xrf,la,60.0,ppm,1,,39,as is,14.0,,xkang2@lbl.gov,energetic,provisional,,2026-07-17 19:04:02.701904,
(29)7a00,19,walnut shells,44,44,xrf,p,705.0,ppm,1,,39,as is,14.0,,xkang2@lbl.gov,energetic,provisional,,2026-07-17 19:04:02.701904,
(29)80ed,19,walnut shells,44,44,xrf,sr,18.0,ppm,1,,39,as is,14.0,,xkang2@lbl.gov,energetic,provisional,,2026-07-17 19:04:02.701904,
(29)845f,19,walnut shells,44,44,xrf,v,0.0,ppm,1,,39,as is,14.0,,xkang2@lbl.gov,energetic,provisional,,2026-07-17 19:04:02.701904,
(29)8fb5,19,walnut shells,44,44,xrf,mn,34.0,ppm,1,,39,as is,14.0,,xkang2@lbl.gov,energetic,provisional,,2026-07-17 19:04:02.701904,
(29)aa06,19,walnut shells,44,44,xrf,ce,0.0,ppm,1,,39,as is,14.0,,xkang2@lbl.gov,energetic,provisional,,2026-07-17 19:04:02.701904,
(29)aaf5,19,walnut shells,44,44,xrf,hg,0.0,ppm,1,,39,as is,14.0,,xkang2@lbl.gov,energetic,provisional,,2026-07-17 19:04:02.701904,
(29)c080,19,walnut shells,44,44,xrf,zn,21.0,ppm,1,,39,as is,14.0,,xkang2@lbl.gov,energetic,provisional,,2026-07-17 19:04:02.701904,
(29)c0b6,19,walnut shells,44,44,xrf,y,0.0,ppm,1,,39,as is,14.0,,xkang2@lbl.gov,energetic,provisional,,2026-07-17 19:04:02.701904,
(29)c2c4,19,walnut shells,44,44,xrf,zr,0.0,ppm,1,,39,as is,14.0,,xkang2@lbl.gov,energetic,provisional,,2026-07-17 19:04:02.701904,
(29)c43e,19,walnut shells,44,44,xrf,si,400.0,ppm,1,,39,as is,14.0,,xkang2@lbl.gov,energetic,provisional,,2026-07-17 19:04:02.701904,
(29)cfef,19,walnut shells,44,44,xrf,nb,0.0,ppm,1,,39,as is,14.0,,xkang2@lbl.gov,energetic,provisional,,2026-07-17 19:04:02.701904,
(29)da7e,19,walnut shells,44,44,xrf,s,332.0,ppm,1,,39,as is,14.0,,xkang2@lbl.gov,energetic,provisional,,2026-07-17 19:04:02.701904,
(29)dd24,19,walnut shells,44,44,xrf,bi,0.0,ppm,1,,39,as is,14.0,,xkang2@lbl.gov,energetic,provisional,,2026-07-17 19:04:02.701904,
(29)e246,19,walnut shells,44,44,xrf,pr,0.0,ppm,1,,39,as is,14.0,,xkang2@lbl.gov,energetic,provisional,,2026-07-17 19:04:02.701904,
(29)ea64,19,walnut shells,44,44,xrf,ag,3.0,ppm,1,,39,as is,14.0,,xkang2@lbl.gov,energetic,provisional,,2026-07-17 19:04:02.701904,
(29)eda5,19,walnut shells,44,44,xrf,co,0.0,ppm,1,,39,as is,14.0,,xkang2@lbl.gov,energetic,provisional,,2026-07-17 19:04:02.701904,
(29)efab,19,walnut shells,44,44,xrf,cr,0.0,ppm,1,,39,as is,14.0,,xkang2@lbl.gov,energetic,provisional,,2026-07-17 19:04:02.701904,
(29)f31d,19,walnut shells,44,44,xrf,ni,0.0,ppm,1,,39,as is,14.0,,xkang2@lbl.gov,energetic,provisional,,2026-07-17 19:04:02.701904,
(29)fbc4,19,walnut shells,44,44,xrf,u,22.0,ppm,1,,39,as is,14.0,,xkang2@lbl.gov,energetic,provisional,,2026-07-17 19:04:02.701904,
(29)fdf5,19,walnut shells,44,44,xrf,th,72.0,ppm,1,,39,as is,14.0,,xkang2@lbl.gov,energetic,provisional,,2026-07-17 19:04:02.701904,
(29)fe09,19,walnut shells,44,44,xrf,ti,0.0,ppm,1,,39,as is,14.0,,xkang2@lbl.gov,energetic,provisional,,2026-07-17 19:04:02.701904,
(3c)06e7,5,alfalfa,77,47,xrf,ti,210.0,ppm,1,,38,knife mill (2mm),20.0,,jduong@lbl.gov,possessive,pass,,2026-07-17 19:04:02.701904,
(3c)0963,5,alfalfa,77,47,xrf,p,2850.0,ppm,2,,38,knife mill (2mm),20.0,,jduong@lbl.gov,possessive,pass,,2026-07-17 19:04:02.701904,
(3c)0ac6,5,alfalfa,77,47,xrf,p,2820.0,ppm,3,,38,knife mill (2mm),20.0,,jduong@lbl.gov,possessive,pass,,2026-07-17 19:04:02.701904,
(3c)0d51,5,alfalfa,77,47,xrf,s,5450.0,ppm,1,,38,knife mill (2mm),20.0,,jduong@lbl.gov,possessive,pass,,2026-07-17 19:04:02.701904,
(3c)0dc1,5,alfalfa,77,47,xrf,sr,129.0,ppm,3,,38,knife mill (2mm),20.0,,jduong@lbl.gov,possessive,pass,,2026-07-17 19:04:02.701904,
(3c)1002,5,alfalfa,77,47,xrf,cu,24.0,ppm,3,,38,knife mill (2mm),20.0,,jduong@lbl.gov,possessive,pass,,2026-07-17 19:04:02.701904,
(3c)1f46,5,alfalfa,77,47,xrf,cu,28.0,ppm,2,,38,knife mill (2mm),20.0,,jduong@lbl.gov,possessive,pass,,2026-07-17 19:04:02.701904,
(3c)2216,5,alfalfa,77,47,xrf,ca,28500.0,ppm,2,,38,knife mill (2mm),20.0,,jduong@lbl.gov,possessive,pass,,2026-07-17 19:04:02.701904,
(3c)231b,5,alfalfa,77,47,xrf,nd,99.0,ppm,2,,38,knife mill (2mm),20.0,,jduong@lbl.gov,possessive,fail,other two replicates are <lod,2026-07-17 19:04:02.701904,
(3c)2527,5,alfalfa,77,47,xrf,ba,32.0,ppm,3,,38,knife mill (2mm),20.0,,jduong@lbl.gov,possessive,pass,,2026-07-17 19:04:02.701904,
(3c)3685,5,alfalfa,77,47,xrf,mg,12600.0,ppm,3,,38,knife mill (2mm),20.0,,jduong@lbl.gov,possessive,pass,,2026-07-17 19:04:02.701904,
(3c)3c97,5,alfalfa,77,47,xrf,zn,49.0,ppm,1,,38,knife mill (2mm),20.0,,jduong@lbl.gov,possessive,pass,,2026-07-17 19:04:02.701904,
(3c)41dd,5,alfalfa,77,47,xrf,u,19.0,ppm,2,,38,knife mill (2mm),20.0,,jduong@lbl.gov,possessive,pass,,2026-07-17 19:04:02.701904,
(3c)4266,5,alfalfa,77,47,xrf,fe,731.0,ppm,2,,38,knife mill (2mm),20.0,,jduong@lbl.gov,possessive,pass,,2026-07-17 19:04:02.701904,
(3c)42e7,5,alfalfa,77,47,xrf,s,5030.0,ppm,2,,38,knife mill (2mm),20.0,,jduong@lbl.gov,possessive,pass,,2026-07-17 19:04:02.701904,
(3c)498c,5,alfalfa,77,47,xrf,th,52.0,ppm,3,,38,knife mill (2mm),20.0,,jduong@lbl.gov,possessive,pass,,2026-07-17 19:04:02.701904,
(3c)499c,5,alfalfa,77,47,xrf,mo,6.0,ppm,3,,38,knife mill (2mm),20.0,,jduong@lbl.gov,possessive,pass,,2026-07-17 19:04:02.701904,
(3c)4cd3,5,alfalfa,77,47,xrf,p,2970.0,ppm,1,,38,knife mill (2mm),20.0,,jduong@lbl.gov,possessive,pass,,2026-07-17 19:04:02.701904,
(3c)5217,5,alfalfa,77,47,xrf,k,15800.0,ppm,1,,38,knife mill (2mm),20.0,,jduong@lbl.gov,possessive,pass,,2026-07-17 19:04:02.701904,
(3c)571f,5,alfalfa,77,47,xrf,ba,21.0,ppm,2,,38,knife mill (2mm),20.0,,jduong@lbl.gov,possessive,pass,,2026-07-17 19:04:02.701904,
(3c)591a,5,alfalfa,77,47,xrf,ca,26200.0,ppm,3,,38,knife mill (2mm),20.0,,jduong@lbl.gov,possessive,pass,,2026-07-17 19:04:02.701904,
(3c)5a02,5,alfalfa,77,47,xrf,al,2310.0,ppm,2,,38,knife mill (2mm),20.0,,jduong@lbl.gov,possessive,pass,,2026-07-17 19:04:02.701904,
(3c)5a58,5,alfalfa,77,47,xrf,la,43.0,ppm,1,,38,knife mill (2mm),20.0,,jduong@lbl.gov,possessive,fail,replicate 2 and 3 are <lod,2026-07-17 19:04:02.701904,
(3c)5d2a,5,alfalfa,77,47,xrf,rb,51.0,ppm,3,,38,knife mill (2mm),20.0,,jduong@lbl.gov,possessive,pass,,2026-07-17 19:04:02.701904,
(3c)5d2d,5,alfalfa,77,47,xrf,si,5200.0,ppm,1,,38,knife mill (2mm),20.0,,jduong@lbl.gov,possessive,pass,,2026-07-17 19:04:02.701904,
(3c)6380,5,alfalfa,77,47,xrf,fe,738.0,ppm,1,,38,knife mill (2mm),20.0,,jduong@lbl.gov,possessive,pass,,2026-07-17 19:04:02.701904,
(3c)63ce,5,alfalfa,77,47,xrf,zn,50.0,ppm,3,,38,knife mill (2mm),20.0,,jduong@lbl.gov,possessive,pass,,2026-07-17 19:04:02.701904,
(3c)6b5b,5,alfalfa,77,47,xrf,mo,9.0,ppm,1,,38,knife mill (2mm),20.0,,jduong@lbl.gov,possessive,pass,,2026-07-17 19:04:02.701904,
(3c)6c00,5,alfalfa,77,47,xrf,s,4890.0,ppm,3,,38,knife mill (2mm),20.0,,jduong@lbl.gov,possessive,pass,,2026-07-17 19:04:02.701904,
(3c)6efb,5,alfalfa,77,47,xrf,zn,46.0,ppm,2,,38,knife mill (2mm),20.0,,jduong@lbl.gov,possessive,pass,,2026-07-17 19:04:02.701904,
(3c)7021,5,alfalfa,77,47,xrf,u,19.0,ppm,1,,38,knife mill (2mm),20.0,,jduong@lbl.gov,possessive,pass,,2026-07-17 19:04:02.701904,
(3c)7a73,5,alfalfa,77,47,xrf,sr,132.0,ppm,1,,38,knife mill (2mm),20.0,,jduong@lbl.gov,possessive,pass,,2026-07-17 19:04:02.701904,
(3c)7cb1,5,alfalfa,77,47,xrf,th,59.0,ppm,2,,38,knife mill (2mm),20.0,,jduong@lbl.gov,possessive,pass,,2026-07-17 19:04:02.701904,
(3c)8416,5,alfalfa,77,47,xrf,mo,12.0,ppm,2,,38,knife mill (2mm),20.0,,jduong@lbl.gov,possessive,pass,,2026-07-17 19:04:02.701904,
(3c)8474,5,alfalfa,77,47,xrf,u,22.0,ppm,3,,38,knife mill (2mm),20.0,,jduong@lbl.gov,possessive,pass,,2026-07-17 19:04:02.701904,
(3c)86cb,5,alfalfa,77,47,xrf,pb,4.0,ppm,2,,38,knife mill (2mm),20.0,,jduong@lbl.gov,possessive,pass,,2026-07-17 19:04:02.701904,
(3c)8a22,5,alfalfa,77,47,xrf,sr,133.0,ppm,2,,38,knife mill (2mm),20.0,,jduong@lbl.gov,possessive,pass,,2026-07-17 19:04:02.701904,
(3c)8c25,5,alfalfa,77,47,xrf,k,15700.0,ppm,3,,38,knife mill (2mm),20.0,,jduong@lbl.gov,possessive,pass,,2026-07-17 19:04:02.701904,
(3c)8c59,5,alfalfa,77,47,xrf,rb,53.0,ppm,2,,38,knife mill (2mm),20.0,,jduong@lbl.gov,possessive,pass,,2026-07-17 19:04:02.701904,
(3c)8e19,5,alfalfa,77,47,xrf,mg,8500.0,ppm,1,,38,knife mill (2mm),20.0,,jduong@lbl.gov,possessive,pass,,2026-07-17 19:04:02.701904,
(3c)9178,5,alfalfa,77,47,xrf,al,2570.0,ppm,1,,38,knife mill (2mm),20.0,,jduong@lbl.gov,possessive,pass,,2026-07-17 19:04:02.701904,
(3c)91be,5,alfalfa,77,47,xrf,si,5400.0,ppm,3,,38,knife mill (2mm),20.0,,jduong@lbl.gov,possessive,pass,,2026-07-17 19:04:02.701904,
(3c)9bd2,5,alfalfa,77,47,xrf,ba,25.0,ppm,1,,38,knife mill (2mm),20.0,,jduong@lbl.gov,possessive,pass,,2026-07-17 19:04:02.701904,
(3c)a0c1,5,alfalfa,77,47,xrf,cu,28.0,ppm,1,,38,knife mill (2mm),20.0,,jduong@lbl.gov,possessive,pass,,2026-07-17 19:04:02.701904,
(3c)a571,5,alfalfa,77,47,xrf,pr,58.0,ppm,3,,38,knife mill (2mm),20.0,,jduong@lbl.gov,possessive,pass,,2026-07-17 19:04:02.701904,
(3c)a739,5,alfalfa,77,47,xrf,mn,87.0,ppm,1,,38,knife mill (2mm),20.0,,jduong@lbl.gov,possessive,pass,,2026-07-17 19:04:02.701904,
(3c)a980,5,alfalfa,77,47,xrf,mn,78.0,ppm,3,,38,knife mill (2mm),20.0,,jduong@lbl.gov,possessive,pass,,2026-07-17 19:04:02.701904,
(3c)b25e,5,alfalfa,77,47,xrf,k,16500.0,ppm,2,,38,knife mill (2mm),20.0,,jduong@lbl.gov,possessive,pass,,2026-07-17 19:04:02.701904,
(3c)b4bd,5,alfalfa,77,47,xrf,pb,4.0,ppm,3,,38,knife mill (2mm),20.0,,jduong@lbl.gov,possessive,pass,,2026-07-17 19:04:02.701904,
(3c)b5b6,5,alfalfa,77,47,xrf,ce,40.0,ppm,1,,38,knife mill (2mm),20.0,,jduong@lbl.gov,possessive,pass,,2026-07-17 19:04:02.701904,
(3c)ba3d,5,alfalfa,77,47,xrf,ce,45.0,ppm,3,,38,knife mill (2mm),20.0,,jduong@lbl.gov,possessive,pass,,2026-07-17 19:04:02.701904,
(3c)bf79,5,alfalfa,77,47,xrf,fe,598.0,ppm,3,,38,knife mill (2mm),20.0,,jduong@lbl.gov,possessive,pass,,2026-07-17 19:04:02.701904,
(3c)c4db,5,alfalfa,77,47,xrf,th,60.0,ppm,1,,38,knife mill (2mm),20.0,,jduong@lbl.gov,possessive,pass,,2026-07-17 19:04:02.701904,
(3c)c9ed,5,alfalfa,77,47,xrf,ca,29800.0,ppm,1,,38,knife mill (2mm),20.0,,jduong@lbl.gov,possessive,pass,,2026-07-17 19:04:02.701904,
(3c)d5df,5,alfalfa,77,47,xrf,pr,67.0,ppm,2,,38,knife mill (2mm),20.0,,jduong@lbl.gov,possessive,pass,,2026-07-17 19:04:02.701904,
(3c)d61c,5,alfalfa,77,47,xrf,mn,70.0,ppm,2,,38,knife mill (2mm),20.0,,jduong@lbl.gov,possessive,pass,,2026-07-17 19:04:02.701904,
(3c)d65e,5,alfalfa,77,47,xrf,mg,11900.0,ppm,2,,38,knife mill (2mm),20.0,,jduong@lbl.gov,possessive,pass,,2026-07-17 19:04:02.701904,
(3c)d6c9,5,alfalfa,77,47,xrf,al,2770.0,ppm,3,,38,knife mill (2mm),20.0,,jduong@lbl.gov,possessive,pass,,2026-07-17 19:04:02.701904,
(3c)dbd9,5,alfalfa,77,47,xrf,si,5060.0,ppm,2,,38,knife mill (2mm),20.0,,jduong@lbl.gov,possessive,pass,,2026-07-17 19:04:02.701904,
(3c)e679,5,alfalfa,77,47,xrf,rb,52.0,ppm,1,,38,knife mill (2mm),20.0,,jduong@lbl.gov,possessive,pass,,2026-07-17 19:04:02.701904,
(3c)f1a9,5,alfalfa,77,47,xrf,pb,4.0,ppm,1,,38,knife mill (2mm),20.0,,jduong@lbl.gov,possessive,pass,,2026-07-17 19:04:02.701904,
(42)00bd,27,rice straw,81,47,xrf,th,63.0,ppm,1,,38,knife mill (2mm),20.0,,jduong@lbl.gov,possessive,pass,,2026-07-17 19:04:02.701904,
(42)02da,27,rice straw,81,47,xrf,sr,30.0,ppm,2,,38,knife mill (2mm),20.0,,jduong@lbl.gov,possessive,pass,,2026-07-17 19:04:02.701904,
(42)0652,27,rice straw,81,47,xrf,mo,10.0,ppm,2,,38,knife mill (2mm),20.0,,jduong@lbl.gov,possessive,pass,,2026-07-17 19:04:02.701904,
(42)0cc3,27,rice straw,81,47,xrf,ba,30.0,ppm,3,,38,knife mill (2mm),20.0,,jduong@lbl.gov,possessive,pass,,2026-07-17 19:04:02.701904,
(42)0ff6,27,rice straw,81,47,xrf,k,32800.0,ppm,3,,38,knife mill (2mm),20.0,,jduong@lbl.gov,possessive,pass,,2026-07-17 19:04:02.701904,
(42)1364,27,rice straw,81,47,xrf,ba,24.0,ppm,2,,38,knife mill (2mm),20.0,,jduong@lbl.gov,possessive,pass,,2026-07-17 19:04:02.701904,
(42)141b,27,rice straw,81,47,xrf,k,32900.0,ppm,2,,38,knife mill (2mm),20.0,,jduong@lbl.gov,possessive,pass,,2026-07-17 19:04:02.701904,
(42)23fb,27,rice straw,81,47,xrf,pb,7.0,ppm,3,,38,knife mill (2mm),20.0,,jduong@lbl.gov,possessive,pass,,2026-07-17 19:04:02.701904,
(42)27a1,27,rice straw,81,47,xrf,ca,9860.0,ppm,3,,38,knife mill (2mm),20.0,,jduong@lbl.gov,possessive,pass,,2026-07-17 19:04:02.701904,
(42)27ce,27,rice straw,81,47,xrf,cu,18.0,ppm,3,,38,knife mill (2mm),20.0,,jduong@lbl.gov,possessive,pass,,2026-07-17 19:04:02.701904,
(42)2860,27,rice straw,81,47,xrf,ce,45.0,ppm,1,,38,knife mill (2mm),20.0,,jduong@lbl.gov,possessive,fail,,2026-07-17 19:04:02.701904,
(42)2aba,27,rice straw,81,47,xrf,ti,559.0,ppm,2,,38,knife mill (2mm),20.0,,jduong@lbl.gov,possessive,pass,,2026-07-17 19:04:02.701904,
(42)2f18,27,rice straw,81,47,xrf,mn,920.0,ppm,1,,38,knife mill (2mm),20.0,,jduong@lbl.gov,possessive,pass,,2026-07-17 19:04:02.701904,
(42)33af,27,rice straw,81,47,xrf,al,8930.0,ppm,3,,38,knife mill (2mm),20.0,,jduong@lbl.gov,possessive,pass,,2026-07-17 19:04:02.701904,
(42)33f4,27,rice straw,81,47,xrf,mg,9700.0,ppm,2,,38,knife mill (2mm),20.0,,jduong@lbl.gov,possessive,pass,,2026-07-17 19:04:02.701904,
(42)3574,27,rice straw,81,47,xrf,mg,7060.0,ppm,3,,38,knife mill (2mm),20.0,,jduong@lbl.gov,possessive,pass,,2026-07-17 19:04:02.701904,
(42)4739,27,rice straw,81,47,xrf,fe,4350.0,ppm,1,,38,knife mill (2mm),20.0,,jduong@lbl.gov,possessive,pass,,2026-07-17 19:04:02.701904,
(42)4886,27,rice straw,81,47,xrf,ti,459.0,ppm,1,,38,knife mill (2mm),20.0,,jduong@lbl.gov,possessive,pass,,2026-07-17 19:04:02.701904,
(42)4b79,27,rice straw,81,47,xrf,pr,64.0,ppm,1,,38,knife mill (2mm),20.0,,jduong@lbl.gov,possessive,fail,,2026-07-17 19:04:02.701904,
(42)4fd0,27,rice straw,81,47,xrf,fe,4290.0,ppm,2,,38,knife mill (2mm),20.0,,jduong@lbl.gov,possessive,pass,,2026-07-17 19:04:02.701904,
(42)5074,27,rice straw,81,47,xrf,zn,66.0,ppm,2,,38,knife mill (2mm),20.0,,jduong@lbl.gov,possessive,pass,,2026-07-17 19:04:02.701904,
(42)58a4,27,rice straw,81,47,xrf,zn,65.0,ppm,3,,38,knife mill (2mm),20.0,,jduong@lbl.gov,possessive,pass,,2026-07-17 19:04:02.701904,
(42)6055,27,rice straw,81,47,xrf,mo,13.0,ppm,3,,38,knife mill (2mm),20.0,,jduong@lbl.gov,possessive,pass,,2026-07-17 19:04:02.701904,
(42)606e,27,rice straw,81,47,xrf,rb,45.0,ppm,3,,38,knife mill (2mm),20.0,,jduong@lbl.gov,possessive,pass,,2026-07-17 19:04:02.701904,
(42)646b,27,rice straw,81,47,xrf,si,91600.0,ppm,2,,38,knife mill (2mm),20.0,,jduong@lbl.gov,possessive,pass,,2026-07-17 19:04:02.701904,
(42)6d2d,27,rice straw,81,47,xrf,u,20.0,ppm,3,,38,knife mill (2mm),20.0,,jduong@lbl.gov,possessive,pass,,2026-07-17 19:04:02.701904,
(42)7245,27,rice straw,81,47,xrf,s,4250.0,ppm,3,,38,knife mill (2mm),20.0,,jduong@lbl.gov,possessive,pass,,2026-07-17 19:04:02.701904,
(42)81a4,27,rice straw,81,47,xrf,rb,45.0,ppm,1,,38,knife mill (2mm),20.0,,jduong@lbl.gov,possessive,pass,,2026-07-17 19:04:02.701904,
(42)835a,27,rice straw,81,47,xrf,u,23.0,ppm,1,,38,knife mill (2mm),20.0,,jduong@lbl.gov,possessive,pass,,2026-07-17 19:04:02.701904,
(42)85a9,27,rice straw,81,47,xrf,sr,30.0,ppm,3,,38,knife mill (2mm),20.0,,jduong@lbl.gov,possessive,pass,,2026-07-17 19:04:02.701904,
(42)8dba,27,rice straw,81,47,xrf,mo,10.0,ppm,1,,38,knife mill (2mm),20.0,,jduong@lbl.gov,possessive,pass,,2026-07-17 19:04:02.701904,
(42)8e9c,27,rice straw,81,47,xrf,th,68.0,ppm,3,,38,knife mill (2mm),20.0,,jduong@lbl.gov,possessive,pass,,2026-07-17 19:04:02.701904,
(42)90d7,27,rice straw,81,47,xrf,s,4260.0,ppm,1,,38,knife mill (2mm),20.0,,jduong@lbl.gov,possessive,pass,,2026-07-17 19:04:02.701904,
(42)9894,27,rice straw,81,47,xrf,al,8150.0,ppm,1,,38,knife mill (2mm),20.0,,jduong@lbl.gov,possessive,pass,,2026-07-17 19:04:02.701904,
(42)a467,27,rice straw,81,47,xrf,cu,24.0,ppm,1,,38,knife mill (2mm),20.0,,jduong@lbl.gov,possessive,pass,,2026-07-17 19:04:02.701904,
(42)aa88,27,rice straw,81,47,xrf,ba,36.0,ppm,1,,38,knife mill (2mm),20.0,,jduong@lbl.gov,possessive,pass,,2026-07-17 19:04:02.701904,
(42)ae01,27,rice straw,81,47,xrf,as,8.0,ppm,2,,38,knife mill (2mm),20.0,,jduong@lbl.gov,possessive,pass,,2026-07-17 19:04:02.701904,
(42)b359,27,rice straw,81,47,xrf,ca,10500.0,ppm,2,,38,knife mill (2mm),20.0,,jduong@lbl.gov,possessive,pass,,2026-07-17 19:04:02.701904,
(42)b665,27,rice straw,81,47,xrf,as,7.0,ppm,3,,38,knife mill (2mm),20.0,,jduong@lbl.gov,possessive,pass,,2026-07-17 19:04:02.701904,
(42)c2aa,27,rice straw,81,47,xrf,pb,7.0,ppm,1,,38,knife mill (2mm),20.0,,jduong@lbl.gov,possessive,pass,,2026-07-17 19:04:02.701904,
(42)c5fe,27,rice straw,81,47,xrf,ca,9890.0,ppm,1,,38,knife mill (2mm),20.0,,jduong@lbl.gov,possessive,pass,,2026-07-17 19:04:02.701904,
(42)c813,27,rice straw,81,47,xrf,si,88000.0,ppm,1,,38,knife mill (2mm),20.0,,jduong@lbl.gov,possessive,pass,,2026-07-17 19:04:02.701904,
(42)ce3b,27,rice straw,81,47,xrf,mn,968.0,ppm,3,,38,knife mill (2mm),20.0,,jduong@lbl.gov,possessive,pass,,2026-07-17 19:04:02.701904,
(42)d223,27,rice straw,81,47,xrf,cu,23.0,ppm,2,,38,knife mill (2mm),20.0,,jduong@lbl.gov,possessive,pass,,2026-07-17 19:04:02.701904,
(42)d2c7,27,rice straw,81,47,xrf,pb,7.0,ppm,2,,38,knife mill (2mm),20.0,,jduong@lbl.gov,possessive,pass,,2026-07-17 19:04:02.701904,
(42)d51d,27,rice straw,81,47,xrf,as,7.0,ppm,1,,38,knife mill (2mm),20.0,,jduong@lbl.gov,possessive,pass,,2026-07-17 19:04:02.701904,
(42)d6ff,27,rice straw,81,47,xrf,p,2560.0,ppm,2,,38,knife mill (2mm),20.0,,jduong@lbl.gov,possessive,pass,,2026-07-17 19:04:02.701904,
(42)d91d,27,rice straw,81,47,xrf,s,4300.0,ppm,2,,38,knife mill (2mm),20.0,,jduong@lbl.gov,possessive,pass,,2026-07-17 19:04:02.701904,
(42)dbc4,27,rice straw,81,47,xrf,al,8470.0,ppm,2,,38,knife mill (2mm),20.0,,jduong@lbl.gov,possessive,pass,,2026-07-17 19:04:02.701904,
(42)de8f,27,rice straw,81,47,xrf,mg,8540.0,ppm,1,,38,knife mill (2mm),20.0,,jduong@lbl.gov,possessive,pass,,2026-07-17 19:04:02.701904,
(42)df09,27,rice straw,81,47,xrf,u,22.0,ppm,2,,38,knife mill (2mm),20.0,,jduong@lbl.gov,possessive,pass,,2026-07-17 19:04:02.701904,
(42)df9a,27,rice straw,81,47,xrf,fe,4280.0,ppm,3,,38,knife mill (2mm),20.0,,jduong@lbl.gov,possessive,pass,,2026-07-17 19:04:02.701904,
(42)dfa5,27,rice straw,81,47,xrf,p,2430.0,ppm,1,,38,knife mill (2mm),20.0,,jduong@lbl.gov,possessive,pass,,2026-07-17 19:04:02.701904,
(42)e4b6,27,rice straw,81,47,xrf,sr,34.0,ppm,1,,38,knife mill (2mm),20.0,,jduong@lbl.gov,possessive,pass,,2026-07-17 19:04:02.701904,
(42)e4f1,27,rice straw,81,47,xrf,si,89300.0,ppm,3,,38,knife mill (2mm),20.0,,jduong@lbl.gov,possessive,pass,,2026-07-17 19:04:02.701904,
(42)e694,27,rice straw,81,47,xrf,k,32400.0,ppm,1,,38,knife mill (2mm),20.0,,jduong@lbl.gov,possessive,pass,,2026-07-17 19:04:02.701904,
(42)ec83,27,rice straw,81,47,xrf,p,2420.0,ppm,3,,38,knife mill (2mm),20.0,,jduong@lbl.gov,possessive,pass,,2026-07-17 19:04:02.701904,
(42)eda6,27,rice straw,81,47,xrf,zn,64.0,ppm,1,,38,knife mill (2mm),20.0,,jduong@lbl.gov,possessive,pass,,2026-07-17 19:04:02.701904,
(42)edc0,27,rice straw,81,47,xrf,mn,957.0,ppm,2,,38,knife mill (2mm),20.0,,jduong@lbl.gov,possessive,pass,,2026-07-17 19:04:02.701904,
(42)f039,27,rice straw,81,47,xrf,la,45.0,ppm,3,,38,knife mill (2mm),20.0,,jduong@lbl.gov,possessive,fail,,2026-07-17 19:04:02.701904,
(42)f48f,27,rice straw,81,47,xrf,ti,476.0,ppm,3,,38,knife mill (2mm),20.0,,jduong@lbl.gov,possessive,pass,,2026-07-17 19:04:02.701904,
(42)f66d,27,rice straw,81,47,xrf,th,72.0,ppm,2,,38,knife mill (2mm),20.0,,jduong@lbl.gov,possessive,pass,,2026-07-17 19:04:02.701904,
(42)fd60,27,rice straw,81,47,xrf,rb,47.0,ppm,2,,38,knife mill (2mm),20.0,,jduong@lbl.gov,possessive,pass,,2026-07-17 19:04:02.701904,
(48)0028,26,spent oak chips,125,47,xrf,mn,20.0,ppm,1,,33,oven dry + knife mill (2mm),20.0,,jduong@lbl.gov,rigging,pass,,2026-07-17 19:04:02.701904,
(48)05de,26,spent oak chips,125,47,xrf,ti,184.0,ppm,2,,33,oven dry + knife mill (2mm),20.0,,jduong@lbl.gov,rigging,pass,,2026-07-17 19:04:02.701904,
(48)06bb,26,spent oak chips,125,47,xrf,zn,9.0,ppm,1,,33,oven dry + knife mill (2mm),20.0,,jduong@lbl.gov,rigging,pass,,2026-07-17 19:04:02.701904,
(48)06c7,26,spent oak chips,125,47,xrf,k,22300.0,ppm,1,,33,oven dry + knife mill (2mm),20.0,,jduong@lbl.gov,rigging,pass,,2026-07-17 19:04:02.701904,
(48)098e,26,spent oak chips,125,47,xrf,ba,25.0,ppm,1,,33,oven dry + knife mill (2mm),20.0,,jduong@lbl.gov,rigging,pass,,2026-07-17 19:04:02.701904,
(48)0a1a,26,spent oak chips,125,47,xrf,cu,10.0,ppm,3,,33,oven dry + knife mill (2mm),20.0,,jduong@lbl.gov,rigging,pass,,2026-07-17 19:04:02.701904,
(48)0a9f,26,spent oak chips,125,47,xrf,ce,64.0,ppm,3,,33,oven dry + knife mill (2mm),20.0,,jduong@lbl.gov,rigging,pass,,2026-07-17 19:04:02.701904,
(48)0d90,26,spent oak chips,125,47,xrf,u,17.0,ppm,1,,33,oven dry + knife mill (2mm),20.0,,jduong@lbl.gov,rigging,pass,,2026-07-17 19:04:02.701904,
(48)118d,26,spent oak chips,125,47,xrf,k,32100.0,ppm,3,,33,oven dry + knife mill (2mm),20.0,,jduong@lbl.gov,rigging,pass,,2026-07-17 19:04:02.701904,
(48)1491,26,spent oak chips,125,47,xrf,cu,9.0,ppm,1,,33,oven dry + knife mill (2mm),20.0,,jduong@lbl.gov,rigging,pass,,2026-07-17 19:04:02.701904,
(48)1a28,26,spent oak chips,125,47,xrf,mo,4.0,ppm,1,,33,oven dry + knife mill (2mm),20.0,,jduong@lbl.gov,rigging,pass,,2026-07-17 19:04:02.701904,
(48)1f4d,26,spent oak chips,125,47,xrf,rb,18.0,ppm,1,,33,oven dry + knife mill (2mm),20.0,,jduong@lbl.gov,rigging,pass,,2026-07-17 19:04:02.701904,
(48)2597,26,spent oak chips,125,47,xrf,si,503.0,ppm,1,,33,oven dry + knife mill (2mm),20.0,,jduong@lbl.gov,rigging,pass,,2026-07-17 19:04:02.701904,
(48)3e59,26,spent oak chips,125,47,xrf,zn,9.0,ppm,2,,33,oven dry + knife mill (2mm),20.0,,jduong@lbl.gov,rigging,pass,,2026-07-17 19:04:02.701904,
(48)435d,26,spent oak chips,125,47,xrf,ti,252.0,ppm,3,,33,oven dry + knife mill (2mm),20.0,,jduong@lbl.gov,rigging,pass,,2026-07-17 19:04:02.701904,
(48)5010,26,spent oak chips,125,47,xrf,th,57.0,ppm,1,,33,oven dry + knife mill (2mm),20.0,,jduong@lbl.gov,rigging,pass,,2026-07-17 19:04:02.701904,
(48)51b2,26,spent oak chips,125,47,xrf,la,44.0,ppm,1,,33,oven dry + knife mill (2mm),20.0,,jduong@lbl.gov,rigging,fail,other two replicates are <lod,2026-07-17 19:04:02.701904,
(48)5469,26,spent oak chips,125,47,xrf,s,1660.0,ppm,2,,33,oven dry + knife mill (2mm),20.0,,jduong@lbl.gov,rigging,pass,,2026-07-17 19:04:02.701904,
(48)5b71,26,spent oak chips,125,47,xrf,sr,5.0,ppm,2,,33,oven dry + knife mill (2mm),20.0,,jduong@lbl.gov,rigging,pass,,2026-07-17 19:04:02.701904,
(48)5d1c,26,spent oak chips,125,47,xrf,fe,136.0,ppm,1,,33,oven dry + knife mill (2mm),20.0,,jduong@lbl.gov,rigging,pass,,2026-07-17 19:04:02.701904,
(48)61cf,26,spent oak chips,125,47,xrf,k,32000.0,ppm,2,,33,oven dry + knife mill (2mm),20.0,,jduong@lbl.gov,rigging,pass,,2026-07-17 19:04:02.701904,
(48)6513,26,spent oak chips,125,47,xrf,u,16.0,ppm,3,,33,oven dry + knife mill (2mm),20.0,,jduong@lbl.gov,rigging,pass,,2026-07-17 19:04:02.701904,
(48)66e8,26,spent oak chips,125,47,xrf,ce,48.0,ppm,1,,33,oven dry + knife mill (2mm),20.0,,jduong@lbl.gov,rigging,pass,,2026-07-17 19:04:02.701904,
(48)68fb,26,spent oak chips,125,47,xrf,ca,1380.0,ppm,1,,33,oven dry + knife mill (2mm),20.0,,jduong@lbl.gov,rigging,pass,,2026-07-17 19:04:02.701904,
(48)690f,26,spent oak chips,125,47,xrf,th,50.0,ppm,2,,33,oven dry + knife mill (2mm),20.0,,jduong@lbl.gov,rigging,pass,,2026-07-17 19:04:02.701904,
(48)749d,26,spent oak chips,125,47,xrf,th,56.0,ppm,3,,33,oven dry + knife mill (2mm),20.0,,jduong@lbl.gov,rigging,pass,,2026-07-17 19:04:02.701904,
(48)7694,26,spent oak chips,125,47,xrf,ba,21.0,ppm,3,,33,oven dry + knife mill (2mm),20.0,,jduong@lbl.gov,rigging,pass,,2026-07-17 19:04:02.701904,
(48)9155,26,spent oak chips,125,47,xrf,u,15.0,ppm,2,,33,oven dry + knife mill (2mm),20.0,,jduong@lbl.gov,rigging,pass,,2026-07-17 19:04:02.701904,
(48)9756,26,spent oak chips,125,47,xrf,si,475.0,ppm,3,,33,oven dry + knife mill (2mm),20.0,,jduong@lbl.gov,rigging,pass,,2026-07-17 19:04:02.701904,
(48)9844,26,spent oak chips,125,47,xrf,fe,126.0,ppm,2,,33,oven dry + knife mill (2mm),20.0,,jduong@lbl.gov,rigging,pass,,2026-07-17 19:04:02.701904,
(48)9bd5,26,spent oak chips,125,47,xrf,mo,6.0,ppm,2,,33,oven dry + knife mill (2mm),20.0,,jduong@lbl.gov,rigging,pass,,2026-07-17 19:04:02.701904,
(48)a73d,26,spent oak chips,125,47,xrf,sr,6.0,ppm,3,,33,oven dry + knife mill (2mm),20.0,,jduong@lbl.gov,rigging,pass,,2026-07-17 19:04:02.701904,
(48)a94e,26,spent oak chips,125,47,xrf,pb,4.0,ppm,3,,33,oven dry + knife mill (2mm),20.0,,jduong@lbl.gov,rigging,fail,other two replicates are <lod,2026-07-17 19:04:02.701904,
(48)afe3,26,spent oak chips,125,47,xrf,p,382.0,ppm,3,,33,oven dry + knife mill (2mm),20.0,,jduong@lbl.gov,rigging,pass,,2026-07-17 19:04:02.701904,
(48)b3f9,26,spent oak chips,125,47,xrf,sr,5.0,ppm,1,,33,oven dry + knife mill (2mm),20.0,,jduong@lbl.gov,rigging,pass,,2026-07-17 19:04:02.701904,
(48)b713,26,spent oak chips,125,47,xrf,s,1620.0,ppm,3,,33,oven dry + knife mill (2mm),20.0,,jduong@lbl.gov,rigging,pass,,2026-07-17 19:04:02.701904,
(48)bd1e,26,spent oak chips,125,47,xrf,rb,20.0,ppm,3,,33,oven dry + knife mill (2mm),20.0,,jduong@lbl.gov,rigging,pass,,2026-07-17 19:04:02.701904,
(48)c60a,26,spent oak chips,125,47,xrf,ca,1720.0,ppm,2,,33,oven dry + knife mill (2mm),20.0,,jduong@lbl.gov,rigging,pass,,2026-07-17 19:04:02.701904,
(48)d3c5,26,spent oak chips,125,47,xrf,cu,9.0,ppm,2,,33,oven dry + knife mill (2mm),20.0,,jduong@lbl.gov,rigging,pass,,2026-07-17 19:04:02.701904,
(48)d3ca,26,spent oak chips,125,47,xrf,ca,1730.0,ppm,3,,33,oven dry + knife mill (2mm),20.0,,jduong@lbl.gov,rigging,pass,,2026-07-17 19:04:02.701904,
(48)d6ad,26,spent oak chips,125,47,xrf,zn,9.0,ppm,3,,33,oven dry + knife mill (2mm),20.0,,jduong@lbl.gov,rigging,pass,,2026-07-17 19:04:02.701904,
(48)de20,26,spent oak chips,125,47,xrf,si,396.0,ppm,2,,33,oven dry + knife mill (2mm),20.0,,jduong@lbl.gov,rigging,pass,,2026-07-17 19:04:02.701904,
(48)e5b8,26,spent oak chips,125,47,xrf,s,1790.0,ppm,1,,33,oven dry + knife mill (2mm),20.0,,jduong@lbl.gov,rigging,pass,,2026-07-17 19:04:02.701904,
(48)e8ea,26,spent oak chips,125,47,xrf,ce,44.0,ppm,2,,33,oven dry + knife mill (2mm),20.0,,jduong@lbl.gov,rigging,pass,,2026-07-17 19:04:02.701904,
(48)ea46,26,spent oak chips,125,47,xrf,mn,25.0,ppm,3,,33,oven dry + knife mill (2mm),20.0,,jduong@lbl.gov,rigging,pass,,2026-07-17 19:04:02.701904,
(48)eb5d,26,spent oak chips,125,47,xrf,fe,125.0,ppm,3,,33,oven dry + knife mill (2mm),20.0,,jduong@lbl.gov,rigging,pass,,2026-07-17 19:04:02.701904,
(48)f34e,26,spent oak chips,125,47,xrf,p,370.0,ppm,2,,33,oven dry + knife mill (2mm),20.0,,jduong@lbl.gov,rigging,pass,,2026-07-17 19:04:02.701904,
(48)f6fa,26,spent oak chips,125,47,xrf,ti,179.0,ppm,1,,33,oven dry + knife mill (2mm),20.0,,jduong@lbl.gov,rigging,pass,,2026-07-17 19:04:02.701904,
(48)f75c,26,spent oak chips,125,47,xrf,mn,29.0,ppm,2,,33,oven dry + knife mill (2mm),20.0,,jduong@lbl.gov,rigging,pass,,2026-07-17 19:04:02.701904,
(48)f8a1,26,spent oak chips,125,47,xrf,rb,20.0,ppm,2,,33,oven dry + knife mill (2mm),20.0,,jduong@lbl.gov,rigging,pass,,2026-07-17 19:04:02.701904,
(48)f90a,26,spent oak chips,125,47,xrf,p,447.0,ppm,1,,33,oven dry + knife mill (2mm),20.0,,jduong@lbl.gov,rigging,pass,,2026-07-17 19:04:02.701904,
(4c)01fb,35,almond branches,145,47,xrf,ba,30.0,ppm,1,,38,knife mill (2mm),20.0,,jduong@lbl.gov,humorous,pass,,2026-07-17 19:04:02.701904,
(4c)0781,35,almond branches,145,47,xrf,s,798.0,ppm,2,,38,knife mill (2mm),20.0,,jduong@lbl.gov,humorous,pass,,2026-07-17 19:04:02.701904,
(4c)0a11,35,almond branches,145,47,xrf,pb,3.0,ppm,3,,38,knife mill (2mm),20.0,,jduong@lbl.gov,humorous,pass,,2026-07-17 19:04:02.701904,
(4c)0c47,35,almond branches,145,47,xrf,th,52.0,ppm,3,,38,knife mill (2mm),20.0,,jduong@lbl.gov,humorous,pass,,2026-07-17 19:04:02.701904,
(4c)18d2,35,almond branches,145,47,xrf,ca,14800.0,ppm,3,,38,knife mill (2mm),20.0,,jduong@lbl.gov,humorous,pass,,2026-07-17 19:04:02.701904,
(4c)24e6,35,almond branches,145,47,xrf,ba,30.0,ppm,3,,38,knife mill (2mm),20.0,,jduong@lbl.gov,humorous,pass,,2026-07-17 19:04:02.701904,
(4c)2850,35,almond branches,145,47,xrf,zn,37.0,ppm,3,,38,knife mill (2mm),20.0,,jduong@lbl.gov,humorous,pass,,2026-07-17 19:04:02.701904,
(4c)2d30,35,almond branches,145,47,xrf,ca,13900.0,ppm,1,,38,knife mill (2mm),20.0,,jduong@lbl.gov,humorous,pass,,2026-07-17 19:04:02.701904,
(4c)2f11,35,almond branches,145,47,xrf,p,1110.0,ppm,2,,38,knife mill (2mm),20.0,,jduong@lbl.gov,humorous,pass,,2026-07-17 19:04:02.701904,
(4c)318f,35,almond branches,145,47,xrf,mn,106.0,ppm,3,,38,knife mill (2mm),20.0,,jduong@lbl.gov,humorous,pass,,2026-07-17 19:04:02.701904,
(4c)3298,35,almond branches,145,47,xrf,zn,29.0,ppm,1,,38,knife mill (2mm),20.0,,jduong@lbl.gov,humorous,pass,,2026-07-17 19:04:02.701904,
(4c)3361,35,almond branches,145,47,xrf,zn,37.0,ppm,2,,38,knife mill (2mm),20.0,,jduong@lbl.gov,humorous,pass,,2026-07-17 19:04:02.701904,
(4c)3b8d,35,almond branches,145,47,xrf,pr,90.0,ppm,3,,38,knife mill (2mm),20.0,,jduong@lbl.gov,humorous,pass,,2026-07-17 19:04:02.701904,
(4c)415a,35,almond branches,145,47,xrf,mn,90.0,ppm,1,,38,knife mill (2mm),20.0,,jduong@lbl.gov,humorous,pass,,2026-07-17 19:04:02.701904,
(4c)44cd,35,almond branches,145,47,xrf,ba,44.0,ppm,2,,38,knife mill (2mm),20.0,,jduong@lbl.gov,humorous,pass,,2026-07-17 19:04:02.701904,
(4c)512b,35,almond branches,145,47,xrf,la,36.0,ppm,2,,38,knife mill (2mm),20.0,,jduong@lbl.gov,humorous,pass,,2026-07-17 19:04:02.701904,
(4c)532e,35,almond branches,145,47,xrf,pb,3.0,ppm,2,,38,knife mill (2mm),20.0,,jduong@lbl.gov,humorous,pass,,2026-07-17 19:04:02.701904,
(4c)5f14,35,almond branches,145,47,xrf,k,3680.0,ppm,3,,38,knife mill (2mm),20.0,,jduong@lbl.gov,humorous,pass,,2026-07-17 19:04:02.701904,
(4c)649f,35,almond branches,145,47,xrf,ce,49.0,ppm,2,,38,knife mill (2mm),20.0,,jduong@lbl.gov,humorous,fail,other two replicates are <lod,2026-07-17 19:04:02.701904,
(4c)6587,35,almond branches,145,47,xrf,th,52.0,ppm,2,,38,knife mill (2mm),20.0,,jduong@lbl.gov,humorous,pass,,2026-07-17 19:04:02.701904,
(4c)6ce3,35,almond branches,145,47,xrf,fe,537.0,ppm,3,,38,knife mill (2mm),20.0,,jduong@lbl.gov,humorous,pass,,2026-07-17 19:04:02.701904,
(4c)6cef,35,almond branches,145,47,xrf,u,21.0,ppm,3,,38,knife mill (2mm),20.0,,jduong@lbl.gov,humorous,pass,,2026-07-17 19:04:02.701904,
(4c)7171,35,almond branches,145,47,xrf,pr,70.0,ppm,2,,38,knife mill (2mm),20.0,,jduong@lbl.gov,humorous,pass,,2026-07-17 19:04:02.701904,
(4c)718b,35,almond branches,145,47,xrf,u,21.0,ppm,2,,38,knife mill (2mm),20.0,,jduong@lbl.gov,humorous,pass,,2026-07-17 19:04:02.701904,
(4c)7edc,35,almond branches,145,47,xrf,si,4440.0,ppm,2,,38,knife mill (2mm),20.0,,jduong@lbl.gov,humorous,pass,,2026-07-17 19:04:02.701904,
(4c)871a,35,almond branches,145,47,xrf,fe,508.0,ppm,1,,38,knife mill (2mm),20.0,,jduong@lbl.gov,humorous,pass,,2026-07-17 19:04:02.701904,
(4c)8bac,35,almond branches,145,47,xrf,cu,46.0,ppm,2,,38,knife mill (2mm),20.0,,jduong@lbl.gov,humorous,pass,,2026-07-17 19:04:02.701904,
(4c)8c88,35,almond branches,145,47,xrf,al,1830.0,ppm,1,,38,knife mill (2mm),20.0,,jduong@lbl.gov,humorous,pass,,2026-07-17 19:04:02.701904,
(4c)8d6e,35,almond branches,145,47,xrf,p,1130.0,ppm,3,,38,knife mill (2mm),20.0,,jduong@lbl.gov,humorous,pass,,2026-07-17 19:04:02.701904,
(4c)8df5,35,almond branches,145,47,xrf,s,799.0,ppm,3,,38,knife mill (2mm),20.0,,jduong@lbl.gov,humorous,pass,,2026-07-17 19:04:02.701904,
(4c)909e,35,almond branches,145,47,xrf,ti,207.0,ppm,2,,38,knife mill (2mm),20.0,,jduong@lbl.gov,humorous,pass,,2026-07-17 19:04:02.701904,
(4c)9406,35,almond branches,145,47,xrf,al,2010.0,ppm,3,,38,knife mill (2mm),20.0,,jduong@lbl.gov,humorous,pass,,2026-07-17 19:04:02.701904,
(4c)978e,35,almond branches,145,47,xrf,al,2480.0,ppm,2,,38,knife mill (2mm),20.0,,jduong@lbl.gov,humorous,pass,,2026-07-17 19:04:02.701904,
(4c)9845,35,almond branches,145,47,xrf,k,3560.0,ppm,2,,38,knife mill (2mm),20.0,,jduong@lbl.gov,humorous,pass,,2026-07-17 19:04:02.701904,
(4c)9a91,35,almond branches,145,47,xrf,sr,102.0,ppm,1,,38,knife mill (2mm),20.0,,jduong@lbl.gov,humorous,pass,,2026-07-17 19:04:02.701904,
(4c)a61b,35,almond branches,145,47,xrf,cu,53.0,ppm,3,,38,knife mill (2mm),20.0,,jduong@lbl.gov,humorous,pass,,2026-07-17 19:04:02.701904,
(4c)a8c6,35,almond branches,145,47,xrf,ca,14400.0,ppm,2,,38,knife mill (2mm),20.0,,jduong@lbl.gov,humorous,pass,,2026-07-17 19:04:02.701904,
(4c)aad7,35,almond branches,145,47,xrf,mn,96.0,ppm,2,,38,knife mill (2mm),20.0,,jduong@lbl.gov,humorous,pass,,2026-07-17 19:04:02.701904,
(4c)aca6,35,almond branches,145,47,xrf,pr,66.0,ppm,1,,38,knife mill (2mm),20.0,,jduong@lbl.gov,humorous,pass,,2026-07-17 19:04:02.701904,
(4c)afec,35,almond branches,145,47,xrf,mg,4520.0,ppm,2,,38,knife mill (2mm),20.0,,jduong@lbl.gov,humorous,fail,other two replicates are <lod,2026-07-17 19:04:02.701904,
(4c)b52e,35,almond branches,145,47,xrf,k,3700.0,ppm,1,,38,knife mill (2mm),20.0,,jduong@lbl.gov,humorous,pass,,2026-07-17 19:04:02.701904,
(4c)bac4,35,almond branches,145,47,xrf,co,14.0,ppm,3,,38,knife mill (2mm),20.0,,jduong@lbl.gov,humorous,fail,other two replicates are <lod,2026-07-17 19:04:02.701904,
(4c)bf75,35,almond branches,145,47,xrf,p,1120.0,ppm,1,,38,knife mill (2mm),20.0,,jduong@lbl.gov,humorous,pass,,2026-07-17 19:04:02.701904,
(4c)c1f0,35,almond branches,145,47,xrf,sr,102.0,ppm,3,,38,knife mill (2mm),20.0,,jduong@lbl.gov,humorous,pass,,2026-07-17 19:04:02.701904,
(4c)c3f8,35,almond branches,145,47,xrf,u,21.0,ppm,1,,38,knife mill (2mm),20.0,,jduong@lbl.gov,humorous,pass,,2026-07-17 19:04:02.701904,
(4c)c889,35,almond branches,145,47,xrf,fe,544.0,ppm,2,,38,knife mill (2mm),20.0,,jduong@lbl.gov,humorous,pass,,2026-07-17 19:04:02.701904,
(4c)cb09,35,almond branches,145,47,xrf,ti,181.0,ppm,1,,38,knife mill (2mm),20.0,,jduong@lbl.gov,humorous,pass,,2026-07-17 19:04:02.701904,
(4c)d431,35,almond branches,145,47,xrf,s,754.0,ppm,1,,38,knife mill (2mm),20.0,,jduong@lbl.gov,humorous,pass,,2026-07-17 19:04:02.701904,
(4c)d8e6,35,almond branches,145,47,xrf,cu,47.0,ppm,1,,38,knife mill (2mm),20.0,,jduong@lbl.gov,humorous,pass,,2026-07-17 19:04:02.701904,
(4c)dbea,35,almond branches,145,47,xrf,sr,101.0,ppm,2,,38,knife mill (2mm),20.0,,jduong@lbl.gov,humorous,pass,,2026-07-17 19:04:02.701904,
(4c)e434,35,almond branches,145,47,xrf,la,33.0,ppm,1,,38,knife mill (2mm),20.0,,jduong@lbl.gov,humorous,pass,,2026-07-17 19:04:02.701904,
(4c)e751,35,almond branches,145,47,xrf,si,4150.0,ppm,3,,38,knife mill (2mm),20.0,,jduong@lbl.gov,humorous,pass,,2026-07-17 19:04:02.701904,
(4c)f674,35,almond branches,145,47,xrf,si,4140.0,ppm,1,,38,knife mill (2mm),20.0,,jduong@lbl.gov,humorous,pass,,2026-07-17 19:04:02.701904,
(4c)f943,35,almond branches,145,47,xrf,th,49.0,ppm,1,,38,knife mill (2mm),20.0,,jduong@lbl.gov,humorous,pass,,2026-07-17 19:04:02.701904,
(51)1b6d,22,walnut tree sticks,46,44,xrf,sr,6.0,ppm,1,,39,as is,14.0,,xkang2@lbl.gov,energetic,provisional,,2026-07-17 19:04:02.701904,
(51)266c,22,walnut tree sticks,46,44,xrf,pb,9.0,ppm,1,,39,as is,14.0,,xkang2@lbl.gov,energetic,provisional,,2026-07-17 19:04:02.701904,
(51)32e0,22,walnut tree sticks,46,44,xrf,zr,17.0,ppm,1,,39,as is,14.0,,xkang2@lbl.gov,energetic,provisional,,2026-07-17 19:04:02.701904,
(51)3972,22,walnut tree sticks,46,44,xrf,as,0.0,ppm,1,,39,as is,14.0,,xkang2@lbl.gov,energetic,provisional,,2026-07-17 19:04:02.701904,
(51)3a77,22,walnut tree sticks,46,44,xrf,sb,0.0,ppm,1,,39,as is,14.0,,xkang2@lbl.gov,energetic,provisional,,2026-07-17 19:04:02.701904,
(51)3ea8,22,walnut tree sticks,46,44,xrf,k,3620.0,ppm,1,,39,as is,14.0,,xkang2@lbl.gov,energetic,provisional,,2026-07-17 19:04:02.701904,
(51)4355,22,walnut tree sticks,46,44,xrf,mo,0.0,ppm,1,,39,as is,14.0,,xkang2@lbl.gov,energetic,provisional,,2026-07-17 19:04:02.701904,
(51)54f2,22,walnut tree sticks,46,44,xrf,mg,0.0,ppm,1,,39,as is,14.0,,xkang2@lbl.gov,energetic,provisional,,2026-07-17 19:04:02.701904,
(51)5784,22,walnut tree sticks,46,44,xrf,si,33200.0,ppm,1,,39,as is,14.0,,xkang2@lbl.gov,energetic,provisional,,2026-07-17 19:04:02.701904,
(51)5c64,22,walnut tree sticks,46,44,xrf,w,0.0,ppm,1,,39,as is,14.0,,xkang2@lbl.gov,energetic,provisional,,2026-07-17 19:04:02.701904,
(51)6065,22,walnut tree sticks,46,44,xrf,y,0.0,ppm,1,,39,as is,14.0,,xkang2@lbl.gov,energetic,provisional,,2026-07-17 19:04:02.701904,
(51)612b,22,walnut tree sticks,46,44,xrf,rb,0.0,ppm,1,,39,as is,14.0,,xkang2@lbl.gov,energetic,provisional,,2026-07-17 19:04:02.701904,
(51)6294,22,walnut tree sticks,46,44,xrf,cu,18.0,ppm,1,,39,as is,14.0,,xkang2@lbl.gov,energetic,provisional,,2026-07-17 19:04:02.701904,
(51)6de8,22,walnut tree sticks,46,44,xrf,cd,0.0,ppm,1,,39,as is,14.0,,xkang2@lbl.gov,energetic,provisional,,2026-07-17 19:04:02.701904,
(51)6e93,22,walnut tree sticks,46,44,xrf,v,0.0,ppm,1,,39,as is,14.0,,xkang2@lbl.gov,energetic,provisional,,2026-07-17 19:04:02.701904,
(51)7364,22,walnut tree sticks,46,44,xrf,bi,0.0,ppm,1,,39,as is,14.0,,xkang2@lbl.gov,energetic,provisional,,2026-07-17 19:04:02.701904,
(51)784d,22,walnut tree sticks,46,44,xrf,al,18600.0,ppm,1,,39,as is,14.0,,xkang2@lbl.gov,energetic,provisional,,2026-07-17 19:04:02.701904,
(51)85d2,22,walnut tree sticks,46,44,xrf,cr,0.0,ppm,1,,39,as is,14.0,,xkang2@lbl.gov,energetic,provisional,,2026-07-17 19:04:02.701904,
(51)8987,22,walnut tree sticks,46,44,xrf,ti,2370.0,ppm,1,,39,as is,14.0,,xkang2@lbl.gov,energetic,provisional,,2026-07-17 19:04:02.701904,
(51)8d84,22,walnut tree sticks,46,44,xrf,p,783.0,ppm,1,,39,as is,14.0,,xkang2@lbl.gov,energetic,provisional,,2026-07-17 19:04:02.701904,
(51)95fd,22,walnut tree sticks,46,44,xrf,ba,0.0,ppm,1,,39,as is,14.0,,xkang2@lbl.gov,energetic,provisional,,2026-07-17 19:04:02.701904,
(51)9bf6,22,walnut tree sticks,46,44,xrf,mn,223.0,ppm,1,,39,as is,14.0,,xkang2@lbl.gov,energetic,provisional,,2026-07-17 19:04:02.701904,
(51)a7b6,22,walnut tree sticks,46,44,xrf,zn,37.0,ppm,1,,39,as is,14.0,,xkang2@lbl.gov,energetic,provisional,,2026-07-17 19:04:02.701904,
(51)ab92,22,walnut tree sticks,46,44,xrf,nb,0.0,ppm,1,,39,as is,14.0,,xkang2@lbl.gov,energetic,provisional,,2026-07-17 19:04:02.701904,
(51)b0a9,22,walnut tree sticks,46,44,xrf,sn,0.0,ppm,1,,39,as is,14.0,,xkang2@lbl.gov,energetic,provisional,,2026-07-17 19:04:02.701904,
(51)b445,22,walnut tree sticks,46,44,xrf,ag,0.0,ppm,1,,39,as is,14.0,,xkang2@lbl.gov,energetic,provisional,,2026-07-17 19:04:02.701904,
(51)b4f9,22,walnut tree sticks,46,44,xrf,ce,0.0,ppm,1,,39,as is,14.0,,xkang2@lbl.gov,energetic,provisional,,2026-07-17 19:04:02.701904,
(51)bed2,22,walnut tree sticks,46,44,xrf,th,60.0,ppm,1,,39,as is,14.0,,xkang2@lbl.gov,energetic,provisional,,2026-07-17 19:04:02.701904,
(51)c340,22,walnut tree sticks,46,44,xrf,se,0.0,ppm,1,,39,as is,14.0,,xkang2@lbl.gov,energetic,provisional,,2026-07-17 19:04:02.701904,
(51)cb31,22,walnut tree sticks,46,44,xrf,ni,0.0,ppm,1,,39,as is,14.0,,xkang2@lbl.gov,energetic,provisional,,2026-07-17 19:04:02.701904,
(51)ce96,22,walnut tree sticks,46,44,xrf,hg,0.0,ppm,1,,39,as is,14.0,,xkang2@lbl.gov,energetic,provisional,,2026-07-17 19:04:02.701904,
(51)d238,22,walnut tree sticks,46,44,xrf,u,21.0,ppm,1,,39,as is,14.0,,xkang2@lbl.gov,energetic,provisional,,2026-07-17 19:04:02.701904,
(51)daee,22,walnut tree sticks,46,44,xrf,nd,0.0,ppm,1,,39,as is,14.0,,xkang2@lbl.gov,energetic,provisional,,2026-07-17 19:04:02.701904,
(51)db7f,22,walnut tree sticks,46,44,xrf,pr,0.0,ppm,1,,39,as is,14.0,,xkang2@lbl.gov,energetic,provisional,,2026-07-17 19:04:02.701904,
(51)e459,22,walnut tree sticks,46,44,xrf,fe,11000.0,ppm,1,,39,as is,14.0,,xkang2@lbl.gov,energetic,provisional,,2026-07-17 19:04:02.701904,
(51)e5af,22,walnut tree sticks,46,44,xrf,co,0.0,ppm,1,,39,as is,14.0,,xkang2@lbl.gov,energetic,provisional,,2026-07-17 19:04:02.701904,
(51)eaf0,22,walnut tree sticks,46,44,xrf,la,0.0,ppm,1,,39,as is,14.0,,xkang2@lbl.gov,energetic,provisional,,2026-07-17 19:04:02.701904,
(51)eb26,22,walnut tree sticks,46,44,xrf,ca,1300.0,ppm,1,,39,as is,14.0,,xkang2@lbl.gov,energetic,provisional,,2026-07-17 19:04:02.701904,
(51)f60a,22,walnut tree sticks,46,44,xrf,s,820.0,ppm,1,,39,as is,14.0,,xkang2@lbl.gov,energetic,provisional,,2026-07-17 19:04:02.701904,
(60)0836,31,almond shells,41,46,xrf,ba,0.0,ppm,1,,39,as is,14.0,,xkang2@lbl.gov,tiny,provisional,,2026-07-17 19:04:02.701904,
(60)083a,31,almond shells,41,46,xrf,cd,0.0,ppm,1,,39,as is,14.0,,xkang2@lbl.gov,tiny,provisional,,2026-07-17 19:04:02.701904,
(60)0bbc,31,almond shells,41,46,xrf,ce,0.0,ppm,1,,39,as is,14.0,,xkang2@lbl.gov,tiny,provisional,,2026-07-17 19:04:02.701904,
(60)195f,31,almond shells,41,46,xrf,si,13500.0,ppm,1,,39,as is,14.0,,xkang2@lbl.gov,tiny,provisional,,2026-07-17 19:04:02.701904,
(60)210a,31,almond shells,41,46,xrf,v,0.0,ppm,1,,39,as is,14.0,,xkang2@lbl.gov,tiny,provisional,,2026-07-17 19:04:02.701904,
(60)34dc,31,almond shells,41,46,xrf,la,0.0,ppm,1,,39,as is,14.0,,xkang2@lbl.gov,tiny,provisional,,2026-07-17 19:04:02.701904,
(60)472d,31,almond shells,41,46,xrf,fe,941.0,ppm,1,,39,as is,14.0,,xkang2@lbl.gov,tiny,provisional,,2026-07-17 19:04:02.701904,
(60)48a6,31,almond shells,41,46,xrf,al,4760.0,ppm,1,,39,as is,14.0,,xkang2@lbl.gov,tiny,provisional,,2026-07-17 19:04:02.701904,
(60)534f,31,almond shells,41,46,xrf,nb,0.0,ppm,1,,39,as is,14.0,,xkang2@lbl.gov,tiny,provisional,,2026-07-17 19:04:02.701904,
(60)5e0f,31,almond shells,41,46,xrf,cr,0.0,ppm,1,,39,as is,14.0,,xkang2@lbl.gov,tiny,provisional,,2026-07-17 19:04:02.701904,
(60)63de,31,almond shells,41,46,xrf,ag,0.0,ppm,1,,39,as is,14.0,,xkang2@lbl.gov,tiny,provisional,,2026-07-17 19:04:02.701904,
(60)7942,31,almond shells,41,46,xrf,cu,13.0,ppm,1,,39,as is,14.0,,xkang2@lbl.gov,tiny,provisional,,2026-07-17 19:04:02.701904,
(60)7f39,31,almond shells,41,46,xrf,nd,66.0,ppm,1,,39,as is,14.0,,xkang2@lbl.gov,tiny,provisional,,2026-07-17 19:04:02.701904,
(60)802d,31,almond shells,41,46,xrf,ca,7530.0,ppm,1,,39,as is,14.0,,xkang2@lbl.gov,tiny,provisional,,2026-07-17 19:04:02.701904,
(60)8186,31,almond shells,41,46,xrf,hg,0.0,ppm,1,,39,as is,14.0,,xkang2@lbl.gov,tiny,provisional,,2026-07-17 19:04:02.701904,
(60)8372,31,almond shells,41,46,xrf,ni,0.0,ppm,1,,39,as is,14.0,,xkang2@lbl.gov,tiny,provisional,,2026-07-17 19:04:02.701904,
(60)83e5,31,almond shells,41,46,xrf,as,0.0,ppm,1,,39,as is,14.0,,xkang2@lbl.gov,tiny,provisional,,2026-07-17 19:04:02.701904,
(60)8f24,31,almond shells,41,46,xrf,rb,0.0,ppm,1,,39,as is,14.0,,xkang2@lbl.gov,tiny,provisional,,2026-07-17 19:04:02.701904,
(60)99da,31,almond shells,41,46,xrf,sb,0.0,ppm,1,,39,as is,14.0,,xkang2@lbl.gov,tiny,provisional,,2026-07-17 19:04:02.701904,
(60)a0d8,31,almond shells,41,46,xrf,w,0.0,ppm,1,,39,as is,14.0,,xkang2@lbl.gov,tiny,provisional,,2026-07-17 19:04:02.701904,
(60)b4f6,31,almond shells,41,46,xrf,k,23200.0,ppm,1,,39,as is,14.0,,xkang2@lbl.gov,tiny,provisional,,2026-07-17 19:04:02.701904,
(60)baba,31,almond shells,41,46,xrf,th,85.0,ppm,1,,39,as is,14.0,,xkang2@lbl.gov,tiny,provisional,,2026-07-17 19:04:02.701904,
(60)bc2a,31,almond shells,41,46,xrf,mg,0.0,ppm,1,,39,as is,14.0,,xkang2@lbl.gov,tiny,provisional,,2026-07-17 19:04:02.701904,
(60)be99,31,almond shells,41,46,xrf,p,339.0,ppm,1,,39,as is,14.0,,xkang2@lbl.gov,tiny,provisional,,2026-07-17 19:04:02.701904,
(60)c966,31,almond shells,41,46,xrf,co,0.0,ppm,1,,39,as is,14.0,,xkang2@lbl.gov,tiny,provisional,,2026-07-17 19:04:02.701904,
(60)cc2b,31,almond shells,41,46,xrf,se,0.0,ppm,1,,39,as is,14.0,,xkang2@lbl.gov,tiny,provisional,,2026-07-17 19:04:02.701904,
(60)cc97,31,almond shells,41,46,xrf,y,0.0,ppm,1,,39,as is,14.0,,xkang2@lbl.gov,tiny,provisional,,2026-07-17 19:04:02.701904,
(60)d32a,31,almond shells,41,46,xrf,pb,0.0,ppm,1,,39,as is,14.0,,xkang2@lbl.gov,tiny,provisional,,2026-07-17 19:04:02.701904,
(60)d682,31,almond shells,41,46,xrf,ti,421.0,ppm,1,,39,as is,14.0,,xkang2@lbl.gov,tiny,provisional,,2026-07-17 19:04:02.701904,
(60)ddeb,31,almond shells,41,46,xrf,bi,0.0,ppm,1,,39,as is,14.0,,xkang2@lbl.gov,tiny,provisional,,2026-07-17 19:04:02.701904,
(60)dea5,31,almond shells,41,46,xrf,sn,0.0,ppm,1,,39,as is,14.0,,xkang2@lbl.gov,tiny,provisional,,2026-07-17 19:04:02.701904,
(60)ec56,31,almond shells,41,46,xrf,mo,0.0,ppm,1,,39,as is,14.0,,xkang2@lbl.gov,tiny,provisional,,2026-07-17 19:04:02.701904,
(60)f45e,31,almond shells,41,46,xrf,pr,0.0,ppm,1,,39,as is,14.0,,xkang2@lbl.gov,tiny,provisional,,2026-07-17 19:04:02.701904,
(60)f538,31,almond shells,41,46,xrf,u,21.0,ppm,1,,39,as is,14.0,,xkang2@lbl.gov,tiny,provisional,,2026-07-17 19:04:02.701904,
(60)f714,31,almond shells,41,46,xrf,mn,47.0,ppm,1,,39,as is,14.0,,xkang2@lbl.gov,tiny,provisional,,2026-07-17 19:04:02.701904,
(60)f88b,31,almond shells,41,46,xrf,s,431.0,ppm,1,,39,as is,14.0,,xkang2@lbl.gov,tiny,provisional,,2026-07-17 19:04:02.701904,
(60)fa52,31,almond shells,41,46,xrf,sr,48.0,ppm,1,,39,as is,14.0,,xkang2@lbl.gov,tiny,provisional,,2026-07-17 19:04:02.701904,
(60)fe21,31,almond shells,41,46,xrf,zn,16.0,ppm,1,,39,as is,14.0,,xkang2@lbl.gov,tiny,provisional,,2026-07-17 19:04:02.701904,
(60)ff63,31,almond shells,41,46,xrf,zr,0.0,ppm,1,,39,as is,14.0,,xkang2@lbl.gov,tiny,provisional,,2026-07-17 19:04:02.701904,
(62)00c5,20,wheat straw,80,47,xrf,th,74.0,ppm,2,,38,knife mill (2mm),20.0,,jduong@lbl.gov,possessive,pass,,2026-07-17 19:04:02.701904,
(62)01e1,20,wheat straw,80,47,xrf,p,3260.0,ppm,1,,38,knife mill (2mm),20.0,,jduong@lbl.gov,possessive,pass,,2026-07-17 19:04:02.701904,
(62)02c3,20,wheat straw,80,47,xrf,mg,8830.0,ppm,3,,38,knife mill (2mm),20.0,,jduong@lbl.gov,possessive,pass,,2026-07-17 19:04:02.701904,
(62)0317,10,cotton stem mix,152,47,xrf,ca,17300.0,ppm,3,,38,knife mill (2mm),20.0,,jduong@lbl.gov,schooner,pass,,2026-07-17 19:04:02.701904,
(62)038f,20,wheat straw,80,47,xrf,k,45000.0,ppm,1,,38,knife mill (2mm),20.0,,jduong@lbl.gov,possessive,pass,,2026-07-17 19:04:02.701904,
(62)1801,10,cotton stem mix,152,47,xrf,fe,1200.0,ppm,1,,38,knife mill (2mm),20.0,,jduong@lbl.gov,schooner,pass,,2026-07-17 19:04:02.701904,
(62)1b34,10,cotton stem mix,152,47,xrf,al,3000.0,ppm,2,,38,knife mill (2mm),20.0,,jduong@lbl.gov,schooner,pass,,2026-07-17 19:04:02.701904,
(62)1e10,20,wheat straw,80,47,xrf,rb,10.0,ppm,3,,38,knife mill (2mm),20.0,,jduong@lbl.gov,possessive,pass,,2026-07-17 19:04:02.701904,
(62)21d0,20,wheat straw,80,47,xrf,mn,102.0,ppm,3,,38,knife mill (2mm),20.0,,jduong@lbl.gov,possessive,pass,,2026-07-17 19:04:02.701904,
(62)224b,10,cotton stem mix,152,47,xrf,mn,43.0,ppm,1,,38,knife mill (2mm),20.0,,jduong@lbl.gov,schooner,pass,,2026-07-17 19:04:02.701904,
(62)24d1,10,cotton stem mix,152,47,xrf,mg,11900.0,ppm,3,,38,knife mill (2mm),20.0,,jduong@lbl.gov,schooner,pass,,2026-07-17 19:04:02.701904,
(62)25d6,10,cotton stem mix,152,47,xrf,zn,23.0,ppm,3,,38,knife mill (2mm),20.0,,jduong@lbl.gov,schooner,pass,,2026-07-17 19:04:02.701904,
(62)294a,20,wheat straw,80,47,xrf,k,44100.0,ppm,3,,38,knife mill (2mm),20.0,,jduong@lbl.gov,possessive,pass,,2026-07-17 19:04:02.701904,
(62)2a62,10,cotton stem mix,152,47,xrf,sr,61.0,ppm,2,,38,knife mill (2mm),20.0,,jduong@lbl.gov,schooner,pass,,2026-07-17 19:04:02.701904,
(62)2b52,10,cotton stem mix,152,47,xrf,k,19900.0,ppm,3,,38,knife mill (2mm),20.0,,jduong@lbl.gov,schooner,pass,,2026-07-17 19:04:02.701904,
(62)2b80,10,cotton stem mix,152,47,xrf,pb,4.0,ppm,2,,38,knife mill (2mm),20.0,,jduong@lbl.gov,schooner,fail,other two replicates are <lod,2026-07-17 19:04:02.701904,
(62)2bb0,20,wheat straw,80,47,xrf,th,78.0,ppm,1,,38,knife mill (2mm),20.0,,jduong@lbl.gov,possessive,pass,,2026-07-17 19:04:02.701904,
(62)2be4,10,cotton stem mix,152,47,xrf,s,4400.0,ppm,2,,38,knife mill (2mm),20.0,,jduong@lbl.gov,schooner,pass,,2026-07-17 19:04:02.701904,
(62)3b54,20,wheat straw,80,47,xrf,pb,6.0,ppm,1,,38,knife mill (2mm),20.0,,jduong@lbl.gov,possessive,pass,,2026-07-17 19:04:02.701904,
(62)3b96,20,wheat straw,80,47,xrf,mg,8800.0,ppm,1,,38,knife mill (2mm),20.0,,jduong@lbl.gov,possessive,pass,,2026-07-17 19:04:02.701904,
(62)3d32,20,wheat straw,80,47,xrf,ba,20.0,ppm,3,,38,knife mill (2mm),20.0,,jduong@lbl.gov,possessive,pass,,2026-07-17 19:04:02.701904,
(62)4037,10,cotton stem mix,152,47,xrf,p,1480.0,ppm,3,,38,knife mill (2mm),20.0,,jduong@lbl.gov,schooner,pass,,2026-07-17 19:04:02.701904,
(62)4154,10,cotton stem mix,152,47,xrf,mg,9990.0,ppm,2,,38,knife mill (2mm),20.0,,jduong@lbl.gov,schooner,pass,,2026-07-17 19:04:02.701904,
(62)442b,20,wheat straw,80,47,xrf,cu,16.0,ppm,3,,38,knife mill (2mm),20.0,,jduong@lbl.gov,possessive,pass,,2026-07-17 19:04:02.701904,
(62)4583,20,wheat straw,80,47,xrf,ba,28.0,ppm,1,,38,knife mill (2mm),20.0,,jduong@lbl.gov,possessive,pass,,2026-07-17 19:04:02.701904,
(62)460d,10,cotton stem mix,152,47,xrf,mo,6.0,ppm,2,,38,knife mill (2mm),20.0,,jduong@lbl.gov,schooner,fail,other two replicates are <lod,2026-07-17 19:04:02.701904,
(62)46ec,20,wheat straw,80,47,xrf,s,2820.0,ppm,3,,38,knife mill (2mm),20.0,,jduong@lbl.gov,possessive,pass,,2026-07-17 19:04:02.701904,
(62)4b7e,20,wheat straw,80,47,xrf,si,95500.0,ppm,3,,38,knife mill (2mm),20.0,,jduong@lbl.gov,possessive,pass,,2026-07-17 19:04:02.701904,
(62)4c66,10,cotton stem mix,152,47,xrf,s,4310.0,ppm,1,,38,knife mill (2mm),20.0,,jduong@lbl.gov,schooner,pass,,2026-07-17 19:04:02.701904,
(62)4f6a,10,cotton stem mix,152,47,xrf,mg,7360.0,ppm,1,,38,knife mill (2mm),20.0,,jduong@lbl.gov,schooner,pass,,2026-07-17 19:04:02.701904,
(62)4fb5,20,wheat straw,80,47,xrf,s,2990.0,ppm,1,,38,knife mill (2mm),20.0,,jduong@lbl.gov,possessive,pass,,2026-07-17 19:04:02.701904,
(62)506b,10,cotton stem mix,152,47,xrf,sr,63.0,ppm,1,,38,knife mill (2mm),20.0,,jduong@lbl.gov,schooner,pass,,2026-07-17 19:04:02.701904,
(62)5479,20,wheat straw,80,47,xrf,mn,68.0,ppm,1,,38,knife mill (2mm),20.0,,jduong@lbl.gov,possessive,pass,,2026-07-17 19:04:02.701904,
(62)55f5,10,cotton stem mix,152,47,xrf,mn,67.0,ppm,2,,38,knife mill (2mm),20.0,,jduong@lbl.gov,schooner,pass,,2026-07-17 19:04:02.701904,
(62)56ec,20,wheat straw,80,47,xrf,zn,24.0,ppm,3,,38,knife mill (2mm),20.0,,jduong@lbl.gov,possessive,pass,,2026-07-17 19:04:02.701904,
(62)570f,10,cotton stem mix,152,47,xrf,fe,1150.0,ppm,2,,38,knife mill (2mm),20.0,,jduong@lbl.gov,schooner,pass,,2026-07-17 19:04:02.701904,
(62)572d,10,cotton stem mix,152,47,xrf,si,7550.0,ppm,2,,38,knife mill (2mm),20.0,,jduong@lbl.gov,schooner,pass,,2026-07-17 19:04:02.701904,
(62)5a02,20,wheat straw,80,47,xrf,p,2990.0,ppm,2,,38,knife mill (2mm),20.0,,jduong@lbl.gov,possessive,pass,,2026-07-17 19:04:02.701904,
(62)5bac,10,cotton stem mix,152,47,xrf,u,21.0,ppm,1,,38,knife mill (2mm),20.0,,jduong@lbl.gov,schooner,pass,,2026-07-17 19:04:02.701904,
(62)61ad,20,wheat straw,80,47,xrf,mo,7.0,ppm,2,,38,knife mill (2mm),20.0,,jduong@lbl.gov,possessive,pass,,2026-07-17 19:04:02.701904,
(62)6267,10,cotton stem mix,152,47,xrf,u,21.0,ppm,3,,38,knife mill (2mm),20.0,,jduong@lbl.gov,schooner,pass,,2026-07-17 19:04:02.701904,
(62)62c2,10,cotton stem mix,152,47,xrf,zn,23.0,ppm,2,,38,knife mill (2mm),20.0,,jduong@lbl.gov,schooner,pass,,2026-07-17 19:04:02.701904,
(62)6386,20,wheat straw,80,47,xrf,mo,8.0,ppm,3,,38,knife mill (2mm),20.0,,jduong@lbl.gov,possessive,pass,,2026-07-17 19:04:02.701904,
(62)6541,10,cotton stem mix,152,47,xrf,p,1380.0,ppm,1,,38,knife mill (2mm),20.0,,jduong@lbl.gov,schooner,pass,,2026-07-17 19:04:02.701904,
(62)665d,20,wheat straw,80,47,xrf,ba,26.0,ppm,2,,38,knife mill (2mm),20.0,,jduong@lbl.gov,possessive,pass,,2026-07-17 19:04:02.701904,
(62)6a74,20,wheat straw,80,47,xrf,sr,17.0,ppm,3,,38,knife mill (2mm),20.0,,jduong@lbl.gov,possessive,pass,,2026-07-17 19:04:02.701904,
(62)6c52,10,cotton stem mix,152,47,xrf,ba,27.0,ppm,3,,38,knife mill (2mm),20.0,,jduong@lbl.gov,schooner,pass,,2026-07-17 19:04:02.701904,
(62)6c63,20,wheat straw,80,47,xrf,pb,4.0,ppm,2,,38,knife mill (2mm),20.0,,jduong@lbl.gov,possessive,pass,,2026-07-17 19:04:02.701904,
(62)7082,10,cotton stem mix,152,47,xrf,ti,243.0,ppm,2,,38,knife mill (2mm),20.0,,jduong@lbl.gov,schooner,pass,,2026-07-17 19:04:02.701904,
(62)76c8,10,cotton stem mix,152,47,xrf,rb,18.0,ppm,3,,38,knife mill (2mm),20.0,,jduong@lbl.gov,schooner,pass,,2026-07-17 19:04:02.701904,
(62)77cd,10,cotton stem mix,152,47,xrf,fe,1110.0,ppm,3,,38,knife mill (2mm),20.0,,jduong@lbl.gov,schooner,pass,,2026-07-17 19:04:02.701904,
(62)7982,10,cotton stem mix,152,47,xrf,ca,17400.0,ppm,2,,38,knife mill (2mm),20.0,,jduong@lbl.gov,schooner,pass,,2026-07-17 19:04:02.701904,
(62)7b09,20,wheat straw,80,47,xrf,s,2610.0,ppm,2,,38,knife mill (2mm),20.0,,jduong@lbl.gov,possessive,pass,,2026-07-17 19:04:02.701904,
(62)7cd7,10,cotton stem mix,152,47,xrf,la,45.0,ppm,1,,38,knife mill (2mm),20.0,,jduong@lbl.gov,schooner,fail,other two replicates are <lod,2026-07-17 19:04:02.701904,
(62)7e32,20,wheat straw,80,47,xrf,k,44200.0,ppm,2,,38,knife mill (2mm),20.0,,jduong@lbl.gov,possessive,pass,,2026-07-17 19:04:02.701904,
(62)82c1,20,wheat straw,80,47,xrf,mg,7570.0,ppm,2,,38,knife mill (2mm),20.0,,jduong@lbl.gov,possessive,pass,,2026-07-17 19:04:02.701904,
(62)87aa,20,wheat straw,80,47,xrf,pb,6.0,ppm,3,,38,knife mill (2mm),20.0,,jduong@lbl.gov,possessive,pass,,2026-07-17 19:04:02.701904,
(62)8f0d,10,cotton stem mix,152,47,xrf,th,68.0,ppm,3,,38,knife mill (2mm),20.0,,jduong@lbl.gov,schooner,pass,,2026-07-17 19:04:02.701904,
(62)9474,20,wheat straw,80,47,xrf,rb,9.0,ppm,1,,38,knife mill (2mm),20.0,,jduong@lbl.gov,possessive,pass,,2026-07-17 19:04:02.701904,
(62)96bb,20,wheat straw,80,47,xrf,cu,12.0,ppm,2,,38,knife mill (2mm),20.0,,jduong@lbl.gov,possessive,pass,,2026-07-17 19:04:02.701904,
(62)979b,20,wheat straw,80,47,xrf,ca,5290.0,ppm,1,,38,knife mill (2mm),20.0,,jduong@lbl.gov,possessive,pass,,2026-07-17 19:04:02.701904,
(62)99a2,10,cotton stem mix,152,47,xrf,p,1510.0,ppm,2,,38,knife mill (2mm),20.0,,jduong@lbl.gov,schooner,pass,,2026-07-17 19:04:02.701904,
(62)9baf,20,wheat straw,80,47,xrf,fe,368.0,ppm,2,,38,knife mill (2mm),20.0,,jduong@lbl.gov,possessive,pass,,2026-07-17 19:04:02.701904,
(62)a275,10,cotton stem mix,152,47,xrf,k,20000.0,ppm,1,,38,knife mill (2mm),20.0,,jduong@lbl.gov,schooner,pass,,2026-07-17 19:04:02.701904,
(62)a2f8,20,wheat straw,80,47,xrf,fe,369.0,ppm,3,,38,knife mill (2mm),20.0,,jduong@lbl.gov,possessive,pass,,2026-07-17 19:04:02.701904,
(62)a901,20,wheat straw,80,47,xrf,ca,4950.0,ppm,3,,38,knife mill (2mm),20.0,,jduong@lbl.gov,possessive,pass,,2026-07-17 19:04:02.701904,
(62)aa50,10,cotton stem mix,152,47,xrf,al,3210.0,ppm,1,,38,knife mill (2mm),20.0,,jduong@lbl.gov,schooner,pass,,2026-07-17 19:04:02.701904,
(62)abbc,20,wheat straw,80,47,xrf,th,82.0,ppm,3,,38,knife mill (2mm),20.0,,jduong@lbl.gov,possessive,pass,,2026-07-17 19:04:02.701904,
(62)ac33,20,wheat straw,80,47,xrf,si,89200.0,ppm,2,,38,knife mill (2mm),20.0,,jduong@lbl.gov,possessive,pass,,2026-07-17 19:04:02.701904,
(62)ac7a,10,cotton stem mix,152,47,xrf,cu,15.0,ppm,1,,38,knife mill (2mm),20.0,,jduong@lbl.gov,schooner,pass,,2026-07-17 19:04:02.701904,
(62)acb0,10,cotton stem mix,152,47,xrf,si,6190.0,ppm,1,,38,knife mill (2mm),20.0,,jduong@lbl.gov,schooner,pass,,2026-07-17 19:04:02.701904,
(62)adf8,10,cotton stem mix,152,47,xrf,ce,53.0,ppm,1,,38,knife mill (2mm),20.0,,jduong@lbl.gov,schooner,fail,other two replicates are <lod,2026-07-17 19:04:02.701904,
(62)b482,20,wheat straw,80,47,xrf,fe,410.0,ppm,1,,38,knife mill (2mm),20.0,,jduong@lbl.gov,possessive,pass,,2026-07-17 19:04:02.701904,
(62)b4b7,20,wheat straw,80,47,xrf,u,24.0,ppm,3,,38,knife mill (2mm),20.0,,jduong@lbl.gov,possessive,pass,,2026-07-17 19:04:02.701904,
(62)b802,10,cotton stem mix,152,47,xrf,k,19900.0,ppm,2,,38,knife mill (2mm),20.0,,jduong@lbl.gov,schooner,pass,,2026-07-17 19:04:02.701904,
(62)b86b,10,cotton stem mix,152,47,xrf,cu,13.0,ppm,2,,38,knife mill (2mm),20.0,,jduong@lbl.gov,schooner,pass,,2026-07-17 19:04:02.701904,
(62)b981,10,cotton stem mix,152,47,xrf,sr,60.0,ppm,3,,38,knife mill (2mm),20.0,,jduong@lbl.gov,schooner,pass,,2026-07-17 19:04:02.701904,
(62)bc05,20,wheat straw,80,47,xrf,rb,8.0,ppm,2,,38,knife mill (2mm),20.0,,jduong@lbl.gov,possessive,pass,,2026-07-17 19:04:02.701904,
(62)bcbd,20,wheat straw,80,47,xrf,p,2910.0,ppm,3,,38,knife mill (2mm),20.0,,jduong@lbl.gov,possessive,pass,,2026-07-17 19:04:02.701904,
(62)bd61,20,wheat straw,80,47,xrf,sr,19.0,ppm,1,,38,knife mill (2mm),20.0,,jduong@lbl.gov,possessive,pass,,2026-07-17 19:04:02.701904,
(62)beab,20,wheat straw,80,47,xrf,nd,81.0,ppm,3,,38,knife mill (2mm),20.0,,jduong@lbl.gov,possessive,fail,other two replicates are <lod,2026-07-17 19:04:02.701904,
(62)bec1,20,wheat straw,80,47,xrf,ca,4900.0,ppm,2,,38,knife mill (2mm),20.0,,jduong@lbl.gov,possessive,pass,,2026-07-17 19:04:02.701904,
(62)bfc6,10,cotton stem mix,152,47,xrf,zn,23.0,ppm,1,,38,knife mill (2mm),20.0,,jduong@lbl.gov,schooner,pass,,2026-07-17 19:04:02.701904,
(62)c0ce,20,wheat straw,80,47,xrf,u,20.0,ppm,1,,38,knife mill (2mm),20.0,,jduong@lbl.gov,possessive,pass,,2026-07-17 19:04:02.701904,
(62)c0e4,10,cotton stem mix,152,47,xrf,ba,29.0,ppm,1,,38,knife mill (2mm),20.0,,jduong@lbl.gov,schooner,pass,,2026-07-17 19:04:02.701904,
(62)c48b,10,cotton stem mix,152,47,xrf,s,4440.0,ppm,3,,38,knife mill (2mm),20.0,,jduong@lbl.gov,schooner,pass,,2026-07-17 19:04:02.701904,
(62)c630,20,wheat straw,80,47,xrf,si,92700.0,ppm,1,,38,knife mill (2mm),20.0,,jduong@lbl.gov,possessive,pass,,2026-07-17 19:04:02.701904,
(62)cb09,10,cotton stem mix,152,47,xrf,si,7380.0,ppm,3,,38,knife mill (2mm),20.0,,jduong@lbl.gov,schooner,pass,,2026-07-17 19:04:02.701904,
(62)cd96,10,cotton stem mix,152,47,xrf,mn,49.0,ppm,3,,38,knife mill (2mm),20.0,,jduong@lbl.gov,schooner,pass,,2026-07-17 19:04:02.701904,
(62)ce3b,10,cotton stem mix,152,47,xrf,th,67.0,ppm,1,,38,knife mill (2mm),20.0,,jduong@lbl.gov,schooner,pass,,2026-07-17 19:04:02.701904,
(62)ce3c,10,cotton stem mix,152,47,xrf,al,2690.0,ppm,3,,38,knife mill (2mm),20.0,,jduong@lbl.gov,schooner,pass,,2026-07-17 19:04:02.701904,
(62)cf10,10,cotton stem mix,152,47,xrf,th,63.0,ppm,2,,38,knife mill (2mm),20.0,,jduong@lbl.gov,schooner,pass,,2026-07-17 19:04:02.701904,
(62)d2d8,20,wheat straw,80,47,xrf,zn,16.0,ppm,1,,38,knife mill (2mm),20.0,,jduong@lbl.gov,possessive,pass,,2026-07-17 19:04:02.701904,
(62)d43b,20,wheat straw,80,47,xrf,la,38.0,ppm,1,,38,knife mill (2mm),20.0,,jduong@lbl.gov,possessive,fail,other two replicates are <lod,2026-07-17 19:04:02.701904,
(62)d97b,20,wheat straw,80,47,xrf,pr,68.0,ppm,3,,38,knife mill (2mm),20.0,,jduong@lbl.gov,possessive,fail,other two replicates are <lod,2026-07-17 19:04:02.701904,
(62)d9c3,10,cotton stem mix,152,47,xrf,ba,18.0,ppm,2,,38,knife mill (2mm),20.0,,jduong@lbl.gov,schooner,pass,,2026-07-17 19:04:02.701904,
(62)da9a,20,wheat straw,80,47,xrf,al,1370.0,ppm,3,,38,knife mill (2mm),20.0,,jduong@lbl.gov,possessive,fail,other two replicates are <lod,2026-07-17 19:04:02.701904,
(62)e069,20,wheat straw,80,47,xrf,cu,13.0,ppm,1,,38,knife mill (2mm),20.0,,jduong@lbl.gov,possessive,pass,,2026-07-17 19:04:02.701904,
(62)e486,10,cotton stem mix,152,47,xrf,ca,16800.0,ppm,1,,38,knife mill (2mm),20.0,,jduong@lbl.gov,schooner,pass,,2026-07-17 19:04:02.701904,
(62)e4d2,10,cotton stem mix,152,47,xrf,ti,226.0,ppm,3,,38,knife mill (2mm),20.0,,jduong@lbl.gov,schooner,pass,,2026-07-17 19:04:02.701904,
(62)ebbc,20,wheat straw,80,47,xrf,sr,19.0,ppm,2,,38,knife mill (2mm),20.0,,jduong@lbl.gov,possessive,pass,,2026-07-17 19:04:02.701904,
(62)ed65,20,wheat straw,80,47,xrf,zn,19.0,ppm,2,,38,knife mill (2mm),20.0,,jduong@lbl.gov,possessive,pass,,2026-07-17 19:04:02.701904,
(62)f49c,10,cotton stem mix,152,47,xrf,cu,16.0,ppm,3,,38,knife mill (2mm),20.0,,jduong@lbl.gov,schooner,pass,,2026-07-17 19:04:02.701904,
(62)f8d3,10,cotton stem mix,152,47,xrf,rb,18.0,ppm,1,,38,knife mill (2mm),20.0,,jduong@lbl.gov,schooner,pass,,2026-07-17 19:04:02.701904,
(62)fa19,20,wheat straw,80,47,xrf,u,20.0,ppm,2,,38,knife mill (2mm),20.0,,jduong@lbl.gov,possessive,pass,,2026-07-17 19:04:02.701904,
(62)fa7d,20,wheat straw,80,47,xrf,mn,92.0,ppm,2,,38,knife mill (2mm),20.0,,jduong@lbl.gov,possessive,pass,,2026-07-17 19:04:02.701904,
(62)fb45,10,cotton stem mix,152,47,xrf,rb,17.0,ppm,2,,38,knife mill (2mm),20.0,,jduong@lbl.gov,schooner,pass,,2026-07-17 19:04:02.701904,
(62)fdc0,10,cotton stem mix,152,47,xrf,u,24.0,ppm,2,,38,knife mill (2mm),20.0,,jduong@lbl.gov,schooner,pass,,2026-07-17 19:04:02.701904,
(65)0040,26,spent oak chips,123,47,xrf,ti,250.0,ppm,2,,33,oven dry + knife mill (2mm),20.0,,jduong@lbl.gov,rigging,fail,other two replicates are <lod,2026-07-17 19:04:02.701904,
(65)0179,26,spent oak chips,123,47,xrf,u,22.0,ppm,2,,33,oven dry + knife mill (2mm),20.0,,jduong@lbl.gov,rigging,pass,,2026-07-17 19:04:02.701904,
(65)03f2,23,grape pomace,117,47,xrf,u,13.0,ppm,3,,33,oven dry + knife mill (2mm),20.0,,jduong@lbl.gov,rigging,pass,,2026-07-17 19:04:02.701904,
(65)0762,26,spent oak chips,123,47,xrf,s,2420.0,ppm,1,,33,oven dry + knife mill (2mm),20.0,,jduong@lbl.gov,rigging,pass,,2026-07-17 19:04:02.701904,
(65)07b3,23,grape pomace,117,47,xrf,pr,78.0,ppm,3,,33,oven dry + knife mill (2mm),20.0,,jduong@lbl.gov,rigging,pass,,2026-07-17 19:04:02.701904,
(65)0f71,26,spent oak chips,123,47,xrf,zn,13.0,ppm,2,,33,oven dry + knife mill (2mm),20.0,,jduong@lbl.gov,rigging,pass,,2026-07-17 19:04:02.701904,
(65)108b,26,spent oak chips,123,47,xrf,nd,91.0,ppm,3,,33,oven dry + knife mill (2mm),20.0,,jduong@lbl.gov,rigging,fail,other two replicates are <lod,2026-07-17 19:04:02.701904,
(65)1198,23,grape pomace,117,47,xrf,zn,24.0,ppm,2,,33,oven dry + knife mill (2mm),20.0,,jduong@lbl.gov,rigging,pass,,2026-07-17 19:04:02.701904,
(65)15c5,26,spent oak chips,123,47,xrf,zn,16.0,ppm,3,,33,oven dry + knife mill (2mm),20.0,,jduong@lbl.gov,rigging,pass,,2026-07-17 19:04:02.701904,
(65)1632,23,grape pomace,117,47,xrf,si,1200.0,ppm,2,,33,oven dry + knife mill (2mm),20.0,,jduong@lbl.gov,rigging,pass,,2026-07-17 19:04:02.701904,
(65)1737,26,spent oak chips,123,47,xrf,ce,54.0,ppm,3,,33,oven dry + knife mill (2mm),20.0,,jduong@lbl.gov,rigging,pass,,2026-07-17 19:04:02.701904,
(65)1899,26,spent oak chips,123,47,xrf,u,20.0,ppm,3,,33,oven dry + knife mill (2mm),20.0,,jduong@lbl.gov,rigging,pass,,2026-07-17 19:04:02.701904,
(65)2038,26,spent oak chips,123,47,xrf,th,61.0,ppm,1,,33,oven dry + knife mill (2mm),20.0,,jduong@lbl.gov,rigging,pass,,2026-07-17 19:04:02.701904,
(65)2122,26,spent oak chips,123,47,xrf,ca,1290.0,ppm,3,,33,oven dry + knife mill (2mm),20.0,,jduong@lbl.gov,rigging,pass,,2026-07-17 19:04:02.701904,
(65)23e5,26,spent oak chips,123,47,xrf,mn,25.0,ppm,2,,33,oven dry + knife mill (2mm),20.0,,jduong@lbl.gov,rigging,pass,,2026-07-17 19:04:02.701904,
(65)245d,23,grape pomace,117,47,xrf,ca,6780.0,ppm,1,,33,oven dry + knife mill (2mm),20.0,,jduong@lbl.gov,rigging,pass,,2026-07-17 19:04:02.701904,
(65)2525,26,spent oak chips,123,47,xrf,pb,4.0,ppm,1,,33,oven dry + knife mill (2mm),20.0,,jduong@lbl.gov,rigging,pass,,2026-07-17 19:04:02.701904,
(65)2ca6,26,spent oak chips,123,47,xrf,mn,28.0,ppm,1,,33,oven dry + knife mill (2mm),20.0,,jduong@lbl.gov,rigging,pass,,2026-07-17 19:04:02.701904,
(65)2ddc,23,grape pomace,117,47,xrf,s,2690.0,ppm,3,,33,oven dry + knife mill (2mm),20.0,,jduong@lbl.gov,rigging,pass,,2026-07-17 19:04:02.701904,
(65)31f0,26,spent oak chips,123,47,xrf,la,44.0,ppm,2,,33,oven dry + knife mill (2mm),20.0,,jduong@lbl.gov,rigging,pass,,2026-07-17 19:04:02.701904,
(65)3415,23,grape pomace,117,47,xrf,fe,273.0,ppm,2,,33,oven dry + knife mill (2mm),20.0,,jduong@lbl.gov,rigging,pass,,2026-07-17 19:04:02.701904,
(65)3505,26,spent oak chips,123,47,xrf,cu,6.0,ppm,1,,33,oven dry + knife mill (2mm),20.0,,jduong@lbl.gov,rigging,pass,,2026-07-17 19:04:02.701904,
(65)3cab,23,grape pomace,117,47,xrf,th,38.0,ppm,1,,33,oven dry + knife mill (2mm),20.0,,jduong@lbl.gov,rigging,pass,,2026-07-17 19:04:02.701904,
(65)3d3b,23,grape pomace,117,47,xrf,mo,4.0,ppm,2,,33,oven dry + knife mill (2mm),20.0,,jduong@lbl.gov,rigging,pass,,2026-07-17 19:04:02.701904,
(65)40f0,23,grape pomace,117,47,xrf,p,3410.0,ppm,1,,33,oven dry + knife mill (2mm),20.0,,jduong@lbl.gov,rigging,pass,,2026-07-17 19:04:02.701904,
(65)4199,26,spent oak chips,123,47,xrf,sr,13.0,ppm,3,,33,oven dry + knife mill (2mm),20.0,,jduong@lbl.gov,rigging,pass,,2026-07-17 19:04:02.701904,
(65)44e6,23,grape pomace,117,47,xrf,rb,7.0,ppm,2,,33,oven dry + knife mill (2mm),20.0,,jduong@lbl.gov,rigging,pass,,2026-07-17 19:04:02.701904,
(65)476c,26,spent oak chips,123,47,xrf,ce,62.0,ppm,1,,33,oven dry + knife mill (2mm),20.0,,jduong@lbl.gov,rigging,pass,,2026-07-17 19:04:02.701904,
(65)4a98,23,grape pomace,117,47,xrf,k,16200.0,ppm,3,,33,oven dry + knife mill (2mm),20.0,,jduong@lbl.gov,rigging,pass,,2026-07-17 19:04:02.701904,
(65)4b03,26,spent oak chips,123,47,xrf,ba,21.0,ppm,3,,33,oven dry + knife mill (2mm),20.0,,jduong@lbl.gov,rigging,pass,,2026-07-17 19:04:02.701904,
(65)53d6,23,grape pomace,117,47,xrf,mo,7.0,ppm,1,,33,oven dry + knife mill (2mm),20.0,,jduong@lbl.gov,rigging,pass,,2026-07-17 19:04:02.701904,
(65)5587,23,grape pomace,117,47,xrf,u,13.0,ppm,2,,33,oven dry + knife mill (2mm),20.0,,jduong@lbl.gov,rigging,pass,,2026-07-17 19:04:02.701904,
(65)56be,23,grape pomace,117,47,xrf,mn,49.0,ppm,3,,33,oven dry + knife mill (2mm),20.0,,jduong@lbl.gov,rigging,pass,,2026-07-17 19:04:02.701904,
(65)5756,23,grape pomace,117,47,xrf,co,13.0,ppm,2,,33,oven dry + knife mill (2mm),20.0,,jduong@lbl.gov,rigging,pass,,2026-07-17 19:04:02.701904,
(65)58d1,26,spent oak chips,123,47,xrf,pb,4.0,ppm,3,,33,oven dry + knife mill (2mm),20.0,,jduong@lbl.gov,rigging,pass,,2026-07-17 19:04:02.701904,
(65)5a38,23,grape pomace,117,47,xrf,mn,43.0,ppm,2,,33,oven dry + knife mill (2mm),20.0,,jduong@lbl.gov,rigging,pass,,2026-07-17 19:04:02.701904,
(65)5c03,26,spent oak chips,123,47,xrf,k,5570.0,ppm,2,,33,oven dry + knife mill (2mm),20.0,,jduong@lbl.gov,rigging,pass,,2026-07-17 19:04:02.701904,
(65)5c0e,23,grape pomace,117,47,xrf,p,3460.0,ppm,3,,33,oven dry + knife mill (2mm),20.0,,jduong@lbl.gov,rigging,pass,,2026-07-17 19:04:02.701904,
(65)5cbf,23,grape pomace,117,47,xrf,p,3420.0,ppm,2,,33,oven dry + knife mill (2mm),20.0,,jduong@lbl.gov,rigging,pass,,2026-07-17 19:04:02.701904,
(65)5cf2,26,spent oak chips,123,47,xrf,ca,1170.0,ppm,1,,33,oven dry + knife mill (2mm),20.0,,jduong@lbl.gov,rigging,pass,,2026-07-17 19:04:02.701904,
(65)5d26,26,spent oak chips,123,47,xrf,ba,26.0,ppm,2,,33,oven dry + knife mill (2mm),20.0,,jduong@lbl.gov,rigging,pass,,2026-07-17 19:04:02.701904,
(65)6092,26,spent oak chips,123,47,xrf,ba,21.0,ppm,1,,33,oven dry + knife mill (2mm),20.0,,jduong@lbl.gov,rigging,pass,,2026-07-17 19:04:02.701904,
(65)6500,23,grape pomace,117,47,xrf,ce,71.0,ppm,2,,33,oven dry + knife mill (2mm),20.0,,jduong@lbl.gov,rigging,pass,,2026-07-17 19:04:02.701904,
(65)651a,26,spent oak chips,123,47,xrf,pr,97.0,ppm,1,,33,oven dry + knife mill (2mm),20.0,,jduong@lbl.gov,rigging,pass,,2026-07-17 19:04:02.701904,
(65)6730,23,grape pomace,117,47,xrf,ca,7320.0,ppm,2,,33,oven dry + knife mill (2mm),20.0,,jduong@lbl.gov,rigging,pass,,2026-07-17 19:04:02.701904,
(65)682e,26,spent oak chips,123,47,xrf,zn,15.0,ppm,1,,33,oven dry + knife mill (2mm),20.0,,jduong@lbl.gov,rigging,pass,,2026-07-17 19:04:02.701904,
(65)6963,23,grape pomace,117,47,xrf,pr,123.0,ppm,2,,33,oven dry + knife mill (2mm),20.0,,jduong@lbl.gov,rigging,pass,,2026-07-17 19:04:02.701904,
(65)6af2,26,spent oak chips,123,47,xrf,si,1100.0,ppm,1,,33,oven dry + knife mill (2mm),20.0,,jduong@lbl.gov,rigging,pass,,2026-07-17 19:04:02.701904,
(65)6bdb,26,spent oak chips,123,47,xrf,al,881.0,ppm,3,,33,oven dry + knife mill (2mm),20.0,,jduong@lbl.gov,rigging,pass,,2026-07-17 19:04:02.701904,
(65)6e13,26,spent oak chips,123,47,xrf,pr,102.0,ppm,3,,33,oven dry + knife mill (2mm),20.0,,jduong@lbl.gov,rigging,pass,,2026-07-17 19:04:02.701904,
(65)70c1,23,grape pomace,117,47,xrf,ca,7300.0,ppm,3,,33,oven dry + knife mill (2mm),20.0,,jduong@lbl.gov,rigging,pass,,2026-07-17 19:04:02.701904,
(65)7448,26,spent oak chips,123,47,xrf,la,32.0,ppm,3,,33,oven dry + knife mill (2mm),20.0,,jduong@lbl.gov,rigging,pass,,2026-07-17 19:04:02.701904,
(65)754a,23,grape pomace,117,47,xrf,ba,33.0,ppm,3,,33,oven dry + knife mill (2mm),20.0,,jduong@lbl.gov,rigging,pass,,2026-07-17 19:04:02.701904,
(65)79e8,26,spent oak chips,123,47,xrf,si,1040.0,ppm,2,,33,oven dry + knife mill (2mm),20.0,,jduong@lbl.gov,rigging,pass,,2026-07-17 19:04:02.701904,
(65)7c35,26,spent oak chips,123,47,xrf,rb,7.0,ppm,2,,33,oven dry + knife mill (2mm),20.0,,jduong@lbl.gov,rigging,pass,,2026-07-17 19:04:02.701904,
(65)81c7,26,spent oak chips,123,47,xrf,k,5960.0,ppm,1,,33,oven dry + knife mill (2mm),20.0,,jduong@lbl.gov,rigging,pass,,2026-07-17 19:04:02.701904,
(65)820a,26,spent oak chips,123,47,xrf,pb,4.0,ppm,2,,33,oven dry + knife mill (2mm),20.0,,jduong@lbl.gov,rigging,pass,,2026-07-17 19:04:02.701904,
(65)8328,26,spent oak chips,123,47,xrf,u,20.0,ppm,1,,33,oven dry + knife mill (2mm),20.0,,jduong@lbl.gov,rigging,pass,,2026-07-17 19:04:02.701904,
(65)876c,26,spent oak chips,123,47,xrf,s,2360.0,ppm,3,,33,oven dry + knife mill (2mm),20.0,,jduong@lbl.gov,rigging,pass,,2026-07-17 19:04:02.701904,
(65)894b,26,spent oak chips,123,47,xrf,cu,11.0,ppm,3,,33,oven dry + knife mill (2mm),20.0,,jduong@lbl.gov,rigging,pass,,2026-07-17 19:04:02.701904,
(65)8c78,23,grape pomace,117,47,xrf,cu,18.0,ppm,1,,33,oven dry + knife mill (2mm),20.0,,jduong@lbl.gov,rigging,fail,other two replicates are <lod,2026-07-17 19:04:02.701904,
(65)8db0,26,spent oak chips,123,47,xrf,fe,272.0,ppm,3,,33,oven dry + knife mill (2mm),20.0,,jduong@lbl.gov,rigging,pass,,2026-07-17 19:04:02.701904,
(65)8eb6,23,grape pomace,117,47,xrf,cu,18.0,ppm,3,,33,oven dry + knife mill (2mm),20.0,,jduong@lbl.gov,rigging,pass,,2026-07-17 19:04:02.701904,
(65)905d,26,spent oak chips,123,47,xrf,fe,259.0,ppm,2,,33,oven dry + knife mill (2mm),20.0,,jduong@lbl.gov,rigging,pass,,2026-07-17 19:04:02.701904,
(65)999c,23,grape pomace,117,47,xrf,k,16900.0,ppm,1,,33,oven dry + knife mill (2mm),20.0,,jduong@lbl.gov,rigging,pass,,2026-07-17 19:04:02.701904,
(65)9b52,23,grape pomace,117,47,xrf,sr,45.0,ppm,1,,33,oven dry + knife mill (2mm),20.0,,jduong@lbl.gov,rigging,pass,,2026-07-17 19:04:02.701904,
(65)a456,23,grape pomace,117,47,xrf,mg,4510.0,ppm,3,,33,oven dry + knife mill (2mm),20.0,,jduong@lbl.gov,rigging,fail,other two replicates are <lod,2026-07-17 19:04:02.701904,
(65)a509,23,grape pomace,117,47,xrf,th,35.0,ppm,2,,33,oven dry + knife mill (2mm),20.0,,jduong@lbl.gov,rigging,pass,,2026-07-17 19:04:02.701904,
(65)ac64,23,grape pomace,117,47,xrf,la,45.0,ppm,3,,33,oven dry + knife mill (2mm),20.0,,jduong@lbl.gov,rigging,fail,other two replicates are <lod,2026-07-17 19:04:02.701904,
(65)afaf,23,grape pomace,117,47,xrf,fe,267.0,ppm,3,,33,oven dry + knife mill (2mm),20.0,,jduong@lbl.gov,rigging,pass,,2026-07-17 19:04:02.701904,
(65)b02e,26,spent oak chips,123,47,xrf,al,706.0,ppm,1,,33,oven dry + knife mill (2mm),20.0,,jduong@lbl.gov,rigging,pass,,2026-07-17 19:04:02.701904,
(65)b1e9,23,grape pomace,117,47,xrf,th,35.0,ppm,3,,33,oven dry + knife mill (2mm),20.0,,jduong@lbl.gov,rigging,pass,,2026-07-17 19:04:02.701904,
(65)b4d1,26,spent oak chips,123,47,xrf,p,262.0,ppm,2,,33,oven dry + knife mill (2mm),20.0,,jduong@lbl.gov,rigging,pass,,2026-07-17 19:04:02.701904,
(65)b753,23,grape pomace,117,47,xrf,k,16200.0,ppm,2,,33,oven dry + knife mill (2mm),20.0,,jduong@lbl.gov,rigging,pass,,2026-07-17 19:04:02.701904,
(65)b893,23,grape pomace,117,47,xrf,cu,19.0,ppm,2,,33,oven dry + knife mill (2mm),20.0,,jduong@lbl.gov,rigging,pass,,2026-07-17 19:04:02.701904,
(65)b906,23,grape pomace,117,47,xrf,sr,46.0,ppm,2,,33,oven dry + knife mill (2mm),20.0,,jduong@lbl.gov,rigging,pass,,2026-07-17 19:04:02.701904,
(65)bbd4,26,spent oak chips,123,47,xrf,sr,12.0,ppm,2,,33,oven dry + knife mill (2mm),20.0,,jduong@lbl.gov,rigging,pass,,2026-07-17 19:04:02.701904,
(65)bd1d,26,spent oak chips,123,47,xrf,fe,296.0,ppm,1,,33,oven dry + knife mill (2mm),20.0,,jduong@lbl.gov,rigging,pass,,2026-07-17 19:04:02.701904,
(65)be45,26,spent oak chips,123,47,xrf,mn,33.0,ppm,3,,33,oven dry + knife mill (2mm),20.0,,jduong@lbl.gov,rigging,pass,,2026-07-17 19:04:02.701904,
(65)bebc,23,grape pomace,117,47,xrf,ba,25.0,ppm,2,,33,oven dry + knife mill (2mm),20.0,,jduong@lbl.gov,rigging,pass,,2026-07-17 19:04:02.701904,
(65)c0c2,23,grape pomace,117,47,xrf,si,1180.0,ppm,3,,33,oven dry + knife mill (2mm),20.0,,jduong@lbl.gov,rigging,pass,,2026-07-17 19:04:02.701904,
(65)c479,23,grape pomace,117,47,xrf,s,2640.0,ppm,1,,33,oven dry + knife mill (2mm),20.0,,jduong@lbl.gov,rigging,pass,,2026-07-17 19:04:02.701904,
(65)cbd6,23,grape pomace,117,47,xrf,zn,19.0,ppm,1,,33,oven dry + knife mill (2mm),20.0,,jduong@lbl.gov,rigging,pass,,2026-07-17 19:04:02.701904,
(65)ce2a,23,grape pomace,117,47,xrf,sr,46.0,ppm,3,,33,oven dry + knife mill (2mm),20.0,,jduong@lbl.gov,rigging,pass,,2026-07-17 19:04:02.701904,
(65)d407,26,spent oak chips,123,47,xrf,rb,8.0,ppm,1,,33,oven dry + knife mill (2mm),20.0,,jduong@lbl.gov,rigging,pass,,2026-07-17 19:04:02.701904,
(65)d484,23,grape pomace,117,47,xrf,fe,261.0,ppm,1,,33,oven dry + knife mill (2mm),20.0,,jduong@lbl.gov,rigging,pass,,2026-07-17 19:04:02.701904,
(65)d5b4,26,spent oak chips,123,47,xrf,p,258.0,ppm,3,,33,oven dry + knife mill (2mm),20.0,,jduong@lbl.gov,rigging,pass,,2026-07-17 19:04:02.701904,
(65)d5bb,26,spent oak chips,123,47,xrf,rb,8.0,ppm,3,,33,oven dry + knife mill (2mm),20.0,,jduong@lbl.gov,rigging,pass,,2026-07-17 19:04:02.701904,
(65)d703,23,grape pomace,117,47,xrf,zn,25.0,ppm,3,,33,oven dry + knife mill (2mm),20.0,,jduong@lbl.gov,rigging,pass,,2026-07-17 19:04:02.701904,
(65)d89b,23,grape pomace,117,47,xrf,mn,34.0,ppm,1,,33,oven dry + knife mill (2mm),20.0,,jduong@lbl.gov,rigging,pass,,2026-07-17 19:04:02.701904,
(65)d98d,23,grape pomace,117,47,xrf,s,2660.0,ppm,2,,33,oven dry + knife mill (2mm),20.0,,jduong@lbl.gov,rigging,pass,,2026-07-17 19:04:02.701904,
(65)dbce,26,spent oak chips,123,47,xrf,p,253.0,ppm,1,,33,oven dry + knife mill (2mm),20.0,,jduong@lbl.gov,rigging,pass,,2026-07-17 19:04:02.701904,
(65)dd10,26,spent oak chips,123,47,xrf,th,58.0,ppm,2,,33,oven dry + knife mill (2mm),20.0,,jduong@lbl.gov,rigging,pass,,2026-07-17 19:04:02.701904,
(65)ddf6,26,spent oak chips,123,47,xrf,s,2350.0,ppm,2,,33,oven dry + knife mill (2mm),20.0,,jduong@lbl.gov,rigging,pass,,2026-07-17 19:04:02.701904,
(65)ece0,23,grape pomace,117,47,xrf,mo,5.0,ppm,3,,33,oven dry + knife mill (2mm),20.0,,jduong@lbl.gov,rigging,pass,,2026-07-17 19:04:02.701904,
(65)ed0b,26,spent oak chips,123,47,xrf,ce,61.0,ppm,2,,33,oven dry + knife mill (2mm),20.0,,jduong@lbl.gov,rigging,pass,,2026-07-17 19:04:02.701904,
(65)efe3,23,grape pomace,117,47,xrf,u,12.0,ppm,1,,33,oven dry + knife mill (2mm),20.0,,jduong@lbl.gov,rigging,pass,,2026-07-17 19:04:02.701904,
(65)eff5,26,spent oak chips,123,47,xrf,th,63.0,ppm,3,,33,oven dry + knife mill (2mm),20.0,,jduong@lbl.gov,rigging,pass,,2026-07-17 19:04:02.701904,
(65)f061,26,spent oak chips,123,47,xrf,ca,1240.0,ppm,2,,33,oven dry + knife mill (2mm),20.0,,jduong@lbl.gov,rigging,pass,,2026-07-17 19:04:02.701904,
(65)f12e,26,spent oak chips,123,47,xrf,k,5660.0,ppm,3,,33,oven dry + knife mill (2mm),20.0,,jduong@lbl.gov,rigging,pass,,2026-07-17 19:04:02.701904,
(65)f13a,23,grape pomace,117,47,xrf,si,1150.0,ppm,1,,33,oven dry + knife mill (2mm),20.0,,jduong@lbl.gov,rigging,pass,,2026-07-17 19:04:02.701904,
(65)f448,23,grape pomace,117,47,xrf,rb,7.0,ppm,3,,33,oven dry + knife mill (2mm),20.0,,jduong@lbl.gov,rigging,pass,,2026-07-17 19:04:02.701904,
(65)f5a2,23,grape pomace,117,47,xrf,rb,7.0,ppm,1,,33,oven dry + knife mill (2mm),20.0,,jduong@lbl.gov,rigging,pass,,2026-07-17 19:04:02.701904,
(65)fb19,26,spent oak chips,123,47,xrf,mo,6.0,ppm,1,,33,oven dry + knife mill (2mm),20.0,,jduong@lbl.gov,rigging,fail,other two replicates are <lod,2026-07-17 19:04:02.701904,
(65)fb9f,26,spent oak chips,123,47,xrf,sr,14.0,ppm,1,,33,oven dry + knife mill (2mm),20.0,,jduong@lbl.gov,rigging,pass,,2026-07-17 19:04:02.701904,
(65)fce3,23,grape pomace,117,47,xrf,ce,48.0,ppm,3,,33,oven dry + knife mill (2mm),20.0,,jduong@lbl.gov,rigging,pass,,2026-07-17 19:04:02.701904,
(65)fea4,26,spent oak chips,123,47,xrf,si,1050.0,ppm,3,,33,oven dry + knife mill (2mm),20.0,,jduong@lbl.gov,rigging,pass,,2026-07-17 19:04:02.701904,
(65)ff53,26,spent oak chips,123,47,xrf,cu,10.0,ppm,2,,33,oven dry + knife mill (2mm),20.0,,jduong@lbl.gov,rigging,pass,,2026-07-17 19:04:02.701904,
(71)0462,31,almond shells,147,47,xrf,th,42.0,ppm,1,,38,knife mill (2mm),20.0,,jduong@lbl.gov,humorous,pass,,2026-07-17 19:04:02.701904,
(71)063b,31,almond shells,147,47,xrf,p,749.0,ppm,3,,38,knife mill (2mm),20.0,,jduong@lbl.gov,humorous,pass,,2026-07-17 19:04:02.701904,
(71)1059,31,almond shells,147,47,xrf,k,21800.0,ppm,3,,38,knife mill (2mm),20.0,,jduong@lbl.gov,humorous,pass,,2026-07-17 19:04:02.701904,
(71)1173,31,almond shells,147,47,xrf,mg,3760.0,ppm,1,,38,knife mill (2mm),20.0,,jduong@lbl.gov,humorous,fail,other two replicates are <lod,2026-07-17 19:04:02.701904,
(71)1d78,31,almond shells,147,47,xrf,mn,29.0,ppm,1,,38,knife mill (2mm),20.0,,jduong@lbl.gov,humorous,pass,,2026-07-17 19:04:02.701904,
(71)1f61,31,almond shells,147,47,xrf,cu,8.0,ppm,2,,38,knife mill (2mm),20.0,,jduong@lbl.gov,humorous,pass,,2026-07-17 19:04:02.701904,
(71)233e,31,almond shells,147,47,xrf,ba,34.0,ppm,3,,38,knife mill (2mm),20.0,,jduong@lbl.gov,humorous,pass,,2026-07-17 19:04:02.701904,
(71)2a46,31,almond shells,147,47,xrf,mo,5.0,ppm,3,,38,knife mill (2mm),20.0,,jduong@lbl.gov,humorous,pass,,2026-07-17 19:04:02.701904,
(71)3bc3,31,almond shells,147,47,xrf,la,41.0,ppm,2,,38,knife mill (2mm),20.0,,jduong@lbl.gov,humorous,pass,,2026-07-17 19:04:02.701904,
(71)3d48,31,almond shells,147,47,xrf,ba,23.0,ppm,2,,38,knife mill (2mm),20.0,,jduong@lbl.gov,humorous,pass,,2026-07-17 19:04:02.701904,
(71)461c,31,almond shells,147,47,xrf,zn,10.0,ppm,1,,38,knife mill (2mm),20.0,,jduong@lbl.gov,humorous,pass,,2026-07-17 19:04:02.701904,
(71)4860,31,almond shells,147,47,xrf,s,320.0,ppm,2,,38,knife mill (2mm),20.0,,jduong@lbl.gov,humorous,pass,,2026-07-17 19:04:02.701904,
(71)4a3c,31,almond shells,147,47,xrf,pr,108.0,ppm,1,,38,knife mill (2mm),20.0,,jduong@lbl.gov,humorous,pass,,2026-07-17 19:04:02.701904,
(71)4ccb,31,almond shells,147,47,xrf,ca,2970.0,ppm,1,,38,knife mill (2mm),20.0,,jduong@lbl.gov,humorous,pass,,2026-07-17 19:04:02.701904,
(71)4ebd,31,almond shells,147,47,xrf,p,789.0,ppm,1,,38,knife mill (2mm),20.0,,jduong@lbl.gov,humorous,pass,,2026-07-17 19:04:02.701904,
(71)5223,31,almond shells,147,47,xrf,zn,11.0,ppm,3,,38,knife mill (2mm),20.0,,jduong@lbl.gov,humorous,pass,,2026-07-17 19:04:02.701904,
(71)5730,31,almond shells,147,47,xrf,u,12.0,ppm,2,,38,knife mill (2mm),20.0,,jduong@lbl.gov,humorous,pass,,2026-07-17 19:04:02.701904,
(71)5de7,31,almond shells,147,47,xrf,si,1670.0,ppm,3,,38,knife mill (2mm),20.0,,jduong@lbl.gov,humorous,pass,,2026-07-17 19:04:02.701904,
(71)6626,31,almond shells,147,47,xrf,zn,9.0,ppm,2,,38,knife mill (2mm),20.0,,jduong@lbl.gov,humorous,pass,,2026-07-17 19:04:02.701904,
(71)6c10,31,almond shells,147,47,xrf,p,759.0,ppm,2,,38,knife mill (2mm),20.0,,jduong@lbl.gov,humorous,pass,,2026-07-17 19:04:02.701904,
(71)7936,31,almond shells,147,47,xrf,k,21700.0,ppm,2,,38,knife mill (2mm),20.0,,jduong@lbl.gov,humorous,pass,,2026-07-17 19:04:02.701904,
(71)7bce,31,almond shells,147,47,xrf,cu,11.0,ppm,3,,38,knife mill (2mm),20.0,,jduong@lbl.gov,humorous,pass,,2026-07-17 19:04:02.701904,
(71)7d26,31,almond shells,147,47,xrf,si,1720.0,ppm,2,,38,knife mill (2mm),20.0,,jduong@lbl.gov,humorous,pass,,2026-07-17 19:04:02.701904,
(71)7d74,31,almond shells,147,47,xrf,si,1790.0,ppm,1,,38,knife mill (2mm),20.0,,jduong@lbl.gov,humorous,pass,,2026-07-17 19:04:02.701904,
(71)7f8d,31,almond shells,147,47,xrf,s,335.0,ppm,1,,38,knife mill (2mm),20.0,,jduong@lbl.gov,humorous,pass,,2026-07-17 19:04:02.701904,
(71)8004,31,almond shells,147,47,xrf,mn,33.0,ppm,3,,38,knife mill (2mm),20.0,,jduong@lbl.gov,humorous,pass,,2026-07-17 19:04:02.701904,
(71)81e0,31,almond shells,147,47,xrf,ti,159.0,ppm,1,,38,knife mill (2mm),20.0,,jduong@lbl.gov,humorous,pass,,2026-07-17 19:04:02.701904,
(71)918f,31,almond shells,147,47,xrf,fe,157.0,ppm,3,,38,knife mill (2mm),20.0,,jduong@lbl.gov,humorous,pass,,2026-07-17 19:04:02.701904,
(71)9e66,31,almond shells,147,47,xrf,th,40.0,ppm,3,,38,knife mill (2mm),20.0,,jduong@lbl.gov,humorous,pass,,2026-07-17 19:04:02.701904,
(71)a1b0,31,almond shells,147,47,xrf,u,12.0,ppm,1,,38,knife mill (2mm),20.0,,jduong@lbl.gov,humorous,pass,,2026-07-17 19:04:02.701904,
(71)a274,31,almond shells,147,47,xrf,sr,17.0,ppm,3,,38,knife mill (2mm),20.0,,jduong@lbl.gov,humorous,pass,,2026-07-17 19:04:02.701904,
(71)a543,31,almond shells,147,47,xrf,sr,17.0,ppm,1,,38,knife mill (2mm),20.0,,jduong@lbl.gov,humorous,pass,,2026-07-17 19:04:02.701904,
(71)aba8,31,almond shells,147,47,xrf,rb,21.0,ppm,1,,38,knife mill (2mm),20.0,,jduong@lbl.gov,humorous,pass,,2026-07-17 19:04:02.701904,
(71)ac33,31,almond shells,147,47,xrf,sr,16.0,ppm,2,,38,knife mill (2mm),20.0,,jduong@lbl.gov,humorous,pass,,2026-07-17 19:04:02.701904,
(71)b58e,31,almond shells,147,47,xrf,co,9.0,ppm,2,,38,knife mill (2mm),20.0,,jduong@lbl.gov,humorous,fail,other two replicates are <lod,2026-07-17 19:04:02.701904,
(71)b8a7,31,almond shells,147,47,xrf,fe,149.0,ppm,2,,38,knife mill (2mm),20.0,,jduong@lbl.gov,humorous,pass,,2026-07-17 19:04:02.701904,
(71)bbb1,31,almond shells,147,47,xrf,cu,9.0,ppm,1,,38,knife mill (2mm),20.0,,jduong@lbl.gov,humorous,pass,,2026-07-17 19:04:02.701904,
(71)c775,31,almond shells,147,47,xrf,s,337.0,ppm,3,,38,knife mill (2mm),20.0,,jduong@lbl.gov,humorous,pass,,2026-07-17 19:04:02.701904,
(71)cb0d,31,almond shells,147,47,xrf,mo,5.0,ppm,1,,38,knife mill (2mm),20.0,,jduong@lbl.gov,humorous,pass,,2026-07-17 19:04:02.701904,
(71)cb98,31,almond shells,147,47,xrf,pr,101.0,ppm,3,,38,knife mill (2mm),20.0,,jduong@lbl.gov,humorous,pass,,2026-07-17 19:04:02.701904,
(71)cc2a,31,almond shells,147,47,xrf,pr,71.0,ppm,2,,38,knife mill (2mm),20.0,,jduong@lbl.gov,humorous,pass,,2026-07-17 19:04:02.701904,
(71)cc32,31,almond shells,147,47,xrf,la,41.0,ppm,3,,38,knife mill (2mm),20.0,,jduong@lbl.gov,humorous,pass,,2026-07-17 19:04:02.701904,
(71)d39a,31,almond shells,147,47,xrf,rb,22.0,ppm,3,,38,knife mill (2mm),20.0,,jduong@lbl.gov,humorous,pass,,2026-07-17 19:04:02.701904,
(71)dd2f,31,almond shells,147,47,xrf,u,11.0,ppm,3,,38,knife mill (2mm),20.0,,jduong@lbl.gov,humorous,pass,,2026-07-17 19:04:02.701904,
(71)de49,31,almond shells,147,47,xrf,fe,173.0,ppm,1,,38,knife mill (2mm),20.0,,jduong@lbl.gov,humorous,pass,,2026-07-17 19:04:02.701904,
(71)e011,31,almond shells,147,47,xrf,la,47.0,ppm,1,,38,knife mill (2mm),20.0,,jduong@lbl.gov,humorous,pass,,2026-07-17 19:04:02.701904,
(71)e085,31,almond shells,147,47,xrf,rb,22.0,ppm,2,,38,knife mill (2mm),20.0,,jduong@lbl.gov,humorous,pass,,2026-07-17 19:04:02.701904,
(71)e322,31,almond shells,147,47,xrf,ca,2990.0,ppm,3,,38,knife mill (2mm),20.0,,jduong@lbl.gov,humorous,pass,,2026-07-17 19:04:02.701904,
(71)e47c,31,almond shells,147,47,xrf,th,41.0,ppm,2,,38,knife mill (2mm),20.0,,jduong@lbl.gov,humorous,pass,,2026-07-17 19:04:02.701904,
(71)e79d,31,almond shells,147,47,xrf,ti,162.0,ppm,3,,38,knife mill (2mm),20.0,,jduong@lbl.gov,humorous,pass,,2026-07-17 19:04:02.701904,
(71)ee98,31,almond shells,147,47,xrf,ce,50.0,ppm,2,,38,knife mill (2mm),20.0,,jduong@lbl.gov,humorous,fail,other two replicates are <lod,2026-07-17 19:04:02.701904,
(71)f183,31,almond shells,147,47,xrf,mn,41.0,ppm,2,,38,knife mill (2mm),20.0,,jduong@lbl.gov,humorous,pass,,2026-07-17 19:04:02.701904,
(71)f439,31,almond shells,147,47,xrf,ca,2950.0,ppm,2,,38,knife mill (2mm),20.0,,jduong@lbl.gov,humorous,pass,,2026-07-17 19:04:02.701904,
(71)f66e,31,almond shells,147,47,xrf,k,21800.0,ppm,1,,38,knife mill (2mm),20.0,,jduong@lbl.gov,humorous,pass,,2026-07-17 19:04:02.701904,
(71)f738,31,almond shells,147,47,xrf,mo,5.0,ppm,2,,38,knife mill (2mm),20.0,,jduong@lbl.gov,humorous,pass,,2026-07-17 19:04:02.701904,
(78)03fa,30,peach pomace,84,47,xrf,mo,5.0,ppm,1,,33,oven dry + knife mill (2mm),20.0,,jduong@lbl.gov,rushes,pass,,2026-07-17 19:04:02.701904,
(78)08ef,30,peach pomace,84,47,xrf,rb,41.0,ppm,1,,33,oven dry + knife mill (2mm),20.0,,jduong@lbl.gov,rushes,pass,,2026-07-17 19:04:02.701904,
(78)0e9e,30,peach pomace,84,47,xrf,k,47900.0,ppm,2,,33,oven dry + knife mill (2mm),20.0,,jduong@lbl.gov,rushes,pass,,2026-07-17 19:04:02.701904,
(78)0f6e,30,peach pomace,84,47,xrf,u,11.0,ppm,3,,33,oven dry + knife mill (2mm),20.0,,jduong@lbl.gov,rushes,pass,,2026-07-17 19:04:02.701904,
(78)1254,30,peach pomace,84,47,xrf,cu,23.0,ppm,3,,33,oven dry + knife mill (2mm),20.0,,jduong@lbl.gov,rushes,pass,,2026-07-17 19:04:02.701904,
(78)161a,30,peach pomace,84,47,xrf,s,1930.0,ppm,1,,33,oven dry + knife mill (2mm),20.0,,jduong@lbl.gov,rushes,pass,,2026-07-17 19:04:02.701904,
(78)16ed,30,peach pomace,84,47,xrf,k,51000.0,ppm,1,,33,oven dry + knife mill (2mm),20.0,,jduong@lbl.gov,rushes,pass,,2026-07-17 19:04:02.701904,
(78)2124,30,peach pomace,84,47,xrf,u,12.0,ppm,2,,33,oven dry + knife mill (2mm),20.0,,jduong@lbl.gov,rushes,pass,,2026-07-17 19:04:02.701904,
(78)24fe,30,peach pomace,84,47,xrf,mo,5.0,ppm,3,,33,oven dry + knife mill (2mm),20.0,,jduong@lbl.gov,rushes,pass,,2026-07-17 19:04:02.701904,
(78)2604,30,peach pomace,84,47,xrf,th,35.0,ppm,3,,33,oven dry + knife mill (2mm),20.0,,jduong@lbl.gov,rushes,pass,,2026-07-17 19:04:02.701904,
(78)296e,30,peach pomace,84,47,xrf,pr,106.0,ppm,1,,33,oven dry + knife mill (2mm),20.0,,jduong@lbl.gov,rushes,fail,other two replicates are <lod,2026-07-17 19:04:02.701904,
(78)2aac,30,peach pomace,84,47,xrf,ca,3350.0,ppm,3,,33,oven dry + knife mill (2mm),20.0,,jduong@lbl.gov,rushes,pass,,2026-07-17 19:04:02.701904,
(78)2ec0,30,peach pomace,84,47,xrf,ca,3390.0,ppm,2,,33,oven dry + knife mill (2mm),20.0,,jduong@lbl.gov,rushes,pass,,2026-07-17 19:04:02.701904,
(78)30dc,30,peach pomace,84,47,xrf,al,2390.0,ppm,2,,33,oven dry + knife mill (2mm),20.0,,jduong@lbl.gov,rushes,pass,,2026-07-17 19:04:02.701904,
(78)3489,30,peach pomace,84,47,xrf,ba,31.0,ppm,3,,33,oven dry + knife mill (2mm),20.0,,jduong@lbl.gov,rushes,pass,,2026-07-17 19:04:02.701904,
(78)39ec,30,peach pomace,84,47,xrf,fe,297.0,ppm,3,,33,oven dry + knife mill (2mm),20.0,,jduong@lbl.gov,rushes,pass,,2026-07-17 19:04:02.701904,
(78)4307,30,peach pomace,84,47,xrf,fe,300.0,ppm,1,,33,oven dry + knife mill (2mm),20.0,,jduong@lbl.gov,rushes,pass,,2026-07-17 19:04:02.701904,
(78)4743,30,peach pomace,84,47,xrf,zn,44.0,ppm,1,,33,oven dry + knife mill (2mm),20.0,,jduong@lbl.gov,rushes,pass,,2026-07-17 19:04:02.701904,
(78)494a,30,peach pomace,84,47,xrf,al,1340.0,ppm,1,,33,oven dry + knife mill (2mm),20.0,,jduong@lbl.gov,rushes,pass,,2026-07-17 19:04:02.701904,
(78)52a9,30,peach pomace,84,47,xrf,rb,40.0,ppm,2,,33,oven dry + knife mill (2mm),20.0,,jduong@lbl.gov,rushes,pass,,2026-07-17 19:04:02.701904,
(78)5491,30,peach pomace,84,47,xrf,si,1740.0,ppm,3,,33,oven dry + knife mill (2mm),20.0,,jduong@lbl.gov,rushes,pass,,2026-07-17 19:04:02.701904,
(78)5546,30,peach pomace,84,47,xrf,sr,20.0,ppm,1,,33,oven dry + knife mill (2mm),20.0,,jduong@lbl.gov,rushes,pass,,2026-07-17 19:04:02.701904,
(78)5699,30,peach pomace,84,47,xrf,p,5110.0,ppm,1,,33,oven dry + knife mill (2mm),20.0,,jduong@lbl.gov,rushes,pass,,2026-07-17 19:04:02.701904,
(78)57f0,30,peach pomace,84,47,xrf,mn,69.0,ppm,2,,33,oven dry + knife mill (2mm),20.0,,jduong@lbl.gov,rushes,pass,,2026-07-17 19:04:02.701904,
(78)6091,30,peach pomace,84,47,xrf,al,2280.0,ppm,3,,33,oven dry + knife mill (2mm),20.0,,jduong@lbl.gov,rushes,pass,,2026-07-17 19:04:02.701904,
(78)62cd,30,peach pomace,84,47,xrf,mg,6270.0,ppm,1,,33,oven dry + knife mill (2mm),20.0,,jduong@lbl.gov,rushes,pass,,2026-07-17 19:04:02.701904,
(78)6934,30,peach pomace,84,47,xrf,nd,104.0,ppm,1,,33,oven dry + knife mill (2mm),20.0,,jduong@lbl.gov,rushes,fail,other two replicates are <lod,2026-07-17 19:04:02.701904,
(78)6a1f,30,peach pomace,84,47,xrf,si,1600.0,ppm,1,,33,oven dry + knife mill (2mm),20.0,,jduong@lbl.gov,rushes,pass,,2026-07-17 19:04:02.701904,
(78)7dd7,30,peach pomace,84,47,xrf,mo,6.0,ppm,2,,33,oven dry + knife mill (2mm),20.0,,jduong@lbl.gov,rushes,pass,,2026-07-17 19:04:02.701904,
(78)8bb2,30,peach pomace,84,47,xrf,cu,21.0,ppm,1,,33,oven dry + knife mill (2mm),20.0,,jduong@lbl.gov,rushes,pass,,2026-07-17 19:04:02.701904,
(78)8efe,30,peach pomace,84,47,xrf,ca,3390.0,ppm,1,,33,oven dry + knife mill (2mm),20.0,,jduong@lbl.gov,rushes,pass,,2026-07-17 19:04:02.701904,
(78)8f8c,30,peach pomace,84,47,xrf,zn,40.0,ppm,3,,33,oven dry + knife mill (2mm),20.0,,jduong@lbl.gov,rushes,pass,,2026-07-17 19:04:02.701904,
(78)9049,30,peach pomace,84,47,xrf,sr,19.0,ppm,2,,33,oven dry + knife mill (2mm),20.0,,jduong@lbl.gov,rushes,pass,,2026-07-17 19:04:02.701904,
(78)9ae1,30,peach pomace,84,47,xrf,sr,20.0,ppm,3,,33,oven dry + knife mill (2mm),20.0,,jduong@lbl.gov,rushes,pass,,2026-07-17 19:04:02.701904,
(78)a804,30,peach pomace,84,47,xrf,fe,306.0,ppm,2,,33,oven dry + knife mill (2mm),20.0,,jduong@lbl.gov,rushes,pass,,2026-07-17 19:04:02.701904,
(78)a8e9,30,peach pomace,84,47,xrf,si,1590.0,ppm,2,,33,oven dry + knife mill (2mm),20.0,,jduong@lbl.gov,rushes,pass,,2026-07-17 19:04:02.701904,
(78)b212,30,peach pomace,84,47,xrf,p,4870.0,ppm,3,,33,oven dry + knife mill (2mm),20.0,,jduong@lbl.gov,rushes,pass,,2026-07-17 19:04:02.701904,
(78)b9b0,30,peach pomace,84,47,xrf,s,1690.0,ppm,3,,33,oven dry + knife mill (2mm),20.0,,jduong@lbl.gov,rushes,pass,,2026-07-17 19:04:02.701904,
(78)b9df,30,peach pomace,84,47,xrf,th,44.0,ppm,1,,33,oven dry + knife mill (2mm),20.0,,jduong@lbl.gov,rushes,pass,,2026-07-17 19:04:02.701904,
(78)bc48,30,peach pomace,84,47,xrf,mn,75.0,ppm,1,,33,oven dry + knife mill (2mm),20.0,,jduong@lbl.gov,rushes,pass,,2026-07-17 19:04:02.701904,
(78)cc7c,30,peach pomace,84,47,xrf,zn,39.0,ppm,2,,33,oven dry + knife mill (2mm),20.0,,jduong@lbl.gov,rushes,pass,,2026-07-17 19:04:02.701904,
(78)d22b,30,peach pomace,84,47,xrf,mn,68.0,ppm,3,,33,oven dry + knife mill (2mm),20.0,,jduong@lbl.gov,rushes,pass,,2026-07-17 19:04:02.701904,
(78)d557,30,peach pomace,84,47,xrf,rb,40.0,ppm,3,,33,oven dry + knife mill (2mm),20.0,,jduong@lbl.gov,rushes,pass,,2026-07-17 19:04:02.701904,
(78)d5c2,30,peach pomace,84,47,xrf,cu,21.0,ppm,2,,33,oven dry + knife mill (2mm),20.0,,jduong@lbl.gov,rushes,pass,,2026-07-17 19:04:02.701904,
(78)daf4,30,peach pomace,84,47,xrf,u,12.0,ppm,1,,33,oven dry + knife mill (2mm),20.0,,jduong@lbl.gov,rushes,pass,,2026-07-17 19:04:02.701904,
(78)e75a,30,peach pomace,84,47,xrf,pb,4.0,ppm,1,,33,oven dry + knife mill (2mm),20.0,,jduong@lbl.gov,rushes,fail,other two replicates are <lod,2026-07-17 19:04:02.701904,
(78)e8e5,30,peach pomace,84,47,xrf,s,1780.0,ppm,2,,33,oven dry + knife mill (2mm),20.0,,jduong@lbl.gov,rushes,pass,,2026-07-17 19:04:02.701904,
(78)ea27,30,peach pomace,84,47,xrf,mg,3750.0,ppm,2,,33,oven dry + knife mill (2mm),20.0,,jduong@lbl.gov,rushes,pass,,2026-07-17 19:04:02.701904,
(78)ec3d,30,peach pomace,84,47,xrf,la,43.0,ppm,1,,33,oven dry + knife mill (2mm),20.0,,jduong@lbl.gov,rushes,fail,other two replicates are <lod,2026-07-17 19:04:02.701904,
(78)efa1,30,peach pomace,84,47,xrf,th,39.0,ppm,2,,33,oven dry + knife mill (2mm),20.0,,jduong@lbl.gov,rushes,pass,,2026-07-17 19:04:02.701904,
(78)f308,30,peach pomace,84,47,xrf,k,47800.0,ppm,3,,33,oven dry + knife mill (2mm),20.0,,jduong@lbl.gov,rushes,pass,,2026-07-17 19:04:02.701904,
(78)f45c,30,peach pomace,84,47,xrf,p,4890.0,ppm,2,,33,oven dry + knife mill (2mm),20.0,,jduong@lbl.gov,rushes,pass,,2026-07-17 19:04:02.701904,
(78)feb9,30,peach pomace,84,47,xrf,ba,28.0,ppm,2,,33,oven dry + knife mill (2mm),20.0,,jduong@lbl.gov,rushes,pass,,2026-07-17 19:04:02.701904,
(7e)00df,35,almond branches,150,47,xrf,ba,28.0,ppm,2,,38,knife mill (2mm),20.0,,jduong@lbl.gov,capstan,pass,,2026-07-17 19:04:02.701904,
(7e)12b9,35,almond branches,150,47,xrf,p,448.0,ppm,1,,38,knife mill (2mm),20.0,,jduong@lbl.gov,capstan,pass,,2026-07-17 19:04:02.701904,
(7e)14b2,35,almond branches,150,47,xrf,s,649.0,ppm,3,,38,knife mill (2mm),20.0,,jduong@lbl.gov,capstan,pass,,2026-07-17 19:04:02.701904,
(7e)204a,35,almond branches,150,47,xrf,al,2150.0,ppm,3,,38,knife mill (2mm),20.0,,jduong@lbl.gov,capstan,pass,,2026-07-17 19:04:02.701904,
(7e)20c4,35,almond branches,150,47,xrf,fe,328.0,ppm,3,,38,knife mill (2mm),20.0,,jduong@lbl.gov,capstan,pass,,2026-07-17 19:04:02.701904,
(7e)292a,35,almond branches,150,47,xrf,ba,43.0,ppm,3,,38,knife mill (2mm),20.0,,jduong@lbl.gov,capstan,pass,,2026-07-17 19:04:02.701904,
(7e)3682,35,almond branches,150,47,xrf,s,643.0,ppm,1,,38,knife mill (2mm),20.0,,jduong@lbl.gov,capstan,pass,,2026-07-17 19:04:02.701904,
(7e)36c6,35,almond branches,150,47,xrf,k,3590.0,ppm,3,,38,knife mill (2mm),20.0,,jduong@lbl.gov,capstan,pass,,2026-07-17 19:04:02.701904,
(7e)39c7,35,almond branches,150,47,xrf,sr,83.0,ppm,2,,38,knife mill (2mm),20.0,,jduong@lbl.gov,capstan,pass,,2026-07-17 19:04:02.701904,
(7e)3bb9,35,almond branches,150,47,xrf,th,47.0,ppm,3,,38,knife mill (2mm),20.0,,jduong@lbl.gov,capstan,pass,,2026-07-17 19:04:02.701904,
(7e)3c65,35,almond branches,150,47,xrf,ce,42.0,ppm,3,,38,knife mill (2mm),20.0,,jduong@lbl.gov,capstan,pass,,2026-07-17 19:04:02.701904,
(7e)4f9f,35,almond branches,150,47,xrf,p,495.0,ppm,3,,38,knife mill (2mm),20.0,,jduong@lbl.gov,capstan,pass,,2026-07-17 19:04:02.701904,
(7e)538f,35,almond branches,150,47,xrf,co,12.0,ppm,1,,38,knife mill (2mm),20.0,,jduong@lbl.gov,capstan,fail,other two replicates are <lod,2026-07-17 19:04:02.701904,
(7e)53b3,35,almond branches,150,47,xrf,sr,83.0,ppm,3,,38,knife mill (2mm),20.0,,jduong@lbl.gov,capstan,pass,,2026-07-17 19:04:02.701904,
(7e)5837,35,almond branches,150,47,xrf,ba,30.0,ppm,1,,38,knife mill (2mm),20.0,,jduong@lbl.gov,capstan,pass,,2026-07-17 19:04:02.701904,
(7e)5d7f,35,almond branches,150,47,xrf,u,19.0,ppm,1,,38,knife mill (2mm),20.0,,jduong@lbl.gov,capstan,pass,,2026-07-17 19:04:02.701904,
(7e)5f27,35,almond branches,150,47,xrf,la,37.0,ppm,2,,38,knife mill (2mm),20.0,,jduong@lbl.gov,capstan,fail,other two replicates are <lod,2026-07-17 19:04:02.701904,
(7e)5fcb,35,almond branches,150,47,xrf,zn,1130.0,ppm,2,,38,knife mill (2mm),20.0,,jduong@lbl.gov,capstan,pass,,2026-07-17 19:04:02.701904,
(7e)64ec,35,almond branches,150,47,xrf,ca,9760.0,ppm,2,,38,knife mill (2mm),20.0,,jduong@lbl.gov,capstan,pass,,2026-07-17 19:04:02.701904,
(7e)652e,35,almond branches,150,47,xrf,mn,102.0,ppm,2,,38,knife mill (2mm),20.0,,jduong@lbl.gov,capstan,pass,,2026-07-17 19:04:02.701904,
(7e)66a5,35,almond branches,150,47,xrf,mn,81.0,ppm,1,,38,knife mill (2mm),20.0,,jduong@lbl.gov,capstan,pass,,2026-07-17 19:04:02.701904,
(7e)6736,35,almond branches,150,47,xrf,u,18.0,ppm,2,,38,knife mill (2mm),20.0,,jduong@lbl.gov,capstan,pass,,2026-07-17 19:04:02.701904,
(7e)71cd,35,almond branches,150,47,xrf,zn,1110.0,ppm,1,,38,knife mill (2mm),20.0,,jduong@lbl.gov,capstan,pass,,2026-07-17 19:04:02.701904,
(7e)78a1,35,almond branches,150,47,xrf,ca,9810.0,ppm,3,,38,knife mill (2mm),20.0,,jduong@lbl.gov,capstan,pass,,2026-07-17 19:04:02.701904,
(7e)7bd2,35,almond branches,150,47,xrf,s,620.0,ppm,2,,38,knife mill (2mm),20.0,,jduong@lbl.gov,capstan,pass,,2026-07-17 19:04:02.701904,
(7e)7da7,35,almond branches,150,47,xrf,si,4200.0,ppm,1,,38,knife mill (2mm),20.0,,jduong@lbl.gov,capstan,pass,,2026-07-17 19:04:02.701904,
(7e)8c05,35,almond branches,150,47,xrf,pr,107.0,ppm,2,,38,knife mill (2mm),20.0,,jduong@lbl.gov,capstan,fail,other two replicates are <lod,2026-07-17 19:04:02.701904,
(7e)8e65,35,almond branches,150,47,xrf,k,3240.0,ppm,1,,38,knife mill (2mm),20.0,,jduong@lbl.gov,capstan,pass,,2026-07-17 19:04:02.701904,
(7e)9118,35,almond branches,150,47,xrf,fe,335.0,ppm,1,,38,knife mill (2mm),20.0,,jduong@lbl.gov,capstan,pass,,2026-07-17 19:04:02.701904,
(7e)9353,35,almond branches,150,47,xrf,si,4210.0,ppm,3,,38,knife mill (2mm),20.0,,jduong@lbl.gov,capstan,pass,,2026-07-17 19:04:02.701904,
(7e)935a,35,almond branches,150,47,xrf,si,4160.0,ppm,2,,38,knife mill (2mm),20.0,,jduong@lbl.gov,capstan,pass,,2026-07-17 19:04:02.701904,
(7e)9dab,35,almond branches,150,47,xrf,pb,3.0,ppm,3,,38,knife mill (2mm),20.0,,jduong@lbl.gov,capstan,fail,other two replicates are <lod,2026-07-17 19:04:02.701904,
(7e)9e12,35,almond branches,150,47,xrf,mn,77.0,ppm,3,,38,knife mill (2mm),20.0,,jduong@lbl.gov,capstan,pass,,2026-07-17 19:04:02.701904,
(7e)9e16,35,almond branches,150,47,xrf,p,477.0,ppm,2,,38,knife mill (2mm),20.0,,jduong@lbl.gov,capstan,pass,,2026-07-17 19:04:02.701904,
(7e)a14d,35,almond branches,150,47,xrf,u,18.0,ppm,3,,38,knife mill (2mm),20.0,,jduong@lbl.gov,capstan,pass,,2026-07-17 19:04:02.701904,
(7e)ac5d,35,almond branches,150,47,xrf,fe,343.0,ppm,2,,38,knife mill (2mm),20.0,,jduong@lbl.gov,capstan,pass,,2026-07-17 19:04:02.701904,
(7e)af83,35,almond branches,150,47,xrf,ca,9880.0,ppm,1,,38,knife mill (2mm),20.0,,jduong@lbl.gov,capstan,pass,,2026-07-17 19:04:02.701904,
(7e)b204,35,almond branches,150,47,xrf,ce,50.0,ppm,2,,38,knife mill (2mm),20.0,,jduong@lbl.gov,capstan,pass,,2026-07-17 19:04:02.701904,
(7e)c18a,35,almond branches,150,47,xrf,ti,159.0,ppm,2,,38,knife mill (2mm),20.0,,jduong@lbl.gov,capstan,fail,other two replicates are <lod,2026-07-17 19:04:02.701904,
(7e)d47e,35,almond branches,150,47,xrf,zn,1150.0,ppm,3,,38,knife mill (2mm),20.0,,jduong@lbl.gov,capstan,pass,,2026-07-17 19:04:02.701904,
(7e)dd01,35,almond branches,150,47,xrf,cu,47.0,ppm,3,,38,knife mill (2mm),20.0,,jduong@lbl.gov,capstan,pass,,2026-07-17 19:04:02.701904,
(7e)deee,35,almond branches,150,47,xrf,cu,50.0,ppm,1,,38,knife mill (2mm),20.0,,jduong@lbl.gov,capstan,pass,,2026-07-17 19:04:02.701904,
(7e)e15b,35,almond branches,150,47,xrf,th,46.0,ppm,2,,38,knife mill (2mm),20.0,,jduong@lbl.gov,capstan,pass,,2026-07-17 19:04:02.701904,
(7e)e852,35,almond branches,150,47,xrf,sr,85.0,ppm,1,,38,knife mill (2mm),20.0,,jduong@lbl.gov,capstan,pass,,2026-07-17 19:04:02.701904,
(7e)eb9a,35,almond branches,150,47,xrf,k,3640.0,ppm,2,,38,knife mill (2mm),20.0,,jduong@lbl.gov,capstan,pass,,2026-07-17 19:04:02.701904,
(7e)f266,35,almond branches,150,47,xrf,cu,49.0,ppm,2,,38,knife mill (2mm),20.0,,jduong@lbl.gov,capstan,pass,,2026-07-17 19:04:02.701904,
(7e)f713,35,almond branches,150,47,xrf,al,2060.0,ppm,2,,38,knife mill (2mm),20.0,,jduong@lbl.gov,capstan,pass,,2026-07-17 19:04:02.701904,
(7e)ff77,35,almond branches,150,47,xrf,al,1930.0,ppm,1,,38,knife mill (2mm),20.0,,jduong@lbl.gov,capstan,pass,,2026-07-17 19:04:02.701904,
(7e)ff8d,35,almond branches,150,47,xrf,th,51.0,ppm,1,,38,knife mill (2mm),20.0,,jduong@lbl.gov,capstan,pass,,2026-07-17 19:04:02.701904,
(82)0268,23,grape pomace,107,47,xrf,sr,14.0,ppm,3,,33,oven dry + knife mill (2mm),20.0,,jduong@lbl.gov,boatswain,pass,,2026-07-17 19:04:02.701904,
(82)0338,23,grape pomace,107,47,xrf,ba,23.0,ppm,3,,33,oven dry + knife mill (2mm),20.0,,jduong@lbl.gov,boatswain,pass,,2026-07-17 19:04:02.701904,
(82)09bb,23,grape pomace,107,47,xrf,ca,4300.0,ppm,2,,33,oven dry + knife mill (2mm),20.0,,jduong@lbl.gov,boatswain,pass,,2026-07-17 19:04:02.701904,
(82)0a81,23,grape pomace,107,47,xrf,zn,19.0,ppm,2,,33,oven dry + knife mill (2mm),20.0,,jduong@lbl.gov,boatswain,pass,,2026-07-17 19:04:02.701904,
(82)0fe9,23,grape pomace,107,47,xrf,p,2510.0,ppm,3,,33,oven dry + knife mill (2mm),20.0,,jduong@lbl.gov,boatswain,pass,,2026-07-17 19:04:02.701904,
(82)19a5,23,grape pomace,107,47,xrf,ti,211.0,ppm,2,,33,oven dry + knife mill (2mm),20.0,,jduong@lbl.gov,boatswain,pass,,2026-07-17 19:04:02.701904,
(82)19cf,23,grape pomace,107,47,xrf,ca,4310.0,ppm,3,,33,oven dry + knife mill (2mm),20.0,,jduong@lbl.gov,boatswain,,,2026-07-17 19:04:02.701904,
(82)20ae,23,grape pomace,107,47,xrf,s,2060.0,ppm,3,,33,oven dry + knife mill (2mm),20.0,,jduong@lbl.gov,boatswain,pass,,2026-07-17 19:04:02.701904,
(82)2348,23,grape pomace,107,47,xrf,s,1910.0,ppm,1,,33,oven dry + knife mill (2mm),20.0,,jduong@lbl.gov,boatswain,pass,,2026-07-17 19:04:02.701904,
(82)2643,23,grape pomace,107,47,xrf,rb,10.0,ppm,1,,33,oven dry + knife mill (2mm),20.0,,jduong@lbl.gov,boatswain,pass,,2026-07-17 19:04:02.701904,
(82)2f3c,23,grape pomace,107,47,xrf,si,1270.0,ppm,2,,33,oven dry + knife mill (2mm),20.0,,jduong@lbl.gov,boatswain,pass,,2026-07-17 19:04:02.701904,
(82)31a4,23,grape pomace,107,47,xrf,u,13.0,ppm,2,,33,oven dry + knife mill (2mm),20.0,,jduong@lbl.gov,boatswain,pass,,2026-07-17 19:04:02.701904,
(82)33ff,23,grape pomace,107,47,xrf,fe,274.0,ppm,3,,33,oven dry + knife mill (2mm),20.0,,jduong@lbl.gov,boatswain,pass,,2026-07-17 19:04:02.701904,
(82)3723,23,grape pomace,107,47,xrf,ba,26.0,ppm,2,,33,oven dry + knife mill (2mm),20.0,,jduong@lbl.gov,boatswain,pass,,2026-07-17 19:04:02.701904,
(82)3f2a,23,grape pomace,107,47,xrf,k,11100.0,ppm,1,,33,oven dry + knife mill (2mm),20.0,,jduong@lbl.gov,boatswain,pass,,2026-07-17 19:04:02.701904,
(82)3fb8,23,grape pomace,107,47,xrf,si,1370.0,ppm,1,,33,oven dry + knife mill (2mm),20.0,,jduong@lbl.gov,boatswain,pass,,2026-07-17 19:04:02.701904,
(82)43aa,23,grape pomace,107,47,xrf,rb,10.0,ppm,2,,33,oven dry + knife mill (2mm),20.0,,jduong@lbl.gov,boatswain,pass,,2026-07-17 19:04:02.701904,
(82)4450,23,grape pomace,107,47,xrf,th,47.0,ppm,2,,33,oven dry + knife mill (2mm),20.0,,jduong@lbl.gov,boatswain,pass,,2026-07-17 19:04:02.701904,
(82)4507,23,grape pomace,107,47,xrf,th,47.0,ppm,1,,33,oven dry + knife mill (2mm),20.0,,jduong@lbl.gov,boatswain,pass,,2026-07-17 19:04:02.701904,
(82)58a1,23,grape pomace,107,47,xrf,mn,35.0,ppm,3,,33,oven dry + knife mill (2mm),20.0,,jduong@lbl.gov,boatswain,pass,,2026-07-17 19:04:02.701904,
(82)67f8,23,grape pomace,107,47,xrf,rb,10.0,ppm,3,,33,oven dry + knife mill (2mm),20.0,,jduong@lbl.gov,boatswain,pass,,2026-07-17 19:04:02.701904,
(82)68e4,23,grape pomace,107,47,xrf,zn,20.0,ppm,1,,33,oven dry + knife mill (2mm),20.0,,jduong@lbl.gov,boatswain,pass,,2026-07-17 19:04:02.701904,
(82)6a18,23,grape pomace,107,47,xrf,sr,15.0,ppm,1,,33,oven dry + knife mill (2mm),20.0,,jduong@lbl.gov,boatswain,pass,,2026-07-17 19:04:02.701904,
(82)7039,23,grape pomace,107,47,xrf,ba,27.0,ppm,1,,33,oven dry + knife mill (2mm),20.0,,jduong@lbl.gov,boatswain,pass,,2026-07-17 19:04:02.701904,
(82)70b4,23,grape pomace,107,47,xrf,cu,16.0,ppm,1,,33,oven dry + knife mill (2mm),20.0,,jduong@lbl.gov,boatswain,pass,,2026-07-17 19:04:02.701904,
(82)76e2,23,grape pomace,107,47,xrf,k,11700.0,ppm,2,,33,oven dry + knife mill (2mm),20.0,,jduong@lbl.gov,boatswain,pass,,2026-07-17 19:04:02.701904,
(82)7e18,23,grape pomace,107,47,xrf,fe,308.0,ppm,1,,33,oven dry + knife mill (2mm),20.0,,jduong@lbl.gov,boatswain,pass,,2026-07-17 19:04:02.701904,
(82)8397,23,grape pomace,107,47,xrf,s,2120.0,ppm,2,,33,oven dry + knife mill (2mm),20.0,,jduong@lbl.gov,boatswain,pass,,2026-07-17 19:04:02.701904,
(82)8eb7,23,grape pomace,107,47,xrf,ca,4200.0,ppm,1,,33,oven dry + knife mill (2mm),20.0,,jduong@lbl.gov,boatswain,pass,,2026-07-17 19:04:02.701904,
(82)8ff1,23,grape pomace,107,47,xrf,u,14.0,ppm,1,,33,oven dry + knife mill (2mm),20.0,,jduong@lbl.gov,boatswain,pass,,2026-07-17 19:04:02.701904,
(82)928f,23,grape pomace,107,47,xrf,mn,32.0,ppm,2,,33,oven dry + knife mill (2mm),20.0,,jduong@lbl.gov,boatswain,pass,,2026-07-17 19:04:02.701904,
(82)9390,23,grape pomace,107,47,xrf,k,11600.0,ppm,3,,33,oven dry + knife mill (2mm),20.0,,jduong@lbl.gov,boatswain,pass,,2026-07-17 19:04:02.701904,
(82)9420,23,grape pomace,107,47,xrf,p,2410.0,ppm,2,,33,oven dry + knife mill (2mm),20.0,,jduong@lbl.gov,boatswain,pass,,2026-07-17 19:04:02.701904,
(82)953e,23,grape pomace,107,47,xrf,cu,15.0,ppm,3,,33,oven dry + knife mill (2mm),20.0,,jduong@lbl.gov,boatswain,pass,,2026-07-17 19:04:02.701904,
(82)a54f,23,grape pomace,107,47,xrf,cu,18.0,ppm,2,,33,oven dry + knife mill (2mm),20.0,,jduong@lbl.gov,boatswain,pass,,2026-07-17 19:04:02.701904,
(82)a684,23,grape pomace,107,47,xrf,mg,4530.0,ppm,3,,33,oven dry + knife mill (2mm),20.0,,jduong@lbl.gov,boatswain,fail,other two replicates are <lod,2026-07-17 19:04:02.701904,
(82)ada4,23,grape pomace,107,47,xrf,si,1290.0,ppm,3,,33,oven dry + knife mill (2mm),20.0,,jduong@lbl.gov,boatswain,pass,,2026-07-17 19:04:02.701904,
(82)bcc5,23,grape pomace,107,47,xrf,zn,19.0,ppm,3,,33,oven dry + knife mill (2mm),20.0,,jduong@lbl.gov,boatswain,pass,,2026-07-17 19:04:02.701904,
(82)c77d,23,grape pomace,107,47,xrf,p,2420.0,ppm,1,,33,oven dry + knife mill (2mm),20.0,,jduong@lbl.gov,boatswain,pass,,2026-07-17 19:04:02.701904,
(82)cb28,23,grape pomace,107,47,xrf,mo,3.0,ppm,2,,33,oven dry + knife mill (2mm),20.0,,jduong@lbl.gov,boatswain,pass,,2026-07-17 19:04:02.701904,
(82)dd9a,23,grape pomace,107,47,xrf,u,13.0,ppm,3,,33,oven dry + knife mill (2mm),20.0,,jduong@lbl.gov,boatswain,pass,,2026-07-17 19:04:02.701904,
(82)de29,23,grape pomace,107,47,xrf,sr,17.0,ppm,2,,33,oven dry + knife mill (2mm),20.0,,jduong@lbl.gov,boatswain,pass,,2026-07-17 19:04:02.701904,
(82)dffc,23,grape pomace,107,47,xrf,mo,6.0,ppm,1,,33,oven dry + knife mill (2mm),20.0,,jduong@lbl.gov,boatswain,pass,,2026-07-17 19:04:02.701904,
(82)e0bf,23,grape pomace,107,47,xrf,ti,171.0,ppm,1,,33,oven dry + knife mill (2mm),20.0,,jduong@lbl.gov,boatswain,pass,,2026-07-17 19:04:02.701904,
(82)e136,23,grape pomace,107,47,xrf,th,43.0,ppm,3,,33,oven dry + knife mill (2mm),20.0,,jduong@lbl.gov,boatswain,pass,,2026-07-17 19:04:02.701904,
(82)ee27,23,grape pomace,107,47,xrf,fe,284.0,ppm,2,,33,oven dry + knife mill (2mm),20.0,,jduong@lbl.gov,boatswain,pass,,2026-07-17 19:04:02.701904,
(82)f280,23,grape pomace,107,47,xrf,pr,112.0,ppm,1,,33,oven dry + knife mill (2mm),20.0,,jduong@lbl.gov,boatswain,fail,other two replicates are <lod,2026-07-17 19:04:02.701904,
(82)f3b0,23,grape pomace,107,47,xrf,mn,35.0,ppm,1,,33,oven dry + knife mill (2mm),20.0,,jduong@lbl.gov,boatswain,pass,,2026-07-17 19:04:02.701904,
(86)0324,25,almond hulls,146,47,xrf,pr,106.0,ppm,2,,38,knife mill (2mm),20.0,,jduong@lbl.gov,humorous,pass,,2026-07-17 19:04:02.701904,
(86)05a0,15,almond shells and hulls mix,43,46,xrf,sn,0.0,ppm,1,,39,as is,14.0,,xkang2@lbl.gov,tiny,provisional,,2026-07-17 19:04:02.701904,
(86)05fe,15,almond shells and hulls mix,43,46,xrf,sb,0.0,ppm,1,,39,as is,14.0,,xkang2@lbl.gov,tiny,provisional,,2026-07-17 19:04:02.701904,
(86)06e6,25,almond hulls,146,47,xrf,rb,16.0,ppm,1,,38,knife mill (2mm),20.0,,jduong@lbl.gov,humorous,pass,,2026-07-17 19:04:02.701904,
(86)0d46,25,almond hulls,146,47,xrf,cu,9.0,ppm,1,,38,knife mill (2mm),20.0,,jduong@lbl.gov,humorous,pass,,2026-07-17 19:04:02.701904,
(86)0d90,25,almond hulls,146,47,xrf,k,37600.0,ppm,2,,38,knife mill (2mm),20.0,,jduong@lbl.gov,humorous,pass,,2026-07-17 19:04:02.701904,
(86)1006,15,almond shells and hulls mix,43,46,xrf,w,0.0,ppm,1,,39,as is,14.0,,xkang2@lbl.gov,tiny,provisional,,2026-07-17 19:04:02.701904,
(86)1089,25,almond hulls,146,47,xrf,mn,47.0,ppm,2,,38,knife mill (2mm),20.0,,jduong@lbl.gov,humorous,pass,,2026-07-17 19:04:02.701904,
(86)1122,15,almond shells and hulls mix,43,46,xrf,nb,0.0,ppm,1,,39,as is,14.0,,xkang2@lbl.gov,tiny,provisional,,2026-07-17 19:04:02.701904,
(86)1159,25,almond hulls,146,47,xrf,ti,219.0,ppm,2,,38,knife mill (2mm),20.0,,jduong@lbl.gov,humorous,pass,,2026-07-17 19:04:02.701904,
(86)151f,15,almond shells and hulls mix,43,46,xrf,mg,0.0,ppm,1,,39,as is,14.0,,xkang2@lbl.gov,tiny,provisional,,2026-07-17 19:04:02.701904,
(86)160d,25,almond hulls,146,47,xrf,rb,16.0,ppm,2,,38,knife mill (2mm),20.0,,jduong@lbl.gov,humorous,pass,,2026-07-17 19:04:02.701904,
(86)1a30,25,almond hulls,146,47,xrf,la,59.0,ppm,1,,38,knife mill (2mm),20.0,,jduong@lbl.gov,humorous,pass,,2026-07-17 19:04:02.701904,
(86)1a62,25,almond hulls,146,47,xrf,th,32.0,ppm,3,,38,knife mill (2mm),20.0,,jduong@lbl.gov,humorous,pass,,2026-07-17 19:04:02.701904,
(86)1a72,15,almond shells and hulls mix,43,46,xrf,zn,21.0,ppm,1,,39,as is,14.0,,xkang2@lbl.gov,tiny,provisional,,2026-07-17 19:04:02.701904,
(86)1ce4,15,almond shells and hulls mix,43,46,xrf,hg,0.0,ppm,1,,39,as is,14.0,,xkang2@lbl.gov,tiny,provisional,,2026-07-17 19:04:02.701904,
(86)271a,25,almond hulls,146,47,xrf,p,1270.0,ppm,2,,38,knife mill (2mm),20.0,,jduong@lbl.gov,humorous,pass,,2026-07-17 19:04:02.701904,
(86)289f,15,almond shells and hulls mix,43,46,xrf,k,17600.0,ppm,1,,39,as is,14.0,,xkang2@lbl.gov,tiny,provisional,,2026-07-17 19:04:02.701904,
(86)2bdc,25,almond hulls,146,47,xrf,s,317.0,ppm,2,,38,knife mill (2mm),20.0,,jduong@lbl.gov,humorous,pass,,2026-07-17 19:04:02.701904,
(86)3326,15,almond shells and hulls mix,43,46,xrf,mo,13.0,ppm,1,,39,as is,14.0,,xkang2@lbl.gov,tiny,provisional,,2026-07-17 19:04:02.701904,
(86)340e,25,almond hulls,146,47,xrf,sr,22.0,ppm,3,,38,knife mill (2mm),20.0,,jduong@lbl.gov,humorous,pass,,2026-07-17 19:04:02.701904,
(86)3b40,15,almond shells and hulls mix,43,46,xrf,fe,255.0,ppm,1,,39,as is,14.0,,xkang2@lbl.gov,tiny,provisional,,2026-07-17 19:04:02.701904,
(86)3ec5,25,almond hulls,146,47,xrf,zn,15.0,ppm,2,,38,knife mill (2mm),20.0,,jduong@lbl.gov,humorous,pass,,2026-07-17 19:04:02.701904,
(86)4418,25,almond hulls,146,47,xrf,u,10.0,ppm,2,,38,knife mill (2mm),20.0,,jduong@lbl.gov,humorous,pass,,2026-07-17 19:04:02.701904,
(86)449e,25,almond hulls,146,47,xrf,th,34.0,ppm,1,,38,knife mill (2mm),20.0,,jduong@lbl.gov,humorous,pass,,2026-07-17 19:04:02.701904,
(86)4707,15,almond shells and hulls mix,43,46,xrf,cr,0.0,ppm,1,,39,as is,14.0,,xkang2@lbl.gov,tiny,provisional,,2026-07-17 19:04:02.701904,
(86)48ce,15,almond shells and hulls mix,43,46,xrf,th,97.0,ppm,1,,39,as is,14.0,,xkang2@lbl.gov,tiny,provisional,,2026-07-17 19:04:02.701904,
(86)4c6e,15,almond shells and hulls mix,43,46,xrf,u,18.0,ppm,1,,39,as is,14.0,,xkang2@lbl.gov,tiny,provisional,,2026-07-17 19:04:02.701904,
(86)4ce1,25,almond hulls,146,47,xrf,zn,16.0,ppm,3,,38,knife mill (2mm),20.0,,jduong@lbl.gov,humorous,pass,,2026-07-17 19:04:02.701904,
(86)4d71,25,almond hulls,146,47,xrf,cu,12.0,ppm,2,,38,knife mill (2mm),20.0,,jduong@lbl.gov,humorous,pass,,2026-07-17 19:04:02.701904,
(86)4d84,25,almond hulls,146,47,xrf,ca,3040.0,ppm,3,,38,knife mill (2mm),20.0,,jduong@lbl.gov,humorous,pass,,2026-07-17 19:04:02.701904,
(86)5170,15,almond shells and hulls mix,43,46,xrf,ni,0.0,ppm,1,,39,as is,14.0,,xkang2@lbl.gov,tiny,provisional,,2026-07-17 19:04:02.701904,
(86)5267,25,almond hulls,146,47,xrf,ba,27.0,ppm,2,,38,knife mill (2mm),20.0,,jduong@lbl.gov,humorous,pass,,2026-07-17 19:04:02.701904,
(86)5654,25,almond hulls,146,47,xrf,co,10.0,ppm,2,,38,knife mill (2mm),20.0,,jduong@lbl.gov,humorous,fail,other two replicates are <lod,2026-07-17 19:04:02.701904,
(86)56a7,15,almond shells and hulls mix,43,46,xrf,pb,0.0,ppm,1,,39,as is,14.0,,xkang2@lbl.gov,tiny,provisional,,2026-07-17 19:04:02.701904,
(86)5c61,15,almond shells and hulls mix,43,46,xrf,ti,0.0,ppm,1,,39,as is,14.0,,xkang2@lbl.gov,tiny,provisional,,2026-07-17 19:04:02.701904,
(86)6819,15,almond shells and hulls mix,43,46,xrf,se,0.0,ppm,1,,39,as is,14.0,,xkang2@lbl.gov,tiny,provisional,,2026-07-17 19:04:02.701904,
(86)6835,15,almond shells and hulls mix,43,46,xrf,as,0.0,ppm,1,,39,as is,14.0,,xkang2@lbl.gov,tiny,provisional,,2026-07-17 19:04:02.701904,
(86)6b0a,25,almond hulls,146,47,xrf,zn,16.0,ppm,1,,38,knife mill (2mm),20.0,,jduong@lbl.gov,humorous,pass,,2026-07-17 19:04:02.701904,
(86)741c,25,almond hulls,146,47,xrf,sr,20.0,ppm,2,,38,knife mill (2mm),20.0,,jduong@lbl.gov,humorous,pass,,2026-07-17 19:04:02.701904,
(86)75a3,25,almond hulls,146,47,xrf,mn,40.0,ppm,3,,38,knife mill (2mm),20.0,,jduong@lbl.gov,humorous,pass,,2026-07-17 19:04:02.701904,
(86)7aeb,15,almond shells and hulls mix,43,46,xrf,y,0.0,ppm,1,,39,as is,14.0,,xkang2@lbl.gov,tiny,provisional,,2026-07-17 19:04:02.701904,
(86)7c0e,25,almond hulls,146,47,xrf,nd,156.0,ppm,2,,38,knife mill (2mm),20.0,,jduong@lbl.gov,humorous,fail,other two replicates are <lod,2026-07-17 19:04:02.701904,
(86)7e43,15,almond shells and hulls mix,43,46,xrf,v,0.0,ppm,1,,39,as is,14.0,,xkang2@lbl.gov,tiny,provisional,,2026-07-17 19:04:02.701904,
(86)7e75,15,almond shells and hulls mix,43,46,xrf,ba,0.0,ppm,1,,39,as is,14.0,,xkang2@lbl.gov,tiny,provisional,,2026-07-17 19:04:02.701904,
(86)8027,25,almond hulls,146,47,xrf,u,10.0,ppm,3,,38,knife mill (2mm),20.0,,jduong@lbl.gov,humorous,pass,,2026-07-17 19:04:02.701904,
(86)8318,25,almond hulls,146,47,xrf,ti,204.0,ppm,1,,38,knife mill (2mm),20.0,,jduong@lbl.gov,humorous,pass,,2026-07-17 19:04:02.701904,
(86)8dad,25,almond hulls,146,47,xrf,u,11.0,ppm,1,,38,knife mill (2mm),20.0,,jduong@lbl.gov,humorous,pass,,2026-07-17 19:04:02.701904,
(86)8db7,25,almond hulls,146,47,xrf,ca,3130.0,ppm,2,,38,knife mill (2mm),20.0,,jduong@lbl.gov,humorous,pass,,2026-07-17 19:04:02.701904,
(86)92f3,25,almond hulls,146,47,xrf,cu,9.0,ppm,3,,38,knife mill (2mm),20.0,,jduong@lbl.gov,humorous,pass,,2026-07-17 19:04:02.701904,
(86)94ce,15,almond shells and hulls mix,43,46,xrf,p,297.0,ppm,1,,39,as is,14.0,,xkang2@lbl.gov,tiny,provisional,,2026-07-17 19:04:02.701904,
(86)997e,15,almond shells and hulls mix,43,46,xrf,s,0.0,ppm,1,,39,as is,14.0,,xkang2@lbl.gov,tiny,provisional,,2026-07-17 19:04:02.701904,
(86)99ed,15,almond shells and hulls mix,43,46,xrf,mn,58.0,ppm,1,,39,as is,14.0,,xkang2@lbl.gov,tiny,provisional,,2026-07-17 19:04:02.701904,
(86)9ab1,25,almond hulls,146,47,xrf,s,326.0,ppm,1,,38,knife mill (2mm),20.0,,jduong@lbl.gov,humorous,pass,,2026-07-17 19:04:02.701904,
(86)9b0e,15,almond shells and hulls mix,43,46,xrf,cd,0.0,ppm,1,,39,as is,14.0,,xkang2@lbl.gov,tiny,provisional,,2026-07-17 19:04:02.701904,
(86)a171,15,almond shells and hulls mix,43,46,xrf,pr,0.0,ppm,1,,39,as is,14.0,,xkang2@lbl.gov,tiny,provisional,,2026-07-17 19:04:02.701904,
(86)a353,15,almond shells and hulls mix,43,46,xrf,zr,0.0,ppm,1,,39,as is,14.0,,xkang2@lbl.gov,tiny,provisional,,2026-07-17 19:04:02.701904,
(86)a75b,15,almond shells and hulls mix,43,46,xrf,ag,0.0,ppm,1,,39,as is,14.0,,xkang2@lbl.gov,tiny,provisional,,2026-07-17 19:04:02.701904,
(86)aaef,25,almond hulls,146,47,xrf,s,338.0,ppm,3,,38,knife mill (2mm),20.0,,jduong@lbl.gov,humorous,pass,,2026-07-17 19:04:02.701904,
(86)abbc,15,almond shells and hulls mix,43,46,xrf,al,0.0,ppm,1,,39,as is,14.0,,xkang2@lbl.gov,tiny,provisional,,2026-07-17 19:04:02.701904,
(86)b2bc,25,almond hulls,146,47,xrf,rb,16.0,ppm,3,,38,knife mill (2mm),20.0,,jduong@lbl.gov,humorous,pass,,2026-07-17 19:04:02.701904,
(86)ba5c,15,almond shells and hulls mix,43,46,xrf,cu,20.0,ppm,1,,39,as is,14.0,,xkang2@lbl.gov,tiny,provisional,,2026-07-17 19:04:02.701904,
(86)bd0e,25,almond hulls,146,47,xrf,p,1300.0,ppm,1,,38,knife mill (2mm),20.0,,jduong@lbl.gov,humorous,pass,,2026-07-17 19:04:02.701904,
(86)bf72,25,almond hulls,146,47,xrf,mn,40.0,ppm,1,,38,knife mill (2mm),20.0,,jduong@lbl.gov,humorous,pass,,2026-07-17 19:04:02.701904,
(86)c191,25,almond hulls,146,47,xrf,p,1260.0,ppm,3,,38,knife mill (2mm),20.0,,jduong@lbl.gov,humorous,pass,,2026-07-17 19:04:02.701904,
(86)c19d,25,almond hulls,146,47,xrf,si,2990.0,ppm,3,,38,knife mill (2mm),20.0,,jduong@lbl.gov,humorous,pass,,2026-07-17 19:04:02.701904,
(86)c368,25,almond hulls,146,47,xrf,ce,90.0,ppm,1,,38,knife mill (2mm),20.0,,jduong@lbl.gov,humorous,fail,other two replicates are <lod,2026-07-17 19:04:02.701904,
(86)c3aa,15,almond shells and hulls mix,43,46,xrf,la,0.0,ppm,1,,39,as is,14.0,,xkang2@lbl.gov,tiny,provisional,,2026-07-17 19:04:02.701904,
(86)c4e2,25,almond hulls,146,47,xrf,ca,2920.0,ppm,1,,38,knife mill (2mm),20.0,,jduong@lbl.gov,humorous,pass,,2026-07-17 19:04:02.701904,
(86)c93e,25,almond hulls,146,47,xrf,sr,22.0,ppm,1,,38,knife mill (2mm),20.0,,jduong@lbl.gov,humorous,pass,,2026-07-17 19:04:02.701904,
(86)cc40,15,almond shells and hulls mix,43,46,xrf,sr,21.0,ppm,1,,39,as is,14.0,,xkang2@lbl.gov,tiny,provisional,,2026-07-17 19:04:02.701904,
(86)d082,25,almond hulls,146,47,xrf,k,37400.0,ppm,3,,38,knife mill (2mm),20.0,,jduong@lbl.gov,humorous,pass,,2026-07-17 19:04:02.701904,
(86)d397,15,almond shells and hulls mix,43,46,xrf,ca,4980.0,ppm,1,,39,as is,14.0,,xkang2@lbl.gov,tiny,provisional,,2026-07-17 19:04:02.701904,
(86)d3c8,25,almond hulls,146,47,xrf,th,36.0,ppm,2,,38,knife mill (2mm),20.0,,jduong@lbl.gov,humorous,pass,,2026-07-17 19:04:02.701904,
(86)d407,15,almond shells and hulls mix,43,46,xrf,nd,68.0,ppm,1,,39,as is,14.0,,xkang2@lbl.gov,tiny,provisional,,2026-07-17 19:04:02.701904,
(86)dae4,15,almond shells and hulls mix,43,46,xrf,co,0.0,ppm,1,,39,as is,14.0,,xkang2@lbl.gov,tiny,provisional,,2026-07-17 19:04:02.701904,
(86)dce9,25,almond hulls,146,47,xrf,si,2730.0,ppm,1,,38,knife mill (2mm),20.0,,jduong@lbl.gov,humorous,pass,,2026-07-17 19:04:02.701904,
(86)e083,25,almond hulls,146,47,xrf,la,50.0,ppm,2,,38,knife mill (2mm),20.0,,jduong@lbl.gov,humorous,pass,,2026-07-17 19:04:02.701904,
(86)e57e,25,almond hulls,146,47,xrf,fe,268.0,ppm,1,,38,knife mill (2mm),20.0,,jduong@lbl.gov,humorous,pass,,2026-07-17 19:04:02.701904,
(86)e683,15,almond shells and hulls mix,43,46,xrf,ce,0.0,ppm,1,,39,as is,14.0,,xkang2@lbl.gov,tiny,provisional,,2026-07-17 19:04:02.701904,
(86)e924,25,almond hulls,146,47,xrf,fe,288.0,ppm,2,,38,knife mill (2mm),20.0,,jduong@lbl.gov,humorous,pass,,2026-07-17 19:04:02.701904,
(86)ea76,25,almond hulls,146,47,xrf,si,3090.0,ppm,2,,38,knife mill (2mm),20.0,,jduong@lbl.gov,humorous,pass,,2026-07-17 19:04:02.701904,
(86)ea8b,25,almond hulls,146,47,xrf,pr,173.0,ppm,1,,38,knife mill (2mm),20.0,,jduong@lbl.gov,humorous,pass,,2026-07-17 19:04:02.701904,
(86)ed15,25,almond hulls,146,47,xrf,k,37200.0,ppm,1,,38,knife mill (2mm),20.0,,jduong@lbl.gov,humorous,pass,,2026-07-17 19:04:02.701904,
(86)f052,15,almond shells and hulls mix,43,46,xrf,si,2220.0,ppm,1,,39,as is,14.0,,xkang2@lbl.gov,tiny,provisional,,2026-07-17 19:04:02.701904,
(86)f465,15,almond shells and hulls mix,43,46,xrf,rb,10.0,ppm,1,,39,as is,14.0,,xkang2@lbl.gov,tiny,provisional,,2026-07-17 19:04:02.701904,
(86)fcb6,25,almond hulls,146,47,xrf,fe,292.0,ppm,3,,38,knife mill (2mm),20.0,,jduong@lbl.gov,humorous,pass,,2026-07-17 19:04:02.701904,
(86)fe3c,15,almond shells and hulls mix,43,46,xrf,bi,0.0,ppm,1,,39,as is,14.0,,xkang2@lbl.gov,tiny,provisional,,2026-07-17 19:04:02.701904,
(87)0136,34,grape stem,135,47,xrf,zn,25.0,ppm,1,,33,oven dry + knife mill (2mm),20.0,,jduong@lbl.gov,rigging,pass,,2026-07-17 19:04:02.701904,
(87)095f,34,grape stem,135,47,xrf,ba,32.0,ppm,2,,33,oven dry + knife mill (2mm),20.0,,jduong@lbl.gov,rigging,pass,,2026-07-17 19:04:02.701904,
(87)1b1a,34,grape stem,135,47,xrf,rb,34.0,ppm,1,,33,oven dry + knife mill (2mm),20.0,,jduong@lbl.gov,rigging,pass,,2026-07-17 19:04:02.701904,
(87)1c44,34,grape stem,135,47,xrf,u,10.0,ppm,3,,33,oven dry + knife mill (2mm),20.0,,jduong@lbl.gov,rigging,pass,,2026-07-17 19:04:02.701904,
(87)1e71,34,grape stem,135,47,xrf,mg,6170.0,ppm,3,,33,oven dry + knife mill (2mm),20.0,,jduong@lbl.gov,rigging,pass,,2026-07-17 19:04:02.701904,
(87)29bc,34,grape stem,135,47,xrf,u,12.0,ppm,2,,33,oven dry + knife mill (2mm),20.0,,jduong@lbl.gov,rigging,pass,,2026-07-17 19:04:02.701904,
(87)2aed,34,grape stem,135,47,xrf,s,976.0,ppm,3,,33,oven dry + knife mill (2mm),20.0,,jduong@lbl.gov,rigging,pass,,2026-07-17 19:04:02.701904,
(87)2cd4,34,grape stem,135,47,xrf,th,31.0,ppm,2,,33,oven dry + knife mill (2mm),20.0,,jduong@lbl.gov,rigging,pass,,2026-07-17 19:04:02.701904,
(87)2fc0,34,grape stem,135,47,xrf,cu,24.0,ppm,2,,33,oven dry + knife mill (2mm),20.0,,jduong@lbl.gov,rigging,pass,,2026-07-17 19:04:02.701904,
(87)359d,34,grape stem,135,47,xrf,fe,76.0,ppm,1,,33,oven dry + knife mill (2mm),20.0,,jduong@lbl.gov,rigging,pass,,2026-07-17 19:04:02.701904,
(87)3610,34,grape stem,135,47,xrf,si,1200.0,ppm,1,,33,oven dry + knife mill (2mm),20.0,,jduong@lbl.gov,rigging,pass,,2026-07-17 19:04:02.701904,
(87)3925,34,grape stem,135,47,xrf,u,13.0,ppm,1,,33,oven dry + knife mill (2mm),20.0,,jduong@lbl.gov,rigging,pass,,2026-07-17 19:04:02.701904,
(87)3bed,34,grape stem,135,47,xrf,ba,48.0,ppm,1,,33,oven dry + knife mill (2mm),20.0,,jduong@lbl.gov,rigging,pass,,2026-07-17 19:04:02.701904,
(87)3d63,34,grape stem,135,47,xrf,k,18500.0,ppm,1,,33,oven dry + knife mill (2mm),20.0,,jduong@lbl.gov,rigging,pass,,2026-07-17 19:04:02.701904,
(87)47d7,34,grape stem,135,47,xrf,zn,25.0,ppm,2,,33,oven dry + knife mill (2mm),20.0,,jduong@lbl.gov,rigging,pass,,2026-07-17 19:04:02.701904,
(87)4be8,34,grape stem,135,47,xrf,p,1380.0,ppm,2,,33,oven dry + knife mill (2mm),20.0,,jduong@lbl.gov,rigging,pass,,2026-07-17 19:04:02.701904,
(87)4ced,34,grape stem,135,47,xrf,zn,25.0,ppm,3,,33,oven dry + knife mill (2mm),20.0,,jduong@lbl.gov,rigging,pass,,2026-07-17 19:04:02.701904,
(87)50ae,34,grape stem,135,47,xrf,ca,8200.0,ppm,2,,33,oven dry + knife mill (2mm),20.0,,jduong@lbl.gov,rigging,pass,,2026-07-17 19:04:02.701904,
(87)5187,34,grape stem,135,47,xrf,s,940.0,ppm,1,,33,oven dry + knife mill (2mm),20.0,,jduong@lbl.gov,rigging,pass,,2026-07-17 19:04:02.701904,
(87)53dc,34,grape stem,135,47,xrf,mg,4430.0,ppm,1,,33,oven dry + knife mill (2mm),20.0,,jduong@lbl.gov,rigging,pass,,2026-07-17 19:04:02.701904,
(87)544b,34,grape stem,135,47,xrf,p,1390.0,ppm,1,,33,oven dry + knife mill (2mm),20.0,,jduong@lbl.gov,rigging,pass,,2026-07-17 19:04:02.701904,
(87)5d0b,34,grape stem,135,47,xrf,co,9.0,ppm,1,,33,oven dry + knife mill (2mm),20.0,,jduong@lbl.gov,rigging,pass,,2026-07-17 19:04:02.701904,
(87)5d90,34,grape stem,135,47,xrf,ba,36.0,ppm,3,,33,oven dry + knife mill (2mm),20.0,,jduong@lbl.gov,rigging,pass,,2026-07-17 19:04:02.701904,
(87)5dca,34,grape stem,135,47,xrf,co,9.0,ppm,2,,33,oven dry + knife mill (2mm),20.0,,jduong@lbl.gov,rigging,pass,,2026-07-17 19:04:02.701904,
(87)6f03,34,grape stem,135,47,xrf,s,980.0,ppm,2,,33,oven dry + knife mill (2mm),20.0,,jduong@lbl.gov,rigging,pass,,2026-07-17 19:04:02.701904,
(87)7361,34,grape stem,135,47,xrf,mn,122.0,ppm,3,,33,oven dry + knife mill (2mm),20.0,,jduong@lbl.gov,rigging,pass,,2026-07-17 19:04:02.701904,
(87)799b,34,grape stem,135,47,xrf,sr,69.0,ppm,3,,33,oven dry + knife mill (2mm),20.0,,jduong@lbl.gov,rigging,pass,,2026-07-17 19:04:02.701904,
(87)891b,34,grape stem,135,47,xrf,nd,104.0,ppm,2,,33,oven dry + knife mill (2mm),20.0,,jduong@lbl.gov,rigging,fail,other two replicates are <lod,2026-07-17 19:04:02.701904,
(87)8a79,34,grape stem,135,47,xrf,k,19600.0,ppm,2,,33,oven dry + knife mill (2mm),20.0,,jduong@lbl.gov,rigging,pass,,2026-07-17 19:04:02.701904,
(87)92e1,34,grape stem,135,47,xrf,cu,21.0,ppm,3,,33,oven dry + knife mill (2mm),20.0,,jduong@lbl.gov,rigging,pass,,2026-07-17 19:04:02.701904,
(87)a292,34,grape stem,135,47,xrf,mn,105.0,ppm,2,,33,oven dry + knife mill (2mm),20.0,,jduong@lbl.gov,rigging,pass,,2026-07-17 19:04:02.701904,
(87)af75,34,grape stem,135,47,xrf,si,1410.0,ppm,2,,33,oven dry + knife mill (2mm),20.0,,jduong@lbl.gov,rigging,pass,,2026-07-17 19:04:02.701904,
(87)b16e,34,grape stem,135,47,xrf,ce,50.0,ppm,2,,33,oven dry + knife mill (2mm),20.0,,jduong@lbl.gov,rigging,pass,,2026-07-17 19:04:02.701904,
(87)bd72,34,grape stem,135,47,xrf,p,1370.0,ppm,3,,33,oven dry + knife mill (2mm),20.0,,jduong@lbl.gov,rigging,pass,,2026-07-17 19:04:02.701904,
(87)bfee,34,grape stem,135,47,xrf,ca,8190.0,ppm,3,,33,oven dry + knife mill (2mm),20.0,,jduong@lbl.gov,rigging,pass,,2026-07-17 19:04:02.701904,
(87)c18c,34,grape stem,135,47,xrf,sr,67.0,ppm,2,,33,oven dry + knife mill (2mm),20.0,,jduong@lbl.gov,rigging,pass,,2026-07-17 19:04:02.701904,
(87)c44e,34,grape stem,135,47,xrf,rb,34.0,ppm,2,,33,oven dry + knife mill (2mm),20.0,,jduong@lbl.gov,rigging,pass,,2026-07-17 19:04:02.701904,
(87)c541,34,grape stem,135,47,xrf,si,1360.0,ppm,3,,33,oven dry + knife mill (2mm),20.0,,jduong@lbl.gov,rigging,pass,,2026-07-17 19:04:02.701904,
(87)c584,34,grape stem,135,47,xrf,ca,7770.0,ppm,1,,33,oven dry + knife mill (2mm),20.0,,jduong@lbl.gov,rigging,pass,,2026-07-17 19:04:02.701904,
(87)cc40,34,grape stem,135,47,xrf,mg,4910.0,ppm,2,,33,oven dry + knife mill (2mm),20.0,,jduong@lbl.gov,rigging,pass,,2026-07-17 19:04:02.701904,
(87)d35d,34,grape stem,135,47,xrf,cu,21.0,ppm,1,,33,oven dry + knife mill (2mm),20.0,,jduong@lbl.gov,rigging,pass,,2026-07-17 19:04:02.701904,
(87)d7e5,34,grape stem,135,47,xrf,rb,33.0,ppm,3,,33,oven dry + knife mill (2mm),20.0,,jduong@lbl.gov,rigging,pass,,2026-07-17 19:04:02.701904,
(87)db78,34,grape stem,135,47,xrf,fe,81.0,ppm,2,,33,oven dry + knife mill (2mm),20.0,,jduong@lbl.gov,rigging,pass,,2026-07-17 19:04:02.701904,
(87)df40,34,grape stem,135,47,xrf,th,31.0,ppm,3,,33,oven dry + knife mill (2mm),20.0,,jduong@lbl.gov,rigging,pass,,2026-07-17 19:04:02.701904,
(87)e23f,34,grape stem,135,47,xrf,k,19700.0,ppm,3,,33,oven dry + knife mill (2mm),20.0,,jduong@lbl.gov,rigging,pass,,2026-07-17 19:04:02.701904,
(87)e2c4,34,grape stem,135,47,xrf,pr,76.0,ppm,2,,33,oven dry + knife mill (2mm),20.0,,jduong@lbl.gov,rigging,fail,other two replicates are <lod,2026-07-17 19:04:02.701904,
(87)e351,34,grape stem,135,47,xrf,mn,123.0,ppm,1,,33,oven dry + knife mill (2mm),20.0,,jduong@lbl.gov,rigging,pass,,2026-07-17 19:04:02.701904,
(87)eb8b,34,grape stem,135,47,xrf,fe,73.0,ppm,3,,33,oven dry + knife mill (2mm),20.0,,jduong@lbl.gov,rigging,pass,,2026-07-17 19:04:02.701904,
(87)ed0c,34,grape stem,135,47,xrf,sr,66.0,ppm,1,,33,oven dry + knife mill (2mm),20.0,,jduong@lbl.gov,rigging,pass,,2026-07-17 19:04:02.701904,
(87)f640,34,grape stem,135,47,xrf,ce,52.0,ppm,3,,33,oven dry + knife mill (2mm),20.0,,jduong@lbl.gov,rigging,pass,,2026-07-17 19:04:02.701904,
(87)f6d3,34,grape stem,135,47,xrf,th,36.0,ppm,1,,33,oven dry + knife mill (2mm),20.0,,jduong@lbl.gov,rigging,pass,,2026-07-17 19:04:02.701904,
(8f)08fc,36,peach screening waste,85,47,xrf,u,19.0,ppm,2,,33,oven dry + knife mill (2mm),20.0,,jduong@lbl.gov,rushes,pass,,2026-07-17 19:04:02.701904,
(8f)0c29,36,peach screening waste,85,47,xrf,th,55.0,ppm,1,,33,oven dry + knife mill (2mm),20.0,,jduong@lbl.gov,rushes,pass,,2026-07-17 19:04:02.701904,
(8f)0c55,36,peach screening waste,85,47,xrf,si,1980.0,ppm,1,,33,oven dry + knife mill (2mm),20.0,,jduong@lbl.gov,rushes,pass,,2026-07-17 19:04:02.701904,
(8f)121b,36,peach screening waste,85,47,xrf,ti,231.0,ppm,3,,33,oven dry + knife mill (2mm),20.0,,jduong@lbl.gov,rushes,fail,other two replicates are <lod,2026-07-17 19:04:02.701904,
(8f)14ba,36,peach screening waste,85,47,xrf,sr,39.0,ppm,2,,33,oven dry + knife mill (2mm),20.0,,jduong@lbl.gov,rushes,pass,,2026-07-17 19:04:02.701904,
(8f)2cab,36,peach screening waste,85,47,xrf,p,4220.0,ppm,2,,33,oven dry + knife mill (2mm),20.0,,jduong@lbl.gov,rushes,pass,,2026-07-17 19:04:02.701904,
(8f)302e,36,peach screening waste,85,47,xrf,ca,5250.0,ppm,1,,33,oven dry + knife mill (2mm),20.0,,jduong@lbl.gov,rushes,pass,,2026-07-17 19:04:02.701904,
(8f)329a,36,peach screening waste,85,47,xrf,mo,5.0,ppm,3,,33,oven dry + knife mill (2mm),20.0,,jduong@lbl.gov,rushes,pass,,2026-07-17 19:04:02.701904,
(8f)38dd,36,peach screening waste,85,47,xrf,fe,2800.0,ppm,3,,33,oven dry + knife mill (2mm),20.0,,jduong@lbl.gov,rushes,pass,,2026-07-17 19:04:02.701904,
(8f)3a24,36,peach screening waste,85,47,xrf,rb,12.0,ppm,1,,33,oven dry + knife mill (2mm),20.0,,jduong@lbl.gov,rushes,pass,,2026-07-17 19:04:02.701904,
(8f)3ba3,36,peach screening waste,85,47,xrf,ba,28.0,ppm,3,,33,oven dry + knife mill (2mm),20.0,,jduong@lbl.gov,rushes,pass,,2026-07-17 19:04:02.701904,
(8f)3be8,36,peach screening waste,85,47,xrf,ca,5300.0,ppm,3,,33,oven dry + knife mill (2mm),20.0,,jduong@lbl.gov,rushes,pass,,2026-07-17 19:04:02.701904,
(8f)4054,36,peach screening waste,85,47,xrf,zr,4.0,ppm,2,,33,oven dry + knife mill (2mm),20.0,,jduong@lbl.gov,rushes,pass,,2026-07-17 19:04:02.701904,
(8f)4744,36,peach screening waste,85,47,xrf,cu,43.0,ppm,2,,33,oven dry + knife mill (2mm),20.0,,jduong@lbl.gov,rushes,pass,,2026-07-17 19:04:02.701904,
(8f)49ee,36,peach screening waste,85,47,xrf,cu,50.0,ppm,1,,33,oven dry + knife mill (2mm),20.0,,jduong@lbl.gov,rushes,pass,,2026-07-17 19:04:02.701904,
(8f)4d52,36,peach screening waste,85,47,xrf,pb,4.0,ppm,1,,33,oven dry + knife mill (2mm),20.0,,jduong@lbl.gov,rushes,pass,,2026-07-17 19:04:02.701904,
(8f)4d70,36,peach screening waste,85,47,xrf,rb,12.0,ppm,2,,33,oven dry + knife mill (2mm),20.0,,jduong@lbl.gov,rushes,pass,,2026-07-17 19:04:02.701904,
(8f)581a,36,peach screening waste,85,47,xrf,sr,40.0,ppm,3,,33,oven dry + knife mill (2mm),20.0,,jduong@lbl.gov,rushes,pass,,2026-07-17 19:04:02.701904,
(8f)5993,36,peach screening waste,85,47,xrf,rb,11.0,ppm,3,,33,oven dry + knife mill (2mm),20.0,,jduong@lbl.gov,rushes,pass,,2026-07-17 19:04:02.701904,
(8f)5a35,36,peach screening waste,85,47,xrf,ba,34.0,ppm,2,,33,oven dry + knife mill (2mm),20.0,,jduong@lbl.gov,rushes,pass,,2026-07-17 19:04:02.701904,
(8f)665b,36,peach screening waste,85,47,xrf,k,62400.0,ppm,2,,33,oven dry + knife mill (2mm),20.0,,jduong@lbl.gov,rushes,pass,,2026-07-17 19:04:02.701904,
(8f)6733,36,peach screening waste,85,47,xrf,mo,8.0,ppm,2,,33,oven dry + knife mill (2mm),20.0,,jduong@lbl.gov,rushes,pass,,2026-07-17 19:04:02.701904,
(8f)69f7,36,peach screening waste,85,47,xrf,p,3760.0,ppm,1,,33,oven dry + knife mill (2mm),20.0,,jduong@lbl.gov,rushes,pass,,2026-07-17 19:04:02.701904,
(8f)6ca6,36,peach screening waste,85,47,xrf,fe,2800.0,ppm,1,,33,oven dry + knife mill (2mm),20.0,,jduong@lbl.gov,rushes,pass,,2026-07-17 19:04:02.701904,
(8f)7d32,36,peach screening waste,85,47,xrf,al,3220.0,ppm,2,,33,oven dry + knife mill (2mm),20.0,,jduong@lbl.gov,rushes,pass,,2026-07-17 19:04:02.701904,
(8f)8118,36,peach screening waste,85,47,xrf,k,62100.0,ppm,3,,33,oven dry + knife mill (2mm),20.0,,jduong@lbl.gov,rushes,pass,,2026-07-17 19:04:02.701904,
(8f)8678,36,peach screening waste,85,47,xrf,mn,71.0,ppm,1,,33,oven dry + knife mill (2mm),20.0,,jduong@lbl.gov,rushes,pass,,2026-07-17 19:04:02.701904,
(8f)86e0,36,peach screening waste,85,47,xrf,ce,46.0,ppm,1,,33,oven dry + knife mill (2mm),20.0,,jduong@lbl.gov,rushes,fail,other two replicates are <lod,2026-07-17 19:04:02.701904,
(8f)984d,36,peach screening waste,85,47,xrf,ca,5380.0,ppm,2,,33,oven dry + knife mill (2mm),20.0,,jduong@lbl.gov,rushes,pass,,2026-07-17 19:04:02.701904,
(8f)9c66,36,peach screening waste,85,47,xrf,la,34.0,ppm,3,,33,oven dry + knife mill (2mm),20.0,,jduong@lbl.gov,rushes,pass,,2026-07-17 19:04:02.701904,
(8f)9f30,36,peach screening waste,85,47,xrf,mn,99.0,ppm,2,,33,oven dry + knife mill (2mm),20.0,,jduong@lbl.gov,rushes,pass,,2026-07-17 19:04:02.701904,
(8f)a00f,36,peach screening waste,85,47,xrf,s,2280.0,ppm,1,,33,oven dry + knife mill (2mm),20.0,,jduong@lbl.gov,rushes,pass,,2026-07-17 19:04:02.701904,
(8f)a6d1,36,peach screening waste,85,47,xrf,th,54.0,ppm,2,,33,oven dry + knife mill (2mm),20.0,,jduong@lbl.gov,rushes,pass,,2026-07-17 19:04:02.701904,
(8f)a99e,36,peach screening waste,85,47,xrf,mo,7.0,ppm,1,,33,oven dry + knife mill (2mm),20.0,,jduong@lbl.gov,rushes,pass,,2026-07-17 19:04:02.701904,
(8f)b2bd,36,peach screening waste,85,47,xrf,si,1990.0,ppm,2,,33,oven dry + knife mill (2mm),20.0,,jduong@lbl.gov,rushes,pass,,2026-07-17 19:04:02.701904,
(8f)b5a3,36,peach screening waste,85,47,xrf,p,4160.0,ppm,3,,33,oven dry + knife mill (2mm),20.0,,jduong@lbl.gov,rushes,pass,,2026-07-17 19:04:02.701904,
(8f)b662,36,peach screening waste,85,47,xrf,s,2240.0,ppm,3,,33,oven dry + knife mill (2mm),20.0,,jduong@lbl.gov,rushes,pass,,2026-07-17 19:04:02.701904,
(8f)b8da,36,peach screening waste,85,47,xrf,al,3110.0,ppm,1,,33,oven dry + knife mill (2mm),20.0,,jduong@lbl.gov,rushes,pass,,2026-07-17 19:04:02.701904,
(8f)c0c0,36,peach screening waste,85,47,xrf,cu,43.0,ppm,3,,33,oven dry + knife mill (2mm),20.0,,jduong@lbl.gov,rushes,pass,,2026-07-17 19:04:02.701904,
(8f)c3c3,36,peach screening waste,85,47,xrf,pb,5.0,ppm,2,,33,oven dry + knife mill (2mm),20.0,,jduong@lbl.gov,rushes,pass,,2026-07-17 19:04:02.701904,
(8f)cb32,36,peach screening waste,85,47,xrf,th,55.0,ppm,3,,33,oven dry + knife mill (2mm),20.0,,jduong@lbl.gov,rushes,pass,,2026-07-17 19:04:02.701904,
(8f)d049,36,peach screening waste,85,47,xrf,u,14.0,ppm,3,,33,oven dry + knife mill (2mm),20.0,,jduong@lbl.gov,rushes,pass,,2026-07-17 19:04:02.701904,
(8f)d2f3,36,peach screening waste,85,47,xrf,k,60800.0,ppm,1,,33,oven dry + knife mill (2mm),20.0,,jduong@lbl.gov,rushes,pass,,2026-07-17 19:04:02.701904,
(8f)d405,36,peach screening waste,85,47,xrf,la,38.0,ppm,1,,33,oven dry + knife mill (2mm),20.0,,jduong@lbl.gov,rushes,pass,,2026-07-17 19:04:02.701904,
(8f)d68b,36,peach screening waste,85,47,xrf,u,15.0,ppm,1,,33,oven dry + knife mill (2mm),20.0,,jduong@lbl.gov,rushes,pass,,2026-07-17 19:04:02.701904,
(8f)d90c,36,peach screening waste,85,47,xrf,pb,6.0,ppm,3,,33,oven dry + knife mill (2mm),20.0,,jduong@lbl.gov,rushes,pass,,2026-07-17 19:04:02.701904,
(8f)e00f,36,peach screening waste,85,47,xrf,zn,65.0,ppm,3,,33,oven dry + knife mill (2mm),20.0,,jduong@lbl.gov,rushes,pass,,2026-07-17 19:04:02.701904,
(8f)e2af,36,peach screening waste,85,47,xrf,mn,79.0,ppm,3,,33,oven dry + knife mill (2mm),20.0,,jduong@lbl.gov,rushes,pass,,2026-07-17 19:04:02.701904,
(8f)e679,36,peach screening waste,85,47,xrf,zn,64.0,ppm,1,,33,oven dry + knife mill (2mm),20.0,,jduong@lbl.gov,rushes,pass,,2026-07-17 19:04:02.701904,
(8f)ea5f,36,peach screening waste,85,47,xrf,s,2420.0,ppm,2,,33,oven dry + knife mill (2mm),20.0,,jduong@lbl.gov,rushes,pass,,2026-07-17 19:04:02.701904,
(8f)eaeb,36,peach screening waste,85,47,xrf,ba,36.0,ppm,1,,33,oven dry + knife mill (2mm),20.0,,jduong@lbl.gov,rushes,pass,,2026-07-17 19:04:02.701904,
(8f)f12d,36,peach screening waste,85,47,xrf,sr,41.0,ppm,1,,33,oven dry + knife mill (2mm),20.0,,jduong@lbl.gov,rushes,pass,,2026-07-17 19:04:02.701904,
(8f)f7a9,36,peach screening waste,85,47,xrf,fe,2770.0,ppm,2,,33,oven dry + knife mill (2mm),20.0,,jduong@lbl.gov,rushes,pass,,2026-07-17 19:04:02.701904,
(8f)fcda,36,peach screening waste,85,47,xrf,zn,62.0,ppm,2,,33,oven dry + knife mill (2mm),20.0,,jduong@lbl.gov,rushes,pass,,2026-07-17 19:04:02.701904,
(8f)fdda,36,peach screening waste,85,47,xrf,si,2100.0,ppm,3,,33,oven dry + knife mill (2mm),20.0,,jduong@lbl.gov,rushes,pass,,2026-07-17 19:04:02.701904,
(8f)ff6e,36,peach screening waste,85,47,xrf,al,3120.0,ppm,3,,33,oven dry + knife mill (2mm),20.0,,jduong@lbl.gov,rushes,pass,,2026-07-17 19:04:02.701904,
(91)0593,10,cotton stem mix,158,47,xrf,al,1890.0,ppm,1,,38,knife mill (2mm),20.0,,jduong@lbl.gov,schooner,pass,,2026-07-17 19:04:02.701904,
(91)0781,10,cotton stem mix,158,47,xrf,s,4670.0,ppm,1,,38,knife mill (2mm),20.0,,jduong@lbl.gov,schooner,pass,,2026-07-17 19:04:02.701904,
(91)0d4e,10,cotton stem mix,158,47,xrf,p,2230.0,ppm,3,,38,knife mill (2mm),20.0,,jduong@lbl.gov,schooner,pass,,2026-07-17 19:04:02.701904,
(91)185f,10,cotton stem mix,158,47,xrf,ti,236.0,ppm,1,,38,knife mill (2mm),20.0,,jduong@lbl.gov,schooner,pass,,2026-07-17 19:04:02.701904,
(91)1941,10,cotton stem mix,158,47,xrf,rb,15.0,ppm,1,,38,knife mill (2mm),20.0,,jduong@lbl.gov,schooner,pass,,2026-07-17 19:04:02.701904,
(91)19f8,10,cotton stem mix,158,47,xrf,sr,102.0,ppm,1,,38,knife mill (2mm),20.0,,jduong@lbl.gov,schooner,pass,,2026-07-17 19:04:02.701904,
(91)1a29,10,cotton stem mix,158,47,xrf,zn,26.0,ppm,3,,38,knife mill (2mm),20.0,,jduong@lbl.gov,schooner,pass,,2026-07-17 19:04:02.701904,
(91)1ab9,10,cotton stem mix,158,47,xrf,zn,23.0,ppm,1,,38,knife mill (2mm),20.0,,jduong@lbl.gov,schooner,pass,,2026-07-17 19:04:02.701904,
(91)1dca,10,cotton stem mix,158,47,xrf,sr,101.0,ppm,3,,38,knife mill (2mm),20.0,,jduong@lbl.gov,schooner,pass,,2026-07-17 19:04:02.701904,
(91)2459,10,cotton stem mix,158,47,xrf,mn,65.0,ppm,3,,38,knife mill (2mm),20.0,,jduong@lbl.gov,schooner,pass,,2026-07-17 19:04:02.701904,
(91)24e4,10,cotton stem mix,158,47,xrf,s,5620.0,ppm,2,,38,knife mill (2mm),20.0,,jduong@lbl.gov,schooner,pass,,2026-07-17 19:04:02.701904,
(91)3344,10,cotton stem mix,158,47,xrf,mg,9410.0,ppm,2,,38,knife mill (2mm),20.0,,jduong@lbl.gov,schooner,pass,,2026-07-17 19:04:02.701904,
(91)33f8,10,cotton stem mix,158,47,xrf,ce,52.0,ppm,3,,38,knife mill (2mm),20.0,,jduong@lbl.gov,schooner,pass,,2026-07-17 19:04:02.701904,
(91)3943,10,cotton stem mix,158,47,xrf,si,5920.0,ppm,1,,38,knife mill (2mm),20.0,,jduong@lbl.gov,schooner,pass,,2026-07-17 19:04:02.701904,
(91)3ae1,10,cotton stem mix,158,47,xrf,th,62.0,ppm,2,,38,knife mill (2mm),20.0,,jduong@lbl.gov,schooner,pass,,2026-07-17 19:04:02.701904,
(91)4f5f,10,cotton stem mix,158,47,xrf,si,7040.0,ppm,2,,38,knife mill (2mm),20.0,,jduong@lbl.gov,schooner,pass,,2026-07-17 19:04:02.701904,
(91)5162,10,cotton stem mix,158,47,xrf,u,20.0,ppm,3,,38,knife mill (2mm),20.0,,jduong@lbl.gov,schooner,pass,,2026-07-17 19:04:02.701904,
(91)51e5,10,cotton stem mix,158,47,xrf,ba,20.0,ppm,2,,38,knife mill (2mm),20.0,,jduong@lbl.gov,schooner,pass,,2026-07-17 19:04:02.701904,
(91)5327,10,cotton stem mix,158,47,xrf,pb,4.0,ppm,1,,38,knife mill (2mm),20.0,,jduong@lbl.gov,schooner,fail,other two replicates are <lod,2026-07-17 19:04:02.701904,
(91)5b21,10,cotton stem mix,158,47,xrf,ce,49.0,ppm,2,,38,knife mill (2mm),20.0,,jduong@lbl.gov,schooner,pass,,2026-07-17 19:04:02.701904,
(91)5d86,10,cotton stem mix,158,47,xrf,rb,16.0,ppm,3,,38,knife mill (2mm),20.0,,jduong@lbl.gov,schooner,pass,,2026-07-17 19:04:02.701904,
(91)5e14,10,cotton stem mix,158,47,xrf,cu,16.0,ppm,2,,38,knife mill (2mm),20.0,,jduong@lbl.gov,schooner,pass,,2026-07-17 19:04:02.701904,
(91)632f,10,cotton stem mix,158,47,xrf,cu,16.0,ppm,1,,38,knife mill (2mm),20.0,,jduong@lbl.gov,schooner,pass,,2026-07-17 19:04:02.701904,
(91)6863,10,cotton stem mix,158,47,xrf,ba,24.0,ppm,1,,38,knife mill (2mm),20.0,,jduong@lbl.gov,schooner,pass,,2026-07-17 19:04:02.701904,
(91)6c24,10,cotton stem mix,158,47,xrf,ca,24100.0,ppm,2,,38,knife mill (2mm),20.0,,jduong@lbl.gov,schooner,pass,,2026-07-17 19:04:02.701904,
(91)70ce,10,cotton stem mix,158,47,xrf,mn,58.0,ppm,2,,38,knife mill (2mm),20.0,,jduong@lbl.gov,schooner,pass,,2026-07-17 19:04:02.701904,
(91)7a37,10,cotton stem mix,158,47,xrf,fe,860.0,ppm,1,,38,knife mill (2mm),20.0,,jduong@lbl.gov,schooner,pass,,2026-07-17 19:04:02.701904,
(91)7b02,10,cotton stem mix,158,47,xrf,k,35500.0,ppm,1,,38,knife mill (2mm),20.0,,jduong@lbl.gov,schooner,pass,,2026-07-17 19:04:02.701904,
(91)8197,10,cotton stem mix,158,47,xrf,ca,21100.0,ppm,1,,38,knife mill (2mm),20.0,,jduong@lbl.gov,schooner,pass,,2026-07-17 19:04:02.701904,
(91)82fa,10,cotton stem mix,158,47,xrf,mo,7.0,ppm,3,,38,knife mill (2mm),20.0,,jduong@lbl.gov,schooner,fail,other two replicates are <lod,2026-07-17 19:04:02.701904,
(91)94d9,10,cotton stem mix,158,47,xrf,th,63.0,ppm,3,,38,knife mill (2mm),20.0,,jduong@lbl.gov,schooner,pass,,2026-07-17 19:04:02.701904,
(91)9534,10,cotton stem mix,158,47,xrf,ba,26.0,ppm,3,,38,knife mill (2mm),20.0,,jduong@lbl.gov,schooner,pass,,2026-07-17 19:04:02.701904,
(91)98bb,10,cotton stem mix,158,47,xrf,p,2190.0,ppm,2,,38,knife mill (2mm),20.0,,jduong@lbl.gov,schooner,pass,,2026-07-17 19:04:02.701904,
(91)98c2,10,cotton stem mix,158,47,xrf,al,2180.0,ppm,3,,38,knife mill (2mm),20.0,,jduong@lbl.gov,schooner,pass,,2026-07-17 19:04:02.701904,
(91)a060,10,cotton stem mix,158,47,xrf,p,2180.0,ppm,1,,38,knife mill (2mm),20.0,,jduong@lbl.gov,schooner,pass,,2026-07-17 19:04:02.701904,
(91)a4bb,10,cotton stem mix,158,47,xrf,al,2060.0,ppm,2,,38,knife mill (2mm),20.0,,jduong@lbl.gov,schooner,pass,,2026-07-17 19:04:02.701904,
(91)a511,10,cotton stem mix,158,47,xrf,mg,7580.0,ppm,3,,38,knife mill (2mm),20.0,,jduong@lbl.gov,schooner,pass,,2026-07-17 19:04:02.701904,
(91)b1c9,10,cotton stem mix,158,47,xrf,mn,62.0,ppm,1,,38,knife mill (2mm),20.0,,jduong@lbl.gov,schooner,pass,,2026-07-17 19:04:02.701904,
(91)b2d9,10,cotton stem mix,158,47,xrf,k,34300.0,ppm,3,,38,knife mill (2mm),20.0,,jduong@lbl.gov,schooner,pass,,2026-07-17 19:04:02.701904,
(91)b448,10,cotton stem mix,158,47,xrf,s,5580.0,ppm,3,,38,knife mill (2mm),20.0,,jduong@lbl.gov,schooner,pass,,2026-07-17 19:04:02.701904,
(91)b55e,10,cotton stem mix,158,47,xrf,si,7370.0,ppm,3,,38,knife mill (2mm),20.0,,jduong@lbl.gov,schooner,pass,,2026-07-17 19:04:02.701904,
(91)b73b,10,cotton stem mix,158,47,xrf,fe,867.0,ppm,3,,38,knife mill (2mm),20.0,,jduong@lbl.gov,schooner,pass,,2026-07-17 19:04:02.701904,
(91)be9d,10,cotton stem mix,158,47,xrf,pr,66.0,ppm,2,,38,knife mill (2mm),20.0,,jduong@lbl.gov,schooner,fail,other two replicates are <lod,2026-07-17 19:04:02.701904,
(91)cf42,10,cotton stem mix,158,47,xrf,k,34100.0,ppm,2,,38,knife mill (2mm),20.0,,jduong@lbl.gov,schooner,pass,,2026-07-17 19:04:02.701904,
(91)cfd4,10,cotton stem mix,158,47,xrf,rb,16.0,ppm,2,,38,knife mill (2mm),20.0,,jduong@lbl.gov,schooner,pass,,2026-07-17 19:04:02.701904,
(91)d608,10,cotton stem mix,158,47,xrf,u,22.0,ppm,2,,38,knife mill (2mm),20.0,,jduong@lbl.gov,schooner,pass,,2026-07-17 19:04:02.701904,
(91)da82,10,cotton stem mix,158,47,xrf,nd,94.0,ppm,3,,38,knife mill (2mm),20.0,,jduong@lbl.gov,schooner,fail,other two replicates are <lod,2026-07-17 19:04:02.701904,
(91)dc52,10,cotton stem mix,158,47,xrf,la,39.0,ppm,1,,38,knife mill (2mm),20.0,,jduong@lbl.gov,schooner,fail,other two replicates are <lod,2026-07-17 19:04:02.701904,
(91)e39d,10,cotton stem mix,158,47,xrf,sr,100.0,ppm,2,,38,knife mill (2mm),20.0,,jduong@lbl.gov,schooner,pass,,2026-07-17 19:04:02.701904,
(91)e67a,10,cotton stem mix,158,47,xrf,th,59.0,ppm,1,,38,knife mill (2mm),20.0,,jduong@lbl.gov,schooner,pass,,2026-07-17 19:04:02.701904,
(91)e8df,10,cotton stem mix,158,47,xrf,zn,22.0,ppm,2,,38,knife mill (2mm),20.0,,jduong@lbl.gov,schooner,pass,,2026-07-17 19:04:02.701904,
(91)e940,10,cotton stem mix,158,47,xrf,cu,20.0,ppm,3,,38,knife mill (2mm),20.0,,jduong@lbl.gov,schooner,pass,,2026-07-17 19:04:02.701904,
(91)e95b,10,cotton stem mix,158,47,xrf,fe,868.0,ppm,2,,38,knife mill (2mm),20.0,,jduong@lbl.gov,schooner,pass,,2026-07-17 19:04:02.701904,
(91)eb41,10,cotton stem mix,158,47,xrf,u,17.0,ppm,1,,38,knife mill (2mm),20.0,,jduong@lbl.gov,schooner,pass,,2026-07-17 19:04:02.701904,
(91)eef8,10,cotton stem mix,158,47,xrf,ce,52.0,ppm,1,,38,knife mill (2mm),20.0,,jduong@lbl.gov,schooner,pass,,2026-07-17 19:04:02.701904,
(91)efc0,10,cotton stem mix,158,47,xrf,ca,24300.0,ppm,3,,38,knife mill (2mm),20.0,,jduong@lbl.gov,schooner,pass,,2026-07-17 19:04:02.701904,
(91)f07e,10,cotton stem mix,158,47,xrf,mg,6880.0,ppm,1,,38,knife mill (2mm),20.0,,jduong@lbl.gov,schooner,pass,,2026-07-17 19:04:02.701904,
(96)01af,8,rice hulls,151,47,xrf,u,12.0,ppm,3,,38,knife mill (2mm),20.0,,jduong@lbl.gov,sextant,pass,,2026-07-17 19:04:02.701904,
(96)0608,8,rice hulls,151,47,xrf,s,763.0,ppm,1,,38,knife mill (2mm),20.0,,jduong@lbl.gov,sextant,pass,,2026-07-17 19:04:02.701904,
(96)0792,8,rice hulls,151,47,xrf,sr,5.0,ppm,2,,38,knife mill (2mm),20.0,,jduong@lbl.gov,sextant,pass,,2026-07-17 19:04:02.701904,
(96)07e9,8,rice hulls,151,47,xrf,ti,209.0,ppm,3,,38,knife mill (2mm),20.0,,jduong@lbl.gov,sextant,fail,other two replicates are <lod,2026-07-17 19:04:02.701904,
(96)0ae5,8,rice hulls,151,47,xrf,ca,1160.0,ppm,2,,38,knife mill (2mm),20.0,,jduong@lbl.gov,sextant,pass,,2026-07-17 19:04:02.701904,
(96)0b23,8,rice hulls,151,47,xrf,mn,401.0,ppm,3,,38,knife mill (2mm),20.0,,jduong@lbl.gov,sextant,pass,,2026-07-17 19:04:02.701904,
(96)1850,8,rice hulls,151,47,xrf,s,721.0,ppm,2,,38,knife mill (2mm),20.0,,jduong@lbl.gov,sextant,pass,,2026-07-17 19:04:02.701904,
(96)1cd8,8,rice hulls,151,47,xrf,si,160000.0,ppm,3,,38,knife mill (2mm),20.0,,jduong@lbl.gov,sextant,pass,,2026-07-17 19:04:02.701904,
(96)1ea9,8,rice hulls,151,47,xrf,u,14.0,ppm,2,,38,knife mill (2mm),20.0,,jduong@lbl.gov,sextant,pass,,2026-07-17 19:04:02.701904,
(96)2953,8,rice hulls,151,47,xrf,th,43.0,ppm,3,,38,knife mill (2mm),20.0,,jduong@lbl.gov,sextant,pass,,2026-07-17 19:04:02.701904,
(96)2f08,8,rice hulls,151,47,xrf,mn,397.0,ppm,1,,38,knife mill (2mm),20.0,,jduong@lbl.gov,sextant,pass,,2026-07-17 19:04:02.701904,
(96)4256,8,rice hulls,151,47,xrf,fe,167.0,ppm,2,,38,knife mill (2mm),20.0,,jduong@lbl.gov,sextant,pass,,2026-07-17 19:04:02.701904,
(96)4a3d,8,rice hulls,151,47,xrf,nd,119.0,ppm,3,,38,knife mill (2mm),20.0,,jduong@lbl.gov,sextant,fail,other two replicates are <lod,2026-07-17 19:04:02.701904,
(96)4d0c,8,rice hulls,151,47,xrf,ba,27.0,ppm,2,,38,knife mill (2mm),20.0,,jduong@lbl.gov,sextant,pass,,2026-07-17 19:04:02.701904,
(96)5046,8,rice hulls,151,47,xrf,rb,19.0,ppm,1,,38,knife mill (2mm),20.0,,jduong@lbl.gov,sextant,pass,,2026-07-17 19:04:02.701904,
(96)519f,8,rice hulls,151,47,xrf,rb,20.0,ppm,3,,38,knife mill (2mm),20.0,,jduong@lbl.gov,sextant,pass,,2026-07-17 19:04:02.701904,
(96)52ec,8,rice hulls,151,47,xrf,sr,3.0,ppm,1,,38,knife mill (2mm),20.0,,jduong@lbl.gov,sextant,pass,,2026-07-17 19:04:02.701904,
(96)56ef,8,rice hulls,151,47,xrf,fe,160.0,ppm,3,,38,knife mill (2mm),20.0,,jduong@lbl.gov,sextant,pass,,2026-07-17 19:04:02.701904,
(96)580a,8,rice hulls,151,47,xrf,rb,18.0,ppm,2,,38,knife mill (2mm),20.0,,jduong@lbl.gov,sextant,pass,,2026-07-17 19:04:02.701904,
(96)5d93,8,rice hulls,151,47,xrf,zn,30.0,ppm,2,,38,knife mill (2mm),20.0,,jduong@lbl.gov,sextant,pass,,2026-07-17 19:04:02.701904,
(96)5ec1,8,rice hulls,151,47,xrf,p,876.0,ppm,3,,38,knife mill (2mm),20.0,,jduong@lbl.gov,sextant,pass,,2026-07-17 19:04:02.701904,
(96)5f14,8,rice hulls,151,47,xrf,zn,28.0,ppm,1,,38,knife mill (2mm),20.0,,jduong@lbl.gov,sextant,pass,,2026-07-17 19:04:02.701904,
(96)5f1d,8,rice hulls,151,47,xrf,k,8210.0,ppm,1,,38,knife mill (2mm),20.0,,jduong@lbl.gov,sextant,pass,,2026-07-17 19:04:02.701904,
(96)62f0,8,rice hulls,151,47,xrf,pr,76.0,ppm,3,,38,knife mill (2mm),20.0,,jduong@lbl.gov,sextant,pass,,2026-07-17 19:04:02.701904,
(96)7037,8,rice hulls,151,47,xrf,al,550.0,ppm,1,,38,knife mill (2mm),20.0,,jduong@lbl.gov,sextant,fail,other two replicates are <lod,2026-07-17 19:04:02.701904,
(96)784a,8,rice hulls,151,47,xrf,k,7780.0,ppm,3,,38,knife mill (2mm),20.0,,jduong@lbl.gov,sextant,pass,,2026-07-17 19:04:02.701904,
(96)7e83,8,rice hulls,151,47,xrf,pr,80.0,ppm,2,,38,knife mill (2mm),20.0,,jduong@lbl.gov,sextant,pass,,2026-07-17 19:04:02.701904,
(96)8280,8,rice hulls,151,47,xrf,cu,6.0,ppm,1,,38,knife mill (2mm),20.0,,jduong@lbl.gov,sextant,pass,,2026-07-17 19:04:02.701904,
(96)85ec,8,rice hulls,151,47,xrf,cu,11.0,ppm,3,,38,knife mill (2mm),20.0,,jduong@lbl.gov,sextant,pass,,2026-07-17 19:04:02.701904,
(96)8dd6,8,rice hulls,151,47,xrf,u,13.0,ppm,1,,38,knife mill (2mm),20.0,,jduong@lbl.gov,sextant,pass,,2026-07-17 19:04:02.701904,
(96)98cb,8,rice hulls,151,47,xrf,mn,382.0,ppm,2,,38,knife mill (2mm),20.0,,jduong@lbl.gov,sextant,pass,,2026-07-17 19:04:02.701904,
(96)b45f,8,rice hulls,151,47,xrf,sr,3.0,ppm,3,,38,knife mill (2mm),20.0,,jduong@lbl.gov,sextant,pass,,2026-07-17 19:04:02.701904,
(96)bae6,8,rice hulls,151,47,xrf,si,152000.0,ppm,1,,38,knife mill (2mm),20.0,,jduong@lbl.gov,sextant,pass,,2026-07-17 19:04:02.701904,
(96)be54,8,rice hulls,151,47,xrf,cu,9.0,ppm,2,,38,knife mill (2mm),20.0,,jduong@lbl.gov,sextant,pass,,2026-07-17 19:04:02.701904,
(96)c0f2,8,rice hulls,151,47,xrf,th,44.0,ppm,1,,38,knife mill (2mm),20.0,,jduong@lbl.gov,sextant,pass,,2026-07-17 19:04:02.701904,
(96)c851,8,rice hulls,151,47,xrf,ca,1150.0,ppm,3,,38,knife mill (2mm),20.0,,jduong@lbl.gov,sextant,pass,,2026-07-17 19:04:02.701904,
(96)c986,8,rice hulls,151,47,xrf,ba,25.0,ppm,1,,38,knife mill (2mm),20.0,,jduong@lbl.gov,sextant,pass,,2026-07-17 19:04:02.701904,
(96)ccf6,8,rice hulls,151,47,xrf,p,1060.0,ppm,1,,38,knife mill (2mm),20.0,,jduong@lbl.gov,sextant,pass,,2026-07-17 19:04:02.701904,
(96)d3a4,8,rice hulls,151,47,xrf,si,161000.0,ppm,2,,38,knife mill (2mm),20.0,,jduong@lbl.gov,sextant,pass,,2026-07-17 19:04:02.701904,
(96)dac2,8,rice hulls,151,47,xrf,k,7820.0,ppm,2,,38,knife mill (2mm),20.0,,jduong@lbl.gov,sextant,pass,,2026-07-17 19:04:02.701904,
(96)de4f,8,rice hulls,151,47,xrf,ce,58.0,ppm,2,,38,knife mill (2mm),20.0,,jduong@lbl.gov,sextant,fail,other two replicates are <lod,2026-07-17 19:04:02.701904,
(96)e05d,8,rice hulls,151,47,xrf,ca,1210.0,ppm,1,,38,knife mill (2mm),20.0,,jduong@lbl.gov,sextant,pass,,2026-07-17 19:04:02.701904,
(96)e984,8,rice hulls,151,47,xrf,fe,173.0,ppm,1,,38,knife mill (2mm),20.0,,jduong@lbl.gov,sextant,pass,,2026-07-17 19:04:02.701904,
(96)ea2c,8,rice hulls,151,47,xrf,th,45.0,ppm,2,,38,knife mill (2mm),20.0,,jduong@lbl.gov,sextant,pass,,2026-07-17 19:04:02.701904,
(96)f1e5,8,rice hulls,151,47,xrf,s,651.0,ppm,3,,38,knife mill (2mm),20.0,,jduong@lbl.gov,sextant,pass,,2026-07-17 19:04:02.701904,
(96)f340,8,rice hulls,151,47,xrf,zn,29.0,ppm,3,,38,knife mill (2mm),20.0,,jduong@lbl.gov,sextant,pass,,2026-07-17 19:04:02.701904,
(96)f408,8,rice hulls,151,47,xrf,p,887.0,ppm,2,,38,knife mill (2mm),20.0,,jduong@lbl.gov,sextant,pass,,2026-07-17 19:04:02.701904,
(96)f7d3,8,rice hulls,151,47,xrf,la,51.0,ppm,2,,38,knife mill (2mm),20.0,,jduong@lbl.gov,sextant,fail,other two replicates are <lod,2026-07-17 19:04:02.701904,
(99)0a57,31,almond shells,38,46,xrf,sn,0.0,ppm,1,,39,as is,14.0,,xkang2@lbl.gov,vibrant,provisional,,2026-07-17 19:04:02.701904,
(99)0a89,31,almond shells,38,46,xrf,la,0.0,ppm,1,,39,as is,14.0,,xkang2@lbl.gov,vibrant,provisional,,2026-07-17 19:04:02.701904,
(99)0dae,31,almond shells,38,46,xrf,rb,12.0,ppm,1,,39,as is,14.0,,xkang2@lbl.gov,vibrant,provisional,,2026-07-17 19:04:02.701904,
(99)170a,31,almond shells,38,46,xrf,ce,51.0,ppm,1,,39,as is,14.0,,xkang2@lbl.gov,vibrant,provisional,,2026-07-17 19:04:02.701904,
(99)1c59,31,almond shells,38,46,xrf,si,19200.0,ppm,1,,39,as is,14.0,,xkang2@lbl.gov,vibrant,provisional,,2026-07-17 19:04:02.701904,
(99)2ba3,31,almond shells,38,46,xrf,cr,0.0,ppm,1,,39,as is,14.0,,xkang2@lbl.gov,vibrant,provisional,,2026-07-17 19:04:02.701904,
(99)2ccc,31,almond shells,38,46,xrf,as,0.0,ppm,1,,39,as is,14.0,,xkang2@lbl.gov,vibrant,provisional,,2026-07-17 19:04:02.701904,
(99)334b,31,almond shells,38,46,xrf,hg,0.0,ppm,1,,39,as is,14.0,,xkang2@lbl.gov,vibrant,provisional,,2026-07-17 19:04:02.701904,
(99)3688,31,almond shells,38,46,xrf,co,0.0,ppm,1,,39,as is,14.0,,xkang2@lbl.gov,vibrant,provisional,,2026-07-17 19:04:02.701904,
(99)3dac,31,almond shells,38,46,xrf,zr,0.0,ppm,1,,39,as is,14.0,,xkang2@lbl.gov,vibrant,provisional,,2026-07-17 19:04:02.701904,
(99)419d,31,almond shells,38,46,xrf,ba,0.0,ppm,1,,39,as is,14.0,,xkang2@lbl.gov,vibrant,provisional,,2026-07-17 19:04:02.701904,
(99)4204,31,almond shells,38,46,xrf,sr,19.0,ppm,1,,39,as is,14.0,,xkang2@lbl.gov,vibrant,provisional,,2026-07-17 19:04:02.701904,
(99)4e1c,31,almond shells,38,46,xrf,mo,0.0,ppm,1,,39,as is,14.0,,xkang2@lbl.gov,vibrant,provisional,,2026-07-17 19:04:02.701904,
(99)5025,31,almond shells,38,46,xrf,ti,382.0,ppm,1,,39,as is,14.0,,xkang2@lbl.gov,vibrant,provisional,,2026-07-17 19:04:02.701904,
(99)54f5,31,almond shells,38,46,xrf,se,0.0,ppm,1,,39,as is,14.0,,xkang2@lbl.gov,vibrant,provisional,,2026-07-17 19:04:02.701904,
(99)6183,31,almond shells,38,46,xrf,nb,0.0,ppm,1,,39,as is,14.0,,xkang2@lbl.gov,vibrant,provisional,,2026-07-17 19:04:02.701904,
(99)61ce,31,almond shells,38,46,xrf,ni,0.0,ppm,1,,39,as is,14.0,,xkang2@lbl.gov,vibrant,provisional,,2026-07-17 19:04:02.701904,
(99)69cc,31,almond shells,38,46,xrf,pb,5.0,ppm,1,,39,as is,14.0,,xkang2@lbl.gov,vibrant,provisional,,2026-07-17 19:04:02.701904,
(99)6e06,31,almond shells,38,46,xrf,pr,64.0,ppm,1,,39,as is,14.0,,xkang2@lbl.gov,vibrant,provisional,,2026-07-17 19:04:02.701904,
(99)701a,31,almond shells,38,46,xrf,ca,4710.0,ppm,1,,39,as is,14.0,,xkang2@lbl.gov,vibrant,provisional,,2026-07-17 19:04:02.701904,
(99)7363,31,almond shells,38,46,xrf,nd,98.0,ppm,1,,39,as is,14.0,,xkang2@lbl.gov,vibrant,provisional,,2026-07-17 19:04:02.701904,
(99)7d3d,31,almond shells,38,46,xrf,cu,14.0,ppm,1,,39,as is,14.0,,xkang2@lbl.gov,vibrant,provisional,,2026-07-17 19:04:02.701904,
(99)7d66,31,almond shells,38,46,xrf,v,0.0,ppm,1,,39,as is,14.0,,xkang2@lbl.gov,vibrant,provisional,,2026-07-17 19:04:02.701904,
(99)9b2d,31,almond shells,38,46,xrf,zn,28.0,ppm,1,,39,as is,14.0,,xkang2@lbl.gov,vibrant,provisional,,2026-07-17 19:04:02.701904,
(99)a550,31,almond shells,38,46,xrf,al,6290.0,ppm,1,,39,as is,14.0,,xkang2@lbl.gov,vibrant,provisional,,2026-07-17 19:04:02.701904,
(99)ab09,31,almond shells,38,46,xrf,mg,0.0,ppm,1,,39,as is,14.0,,xkang2@lbl.gov,vibrant,provisional,,2026-07-17 19:04:02.701904,
(99)ab96,31,almond shells,38,46,xrf,mn,38.0,ppm,1,,39,as is,14.0,,xkang2@lbl.gov,vibrant,provisional,,2026-07-17 19:04:02.701904,
(99)ac31,31,almond shells,38,46,xrf,bi,0.0,ppm,1,,39,as is,14.0,,xkang2@lbl.gov,vibrant,provisional,,2026-07-17 19:04:02.701904,
(99)aebc,31,almond shells,38,46,xrf,sb,0.0,ppm,1,,39,as is,14.0,,xkang2@lbl.gov,vibrant,provisional,,2026-07-17 19:04:02.701904,
(99)b2d7,31,almond shells,38,46,xrf,k,19500.0,ppm,1,,39,as is,14.0,,xkang2@lbl.gov,vibrant,provisional,,2026-07-17 19:04:02.701904,
(99)bb44,31,almond shells,38,46,xrf,y,0.0,ppm,1,,39,as is,14.0,,xkang2@lbl.gov,vibrant,provisional,,2026-07-17 19:04:02.701904,
(99)c0f7,31,almond shells,38,46,xrf,th,64.0,ppm,1,,39,as is,14.0,,xkang2@lbl.gov,vibrant,provisional,,2026-07-17 19:04:02.701904,
(99)cc39,31,almond shells,38,46,xrf,cd,0.0,ppm,1,,39,as is,14.0,,xkang2@lbl.gov,vibrant,provisional,,2026-07-17 19:04:02.701904,
(99)d168,31,almond shells,38,46,xrf,w,0.0,ppm,1,,39,as is,14.0,,xkang2@lbl.gov,vibrant,provisional,,2026-07-17 19:04:02.701904,
(99)d19e,31,almond shells,38,46,xrf,p,745.0,ppm,1,,39,as is,14.0,,xkang2@lbl.gov,vibrant,provisional,,2026-07-17 19:04:02.701904,
(99)d794,31,almond shells,38,46,xrf,fe,822.0,ppm,1,,39,as is,14.0,,xkang2@lbl.gov,vibrant,provisional,,2026-07-17 19:04:02.701904,
(99)e65f,31,almond shells,38,46,xrf,u,20.0,ppm,1,,39,as is,14.0,,xkang2@lbl.gov,vibrant,provisional,,2026-07-17 19:04:02.701904,
(99)ee86,31,almond shells,38,46,xrf,s,532.0,ppm,1,,39,as is,14.0,,xkang2@lbl.gov,vibrant,provisional,,2026-07-17 19:04:02.701904,
(99)f094,31,almond shells,38,46,xrf,ag,0.0,ppm,1,,39,as is,14.0,,xkang2@lbl.gov,vibrant,provisional,,2026-07-17 19:04:02.701904,
(a0)0699,14,olive stems / leaves,165,47,xrf,k,13900.0,ppm,3,,33,oven dry + knife mill (2mm),20.0,,jduong@lbl.gov,excellent,pass,,2026-07-17 19:04:02.701904,
(a0)0d8a,14,olive stems / leaves,165,47,xrf,fe,209.0,ppm,2,,33,oven dry + knife mill (2mm),20.0,,jduong@lbl.gov,excellent,pass,,2026-07-17 19:04:02.701904,
(a0)103a,14,olive stems / leaves,165,47,xrf,mn,44.0,ppm,2,,33,oven dry + knife mill (2mm),20.0,,jduong@lbl.gov,excellent,pass,,2026-07-17 19:04:02.701904,
(a0)160a,14,olive stems / leaves,165,47,xrf,ti,153.0,ppm,1,,33,oven dry + knife mill (2mm),20.0,,jduong@lbl.gov,excellent,pass,,2026-07-17 19:04:02.701904,
(a0)17f2,14,olive stems / leaves,165,47,xrf,u,13.0,ppm,3,,33,oven dry + knife mill (2mm),20.0,,jduong@lbl.gov,excellent,pass,,2026-07-17 19:04:02.701904,
(a0)1fc0,14,olive stems / leaves,165,47,xrf,si,1500.0,ppm,2,,33,oven dry + knife mill (2mm),20.0,,jduong@lbl.gov,excellent,pass,,2026-07-17 19:04:02.701904,
(a0)207e,14,olive stems / leaves,165,47,xrf,mo,4.0,ppm,3,,33,oven dry + knife mill (2mm),20.0,,jduong@lbl.gov,excellent,pass,,2026-07-17 19:04:02.701904,
(a0)21ce,14,olive stems / leaves,165,47,xrf,ca,6960.0,ppm,2,,33,oven dry + knife mill (2mm),20.0,,jduong@lbl.gov,excellent,pass,,2026-07-17 19:04:02.701904,
(a0)2357,14,olive stems / leaves,165,47,xrf,sr,34.0,ppm,2,,33,oven dry + knife mill (2mm),20.0,,jduong@lbl.gov,excellent,pass,,2026-07-17 19:04:02.701904,
(a0)27d1,14,olive stems / leaves,165,47,xrf,p,1530.0,ppm,3,,33,oven dry + knife mill (2mm),20.0,,jduong@lbl.gov,excellent,pass,,2026-07-17 19:04:02.701904,
(a0)30bb,14,olive stems / leaves,165,47,xrf,k,13800.0,ppm,2,,33,oven dry + knife mill (2mm),20.0,,jduong@lbl.gov,excellent,pass,,2026-07-17 19:04:02.701904,
(a0)30dd,14,olive stems / leaves,165,47,xrf,cu,87.0,ppm,1,,33,oven dry + knife mill (2mm),20.0,,jduong@lbl.gov,excellent,pass,,2026-07-17 19:04:02.701904,
(a0)321b,14,olive stems / leaves,165,47,xrf,zn,34.0,ppm,2,,33,oven dry + knife mill (2mm),20.0,,jduong@lbl.gov,excellent,pass,,2026-07-17 19:04:02.701904,
(a0)33b6,14,olive stems / leaves,165,47,xrf,p,1560.0,ppm,2,,33,oven dry + knife mill (2mm),20.0,,jduong@lbl.gov,excellent,pass,,2026-07-17 19:04:02.701904,
(a0)37e6,14,olive stems / leaves,165,47,xrf,cu,90.0,ppm,3,,33,oven dry + knife mill (2mm),20.0,,jduong@lbl.gov,excellent,pass,,2026-07-17 19:04:02.701904,
(a0)47ab,14,olive stems / leaves,165,47,xrf,u,13.0,ppm,2,,33,oven dry + knife mill (2mm),20.0,,jduong@lbl.gov,excellent,pass,,2026-07-17 19:04:02.701904,
(a0)48a6,14,olive stems / leaves,165,47,xrf,k,13800.0,ppm,1,,33,oven dry + knife mill (2mm),20.0,,jduong@lbl.gov,excellent,pass,,2026-07-17 19:04:02.701904,
(a0)4ac8,14,olive stems / leaves,165,47,xrf,s,1210.0,ppm,2,,33,oven dry + knife mill (2mm),20.0,,jduong@lbl.gov,excellent,pass,,2026-07-17 19:04:02.701904,
(a0)522a,14,olive stems / leaves,165,47,xrf,s,1220.0,ppm,3,,33,oven dry + knife mill (2mm),20.0,,jduong@lbl.gov,excellent,pass,,2026-07-17 19:04:02.701904,
(a0)5627,14,olive stems / leaves,165,47,xrf,ce,76.0,ppm,3,,33,oven dry + knife mill (2mm),20.0,,jduong@lbl.gov,excellent,pass,,2026-07-17 19:04:02.701904,
(a0)5a5f,14,olive stems / leaves,165,47,xrf,fe,208.0,ppm,3,,33,oven dry + knife mill (2mm),20.0,,jduong@lbl.gov,excellent,pass,,2026-07-17 19:04:02.701904,
(a0)6374,14,olive stems / leaves,165,47,xrf,rb,47.0,ppm,2,,33,oven dry + knife mill (2mm),20.0,,jduong@lbl.gov,excellent,pass,,2026-07-17 19:04:02.701904,
(a0)6722,14,olive stems / leaves,165,47,xrf,ti,156.0,ppm,3,,33,oven dry + knife mill (2mm),20.0,,jduong@lbl.gov,excellent,pass,,2026-07-17 19:04:02.701904,
(a0)6a7f,14,olive stems / leaves,165,47,xrf,zn,32.0,ppm,1,,33,oven dry + knife mill (2mm),20.0,,jduong@lbl.gov,excellent,pass,,2026-07-17 19:04:02.701904,
(a0)6f72,14,olive stems / leaves,165,47,xrf,ca,6490.0,ppm,1,,33,oven dry + knife mill (2mm),20.0,,jduong@lbl.gov,excellent,pass,,2026-07-17 19:04:02.701904,
(a0)6fa9,14,olive stems / leaves,165,47,xrf,fe,209.0,ppm,1,,33,oven dry + knife mill (2mm),20.0,,jduong@lbl.gov,excellent,pass,,2026-07-17 19:04:02.701904,
(a0)771f,14,olive stems / leaves,165,47,xrf,mo,4.0,ppm,2,,33,oven dry + knife mill (2mm),20.0,,jduong@lbl.gov,excellent,pass,,2026-07-17 19:04:02.701904,
(a0)7843,14,olive stems / leaves,165,47,xrf,zn,29.0,ppm,3,,33,oven dry + knife mill (2mm),20.0,,jduong@lbl.gov,excellent,pass,,2026-07-17 19:04:02.701904,
(a0)7a26,14,olive stems / leaves,165,47,xrf,sr,34.0,ppm,3,,33,oven dry + knife mill (2mm),20.0,,jduong@lbl.gov,excellent,pass,,2026-07-17 19:04:02.701904,
(a0)807c,14,olive stems / leaves,165,47,xrf,ce,63.0,ppm,1,,33,oven dry + knife mill (2mm),20.0,,jduong@lbl.gov,excellent,pass,,2026-07-17 19:04:02.701904,
(a0)8087,14,olive stems / leaves,165,47,xrf,ti,162.0,ppm,2,,33,oven dry + knife mill (2mm),20.0,,jduong@lbl.gov,excellent,pass,,2026-07-17 19:04:02.701904,
(a0)859b,14,olive stems / leaves,165,47,xrf,ca,6980.0,ppm,3,,33,oven dry + knife mill (2mm),20.0,,jduong@lbl.gov,excellent,pass,,2026-07-17 19:04:02.701904,
(a0)85c6,14,olive stems / leaves,165,47,xrf,si,1850.0,ppm,1,,33,oven dry + knife mill (2mm),20.0,,jduong@lbl.gov,excellent,pass,,2026-07-17 19:04:02.701904,
(a0)86de,14,olive stems / leaves,165,47,xrf,th,40.0,ppm,3,,33,oven dry + knife mill (2mm),20.0,,jduong@lbl.gov,excellent,pass,,2026-07-17 19:04:02.701904,
(a0)8ef9,14,olive stems / leaves,165,47,xrf,ce,64.0,ppm,2,,33,oven dry + knife mill (2mm),20.0,,jduong@lbl.gov,excellent,pass,,2026-07-17 19:04:02.701904,
(a0)904b,14,olive stems / leaves,165,47,xrf,u,14.0,ppm,1,,33,oven dry + knife mill (2mm),20.0,,jduong@lbl.gov,excellent,pass,,2026-07-17 19:04:02.701904,
(a0)9410,14,olive stems / leaves,165,47,xrf,ba,37.0,ppm,2,,33,oven dry + knife mill (2mm),20.0,,jduong@lbl.gov,excellent,pass,,2026-07-17 19:04:02.701904,
(a0)a1f6,14,olive stems / leaves,165,47,xrf,th,39.0,ppm,1,,33,oven dry + knife mill (2mm),20.0,,jduong@lbl.gov,excellent,pass,,2026-07-17 19:04:02.701904,
(a0)a755,14,olive stems / leaves,165,47,xrf,mg,4260.0,ppm,3,,33,oven dry + knife mill (2mm),20.0,,jduong@lbl.gov,excellent,pass,,2026-07-17 19:04:02.701904,
(a0)ad97,14,olive stems / leaves,165,47,xrf,sr,33.0,ppm,1,,33,oven dry + knife mill (2mm),20.0,,jduong@lbl.gov,excellent,pass,,2026-07-17 19:04:02.701904,
(a0)ae85,14,olive stems / leaves,165,47,xrf,s,1120.0,ppm,1,,33,oven dry + knife mill (2mm),20.0,,jduong@lbl.gov,excellent,pass,,2026-07-17 19:04:02.701904,
(a0)b72b,14,olive stems / leaves,165,47,xrf,mo,4.0,ppm,1,,33,oven dry + knife mill (2mm),20.0,,jduong@lbl.gov,excellent,pass,,2026-07-17 19:04:02.701904,
(a0)c009,14,olive stems / leaves,165,47,xrf,p,1530.0,ppm,1,,33,oven dry + knife mill (2mm),20.0,,jduong@lbl.gov,excellent,pass,,2026-07-17 19:04:02.701904,
(a0)c3e3,14,olive stems / leaves,165,47,xrf,si,1540.0,ppm,3,,33,oven dry + knife mill (2mm),20.0,,jduong@lbl.gov,excellent,pass,,2026-07-17 19:04:02.701904,
(a0)c690,14,olive stems / leaves,165,47,xrf,la,52.0,ppm,2,,33,oven dry + knife mill (2mm),20.0,,jduong@lbl.gov,excellent,pass,,2026-07-17 19:04:02.701904,
(a0)c9e0,14,olive stems / leaves,165,47,xrf,mg,3610.0,ppm,1,,33,oven dry + knife mill (2mm),20.0,,jduong@lbl.gov,excellent,pass,,2026-07-17 19:04:02.701904,
(a0)d0fd,14,olive stems / leaves,165,47,xrf,ba,31.0,ppm,3,,33,oven dry + knife mill (2mm),20.0,,jduong@lbl.gov,excellent,pass,,2026-07-17 19:04:02.701904,
(a0)d795,14,olive stems / leaves,165,47,xrf,mg,4660.0,ppm,2,,33,oven dry + knife mill (2mm),20.0,,jduong@lbl.gov,excellent,pass,,2026-07-17 19:04:02.701904,
(a0)d828,14,olive stems / leaves,165,47,xrf,al,719.0,ppm,1,,33,oven dry + knife mill (2mm),20.0,,jduong@lbl.gov,excellent,fail,other two replicates are <lod,2026-07-17 19:04:02.701904,
(a0)dfc6,14,olive stems / leaves,165,47,xrf,pb,3.0,ppm,1,,33,oven dry + knife mill (2mm),20.0,,jduong@lbl.gov,excellent,fail,other two replicates are <lod,2026-07-17 19:04:02.701904,
(a0)e445,14,olive stems / leaves,165,47,xrf,pr,75.0,ppm,2,,33,oven dry + knife mill (2mm),20.0,,jduong@lbl.gov,excellent,fail,other two replicates are <lod,2026-07-17 19:04:02.701904,
(a0)e544,14,olive stems / leaves,165,47,xrf,mn,21.0,ppm,1,,33,oven dry + knife mill (2mm),20.0,,jduong@lbl.gov,excellent,pass,,2026-07-17 19:04:02.701904,
(a0)eca5,14,olive stems / leaves,165,47,xrf,rb,48.0,ppm,1,,33,oven dry + knife mill (2mm),20.0,,jduong@lbl.gov,excellent,pass,,2026-07-17 19:04:02.701904,
(a0)ed80,14,olive stems / leaves,165,47,xrf,rb,46.0,ppm,3,,33,oven dry + knife mill (2mm),20.0,,jduong@lbl.gov,excellent,pass,,2026-07-17 19:04:02.701904,
(a0)f5b5,14,olive stems / leaves,165,47,xrf,cu,91.0,ppm,2,,33,oven dry + knife mill (2mm),20.0,,jduong@lbl.gov,excellent,pass,,2026-07-17 19:04:02.701904,
(a0)fbf9,14,olive stems / leaves,165,47,xrf,th,40.0,ppm,2,,33,oven dry + knife mill (2mm),20.0,,jduong@lbl.gov,excellent,pass,,2026-07-17 19:04:02.701904,
(a0)fd19,14,olive stems / leaves,165,47,xrf,mn,39.0,ppm,3,,33,oven dry + knife mill (2mm),20.0,,jduong@lbl.gov,excellent,pass,,2026-07-17 19:04:02.701904,
(a2)002d,31,almond shells,143,47,xrf,cu,14.0,ppm,3,,38,knife mill (2mm),20.0,,jduong@lbl.gov,tiny,pass,,2026-07-17 19:04:02.701904,
(a2)05da,31,almond shells,143,47,xrf,u,17.0,ppm,3,,38,knife mill (2mm),20.0,,jduong@lbl.gov,tiny,pass,,2026-07-17 19:04:02.701904,
(a2)0c6a,31,almond shells,143,47,xrf,si,4170.0,ppm,3,,38,knife mill (2mm),20.0,,jduong@lbl.gov,tiny,pass,,2026-07-17 19:04:02.701904,
(a2)123a,31,almond shells,143,47,xrf,si,4100.0,ppm,1,,38,knife mill (2mm),20.0,,jduong@lbl.gov,tiny,pass,,2026-07-17 19:04:02.701904,
(a2)13c1,31,almond shells,143,47,xrf,fe,349.0,ppm,1,,38,knife mill (2mm),20.0,,jduong@lbl.gov,tiny,pass,,2026-07-17 19:04:02.701904,
(a2)140b,31,almond shells,143,47,xrf,mn,39.0,ppm,2,,38,knife mill (2mm),20.0,,jduong@lbl.gov,tiny,pass,,2026-07-17 19:04:02.701904,
(a2)1bf3,31,almond shells,143,47,xrf,k,40600.0,ppm,2,,38,knife mill (2mm),20.0,,jduong@lbl.gov,tiny,pass,,2026-07-17 19:04:02.701904,
(a2)1c54,31,almond shells,143,47,xrf,ti,210.0,ppm,3,,38,knife mill (2mm),20.0,,jduong@lbl.gov,tiny,pass,,2026-07-17 19:04:02.701904,
(a2)1e20,31,almond shells,143,47,xrf,k,40500.0,ppm,3,,38,knife mill (2mm),20.0,,jduong@lbl.gov,tiny,pass,,2026-07-17 19:04:02.701904,
(a2)1e71,31,almond shells,143,47,xrf,sr,24.0,ppm,2,,38,knife mill (2mm),20.0,,jduong@lbl.gov,tiny,pass,,2026-07-17 19:04:02.701904,
(a2)203e,31,almond shells,143,47,xrf,u,15.0,ppm,2,,38,knife mill (2mm),20.0,,jduong@lbl.gov,tiny,pass,,2026-07-17 19:04:02.701904,
(a2)2648,31,almond shells,143,47,xrf,cu,13.0,ppm,2,,38,knife mill (2mm),20.0,,jduong@lbl.gov,tiny,pass,,2026-07-17 19:04:02.701904,
(a2)26f5,31,almond shells,143,47,xrf,p,1320.0,ppm,3,,38,knife mill (2mm),20.0,,jduong@lbl.gov,tiny,pass,,2026-07-17 19:04:02.701904,
(a2)2d46,31,almond shells,143,47,xrf,mn,37.0,ppm,3,,38,knife mill (2mm),20.0,,jduong@lbl.gov,tiny,pass,,2026-07-17 19:04:02.701904,
(a2)2f1a,31,almond shells,143,47,xrf,si,4280.0,ppm,2,,38,knife mill (2mm),20.0,,jduong@lbl.gov,tiny,pass,,2026-07-17 19:04:02.701904,
(a2)3109,31,almond shells,143,47,xrf,pr,52.0,ppm,1,,38,knife mill (2mm),20.0,,jduong@lbl.gov,tiny,fail,other two replicates are <lod,2026-07-17 19:04:02.701904,
(a2)3726,31,almond shells,143,47,xrf,mn,48.0,ppm,1,,38,knife mill (2mm),20.0,,jduong@lbl.gov,tiny,pass,,2026-07-17 19:04:02.701904,
(a2)3ada,31,almond shells,143,47,xrf,al,1020.0,ppm,2,,38,knife mill (2mm),20.0,,jduong@lbl.gov,tiny,pass,,2026-07-17 19:04:02.701904,
(a2)3c76,31,almond shells,143,47,xrf,th,51.0,ppm,2,,38,knife mill (2mm),20.0,,jduong@lbl.gov,tiny,pass,,2026-07-17 19:04:02.701904,
(a2)409e,31,almond shells,143,47,xrf,zn,16.0,ppm,2,,38,knife mill (2mm),20.0,,jduong@lbl.gov,tiny,pass,,2026-07-17 19:04:02.701904,
(a2)4986,31,almond shells,143,47,xrf,ca,3200.0,ppm,2,,38,knife mill (2mm),20.0,,jduong@lbl.gov,tiny,pass,,2026-07-17 19:04:02.701904,
(a2)4b51,31,almond shells,143,47,xrf,ca,3130.0,ppm,3,,38,knife mill (2mm),20.0,,jduong@lbl.gov,tiny,pass,,2026-07-17 19:04:02.701904,
(a2)534d,31,almond shells,143,47,xrf,cu,13.0,ppm,1,,38,knife mill (2mm),20.0,,jduong@lbl.gov,tiny,pass,,2026-07-17 19:04:02.701904,
(a2)555d,31,almond shells,143,47,xrf,ca,3130.0,ppm,1,,38,knife mill (2mm),20.0,,jduong@lbl.gov,tiny,pass,,2026-07-17 19:04:02.701904,
(a2)5c98,31,almond shells,143,47,xrf,ti,246.0,ppm,1,,38,knife mill (2mm),20.0,,jduong@lbl.gov,tiny,pass,,2026-07-17 19:04:02.701904,
(a2)610c,31,almond shells,143,47,xrf,pb,4.0,ppm,2,,38,knife mill (2mm),20.0,,jduong@lbl.gov,tiny,pass,,2026-07-17 19:04:02.701904,
(a2)6337,31,almond shells,143,47,xrf,ba,28.0,ppm,2,,38,knife mill (2mm),20.0,,jduong@lbl.gov,tiny,fail,other two replicates are <lod,2026-07-17 19:04:02.701904,
(a2)715a,31,almond shells,143,47,xrf,rb,18.0,ppm,1,,38,knife mill (2mm),20.0,,jduong@lbl.gov,tiny,pass,,2026-07-17 19:04:02.701904,
(a2)7349,31,almond shells,143,47,xrf,k,39400.0,ppm,1,,38,knife mill (2mm),20.0,,jduong@lbl.gov,tiny,pass,,2026-07-17 19:04:02.701904,
(a2)761b,31,almond shells,143,47,xrf,p,1410.0,ppm,2,,38,knife mill (2mm),20.0,,jduong@lbl.gov,tiny,pass,,2026-07-17 19:04:02.701904,
(a2)7a0d,31,almond shells,143,47,xrf,sr,23.0,ppm,3,,38,knife mill (2mm),20.0,,jduong@lbl.gov,tiny,pass,,2026-07-17 19:04:02.701904,
(a2)892f,31,almond shells,143,47,xrf,zn,15.0,ppm,1,,38,knife mill (2mm),20.0,,jduong@lbl.gov,tiny,pass,,2026-07-17 19:04:02.701904,
(a2)91a0,31,almond shells,143,47,xrf,s,610.0,ppm,1,,38,knife mill (2mm),20.0,,jduong@lbl.gov,tiny,pass,,2026-07-17 19:04:02.701904,
(a2)930e,31,almond shells,143,47,xrf,fe,343.0,ppm,2,,38,knife mill (2mm),20.0,,jduong@lbl.gov,tiny,pass,,2026-07-17 19:04:02.701904,
(a2)9b59,31,almond shells,143,47,xrf,s,587.0,ppm,3,,38,knife mill (2mm),20.0,,jduong@lbl.gov,tiny,pass,,2026-07-17 19:04:02.701904,
(a2)9c87,31,almond shells,143,47,xrf,th,54.0,ppm,1,,38,knife mill (2mm),20.0,,jduong@lbl.gov,tiny,pass,,2026-07-17 19:04:02.701904,
(a2)a207,31,almond shells,143,47,xrf,fe,377.0,ppm,3,,38,knife mill (2mm),20.0,,jduong@lbl.gov,tiny,pass,,2026-07-17 19:04:02.701904,
(a2)a6c3,31,almond shells,143,47,xrf,zn,18.0,ppm,3,,38,knife mill (2mm),20.0,,jduong@lbl.gov,tiny,pass,,2026-07-17 19:04:02.701904,
(a2)b31d,31,almond shells,143,47,xrf,rb,19.0,ppm,2,,38,knife mill (2mm),20.0,,jduong@lbl.gov,tiny,pass,,2026-07-17 19:04:02.701904,
(a2)bb0f,31,almond shells,143,47,xrf,u,13.0,ppm,1,,38,knife mill (2mm),20.0,,jduong@lbl.gov,tiny,pass,,2026-07-17 19:04:02.701904,
(a2)bf24,31,almond shells,143,47,xrf,p,1330.0,ppm,1,,38,knife mill (2mm),20.0,,jduong@lbl.gov,tiny,pass,,2026-07-17 19:04:02.701904,
(a2)c47b,31,almond shells,143,47,xrf,rb,17.0,ppm,3,,38,knife mill (2mm),20.0,,jduong@lbl.gov,tiny,pass,,2026-07-17 19:04:02.701904,
(a2)c72f,31,almond shells,143,47,xrf,pb,3.0,ppm,3,,38,knife mill (2mm),20.0,,jduong@lbl.gov,tiny,pass,,2026-07-17 19:04:02.701904,
(a2)d963,31,almond shells,143,47,xrf,th,48.0,ppm,3,,38,knife mill (2mm),20.0,,jduong@lbl.gov,tiny,pass,,2026-07-17 19:04:02.701904,
(a2)dab7,31,almond shells,143,47,xrf,nd,101.0,ppm,1,,38,knife mill (2mm),20.0,,jduong@lbl.gov,tiny,fail,other two replicates are <lod,2026-07-17 19:04:02.701904,
(a2)e179,31,almond shells,143,47,xrf,al,928.0,ppm,3,,38,knife mill (2mm),20.0,,jduong@lbl.gov,tiny,pass,,2026-07-17 19:04:02.701904,
(a2)e68b,31,almond shells,143,47,xrf,sr,23.0,ppm,1,,38,knife mill (2mm),20.0,,jduong@lbl.gov,tiny,pass,,2026-07-17 19:04:02.701904,
(a2)e84e,31,almond shells,143,47,xrf,s,598.0,ppm,2,,38,knife mill (2mm),20.0,,jduong@lbl.gov,tiny,pass,,2026-07-17 19:04:02.701904,
(a4)099a,10,cotton stem mix,159,47,xrf,mo,6.0,ppm,3,,38,knife mill (2mm),20.0,,jduong@lbl.gov,schooner,pass,,2026-07-17 19:04:02.701904,
(a4)0a2d,10,cotton stem mix,159,47,xrf,pr,63.0,ppm,1,,38,knife mill (2mm),20.0,,jduong@lbl.gov,schooner,pass,,2026-07-17 19:04:02.701904,
(a4)1086,10,cotton stem mix,159,47,xrf,al,4190.0,ppm,3,,38,knife mill (2mm),20.0,,jduong@lbl.gov,schooner,pass,,2026-07-17 19:04:02.701904,
(a4)1216,10,cotton stem mix,159,47,xrf,th,58.0,ppm,2,,38,knife mill (2mm),20.0,,jduong@lbl.gov,schooner,pass,,2026-07-17 19:04:02.701904,
(a4)1e79,10,cotton stem mix,159,47,xrf,rb,23.0,ppm,3,,38,knife mill (2mm),20.0,,jduong@lbl.gov,schooner,pass,,2026-07-17 19:04:02.701904,
(a4)24cb,10,cotton stem mix,159,47,xrf,zn,28.0,ppm,3,,38,knife mill (2mm),20.0,,jduong@lbl.gov,schooner,pass,,2026-07-17 19:04:02.701904,
(a4)2a66,10,cotton stem mix,159,47,xrf,k,36200.0,ppm,1,,38,knife mill (2mm),20.0,,jduong@lbl.gov,schooner,pass,,2026-07-17 19:04:02.701904,
(a4)2dcc,10,cotton stem mix,159,47,xrf,pb,6.0,ppm,1,,38,knife mill (2mm),20.0,,jduong@lbl.gov,schooner,pass,,2026-07-17 19:04:02.701904,
(a4)305b,10,cotton stem mix,159,47,xrf,p,1940.0,ppm,3,,38,knife mill (2mm),20.0,,jduong@lbl.gov,schooner,pass,,2026-07-17 19:04:02.701904,
(a4)3253,10,cotton stem mix,159,47,xrf,rb,22.0,ppm,2,,38,knife mill (2mm),20.0,,jduong@lbl.gov,schooner,pass,,2026-07-17 19:04:02.701904,
(a4)3408,10,cotton stem mix,159,47,xrf,mg,10500.0,ppm,2,,38,knife mill (2mm),20.0,,jduong@lbl.gov,schooner,pass,,2026-07-17 19:04:02.701904,
(a4)356e,10,cotton stem mix,159,47,xrf,si,12600.0,ppm,1,,38,knife mill (2mm),20.0,,jduong@lbl.gov,schooner,pass,,2026-07-17 19:04:02.701904,
(a4)3f8e,10,cotton stem mix,159,47,xrf,cu,14.0,ppm,2,,38,knife mill (2mm),20.0,,jduong@lbl.gov,schooner,pass,,2026-07-17 19:04:02.701904,
(a4)3fdb,10,cotton stem mix,159,47,xrf,y,9.0,ppm,1,,38,knife mill (2mm),20.0,,jduong@lbl.gov,schooner,pass,,2026-07-17 19:04:02.701904,
(a4)4252,10,cotton stem mix,159,47,xrf,k,36400.0,ppm,2,,38,knife mill (2mm),20.0,,jduong@lbl.gov,schooner,pass,,2026-07-17 19:04:02.701904,
(a4)4664,10,cotton stem mix,159,47,xrf,rb,23.0,ppm,1,,38,knife mill (2mm),20.0,,jduong@lbl.gov,schooner,pass,,2026-07-17 19:04:02.701904,
(a4)4dc4,10,cotton stem mix,159,47,xrf,s,4580.0,ppm,1,,38,knife mill (2mm),20.0,,jduong@lbl.gov,schooner,pass,,2026-07-17 19:04:02.701904,
(a4)5fda,10,cotton stem mix,159,47,xrf,mn,90.0,ppm,1,,38,knife mill (2mm),20.0,,jduong@lbl.gov,schooner,pass,,2026-07-17 19:04:02.701904,
(a4)6a3b,10,cotton stem mix,159,47,xrf,th,53.0,ppm,3,,38,knife mill (2mm),20.0,,jduong@lbl.gov,schooner,pass,,2026-07-17 19:04:02.701904,
(a4)6f16,10,cotton stem mix,159,47,xrf,ti,315.0,ppm,3,,38,knife mill (2mm),20.0,,jduong@lbl.gov,schooner,pass,,2026-07-17 19:04:02.701904,
(a4)6fbc,10,cotton stem mix,159,47,xrf,sr,106.0,ppm,2,,38,knife mill (2mm),20.0,,jduong@lbl.gov,schooner,pass,,2026-07-17 19:04:02.701904,
(a4)71f8,10,cotton stem mix,159,47,xrf,ce,41.0,ppm,3,,38,knife mill (2mm),20.0,,jduong@lbl.gov,schooner,pass,,2026-07-17 19:04:02.701904,
(a4)786b,10,cotton stem mix,159,47,xrf,s,4810.0,ppm,2,,38,knife mill (2mm),20.0,,jduong@lbl.gov,schooner,pass,,2026-07-17 19:04:02.701904,
(a4)7c64,10,cotton stem mix,159,47,xrf,u,19.0,ppm,3,,38,knife mill (2mm),20.0,,jduong@lbl.gov,schooner,pass,,2026-07-17 19:04:02.701904,
(a4)862f,10,cotton stem mix,159,47,xrf,s,4730.0,ppm,3,,38,knife mill (2mm),20.0,,jduong@lbl.gov,schooner,pass,,2026-07-17 19:04:02.701904,
(a4)8a90,10,cotton stem mix,159,47,xrf,p,1930.0,ppm,1,,38,knife mill (2mm),20.0,,jduong@lbl.gov,schooner,pass,,2026-07-17 19:04:02.701904,
(a4)8afa,10,cotton stem mix,159,47,xrf,mn,89.0,ppm,2,,38,knife mill (2mm),20.0,,jduong@lbl.gov,schooner,pass,,2026-07-17 19:04:02.701904,
(a4)8be4,10,cotton stem mix,159,47,xrf,sr,108.0,ppm,1,,38,knife mill (2mm),20.0,,jduong@lbl.gov,schooner,pass,,2026-07-17 19:04:02.701904,
(a4)8c17,10,cotton stem mix,159,47,xrf,sr,104.0,ppm,3,,38,knife mill (2mm),20.0,,jduong@lbl.gov,schooner,pass,,2026-07-17 19:04:02.701904,
(a4)92ee,10,cotton stem mix,159,47,xrf,fe,2240.0,ppm,2,,38,knife mill (2mm),20.0,,jduong@lbl.gov,schooner,pass,,2026-07-17 19:04:02.701904,
(a4)95e6,10,cotton stem mix,159,47,xrf,ce,43.0,ppm,2,,38,knife mill (2mm),20.0,,jduong@lbl.gov,schooner,pass,,2026-07-17 19:04:02.701904,
(a4)97ca,10,cotton stem mix,159,47,xrf,pb,6.0,ppm,2,,38,knife mill (2mm),20.0,,jduong@lbl.gov,schooner,pass,,2026-07-17 19:04:02.701904,
(a4)98bd,10,cotton stem mix,159,47,xrf,ti,413.0,ppm,2,,38,knife mill (2mm),20.0,,jduong@lbl.gov,schooner,pass,,2026-07-17 19:04:02.701904,
(a4)9dea,10,cotton stem mix,159,47,xrf,ba,39.0,ppm,3,,38,knife mill (2mm),20.0,,jduong@lbl.gov,schooner,pass,,2026-07-17 19:04:02.701904,
(a4)a140,10,cotton stem mix,159,47,xrf,ti,291.0,ppm,1,,38,knife mill (2mm),20.0,,jduong@lbl.gov,schooner,pass,,2026-07-17 19:04:02.701904,
(a4)a2d9,10,cotton stem mix,159,47,xrf,zn,26.0,ppm,1,,38,knife mill (2mm),20.0,,jduong@lbl.gov,schooner,pass,,2026-07-17 19:04:02.701904,
(a4)aa2f,10,cotton stem mix,159,47,xrf,mo,7.0,ppm,2,,38,knife mill (2mm),20.0,,jduong@lbl.gov,schooner,pass,,2026-07-17 19:04:02.701904,
(a4)ab26,10,cotton stem mix,159,47,xrf,la,37.0,ppm,1,,38,knife mill (2mm),20.0,,jduong@lbl.gov,schooner,pass,,2026-07-17 19:04:02.701904,
(a4)ae74,10,cotton stem mix,159,47,xrf,si,13700.0,ppm,2,,38,knife mill (2mm),20.0,,jduong@lbl.gov,schooner,pass,,2026-07-17 19:04:02.701904,
(a4)b096,10,cotton stem mix,159,47,xrf,la,35.0,ppm,3,,38,knife mill (2mm),20.0,,jduong@lbl.gov,schooner,pass,,2026-07-17 19:04:02.701904,
(a4)b186,10,cotton stem mix,159,47,xrf,cu,13.0,ppm,3,,38,knife mill (2mm),20.0,,jduong@lbl.gov,schooner,pass,,2026-07-17 19:04:02.701904,
(a4)b3ee,10,cotton stem mix,159,47,xrf,ba,32.0,ppm,2,,38,knife mill (2mm),20.0,,jduong@lbl.gov,schooner,pass,,2026-07-17 19:04:02.701904,
(a4)b44f,10,cotton stem mix,159,47,xrf,zn,21.0,ppm,2,,38,knife mill (2mm),20.0,,jduong@lbl.gov,schooner,pass,,2026-07-17 19:04:02.701904,
(a4)b5c5,10,cotton stem mix,159,47,xrf,mn,94.0,ppm,3,,38,knife mill (2mm),20.0,,jduong@lbl.gov,schooner,pass,,2026-07-17 19:04:02.701904,
(a4)b84a,10,cotton stem mix,159,47,xrf,y,7.0,ppm,2,,38,knife mill (2mm),20.0,,jduong@lbl.gov,schooner,pass,,2026-07-17 19:04:02.701904,
(a4)bdf4,10,cotton stem mix,159,47,xrf,u,21.0,ppm,2,,38,knife mill (2mm),20.0,,jduong@lbl.gov,schooner,pass,,2026-07-17 19:04:02.701904,
(a4)be17,10,cotton stem mix,159,47,xrf,al,3950.0,ppm,2,,38,knife mill (2mm),20.0,,jduong@lbl.gov,schooner,pass,,2026-07-17 19:04:02.701904,
(a4)be2e,10,cotton stem mix,159,47,xrf,fe,2180.0,ppm,1,,38,knife mill (2mm),20.0,,jduong@lbl.gov,schooner,pass,,2026-07-17 19:04:02.701904,
(a4)be7f,10,cotton stem mix,159,47,xrf,ca,20400.0,ppm,1,,38,knife mill (2mm),20.0,,jduong@lbl.gov,schooner,pass,,2026-07-17 19:04:02.701904,
(a4)c254,10,cotton stem mix,159,47,xrf,th,50.0,ppm,1,,38,knife mill (2mm),20.0,,jduong@lbl.gov,schooner,pass,,2026-07-17 19:04:02.701904,
(a4)c3da,10,cotton stem mix,159,47,xrf,cu,17.0,ppm,1,,38,knife mill (2mm),20.0,,jduong@lbl.gov,schooner,pass,,2026-07-17 19:04:02.701904,
(a4)c3ec,10,cotton stem mix,159,47,xrf,mg,8830.0,ppm,1,,38,knife mill (2mm),20.0,,jduong@lbl.gov,schooner,pass,,2026-07-17 19:04:02.701904,
(a4)ca06,10,cotton stem mix,159,47,xrf,fe,2230.0,ppm,3,,38,knife mill (2mm),20.0,,jduong@lbl.gov,schooner,pass,,2026-07-17 19:04:02.701904,
(a4)d518,10,cotton stem mix,159,47,xrf,ba,34.0,ppm,1,,38,knife mill (2mm),20.0,,jduong@lbl.gov,schooner,pass,,2026-07-17 19:04:02.701904,
(a4)dd6b,10,cotton stem mix,159,47,xrf,ca,21000.0,ppm,3,,38,knife mill (2mm),20.0,,jduong@lbl.gov,schooner,pass,,2026-07-17 19:04:02.701904,
(a4)de19,10,cotton stem mix,159,47,xrf,al,4570.0,ppm,1,,38,knife mill (2mm),20.0,,jduong@lbl.gov,schooner,pass,,2026-07-17 19:04:02.701904,
(a4)e0f6,10,cotton stem mix,159,47,xrf,pr,62.0,ppm,2,,38,knife mill (2mm),20.0,,jduong@lbl.gov,schooner,pass,,2026-07-17 19:04:02.701904,
(a4)e3a7,10,cotton stem mix,159,47,xrf,k,36200.0,ppm,3,,38,knife mill (2mm),20.0,,jduong@lbl.gov,schooner,pass,,2026-07-17 19:04:02.701904,
(a4)e3ab,10,cotton stem mix,159,47,xrf,si,13400.0,ppm,3,,38,knife mill (2mm),20.0,,jduong@lbl.gov,schooner,pass,,2026-07-17 19:04:02.701904,
(a4)e3e0,10,cotton stem mix,159,47,xrf,p,1940.0,ppm,2,,38,knife mill (2mm),20.0,,jduong@lbl.gov,schooner,pass,,2026-07-17 19:04:02.701904,
(a4)e671,10,cotton stem mix,159,47,xrf,nd,88.0,ppm,2,,38,knife mill (2mm),20.0,,jduong@lbl.gov,schooner,fail,other two replicates are <lod,2026-07-17 19:04:02.701904,
(a4)ed64,10,cotton stem mix,159,47,xrf,ca,21100.0,ppm,2,,38,knife mill (2mm),20.0,,jduong@lbl.gov,schooner,pass,,2026-07-17 19:04:02.701904,
(a4)f2f2,10,cotton stem mix,159,47,xrf,u,21.0,ppm,1,,38,knife mill (2mm),20.0,,jduong@lbl.gov,schooner,pass,,2026-07-17 19:04:02.701904,
(a4)f489,10,cotton stem mix,159,47,xrf,mg,8510.0,ppm,3,,38,knife mill (2mm),20.0,,jduong@lbl.gov,schooner,pass,,2026-07-17 19:04:02.701904,
(a4)f7ff,10,cotton stem mix,159,47,xrf,y,9.0,ppm,3,,38,knife mill (2mm),20.0,,jduong@lbl.gov,schooner,pass,,2026-07-17 19:04:02.701904,
(a5)0297,31,almond shells,162,47,xrf,mn,39.0,ppm,3,,38,knife mill (2mm),20.0,,jduong@lbl.gov,humorous,pass,,2026-07-17 19:04:02.701904,
(a5)0f76,31,almond shells,162,47,xrf,si,3580.0,ppm,3,,38,knife mill (2mm),20.0,,jduong@lbl.gov,humorous,pass,,2026-07-17 19:04:02.701904,
(a5)1206,31,almond shells,162,47,xrf,u,16.0,ppm,3,,38,knife mill (2mm),20.0,,jduong@lbl.gov,humorous,pass,,2026-07-17 19:04:02.701904,
(a5)129e,31,almond shells,162,47,xrf,ca,4000.0,ppm,3,,38,knife mill (2mm),20.0,,jduong@lbl.gov,humorous,pass,,2026-07-17 19:04:02.701904,
(a5)1efe,31,almond shells,162,47,xrf,sr,40.0,ppm,1,,38,knife mill (2mm),20.0,,jduong@lbl.gov,humorous,pass,,2026-07-17 19:04:02.701904,
(a5)227a,31,almond shells,162,47,xrf,k,35700.0,ppm,3,,38,knife mill (2mm),20.0,,jduong@lbl.gov,humorous,pass,,2026-07-17 19:04:02.701904,
(a5)22fd,31,almond shells,162,47,xrf,ca,4370.0,ppm,1,,38,knife mill (2mm),20.0,,jduong@lbl.gov,humorous,pass,,2026-07-17 19:04:02.701904,
(a5)2887,31,almond shells,162,47,xrf,ba,35.0,ppm,2,,38,knife mill (2mm),20.0,,jduong@lbl.gov,humorous,pass,,2026-07-17 19:04:02.701904,
(a5)2eba,31,almond shells,162,47,xrf,mn,40.0,ppm,2,,38,knife mill (2mm),20.0,,jduong@lbl.gov,humorous,pass,,2026-07-17 19:04:02.701904,
(a5)415d,31,almond shells,162,47,xrf,fe,294.0,ppm,1,,38,knife mill (2mm),20.0,,jduong@lbl.gov,humorous,pass,,2026-07-17 19:04:02.701904,
(a5)477b,31,almond shells,162,47,xrf,th,50.0,ppm,1,,38,knife mill (2mm),20.0,,jduong@lbl.gov,humorous,pass,,2026-07-17 19:04:02.701904,
(a5)4f7a,31,almond shells,162,47,xrf,cu,12.0,ppm,3,,38,knife mill (2mm),20.0,,jduong@lbl.gov,humorous,pass,,2026-07-17 19:04:02.701904,
(a5)5179,31,almond shells,162,47,xrf,u,16.0,ppm,2,,38,knife mill (2mm),20.0,,jduong@lbl.gov,humorous,pass,,2026-07-17 19:04:02.701904,
(a5)51ba,31,almond shells,162,47,xrf,fe,276.0,ppm,3,,38,knife mill (2mm),20.0,,jduong@lbl.gov,humorous,pass,,2026-07-17 19:04:02.701904,
(a5)62e9,31,almond shells,162,47,xrf,si,3630.0,ppm,1,,38,knife mill (2mm),20.0,,jduong@lbl.gov,humorous,pass,,2026-07-17 19:04:02.701904,
(a5)67f1,31,almond shells,162,47,xrf,fe,290.0,ppm,2,,38,knife mill (2mm),20.0,,jduong@lbl.gov,humorous,pass,,2026-07-17 19:04:02.701904,
(a5)6801,31,almond shells,162,47,xrf,u,16.0,ppm,1,,38,knife mill (2mm),20.0,,jduong@lbl.gov,humorous,pass,,2026-07-17 19:04:02.701904,
(a5)697a,31,almond shells,162,47,xrf,la,35.0,ppm,2,,38,knife mill (2mm),20.0,,jduong@lbl.gov,humorous,fail,other two replicates are <lod,2026-07-17 19:04:02.701904,
(a5)6f21,31,almond shells,162,47,xrf,sr,38.0,ppm,3,,38,knife mill (2mm),20.0,,jduong@lbl.gov,humorous,pass,,2026-07-17 19:04:02.701904,
(a5)757a,31,almond shells,162,47,xrf,s,590.0,ppm,2,,38,knife mill (2mm),20.0,,jduong@lbl.gov,humorous,pass,,2026-07-17 19:04:02.701904,
(a5)758e,31,almond shells,162,47,xrf,k,35800.0,ppm,2,,38,knife mill (2mm),20.0,,jduong@lbl.gov,humorous,pass,,2026-07-17 19:04:02.701904,
(a5)7c0c,31,almond shells,162,47,xrf,p,674.0,ppm,1,,38,knife mill (2mm),20.0,,jduong@lbl.gov,humorous,pass,,2026-07-17 19:04:02.701904,
(a5)8303,31,almond shells,162,47,xrf,zn,11.0,ppm,2,,38,knife mill (2mm),20.0,,jduong@lbl.gov,humorous,pass,,2026-07-17 19:04:02.701904,
(a5)887a,31,almond shells,162,47,xrf,th,49.0,ppm,2,,38,knife mill (2mm),20.0,,jduong@lbl.gov,humorous,pass,,2026-07-17 19:04:02.701904,
(a5)8a0e,31,almond shells,162,47,xrf,th,52.0,ppm,3,,38,knife mill (2mm),20.0,,jduong@lbl.gov,humorous,pass,,2026-07-17 19:04:02.701904,
(a5)91fa,31,almond shells,162,47,xrf,k,35200.0,ppm,1,,38,knife mill (2mm),20.0,,jduong@lbl.gov,humorous,pass,,2026-07-17 19:04:02.701904,
(a5)9997,31,almond shells,162,47,xrf,sr,38.0,ppm,2,,38,knife mill (2mm),20.0,,jduong@lbl.gov,humorous,pass,,2026-07-17 19:04:02.701904,
(a5)9e3f,31,almond shells,162,47,xrf,rb,27.0,ppm,1,,38,knife mill (2mm),20.0,,jduong@lbl.gov,humorous,pass,,2026-07-17 19:04:02.701904,
(a5)9f99,31,almond shells,162,47,xrf,zn,13.0,ppm,1,,38,knife mill (2mm),20.0,,jduong@lbl.gov,humorous,pass,,2026-07-17 19:04:02.701904,
(a5)a87e,31,almond shells,162,47,xrf,mn,47.0,ppm,1,,38,knife mill (2mm),20.0,,jduong@lbl.gov,humorous,pass,,2026-07-17 19:04:02.701904,
(a5)acb5,31,almond shells,162,47,xrf,rb,27.0,ppm,2,,38,knife mill (2mm),20.0,,jduong@lbl.gov,humorous,pass,,2026-07-17 19:04:02.701904,
(a5)b14b,31,almond shells,162,47,xrf,p,663.0,ppm,2,,38,knife mill (2mm),20.0,,jduong@lbl.gov,humorous,pass,,2026-07-17 19:04:02.701904,
(a5)b95e,31,almond shells,162,47,xrf,mo,5.0,ppm,2,,38,knife mill (2mm),20.0,,jduong@lbl.gov,humorous,fail,other two replicates are <lod,2026-07-17 19:04:02.701904,
(a5)b993,31,almond shells,162,47,xrf,zn,14.0,ppm,3,,38,knife mill (2mm),20.0,,jduong@lbl.gov,humorous,pass,,2026-07-17 19:04:02.701904,
(a5)ba12,31,almond shells,162,47,xrf,ba,28.0,ppm,3,,38,knife mill (2mm),20.0,,jduong@lbl.gov,humorous,pass,,2026-07-17 19:04:02.701904,
(a5)bbea,31,almond shells,162,47,xrf,pb,3.0,ppm,3,,38,knife mill (2mm),20.0,,jduong@lbl.gov,humorous,fail,other two replicates are <lod,2026-07-17 19:04:02.701904,
(a5)c629,31,almond shells,162,47,xrf,rb,28.0,ppm,3,,38,knife mill (2mm),20.0,,jduong@lbl.gov,humorous,pass,,2026-07-17 19:04:02.701904,
(a5)c7f7,31,almond shells,162,47,xrf,p,679.0,ppm,3,,38,knife mill (2mm),20.0,,jduong@lbl.gov,humorous,pass,,2026-07-17 19:04:02.701904,
(a5)c88e,31,almond shells,162,47,xrf,si,3580.0,ppm,2,,38,knife mill (2mm),20.0,,jduong@lbl.gov,humorous,pass,,2026-07-17 19:04:02.701904,
(a5)cc51,31,almond shells,162,47,xrf,ba,39.0,ppm,1,,38,knife mill (2mm),20.0,,jduong@lbl.gov,humorous,pass,,2026-07-17 19:04:02.701904,
(a5)cc8f,31,almond shells,162,47,xrf,ca,4040.0,ppm,2,,38,knife mill (2mm),20.0,,jduong@lbl.gov,humorous,pass,,2026-07-17 19:04:02.701904,
(a5)cefb,31,almond shells,162,47,xrf,ce,49.0,ppm,2,,38,knife mill (2mm),20.0,,jduong@lbl.gov,humorous,pass,,2026-07-17 19:04:02.701904,
(a5)d7cb,31,almond shells,162,47,xrf,s,509.0,ppm,1,,38,knife mill (2mm),20.0,,jduong@lbl.gov,humorous,pass,,2026-07-17 19:04:02.701904,
(a5)e9d8,31,almond shells,162,47,xrf,ti,178.0,ppm,3,,38,knife mill (2mm),20.0,,jduong@lbl.gov,humorous,fail,other two replicates are <lod,2026-07-17 19:04:02.701904,
(a5)eacb,31,almond shells,162,47,xrf,cu,11.0,ppm,2,,38,knife mill (2mm),20.0,,jduong@lbl.gov,humorous,pass,,2026-07-17 19:04:02.701904,
(a5)f0fd,31,almond shells,162,47,xrf,ce,49.0,ppm,3,,38,knife mill (2mm),20.0,,jduong@lbl.gov,humorous,pass,,2026-07-17 19:04:02.701904,
(a5)f12d,31,almond shells,162,47,xrf,nd,102.0,ppm,2,,38,knife mill (2mm),20.0,,jduong@lbl.gov,humorous,fail,other two replicates are <lod,2026-07-17 19:04:02.701904,
(a5)f79c,31,almond shells,162,47,xrf,cu,14.0,ppm,1,,38,knife mill (2mm),20.0,,jduong@lbl.gov,humorous,pass,,2026-07-17 19:04:02.701904,
(a5)fb27,31,almond shells,162,47,xrf,s,528.0,ppm,3,,38,knife mill (2mm),20.0,,jduong@lbl.gov,humorous,pass,,2026-07-17 19:04:02.701904,
(a5)fcd1,31,almond shells,162,47,xrf,co,11.0,ppm,1,,38,knife mill (2mm),20.0,,jduong@lbl.gov,humorous,pass,,2026-07-17 19:04:02.701904,
(a8)0739,25,almond hulls,161,47,xrf,ce,73.0,ppm,3,,38,knife mill (2mm),20.0,,jduong@lbl.gov,humorous,pass,,2026-07-17 19:04:02.701904,
(a8)0d35,25,almond hulls,161,47,xrf,fe,388.0,ppm,3,,38,knife mill (2mm),20.0,,jduong@lbl.gov,humorous,pass,,2026-07-17 19:04:02.701904,
(a8)0d58,25,almond hulls,161,47,xrf,cu,8.0,ppm,3,,38,knife mill (2mm),20.0,,jduong@lbl.gov,humorous,pass,,2026-07-17 19:04:02.701904,
(a8)1462,25,almond hulls,161,47,xrf,ba,23.0,ppm,2,,38,knife mill (2mm),20.0,,jduong@lbl.gov,humorous,pass,,2026-07-17 19:04:02.701904,
(a8)1c96,25,almond hulls,161,47,xrf,pr,120.0,ppm,3,,38,knife mill (2mm),20.0,,jduong@lbl.gov,humorous,pass,,2026-07-17 19:04:02.701904,
(a8)21c5,25,almond hulls,161,47,xrf,si,3370.0,ppm,3,,38,knife mill (2mm),20.0,,jduong@lbl.gov,humorous,pass,,2026-07-17 19:04:02.701904,
(a8)2310,25,almond hulls,161,47,xrf,p,1200.0,ppm,2,,38,knife mill (2mm),20.0,,jduong@lbl.gov,humorous,pass,,2026-07-17 19:04:02.701904,
(a8)2557,25,almond hulls,161,47,xrf,mn,34.0,ppm,1,,38,knife mill (2mm),20.0,,jduong@lbl.gov,humorous,pass,,2026-07-17 19:04:02.701904,
(a8)2924,25,almond hulls,161,47,xrf,ba,27.0,ppm,3,,38,knife mill (2mm),20.0,,jduong@lbl.gov,humorous,pass,,2026-07-17 19:04:02.701904,
(a8)29d4,25,almond hulls,161,47,xrf,u,11.0,ppm,3,,38,knife mill (2mm),20.0,,jduong@lbl.gov,humorous,pass,,2026-07-17 19:04:02.701904,
(a8)29d6,25,almond hulls,161,47,xrf,ce,51.0,ppm,1,,38,knife mill (2mm),20.0,,jduong@lbl.gov,humorous,pass,,2026-07-17 19:04:02.701904,
(a8)2c1f,25,almond hulls,161,47,xrf,si,3190.0,ppm,1,,38,knife mill (2mm),20.0,,jduong@lbl.gov,humorous,pass,,2026-07-17 19:04:02.701904,
(a8)2c95,25,almond hulls,161,47,xrf,th,34.0,ppm,3,,38,knife mill (2mm),20.0,,jduong@lbl.gov,humorous,pass,,2026-07-17 19:04:02.701904,
(a8)3159,25,almond hulls,161,47,xrf,ca,2670.0,ppm,3,,38,knife mill (2mm),20.0,,jduong@lbl.gov,humorous,pass,,2026-07-17 19:04:02.701904,
(a8)316c,25,almond hulls,161,47,xrf,sr,15.0,ppm,1,,38,knife mill (2mm),20.0,,jduong@lbl.gov,humorous,pass,,2026-07-17 19:04:02.701904,
(a8)3708,25,almond hulls,161,47,xrf,mn,35.0,ppm,3,,38,knife mill (2mm),20.0,,jduong@lbl.gov,humorous,pass,,2026-07-17 19:04:02.701904,
(a8)3d19,25,almond hulls,161,47,xrf,pr,76.0,ppm,2,,38,knife mill (2mm),20.0,,jduong@lbl.gov,humorous,pass,,2026-07-17 19:04:02.701904,
(a8)3d90,25,almond hulls,161,47,xrf,th,36.0,ppm,2,,38,knife mill (2mm),20.0,,jduong@lbl.gov,humorous,pass,,2026-07-17 19:04:02.701904,
(a8)3f44,25,almond hulls,161,47,xrf,ca,2670.0,ppm,2,,38,knife mill (2mm),20.0,,jduong@lbl.gov,humorous,pass,,2026-07-17 19:04:02.701904,
(a8)40df,25,almond hulls,161,47,xrf,zn,13.0,ppm,3,,38,knife mill (2mm),20.0,,jduong@lbl.gov,humorous,pass,,2026-07-17 19:04:02.701904,
(a8)42c7,25,almond hulls,161,47,xrf,ti,206.0,ppm,3,,38,knife mill (2mm),20.0,,jduong@lbl.gov,humorous,pass,,2026-07-17 19:04:02.701904,
(a8)45bc,25,almond hulls,161,47,xrf,s,217.0,ppm,1,,38,knife mill (2mm),20.0,,jduong@lbl.gov,humorous,pass,,2026-07-17 19:04:02.701904,
(a8)45e9,25,almond hulls,161,47,xrf,ti,215.0,ppm,2,,38,knife mill (2mm),20.0,,jduong@lbl.gov,humorous,pass,,2026-07-17 19:04:02.701904,
(a8)4cf7,25,almond hulls,161,47,xrf,th,38.0,ppm,1,,38,knife mill (2mm),20.0,,jduong@lbl.gov,humorous,pass,,2026-07-17 19:04:02.701904,
(a8)5b0f,25,almond hulls,161,47,xrf,p,1140.0,ppm,1,,38,knife mill (2mm),20.0,,jduong@lbl.gov,humorous,pass,,2026-07-17 19:04:02.701904,
(a8)62d5,25,almond hulls,161,47,xrf,k,34000.0,ppm,2,,38,knife mill (2mm),20.0,,jduong@lbl.gov,humorous,pass,,2026-07-17 19:04:02.701904,
(a8)6307,25,almond hulls,161,47,xrf,zn,15.0,ppm,1,,38,knife mill (2mm),20.0,,jduong@lbl.gov,humorous,pass,,2026-07-17 19:04:02.701904,
(a8)6712,25,almond hulls,161,47,xrf,pr,71.0,ppm,1,,38,knife mill (2mm),20.0,,jduong@lbl.gov,humorous,pass,,2026-07-17 19:04:02.701904,
(a8)6be0,25,almond hulls,161,47,xrf,cu,12.0,ppm,1,,38,knife mill (2mm),20.0,,jduong@lbl.gov,humorous,pass,,2026-07-17 19:04:02.701904,
(a8)7443,25,almond hulls,161,47,xrf,k,33800.0,ppm,1,,38,knife mill (2mm),20.0,,jduong@lbl.gov,humorous,pass,,2026-07-17 19:04:02.701904,
(a8)8059,25,almond hulls,161,47,xrf,rb,10.0,ppm,1,,38,knife mill (2mm),20.0,,jduong@lbl.gov,humorous,pass,,2026-07-17 19:04:02.701904,
(a8)8165,25,almond hulls,161,47,xrf,sr,15.0,ppm,3,,38,knife mill (2mm),20.0,,jduong@lbl.gov,humorous,pass,,2026-07-17 19:04:02.701904,
(a8)873b,25,almond hulls,161,47,xrf,cu,9.0,ppm,2,,38,knife mill (2mm),20.0,,jduong@lbl.gov,humorous,pass,,2026-07-17 19:04:02.701904,
(a8)8ae6,25,almond hulls,161,47,xrf,u,11.0,ppm,1,,38,knife mill (2mm),20.0,,jduong@lbl.gov,humorous,pass,,2026-07-17 19:04:02.701904,
(a8)8c82,25,almond hulls,161,47,xrf,la,47.0,ppm,1,,38,knife mill (2mm),20.0,,jduong@lbl.gov,humorous,pass,,2026-07-17 19:04:02.701904,
(a8)93fd,25,almond hulls,161,47,xrf,rb,11.0,ppm,3,,38,knife mill (2mm),20.0,,jduong@lbl.gov,humorous,pass,,2026-07-17 19:04:02.701904,
(a8)9833,25,almond hulls,161,47,xrf,ce,48.0,ppm,2,,38,knife mill (2mm),20.0,,jduong@lbl.gov,humorous,pass,,2026-07-17 19:04:02.701904,
(a8)9b1b,25,almond hulls,161,47,xrf,mn,34.0,ppm,2,,38,knife mill (2mm),20.0,,jduong@lbl.gov,humorous,pass,,2026-07-17 19:04:02.701904,
(a8)a184,25,almond hulls,161,47,xrf,fe,382.0,ppm,2,,38,knife mill (2mm),20.0,,jduong@lbl.gov,humorous,pass,,2026-07-17 19:04:02.701904,
(a8)acb2,25,almond hulls,161,47,xrf,sr,15.0,ppm,2,,38,knife mill (2mm),20.0,,jduong@lbl.gov,humorous,pass,,2026-07-17 19:04:02.701904,
(a8)b257,25,almond hulls,161,47,xrf,s,260.0,ppm,2,,38,knife mill (2mm),20.0,,jduong@lbl.gov,humorous,pass,,2026-07-17 19:04:02.701904,
(a8)b268,25,almond hulls,161,47,xrf,la,39.0,ppm,2,,38,knife mill (2mm),20.0,,jduong@lbl.gov,humorous,pass,,2026-07-17 19:04:02.701904,
(a8)b75a,25,almond hulls,161,47,xrf,s,243.0,ppm,3,,38,knife mill (2mm),20.0,,jduong@lbl.gov,humorous,pass,,2026-07-17 19:04:02.701904,
(a8)bba7,25,almond hulls,161,47,xrf,u,12.0,ppm,2,,38,knife mill (2mm),20.0,,jduong@lbl.gov,humorous,pass,,2026-07-17 19:04:02.701904,
(a8)bcb1,25,almond hulls,161,47,xrf,k,34000.0,ppm,3,,38,knife mill (2mm),20.0,,jduong@lbl.gov,humorous,pass,,2026-07-17 19:04:02.701904,
(a8)c855,25,almond hulls,161,47,xrf,ba,25.0,ppm,1,,38,knife mill (2mm),20.0,,jduong@lbl.gov,humorous,pass,,2026-07-17 19:04:02.701904,
(a8)cc2d,25,almond hulls,161,47,xrf,si,3160.0,ppm,2,,38,knife mill (2mm),20.0,,jduong@lbl.gov,humorous,pass,,2026-07-17 19:04:02.701904,
(a8)d5a7,25,almond hulls,161,47,xrf,p,1160.0,ppm,3,,38,knife mill (2mm),20.0,,jduong@lbl.gov,humorous,pass,,2026-07-17 19:04:02.701904,
(a8)d840,25,almond hulls,161,47,xrf,fe,383.0,ppm,1,,38,knife mill (2mm),20.0,,jduong@lbl.gov,humorous,pass,,2026-07-17 19:04:02.701904,
(a8)da74,25,almond hulls,161,47,xrf,rb,11.0,ppm,2,,38,knife mill (2mm),20.0,,jduong@lbl.gov,humorous,pass,,2026-07-17 19:04:02.701904,
(a8)ddd7,25,almond hulls,161,47,xrf,zn,15.0,ppm,2,,38,knife mill (2mm),20.0,,jduong@lbl.gov,humorous,pass,,2026-07-17 19:04:02.701904,
(a8)ede9,25,almond hulls,161,47,xrf,ca,2600.0,ppm,1,,38,knife mill (2mm),20.0,,jduong@lbl.gov,humorous,pass,,2026-07-17 19:04:02.701904,
(b3)06f3,25,almond hulls,149,47,xrf,zn,14.0,ppm,1,,38,knife mill (2mm),20.0,,jduong@lbl.gov,capstan,pass,,2026-07-17 19:04:02.701904,
(b3)091e,25,almond hulls,149,47,xrf,zn,13.0,ppm,2,,38,knife mill (2mm),20.0,,jduong@lbl.gov,capstan,pass,,2026-07-17 19:04:02.701904,
(b3)0cf7,25,almond hulls,149,47,xrf,si,3720.0,ppm,3,,38,knife mill (2mm),20.0,,jduong@lbl.gov,capstan,pass,,2026-07-17 19:04:02.701904,
(b3)1b9a,25,almond hulls,149,47,xrf,zn,15.0,ppm,3,,38,knife mill (2mm),20.0,,jduong@lbl.gov,capstan,pass,,2026-07-17 19:04:02.701904,
(b3)1f12,25,almond hulls,149,47,xrf,p,1200.0,ppm,3,,38,knife mill (2mm),20.0,,jduong@lbl.gov,capstan,pass,,2026-07-17 19:04:02.701904,
(b3)2bb6,25,almond hulls,149,47,xrf,mo,4.0,ppm,1,,38,knife mill (2mm),20.0,,jduong@lbl.gov,capstan,pass,,2026-07-17 19:04:02.701904,
(b3)3281,25,almond hulls,149,47,xrf,u,12.0,ppm,1,,38,knife mill (2mm),20.0,,jduong@lbl.gov,capstan,pass,,2026-07-17 19:04:02.701904,
(b3)3a02,25,almond hulls,149,47,xrf,s,377.0,ppm,3,,38,knife mill (2mm),20.0,,jduong@lbl.gov,capstan,pass,,2026-07-17 19:04:02.701904,
(b3)3c75,25,almond hulls,149,47,xrf,th,37.0,ppm,2,,38,knife mill (2mm),20.0,,jduong@lbl.gov,capstan,pass,,2026-07-17 19:04:02.701904,
(b3)46dd,25,almond hulls,149,47,xrf,sr,22.0,ppm,1,,38,knife mill (2mm),20.0,,jduong@lbl.gov,capstan,pass,,2026-07-17 19:04:02.701904,
(b3)4c62,25,almond hulls,149,47,xrf,s,279.0,ppm,1,,38,knife mill (2mm),20.0,,jduong@lbl.gov,capstan,pass,,2026-07-17 19:04:02.701904,
(b3)51bb,25,almond hulls,149,47,xrf,fe,388.0,ppm,2,,38,knife mill (2mm),20.0,,jduong@lbl.gov,capstan,pass,,2026-07-17 19:04:02.701904,
(b3)5644,25,almond hulls,149,47,xrf,k,30000.0,ppm,1,,38,knife mill (2mm),20.0,,jduong@lbl.gov,capstan,pass,,2026-07-17 19:04:02.701904,
(b3)5795,25,almond hulls,149,47,xrf,cu,8.0,ppm,2,,38,knife mill (2mm),20.0,,jduong@lbl.gov,capstan,pass,,2026-07-17 19:04:02.701904,
(b3)5a3d,25,almond hulls,149,47,xrf,cu,9.0,ppm,1,,38,knife mill (2mm),20.0,,jduong@lbl.gov,capstan,pass,,2026-07-17 19:04:02.701904,
(b3)5fb0,25,almond hulls,149,47,xrf,ti,210.0,ppm,1,,38,knife mill (2mm),20.0,,jduong@lbl.gov,capstan,pass,,2026-07-17 19:04:02.701904,
(b3)6387,25,almond hulls,149,47,xrf,la,57.0,ppm,3,,38,knife mill (2mm),20.0,,jduong@lbl.gov,capstan,pass,,2026-07-17 19:04:02.701904,
(b3)6547,25,almond hulls,149,47,xrf,mn,53.0,ppm,3,,38,knife mill (2mm),20.0,,jduong@lbl.gov,capstan,pass,,2026-07-17 19:04:02.701904,
(b3)65d9,25,almond hulls,149,47,xrf,ca,3290.0,ppm,1,,38,knife mill (2mm),20.0,,jduong@lbl.gov,capstan,pass,,2026-07-17 19:04:02.701904,
(b3)6c91,25,almond hulls,149,47,xrf,rb,21.0,ppm,2,,38,knife mill (2mm),20.0,,jduong@lbl.gov,capstan,pass,,2026-07-17 19:04:02.701904,
(b3)7bc6,25,almond hulls,149,47,xrf,rb,21.0,ppm,1,,38,knife mill (2mm),20.0,,jduong@lbl.gov,capstan,pass,,2026-07-17 19:04:02.701904,
(b3)84a6,25,almond hulls,149,47,xrf,cu,10.0,ppm,3,,38,knife mill (2mm),20.0,,jduong@lbl.gov,capstan,pass,,2026-07-17 19:04:02.701904,
(b3)90f2,25,almond hulls,149,47,xrf,mn,39.0,ppm,2,,38,knife mill (2mm),20.0,,jduong@lbl.gov,capstan,pass,,2026-07-17 19:04:02.701904,
(b3)91ea,25,almond hulls,149,47,xrf,ca,3470.0,ppm,2,,38,knife mill (2mm),20.0,,jduong@lbl.gov,capstan,pass,,2026-07-17 19:04:02.701904,
(b3)a334,25,almond hulls,149,47,xrf,th,44.0,ppm,1,,38,knife mill (2mm),20.0,,jduong@lbl.gov,capstan,pass,,2026-07-17 19:04:02.701904,
(b3)a47c,25,almond hulls,149,47,xrf,p,1160.0,ppm,1,,38,knife mill (2mm),20.0,,jduong@lbl.gov,capstan,pass,,2026-07-17 19:04:02.701904,
(b3)a785,25,almond hulls,149,47,xrf,rb,20.0,ppm,3,,38,knife mill (2mm),20.0,,jduong@lbl.gov,capstan,pass,,2026-07-17 19:04:02.701904,
(b3)a7f9,25,almond hulls,149,47,xrf,k,31500.0,ppm,2,,38,knife mill (2mm),20.0,,jduong@lbl.gov,capstan,pass,,2026-07-17 19:04:02.701904,
(b3)ad09,25,almond hulls,149,47,xrf,u,15.0,ppm,3,,38,knife mill (2mm),20.0,,jduong@lbl.gov,capstan,pass,,2026-07-17 19:04:02.701904,
(b3)bac4,25,almond hulls,149,47,xrf,pr,102.0,ppm,1,,38,knife mill (2mm),20.0,,jduong@lbl.gov,capstan,pass,,2026-07-17 19:04:02.701904,
(b3)c2b0,25,almond hulls,149,47,xrf,u,13.0,ppm,2,,38,knife mill (2mm),20.0,,jduong@lbl.gov,capstan,pass,,2026-07-17 19:04:02.701904,
(b3)d2b5,25,almond hulls,149,47,xrf,ba,27.0,ppm,1,,38,knife mill (2mm),20.0,,jduong@lbl.gov,capstan,fail,other two replicates are <lod,2026-07-17 19:04:02.701904,
(b3)d2dc,25,almond hulls,149,47,xrf,la,54.0,ppm,1,,38,knife mill (2mm),20.0,,jduong@lbl.gov,capstan,pass,,2026-07-17 19:04:02.701904,
(b3)d35d,25,almond hulls,149,47,xrf,th,37.0,ppm,3,,38,knife mill (2mm),20.0,,jduong@lbl.gov,capstan,pass,,2026-07-17 19:04:02.701904,
(b3)d6be,25,almond hulls,149,47,xrf,s,306.0,ppm,2,,38,knife mill (2mm),20.0,,jduong@lbl.gov,capstan,pass,,2026-07-17 19:04:02.701904,
(b3)ddbc,25,almond hulls,149,47,xrf,ca,3550.0,ppm,3,,38,knife mill (2mm),20.0,,jduong@lbl.gov,capstan,pass,,2026-07-17 19:04:02.701904,
(b3)df55,25,almond hulls,149,47,xrf,fe,357.0,ppm,1,,38,knife mill (2mm),20.0,,jduong@lbl.gov,capstan,pass,,2026-07-17 19:04:02.701904,
(b3)e01a,25,almond hulls,149,47,xrf,p,1160.0,ppm,2,,38,knife mill (2mm),20.0,,jduong@lbl.gov,capstan,pass,,2026-07-17 19:04:02.701904,
(b3)e1f0,25,almond hulls,149,47,xrf,mn,36.0,ppm,1,,38,knife mill (2mm),20.0,,jduong@lbl.gov,capstan,pass,,2026-07-17 19:04:02.701904,
(b3)e59b,25,almond hulls,149,47,xrf,k,31700.0,ppm,3,,38,knife mill (2mm),20.0,,jduong@lbl.gov,capstan,pass,,2026-07-17 19:04:02.701904,
(b3)f043,25,almond hulls,149,47,xrf,mo,4.0,ppm,2,,38,knife mill (2mm),20.0,,jduong@lbl.gov,capstan,pass,,2026-07-17 19:04:02.701904,
(b3)f4a3,25,almond hulls,149,47,xrf,si,3620.0,ppm,2,,38,knife mill (2mm),20.0,,jduong@lbl.gov,capstan,pass,,2026-07-17 19:04:02.701904,
(b3)f4e1,25,almond hulls,149,47,xrf,sr,21.0,ppm,2,,38,knife mill (2mm),20.0,,jduong@lbl.gov,capstan,pass,,2026-07-17 19:04:02.701904,
(b3)f940,25,almond hulls,149,47,xrf,fe,401.0,ppm,3,,38,knife mill (2mm),20.0,,jduong@lbl.gov,capstan,pass,,2026-07-17 19:04:02.701904,
(b3)fb26,25,almond hulls,149,47,xrf,si,3660.0,ppm,1,,38,knife mill (2mm),20.0,,jduong@lbl.gov,capstan,pass,,2026-07-17 19:04:02.701904,
(b3)fda8,25,almond hulls,149,47,xrf,sr,21.0,ppm,3,,38,knife mill (2mm),20.0,,jduong@lbl.gov,capstan,pass,,2026-07-17 19:04:02.701904,
(b3)fe74,25,almond hulls,149,47,xrf,pr,110.0,ppm,2,,38,knife mill (2mm),20.0,,jduong@lbl.gov,capstan,pass,,2026-07-17 19:04:02.701904,
(b3)ff54,25,almond hulls,149,47,xrf,ti,173.0,ppm,2,,38,knife mill (2mm),20.0,,jduong@lbl.gov,capstan,pass,,2026-07-17 19:04:02.701904,
(b5)04e4,35,almond branches,40,46,xrf,cr,0.0,ppm,1,,39,as is,14.0,,xkang2@lbl.gov,vibrant,provisional,,2026-07-17 19:04:02.701904,
(b5)0654,35,almond branches,40,46,xrf,mn,130.0,ppm,1,,39,as is,14.0,,xkang2@lbl.gov,vibrant,provisional,,2026-07-17 19:04:02.701904,
(b5)0aed,35,almond branches,40,46,xrf,ba,0.0,ppm,1,,39,as is,14.0,,xkang2@lbl.gov,vibrant,provisional,,2026-07-17 19:04:02.701904,
(b5)11be,35,almond branches,40,46,xrf,k,3630.0,ppm,1,,39,as is,14.0,,xkang2@lbl.gov,vibrant,provisional,,2026-07-17 19:04:02.701904,
(b5)1277,35,almond branches,40,46,xrf,sb,0.0,ppm,1,,39,as is,14.0,,xkang2@lbl.gov,vibrant,provisional,,2026-07-17 19:04:02.701904,
(b5)15e4,35,almond branches,40,46,xrf,pb,0.0,ppm,1,,39,as is,14.0,,xkang2@lbl.gov,vibrant,provisional,,2026-07-17 19:04:02.701904,
(b5)1f10,35,almond branches,40,46,xrf,se,0.0,ppm,1,,39,as is,14.0,,xkang2@lbl.gov,vibrant,provisional,,2026-07-17 19:04:02.701904,
(b5)23e1,35,almond branches,40,46,xrf,zr,0.0,ppm,1,,39,as is,14.0,,xkang2@lbl.gov,vibrant,provisional,,2026-07-17 19:04:02.701904,
(b5)3118,35,almond branches,40,46,xrf,nd,0.0,ppm,1,,39,as is,14.0,,xkang2@lbl.gov,vibrant,provisional,,2026-07-17 19:04:02.701904,
(b5)33d6,35,almond branches,40,46,xrf,si,15300.0,ppm,1,,39,as is,14.0,,xkang2@lbl.gov,vibrant,provisional,,2026-07-17 19:04:02.701904,
(b5)3c39,35,almond branches,40,46,xrf,ti,451.0,ppm,1,,39,as is,14.0,,xkang2@lbl.gov,vibrant,provisional,,2026-07-17 19:04:02.701904,
(b5)5294,35,almond branches,40,46,xrf,pr,46.0,ppm,1,,39,as is,14.0,,xkang2@lbl.gov,vibrant,provisional,,2026-07-17 19:04:02.701904,
(b5)5484,35,almond branches,40,46,xrf,mo,9.0,ppm,1,,39,as is,14.0,,xkang2@lbl.gov,vibrant,provisional,,2026-07-17 19:04:02.701904,
(b5)561e,35,almond branches,40,46,xrf,u,23.0,ppm,1,,39,as is,14.0,,xkang2@lbl.gov,vibrant,provisional,,2026-07-17 19:04:02.701904,
(b5)57ab,35,almond branches,40,46,xrf,s,767.0,ppm,1,,39,as is,14.0,,xkang2@lbl.gov,vibrant,provisional,,2026-07-17 19:04:02.701904,
(b5)7051,35,almond branches,40,46,xrf,p,808.0,ppm,1,,39,as is,14.0,,xkang2@lbl.gov,vibrant,provisional,,2026-07-17 19:04:02.701904,
(b5)72a9,35,almond branches,40,46,xrf,la,26.0,ppm,1,,39,as is,14.0,,xkang2@lbl.gov,vibrant,provisional,,2026-07-17 19:04:02.701904,
(b5)79c1,35,almond branches,40,46,xrf,fe,1030.0,ppm,1,,39,as is,14.0,,xkang2@lbl.gov,vibrant,provisional,,2026-07-17 19:04:02.701904,
(b5)87f9,35,almond branches,40,46,xrf,sr,91.0,ppm,1,,39,as is,14.0,,xkang2@lbl.gov,vibrant,provisional,,2026-07-17 19:04:02.701904,
(b5)9018,35,almond branches,40,46,xrf,cu,65.0,ppm,1,,39,as is,14.0,,xkang2@lbl.gov,vibrant,provisional,,2026-07-17 19:04:02.701904,
(b5)9832,35,almond branches,40,46,xrf,rb,0.0,ppm,1,,39,as is,14.0,,xkang2@lbl.gov,vibrant,provisional,,2026-07-17 19:04:02.701904,
(b5)9dc6,35,almond branches,40,46,xrf,ce,0.0,ppm,1,,39,as is,14.0,,xkang2@lbl.gov,vibrant,provisional,,2026-07-17 19:04:02.701904,
(b5)a05e,35,almond branches,40,46,xrf,al,5220.0,ppm,1,,39,as is,14.0,,xkang2@lbl.gov,vibrant,provisional,,2026-07-17 19:04:02.701904,
(b5)a395,35,almond branches,40,46,xrf,ni,0.0,ppm,1,,39,as is,14.0,,xkang2@lbl.gov,vibrant,provisional,,2026-07-17 19:04:02.701904,
(b5)a427,35,almond branches,40,46,xrf,mg,0.0,ppm,1,,39,as is,14.0,,xkang2@lbl.gov,vibrant,provisional,,2026-07-17 19:04:02.701904,
(b5)afa1,35,almond branches,40,46,xrf,ag,0.0,ppm,1,,39,as is,14.0,,xkang2@lbl.gov,vibrant,provisional,,2026-07-17 19:04:02.701904,
(b5)c02f,35,almond branches,40,46,xrf,y,0.0,ppm,1,,39,as is,14.0,,xkang2@lbl.gov,vibrant,provisional,,2026-07-17 19:04:02.701904,
(b5)ce7d,35,almond branches,40,46,xrf,co,0.0,ppm,1,,39,as is,14.0,,xkang2@lbl.gov,vibrant,provisional,,2026-07-17 19:04:02.701904,
(b5)cfc0,35,almond branches,40,46,xrf,v,0.0,ppm,1,,39,as is,14.0,,xkang2@lbl.gov,vibrant,provisional,,2026-07-17 19:04:02.701904,
(b5)d2b3,35,almond branches,40,46,xrf,zn,56.0,ppm,1,,39,as is,14.0,,xkang2@lbl.gov,vibrant,provisional,,2026-07-17 19:04:02.701904,
(b5)d665,35,almond branches,40,46,xrf,sn,0.0,ppm,1,,39,as is,14.0,,xkang2@lbl.gov,vibrant,provisional,,2026-07-17 19:04:02.701904,
(b5)dbf8,35,almond branches,40,46,xrf,th,66.0,ppm,1,,39,as is,14.0,,xkang2@lbl.gov,vibrant,provisional,,2026-07-17 19:04:02.701904,
(b5)e102,35,almond branches,40,46,xrf,as,0.0,ppm,1,,39,as is,14.0,,xkang2@lbl.gov,vibrant,provisional,,2026-07-17 19:04:02.701904,
(b5)e902,35,almond branches,40,46,xrf,hg,0.0,ppm,1,,39,as is,14.0,,xkang2@lbl.gov,vibrant,provisional,,2026-07-17 19:04:02.701904,
(b5)eb3c,35,almond branches,40,46,xrf,nb,0.0,ppm,1,,39,as is,14.0,,xkang2@lbl.gov,vibrant,provisional,,2026-07-17 19:04:02.701904,
(b5)f7e9,35,almond branches,40,46,xrf,cd,0.0,ppm,1,,39,as is,14.0,,xkang2@lbl.gov,vibrant,provisional,,2026-07-17 19:04:02.701904,
(b5)fe59,35,almond branches,40,46,xrf,bi,0.0,ppm,1,,39,as is,14.0,,xkang2@lbl.gov,vibrant,provisional,,2026-07-17 19:04:02.701904,
(b5)fec1,35,almond branches,40,46,xrf,ca,9940.0,ppm,1,,39,as is,14.0,,xkang2@lbl.gov,vibrant,provisional,,2026-07-17 19:04:02.701904,
(b5)ffcd,35,almond branches,40,46,xrf,w,0.0,ppm,1,,39,as is,14.0,,xkang2@lbl.gov,vibrant,provisional,,2026-07-17 19:04:02.701904,
(b7)0cb2,25,almond hulls,154,47,xrf,si,2200.0,ppm,3,,38,knife mill (2mm),20.0,,jduong@lbl.gov,capstan,pass,,2026-07-17 19:04:02.701904,
(b7)0fed,25,almond hulls,154,47,xrf,zn,15.0,ppm,1,,38,knife mill (2mm),20.0,,jduong@lbl.gov,capstan,pass,,2026-07-17 19:04:02.701904,
(b7)1333,25,almond hulls,154,47,xrf,fe,225.0,ppm,1,,38,knife mill (2mm),20.0,,jduong@lbl.gov,capstan,pass,,2026-07-17 19:04:02.701904,
(b7)1cd7,25,almond hulls,154,47,xrf,cu,13.0,ppm,1,,38,knife mill (2mm),20.0,,jduong@lbl.gov,capstan,pass,,2026-07-17 19:04:02.701904,
(b7)2362,25,almond hulls,154,47,xrf,ca,2660.0,ppm,3,,38,knife mill (2mm),20.0,,jduong@lbl.gov,capstan,pass,,2026-07-17 19:04:02.701904,
(b7)2a0d,25,almond hulls,154,47,xrf,p,907.0,ppm,2,,38,knife mill (2mm),20.0,,jduong@lbl.gov,capstan,pass,,2026-07-17 19:04:02.701904,
(b7)2c0b,25,almond hulls,154,47,xrf,s,250.0,ppm,2,,38,knife mill (2mm),20.0,,jduong@lbl.gov,capstan,pass,,2026-07-17 19:04:02.701904,
(b7)30f5,25,almond hulls,154,47,xrf,mn,33.0,ppm,1,,38,knife mill (2mm),20.0,,jduong@lbl.gov,capstan,pass,,2026-07-17 19:04:02.701904,
(b7)35ae,25,almond hulls,154,47,xrf,mo,4.0,ppm,1,,38,knife mill (2mm),20.0,,jduong@lbl.gov,capstan,pass,,2026-07-17 19:04:02.701904,
(b7)37fe,25,almond hulls,154,47,xrf,th,42.0,ppm,2,,38,knife mill (2mm),20.0,,jduong@lbl.gov,capstan,pass,,2026-07-17 19:04:02.701904,
(b7)479c,25,almond hulls,154,47,xrf,fe,239.0,ppm,3,,38,knife mill (2mm),20.0,,jduong@lbl.gov,capstan,pass,,2026-07-17 19:04:02.701904,
(b7)4cd4,25,almond hulls,154,47,xrf,rb,24.0,ppm,3,,38,knife mill (2mm),20.0,,jduong@lbl.gov,capstan,pass,,2026-07-17 19:04:02.701904,
(b7)4e5c,25,almond hulls,154,47,xrf,p,907.0,ppm,1,,38,knife mill (2mm),20.0,,jduong@lbl.gov,capstan,pass,,2026-07-17 19:04:02.701904,
(b7)51eb,25,almond hulls,154,47,xrf,pr,51.0,ppm,1,,38,knife mill (2mm),20.0,,jduong@lbl.gov,capstan,fail,other two replicates are <lod,2026-07-17 19:04:02.701904,
(b7)58c0,25,almond hulls,154,47,xrf,u,15.0,ppm,3,,38,knife mill (2mm),20.0,,jduong@lbl.gov,capstan,pass,,2026-07-17 19:04:02.701904,
(b7)6342,25,almond hulls,154,47,xrf,mn,36.0,ppm,3,,38,knife mill (2mm),20.0,,jduong@lbl.gov,capstan,pass,,2026-07-17 19:04:02.701904,
(b7)6aa0,25,almond hulls,154,47,xrf,sr,13.0,ppm,2,,38,knife mill (2mm),20.0,,jduong@lbl.gov,capstan,pass,,2026-07-17 19:04:02.701904,
(b7)7a43,25,almond hulls,154,47,xrf,ca,2780.0,ppm,1,,38,knife mill (2mm),20.0,,jduong@lbl.gov,capstan,pass,,2026-07-17 19:04:02.701904,
(b7)81fe,25,almond hulls,154,47,xrf,zn,16.0,ppm,2,,38,knife mill (2mm),20.0,,jduong@lbl.gov,capstan,pass,,2026-07-17 19:04:02.701904,
(b7)8304,25,almond hulls,154,47,xrf,cu,11.0,ppm,2,,38,knife mill (2mm),20.0,,jduong@lbl.gov,capstan,pass,,2026-07-17 19:04:02.701904,
(b7)8674,25,almond hulls,154,47,xrf,mn,32.0,ppm,2,,38,knife mill (2mm),20.0,,jduong@lbl.gov,capstan,pass,,2026-07-17 19:04:02.701904,
(b7)86a3,25,almond hulls,154,47,xrf,cu,16.0,ppm,3,,38,knife mill (2mm),20.0,,jduong@lbl.gov,capstan,pass,,2026-07-17 19:04:02.701904,
(b7)8fcb,25,almond hulls,154,47,xrf,ca,2710.0,ppm,2,,38,knife mill (2mm),20.0,,jduong@lbl.gov,capstan,pass,,2026-07-17 19:04:02.701904,
(b7)9b02,25,almond hulls,154,47,xrf,mo,5.0,ppm,2,,38,knife mill (2mm),20.0,,jduong@lbl.gov,capstan,pass,,2026-07-17 19:04:02.701904,
(b7)9cae,25,almond hulls,154,47,xrf,u,13.0,ppm,2,,38,knife mill (2mm),20.0,,jduong@lbl.gov,capstan,pass,,2026-07-17 19:04:02.701904,
(b7)9f1b,25,almond hulls,154,47,xrf,ba,23.0,ppm,2,,38,knife mill (2mm),20.0,,jduong@lbl.gov,capstan,pass,,2026-07-17 19:04:02.701904,
(b7)a384,25,almond hulls,154,47,xrf,nd,131.0,ppm,2,,38,knife mill (2mm),20.0,,jduong@lbl.gov,capstan,fail,other two replicates are <lod,2026-07-17 19:04:02.701904,
(b7)a876,25,almond hulls,154,47,xrf,sr,12.0,ppm,3,,38,knife mill (2mm),20.0,,jduong@lbl.gov,capstan,pass,,2026-07-17 19:04:02.701904,
(b7)ad04,25,almond hulls,154,47,xrf,s,227.0,ppm,1,,38,knife mill (2mm),20.0,,jduong@lbl.gov,capstan,pass,,2026-07-17 19:04:02.701904,
(b7)ad58,25,almond hulls,154,47,xrf,k,28700.0,ppm,1,,38,knife mill (2mm),20.0,,jduong@lbl.gov,capstan,pass,,2026-07-17 19:04:02.701904,
(b7)b12a,25,almond hulls,154,47,xrf,ba,24.0,ppm,3,,38,knife mill (2mm),20.0,,jduong@lbl.gov,capstan,pass,,2026-07-17 19:04:02.701904,
(b7)bb50,25,almond hulls,154,47,xrf,k,28700.0,ppm,3,,38,knife mill (2mm),20.0,,jduong@lbl.gov,capstan,pass,,2026-07-17 19:04:02.701904,
(b7)bc80,25,almond hulls,154,47,xrf,fe,228.0,ppm,2,,38,knife mill (2mm),20.0,,jduong@lbl.gov,capstan,pass,,2026-07-17 19:04:02.701904,
(b7)c595,25,almond hulls,154,47,xrf,rb,25.0,ppm,2,,38,knife mill (2mm),20.0,,jduong@lbl.gov,capstan,pass,,2026-07-17 19:04:02.701904,
(b7)c84c,25,almond hulls,154,47,xrf,s,221.0,ppm,3,,38,knife mill (2mm),20.0,,jduong@lbl.gov,capstan,pass,,2026-07-17 19:04:02.701904,
(b7)cf35,25,almond hulls,154,47,xrf,u,14.0,ppm,1,,38,knife mill (2mm),20.0,,jduong@lbl.gov,capstan,pass,,2026-07-17 19:04:02.701904,
(b7)d340,25,almond hulls,154,47,xrf,si,2160.0,ppm,1,,38,knife mill (2mm),20.0,,jduong@lbl.gov,capstan,pass,,2026-07-17 19:04:02.701904,
(b7)e10a,25,almond hulls,154,47,xrf,pb,3.0,ppm,3,,38,knife mill (2mm),20.0,,jduong@lbl.gov,capstan,fail,other two replicates are <lod,2026-07-17 19:04:02.701904,
(b7)e3c3,25,almond hulls,154,47,xrf,si,2200.0,ppm,2,,38,knife mill (2mm),20.0,,jduong@lbl.gov,capstan,pass,,2026-07-17 19:04:02.701904,
(b7)e433,25,almond hulls,154,47,xrf,th,47.0,ppm,3,,38,knife mill (2mm),20.0,,jduong@lbl.gov,capstan,pass,,2026-07-17 19:04:02.701904,
(b7)e808,25,almond hulls,154,47,xrf,sr,14.0,ppm,1,,38,knife mill (2mm),20.0,,jduong@lbl.gov,capstan,pass,,2026-07-17 19:04:02.701904,
(b7)e81c,25,almond hulls,154,47,xrf,p,954.0,ppm,3,,38,knife mill (2mm),20.0,,jduong@lbl.gov,capstan,pass,,2026-07-17 19:04:02.701904,
(b7)ea76,25,almond hulls,154,47,xrf,k,28600.0,ppm,2,,38,knife mill (2mm),20.0,,jduong@lbl.gov,capstan,pass,,2026-07-17 19:04:02.701904,
(b7)ece7,25,almond hulls,154,47,xrf,rb,24.0,ppm,1,,38,knife mill (2mm),20.0,,jduong@lbl.gov,capstan,pass,,2026-07-17 19:04:02.701904,
(b7)f93c,25,almond hulls,154,47,xrf,th,41.0,ppm,1,,38,knife mill (2mm),20.0,,jduong@lbl.gov,capstan,pass,,2026-07-17 19:04:02.701904,
(b7)fb82,25,almond hulls,154,47,xrf,zn,14.0,ppm,3,,38,knife mill (2mm),20.0,,jduong@lbl.gov,capstan,pass,,2026-07-17 19:04:02.701904,
(b8)007a,5,alfalfa,79,47,xrf,fe,357.0,ppm,3,,38,knife mill (2mm),20.0,,jduong@lbl.gov,possessive,pass,,2026-07-17 19:04:02.701904,
(b8)0440,5,alfalfa,79,47,xrf,si,3450.0,ppm,2,,38,knife mill (2mm),20.0,,jduong@lbl.gov,possessive,pass,,2026-07-17 19:04:02.701904,
(b8)06c3,5,alfalfa,79,47,xrf,rb,54.0,ppm,1,,38,knife mill (2mm),20.0,,jduong@lbl.gov,possessive,pass,,2026-07-17 19:04:02.701904,
(b8)0988,5,alfalfa,79,47,xrf,th,64.0,ppm,3,,38,knife mill (2mm),20.0,,jduong@lbl.gov,possessive,pass,,2026-07-17 19:04:02.701904,
(b8)0a91,5,alfalfa,79,47,xrf,zn,47.0,ppm,2,,38,knife mill (2mm),20.0,,jduong@lbl.gov,possessive,pass,,2026-07-17 19:04:02.701904,
(b8)0ebf,5,alfalfa,79,47,xrf,rb,55.0,ppm,3,,38,knife mill (2mm),20.0,,jduong@lbl.gov,possessive,pass,,2026-07-17 19:04:02.701904,
(b8)1248,5,alfalfa,79,47,xrf,s,4660.0,ppm,2,,38,knife mill (2mm),20.0,,jduong@lbl.gov,possessive,pass,,2026-07-17 19:04:02.701904,
(b8)17e5,5,alfalfa,79,47,xrf,pr,79.0,ppm,1,,38,knife mill (2mm),20.0,,jduong@lbl.gov,possessive,fail,other two replicates are <lod,2026-07-17 19:04:02.701904,
(b8)19d4,5,alfalfa,79,47,xrf,s,4630.0,ppm,3,,38,knife mill (2mm),20.0,,jduong@lbl.gov,possessive,pass,,2026-07-17 19:04:02.701904,
(b8)1fae,5,alfalfa,79,47,xrf,ba,24.0,ppm,2,,38,knife mill (2mm),20.0,,jduong@lbl.gov,possessive,pass,,2026-07-17 19:04:02.701904,
(b8)2dc2,5,alfalfa,79,47,xrf,cu,28.0,ppm,1,,38,knife mill (2mm),20.0,,jduong@lbl.gov,possessive,pass,,2026-07-17 19:04:02.701904,
(b8)2e09,5,alfalfa,79,47,xrf,ce,48.0,ppm,1,,38,knife mill (2mm),20.0,,jduong@lbl.gov,possessive,fail,other two replicates are <lod,2026-07-17 19:04:02.701904,
(b8)350e,5,alfalfa,79,47,xrf,mo,8.0,ppm,1,,38,knife mill (2mm),20.0,,jduong@lbl.gov,possessive,pass,,2026-07-17 19:04:02.701904,
(b8)3c73,5,alfalfa,79,47,xrf,mo,6.0,ppm,3,,38,knife mill (2mm),20.0,,jduong@lbl.gov,possessive,pass,,2026-07-17 19:04:02.701904,
(b8)3eb9,5,alfalfa,79,47,xrf,k,12800.0,ppm,2,,38,knife mill (2mm),20.0,,jduong@lbl.gov,possessive,pass,,2026-07-17 19:04:02.701904,
(b8)3ec9,5,alfalfa,79,47,xrf,u,22.0,ppm,2,,38,knife mill (2mm),20.0,,jduong@lbl.gov,possessive,pass,,2026-07-17 19:04:02.701904,
(b8)40b7,5,alfalfa,79,47,xrf,ti,238.0,ppm,2,,38,knife mill (2mm),20.0,,jduong@lbl.gov,possessive,pass,,2026-07-17 19:04:02.701904,
(b8)4742,5,alfalfa,79,47,xrf,u,23.0,ppm,3,,38,knife mill (2mm),20.0,,jduong@lbl.gov,possessive,pass,,2026-07-17 19:04:02.701904,
(b8)4955,5,alfalfa,79,47,xrf,p,3450.0,ppm,3,,38,knife mill (2mm),20.0,,jduong@lbl.gov,possessive,pass,,2026-07-17 19:04:02.701904,
(b8)4f4c,5,alfalfa,79,47,xrf,nd,73.0,ppm,3,,38,knife mill (2mm),20.0,,jduong@lbl.gov,possessive,fail,other two replicates are <lod,2026-07-17 19:04:02.701904,
(b8)560e,5,alfalfa,79,47,xrf,ti,250.0,ppm,1,,38,knife mill (2mm),20.0,,jduong@lbl.gov,possessive,pass,,2026-07-17 19:04:02.701904,
(b8)5862,5,alfalfa,79,47,xrf,mg,9330.0,ppm,1,,38,knife mill (2mm),20.0,,jduong@lbl.gov,possessive,pass,,2026-07-17 19:04:02.701904,
(b8)5bad,5,alfalfa,79,47,xrf,th,61.0,ppm,2,,38,knife mill (2mm),20.0,,jduong@lbl.gov,possessive,pass,,2026-07-17 19:04:02.701904,
(b8)5cbc,5,alfalfa,79,47,xrf,zn,45.0,ppm,3,,38,knife mill (2mm),20.0,,jduong@lbl.gov,possessive,pass,,2026-07-17 19:04:02.701904,
(b8)5ea6,5,alfalfa,79,47,xrf,k,12800.0,ppm,1,,38,knife mill (2mm),20.0,,jduong@lbl.gov,possessive,pass,,2026-07-17 19:04:02.701904,
(b8)606a,5,alfalfa,79,47,xrf,mg,12200.0,ppm,2,,38,knife mill (2mm),20.0,,jduong@lbl.gov,possessive,pass,,2026-07-17 19:04:02.701904,
(b8)62d8,5,alfalfa,79,47,xrf,al,1220.0,ppm,3,,38,knife mill (2mm),20.0,,jduong@lbl.gov,possessive,pass,,2026-07-17 19:04:02.701904,
(b8)6c14,5,alfalfa,79,47,xrf,k,12700.0,ppm,3,,38,knife mill (2mm),20.0,,jduong@lbl.gov,possessive,pass,,2026-07-17 19:04:02.701904,
(b8)71e0,5,alfalfa,79,47,xrf,sr,122.0,ppm,2,,38,knife mill (2mm),20.0,,jduong@lbl.gov,possessive,pass,,2026-07-17 19:04:02.701904,
(b8)7489,5,alfalfa,79,47,xrf,ba,19.0,ppm,3,,38,knife mill (2mm),20.0,,jduong@lbl.gov,possessive,pass,,2026-07-17 19:04:02.701904,
(b8)7790,5,alfalfa,79,47,xrf,fe,376.0,ppm,1,,38,knife mill (2mm),20.0,,jduong@lbl.gov,possessive,pass,,2026-07-17 19:04:02.701904,
(b8)7fa1,5,alfalfa,79,47,xrf,fe,397.0,ppm,2,,38,knife mill (2mm),20.0,,jduong@lbl.gov,possessive,pass,,2026-07-17 19:04:02.701904,
(b8)8129,5,alfalfa,79,47,xrf,pb,5.0,ppm,2,,38,knife mill (2mm),20.0,,jduong@lbl.gov,possessive,pass,,2026-07-17 19:04:02.701904,
(b8)8b97,5,alfalfa,79,47,xrf,ca,24700.0,ppm,3,,38,knife mill (2mm),20.0,,jduong@lbl.gov,possessive,pass,,2026-07-17 19:04:02.701904,
(b8)9254,5,alfalfa,79,47,xrf,al,1320.0,ppm,1,,38,knife mill (2mm),20.0,,jduong@lbl.gov,possessive,pass,,2026-07-17 19:04:02.701904,
(b8)94d2,5,alfalfa,79,47,xrf,pb,8.0,ppm,1,,38,knife mill (2mm),20.0,,jduong@lbl.gov,possessive,pass,,2026-07-17 19:04:02.701904,
(b8)9ba3,5,alfalfa,79,47,xrf,rb,55.0,ppm,2,,38,knife mill (2mm),20.0,,jduong@lbl.gov,possessive,pass,,2026-07-17 19:04:02.701904,
(b8)9d48,5,alfalfa,79,47,xrf,th,70.0,ppm,1,,38,knife mill (2mm),20.0,,jduong@lbl.gov,possessive,pass,,2026-07-17 19:04:02.701904,
(b8)9ee9,5,alfalfa,79,47,xrf,si,4110.0,ppm,1,,38,knife mill (2mm),20.0,,jduong@lbl.gov,possessive,pass,,2026-07-17 19:04:02.701904,
(b8)a1e8,5,alfalfa,79,47,xrf,cu,27.0,ppm,3,,38,knife mill (2mm),20.0,,jduong@lbl.gov,possessive,pass,,2026-07-17 19:04:02.701904,
(b8)acd9,5,alfalfa,79,47,xrf,ca,24000.0,ppm,1,,38,knife mill (2mm),20.0,,jduong@lbl.gov,possessive,pass,,2026-07-17 19:04:02.701904,
(b8)b127,5,alfalfa,79,47,xrf,ca,25100.0,ppm,2,,38,knife mill (2mm),20.0,,jduong@lbl.gov,possessive,pass,,2026-07-17 19:04:02.701904,
(b8)b2bf,5,alfalfa,79,47,xrf,mg,12800.0,ppm,3,,38,knife mill (2mm),20.0,,jduong@lbl.gov,possessive,pass,,2026-07-17 19:04:02.701904,
(b8)b3df,5,alfalfa,79,47,xrf,zn,45.0,ppm,1,,38,knife mill (2mm),20.0,,jduong@lbl.gov,possessive,pass,,2026-07-17 19:04:02.701904,
(b8)b5d1,5,alfalfa,79,47,xrf,pb,5.0,ppm,3,,38,knife mill (2mm),20.0,,jduong@lbl.gov,possessive,pass,,2026-07-17 19:04:02.701904,
(b8)b956,5,alfalfa,79,47,xrf,cu,22.0,ppm,2,,38,knife mill (2mm),20.0,,jduong@lbl.gov,possessive,pass,,2026-07-17 19:04:02.701904,
(b8)c11e,5,alfalfa,79,47,xrf,ba,27.0,ppm,1,,38,knife mill (2mm),20.0,,jduong@lbl.gov,possessive,pass,,2026-07-17 19:04:02.701904,
(b8)c86b,5,alfalfa,79,47,xrf,sr,117.0,ppm,1,,38,knife mill (2mm),20.0,,jduong@lbl.gov,possessive,pass,,2026-07-17 19:04:02.701904,
(b8)c943,5,alfalfa,79,47,xrf,p,3200.0,ppm,1,,38,knife mill (2mm),20.0,,jduong@lbl.gov,possessive,pass,,2026-07-17 19:04:02.701904,
(b8)caa4,5,alfalfa,79,47,xrf,p,3560.0,ppm,2,,38,knife mill (2mm),20.0,,jduong@lbl.gov,possessive,pass,,2026-07-17 19:04:02.701904,
(b8)cfcd,5,alfalfa,79,47,xrf,la,35.0,ppm,2,,38,knife mill (2mm),20.0,,jduong@lbl.gov,possessive,pass,,2026-07-17 19:04:02.701904,
(b8)d196,5,alfalfa,79,47,xrf,s,4290.0,ppm,1,,38,knife mill (2mm),20.0,,jduong@lbl.gov,possessive,pass,,2026-07-17 19:04:02.701904,
(b8)deb4,5,alfalfa,79,47,xrf,mn,60.0,ppm,3,,38,knife mill (2mm),20.0,,jduong@lbl.gov,possessive,pass,,2026-07-17 19:04:02.701904,
(b8)dff0,5,alfalfa,79,47,xrf,al,1560.0,ppm,2,,38,knife mill (2mm),20.0,,jduong@lbl.gov,possessive,pass,,2026-07-17 19:04:02.701904,
(b8)e0c0,5,alfalfa,79,47,xrf,u,23.0,ppm,1,,38,knife mill (2mm),20.0,,jduong@lbl.gov,possessive,pass,,2026-07-17 19:04:02.701904,
(b8)e5e9,5,alfalfa,79,47,xrf,si,3410.0,ppm,3,,38,knife mill (2mm),20.0,,jduong@lbl.gov,possessive,pass,,2026-07-17 19:04:02.701904,
(b8)ee31,5,alfalfa,79,47,xrf,w,117.0,ppm,3,,38,knife mill (2mm),20.0,,jduong@lbl.gov,possessive,fail,other two replicates are <lod,2026-07-17 19:04:02.701904,
(b8)f400,5,alfalfa,79,47,xrf,la,39.0,ppm,1,,38,knife mill (2mm),20.0,,jduong@lbl.gov,possessive,pass,,2026-07-17 19:04:02.701904,
(b8)f752,5,alfalfa,79,47,xrf,mn,92.0,ppm,2,,38,knife mill (2mm),20.0,,jduong@lbl.gov,possessive,pass,,2026-07-17 19:04:02.701904,
(b8)f769,5,alfalfa,79,47,xrf,mn,78.0,ppm,1,,38,knife mill (2mm),20.0,,jduong@lbl.gov,possessive,pass,,2026-07-17 19:04:02.701904,
(b8)fe91,5,alfalfa,79,47,xrf,sr,120.0,ppm,3,,38,knife mill (2mm),20.0,,jduong@lbl.gov,possessive,pass,,2026-07-17 19:04:02.701904,
(ba)0081,32,olive pomace,164,47,xrf,k,35600.0,ppm,2,,33,oven dry + knife mill (2mm),20.0,,jduong@lbl.gov,excellent,pass,,2026-07-17 19:04:02.701904,
(ba)0261,32,olive pomace,164,47,xrf,s,1850.0,ppm,2,,33,oven dry + knife mill (2mm),20.0,,jduong@lbl.gov,excellent,pass,,2026-07-17 19:04:02.701904,
(ba)08d2,32,olive pomace,164,47,xrf,zn,31.0,ppm,1,,33,oven dry + knife mill (2mm),20.0,,jduong@lbl.gov,excellent,pass,,2026-07-17 19:04:02.701904,
(ba)08dc,32,olive pomace,164,47,xrf,fe,348.0,ppm,3,,33,oven dry + knife mill (2mm),20.0,,jduong@lbl.gov,excellent,pass,,2026-07-17 19:04:02.701904,
(ba)1832,32,olive pomace,164,47,xrf,ca,2980.0,ppm,1,,33,oven dry + knife mill (2mm),20.0,,jduong@lbl.gov,excellent,pass,,2026-07-17 19:04:02.701904,
(ba)200e,32,olive pomace,164,47,xrf,cu,36.0,ppm,3,,33,oven dry + knife mill (2mm),20.0,,jduong@lbl.gov,excellent,pass,,2026-07-17 19:04:02.701904,
(ba)2010,32,olive pomace,164,47,xrf,k,35700.0,ppm,3,,33,oven dry + knife mill (2mm),20.0,,jduong@lbl.gov,excellent,pass,,2026-07-17 19:04:02.701904,
(ba)272e,32,olive pomace,164,47,xrf,mn,29.0,ppm,3,,33,oven dry + knife mill (2mm),20.0,,jduong@lbl.gov,excellent,pass,,2026-07-17 19:04:02.701904,
(ba)2d78,32,olive pomace,164,47,xrf,u,11.0,ppm,3,,33,oven dry + knife mill (2mm),20.0,,jduong@lbl.gov,excellent,pass,,2026-07-17 19:04:02.701904,
(ba)2f0b,32,olive pomace,164,47,xrf,th,26.0,ppm,1,,33,oven dry + knife mill (2mm),20.0,,jduong@lbl.gov,excellent,pass,,2026-07-17 19:04:02.701904,
(ba)3796,32,olive pomace,164,47,xrf,zn,33.0,ppm,3,,33,oven dry + knife mill (2mm),20.0,,jduong@lbl.gov,excellent,pass,,2026-07-17 19:04:02.701904,
(ba)37b0,32,olive pomace,164,47,xrf,fe,349.0,ppm,2,,33,oven dry + knife mill (2mm),20.0,,jduong@lbl.gov,excellent,pass,,2026-07-17 19:04:02.701904,
(ba)3dc6,32,olive pomace,164,47,xrf,mn,47.0,ppm,1,,33,oven dry + knife mill (2mm),20.0,,jduong@lbl.gov,excellent,pass,,2026-07-17 19:04:02.701904,
(ba)418b,32,olive pomace,164,47,xrf,th,33.0,ppm,2,,33,oven dry + knife mill (2mm),20.0,,jduong@lbl.gov,excellent,pass,,2026-07-17 19:04:02.701904,
(ba)440c,32,olive pomace,164,47,xrf,sr,15.0,ppm,1,,33,oven dry + knife mill (2mm),20.0,,jduong@lbl.gov,excellent,pass,,2026-07-17 19:04:02.701904,
(ba)4c81,32,olive pomace,164,47,xrf,nd,127.0,ppm,1,,33,oven dry + knife mill (2mm),20.0,,jduong@lbl.gov,excellent,fail,other two replicates are <lod,2026-07-17 19:04:02.701904,
(ba)607e,32,olive pomace,164,47,xrf,pr,82.0,ppm,1,,33,oven dry + knife mill (2mm),20.0,,jduong@lbl.gov,excellent,pass,,2026-07-17 19:04:02.701904,
(ba)7703,32,olive pomace,164,47,xrf,mg,5660.0,ppm,2,,33,oven dry + knife mill (2mm),20.0,,jduong@lbl.gov,excellent,pass,,2026-07-17 19:04:02.701904,
(ba)7b5d,32,olive pomace,164,47,xrf,p,3200.0,ppm,3,,33,oven dry + knife mill (2mm),20.0,,jduong@lbl.gov,excellent,pass,,2026-07-17 19:04:02.701904,
(ba)7ee4,32,olive pomace,164,47,xrf,th,30.0,ppm,3,,33,oven dry + knife mill (2mm),20.0,,jduong@lbl.gov,excellent,pass,,2026-07-17 19:04:02.701904,
(ba)7eea,32,olive pomace,164,47,xrf,fe,358.0,ppm,1,,33,oven dry + knife mill (2mm),20.0,,jduong@lbl.gov,excellent,pass,,2026-07-17 19:04:02.701904,
(ba)8565,32,olive pomace,164,47,xrf,mn,39.0,ppm,2,,33,oven dry + knife mill (2mm),20.0,,jduong@lbl.gov,excellent,pass,,2026-07-17 19:04:02.701904,
(ba)86e1,32,olive pomace,164,47,xrf,ba,34.0,ppm,3,,33,oven dry + knife mill (2mm),20.0,,jduong@lbl.gov,excellent,fail,other two replicates are <lod,2026-07-17 19:04:02.701904,
(ba)8c78,32,olive pomace,164,47,xrf,sr,15.0,ppm,2,,33,oven dry + knife mill (2mm),20.0,,jduong@lbl.gov,excellent,pass,,2026-07-17 19:04:02.701904,
(ba)8d27,32,olive pomace,164,47,xrf,si,7140.0,ppm,1,,33,oven dry + knife mill (2mm),20.0,,jduong@lbl.gov,excellent,pass,,2026-07-17 19:04:02.701904,
(ba)9088,32,olive pomace,164,47,xrf,p,3120.0,ppm,1,,33,oven dry + knife mill (2mm),20.0,,jduong@lbl.gov,excellent,pass,,2026-07-17 19:04:02.701904,
(ba)94a3,32,olive pomace,164,47,xrf,rb,38.0,ppm,2,,33,oven dry + knife mill (2mm),20.0,,jduong@lbl.gov,excellent,pass,,2026-07-17 19:04:02.701904,
(ba)9588,32,olive pomace,164,47,xrf,mg,10800.0,ppm,3,,33,oven dry + knife mill (2mm),20.0,,jduong@lbl.gov,excellent,pass,,2026-07-17 19:04:02.701904,
(ba)986c,32,olive pomace,164,47,xrf,cu,36.0,ppm,1,,33,oven dry + knife mill (2mm),20.0,,jduong@lbl.gov,excellent,pass,,2026-07-17 19:04:02.701904,
(ba)a279,32,olive pomace,164,47,xrf,rb,39.0,ppm,1,,33,oven dry + knife mill (2mm),20.0,,jduong@lbl.gov,excellent,pass,,2026-07-17 19:04:02.701904,
(ba)a48c,32,olive pomace,164,47,xrf,u,10.0,ppm,1,,33,oven dry + knife mill (2mm),20.0,,jduong@lbl.gov,excellent,pass,,2026-07-17 19:04:02.701904,
(ba)a7dd,32,olive pomace,164,47,xrf,ca,2940.0,ppm,2,,33,oven dry + knife mill (2mm),20.0,,jduong@lbl.gov,excellent,pass,,2026-07-17 19:04:02.701904,
(ba)abb8,32,olive pomace,164,47,xrf,k,35800.0,ppm,1,,33,oven dry + knife mill (2mm),20.0,,jduong@lbl.gov,excellent,pass,,2026-07-17 19:04:02.701904,
(ba)ade5,32,olive pomace,164,47,xrf,rb,38.0,ppm,3,,33,oven dry + knife mill (2mm),20.0,,jduong@lbl.gov,excellent,pass,,2026-07-17 19:04:02.701904,
(ba)b832,32,olive pomace,164,47,xrf,sr,14.0,ppm,3,,33,oven dry + knife mill (2mm),20.0,,jduong@lbl.gov,excellent,pass,,2026-07-17 19:04:02.701904,
(ba)b95d,32,olive pomace,164,47,xrf,si,7110.0,ppm,2,,33,oven dry + knife mill (2mm),20.0,,jduong@lbl.gov,excellent,pass,,2026-07-17 19:04:02.701904,
(ba)b9e1,32,olive pomace,164,47,xrf,p,3180.0,ppm,2,,33,oven dry + knife mill (2mm),20.0,,jduong@lbl.gov,excellent,pass,,2026-07-17 19:04:02.701904,
(ba)c244,32,olive pomace,164,47,xrf,mg,7820.0,ppm,1,,33,oven dry + knife mill (2mm),20.0,,jduong@lbl.gov,excellent,pass,,2026-07-17 19:04:02.701904,
(ba)c2d2,32,olive pomace,164,47,xrf,u,10.0,ppm,2,,33,oven dry + knife mill (2mm),20.0,,jduong@lbl.gov,excellent,pass,,2026-07-17 19:04:02.701904,
(ba)d0cb,32,olive pomace,164,47,xrf,cu,35.0,ppm,2,,33,oven dry + knife mill (2mm),20.0,,jduong@lbl.gov,excellent,pass,,2026-07-17 19:04:02.701904,
(ba)d0df,32,olive pomace,164,47,xrf,ca,2960.0,ppm,3,,33,oven dry + knife mill (2mm),20.0,,jduong@lbl.gov,excellent,pass,,2026-07-17 19:04:02.701904,
(ba)d20c,32,olive pomace,164,47,xrf,s,1830.0,ppm,3,,33,oven dry + knife mill (2mm),20.0,,jduong@lbl.gov,excellent,pass,,2026-07-17 19:04:02.701904,
(ba)d2ed,32,olive pomace,164,47,xrf,pr,117.0,ppm,3,,33,oven dry + knife mill (2mm),20.0,,jduong@lbl.gov,excellent,pass,,2026-07-17 19:04:02.701904,
(ba)e714,32,olive pomace,164,47,xrf,s,1850.0,ppm,1,,33,oven dry + knife mill (2mm),20.0,,jduong@lbl.gov,excellent,pass,,2026-07-17 19:04:02.701904,
(ba)eb0a,32,olive pomace,164,47,xrf,si,7110.0,ppm,3,,33,oven dry + knife mill (2mm),20.0,,jduong@lbl.gov,excellent,pass,,2026-07-17 19:04:02.701904,
(ba)eb4f,32,olive pomace,164,47,xrf,ce,82.0,ppm,3,,33,oven dry + knife mill (2mm),20.0,,jduong@lbl.gov,excellent,pass,,2026-07-17 19:04:02.701904,
(ba)f494,32,olive pomace,164,47,xrf,ce,53.0,ppm,1,,33,oven dry + knife mill (2mm),20.0,,jduong@lbl.gov,excellent,pass,,2026-07-17 19:04:02.701904,
(ba)fc66,32,olive pomace,164,47,xrf,zn,30.0,ppm,2,,33,oven dry + knife mill (2mm),20.0,,jduong@lbl.gov,excellent,pass,,2026-07-17 19:04:02.701904,
(bc)08ae,26,spent oak chips,124,47,xrf,k,11400.0,ppm,3,,33,oven dry + knife mill (2mm),20.0,,jduong@lbl.gov,rigging,pass,,2026-07-17 19:04:02.701904,
(bc)19cb,26,spent oak chips,124,47,xrf,s,2260.0,ppm,2,,33,oven dry + knife mill (2mm),20.0,,jduong@lbl.gov,rigging,pass,,2026-07-17 19:04:02.701904,
(bc)1c20,26,spent oak chips,124,47,xrf,mn,53.0,ppm,2,,33,oven dry + knife mill (2mm),20.0,,jduong@lbl.gov,rigging,pass,,2026-07-17 19:04:02.701904,
(bc)246b,26,spent oak chips,124,47,xrf,pb,3.0,ppm,2,,33,oven dry + knife mill (2mm),20.0,,jduong@lbl.gov,rigging,pass,,2026-07-17 19:04:02.701904,
(bc)262e,26,spent oak chips,124,47,xrf,ba,21.0,ppm,3,,33,oven dry + knife mill (2mm),20.0,,jduong@lbl.gov,rigging,pass,,2026-07-17 19:04:02.701904,
(bc)2dd6,26,spent oak chips,124,47,xrf,la,31.0,ppm,3,,33,oven dry + knife mill (2mm),20.0,,jduong@lbl.gov,rigging,pass,,2026-07-17 19:04:02.701904,
(bc)2e19,26,spent oak chips,124,47,xrf,la,39.0,ppm,1,,33,oven dry + knife mill (2mm),20.0,,jduong@lbl.gov,rigging,pass,,2026-07-17 19:04:02.701904,
(bc)40ae,26,spent oak chips,124,47,xrf,s,2300.0,ppm,3,,33,oven dry + knife mill (2mm),20.0,,jduong@lbl.gov,rigging,pass,,2026-07-17 19:04:02.701904,
(bc)45a2,26,spent oak chips,124,47,xrf,si,459.0,ppm,2,,33,oven dry + knife mill (2mm),20.0,,jduong@lbl.gov,rigging,pass,,2026-07-17 19:04:02.701904,
(bc)4833,26,spent oak chips,124,47,xrf,u,20.0,ppm,1,,33,oven dry + knife mill (2mm),20.0,,jduong@lbl.gov,rigging,pass,,2026-07-17 19:04:02.701904,
(bc)4aba,26,spent oak chips,124,47,xrf,th,72.0,ppm,3,,33,oven dry + knife mill (2mm),20.0,,jduong@lbl.gov,rigging,pass,,2026-07-17 19:04:02.701904,
(bc)4f9d,26,spent oak chips,124,47,xrf,si,548.0,ppm,3,,33,oven dry + knife mill (2mm),20.0,,jduong@lbl.gov,rigging,pass,,2026-07-17 19:04:02.701904,
(bc)4fa7,26,spent oak chips,124,47,xrf,ba,17.0,ppm,1,,33,oven dry + knife mill (2mm),20.0,,jduong@lbl.gov,rigging,pass,,2026-07-17 19:04:02.701904,
(bc)554b,26,spent oak chips,124,47,xrf,th,65.0,ppm,2,,33,oven dry + knife mill (2mm),20.0,,jduong@lbl.gov,rigging,pass,,2026-07-17 19:04:02.701904,
(bc)5d08,26,spent oak chips,124,47,xrf,s,2340.0,ppm,1,,33,oven dry + knife mill (2mm),20.0,,jduong@lbl.gov,rigging,pass,,2026-07-17 19:04:02.701904,
(bc)5f09,26,spent oak chips,124,47,xrf,ca,920.0,ppm,1,,33,oven dry + knife mill (2mm),20.0,,jduong@lbl.gov,rigging,pass,,2026-07-17 19:04:02.701904,
(bc)614a,26,spent oak chips,124,47,xrf,mn,39.0,ppm,1,,33,oven dry + knife mill (2mm),20.0,,jduong@lbl.gov,rigging,pass,,2026-07-17 19:04:02.701904,
(bc)643a,26,spent oak chips,124,47,xrf,ba,22.0,ppm,2,,33,oven dry + knife mill (2mm),20.0,,jduong@lbl.gov,rigging,pass,,2026-07-17 19:04:02.701904,
(bc)6562,26,spent oak chips,124,47,xrf,k,11200.0,ppm,1,,33,oven dry + knife mill (2mm),20.0,,jduong@lbl.gov,rigging,pass,,2026-07-17 19:04:02.701904,
(bc)6dfc,26,spent oak chips,124,47,xrf,u,22.0,ppm,2,,33,oven dry + knife mill (2mm),20.0,,jduong@lbl.gov,rigging,pass,,2026-07-17 19:04:02.701904,
(bc)7131,26,spent oak chips,124,47,xrf,cu,12.0,ppm,1,,33,oven dry + knife mill (2mm),20.0,,jduong@lbl.gov,rigging,pass,,2026-07-17 19:04:02.701904,
(bc)7210,26,spent oak chips,124,47,xrf,si,708.0,ppm,1,,33,oven dry + knife mill (2mm),20.0,,jduong@lbl.gov,rigging,pass,,2026-07-17 19:04:02.701904,
(bc)7dbc,26,spent oak chips,124,47,xrf,rb,11.0,ppm,1,,33,oven dry + knife mill (2mm),20.0,,jduong@lbl.gov,rigging,pass,,2026-07-17 19:04:02.701904,
(bc)82f6,26,spent oak chips,124,47,xrf,th,62.0,ppm,1,,33,oven dry + knife mill (2mm),20.0,,jduong@lbl.gov,rigging,pass,,2026-07-17 19:04:02.701904,
(bc)84c7,26,spent oak chips,124,47,xrf,sr,4.0,ppm,1,,33,oven dry + knife mill (2mm),20.0,,jduong@lbl.gov,rigging,pass,,2026-07-17 19:04:02.701904,
(bc)8881,26,spent oak chips,124,47,xrf,rb,11.0,ppm,2,,33,oven dry + knife mill (2mm),20.0,,jduong@lbl.gov,rigging,pass,,2026-07-17 19:04:02.701904,
(bc)8a70,26,spent oak chips,124,47,xrf,k,11300.0,ppm,2,,33,oven dry + knife mill (2mm),20.0,,jduong@lbl.gov,rigging,pass,,2026-07-17 19:04:02.701904,
(bc)8b3d,26,spent oak chips,124,47,xrf,mn,28.0,ppm,3,,33,oven dry + knife mill (2mm),20.0,,jduong@lbl.gov,rigging,pass,,2026-07-17 19:04:02.701904,
(bc)90fe,26,spent oak chips,124,47,xrf,fe,121.0,ppm,2,,33,oven dry + knife mill (2mm),20.0,,jduong@lbl.gov,rigging,pass,,2026-07-17 19:04:02.701904,
(bc)9af2,26,spent oak chips,124,47,xrf,fe,101.0,ppm,3,,33,oven dry + knife mill (2mm),20.0,,jduong@lbl.gov,rigging,pass,,2026-07-17 19:04:02.701904,
(bc)9bc8,26,spent oak chips,124,47,xrf,mo,5.0,ppm,2,,33,oven dry + knife mill (2mm),20.0,,jduong@lbl.gov,rigging,fail,other two replicates are <lod,2026-07-17 19:04:02.701904,
(bc)a577,26,spent oak chips,124,47,xrf,pb,4.0,ppm,3,,33,oven dry + knife mill (2mm),20.0,,jduong@lbl.gov,rigging,pass,,2026-07-17 19:04:02.701904,
(bc)a5c5,26,spent oak chips,124,47,xrf,rb,10.0,ppm,3,,33,oven dry + knife mill (2mm),20.0,,jduong@lbl.gov,rigging,pass,,2026-07-17 19:04:02.701904,
(bc)a7af,26,spent oak chips,124,47,xrf,sr,2.0,ppm,2,,33,oven dry + knife mill (2mm),20.0,,jduong@lbl.gov,rigging,pass,,2026-07-17 19:04:02.701904,
(bc)ad7a,26,spent oak chips,124,47,xrf,ti,244.0,ppm,3,,33,oven dry + knife mill (2mm),20.0,,jduong@lbl.gov,rigging,fail,other two replicates are <lod,2026-07-17 19:04:02.701904,
(bc)b420,26,spent oak chips,124,47,xrf,p,424.0,ppm,2,,33,oven dry + knife mill (2mm),20.0,,jduong@lbl.gov,rigging,pass,,2026-07-17 19:04:02.701904,
(bc)b542,26,spent oak chips,124,47,xrf,ca,903.0,ppm,2,,33,oven dry + knife mill (2mm),20.0,,jduong@lbl.gov,rigging,pass,,2026-07-17 19:04:02.701904,
(bc)b723,26,spent oak chips,124,47,xrf,zn,8.0,ppm,1,,33,oven dry + knife mill (2mm),20.0,,jduong@lbl.gov,rigging,pass,,2026-07-17 19:04:02.701904,
(bc)bda1,26,spent oak chips,124,47,xrf,sr,4.0,ppm,3,,33,oven dry + knife mill (2mm),20.0,,jduong@lbl.gov,rigging,pass,,2026-07-17 19:04:02.701904,
(bc)c509,26,spent oak chips,124,47,xrf,ca,969.0,ppm,3,,33,oven dry + knife mill (2mm),20.0,,jduong@lbl.gov,rigging,pass,,2026-07-17 19:04:02.701904,
(bc)cd62,26,spent oak chips,124,47,xrf,fe,118.0,ppm,1,,33,oven dry + knife mill (2mm),20.0,,jduong@lbl.gov,rigging,pass,,2026-07-17 19:04:02.701904,
(bc)d0e7,26,spent oak chips,124,47,xrf,p,453.0,ppm,3,,33,oven dry + knife mill (2mm),20.0,,jduong@lbl.gov,rigging,pass,,2026-07-17 19:04:02.701904,
(bc)d30c,26,spent oak chips,124,47,xrf,cu,9.0,ppm,2,,33,oven dry + knife mill (2mm),20.0,,jduong@lbl.gov,rigging,pass,,2026-07-17 19:04:02.701904,
(bc)d6f6,26,spent oak chips,124,47,xrf,co,9.0,ppm,2,,33,oven dry + knife mill (2mm),20.0,,jduong@lbl.gov,rigging,fail,other two replicates are <lod,2026-07-17 19:04:02.701904,
(bc)d797,26,spent oak chips,124,47,xrf,p,464.0,ppm,1,,33,oven dry + knife mill (2mm),20.0,,jduong@lbl.gov,rigging,pass,,2026-07-17 19:04:02.701904,
(bc)e748,26,spent oak chips,124,47,xrf,cu,11.0,ppm,3,,33,oven dry + knife mill (2mm),20.0,,jduong@lbl.gov,rigging,pass,,2026-07-17 19:04:02.701904,
(bc)f2df,26,spent oak chips,124,47,xrf,zn,7.0,ppm,3,,33,oven dry + knife mill (2mm),20.0,,jduong@lbl.gov,rigging,pass,,2026-07-17 19:04:02.701904,
(bc)f6ff,26,spent oak chips,124,47,xrf,u,21.0,ppm,3,,33,oven dry + knife mill (2mm),20.0,,jduong@lbl.gov,rigging,pass,,2026-07-17 19:04:02.701904,
(bc)f816,26,spent oak chips,124,47,xrf,zn,9.0,ppm,2,,33,oven dry + knife mill (2mm),20.0,,jduong@lbl.gov,rigging,pass,,2026-07-17 19:04:02.701904,
(be)00cc,4,corn stover whole,156,47,xrf,zn,108.0,ppm,1,,38,knife mill (2mm),20.0,,jduong@lbl.gov,possessive,pass,,2026-07-17 19:04:02.701904,
(be)01e4,4,corn stover whole,156,47,xrf,nd,120.0,ppm,3,,38,knife mill (2mm),20.0,,jduong@lbl.gov,possessive,pass,,2026-07-17 19:04:02.701904,
(be)04d5,4,corn stover whole,156,47,xrf,p,1890.0,ppm,2,,38,knife mill (2mm),20.0,,jduong@lbl.gov,possessive,pass,,2026-07-17 19:04:02.701904,
(be)0732,26,spent oak chips,122,47,xrf,pb,4.0,ppm,2,,33,oven dry + knife mill (2mm),20.0,,jduong@lbl.gov,rigging,pass,,2026-07-17 19:04:02.701904,
(be)0883,4,corn stover whole,156,47,xrf,u,24.0,ppm,3,,38,knife mill (2mm),20.0,,jduong@lbl.gov,possessive,pass,,2026-07-17 19:04:02.701904,
(be)0c95,4,corn stover whole,156,47,xrf,ce,36.0,ppm,1,,38,knife mill (2mm),20.0,,jduong@lbl.gov,possessive,pass,,2026-07-17 19:04:02.701904,
(be)10ee,4,corn stover whole,156,47,xrf,p,1800.0,ppm,3,,38,knife mill (2mm),20.0,,jduong@lbl.gov,possessive,pass,,2026-07-17 19:04:02.701904,
(be)1441,4,corn stover whole,156,47,xrf,fe,4400.0,ppm,1,,38,knife mill (2mm),20.0,,jduong@lbl.gov,possessive,pass,,2026-07-17 19:04:02.701904,
(be)1553,26,spent oak chips,122,47,xrf,ca,928.0,ppm,3,,33,oven dry + knife mill (2mm),20.0,,jduong@lbl.gov,rigging,pass,,2026-07-17 19:04:02.701904,
(be)186d,26,spent oak chips,122,47,xrf,cu,9.0,ppm,2,,33,oven dry + knife mill (2mm),20.0,,jduong@lbl.gov,rigging,pass,,2026-07-17 19:04:02.701904,
(be)1955,26,spent oak chips,122,47,xrf,cu,5.0,ppm,1,,33,oven dry + knife mill (2mm),20.0,,jduong@lbl.gov,rigging,pass,,2026-07-17 19:04:02.701904,
(be)1cfe,26,spent oak chips,122,47,xrf,mn,33.0,ppm,2,,33,oven dry + knife mill (2mm),20.0,,jduong@lbl.gov,rigging,pass,,2026-07-17 19:04:02.701904,
(be)1f2f,4,corn stover whole,156,47,xrf,sr,37.0,ppm,2,,38,knife mill (2mm),20.0,,jduong@lbl.gov,possessive,pass,,2026-07-17 19:04:02.701904,
(be)1f81,26,spent oak chips,122,47,xrf,k,8580.0,ppm,1,,33,oven dry + knife mill (2mm),20.0,,jduong@lbl.gov,rigging,pass,,2026-07-17 19:04:02.701904,
(be)2148,4,corn stover whole,156,47,xrf,s,1690.0,ppm,2,,38,knife mill (2mm),20.0,,jduong@lbl.gov,possessive,pass,,2026-07-17 19:04:02.701904,
(be)236c,4,corn stover whole,156,47,xrf,pr,63.0,ppm,1,,38,knife mill (2mm),20.0,,jduong@lbl.gov,possessive,pass,,2026-07-17 19:04:02.701904,
(be)2404,26,spent oak chips,122,47,xrf,zn,11.0,ppm,1,,33,oven dry + knife mill (2mm),20.0,,jduong@lbl.gov,rigging,pass,,2026-07-17 19:04:02.701904,
(be)24c7,26,spent oak chips,122,47,xrf,u,17.0,ppm,3,,33,oven dry + knife mill (2mm),20.0,,jduong@lbl.gov,rigging,pass,,2026-07-17 19:04:02.701904,
(be)2718,4,corn stover whole,156,47,xrf,rb,23.0,ppm,3,,38,knife mill (2mm),20.0,,jduong@lbl.gov,possessive,pass,,2026-07-17 19:04:02.701904,
(be)273f,26,spent oak chips,122,47,xrf,pr,123.0,ppm,3,,33,oven dry + knife mill (2mm),20.0,,jduong@lbl.gov,rigging,pass,,2026-07-17 19:04:02.701904,
(be)29ea,26,spent oak chips,122,47,xrf,rb,10.0,ppm,2,,33,oven dry + knife mill (2mm),20.0,,jduong@lbl.gov,rigging,pass,,2026-07-17 19:04:02.701904,
(be)2bc8,26,spent oak chips,122,47,xrf,mn,24.0,ppm,3,,33,oven dry + knife mill (2mm),20.0,,jduong@lbl.gov,rigging,pass,,2026-07-17 19:04:02.701904,
(be)2cd8,26,spent oak chips,122,47,xrf,pb,4.0,ppm,1,,33,oven dry + knife mill (2mm),20.0,,jduong@lbl.gov,rigging,pass,,2026-07-17 19:04:02.701904,
(be)2e9d,4,corn stover whole,156,47,xrf,mg,13800.0,ppm,3,,38,knife mill (2mm),20.0,,jduong@lbl.gov,possessive,pass,,2026-07-17 19:04:02.701904,
(be)31c0,4,corn stover whole,156,47,xrf,s,1550.0,ppm,1,,38,knife mill (2mm),20.0,,jduong@lbl.gov,possessive,pass,,2026-07-17 19:04:02.701904,
(be)321d,4,corn stover whole,156,47,xrf,th,71.0,ppm,2,,38,knife mill (2mm),20.0,,jduong@lbl.gov,possessive,pass,,2026-07-17 19:04:02.701904,
(be)3619,26,spent oak chips,122,47,xrf,zn,12.0,ppm,3,,33,oven dry + knife mill (2mm),20.0,,jduong@lbl.gov,rigging,pass,,2026-07-17 19:04:02.701904,
(be)37de,4,corn stover whole,156,47,xrf,th,73.0,ppm,1,,38,knife mill (2mm),20.0,,jduong@lbl.gov,possessive,pass,,2026-07-17 19:04:02.701904,
(be)3a50,4,corn stover whole,156,47,xrf,si,39400.0,ppm,3,,38,knife mill (2mm),20.0,,jduong@lbl.gov,possessive,pass,,2026-07-17 19:04:02.701904,
(be)3a93,26,spent oak chips,122,47,xrf,la,35.0,ppm,3,,33,oven dry + knife mill (2mm),20.0,,jduong@lbl.gov,rigging,fail,other two replicates are <lod,2026-07-17 19:04:02.701904,
(be)3af1,4,corn stover whole,156,47,xrf,zn,115.0,ppm,2,,38,knife mill (2mm),20.0,,jduong@lbl.gov,possessive,pass,,2026-07-17 19:04:02.701904,
(be)3c81,4,corn stover whole,156,47,xrf,ti,623.0,ppm,2,,38,knife mill (2mm),20.0,,jduong@lbl.gov,possessive,pass,,2026-07-17 19:04:02.701904,
(be)3d4d,4,corn stover whole,156,47,xrf,th,78.0,ppm,3,,38,knife mill (2mm),20.0,,jduong@lbl.gov,possessive,pass,,2026-07-17 19:04:02.701904,
(be)3d58,4,corn stover whole,156,47,xrf,si,39300.0,ppm,2,,38,knife mill (2mm),20.0,,jduong@lbl.gov,possessive,pass,,2026-07-17 19:04:02.701904,
(be)3e56,26,spent oak chips,122,47,xrf,cu,10.0,ppm,3,,33,oven dry + knife mill (2mm),20.0,,jduong@lbl.gov,rigging,pass,,2026-07-17 19:04:02.701904,
(be)4380,4,corn stover whole,156,47,xrf,pr,64.0,ppm,2,,38,knife mill (2mm),20.0,,jduong@lbl.gov,possessive,pass,,2026-07-17 19:04:02.701904,
(be)4403,26,spent oak chips,122,47,xrf,ba,22.0,ppm,3,,33,oven dry + knife mill (2mm),20.0,,jduong@lbl.gov,rigging,pass,,2026-07-17 19:04:02.701904,
(be)46be,4,corn stover whole,156,47,xrf,k,27700.0,ppm,2,,38,knife mill (2mm),20.0,,jduong@lbl.gov,possessive,pass,,2026-07-17 19:04:02.701904,
(be)47e6,4,corn stover whole,156,47,xrf,al,11300.0,ppm,1,,38,knife mill (2mm),20.0,,jduong@lbl.gov,possessive,pass,,2026-07-17 19:04:02.701904,
(be)4ef0,4,corn stover whole,156,47,xrf,nd,70.0,ppm,1,,38,knife mill (2mm),20.0,,jduong@lbl.gov,possessive,pass,,2026-07-17 19:04:02.701904,
(be)52f8,4,corn stover whole,156,47,xrf,u,27.0,ppm,1,,38,knife mill (2mm),20.0,,jduong@lbl.gov,possessive,pass,,2026-07-17 19:04:02.701904,
(be)5311,4,corn stover whole,156,47,xrf,pr,50.0,ppm,3,,38,knife mill (2mm),20.0,,jduong@lbl.gov,possessive,pass,,2026-07-17 19:04:02.701904,
(be)5373,4,corn stover whole,156,47,xrf,s,1840.0,ppm,3,,38,knife mill (2mm),20.0,,jduong@lbl.gov,possessive,pass,,2026-07-17 19:04:02.701904,
(be)55ec,4,corn stover whole,156,47,xrf,ce,33.0,ppm,3,,38,knife mill (2mm),20.0,,jduong@lbl.gov,possessive,pass,,2026-07-17 19:04:02.701904,
(be)5a0f,26,spent oak chips,122,47,xrf,s,2110.0,ppm,1,,33,oven dry + knife mill (2mm),20.0,,jduong@lbl.gov,rigging,pass,,2026-07-17 19:04:02.701904,
(be)5a1e,4,corn stover whole,156,47,xrf,u,25.0,ppm,2,,38,knife mill (2mm),20.0,,jduong@lbl.gov,possessive,pass,,2026-07-17 19:04:02.701904,
(be)5d48,26,spent oak chips,122,47,xrf,ce,61.0,ppm,1,,33,oven dry + knife mill (2mm),20.0,,jduong@lbl.gov,rigging,pass,,2026-07-17 19:04:02.701904,
(be)5e1d,26,spent oak chips,122,47,xrf,ba,21.0,ppm,2,,33,oven dry + knife mill (2mm),20.0,,jduong@lbl.gov,rigging,pass,,2026-07-17 19:04:02.701904,
(be)608b,26,spent oak chips,122,47,xrf,u,16.0,ppm,2,,33,oven dry + knife mill (2mm),20.0,,jduong@lbl.gov,rigging,pass,,2026-07-17 19:04:02.701904,
(be)60d4,4,corn stover whole,156,47,xrf,mn,179.0,ppm,1,,38,knife mill (2mm),20.0,,jduong@lbl.gov,possessive,pass,,2026-07-17 19:04:02.701904,
(be)6344,26,spent oak chips,122,47,xrf,mn,22.0,ppm,1,,33,oven dry + knife mill (2mm),20.0,,jduong@lbl.gov,rigging,pass,,2026-07-17 19:04:02.701904,
(be)645f,26,spent oak chips,122,47,xrf,zn,13.0,ppm,2,,33,oven dry + knife mill (2mm),20.0,,jduong@lbl.gov,rigging,pass,,2026-07-17 19:04:02.701904,
(be)6834,26,spent oak chips,122,47,xrf,k,9000.0,ppm,3,,33,oven dry + knife mill (2mm),20.0,,jduong@lbl.gov,rigging,pass,,2026-07-17 19:04:02.701904,
(be)68e6,4,corn stover whole,156,47,xrf,cu,26.0,ppm,2,,38,knife mill (2mm),20.0,,jduong@lbl.gov,possessive,pass,,2026-07-17 19:04:02.701904,
(be)6aea,4,corn stover whole,156,47,xrf,zr,6.0,ppm,2,,38,knife mill (2mm),20.0,,jduong@lbl.gov,possessive,pass,,2026-07-17 19:04:02.701904,
(be)6e03,26,spent oak chips,122,47,xrf,mo,6.0,ppm,1,,33,oven dry + knife mill (2mm),20.0,,jduong@lbl.gov,rigging,pass,,2026-07-17 19:04:02.701904,
(be)6ed6,4,corn stover whole,156,47,xrf,ca,8270.0,ppm,1,,38,knife mill (2mm),20.0,,jduong@lbl.gov,possessive,pass,,2026-07-17 19:04:02.701904,
(be)709f,4,corn stover whole,156,47,xrf,sr,37.0,ppm,3,,38,knife mill (2mm),20.0,,jduong@lbl.gov,possessive,pass,,2026-07-17 19:04:02.701904,
(be)70ad,26,spent oak chips,122,47,xrf,p,456.0,ppm,3,,33,oven dry + knife mill (2mm),20.0,,jduong@lbl.gov,rigging,pass,,2026-07-17 19:04:02.701904,
(be)71bd,26,spent oak chips,122,47,xrf,rb,11.0,ppm,3,,33,oven dry + knife mill (2mm),20.0,,jduong@lbl.gov,rigging,pass,,2026-07-17 19:04:02.701904,
(be)7255,4,corn stover whole,156,47,xrf,sr,36.0,ppm,1,,38,knife mill (2mm),20.0,,jduong@lbl.gov,possessive,pass,,2026-07-17 19:04:02.701904,
(be)73ee,4,corn stover whole,156,47,xrf,ba,17.0,ppm,2,,38,knife mill (2mm),20.0,,jduong@lbl.gov,possessive,pass,,2026-07-17 19:04:02.701904,
(be)7a8b,26,spent oak chips,122,47,xrf,fe,56.0,ppm,1,,33,oven dry + knife mill (2mm),20.0,,jduong@lbl.gov,rigging,pass,,2026-07-17 19:04:02.701904,
(be)7e3d,4,corn stover whole,156,47,xrf,si,39500.0,ppm,1,,38,knife mill (2mm),20.0,,jduong@lbl.gov,possessive,pass,,2026-07-17 19:04:02.701904,
(be)8382,26,spent oak chips,122,47,xrf,co,8.0,ppm,2,,33,oven dry + knife mill (2mm),20.0,,jduong@lbl.gov,rigging,fail,other two replicates are <lod,2026-07-17 19:04:02.701904,
(be)88df,4,corn stover whole,156,47,xrf,cu,27.0,ppm,3,,38,knife mill (2mm),20.0,,jduong@lbl.gov,possessive,pass,,2026-07-17 19:04:02.701904,
(be)8e9c,4,corn stover whole,156,47,xrf,la,27.0,ppm,3,,38,knife mill (2mm),20.0,,jduong@lbl.gov,possessive,pass,,2026-07-17 19:04:02.701904,
(be)91d2,4,corn stover whole,156,47,xrf,pb,9.0,ppm,3,,38,knife mill (2mm),20.0,,jduong@lbl.gov,possessive,pass,,2026-07-17 19:04:02.701904,
(be)931d,4,corn stover whole,156,47,xrf,p,1600.0,ppm,1,,38,knife mill (2mm),20.0,,jduong@lbl.gov,possessive,pass,,2026-07-17 19:04:02.701904,
(be)9a38,4,corn stover whole,156,47,xrf,rb,22.0,ppm,1,,38,knife mill (2mm),20.0,,jduong@lbl.gov,possessive,pass,,2026-07-17 19:04:02.701904,
(be)9ba2,4,corn stover whole,156,47,xrf,cu,16.0,ppm,1,,38,knife mill (2mm),20.0,,jduong@lbl.gov,possessive,pass,,2026-07-17 19:04:02.701904,
(be)9c2a,26,spent oak chips,122,47,xrf,mo,6.0,ppm,3,,33,oven dry + knife mill (2mm),20.0,,jduong@lbl.gov,rigging,pass,,2026-07-17 19:04:02.701904,
(be)9fb4,26,spent oak chips,122,47,xrf,s,2190.0,ppm,3,,33,oven dry + knife mill (2mm),20.0,,jduong@lbl.gov,rigging,pass,,2026-07-17 19:04:02.701904,
(be)a0f9,4,corn stover whole,156,47,xrf,k,27600.0,ppm,3,,38,knife mill (2mm),20.0,,jduong@lbl.gov,possessive,pass,,2026-07-17 19:04:02.701904,
(be)a228,26,spent oak chips,122,47,xrf,rb,10.0,ppm,1,,33,oven dry + knife mill (2mm),20.0,,jduong@lbl.gov,rigging,pass,,2026-07-17 19:04:02.701904,
(be)a2b0,4,corn stover whole,156,47,xrf,ce,42.0,ppm,2,,38,knife mill (2mm),20.0,,jduong@lbl.gov,possessive,pass,,2026-07-17 19:04:02.701904,
(be)ad80,4,corn stover whole,156,47,xrf,al,10800.0,ppm,3,,38,knife mill (2mm),20.0,,jduong@lbl.gov,possessive,pass,,2026-07-17 19:04:02.701904,
(be)adea,4,corn stover whole,156,47,xrf,mo,8.0,ppm,1,,38,knife mill (2mm),20.0,,jduong@lbl.gov,possessive,fail,other two replicates are <lod,2026-07-17 19:04:02.701904,
(be)ae58,26,spent oak chips,122,47,xrf,sr,6.0,ppm,3,,33,oven dry + knife mill (2mm),20.0,,jduong@lbl.gov,rigging,pass,,2026-07-17 19:04:02.701904,
(be)aeea,26,spent oak chips,122,47,xrf,p,455.0,ppm,2,,33,oven dry + knife mill (2mm),20.0,,jduong@lbl.gov,rigging,pass,,2026-07-17 19:04:02.701904,
(be)b376,26,spent oak chips,122,47,xrf,pr,88.0,ppm,2,,33,oven dry + knife mill (2mm),20.0,,jduong@lbl.gov,rigging,pass,,2026-07-17 19:04:02.701904,
(be)b4fc,4,corn stover whole,156,47,xrf,pb,8.0,ppm,2,,38,knife mill (2mm),20.0,,jduong@lbl.gov,possessive,pass,,2026-07-17 19:04:02.701904,
(be)b719,26,spent oak chips,122,47,xrf,th,62.0,ppm,1,,33,oven dry + knife mill (2mm),20.0,,jduong@lbl.gov,rigging,pass,,2026-07-17 19:04:02.701904,
(be)bdb7,26,spent oak chips,122,47,xrf,sr,6.0,ppm,2,,33,oven dry + knife mill (2mm),20.0,,jduong@lbl.gov,rigging,pass,,2026-07-17 19:04:02.701904,
(be)c08e,4,corn stover whole,156,47,xrf,zn,112.0,ppm,3,,38,knife mill (2mm),20.0,,jduong@lbl.gov,possessive,pass,,2026-07-17 19:04:02.701904,
(be)c145,4,corn stover whole,156,47,xrf,la,30.0,ppm,2,,38,knife mill (2mm),20.0,,jduong@lbl.gov,possessive,pass,,2026-07-17 19:04:02.701904,
(be)c29a,4,corn stover whole,156,47,xrf,mg,10100.0,ppm,2,,38,knife mill (2mm),20.0,,jduong@lbl.gov,possessive,pass,,2026-07-17 19:04:02.701904,
(be)cb2c,26,spent oak chips,122,47,xrf,s,2210.0,ppm,2,,33,oven dry + knife mill (2mm),20.0,,jduong@lbl.gov,rigging,pass,,2026-07-17 19:04:02.701904,
(be)cb37,4,corn stover whole,156,47,xrf,fe,4410.0,ppm,2,,38,knife mill (2mm),20.0,,jduong@lbl.gov,possessive,pass,,2026-07-17 19:04:02.701904,
(be)cbe5,26,spent oak chips,122,47,xrf,ca,973.0,ppm,1,,33,oven dry + knife mill (2mm),20.0,,jduong@lbl.gov,rigging,pass,,2026-07-17 19:04:02.701904,
(be)cd1f,4,corn stover whole,156,47,xrf,k,28500.0,ppm,1,,38,knife mill (2mm),20.0,,jduong@lbl.gov,possessive,pass,,2026-07-17 19:04:02.701904,
(be)ce27,26,spent oak chips,122,47,xrf,th,61.0,ppm,2,,33,oven dry + knife mill (2mm),20.0,,jduong@lbl.gov,rigging,pass,,2026-07-17 19:04:02.701904,
(be)cefc,26,spent oak chips,122,47,xrf,ca,982.0,ppm,2,,33,oven dry + knife mill (2mm),20.0,,jduong@lbl.gov,rigging,pass,,2026-07-17 19:04:02.701904,
(be)cff5,4,corn stover whole,156,47,xrf,ca,9020.0,ppm,2,,38,knife mill (2mm),20.0,,jduong@lbl.gov,possessive,pass,,2026-07-17 19:04:02.701904,
(be)d078,4,corn stover whole,156,47,xrf,pb,7.0,ppm,1,,38,knife mill (2mm),20.0,,jduong@lbl.gov,possessive,pass,,2026-07-17 19:04:02.701904,
(be)d183,4,corn stover whole,156,47,xrf,rb,23.0,ppm,2,,38,knife mill (2mm),20.0,,jduong@lbl.gov,possessive,pass,,2026-07-17 19:04:02.701904,
(be)d206,26,spent oak chips,122,47,xrf,sr,5.0,ppm,1,,33,oven dry + knife mill (2mm),20.0,,jduong@lbl.gov,rigging,pass,,2026-07-17 19:04:02.701904,
(be)d31b,4,corn stover whole,156,47,xrf,zr,8.0,ppm,3,,38,knife mill (2mm),20.0,,jduong@lbl.gov,possessive,pass,,2026-07-17 19:04:02.701904,
(be)d433,26,spent oak chips,122,47,xrf,si,789.0,ppm,1,,33,oven dry + knife mill (2mm),20.0,,jduong@lbl.gov,rigging,pass,,2026-07-17 19:04:02.701904,
(be)d4cd,4,corn stover whole,156,47,xrf,fe,4380.0,ppm,3,,38,knife mill (2mm),20.0,,jduong@lbl.gov,possessive,pass,,2026-07-17 19:04:02.701904,
(be)d649,26,spent oak chips,122,47,xrf,th,56.0,ppm,3,,33,oven dry + knife mill (2mm),20.0,,jduong@lbl.gov,rigging,pass,,2026-07-17 19:04:02.701904,
(be)d6c1,26,spent oak chips,122,47,xrf,si,775.0,ppm,2,,33,oven dry + knife mill (2mm),20.0,,jduong@lbl.gov,rigging,pass,,2026-07-17 19:04:02.701904,
(be)d70b,4,corn stover whole,156,47,xrf,ba,24.0,ppm,1,,38,knife mill (2mm),20.0,,jduong@lbl.gov,possessive,pass,,2026-07-17 19:04:02.701904,
(be)d7b1,26,spent oak chips,122,47,xrf,ce,87.0,ppm,2,,33,oven dry + knife mill (2mm),20.0,,jduong@lbl.gov,rigging,pass,,2026-07-17 19:04:02.701904,
(be)da16,4,corn stover whole,156,47,xrf,ca,9050.0,ppm,3,,38,knife mill (2mm),20.0,,jduong@lbl.gov,possessive,pass,,2026-07-17 19:04:02.701904,
(be)da34,4,corn stover whole,156,47,xrf,al,11100.0,ppm,2,,38,knife mill (2mm),20.0,,jduong@lbl.gov,possessive,pass,,2026-07-17 19:04:02.701904,
(be)daf7,4,corn stover whole,156,47,xrf,ti,555.0,ppm,3,,38,knife mill (2mm),20.0,,jduong@lbl.gov,possessive,pass,,2026-07-17 19:04:02.701904,
(be)de63,26,spent oak chips,122,47,xrf,fe,58.0,ppm,3,,33,oven dry + knife mill (2mm),20.0,,jduong@lbl.gov,rigging,pass,,2026-07-17 19:04:02.701904,
(be)e133,4,corn stover whole,156,47,xrf,mn,185.0,ppm,2,,38,knife mill (2mm),20.0,,jduong@lbl.gov,possessive,pass,,2026-07-17 19:04:02.701904,
(be)e154,26,spent oak chips,122,47,xrf,si,840.0,ppm,3,,33,oven dry + knife mill (2mm),20.0,,jduong@lbl.gov,rigging,pass,,2026-07-17 19:04:02.701904,
(be)e28c,26,spent oak chips,122,47,xrf,k,9060.0,ppm,2,,33,oven dry + knife mill (2mm),20.0,,jduong@lbl.gov,rigging,pass,,2026-07-17 19:04:02.701904,
(be)e32d,26,spent oak chips,122,47,xrf,fe,71.0,ppm,2,,33,oven dry + knife mill (2mm),20.0,,jduong@lbl.gov,rigging,pass,,2026-07-17 19:04:02.701904,
(be)e507,4,corn stover whole,156,47,xrf,zr,7.0,ppm,1,,38,knife mill (2mm),20.0,,jduong@lbl.gov,possessive,pass,,2026-07-17 19:04:02.701904,
(be)e509,4,corn stover whole,156,47,xrf,mn,216.0,ppm,3,,38,knife mill (2mm),20.0,,jduong@lbl.gov,possessive,pass,,2026-07-17 19:04:02.701904,
(be)e5f1,4,corn stover whole,156,47,xrf,ba,25.0,ppm,3,,38,knife mill (2mm),20.0,,jduong@lbl.gov,possessive,pass,,2026-07-17 19:04:02.701904,
(be)e69c,26,spent oak chips,122,47,xrf,pb,4.0,ppm,3,,33,oven dry + knife mill (2mm),20.0,,jduong@lbl.gov,rigging,pass,,2026-07-17 19:04:02.701904,
(be)e958,4,corn stover whole,156,47,xrf,mg,11400.0,ppm,1,,38,knife mill (2mm),20.0,,jduong@lbl.gov,possessive,pass,,2026-07-17 19:04:02.701904,
(be)ed67,26,spent oak chips,122,47,xrf,p,411.0,ppm,1,,33,oven dry + knife mill (2mm),20.0,,jduong@lbl.gov,rigging,pass,,2026-07-17 19:04:02.701904,
(be)f383,26,spent oak chips,122,47,xrf,u,20.0,ppm,1,,33,oven dry + knife mill (2mm),20.0,,jduong@lbl.gov,rigging,pass,,2026-07-17 19:04:02.701904,
(be)f78a,4,corn stover whole,156,47,xrf,ti,699.0,ppm,1,,38,knife mill (2mm),20.0,,jduong@lbl.gov,possessive,pass,,2026-07-17 19:04:02.701904,
(be)ffb7,4,corn stover whole,156,47,xrf,nd,94.0,ppm,2,,38,knife mill (2mm),20.0,,jduong@lbl.gov,possessive,pass,,2026-07-17 19:04:02.701904,
(c0)00a9,9,pistachio hulls,133,47,xrf,sr,45.0,ppm,1,,33,oven dry + knife mill (2mm),20.0,,jduong@lbl.gov,stuntman,pass,,2026-07-17 19:04:02.701904,
(c0)01f2,9,pistachio hulls,133,47,xrf,fe,525.0,ppm,1,,33,oven dry + knife mill (2mm),20.0,,jduong@lbl.gov,stuntman,pass,,2026-07-17 19:04:02.701904,
(c0)05c3,9,pistachio hulls,133,47,xrf,p,1160.0,ppm,2,,33,oven dry + knife mill (2mm),20.0,,jduong@lbl.gov,stuntman,pass,,2026-07-17 19:04:02.701904,
(c0)096a,9,pistachio hulls,133,47,xrf,rb,17.0,ppm,2,,33,oven dry + knife mill (2mm),20.0,,jduong@lbl.gov,stuntman,pass,,2026-07-17 19:04:02.701904,
(c0)1562,9,pistachio hulls,133,47,xrf,p,1190.0,ppm,3,,33,oven dry + knife mill (2mm),20.0,,jduong@lbl.gov,stuntman,pass,,2026-07-17 19:04:02.701904,
(c0)1893,9,pistachio hulls,133,47,xrf,mn,55.0,ppm,1,,33,oven dry + knife mill (2mm),20.0,,jduong@lbl.gov,stuntman,pass,,2026-07-17 19:04:02.701904,
(c0)1b7d,9,pistachio hulls,133,47,xrf,ca,6870.0,ppm,3,,33,oven dry + knife mill (2mm),20.0,,jduong@lbl.gov,stuntman,pass,,2026-07-17 19:04:02.701904,
(c0)1ced,9,pistachio hulls,133,47,xrf,sr,46.0,ppm,2,,33,oven dry + knife mill (2mm),20.0,,jduong@lbl.gov,stuntman,pass,,2026-07-17 19:04:02.701904,
(c0)229f,9,pistachio hulls,133,47,xrf,rb,16.0,ppm,3,,33,oven dry + knife mill (2mm),20.0,,jduong@lbl.gov,stuntman,pass,,2026-07-17 19:04:02.701904,
(c0)2661,9,pistachio hulls,133,47,xrf,mn,36.0,ppm,2,,33,oven dry + knife mill (2mm),20.0,,jduong@lbl.gov,stuntman,pass,,2026-07-17 19:04:02.701904,
(c0)2a62,9,pistachio hulls,133,47,xrf,nd,96.0,ppm,3,,33,oven dry + knife mill (2mm),20.0,,jduong@lbl.gov,stuntman,pass,,2026-07-17 19:04:02.701904,
(c0)2adb,9,pistachio hulls,133,47,xrf,pr,83.0,ppm,3,,33,oven dry + knife mill (2mm),20.0,,jduong@lbl.gov,stuntman,pass,,2026-07-17 19:04:02.701904,
(c0)2d8d,9,pistachio hulls,133,47,xrf,la,36.0,ppm,1,,33,oven dry + knife mill (2mm),20.0,,jduong@lbl.gov,stuntman,fail,other two replicates are <lod,2026-07-17 19:04:02.701904,
(c0)2d99,9,pistachio hulls,133,47,xrf,zn,25.0,ppm,2,,33,oven dry + knife mill (2mm),20.0,,jduong@lbl.gov,stuntman,pass,,2026-07-17 19:04:02.701904,
(c0)31fc,9,pistachio hulls,133,47,xrf,si,1520.0,ppm,3,,33,oven dry + knife mill (2mm),20.0,,jduong@lbl.gov,stuntman,pass,,2026-07-17 19:04:02.701904,
(c0)3368,9,pistachio hulls,133,47,xrf,ca,7350.0,ppm,2,,33,oven dry + knife mill (2mm),20.0,,jduong@lbl.gov,stuntman,pass,,2026-07-17 19:04:02.701904,
(c0)3ebc,9,pistachio hulls,133,47,xrf,k,33000.0,ppm,3,,33,oven dry + knife mill (2mm),20.0,,jduong@lbl.gov,stuntman,pass,,2026-07-17 19:04:02.701904,
(c0)3f63,9,pistachio hulls,133,47,xrf,fe,493.0,ppm,3,,33,oven dry + knife mill (2mm),20.0,,jduong@lbl.gov,stuntman,pass,,2026-07-17 19:04:02.701904,
(c0)490e,9,pistachio hulls,133,47,xrf,k,33400.0,ppm,1,,33,oven dry + knife mill (2mm),20.0,,jduong@lbl.gov,stuntman,pass,,2026-07-17 19:04:02.701904,
(c0)4f88,9,pistachio hulls,133,47,xrf,si,1590.0,ppm,2,,33,oven dry + knife mill (2mm),20.0,,jduong@lbl.gov,stuntman,pass,,2026-07-17 19:04:02.701904,
(c0)5cb5,9,pistachio hulls,133,47,xrf,ba,33.0,ppm,1,,33,oven dry + knife mill (2mm),20.0,,jduong@lbl.gov,stuntman,fail,other two replicates are <lod,2026-07-17 19:04:02.701904,
(c0)5e43,9,pistachio hulls,133,47,xrf,nd,95.0,ppm,1,,33,oven dry + knife mill (2mm),20.0,,jduong@lbl.gov,stuntman,pass,,2026-07-17 19:04:02.701904,
(c0)5f78,9,pistachio hulls,133,47,xrf,u,15.0,ppm,1,,33,oven dry + knife mill (2mm),20.0,,jduong@lbl.gov,stuntman,pass,,2026-07-17 19:04:02.701904,
(c0)65fa,9,pistachio hulls,133,47,xrf,fe,531.0,ppm,2,,33,oven dry + knife mill (2mm),20.0,,jduong@lbl.gov,stuntman,pass,,2026-07-17 19:04:02.701904,
(c0)6630,9,pistachio hulls,133,47,xrf,th,48.0,ppm,1,,33,oven dry + knife mill (2mm),20.0,,jduong@lbl.gov,stuntman,pass,,2026-07-17 19:04:02.701904,
(c0)6652,9,pistachio hulls,133,47,xrf,s,2010.0,ppm,3,,33,oven dry + knife mill (2mm),20.0,,jduong@lbl.gov,stuntman,pass,,2026-07-17 19:04:02.701904,
(c0)6e28,9,pistachio hulls,133,47,xrf,rb,17.0,ppm,1,,33,oven dry + knife mill (2mm),20.0,,jduong@lbl.gov,stuntman,pass,,2026-07-17 19:04:02.701904,
(c0)6fcc,9,pistachio hulls,133,47,xrf,th,52.0,ppm,2,,33,oven dry + knife mill (2mm),20.0,,jduong@lbl.gov,stuntman,pass,,2026-07-17 19:04:02.701904,
(c0)8140,9,pistachio hulls,133,47,xrf,th,42.0,ppm,3,,33,oven dry + knife mill (2mm),20.0,,jduong@lbl.gov,stuntman,pass,,2026-07-17 19:04:02.701904,
(c0)8d08,9,pistachio hulls,133,47,xrf,s,1980.0,ppm,2,,33,oven dry + knife mill (2mm),20.0,,jduong@lbl.gov,stuntman,pass,,2026-07-17 19:04:02.701904,
(c0)9d66,9,pistachio hulls,133,47,xrf,ti,240.0,ppm,3,,33,oven dry + knife mill (2mm),20.0,,jduong@lbl.gov,stuntman,fail,other two replicates are <lod,2026-07-17 19:04:02.701904,
(c0)acc3,9,pistachio hulls,133,47,xrf,si,1420.0,ppm,1,,33,oven dry + knife mill (2mm),20.0,,jduong@lbl.gov,stuntman,pass,,2026-07-17 19:04:02.701904,
(c0)b16d,9,pistachio hulls,133,47,xrf,cu,23.0,ppm,2,,33,oven dry + knife mill (2mm),20.0,,jduong@lbl.gov,stuntman,pass,,2026-07-17 19:04:02.701904,
(c0)be79,9,pistachio hulls,133,47,xrf,p,1210.0,ppm,1,,33,oven dry + knife mill (2mm),20.0,,jduong@lbl.gov,stuntman,pass,,2026-07-17 19:04:02.701904,
(c0)c33e,9,pistachio hulls,133,47,xrf,zn,26.0,ppm,3,,33,oven dry + knife mill (2mm),20.0,,jduong@lbl.gov,stuntman,pass,,2026-07-17 19:04:02.701904,
(c0)cc52,9,pistachio hulls,133,47,xrf,cu,22.0,ppm,1,,33,oven dry + knife mill (2mm),20.0,,jduong@lbl.gov,stuntman,pass,,2026-07-17 19:04:02.701904,
(c0)d568,9,pistachio hulls,133,47,xrf,sr,47.0,ppm,3,,33,oven dry + knife mill (2mm),20.0,,jduong@lbl.gov,stuntman,pass,,2026-07-17 19:04:02.701904,
(c0)d6b9,9,pistachio hulls,133,47,xrf,cu,19.0,ppm,3,,33,oven dry + knife mill (2mm),20.0,,jduong@lbl.gov,stuntman,pass,,2026-07-17 19:04:02.701904,
(c0)dd8b,9,pistachio hulls,133,47,xrf,pr,93.0,ppm,1,,33,oven dry + knife mill (2mm),20.0,,jduong@lbl.gov,stuntman,pass,,2026-07-17 19:04:02.701904,
(c0)de33,9,pistachio hulls,133,47,xrf,u,15.0,ppm,3,,33,oven dry + knife mill (2mm),20.0,,jduong@lbl.gov,stuntman,pass,,2026-07-17 19:04:02.701904,
(c0)de77,9,pistachio hulls,133,47,xrf,k,33300.0,ppm,2,,33,oven dry + knife mill (2mm),20.0,,jduong@lbl.gov,stuntman,pass,,2026-07-17 19:04:02.701904,
(c0)dfc4,9,pistachio hulls,133,47,xrf,u,16.0,ppm,2,,33,oven dry + knife mill (2mm),20.0,,jduong@lbl.gov,stuntman,pass,,2026-07-17 19:04:02.701904,
(c0)e129,9,pistachio hulls,133,47,xrf,ca,6820.0,ppm,1,,33,oven dry + knife mill (2mm),20.0,,jduong@lbl.gov,stuntman,pass,,2026-07-17 19:04:02.701904,
(c0)e56a,9,pistachio hulls,133,47,xrf,mn,30.0,ppm,3,,33,oven dry + knife mill (2mm),20.0,,jduong@lbl.gov,stuntman,pass,,2026-07-17 19:04:02.701904,
(c0)fa23,9,pistachio hulls,133,47,xrf,s,2030.0,ppm,1,,33,oven dry + knife mill (2mm),20.0,,jduong@lbl.gov,stuntman,pass,,2026-07-17 19:04:02.701904,
(c0)faea,9,pistachio hulls,133,47,xrf,zn,26.0,ppm,1,,33,oven dry + knife mill (2mm),20.0,,jduong@lbl.gov,stuntman,pass,,2026-07-17 19:04:02.701904,
(ca)10cd,27,rice straw,155,47,xrf,u,18.0,ppm,2,,38,knife mill (2mm),20.0,,jduong@lbl.gov,possessive,pass,,2026-07-17 19:04:02.701904,
(ca)2363,27,rice straw,155,47,xrf,k,31500.0,ppm,1,,38,knife mill (2mm),20.0,,jduong@lbl.gov,possessive,pass,,2026-07-17 19:04:02.701904,
(ca)2929,27,rice straw,155,47,xrf,th,67.0,ppm,2,,38,knife mill (2mm),20.0,,jduong@lbl.gov,possessive,pass,,2026-07-17 19:04:02.701904,
(ca)360b,27,rice straw,155,47,xrf,s,2400.0,ppm,3,,38,knife mill (2mm),20.0,,jduong@lbl.gov,possessive,pass,,2026-07-17 19:04:02.701904,
(ca)3684,27,rice straw,155,47,xrf,pb,5.0,ppm,3,,38,knife mill (2mm),20.0,,jduong@lbl.gov,possessive,pass,,2026-07-17 19:04:02.701904,
(ca)3de4,27,rice straw,155,47,xrf,cu,10.0,ppm,1,,38,knife mill (2mm),20.0,,jduong@lbl.gov,possessive,pass,,2026-07-17 19:04:02.701904,
(ca)4da8,27,rice straw,155,47,xrf,ca,6970.0,ppm,3,,38,knife mill (2mm),20.0,,jduong@lbl.gov,possessive,pass,,2026-07-17 19:04:02.701904,
(ca)4de6,27,rice straw,155,47,xrf,pb,5.0,ppm,2,,38,knife mill (2mm),20.0,,jduong@lbl.gov,possessive,pass,,2026-07-17 19:04:02.701904,
(ca)4e6a,27,rice straw,155,47,xrf,mg,5900.0,ppm,3,,38,knife mill (2mm),20.0,,jduong@lbl.gov,possessive,pass,,2026-07-17 19:04:02.701904,
(ca)53a9,27,rice straw,155,47,xrf,cu,12.0,ppm,2,,38,knife mill (2mm),20.0,,jduong@lbl.gov,possessive,pass,,2026-07-17 19:04:02.701904,
(ca)55c0,27,rice straw,155,47,xrf,ca,6930.0,ppm,1,,38,knife mill (2mm),20.0,,jduong@lbl.gov,possessive,pass,,2026-07-17 19:04:02.701904,
(ca)5e4c,27,rice straw,155,47,xrf,p,2200.0,ppm,2,,38,knife mill (2mm),20.0,,jduong@lbl.gov,possessive,pass,,2026-07-17 19:04:02.701904,
(ca)619c,27,rice straw,155,47,xrf,s,2360.0,ppm,1,,38,knife mill (2mm),20.0,,jduong@lbl.gov,possessive,pass,,2026-07-17 19:04:02.701904,
(ca)621b,27,rice straw,155,47,xrf,zn,56.0,ppm,2,,38,knife mill (2mm),20.0,,jduong@lbl.gov,possessive,pass,,2026-07-17 19:04:02.701904,
(ca)6373,27,rice straw,155,47,xrf,ce,42.0,ppm,2,,38,knife mill (2mm),20.0,,jduong@lbl.gov,possessive,pass,,2026-07-17 19:04:02.701904,
(ca)64ab,27,rice straw,155,47,xrf,si,88000.0,ppm,3,,38,knife mill (2mm),20.0,,jduong@lbl.gov,possessive,pass,,2026-07-17 19:04:02.701904,
(ca)6a81,27,rice straw,155,47,xrf,s,2270.0,ppm,2,,38,knife mill (2mm),20.0,,jduong@lbl.gov,possessive,pass,,2026-07-17 19:04:02.701904,
(ca)6e9c,27,rice straw,155,47,xrf,th,66.0,ppm,3,,38,knife mill (2mm),20.0,,jduong@lbl.gov,possessive,pass,,2026-07-17 19:04:02.701904,
(ca)6f27,27,rice straw,155,47,xrf,ca,7030.0,ppm,2,,38,knife mill (2mm),20.0,,jduong@lbl.gov,possessive,pass,,2026-07-17 19:04:02.701904,
(ca)6f9b,27,rice straw,155,47,xrf,nd,92.0,ppm,3,,38,knife mill (2mm),20.0,,jduong@lbl.gov,possessive,fail,other two replicates are <lod,2026-07-17 19:04:02.701904,
(ca)7a2f,27,rice straw,155,47,xrf,p,2210.0,ppm,3,,38,knife mill (2mm),20.0,,jduong@lbl.gov,possessive,pass,,2026-07-17 19:04:02.701904,
(ca)7b51,27,rice straw,155,47,xrf,mn,1380.0,ppm,1,,38,knife mill (2mm),20.0,,jduong@lbl.gov,possessive,pass,,2026-07-17 19:04:02.701904,
(ca)7bb3,27,rice straw,155,47,xrf,mn,1360.0,ppm,3,,38,knife mill (2mm),20.0,,jduong@lbl.gov,possessive,pass,,2026-07-17 19:04:02.701904,
(ca)7d23,27,rice straw,155,47,xrf,sr,19.0,ppm,2,,38,knife mill (2mm),20.0,,jduong@lbl.gov,possessive,pass,,2026-07-17 19:04:02.701904,
(ca)81ce,27,rice straw,155,47,xrf,zn,54.0,ppm,3,,38,knife mill (2mm),20.0,,jduong@lbl.gov,possessive,pass,,2026-07-17 19:04:02.701904,
(ca)84b4,27,rice straw,155,47,xrf,al,953.0,ppm,2,,38,knife mill (2mm),20.0,,jduong@lbl.gov,possessive,fail,other two replicates are <lod,2026-07-17 19:04:02.701904,
(ca)862e,27,rice straw,155,47,xrf,mo,33.0,ppm,3,,38,knife mill (2mm),20.0,,jduong@lbl.gov,possessive,pass,,2026-07-17 19:04:02.701904,
(ca)87b6,27,rice straw,155,47,xrf,u,22.0,ppm,1,,38,knife mill (2mm),20.0,,jduong@lbl.gov,possessive,pass,,2026-07-17 19:04:02.701904,
(ca)8bb3,27,rice straw,155,47,xrf,p,2050.0,ppm,1,,38,knife mill (2mm),20.0,,jduong@lbl.gov,possessive,pass,,2026-07-17 19:04:02.701904,
(ca)8c5c,27,rice straw,155,47,xrf,si,86700.0,ppm,2,,38,knife mill (2mm),20.0,,jduong@lbl.gov,possessive,pass,,2026-07-17 19:04:02.701904,
(ca)8fe9,27,rice straw,155,47,xrf,fe,393.0,ppm,2,,38,knife mill (2mm),20.0,,jduong@lbl.gov,possessive,pass,,2026-07-17 19:04:02.701904,
(ca)95a1,27,rice straw,155,47,xrf,mn,1370.0,ppm,2,,38,knife mill (2mm),20.0,,jduong@lbl.gov,possessive,pass,,2026-07-17 19:04:02.701904,
(ca)9799,27,rice straw,155,47,xrf,ce,50.0,ppm,3,,38,knife mill (2mm),20.0,,jduong@lbl.gov,possessive,pass,,2026-07-17 19:04:02.701904,
(ca)9c69,27,rice straw,155,47,xrf,mo,31.0,ppm,2,,38,knife mill (2mm),20.0,,jduong@lbl.gov,possessive,pass,,2026-07-17 19:04:02.701904,
(ca)9ca4,27,rice straw,155,47,xrf,sr,22.0,ppm,1,,38,knife mill (2mm),20.0,,jduong@lbl.gov,possessive,pass,,2026-07-17 19:04:02.701904,
(ca)9cbb,27,rice straw,155,47,xrf,cu,10.0,ppm,3,,38,knife mill (2mm),20.0,,jduong@lbl.gov,possessive,pass,,2026-07-17 19:04:02.701904,
(ca)9e64,27,rice straw,155,47,xrf,fe,362.0,ppm,3,,38,knife mill (2mm),20.0,,jduong@lbl.gov,possessive,pass,,2026-07-17 19:04:02.701904,
(ca)a5ac,27,rice straw,155,47,xrf,mo,31.0,ppm,1,,38,knife mill (2mm),20.0,,jduong@lbl.gov,possessive,pass,,2026-07-17 19:04:02.701904,
(ca)b00e,27,rice straw,155,47,xrf,ba,23.0,ppm,3,,38,knife mill (2mm),20.0,,jduong@lbl.gov,possessive,fail,other two replicates are <lod,2026-07-17 19:04:02.701904,
(ca)b1a3,27,rice straw,155,47,xrf,fe,405.0,ppm,1,,38,knife mill (2mm),20.0,,jduong@lbl.gov,possessive,pass,,2026-07-17 19:04:02.701904,
(ca)bd42,27,rice straw,155,47,xrf,rb,4.0,ppm,1,,38,knife mill (2mm),20.0,,jduong@lbl.gov,possessive,pass,,2026-07-17 19:04:02.701904,
(ca)c433,27,rice straw,155,47,xrf,k,32700.0,ppm,2,,38,knife mill (2mm),20.0,,jduong@lbl.gov,possessive,pass,,2026-07-17 19:04:02.701904,
(ca)c756,27,rice straw,155,47,xrf,pr,58.0,ppm,3,,38,knife mill (2mm),20.0,,jduong@lbl.gov,possessive,fail,other two replicates are <lod,2026-07-17 19:04:02.701904,
(ca)c874,27,rice straw,155,47,xrf,sr,22.0,ppm,3,,38,knife mill (2mm),20.0,,jduong@lbl.gov,possessive,pass,,2026-07-17 19:04:02.701904,
(ca)c976,27,rice straw,155,47,xrf,rb,4.0,ppm,2,,38,knife mill (2mm),20.0,,jduong@lbl.gov,possessive,pass,,2026-07-17 19:04:02.701904,
(ca)d8fa,27,rice straw,155,47,xrf,th,71.0,ppm,1,,38,knife mill (2mm),20.0,,jduong@lbl.gov,possessive,pass,,2026-07-17 19:04:02.701904,
(ca)db5e,27,rice straw,155,47,xrf,mg,7890.0,ppm,1,,38,knife mill (2mm),20.0,,jduong@lbl.gov,possessive,pass,,2026-07-17 19:04:02.701904,
(ca)de5b,27,rice straw,155,47,xrf,rb,5.0,ppm,3,,38,knife mill (2mm),20.0,,jduong@lbl.gov,possessive,pass,,2026-07-17 19:04:02.701904,
(ca)dee4,27,rice straw,155,47,xrf,k,32900.0,ppm,3,,38,knife mill (2mm),20.0,,jduong@lbl.gov,possessive,pass,,2026-07-17 19:04:02.701904,
(ca)eb21,27,rice straw,155,47,xrf,u,16.0,ppm,3,,38,knife mill (2mm),20.0,,jduong@lbl.gov,possessive,pass,,2026-07-17 19:04:02.701904,
(ca)ecb4,27,rice straw,155,47,xrf,la,33.0,ppm,3,,38,knife mill (2mm),20.0,,jduong@lbl.gov,possessive,fail,other two replicates are <lod,2026-07-17 19:04:02.701904,
(ca)f74a,27,rice straw,155,47,xrf,zn,58.0,ppm,1,,38,knife mill (2mm),20.0,,jduong@lbl.gov,possessive,pass,,2026-07-17 19:04:02.701904,
(ca)fdff,27,rice straw,155,47,xrf,si,88900.0,ppm,1,,38,knife mill (2mm),20.0,,jduong@lbl.gov,possessive,pass,,2026-07-17 19:04:02.701904,
(cd)0261,25,almond hulls,39,46,xrf,cr,0.0,ppm,1,,39,as is,14.0,,xkang2@lbl.gov,vibrant,provisional,,2026-07-17 19:04:02.701904,
(cd)16ec,25,almond hulls,39,46,xrf,sn,0.0,ppm,1,,39,as is,14.0,,xkang2@lbl.gov,vibrant,provisional,,2026-07-17 19:04:02.701904,
(cd)1ad7,25,almond hulls,39,46,xrf,u,13.0,ppm,1,,39,as is,14.0,,xkang2@lbl.gov,vibrant,provisional,,2026-07-17 19:04:02.701904,
(cd)2109,25,almond hulls,39,46,xrf,s,421.0,ppm,1,,39,as is,14.0,,xkang2@lbl.gov,vibrant,provisional,,2026-07-17 19:04:02.701904,
(cd)241e,25,almond hulls,39,46,xrf,ni,0.0,ppm,1,,39,as is,14.0,,xkang2@lbl.gov,vibrant,provisional,,2026-07-17 19:04:02.701904,
(cd)3b14,25,almond hulls,39,46,xrf,rb,22.0,ppm,1,,39,as is,14.0,,xkang2@lbl.gov,vibrant,provisional,,2026-07-17 19:04:02.701904,
(cd)3bd1,25,almond hulls,39,46,xrf,ce,50.0,ppm,1,,39,as is,14.0,,xkang2@lbl.gov,vibrant,provisional,,2026-07-17 19:04:02.701904,
(cd)3c87,25,almond hulls,39,46,xrf,p,388.0,ppm,1,,39,as is,14.0,,xkang2@lbl.gov,vibrant,provisional,,2026-07-17 19:04:02.701904,
(cd)4015,25,almond hulls,39,46,xrf,co,0.0,ppm,1,,39,as is,14.0,,xkang2@lbl.gov,vibrant,provisional,,2026-07-17 19:04:02.701904,
(cd)47e4,25,almond hulls,39,46,xrf,zn,16.0,ppm,1,,39,as is,14.0,,xkang2@lbl.gov,vibrant,provisional,,2026-07-17 19:04:02.701904,
(cd)4c8c,25,almond hulls,39,46,xrf,nd,108.0,ppm,1,,39,as is,14.0,,xkang2@lbl.gov,vibrant,provisional,,2026-07-17 19:04:02.701904,
(cd)5c10,25,almond hulls,39,46,xrf,sb,0.0,ppm,1,,39,as is,14.0,,xkang2@lbl.gov,vibrant,provisional,,2026-07-17 19:04:02.701904,
(cd)5fea,25,almond hulls,39,46,xrf,si,12400.0,ppm,1,,39,as is,14.0,,xkang2@lbl.gov,vibrant,provisional,,2026-07-17 19:04:02.701904,
(cd)637a,25,almond hulls,39,46,xrf,pb,0.0,ppm,1,,39,as is,14.0,,xkang2@lbl.gov,vibrant,provisional,,2026-07-17 19:04:02.701904,
(cd)6989,25,almond hulls,39,46,xrf,la,44.0,ppm,1,,39,as is,14.0,,xkang2@lbl.gov,vibrant,provisional,,2026-07-17 19:04:02.701904,
(cd)7b22,25,almond hulls,39,46,xrf,ti,245.0,ppm,1,,39,as is,14.0,,xkang2@lbl.gov,vibrant,provisional,,2026-07-17 19:04:02.701904,
(cd)80be,25,almond hulls,39,46,xrf,ba,39.0,ppm,1,,39,as is,14.0,,xkang2@lbl.gov,vibrant,provisional,,2026-07-17 19:04:02.701904,
(cd)83c2,25,almond hulls,39,46,xrf,mg,0.0,ppm,1,,39,as is,14.0,,xkang2@lbl.gov,vibrant,provisional,,2026-07-17 19:04:02.701904,
(cd)8595,25,almond hulls,39,46,xrf,se,0.0,ppm,1,,39,as is,14.0,,xkang2@lbl.gov,vibrant,provisional,,2026-07-17 19:04:02.701904,
(cd)86af,25,almond hulls,39,46,xrf,w,0.0,ppm,1,,39,as is,14.0,,xkang2@lbl.gov,vibrant,provisional,,2026-07-17 19:04:02.701904,
(cd)88bb,25,almond hulls,39,46,xrf,al,4670.0,ppm,1,,39,as is,14.0,,xkang2@lbl.gov,vibrant,provisional,,2026-07-17 19:04:02.701904,
(cd)8987,25,almond hulls,39,46,xrf,k,18600.0,ppm,1,,39,as is,14.0,,xkang2@lbl.gov,vibrant,provisional,,2026-07-17 19:04:02.701904,
(cd)8d06,25,almond hulls,39,46,xrf,as,0.0,ppm,1,,39,as is,14.0,,xkang2@lbl.gov,vibrant,provisional,,2026-07-17 19:04:02.701904,
(cd)94ad,25,almond hulls,39,46,xrf,ca,5000.0,ppm,1,,39,as is,14.0,,xkang2@lbl.gov,vibrant,provisional,,2026-07-17 19:04:02.701904,
(cd)96e1,25,almond hulls,39,46,xrf,cd,0.0,ppm,1,,39,as is,14.0,,xkang2@lbl.gov,vibrant,provisional,,2026-07-17 19:04:02.701904,
(cd)a84c,25,almond hulls,39,46,xrf,cu,7.0,ppm,1,,39,as is,14.0,,xkang2@lbl.gov,vibrant,provisional,,2026-07-17 19:04:02.701904,
(cd)a9a9,25,almond hulls,39,46,xrf,th,45.0,ppm,1,,39,as is,14.0,,xkang2@lbl.gov,vibrant,provisional,,2026-07-17 19:04:02.701904,
(cd)aac9,25,almond hulls,39,46,xrf,pr,0.0,ppm,1,,39,as is,14.0,,xkang2@lbl.gov,vibrant,provisional,,2026-07-17 19:04:02.701904,
(cd)abcf,25,almond hulls,39,46,xrf,mo,5.0,ppm,1,,39,as is,14.0,,xkang2@lbl.gov,vibrant,provisional,,2026-07-17 19:04:02.701904,
(cd)b386,25,almond hulls,39,46,xrf,mn,40.0,ppm,1,,39,as is,14.0,,xkang2@lbl.gov,vibrant,provisional,,2026-07-17 19:04:02.701904,
(cd)baa3,25,almond hulls,39,46,xrf,y,0.0,ppm,1,,39,as is,14.0,,xkang2@lbl.gov,vibrant,provisional,,2026-07-17 19:04:02.701904,
(cd)c437,25,almond hulls,39,46,xrf,fe,265.0,ppm,1,,39,as is,14.0,,xkang2@lbl.gov,vibrant,provisional,,2026-07-17 19:04:02.701904,
(cd)ce6f,25,almond hulls,39,46,xrf,nb,0.0,ppm,1,,39,as is,14.0,,xkang2@lbl.gov,vibrant,provisional,,2026-07-17 19:04:02.701904,
(cd)d122,25,almond hulls,39,46,xrf,hg,0.0,ppm,1,,39,as is,14.0,,xkang2@lbl.gov,vibrant,provisional,,2026-07-17 19:04:02.701904,
(cd)d996,25,almond hulls,39,46,xrf,ag,0.0,ppm,1,,39,as is,14.0,,xkang2@lbl.gov,vibrant,provisional,,2026-07-17 19:04:02.701904,
(cd)e053,25,almond hulls,39,46,xrf,sr,30.0,ppm,1,,39,as is,14.0,,xkang2@lbl.gov,vibrant,provisional,,2026-07-17 19:04:02.701904,
(cd)eb36,25,almond hulls,39,46,xrf,v,0.0,ppm,1,,39,as is,14.0,,xkang2@lbl.gov,vibrant,provisional,,2026-07-17 19:04:02.701904,
(cd)ed0a,25,almond hulls,39,46,xrf,zr,0.0,ppm,1,,39,as is,14.0,,xkang2@lbl.gov,vibrant,provisional,,2026-07-17 19:04:02.701904,
(cd)efa3,25,almond hulls,39,46,xrf,bi,0.0,ppm,1,,39,as is,14.0,,xkang2@lbl.gov,vibrant,provisional,,2026-07-17 19:04:02.701904,
(ce)0f59,10,cotton stem mix,157,47,xrf,ba,21.0,ppm,3,,38,knife mill (2mm),20.0,,jduong@lbl.gov,schooner,pass,,2026-07-17 19:04:02.701904,
(ce)1138,10,cotton stem mix,157,47,xrf,ca,16800.0,ppm,1,,38,knife mill (2mm),20.0,,jduong@lbl.gov,schooner,pass,,2026-07-17 19:04:02.701904,
(ce)14cf,10,cotton stem mix,157,47,xrf,ba,18.0,ppm,1,,38,knife mill (2mm),20.0,,jduong@lbl.gov,schooner,pass,,2026-07-17 19:04:02.701904,
(ce)16c2,10,cotton stem mix,157,47,xrf,ti,314.0,ppm,3,,38,knife mill (2mm),20.0,,jduong@lbl.gov,schooner,pass,,2026-07-17 19:04:02.701904,
(ce)1a9a,10,cotton stem mix,157,47,xrf,s,4060.0,ppm,3,,38,knife mill (2mm),20.0,,jduong@lbl.gov,schooner,pass,,2026-07-17 19:04:02.701904,
(ce)1b84,10,cotton stem mix,157,47,xrf,s,4100.0,ppm,1,,38,knife mill (2mm),20.0,,jduong@lbl.gov,schooner,pass,,2026-07-17 19:04:02.701904,
(ce)2246,10,cotton stem mix,157,47,xrf,pb,5.0,ppm,2,,38,knife mill (2mm),20.0,,jduong@lbl.gov,schooner,pass,,2026-07-17 19:04:02.701904,
(ce)262e,10,cotton stem mix,157,47,xrf,fe,1750.0,ppm,3,,38,knife mill (2mm),20.0,,jduong@lbl.gov,schooner,pass,,2026-07-17 19:04:02.701904,
(ce)283f,10,cotton stem mix,157,47,xrf,ba,42.0,ppm,2,,38,knife mill (2mm),20.0,,jduong@lbl.gov,schooner,pass,,2026-07-17 19:04:02.701904,
(ce)2bc8,10,cotton stem mix,157,47,xrf,zn,26.0,ppm,1,,38,knife mill (2mm),20.0,,jduong@lbl.gov,schooner,pass,,2026-07-17 19:04:02.701904,
(ce)2c00,10,cotton stem mix,157,47,xrf,sr,67.0,ppm,2,,38,knife mill (2mm),20.0,,jduong@lbl.gov,schooner,pass,,2026-07-17 19:04:02.701904,
(ce)364d,10,cotton stem mix,157,47,xrf,mn,60.0,ppm,3,,38,knife mill (2mm),20.0,,jduong@lbl.gov,schooner,pass,,2026-07-17 19:04:02.701904,
(ce)435b,10,cotton stem mix,157,47,xrf,cu,13.0,ppm,3,,38,knife mill (2mm),20.0,,jduong@lbl.gov,schooner,pass,,2026-07-17 19:04:02.701904,
(ce)45ea,10,cotton stem mix,157,47,xrf,mn,50.0,ppm,2,,38,knife mill (2mm),20.0,,jduong@lbl.gov,schooner,pass,,2026-07-17 19:04:02.701904,
(ce)4ad0,10,cotton stem mix,157,47,xrf,u,19.0,ppm,2,,38,knife mill (2mm),20.0,,jduong@lbl.gov,schooner,pass,,2026-07-17 19:04:02.701904,
(ce)549d,10,cotton stem mix,157,47,xrf,pr,57.0,ppm,2,,38,knife mill (2mm),20.0,,jduong@lbl.gov,schooner,pass,,2026-07-17 19:04:02.701904,
(ce)6638,10,cotton stem mix,157,47,xrf,fe,1700.0,ppm,2,,38,knife mill (2mm),20.0,,jduong@lbl.gov,schooner,pass,,2026-07-17 19:04:02.701904,
(ce)6921,10,cotton stem mix,157,47,xrf,cu,13.0,ppm,2,,38,knife mill (2mm),20.0,,jduong@lbl.gov,schooner,pass,,2026-07-17 19:04:02.701904,
(ce)6995,10,cotton stem mix,157,47,xrf,k,21900.0,ppm,3,,38,knife mill (2mm),20.0,,jduong@lbl.gov,schooner,pass,,2026-07-17 19:04:02.701904,
(ce)6abf,10,cotton stem mix,157,47,xrf,pr,53.0,ppm,1,,38,knife mill (2mm),20.0,,jduong@lbl.gov,schooner,pass,,2026-07-17 19:04:02.701904,
(ce)6b10,10,cotton stem mix,157,47,xrf,p,1320.0,ppm,1,,38,knife mill (2mm),20.0,,jduong@lbl.gov,schooner,pass,,2026-07-17 19:04:02.701904,
(ce)7551,10,cotton stem mix,157,47,xrf,si,7380.0,ppm,3,,38,knife mill (2mm),20.0,,jduong@lbl.gov,schooner,pass,,2026-07-17 19:04:02.701904,
(ce)7760,10,cotton stem mix,157,47,xrf,si,6850.0,ppm,2,,38,knife mill (2mm),20.0,,jduong@lbl.gov,schooner,pass,,2026-07-17 19:04:02.701904,
(ce)79f4,10,cotton stem mix,157,47,xrf,ca,16800.0,ppm,3,,38,knife mill (2mm),20.0,,jduong@lbl.gov,schooner,pass,,2026-07-17 19:04:02.701904,
(ce)7b74,10,cotton stem mix,157,47,xrf,si,7100.0,ppm,1,,38,knife mill (2mm),20.0,,jduong@lbl.gov,schooner,pass,,2026-07-17 19:04:02.701904,
(ce)8b7b,10,cotton stem mix,157,47,xrf,zn,24.0,ppm,2,,38,knife mill (2mm),20.0,,jduong@lbl.gov,schooner,pass,,2026-07-17 19:04:02.701904,
(ce)8e95,10,cotton stem mix,157,47,xrf,p,1340.0,ppm,3,,38,knife mill (2mm),20.0,,jduong@lbl.gov,schooner,pass,,2026-07-17 19:04:02.701904,
(ce)90c5,10,cotton stem mix,157,47,xrf,rb,22.0,ppm,2,,38,knife mill (2mm),20.0,,jduong@lbl.gov,schooner,pass,,2026-07-17 19:04:02.701904,
(ce)935b,10,cotton stem mix,157,47,xrf,mg,9650.0,ppm,3,,38,knife mill (2mm),20.0,,jduong@lbl.gov,schooner,pass,,2026-07-17 19:04:02.701904,
(ce)9453,10,cotton stem mix,157,47,xrf,rb,21.0,ppm,1,,38,knife mill (2mm),20.0,,jduong@lbl.gov,schooner,pass,,2026-07-17 19:04:02.701904,
(ce)9620,10,cotton stem mix,157,47,xrf,al,2810.0,ppm,2,,38,knife mill (2mm),20.0,,jduong@lbl.gov,schooner,pass,,2026-07-17 19:04:02.701904,
(ce)a0bd,10,cotton stem mix,157,47,xrf,al,2610.0,ppm,1,,38,knife mill (2mm),20.0,,jduong@lbl.gov,schooner,pass,,2026-07-17 19:04:02.701904,
(ce)a60d,10,cotton stem mix,157,47,xrf,ti,330.0,ppm,2,,38,knife mill (2mm),20.0,,jduong@lbl.gov,schooner,pass,,2026-07-17 19:04:02.701904,
(ce)a9ae,10,cotton stem mix,157,47,xrf,k,21800.0,ppm,2,,38,knife mill (2mm),20.0,,jduong@lbl.gov,schooner,pass,,2026-07-17 19:04:02.701904,
(ce)aa10,10,cotton stem mix,157,47,xrf,th,66.0,ppm,2,,38,knife mill (2mm),20.0,,jduong@lbl.gov,schooner,pass,,2026-07-17 19:04:02.701904,
(ce)b28e,10,cotton stem mix,157,47,xrf,p,1290.0,ppm,2,,38,knife mill (2mm),20.0,,jduong@lbl.gov,schooner,pass,,2026-07-17 19:04:02.701904,
(ce)b51c,10,cotton stem mix,157,47,xrf,u,21.0,ppm,3,,38,knife mill (2mm),20.0,,jduong@lbl.gov,schooner,pass,,2026-07-17 19:04:02.701904,
(ce)b548,10,cotton stem mix,157,47,xrf,la,45.0,ppm,2,,38,knife mill (2mm),20.0,,jduong@lbl.gov,schooner,fail,other two replicates are <lod,2026-07-17 19:04:02.701904,
(ce)bc3f,10,cotton stem mix,157,47,xrf,sr,71.0,ppm,1,,38,knife mill (2mm),20.0,,jduong@lbl.gov,schooner,pass,,2026-07-17 19:04:02.701904,
(ce)c367,10,cotton stem mix,157,47,xrf,al,2250.0,ppm,3,,38,knife mill (2mm),20.0,,jduong@lbl.gov,schooner,pass,,2026-07-17 19:04:02.701904,
(ce)c419,10,cotton stem mix,157,47,xrf,zn,27.0,ppm,3,,38,knife mill (2mm),20.0,,jduong@lbl.gov,schooner,pass,,2026-07-17 19:04:02.701904,
(ce)c780,10,cotton stem mix,157,47,xrf,s,3990.0,ppm,2,,38,knife mill (2mm),20.0,,jduong@lbl.gov,schooner,pass,,2026-07-17 19:04:02.701904,
(ce)cafa,10,cotton stem mix,157,47,xrf,ti,236.0,ppm,1,,38,knife mill (2mm),20.0,,jduong@lbl.gov,schooner,pass,,2026-07-17 19:04:02.701904,
(ce)cc54,10,cotton stem mix,157,47,xrf,u,23.0,ppm,1,,38,knife mill (2mm),20.0,,jduong@lbl.gov,schooner,pass,,2026-07-17 19:04:02.701904,
(ce)d4a4,10,cotton stem mix,157,47,xrf,rb,23.0,ppm,3,,38,knife mill (2mm),20.0,,jduong@lbl.gov,schooner,pass,,2026-07-17 19:04:02.701904,
(ce)d9f9,10,cotton stem mix,157,47,xrf,mg,7090.0,ppm,2,,38,knife mill (2mm),20.0,,jduong@lbl.gov,schooner,pass,,2026-07-17 19:04:02.701904,
(ce)da9a,10,cotton stem mix,157,47,xrf,mn,74.0,ppm,1,,38,knife mill (2mm),20.0,,jduong@lbl.gov,schooner,pass,,2026-07-17 19:04:02.701904,
(ce)dd8b,10,cotton stem mix,157,47,xrf,co,24.0,ppm,1,,38,knife mill (2mm),20.0,,jduong@lbl.gov,schooner,fail,other two replicates are <lod,2026-07-17 19:04:02.701904,
(ce)de24,10,cotton stem mix,157,47,xrf,fe,1680.0,ppm,1,,38,knife mill (2mm),20.0,,jduong@lbl.gov,schooner,pass,,2026-07-17 19:04:02.701904,
(ce)ea82,10,cotton stem mix,157,47,xrf,ca,16700.0,ppm,2,,38,knife mill (2mm),20.0,,jduong@lbl.gov,schooner,pass,,2026-07-17 19:04:02.701904,
(ce)ec8d,10,cotton stem mix,157,47,xrf,sr,68.0,ppm,3,,38,knife mill (2mm),20.0,,jduong@lbl.gov,schooner,pass,,2026-07-17 19:04:02.701904,
(ce)f488,10,cotton stem mix,157,47,xrf,th,65.0,ppm,1,,38,knife mill (2mm),20.0,,jduong@lbl.gov,schooner,pass,,2026-07-17 19:04:02.701904,
(ce)f4bc,10,cotton stem mix,157,47,xrf,ce,48.0,ppm,2,,38,knife mill (2mm),20.0,,jduong@lbl.gov,schooner,fail,other two replicates are <lod,2026-07-17 19:04:02.701904,
(ce)fa1a,10,cotton stem mix,157,47,xrf,cu,16.0,ppm,1,,38,knife mill (2mm),20.0,,jduong@lbl.gov,schooner,pass,,2026-07-17 19:04:02.701904,
(ce)fbcf,10,cotton stem mix,157,47,xrf,th,69.0,ppm,3,,38,knife mill (2mm),20.0,,jduong@lbl.gov,schooner,pass,,2026-07-17 19:04:02.701904,
(ce)fe76,10,cotton stem mix,157,47,xrf,k,21900.0,ppm,1,,38,knife mill (2mm),20.0,,jduong@lbl.gov,schooner,pass,,2026-07-17 19:04:02.701904,
(d2)002d,1,spent yeast,24,45,xrf,mo,5.0,ppm,1,,39,as is,14.0,,xkang2@lbl.gov,maplewood,provisional,,2026-07-17 19:04:02.701904,
(d2)175e,1,spent yeast,24,45,xrf,mg,0.0,ppm,1,,39,as is,14.0,,xkang2@lbl.gov,maplewood,provisional,,2026-07-17 19:04:02.701904,
(d2)29e0,1,spent yeast,24,45,xrf,p,1270.0,ppm,1,,39,as is,14.0,,xkang2@lbl.gov,maplewood,provisional,,2026-07-17 19:04:02.701904,
(d2)2b5f,1,spent yeast,24,45,xrf,si,1390.0,ppm,1,,39,as is,14.0,,xkang2@lbl.gov,maplewood,provisional,,2026-07-17 19:04:02.701904,
(d2)2f9f,1,spent yeast,24,45,xrf,ce,0.0,ppm,1,,39,as is,14.0,,xkang2@lbl.gov,maplewood,provisional,,2026-07-17 19:04:02.701904,
(d2)324c,1,spent yeast,24,45,xrf,ni,0.0,ppm,1,,39,as is,14.0,,xkang2@lbl.gov,maplewood,provisional,,2026-07-17 19:04:02.701904,
(d2)36f7,1,spent yeast,24,45,xrf,s,744.0,ppm,1,,39,as is,14.0,,xkang2@lbl.gov,maplewood,provisional,,2026-07-17 19:04:02.701904,
(d2)3fd7,1,spent yeast,24,45,xrf,pb,0.0,ppm,1,,39,as is,14.0,,xkang2@lbl.gov,maplewood,provisional,,2026-07-17 19:04:02.701904,
(d2)5acf,1,spent yeast,24,45,xrf,pr,0.0,ppm,1,,39,as is,14.0,,xkang2@lbl.gov,maplewood,provisional,,2026-07-17 19:04:02.701904,
(d2)6046,1,spent yeast,24,45,xrf,sb,0.0,ppm,1,,39,as is,14.0,,xkang2@lbl.gov,maplewood,provisional,,2026-07-17 19:04:02.701904,
(d2)6235,1,spent yeast,24,45,xrf,hg,0.0,ppm,1,,39,as is,14.0,,xkang2@lbl.gov,maplewood,provisional,,2026-07-17 19:04:02.701904,
(d2)6a0f,1,spent yeast,24,45,xrf,cd,0.0,ppm,1,,39,as is,14.0,,xkang2@lbl.gov,maplewood,provisional,,2026-07-17 19:04:02.701904,
(d2)6ee0,1,spent yeast,24,45,xrf,nb,0.0,ppm,1,,39,as is,14.0,,xkang2@lbl.gov,maplewood,provisional,,2026-07-17 19:04:02.701904,
(d2)72c6,1,spent yeast,24,45,xrf,ti,0.0,ppm,1,,39,as is,14.0,,xkang2@lbl.gov,maplewood,provisional,,2026-07-17 19:04:02.701904,
(d2)7416,1,spent yeast,24,45,xrf,fe,233.0,ppm,1,,39,as is,14.0,,xkang2@lbl.gov,maplewood,provisional,,2026-07-17 19:04:02.701904,
(d2)751e,1,spent yeast,24,45,xrf,y,0.0,ppm,1,,39,as is,14.0,,xkang2@lbl.gov,maplewood,provisional,,2026-07-17 19:04:02.701904,
(d2)7b33,1,spent yeast,24,45,xrf,sr,8.0,ppm,1,,39,as is,14.0,,xkang2@lbl.gov,maplewood,provisional,,2026-07-17 19:04:02.701904,
(d2)7db4,1,spent yeast,24,45,xrf,zr,5.0,ppm,1,,39,as is,14.0,,xkang2@lbl.gov,maplewood,provisional,,2026-07-17 19:04:02.701904,
(d2)7f98,1,spent yeast,24,45,xrf,ba,0.0,ppm,1,,39,as is,14.0,,xkang2@lbl.gov,maplewood,provisional,,2026-07-17 19:04:02.701904,
(d2)8e9a,1,spent yeast,24,45,xrf,nd,0.0,ppm,1,,39,as is,14.0,,xkang2@lbl.gov,maplewood,provisional,,2026-07-17 19:04:02.701904,
(d2)8ff2,1,spent yeast,24,45,xrf,ag,0.0,ppm,1,,39,as is,14.0,,xkang2@lbl.gov,maplewood,provisional,,2026-07-17 19:04:02.701904,
(d2)9354,1,spent yeast,24,45,xrf,th,8.0,ppm,1,,39,as is,14.0,,xkang2@lbl.gov,maplewood,provisional,,2026-07-17 19:04:02.701904,
(d2)94ce,1,spent yeast,24,45,xrf,as,0.0,ppm,1,,39,as is,14.0,,xkang2@lbl.gov,maplewood,provisional,,2026-07-17 19:04:02.701904,
(d2)99d5,1,spent yeast,24,45,xrf,ca,1440.0,ppm,1,,39,as is,14.0,,xkang2@lbl.gov,maplewood,provisional,,2026-07-17 19:04:02.701904,
(d2)9c6d,1,spent yeast,24,45,xrf,mn,34.0,ppm,1,,39,as is,14.0,,xkang2@lbl.gov,maplewood,provisional,,2026-07-17 19:04:02.701904,
(d2)9ee4,1,spent yeast,24,45,xrf,rb,20.0,ppm,1,,39,as is,14.0,,xkang2@lbl.gov,maplewood,provisional,,2026-07-17 19:04:02.701904,
(d2)b754,1,spent yeast,24,45,xrf,sn,0.0,ppm,1,,39,as is,14.0,,xkang2@lbl.gov,maplewood,provisional,,2026-07-17 19:04:02.701904,
(d2)be0d,1,spent yeast,24,45,xrf,al,0.0,ppm,1,,39,as is,14.0,,xkang2@lbl.gov,maplewood,provisional,,2026-07-17 19:04:02.701904,
(d2)c3b1,1,spent yeast,24,45,xrf,cu,11.0,ppm,1,,39,as is,14.0,,xkang2@lbl.gov,maplewood,provisional,,2026-07-17 19:04:02.701904,
(d2)c42d,1,spent yeast,24,45,xrf,co,0.0,ppm,1,,39,as is,14.0,,xkang2@lbl.gov,maplewood,provisional,,2026-07-17 19:04:02.701904,
(d2)c6c1,1,spent yeast,24,45,xrf,se,0.0,ppm,1,,39,as is,14.0,,xkang2@lbl.gov,maplewood,provisional,,2026-07-17 19:04:02.701904,
(d2)c86d,1,spent yeast,24,45,xrf,cr,0.0,ppm,1,,39,as is,14.0,,xkang2@lbl.gov,maplewood,provisional,,2026-07-17 19:04:02.701904,
(d2)cd3c,1,spent yeast,24,45,xrf,v,0.0,ppm,1,,39,as is,14.0,,xkang2@lbl.gov,maplewood,provisional,,2026-07-17 19:04:02.701904,
(d2)d1bd,1,spent yeast,24,45,xrf,bi,0.0,ppm,1,,39,as is,14.0,,xkang2@lbl.gov,maplewood,provisional,,2026-07-17 19:04:02.701904,
(d2)d7ad,1,spent yeast,24,45,xrf,la,0.0,ppm,1,,39,as is,14.0,,xkang2@lbl.gov,maplewood,provisional,,2026-07-17 19:04:02.701904,
(d2)d81d,1,spent yeast,24,45,xrf,k,28700.0,ppm,1,,39,as is,14.0,,xkang2@lbl.gov,maplewood,provisional,,2026-07-17 19:04:02.701904,
(d2)dd3a,1,spent yeast,24,45,xrf,u,3.0,ppm,1,,39,as is,14.0,,xkang2@lbl.gov,maplewood,provisional,,2026-07-17 19:04:02.701904,
(d2)dfe3,1,spent yeast,24,45,xrf,w,0.0,ppm,1,,39,as is,14.0,,xkang2@lbl.gov,maplewood,provisional,,2026-07-17 19:04:02.701904,
(d2)f193,1,spent yeast,24,45,xrf,zn,17.0,ppm,1,,39,as is,14.0,,xkang2@lbl.gov,maplewood,provisional,,2026-07-17 19:04:02.701904,
(d4)03db,11,pistachio stems & leaves,131,47,xrf,sr,71.0,ppm,1,,33,oven dry + knife mill (2mm),20.0,,jduong@lbl.gov,tripod,pass,,2026-07-17 19:04:02.701904,
(d4)072e,11,pistachio stems & leaves,131,47,xrf,rb,50.0,ppm,2,,33,oven dry + knife mill (2mm),20.0,,jduong@lbl.gov,tripod,pass,,2026-07-17 19:04:02.701904,
(d4)0b14,11,pistachio stems & leaves,131,47,xrf,la,48.0,ppm,1,,33,oven dry + knife mill (2mm),20.0,,jduong@lbl.gov,tripod,pass,,2026-07-17 19:04:02.701904,
(d4)0bd9,11,pistachio stems & leaves,131,47,xrf,rb,52.0,ppm,1,,33,oven dry + knife mill (2mm),20.0,,jduong@lbl.gov,tripod,pass,,2026-07-17 19:04:02.701904,
(d4)0e68,11,pistachio stems & leaves,131,47,xrf,cu,16.0,ppm,2,,33,oven dry + knife mill (2mm),20.0,,jduong@lbl.gov,tripod,pass,,2026-07-17 19:04:02.701904,
(d4)18f1,11,pistachio stems & leaves,131,47,xrf,p,2720.0,ppm,2,,33,oven dry + knife mill (2mm),20.0,,jduong@lbl.gov,tripod,pass,,2026-07-17 19:04:02.701904,
(d4)1bc6,11,pistachio stems & leaves,131,47,xrf,sr,63.0,ppm,3,,33,oven dry + knife mill (2mm),20.0,,jduong@lbl.gov,tripod,pass,,2026-07-17 19:04:02.701904,
(d4)1ed9,11,pistachio stems & leaves,131,47,xrf,u,12.0,ppm,3,,33,oven dry + knife mill (2mm),20.0,,jduong@lbl.gov,tripod,pass,,2026-07-17 19:04:02.701904,
(d4)2422,11,pistachio stems & leaves,131,47,xrf,p,2700.0,ppm,3,,33,oven dry + knife mill (2mm),20.0,,jduong@lbl.gov,tripod,pass,,2026-07-17 19:04:02.701904,
(d4)2876,11,pistachio stems & leaves,131,47,xrf,ti,171.0,ppm,1,,33,oven dry + knife mill (2mm),20.0,,jduong@lbl.gov,tripod,pass,,2026-07-17 19:04:02.701904,
(d4)2d2f,11,pistachio stems & leaves,131,47,xrf,k,29600.0,ppm,3,,33,oven dry + knife mill (2mm),20.0,,jduong@lbl.gov,tripod,pass,,2026-07-17 19:04:02.701904,
(d4)338b,11,pistachio stems & leaves,131,47,xrf,zn,34.0,ppm,2,,33,oven dry + knife mill (2mm),20.0,,jduong@lbl.gov,tripod,pass,,2026-07-17 19:04:02.701904,
(d4)3605,11,pistachio stems & leaves,131,47,xrf,k,29800.0,ppm,1,,33,oven dry + knife mill (2mm),20.0,,jduong@lbl.gov,tripod,pass,,2026-07-17 19:04:02.701904,
(d4)420b,11,pistachio stems & leaves,131,47,xrf,u,11.0,ppm,1,,33,oven dry + knife mill (2mm),20.0,,jduong@lbl.gov,tripod,pass,,2026-07-17 19:04:02.701904,
(d4)4dae,11,pistachio stems & leaves,131,47,xrf,ba,33.0,ppm,1,,33,oven dry + knife mill (2mm),20.0,,jduong@lbl.gov,tripod,pass,,2026-07-17 19:04:02.701904,
(d4)4e1d,11,pistachio stems & leaves,131,47,xrf,mg,6350.0,ppm,1,,33,oven dry + knife mill (2mm),20.0,,jduong@lbl.gov,tripod,pass,,2026-07-17 19:04:02.701904,
(d4)50e0,11,pistachio stems & leaves,131,47,xrf,mo,4.0,ppm,1,,33,oven dry + knife mill (2mm),20.0,,jduong@lbl.gov,tripod,fail,other two replicates are <lod,2026-07-17 19:04:02.701904,
(d4)55f7,11,pistachio stems & leaves,131,47,xrf,mg,7650.0,ppm,3,,33,oven dry + knife mill (2mm),20.0,,jduong@lbl.gov,tripod,pass,,2026-07-17 19:04:02.701904,
(d4)5ded,11,pistachio stems & leaves,131,47,xrf,s,2280.0,ppm,1,,33,oven dry + knife mill (2mm),20.0,,jduong@lbl.gov,tripod,pass,,2026-07-17 19:04:02.701904,
(d4)5e0a,11,pistachio stems & leaves,131,47,xrf,cu,17.0,ppm,3,,33,oven dry + knife mill (2mm),20.0,,jduong@lbl.gov,tripod,pass,,2026-07-17 19:04:02.701904,
(d4)61db,11,pistachio stems & leaves,131,47,xrf,ce,49.0,ppm,3,,33,oven dry + knife mill (2mm),20.0,,jduong@lbl.gov,tripod,pass,,2026-07-17 19:04:02.701904,
(d4)64ba,11,pistachio stems & leaves,131,47,xrf,si,2730.0,ppm,1,,33,oven dry + knife mill (2mm),20.0,,jduong@lbl.gov,tripod,pass,,2026-07-17 19:04:02.701904,
(d4)76d9,11,pistachio stems & leaves,131,47,xrf,la,52.0,ppm,2,,33,oven dry + knife mill (2mm),20.0,,jduong@lbl.gov,tripod,pass,,2026-07-17 19:04:02.701904,
(d4)7724,11,pistachio stems & leaves,131,47,xrf,u,14.0,ppm,2,,33,oven dry + knife mill (2mm),20.0,,jduong@lbl.gov,tripod,pass,,2026-07-17 19:04:02.701904,
(d4)7d65,11,pistachio stems & leaves,131,47,xrf,fe,430.0,ppm,2,,33,oven dry + knife mill (2mm),20.0,,jduong@lbl.gov,tripod,pass,,2026-07-17 19:04:02.701904,
(d4)7e04,11,pistachio stems & leaves,131,47,xrf,th,35.0,ppm,3,,33,oven dry + knife mill (2mm),20.0,,jduong@lbl.gov,tripod,pass,,2026-07-17 19:04:02.701904,
(d4)8033,11,pistachio stems & leaves,131,47,xrf,ce,91.0,ppm,2,,33,oven dry + knife mill (2mm),20.0,,jduong@lbl.gov,tripod,pass,,2026-07-17 19:04:02.701904,
(d4)866a,11,pistachio stems & leaves,131,47,xrf,co,13.0,ppm,3,,33,oven dry + knife mill (2mm),20.0,,jduong@lbl.gov,tripod,fail,other two replicates are <lod,2026-07-17 19:04:02.701904,
(d4)9a5c,11,pistachio stems & leaves,131,47,xrf,th,35.0,ppm,1,,33,oven dry + knife mill (2mm),20.0,,jduong@lbl.gov,tripod,pass,,2026-07-17 19:04:02.701904,
(d4)9a61,11,pistachio stems & leaves,131,47,xrf,mn,78.0,ppm,3,,33,oven dry + knife mill (2mm),20.0,,jduong@lbl.gov,tripod,pass,,2026-07-17 19:04:02.701904,
(d4)9b38,11,pistachio stems & leaves,131,47,xrf,la,42.0,ppm,3,,33,oven dry + knife mill (2mm),20.0,,jduong@lbl.gov,tripod,pass,,2026-07-17 19:04:02.701904,
(d4)b0a4,11,pistachio stems & leaves,131,47,xrf,mg,7760.0,ppm,2,,33,oven dry + knife mill (2mm),20.0,,jduong@lbl.gov,tripod,pass,,2026-07-17 19:04:02.701904,
(d4)b52c,11,pistachio stems & leaves,131,47,xrf,si,2280.0,ppm,2,,33,oven dry + knife mill (2mm),20.0,,jduong@lbl.gov,tripod,pass,,2026-07-17 19:04:02.701904,
(d4)b9a5,11,pistachio stems & leaves,131,47,xrf,mn,73.0,ppm,2,,33,oven dry + knife mill (2mm),20.0,,jduong@lbl.gov,tripod,pass,,2026-07-17 19:04:02.701904,
(d4)bbf8,11,pistachio stems & leaves,131,47,xrf,ca,19100.0,ppm,3,,33,oven dry + knife mill (2mm),20.0,,jduong@lbl.gov,tripod,pass,,2026-07-17 19:04:02.701904,
(d4)bd05,11,pistachio stems & leaves,131,47,xrf,mn,77.0,ppm,1,,33,oven dry + knife mill (2mm),20.0,,jduong@lbl.gov,tripod,pass,,2026-07-17 19:04:02.701904,
(d4)bd16,11,pistachio stems & leaves,131,47,xrf,ti,225.0,ppm,2,,33,oven dry + knife mill (2mm),20.0,,jduong@lbl.gov,tripod,pass,,2026-07-17 19:04:02.701904,
(d4)c26b,11,pistachio stems & leaves,131,47,xrf,ca,23100.0,ppm,1,,33,oven dry + knife mill (2mm),20.0,,jduong@lbl.gov,tripod,pass,,2026-07-17 19:04:02.701904,
(d4)c69e,11,pistachio stems & leaves,131,47,xrf,p,2660.0,ppm,1,,33,oven dry + knife mill (2mm),20.0,,jduong@lbl.gov,tripod,pass,,2026-07-17 19:04:02.701904,
(d4)c851,11,pistachio stems & leaves,131,47,xrf,sr,64.0,ppm,2,,33,oven dry + knife mill (2mm),20.0,,jduong@lbl.gov,tripod,pass,,2026-07-17 19:04:02.701904,
(d4)cafe,11,pistachio stems & leaves,131,47,xrf,s,2410.0,ppm,2,,33,oven dry + knife mill (2mm),20.0,,jduong@lbl.gov,tripod,pass,,2026-07-17 19:04:02.701904,
(d4)d0e1,11,pistachio stems & leaves,131,47,xrf,ti,277.0,ppm,3,,33,oven dry + knife mill (2mm),20.0,,jduong@lbl.gov,tripod,pass,,2026-07-17 19:04:02.701904,
(d4)d36b,11,pistachio stems & leaves,131,47,xrf,zn,34.0,ppm,1,,33,oven dry + knife mill (2mm),20.0,,jduong@lbl.gov,tripod,pass,,2026-07-17 19:04:02.701904,
(d4)da23,11,pistachio stems & leaves,131,47,xrf,s,2320.0,ppm,3,,33,oven dry + knife mill (2mm),20.0,,jduong@lbl.gov,tripod,pass,,2026-07-17 19:04:02.701904,
(d4)dbe3,11,pistachio stems & leaves,131,47,xrf,ba,50.0,ppm,2,,33,oven dry + knife mill (2mm),20.0,,jduong@lbl.gov,tripod,pass,,2026-07-17 19:04:02.701904,
(d4)dd86,11,pistachio stems & leaves,131,47,xrf,th,38.0,ppm,2,,33,oven dry + knife mill (2mm),20.0,,jduong@lbl.gov,tripod,pass,,2026-07-17 19:04:02.701904,
(d4)de8c,11,pistachio stems & leaves,131,47,xrf,ca,19300.0,ppm,2,,33,oven dry + knife mill (2mm),20.0,,jduong@lbl.gov,tripod,pass,,2026-07-17 19:04:02.701904,
(d4)e051,11,pistachio stems & leaves,131,47,xrf,cu,19.0,ppm,1,,33,oven dry + knife mill (2mm),20.0,,jduong@lbl.gov,tripod,pass,,2026-07-17 19:04:02.701904,
(d4)e384,11,pistachio stems & leaves,131,47,xrf,ba,34.0,ppm,3,,33,oven dry + knife mill (2mm),20.0,,jduong@lbl.gov,tripod,pass,,2026-07-17 19:04:02.701904,
(d4)e51b,11,pistachio stems & leaves,131,47,xrf,rb,52.0,ppm,3,,33,oven dry + knife mill (2mm),20.0,,jduong@lbl.gov,tripod,pass,,2026-07-17 19:04:02.701904,
(d4)f5aa,11,pistachio stems & leaves,131,47,xrf,fe,486.0,ppm,1,,33,oven dry + knife mill (2mm),20.0,,jduong@lbl.gov,tripod,pass,,2026-07-17 19:04:02.701904,
(d4)f6c8,11,pistachio stems & leaves,131,47,xrf,fe,449.0,ppm,3,,33,oven dry + knife mill (2mm),20.0,,jduong@lbl.gov,tripod,pass,,2026-07-17 19:04:02.701904,
(d4)f884,11,pistachio stems & leaves,131,47,xrf,k,29800.0,ppm,2,,33,oven dry + knife mill (2mm),20.0,,jduong@lbl.gov,tripod,pass,,2026-07-17 19:04:02.701904,
(d4)fd22,11,pistachio stems & leaves,131,47,xrf,si,2460.0,ppm,3,,33,oven dry + knife mill (2mm),20.0,,jduong@lbl.gov,tripod,pass,,2026-07-17 19:04:02.701904,
(d4)fecf,11,pistachio stems & leaves,131,47,xrf,zn,36.0,ppm,3,,33,oven dry + knife mill (2mm),20.0,,jduong@lbl.gov,tripod,pass,,2026-07-17 19:04:02.701904,
(d4)ff39,11,pistachio stems & leaves,131,47,xrf,pr,126.0,ppm,2,,33,oven dry + knife mill (2mm),20.0,,jduong@lbl.gov,tripod,fail,other two replicates are <lod,2026-07-17 19:04:02.701904,
(d6)0264,23,grape pomace,116,47,xrf,u,17.0,ppm,1,,33,oven dry + knife mill (2mm),20.0,,jduong@lbl.gov,rigging,pass,,2026-07-17 19:04:02.701904,
(d6)054d,23,grape pomace,116,47,xrf,s,2460.0,ppm,2,,33,oven dry + knife mill (2mm),20.0,,jduong@lbl.gov,rigging,pass,,2026-07-17 19:04:02.701904,
(d6)0612,23,grape pomace,116,47,xrf,rb,21.0,ppm,1,,33,oven dry + knife mill (2mm),20.0,,jduong@lbl.gov,rigging,pass,,2026-07-17 19:04:02.701904,
(d6)0aba,23,grape pomace,116,47,xrf,sr,38.0,ppm,3,,33,oven dry + knife mill (2mm),20.0,,jduong@lbl.gov,rigging,pass,,2026-07-17 19:04:02.701904,
(d6)1de5,23,grape pomace,116,47,xrf,co,10.0,ppm,3,,33,oven dry + knife mill (2mm),20.0,,jduong@lbl.gov,rigging,fail,other two replicates are <lod,2026-07-17 19:04:02.701904,
(d6)2297,23,grape pomace,116,47,xrf,fe,190.0,ppm,2,,33,oven dry + knife mill (2mm),20.0,,jduong@lbl.gov,rigging,pass,,2026-07-17 19:04:02.701904,
(d6)27ed,23,grape pomace,116,47,xrf,sr,38.0,ppm,2,,33,oven dry + knife mill (2mm),20.0,,jduong@lbl.gov,rigging,pass,,2026-07-17 19:04:02.701904,
(d6)2fcf,23,grape pomace,116,47,xrf,fe,180.0,ppm,3,,33,oven dry + knife mill (2mm),20.0,,jduong@lbl.gov,rigging,pass,,2026-07-17 19:04:02.701904,
(d6)3037,23,grape pomace,116,47,xrf,rb,22.0,ppm,2,,33,oven dry + knife mill (2mm),20.0,,jduong@lbl.gov,rigging,pass,,2026-07-17 19:04:02.701904,
(d6)39b5,23,grape pomace,116,47,xrf,p,2700.0,ppm,1,,33,oven dry + knife mill (2mm),20.0,,jduong@lbl.gov,rigging,pass,,2026-07-17 19:04:02.701904,
(d6)3f05,23,grape pomace,116,47,xrf,cu,18.0,ppm,2,,33,oven dry + knife mill (2mm),20.0,,jduong@lbl.gov,rigging,pass,,2026-07-17 19:04:02.701904,
(d6)3fe4,23,grape pomace,116,47,xrf,si,1680.0,ppm,3,,33,oven dry + knife mill (2mm),20.0,,jduong@lbl.gov,rigging,pass,,2026-07-17 19:04:02.701904,
(d6)4c8c,23,grape pomace,116,47,xrf,th,45.0,ppm,1,,33,oven dry + knife mill (2mm),20.0,,jduong@lbl.gov,rigging,pass,,2026-07-17 19:04:02.701904,
(d6)52bb,23,grape pomace,116,47,xrf,cu,22.0,ppm,3,,33,oven dry + knife mill (2mm),20.0,,jduong@lbl.gov,rigging,pass,,2026-07-17 19:04:02.701904,
(d6)6143,23,grape pomace,116,47,xrf,rb,21.0,ppm,3,,33,oven dry + knife mill (2mm),20.0,,jduong@lbl.gov,rigging,pass,,2026-07-17 19:04:02.701904,
(d6)64af,23,grape pomace,116,47,xrf,zn,21.0,ppm,2,,33,oven dry + knife mill (2mm),20.0,,jduong@lbl.gov,rigging,pass,,2026-07-17 19:04:02.701904,
(d6)6855,23,grape pomace,116,47,xrf,th,51.0,ppm,3,,33,oven dry + knife mill (2mm),20.0,,jduong@lbl.gov,rigging,pass,,2026-07-17 19:04:02.701904,
(d6)686c,23,grape pomace,116,47,xrf,s,2410.0,ppm,3,,33,oven dry + knife mill (2mm),20.0,,jduong@lbl.gov,rigging,pass,,2026-07-17 19:04:02.701904,
(d6)716e,23,grape pomace,116,47,xrf,fe,195.0,ppm,1,,33,oven dry + knife mill (2mm),20.0,,jduong@lbl.gov,rigging,pass,,2026-07-17 19:04:02.701904,
(d6)7249,23,grape pomace,116,47,xrf,ce,90.0,ppm,1,,33,oven dry + knife mill (2mm),20.0,,jduong@lbl.gov,rigging,fail,other two replicates are <lod,2026-07-17 19:04:02.701904,
(d6)755e,23,grape pomace,116,47,xrf,ba,43.0,ppm,2,,33,oven dry + knife mill (2mm),20.0,,jduong@lbl.gov,rigging,pass,,2026-07-17 19:04:02.701904,
(d6)76d7,23,grape pomace,116,47,xrf,si,2320.0,ppm,2,,33,oven dry + knife mill (2mm),20.0,,jduong@lbl.gov,rigging,pass,,2026-07-17 19:04:02.701904,
(d6)7c46,23,grape pomace,116,47,xrf,mn,52.0,ppm,1,,33,oven dry + knife mill (2mm),20.0,,jduong@lbl.gov,rigging,pass,,2026-07-17 19:04:02.701904,
(d6)837b,23,grape pomace,116,47,xrf,ca,4990.0,ppm,3,,33,oven dry + knife mill (2mm),20.0,,jduong@lbl.gov,rigging,pass,,2026-07-17 19:04:02.701904,
(d6)8555,23,grape pomace,116,47,xrf,k,9540.0,ppm,2,,33,oven dry + knife mill (2mm),20.0,,jduong@lbl.gov,rigging,pass,,2026-07-17 19:04:02.701904,
(d6)8bbf,23,grape pomace,116,47,xrf,k,9290.0,ppm,1,,33,oven dry + knife mill (2mm),20.0,,jduong@lbl.gov,rigging,pass,,2026-07-17 19:04:02.701904,
(d6)9c4c,23,grape pomace,116,47,xrf,ca,4910.0,ppm,1,,33,oven dry + knife mill (2mm),20.0,,jduong@lbl.gov,rigging,pass,,2026-07-17 19:04:02.701904,
(d6)9ea0,23,grape pomace,116,47,xrf,la,45.0,ppm,1,,33,oven dry + knife mill (2mm),20.0,,jduong@lbl.gov,rigging,pass,,2026-07-17 19:04:02.701904,
(d6)a2fc,23,grape pomace,116,47,xrf,p,2840.0,ppm,2,,33,oven dry + knife mill (2mm),20.0,,jduong@lbl.gov,rigging,pass,,2026-07-17 19:04:02.701904,
(d6)a9d3,23,grape pomace,116,47,xrf,ca,5130.0,ppm,2,,33,oven dry + knife mill (2mm),20.0,,jduong@lbl.gov,rigging,pass,,2026-07-17 19:04:02.701904,
(d6)aa9c,23,grape pomace,116,47,xrf,zn,22.0,ppm,1,,33,oven dry + knife mill (2mm),20.0,,jduong@lbl.gov,rigging,pass,,2026-07-17 19:04:02.701904,
(d6)b47f,23,grape pomace,116,47,xrf,si,2220.0,ppm,1,,33,oven dry + knife mill (2mm),20.0,,jduong@lbl.gov,rigging,pass,,2026-07-17 19:04:02.701904,
(d6)b6ae,23,grape pomace,116,47,xrf,u,16.0,ppm,2,,33,oven dry + knife mill (2mm),20.0,,jduong@lbl.gov,rigging,pass,,2026-07-17 19:04:02.701904,
(d6)c135,23,grape pomace,116,47,xrf,ba,33.0,ppm,3,,33,oven dry + knife mill (2mm),20.0,,jduong@lbl.gov,rigging,pass,,2026-07-17 19:04:02.701904,
(d6)c576,23,grape pomace,116,47,xrf,s,2340.0,ppm,1,,33,oven dry + knife mill (2mm),20.0,,jduong@lbl.gov,rigging,pass,,2026-07-17 19:04:02.701904,
(d6)c63c,23,grape pomace,116,47,xrf,la,48.0,ppm,2,,33,oven dry + knife mill (2mm),20.0,,jduong@lbl.gov,rigging,pass,,2026-07-17 19:04:02.701904,
(d6)c80a,23,grape pomace,116,47,xrf,mg,3560.0,ppm,2,,33,oven dry + knife mill (2mm),20.0,,jduong@lbl.gov,rigging,fail,other two replicates are <lod,2026-07-17 19:04:02.701904,
(d6)cabd,23,grape pomace,116,47,xrf,cu,14.0,ppm,1,,33,oven dry + knife mill (2mm),20.0,,jduong@lbl.gov,rigging,pass,,2026-07-17 19:04:02.701904,
(d6)cdec,23,grape pomace,116,47,xrf,sr,40.0,ppm,1,,33,oven dry + knife mill (2mm),20.0,,jduong@lbl.gov,rigging,pass,,2026-07-17 19:04:02.701904,
(d6)d115,23,grape pomace,116,47,xrf,k,9650.0,ppm,3,,33,oven dry + knife mill (2mm),20.0,,jduong@lbl.gov,rigging,pass,,2026-07-17 19:04:02.701904,
(d6)d6dd,23,grape pomace,116,47,xrf,u,16.0,ppm,3,,33,oven dry + knife mill (2mm),20.0,,jduong@lbl.gov,rigging,pass,,2026-07-17 19:04:02.701904,
(d6)d90b,23,grape pomace,116,47,xrf,p,2740.0,ppm,3,,33,oven dry + knife mill (2mm),20.0,,jduong@lbl.gov,rigging,pass,,2026-07-17 19:04:02.701904,
(d6)dd9f,23,grape pomace,116,47,xrf,mn,59.0,ppm,2,,33,oven dry + knife mill (2mm),20.0,,jduong@lbl.gov,rigging,pass,,2026-07-17 19:04:02.701904,
(d6)ddd8,23,grape pomace,116,47,xrf,zn,23.0,ppm,3,,33,oven dry + knife mill (2mm),20.0,,jduong@lbl.gov,rigging,pass,,2026-07-17 19:04:02.701904,
(d6)ebfb,23,grape pomace,116,47,xrf,mn,46.0,ppm,3,,33,oven dry + knife mill (2mm),20.0,,jduong@lbl.gov,rigging,pass,,2026-07-17 19:04:02.701904,
(d6)fdd3,23,grape pomace,116,47,xrf,th,44.0,ppm,2,,33,oven dry + knife mill (2mm),20.0,,jduong@lbl.gov,rigging,pass,,2026-07-17 19:04:02.701904,
(da)0531,20,wheat straw,82,47,xrf,rb,59.0,ppm,3,,38,knife mill (2mm),20.0,,jduong@lbl.gov,wardrobe,pass,,2026-07-17 19:04:02.701904,
(da)0b06,3,pistachio shells,153,47,xrf,ca,744.0,ppm,3,,38,knife mill (2mm),20.0,,jduong@lbl.gov,tripod,pass,,2026-07-17 19:04:02.701904,
(da)0b57,20,wheat straw,82,47,xrf,ce,40.0,ppm,3,,38,knife mill (2mm),20.0,,jduong@lbl.gov,wardrobe,fail,other two replicates are <lod,2026-07-17 19:04:02.701904,
(da)0b98,3,pistachio shells,153,47,xrf,cu,6.0,ppm,3,,38,knife mill (2mm),20.0,,jduong@lbl.gov,tripod,pass,,2026-07-17 19:04:02.701904,
(da)0c12,20,wheat straw,82,47,xrf,ba,25.0,ppm,2,,38,knife mill (2mm),20.0,,jduong@lbl.gov,wardrobe,pass,,2026-07-17 19:04:02.701904,
(da)0ed7,20,wheat straw,82,47,xrf,th,73.0,ppm,2,,38,knife mill (2mm),20.0,,jduong@lbl.gov,wardrobe,pass,,2026-07-17 19:04:02.701904,
(da)12c5,3,pistachio shells,153,47,xrf,ce,51.0,ppm,2,,38,knife mill (2mm),20.0,,jduong@lbl.gov,tripod,pass,,2026-07-17 19:04:02.701904,
(da)198d,20,wheat straw,82,47,xrf,al,1620.0,ppm,2,,38,knife mill (2mm),20.0,,jduong@lbl.gov,wardrobe,pass,,2026-07-17 19:04:02.701904,
(da)1b52,20,wheat straw,82,47,xrf,p,1290.0,ppm,2,,38,knife mill (2mm),20.0,,jduong@lbl.gov,wardrobe,pass,,2026-07-17 19:04:02.701904,
(da)1c17,20,wheat straw,82,47,xrf,mo,10.0,ppm,2,,38,knife mill (2mm),20.0,,jduong@lbl.gov,wardrobe,pass,,2026-07-17 19:04:02.701904,
(da)1e2a,3,pistachio shells,153,47,xrf,zn,5.0,ppm,2,,38,knife mill (2mm),20.0,,jduong@lbl.gov,tripod,pass,,2026-07-17 19:04:02.701904,
(da)2022,20,wheat straw,82,47,xrf,th,73.0,ppm,3,,38,knife mill (2mm),20.0,,jduong@lbl.gov,wardrobe,pass,,2026-07-17 19:04:02.701904,
(da)270d,20,wheat straw,82,47,xrf,cu,12.0,ppm,1,,38,knife mill (2mm),20.0,,jduong@lbl.gov,wardrobe,pass,,2026-07-17 19:04:02.701904,
(da)2796,20,wheat straw,82,47,xrf,zn,27.0,ppm,2,,38,knife mill (2mm),20.0,,jduong@lbl.gov,wardrobe,pass,,2026-07-17 19:04:02.701904,
(da)2d9f,3,pistachio shells,153,47,xrf,cu,6.0,ppm,1,,38,knife mill (2mm),20.0,,jduong@lbl.gov,tripod,pass,,2026-07-17 19:04:02.701904,
(da)322a,20,wheat straw,82,47,xrf,u,23.0,ppm,3,,38,knife mill (2mm),20.0,,jduong@lbl.gov,wardrobe,pass,,2026-07-17 19:04:02.701904,
(da)357c,20,wheat straw,82,47,xrf,al,1530.0,ppm,1,,38,knife mill (2mm),20.0,,jduong@lbl.gov,wardrobe,pass,,2026-07-17 19:04:02.701904,
(da)35c4,20,wheat straw,82,47,xrf,pb,6.0,ppm,1,,38,knife mill (2mm),20.0,,jduong@lbl.gov,wardrobe,pass,,2026-07-17 19:04:02.701904,
(da)3776,20,wheat straw,82,47,xrf,ca,5770.0,ppm,1,,38,knife mill (2mm),20.0,,jduong@lbl.gov,wardrobe,pass,,2026-07-17 19:04:02.701904,
(da)3986,3,pistachio shells,153,47,xrf,mn,24.0,ppm,3,,38,knife mill (2mm),20.0,,jduong@lbl.gov,tripod,pass,,2026-07-17 19:04:02.701904,
(da)39e4,20,wheat straw,82,47,xrf,mo,11.0,ppm,1,,38,knife mill (2mm),20.0,,jduong@lbl.gov,wardrobe,pass,,2026-07-17 19:04:02.701904,
(da)3a75,3,pistachio shells,153,47,xrf,cu,5.0,ppm,2,,38,knife mill (2mm),20.0,,jduong@lbl.gov,tripod,pass,,2026-07-17 19:04:02.701904,
(da)3b5c,3,pistachio shells,153,47,xrf,s,318.0,ppm,2,,38,knife mill (2mm),20.0,,jduong@lbl.gov,tripod,pass,,2026-07-17 19:04:02.701904,
(da)3ef9,3,pistachio shells,153,47,xrf,zn,6.0,ppm,1,,38,knife mill (2mm),20.0,,jduong@lbl.gov,tripod,pass,,2026-07-17 19:04:02.701904,
(da)41e0,3,pistachio shells,153,47,xrf,fe,19.0,ppm,3,,38,knife mill (2mm),20.0,,jduong@lbl.gov,tripod,pass,,2026-07-17 19:04:02.701904,
(da)43d9,20,wheat straw,82,47,xrf,si,66800.0,ppm,3,,38,knife mill (2mm),20.0,,jduong@lbl.gov,wardrobe,pass,,2026-07-17 19:04:02.701904,
(da)4458,20,wheat straw,82,47,xrf,zn,30.0,ppm,3,,38,knife mill (2mm),20.0,,jduong@lbl.gov,wardrobe,pass,,2026-07-17 19:04:02.701904,
(da)47b8,20,wheat straw,82,47,xrf,k,38800.0,ppm,3,,38,knife mill (2mm),20.0,,jduong@lbl.gov,wardrobe,pass,,2026-07-17 19:04:02.701904,
(da)4a0a,20,wheat straw,82,47,xrf,rb,52.0,ppm,1,,38,knife mill (2mm),20.0,,jduong@lbl.gov,wardrobe,pass,,2026-07-17 19:04:02.701904,
(da)4b37,3,pistachio shells,153,47,xrf,ba,23.0,ppm,2,,38,knife mill (2mm),20.0,,jduong@lbl.gov,tripod,pass,,2026-07-17 19:04:02.701904,
(da)4c31,3,pistachio shells,153,47,xrf,p,347.0,ppm,1,,38,knife mill (2mm),20.0,,jduong@lbl.gov,tripod,pass,,2026-07-17 19:04:02.701904,
(da)4eeb,20,wheat straw,82,47,xrf,s,3060.0,ppm,3,,38,knife mill (2mm),20.0,,jduong@lbl.gov,wardrobe,pass,,2026-07-17 19:04:02.701904,
(da)4f76,3,pistachio shells,153,47,xrf,mo,4.0,ppm,2,,38,knife mill (2mm),20.0,,jduong@lbl.gov,tripod,pass,,2026-07-17 19:04:02.701904,
(da)571b,3,pistachio shells,153,47,xrf,fe,15.0,ppm,1,,38,knife mill (2mm),20.0,,jduong@lbl.gov,tripod,pass,,2026-07-17 19:04:02.701904,
(da)57a9,3,pistachio shells,153,47,xrf,mn,17.0,ppm,1,,38,knife mill (2mm),20.0,,jduong@lbl.gov,tripod,pass,,2026-07-17 19:04:02.701904,
(da)59ab,3,pistachio shells,153,47,xrf,si,296.0,ppm,1,,38,knife mill (2mm),20.0,,jduong@lbl.gov,tripod,pass,,2026-07-17 19:04:02.701904,
(da)5d68,3,pistachio shells,153,47,xrf,rb,2.0,ppm,3,,38,knife mill (2mm),20.0,,jduong@lbl.gov,tripod,pass,,2026-07-17 19:04:02.701904,
(da)606e,3,pistachio shells,153,47,xrf,th,48.0,ppm,1,,38,knife mill (2mm),20.0,,jduong@lbl.gov,tripod,pass,,2026-07-17 19:04:02.701904,
(da)61cb,20,wheat straw,82,47,xrf,ti,315.0,ppm,2,,38,knife mill (2mm),20.0,,jduong@lbl.gov,wardrobe,pass,,2026-07-17 19:04:02.701904,
(da)62a1,20,wheat straw,82,47,xrf,u,23.0,ppm,2,,38,knife mill (2mm),20.0,,jduong@lbl.gov,wardrobe,pass,,2026-07-17 19:04:02.701904,
(da)6516,3,pistachio shells,153,47,xrf,rb,1.0,ppm,2,,38,knife mill (2mm),20.0,,jduong@lbl.gov,tripod,pass,,2026-07-17 19:04:02.701904,
(da)6931,3,pistachio shells,153,47,xrf,s,3410.0,ppm,1,,38,knife mill (2mm),20.0,,jduong@lbl.gov,tripod,pass,,2026-07-17 19:04:02.701904,
(da)6a11,20,wheat straw,82,47,xrf,mg,6960.0,ppm,3,,38,knife mill (2mm),20.0,,jduong@lbl.gov,wardrobe,fail,other two replicates are <lod,2026-07-17 19:04:02.701904,
(da)6aa7,3,pistachio shells,153,47,xrf,al,544.0,ppm,2,,38,knife mill (2mm),20.0,,jduong@lbl.gov,tripod,pass,,2026-07-17 19:04:02.701904,
(da)7146,20,wheat straw,82,47,xrf,u,21.0,ppm,1,,38,knife mill (2mm),20.0,,jduong@lbl.gov,wardrobe,pass,,2026-07-17 19:04:02.701904,
(da)7524,20,wheat straw,82,47,xrf,ti,285.0,ppm,1,,38,knife mill (2mm),20.0,,jduong@lbl.gov,wardrobe,pass,,2026-07-17 19:04:02.701904,
(da)766d,3,pistachio shells,153,47,xrf,k,778.0,ppm,1,,38,knife mill (2mm),20.0,,jduong@lbl.gov,tripod,pass,,2026-07-17 19:04:02.701904,
(da)79f2,20,wheat straw,82,47,xrf,rb,53.0,ppm,2,,38,knife mill (2mm),20.0,,jduong@lbl.gov,wardrobe,pass,,2026-07-17 19:04:02.701904,
(da)7f44,20,wheat straw,82,47,xrf,zn,25.0,ppm,1,,38,knife mill (2mm),20.0,,jduong@lbl.gov,wardrobe,pass,,2026-07-17 19:04:02.701904,
(da)82ee,3,pistachio shells,153,47,xrf,rb,3.0,ppm,1,,38,knife mill (2mm),20.0,,jduong@lbl.gov,tripod,pass,,2026-07-17 19:04:02.701904,
(da)850e,3,pistachio shells,153,47,xrf,la,40.0,ppm,2,,38,knife mill (2mm),20.0,,jduong@lbl.gov,tripod,pass,,2026-07-17 19:04:02.701904,
(da)89ee,20,wheat straw,82,47,xrf,si,65200.0,ppm,2,,38,knife mill (2mm),20.0,,jduong@lbl.gov,wardrobe,pass,,2026-07-17 19:04:02.701904,
(da)8e26,20,wheat straw,82,47,xrf,k,38800.0,ppm,1,,38,knife mill (2mm),20.0,,jduong@lbl.gov,wardrobe,pass,,2026-07-17 19:04:02.701904,
(da)8ead,3,pistachio shells,153,47,xrf,mo,6.0,ppm,1,,38,knife mill (2mm),20.0,,jduong@lbl.gov,tripod,pass,,2026-07-17 19:04:02.701904,
(da)9161,20,wheat straw,82,47,xrf,al,2160.0,ppm,3,,38,knife mill (2mm),20.0,,jduong@lbl.gov,wardrobe,pass,,2026-07-17 19:04:02.701904,
(da)92c4,20,wheat straw,82,47,xrf,mo,9.0,ppm,3,,38,knife mill (2mm),20.0,,jduong@lbl.gov,wardrobe,pass,,2026-07-17 19:04:02.701904,
(da)92ec,20,wheat straw,82,47,xrf,mn,111.0,ppm,3,,38,knife mill (2mm),20.0,,jduong@lbl.gov,wardrobe,pass,,2026-07-17 19:04:02.701904,
(da)939f,3,pistachio shells,153,47,xrf,ca,743.0,ppm,2,,38,knife mill (2mm),20.0,,jduong@lbl.gov,tripod,pass,,2026-07-17 19:04:02.701904,
(da)93db,3,pistachio shells,153,47,xrf,ce,72.0,ppm,1,,38,knife mill (2mm),20.0,,jduong@lbl.gov,tripod,pass,,2026-07-17 19:04:02.701904,
(da)981f,20,wheat straw,82,47,xrf,fe,892.0,ppm,3,,38,knife mill (2mm),20.0,,jduong@lbl.gov,wardrobe,pass,,2026-07-17 19:04:02.701904,
(da)99ec,3,pistachio shells,153,47,xrf,ca,174.0,ppm,1,,38,knife mill (2mm),20.0,,jduong@lbl.gov,tripod,pass,,2026-07-17 19:04:02.701904,
(da)9a02,20,wheat straw,82,47,xrf,cu,12.0,ppm,2,,38,knife mill (2mm),20.0,,jduong@lbl.gov,wardrobe,pass,,2026-07-17 19:04:02.701904,
(da)9c26,3,pistachio shells,153,47,xrf,al,451.0,ppm,1,,38,knife mill (2mm),20.0,,jduong@lbl.gov,tripod,pass,,2026-07-17 19:04:02.701904,
(da)9d3c,20,wheat straw,82,47,xrf,sr,23.0,ppm,3,,38,knife mill (2mm),20.0,,jduong@lbl.gov,wardrobe,pass,,2026-07-17 19:04:02.701904,
(da)9ddc,3,pistachio shells,153,47,xrf,s,331.0,ppm,3,,38,knife mill (2mm),20.0,,jduong@lbl.gov,tripod,pass,,2026-07-17 19:04:02.701904,
(da)a30e,20,wheat straw,82,47,xrf,sr,23.0,ppm,2,,38,knife mill (2mm),20.0,,jduong@lbl.gov,wardrobe,pass,,2026-07-17 19:04:02.701904,
(da)a318,3,pistachio shells,153,47,xrf,si,762.0,ppm,3,,38,knife mill (2mm),20.0,,jduong@lbl.gov,tripod,pass,,2026-07-17 19:04:02.701904,
(da)a4aa,20,wheat straw,82,47,xrf,ca,6180.0,ppm,3,,38,knife mill (2mm),20.0,,jduong@lbl.gov,wardrobe,pass,,2026-07-17 19:04:02.701904,
(da)a637,3,pistachio shells,153,47,xrf,la,38.0,ppm,1,,38,knife mill (2mm),20.0,,jduong@lbl.gov,tripod,pass,,2026-07-17 19:04:02.701904,
(da)a6b1,20,wheat straw,82,47,xrf,fe,834.0,ppm,2,,38,knife mill (2mm),20.0,,jduong@lbl.gov,wardrobe,pass,,2026-07-17 19:04:02.701904,
(da)a6ec,3,pistachio shells,153,47,xrf,u,13.0,ppm,1,,38,knife mill (2mm),20.0,,jduong@lbl.gov,tripod,pass,,2026-07-17 19:04:02.701904,
(da)ab11,3,pistachio shells,153,47,xrf,si,814.0,ppm,2,,38,knife mill (2mm),20.0,,jduong@lbl.gov,tripod,pass,,2026-07-17 19:04:02.701904,
(da)abcf,3,pistachio shells,153,47,xrf,pr,87.0,ppm,2,,38,knife mill (2mm),20.0,,jduong@lbl.gov,tripod,fail,other two replicates are <lod,2026-07-17 19:04:02.701904,
(da)af45,20,wheat straw,82,47,xrf,sr,23.0,ppm,1,,38,knife mill (2mm),20.0,,jduong@lbl.gov,wardrobe,pass,,2026-07-17 19:04:02.701904,
(da)b117,3,pistachio shells,153,47,xrf,th,43.0,ppm,3,,38,knife mill (2mm),20.0,,jduong@lbl.gov,tripod,pass,,2026-07-17 19:04:02.701904,
(da)b495,20,wheat straw,82,47,xrf,mn,103.0,ppm,2,,38,knife mill (2mm),20.0,,jduong@lbl.gov,wardrobe,pass,,2026-07-17 19:04:02.701904,
(da)b528,20,wheat straw,82,47,xrf,p,1340.0,ppm,1,,38,knife mill (2mm),20.0,,jduong@lbl.gov,wardrobe,pass,,2026-07-17 19:04:02.701904,
(da)b707,3,pistachio shells,153,47,xrf,u,14.0,ppm,3,,38,knife mill (2mm),20.0,,jduong@lbl.gov,tripod,pass,,2026-07-17 19:04:02.701904,
(da)ba22,3,pistachio shells,153,47,xrf,zn,7.0,ppm,3,,38,knife mill (2mm),20.0,,jduong@lbl.gov,tripod,pass,,2026-07-17 19:04:02.701904,
(da)bb41,3,pistachio shells,153,47,xrf,mn,25.0,ppm,2,,38,knife mill (2mm),20.0,,jduong@lbl.gov,tripod,pass,,2026-07-17 19:04:02.701904,
(da)bdee,3,pistachio shells,153,47,xrf,al,656.0,ppm,3,,38,knife mill (2mm),20.0,,jduong@lbl.gov,tripod,pass,,2026-07-17 19:04:02.701904,
(da)be82,20,wheat straw,82,47,xrf,s,3110.0,ppm,2,,38,knife mill (2mm),20.0,,jduong@lbl.gov,wardrobe,pass,,2026-07-17 19:04:02.701904,
(da)c2cf,20,wheat straw,82,47,xrf,fe,938.0,ppm,1,,38,knife mill (2mm),20.0,,jduong@lbl.gov,wardrobe,pass,,2026-07-17 19:04:02.701904,
(da)c32b,3,pistachio shells,153,47,xrf,k,4190.0,ppm,2,,38,knife mill (2mm),20.0,,jduong@lbl.gov,tripod,pass,,2026-07-17 19:04:02.701904,
(da)c3ff,3,pistachio shells,153,47,xrf,k,4220.0,ppm,3,,38,knife mill (2mm),20.0,,jduong@lbl.gov,tripod,pass,,2026-07-17 19:04:02.701904,
(da)c60a,20,wheat straw,82,47,xrf,cu,14.0,ppm,3,,38,knife mill (2mm),20.0,,jduong@lbl.gov,wardrobe,pass,,2026-07-17 19:04:02.701904,
(da)caca,20,wheat straw,82,47,xrf,th,79.0,ppm,1,,38,knife mill (2mm),20.0,,jduong@lbl.gov,wardrobe,pass,,2026-07-17 19:04:02.701904,
(da)d0cc,20,wheat straw,82,47,xrf,ba,25.0,ppm,1,,38,knife mill (2mm),20.0,,jduong@lbl.gov,wardrobe,pass,,2026-07-17 19:04:02.701904,
(da)d588,20,wheat straw,82,47,xrf,si,59700.0,ppm,1,,38,knife mill (2mm),20.0,,jduong@lbl.gov,wardrobe,pass,,2026-07-17 19:04:02.701904,
(da)d622,20,wheat straw,82,47,xrf,ca,6170.0,ppm,2,,38,knife mill (2mm),20.0,,jduong@lbl.gov,wardrobe,pass,,2026-07-17 19:04:02.701904,
(da)d9d7,3,pistachio shells,153,47,xrf,p,304.0,ppm,3,,38,knife mill (2mm),20.0,,jduong@lbl.gov,tripod,pass,,2026-07-17 19:04:02.701904,
(da)da10,20,wheat straw,82,47,xrf,s,2780.0,ppm,1,,38,knife mill (2mm),20.0,,jduong@lbl.gov,wardrobe,pass,,2026-07-17 19:04:02.701904,
(da)dc1d,3,pistachio shells,153,47,xrf,sr,3.0,ppm,2,,38,knife mill (2mm),20.0,,jduong@lbl.gov,tripod,fail,other two replicates are <lod,2026-07-17 19:04:02.701904,
(da)e024,3,pistachio shells,153,47,xrf,ba,30.0,ppm,1,,38,knife mill (2mm),20.0,,jduong@lbl.gov,tripod,pass,,2026-07-17 19:04:02.701904,
(da)e384,20,wheat straw,82,47,xrf,la,33.0,ppm,1,,38,knife mill (2mm),20.0,,jduong@lbl.gov,wardrobe,fail,other two replicates are <lod,2026-07-17 19:04:02.701904,
(da)e4be,20,wheat straw,82,47,xrf,p,1300.0,ppm,3,,38,knife mill (2mm),20.0,,jduong@lbl.gov,wardrobe,pass,,2026-07-17 19:04:02.701904,
(da)e8db,3,pistachio shells,153,47,xrf,u,13.0,ppm,2,,38,knife mill (2mm),20.0,,jduong@lbl.gov,tripod,pass,,2026-07-17 19:04:02.701904,
(da)e97d,20,wheat straw,82,47,xrf,pb,5.0,ppm,2,,38,knife mill (2mm),20.0,,jduong@lbl.gov,wardrobe,pass,,2026-07-17 19:04:02.701904,
(da)eb64,20,wheat straw,82,47,xrf,k,39700.0,ppm,2,,38,knife mill (2mm),20.0,,jduong@lbl.gov,wardrobe,pass,,2026-07-17 19:04:02.701904,
(da)f06c,3,pistachio shells,153,47,xrf,th,44.0,ppm,2,,38,knife mill (2mm),20.0,,jduong@lbl.gov,tripod,pass,,2026-07-17 19:04:02.701904,
(da)f16c,3,pistachio shells,153,47,xrf,p,330.0,ppm,2,,38,knife mill (2mm),20.0,,jduong@lbl.gov,tripod,pass,,2026-07-17 19:04:02.701904,
(da)f499,20,wheat straw,82,47,xrf,pr,102.0,ppm,2,,38,knife mill (2mm),20.0,,jduong@lbl.gov,wardrobe,fail,other two replicates are <lod,2026-07-17 19:04:02.701904,
(da)f9ef,3,pistachio shells,153,47,xrf,ti,150.0,ppm,3,,38,knife mill (2mm),20.0,,jduong@lbl.gov,tripod,fail,other two replicates are <lod,2026-07-17 19:04:02.701904,
(da)fa17,20,wheat straw,82,47,xrf,mn,85.0,ppm,1,,38,knife mill (2mm),20.0,,jduong@lbl.gov,wardrobe,pass,,2026-07-17 19:04:02.701904,
(ed)04fd,23,grape pomace,109,47,xrf,mg,3910.0,ppm,3,,33,oven dry + knife mill (2mm),20.0,,jduong@lbl.gov,,fail,other two replicates are <lod,2026-07-17 19:04:02.701904,
(ed)054d,5,alfalfa,78,47,xrf,al,1410.0,ppm,3,,38,knife mill (2mm),20.0,,jduong@lbl.gov,possessive,pass,,2026-07-17 19:04:02.701904,
(ed)057d,5,alfalfa,78,47,xrf,mo,5.0,ppm,3,,38,knife mill (2mm),20.0,,jduong@lbl.gov,possessive,pass,,2026-07-17 19:04:02.701904,
(ed)0a86,5,alfalfa,78,47,xrf,co,17.0,ppm,1,,38,knife mill (2mm),20.0,,jduong@lbl.gov,possessive,fail,other two replicates are <lod,2026-07-17 19:04:02.701904,
(ed)0c65,23,grape pomace,109,47,xrf,k,19600.0,ppm,1,,33,oven dry + knife mill (2mm),20.0,,jduong@lbl.gov,,pass,,2026-07-17 19:04:02.701904,
(ed)0cb7,23,grape pomace,109,47,xrf,la,62.0,ppm,3,,33,oven dry + knife mill (2mm),20.0,,jduong@lbl.gov,,pass,,2026-07-17 19:04:02.701904,
(ed)0cd3,5,alfalfa,78,47,xrf,sr,110.0,ppm,1,,38,knife mill (2mm),20.0,,jduong@lbl.gov,possessive,pass,,2026-07-17 19:04:02.701904,
(ed)0eab,23,grape pomace,109,47,xrf,rb,8.0,ppm,2,,33,oven dry + knife mill (2mm),20.0,,jduong@lbl.gov,,pass,,2026-07-17 19:04:02.701904,
(ed)1292,23,grape pomace,109,47,xrf,th,44.0,ppm,3,,33,oven dry + knife mill (2mm),20.0,,jduong@lbl.gov,,pass,,2026-07-17 19:04:02.701904,
(ed)13de,23,grape pomace,109,47,xrf,rb,8.0,ppm,3,,33,oven dry + knife mill (2mm),20.0,,jduong@lbl.gov,,pass,,2026-07-17 19:04:02.701904,
(ed)1429,5,alfalfa,78,47,xrf,mn,46.0,ppm,3,,38,knife mill (2mm),20.0,,jduong@lbl.gov,possessive,pass,,2026-07-17 19:04:02.701904,
(ed)1827,5,alfalfa,78,47,xrf,u,23.0,ppm,1,,38,knife mill (2mm),20.0,,jduong@lbl.gov,possessive,pass,,2026-07-17 19:04:02.701904,
(ed)1d32,23,grape pomace,109,47,xrf,mo,7.0,ppm,3,,33,oven dry + knife mill (2mm),20.0,,jduong@lbl.gov,,pass,,2026-07-17 19:04:02.701904,
(ed)1ed9,5,alfalfa,78,47,xrf,si,3440.0,ppm,3,,38,knife mill (2mm),20.0,,jduong@lbl.gov,possessive,pass,,2026-07-17 19:04:02.701904,
(ed)2185,23,grape pomace,109,47,xrf,u,14.0,ppm,1,,33,oven dry + knife mill (2mm),20.0,,jduong@lbl.gov,,pass,,2026-07-17 19:04:02.701904,
(ed)22a6,5,alfalfa,78,47,xrf,cu,23.0,ppm,1,,38,knife mill (2mm),20.0,,jduong@lbl.gov,possessive,pass,,2026-07-17 19:04:02.701904,
(ed)2472,23,grape pomace,109,47,xrf,la,44.0,ppm,1,,33,oven dry + knife mill (2mm),20.0,,jduong@lbl.gov,,pass,,2026-07-17 19:04:02.701904,
(ed)2551,23,grape pomace,109,47,xrf,ca,6640.0,ppm,3,,33,oven dry + knife mill (2mm),20.0,,jduong@lbl.gov,,pass,,2026-07-17 19:04:02.701904,
(ed)2789,5,alfalfa,78,47,xrf,pb,4.0,ppm,2,,38,knife mill (2mm),20.0,,jduong@lbl.gov,possessive,pass,,2026-07-17 19:04:02.701904,
(ed)2c2c,5,alfalfa,78,47,xrf,s,4180.0,ppm,3,,38,knife mill (2mm),20.0,,jduong@lbl.gov,possessive,pass,,2026-07-17 19:04:02.701904,
(ed)2f0a,23,grape pomace,109,47,xrf,nd,106.0,ppm,3,,33,oven dry + knife mill (2mm),20.0,,jduong@lbl.gov,,fail,other two replicates are <lod,2026-07-17 19:04:02.701904,
(ed)2f4e,23,grape pomace,109,47,xrf,p,3290.0,ppm,3,,33,oven dry + knife mill (2mm),20.0,,jduong@lbl.gov,,pass,,2026-07-17 19:04:02.701904,
(ed)32b6,23,grape pomace,109,47,xrf,mn,37.0,ppm,1,,33,oven dry + knife mill (2mm),20.0,,jduong@lbl.gov,,pass,,2026-07-17 19:04:02.701904,
(ed)34e4,23,grape pomace,109,47,xrf,mn,52.0,ppm,2,,33,oven dry + knife mill (2mm),20.0,,jduong@lbl.gov,,pass,,2026-07-17 19:04:02.701904,
(ed)3611,5,alfalfa,78,47,xrf,pr,67.0,ppm,2,,38,knife mill (2mm),20.0,,jduong@lbl.gov,possessive,fail,other two replicates are <lod,2026-07-17 19:04:02.701904,
(ed)37fc,23,grape pomace,109,47,xrf,mo,4.0,ppm,2,,33,oven dry + knife mill (2mm),20.0,,jduong@lbl.gov,,pass,,2026-07-17 19:04:02.701904,
(ed)3abc,23,grape pomace,109,47,xrf,fe,387.0,ppm,2,,33,oven dry + knife mill (2mm),20.0,,jduong@lbl.gov,,pass,,2026-07-17 19:04:02.701904,
(ed)4181,23,grape pomace,109,47,xrf,ce,65.0,ppm,3,,33,oven dry + knife mill (2mm),20.0,,jduong@lbl.gov,,pass,,2026-07-17 19:04:02.701904,
(ed)41cb,23,grape pomace,109,47,xrf,ca,6850.0,ppm,1,,33,oven dry + knife mill (2mm),20.0,,jduong@lbl.gov,,pass,,2026-07-17 19:04:02.701904,
(ed)43e1,5,alfalfa,78,47,xrf,mg,12700.0,ppm,2,,38,knife mill (2mm),20.0,,jduong@lbl.gov,possessive,pass,,2026-07-17 19:04:02.701904,
(ed)45e3,23,grape pomace,109,47,xrf,cu,24.0,ppm,3,,33,oven dry + knife mill (2mm),20.0,,jduong@lbl.gov,,pass,,2026-07-17 19:04:02.701904,
(ed)49b0,23,grape pomace,109,47,xrf,cu,22.0,ppm,1,,33,oven dry + knife mill (2mm),20.0,,jduong@lbl.gov,,pass,,2026-07-17 19:04:02.701904,
(ed)4a9f,5,alfalfa,78,47,xrf,si,4020.0,ppm,2,,38,knife mill (2mm),20.0,,jduong@lbl.gov,possessive,pass,,2026-07-17 19:04:02.701904,
(ed)4efd,5,alfalfa,78,47,xrf,al,1800.0,ppm,1,,38,knife mill (2mm),20.0,,jduong@lbl.gov,possessive,pass,,2026-07-17 19:04:02.701904,
(ed)4fa6,5,alfalfa,78,47,xrf,ba,24.0,ppm,3,,38,knife mill (2mm),20.0,,jduong@lbl.gov,possessive,pass,,2026-07-17 19:04:02.701904,
(ed)5160,23,grape pomace,109,47,xrf,mn,46.0,ppm,3,,33,oven dry + knife mill (2mm),20.0,,jduong@lbl.gov,,pass,,2026-07-17 19:04:02.701904,
(ed)523f,5,alfalfa,78,47,xrf,al,1660.0,ppm,2,,38,knife mill (2mm),20.0,,jduong@lbl.gov,possessive,pass,,2026-07-17 19:04:02.701904,
(ed)53ff,5,alfalfa,78,47,xrf,sr,110.0,ppm,2,,38,knife mill (2mm),20.0,,jduong@lbl.gov,possessive,pass,,2026-07-17 19:04:02.701904,
(ed)5501,5,alfalfa,78,47,xrf,zn,42.0,ppm,1,,38,knife mill (2mm),20.0,,jduong@lbl.gov,possessive,pass,,2026-07-17 19:04:02.701904,
(ed)56d3,23,grape pomace,109,47,xrf,k,19000.0,ppm,3,,33,oven dry + knife mill (2mm),20.0,,jduong@lbl.gov,,pass,,2026-07-17 19:04:02.701904,
(ed)5845,23,grape pomace,109,47,xrf,p,3300.0,ppm,2,,33,oven dry + knife mill (2mm),20.0,,jduong@lbl.gov,,pass,,2026-07-17 19:04:02.701904,
(ed)5c14,23,grape pomace,109,47,xrf,si,2730.0,ppm,3,,33,oven dry + knife mill (2mm),20.0,,jduong@lbl.gov,,pass,,2026-07-17 19:04:02.701904,
(ed)627d,5,alfalfa,78,47,xrf,rb,55.0,ppm,3,,38,knife mill (2mm),20.0,,jduong@lbl.gov,possessive,pass,,2026-07-17 19:04:02.701904,
(ed)6371,23,grape pomace,109,47,xrf,ba,26.0,ppm,1,,33,oven dry + knife mill (2mm),20.0,,jduong@lbl.gov,,pass,,2026-07-17 19:04:02.701904,
(ed)63ef,5,alfalfa,78,47,xrf,ba,28.0,ppm,2,,38,knife mill (2mm),20.0,,jduong@lbl.gov,possessive,pass,,2026-07-17 19:04:02.701904,
(ed)653f,23,grape pomace,109,47,xrf,ba,33.0,ppm,2,,33,oven dry + knife mill (2mm),20.0,,jduong@lbl.gov,,pass,,2026-07-17 19:04:02.701904,
(ed)6849,23,grape pomace,109,47,xrf,k,19100.0,ppm,2,,33,oven dry + knife mill (2mm),20.0,,jduong@lbl.gov,,pass,,2026-07-17 19:04:02.701904,
(ed)6d70,23,grape pomace,109,47,xrf,fe,366.0,ppm,1,,33,oven dry + knife mill (2mm),20.0,,jduong@lbl.gov,,pass,,2026-07-17 19:04:02.701904,
(ed)6da1,5,alfalfa,78,47,xrf,mg,11700.0,ppm,1,,38,knife mill (2mm),20.0,,jduong@lbl.gov,possessive,pass,,2026-07-17 19:04:02.701904,
(ed)6ec0,5,alfalfa,78,47,xrf,s,4550.0,ppm,2,,38,knife mill (2mm),20.0,,jduong@lbl.gov,possessive,pass,,2026-07-17 19:04:02.701904,
(ed)6f85,5,alfalfa,78,47,xrf,zn,44.0,ppm,3,,38,knife mill (2mm),20.0,,jduong@lbl.gov,possessive,pass,,2026-07-17 19:04:02.701904,
(ed)7102,23,grape pomace,109,47,xrf,sr,33.0,ppm,3,,33,oven dry + knife mill (2mm),20.0,,jduong@lbl.gov,,pass,,2026-07-17 19:04:02.701904,
(ed)7301,5,alfalfa,78,47,xrf,th,60.0,ppm,1,,38,knife mill (2mm),20.0,,jduong@lbl.gov,possessive,pass,,2026-07-17 19:04:02.701904,
(ed)77f7,23,grape pomace,109,47,xrf,s,2730.0,ppm,3,,33,oven dry + knife mill (2mm),20.0,,jduong@lbl.gov,,pass,,2026-07-17 19:04:02.701904,
(ed)7a9a,23,grape pomace,109,47,xrf,ce,61.0,ppm,1,,33,oven dry + knife mill (2mm),20.0,,jduong@lbl.gov,,pass,,2026-07-17 19:04:02.701904,
(ed)7c69,23,grape pomace,109,47,xrf,s,2740.0,ppm,2,,33,oven dry + knife mill (2mm),20.0,,jduong@lbl.gov,,pass,,2026-07-17 19:04:02.701904,
(ed)7d94,23,grape pomace,109,47,xrf,pr,72.0,ppm,1,,33,oven dry + knife mill (2mm),20.0,,jduong@lbl.gov,,pass,,2026-07-17 19:04:02.701904,
(ed)83de,5,alfalfa,78,47,xrf,mo,11.0,ppm,2,,38,knife mill (2mm),20.0,,jduong@lbl.gov,possessive,pass,,2026-07-17 19:04:02.701904,
(ed)8675,5,alfalfa,78,47,xrf,nd,79.0,ppm,3,,38,knife mill (2mm),20.0,,jduong@lbl.gov,possessive,fail,other two replicates are <lod,2026-07-17 19:04:02.701904,
(ed)8974,5,alfalfa,78,47,xrf,cu,20.0,ppm,2,,38,knife mill (2mm),20.0,,jduong@lbl.gov,possessive,pass,,2026-07-17 19:04:02.701904,
(ed)8b54,5,alfalfa,78,47,xrf,k,15700.0,ppm,1,,38,knife mill (2mm),20.0,,jduong@lbl.gov,possessive,pass,,2026-07-17 19:04:02.701904,
(ed)8dd0,23,grape pomace,109,47,xrf,si,2800.0,ppm,1,,33,oven dry + knife mill (2mm),20.0,,jduong@lbl.gov,,pass,,2026-07-17 19:04:02.701904,
(ed)959a,5,alfalfa,78,47,xrf,ba,25.0,ppm,1,,38,knife mill (2mm),20.0,,jduong@lbl.gov,possessive,pass,,2026-07-17 19:04:02.701904,
(ed)9622,23,grape pomace,109,47,xrf,fe,377.0,ppm,3,,33,oven dry + knife mill (2mm),20.0,,jduong@lbl.gov,,pass,,2026-07-17 19:04:02.701904,
(ed)99fb,5,alfalfa,78,47,xrf,k,15500.0,ppm,3,,38,knife mill (2mm),20.0,,jduong@lbl.gov,possessive,pass,,2026-07-17 19:04:02.701904,
(ed)9a25,23,grape pomace,109,47,xrf,rb,8.0,ppm,1,,33,oven dry + knife mill (2mm),20.0,,jduong@lbl.gov,,pass,,2026-07-17 19:04:02.701904,
(ed)9b50,23,grape pomace,109,47,xrf,cu,24.0,ppm,2,,33,oven dry + knife mill (2mm),20.0,,jduong@lbl.gov,,pass,,2026-07-17 19:04:02.701904,
(ed)9ba1,23,grape pomace,109,47,xrf,zn,26.0,ppm,3,,33,oven dry + knife mill (2mm),20.0,,jduong@lbl.gov,,pass,,2026-07-17 19:04:02.701904,
(ed)9e36,5,alfalfa,78,47,xrf,rb,56.0,ppm,1,,38,knife mill (2mm),20.0,,jduong@lbl.gov,possessive,pass,,2026-07-17 19:04:02.701904,
(ed)9e61,5,alfalfa,78,47,xrf,th,52.0,ppm,2,,38,knife mill (2mm),20.0,,jduong@lbl.gov,possessive,pass,,2026-07-17 19:04:02.701904,
(ed)9e66,5,alfalfa,78,47,xrf,u,19.0,ppm,3,,38,knife mill (2mm),20.0,,jduong@lbl.gov,possessive,pass,,2026-07-17 19:04:02.701904,
(ed)9efb,5,alfalfa,78,47,xrf,rb,55.0,ppm,2,,38,knife mill (2mm),20.0,,jduong@lbl.gov,possessive,pass,,2026-07-17 19:04:02.701904,
(ed)a8cd,5,alfalfa,78,47,xrf,mo,9.0,ppm,1,,38,knife mill (2mm),20.0,,jduong@lbl.gov,possessive,pass,,2026-07-17 19:04:02.701904,
(ed)a9be,23,grape pomace,109,47,xrf,p,3410.0,ppm,1,,33,oven dry + knife mill (2mm),20.0,,jduong@lbl.gov,,pass,,2026-07-17 19:04:02.701904,
(ed)a9f6,5,alfalfa,78,47,xrf,mn,58.0,ppm,2,,38,knife mill (2mm),20.0,,jduong@lbl.gov,possessive,pass,,2026-07-17 19:04:02.701904,
(ed)aa21,5,alfalfa,78,47,xrf,k,16500.0,ppm,2,,38,knife mill (2mm),20.0,,jduong@lbl.gov,possessive,pass,,2026-07-17 19:04:02.701904,
(ed)aaae,23,grape pomace,109,47,xrf,sr,33.0,ppm,1,,33,oven dry + knife mill (2mm),20.0,,jduong@lbl.gov,,pass,,2026-07-17 19:04:02.701904,
(ed)ae4b,23,grape pomace,109,47,xrf,si,2660.0,ppm,2,,33,oven dry + knife mill (2mm),20.0,,jduong@lbl.gov,,pass,,2026-07-17 19:04:02.701904,
(ed)af66,5,alfalfa,78,47,xrf,u,17.0,ppm,2,,38,knife mill (2mm),20.0,,jduong@lbl.gov,possessive,pass,,2026-07-17 19:04:02.701904,
(ed)af6e,5,alfalfa,78,47,xrf,th,57.0,ppm,3,,38,knife mill (2mm),20.0,,jduong@lbl.gov,possessive,pass,,2026-07-17 19:04:02.701904,
(ed)b7e9,5,alfalfa,78,47,xrf,ca,21900.0,ppm,3,,38,knife mill (2mm),20.0,,jduong@lbl.gov,possessive,pass,,2026-07-17 19:04:02.701904,
(ed)bec3,5,alfalfa,78,47,xrf,s,4230.0,ppm,1,,38,knife mill (2mm),20.0,,jduong@lbl.gov,possessive,pass,,2026-07-17 19:04:02.701904,
(ed)bed2,23,grape pomace,109,47,xrf,zn,23.0,ppm,1,,33,oven dry + knife mill (2mm),20.0,,jduong@lbl.gov,,pass,,2026-07-17 19:04:02.701904,
(ed)c28c,5,alfalfa,78,47,xrf,ca,24300.0,ppm,2,,38,knife mill (2mm),20.0,,jduong@lbl.gov,possessive,pass,,2026-07-17 19:04:02.701904,
(ed)c293,5,alfalfa,78,47,xrf,mg,10100.0,ppm,3,,38,knife mill (2mm),20.0,,jduong@lbl.gov,possessive,pass,,2026-07-17 19:04:02.701904,
(ed)c57d,5,alfalfa,78,47,xrf,p,3900.0,ppm,2,,38,knife mill (2mm),20.0,,jduong@lbl.gov,possessive,pass,,2026-07-17 19:04:02.701904,
(ed)c8fb,5,alfalfa,78,47,xrf,fe,407.0,ppm,2,,38,knife mill (2mm),20.0,,jduong@lbl.gov,possessive,pass,,2026-07-17 19:04:02.701904,
(ed)cb57,23,grape pomace,109,47,xrf,s,2880.0,ppm,1,,33,oven dry + knife mill (2mm),20.0,,jduong@lbl.gov,,pass,,2026-07-17 19:04:02.701904,
(ed)cb6f,23,grape pomace,109,47,xrf,u,13.0,ppm,2,,33,oven dry + knife mill (2mm),20.0,,jduong@lbl.gov,,pass,,2026-07-17 19:04:02.701904,
(ed)cc77,23,grape pomace,109,47,xrf,ca,6650.0,ppm,2,,33,oven dry + knife mill (2mm),20.0,,jduong@lbl.gov,,pass,,2026-07-17 19:04:02.701904,
(ed)cf7f,5,alfalfa,78,47,xrf,zn,43.0,ppm,2,,38,knife mill (2mm),20.0,,jduong@lbl.gov,possessive,pass,,2026-07-17 19:04:02.701904,
(ed)d1ee,5,alfalfa,78,47,xrf,mn,51.0,ppm,1,,38,knife mill (2mm),20.0,,jduong@lbl.gov,possessive,pass,,2026-07-17 19:04:02.701904,
(ed)de76,5,alfalfa,78,47,xrf,ca,23400.0,ppm,1,,38,knife mill (2mm),20.0,,jduong@lbl.gov,possessive,pass,,2026-07-17 19:04:02.701904,
(ed)df9e,23,grape pomace,109,47,xrf,pr,100.0,ppm,3,,33,oven dry + knife mill (2mm),20.0,,jduong@lbl.gov,,pass,,2026-07-17 19:04:02.701904,
(ed)e038,23,grape pomace,109,47,xrf,u,13.0,ppm,3,,33,oven dry + knife mill (2mm),20.0,,jduong@lbl.gov,,pass,,2026-07-17 19:04:02.701904,
(ed)e198,5,alfalfa,78,47,xrf,p,3800.0,ppm,3,,38,knife mill (2mm),20.0,,jduong@lbl.gov,possessive,pass,,2026-07-17 19:04:02.701904,
(ed)e231,5,alfalfa,78,47,xrf,cu,23.0,ppm,3,,38,knife mill (2mm),20.0,,jduong@lbl.gov,possessive,pass,,2026-07-17 19:04:02.701904,
(ed)e65c,23,grape pomace,109,47,xrf,sr,33.0,ppm,2,,33,oven dry + knife mill (2mm),20.0,,jduong@lbl.gov,,pass,,2026-07-17 19:04:02.701904,
(ed)ebbd,23,grape pomace,109,47,xrf,th,40.0,ppm,1,,33,oven dry + knife mill (2mm),20.0,,jduong@lbl.gov,,pass,,2026-07-17 19:04:02.701904,
(ed)ec76,5,alfalfa,78,47,xrf,sr,105.0,ppm,3,,38,knife mill (2mm),20.0,,jduong@lbl.gov,possessive,pass,,2026-07-17 19:04:02.701904,
(ed)ee03,5,alfalfa,78,47,xrf,pb,4.0,ppm,1,,38,knife mill (2mm),20.0,,jduong@lbl.gov,possessive,pass,,2026-07-17 19:04:02.701904,
(ed)eeff,5,alfalfa,78,47,xrf,fe,404.0,ppm,1,,38,knife mill (2mm),20.0,,jduong@lbl.gov,possessive,pass,,2026-07-17 19:04:02.701904,
(ed)f1bc,23,grape pomace,109,47,xrf,zn,25.0,ppm,2,,33,oven dry + knife mill (2mm),20.0,,jduong@lbl.gov,,pass,,2026-07-17 19:04:02.701904,
(ed)f255,23,grape pomace,109,47,xrf,ba,36.0,ppm,3,,33,oven dry + knife mill (2mm),20.0,,jduong@lbl.gov,,pass,,2026-07-17 19:04:02.701904,
(ed)f290,5,alfalfa,78,47,xrf,p,3730.0,ppm,1,,38,knife mill (2mm),20.0,,jduong@lbl.gov,possessive,pass,,2026-07-17 19:04:02.701904,
(ed)f401,5,alfalfa,78,47,xrf,ti,278.0,ppm,3,,38,knife mill (2mm),20.0,,jduong@lbl.gov,possessive,fail,other two replicates are <lod,2026-07-17 19:04:02.701904,
(ed)f740,5,alfalfa,78,47,xrf,si,3770.0,ppm,1,,38,knife mill (2mm),20.0,,jduong@lbl.gov,possessive,pass,,2026-07-17 19:04:02.701904,
(ed)f900,5,alfalfa,78,47,xrf,pb,4.0,ppm,3,,38,knife mill (2mm),20.0,,jduong@lbl.gov,possessive,pass,,2026-07-17 19:04:02.701904,
(ed)f93e,5,alfalfa,78,47,xrf,fe,405.0,ppm,3,,38,knife mill (2mm),20.0,,jduong@lbl.gov,possessive,pass,,2026-07-17 19:04:02.701904,
(ed)fc33,23,grape pomace,109,47,xrf,th,39.0,ppm,2,,33,oven dry + knife mill (2mm),20.0,,jduong@lbl.gov,,pass,,2026-07-17 19:04:02.701904,
(f2)0fde,9,pistachio hulls,132,47,xrf,mn,32.0,ppm,2,,33,oven dry + knife mill (2mm),20.0,,jduong@lbl.gov,tripod,pass,,2026-07-17 19:04:02.701904,
(f2)15b8,9,pistachio hulls,132,47,xrf,ti,226.0,ppm,1,,33,oven dry + knife mill (2mm),20.0,,jduong@lbl.gov,tripod,fail,other two replicates are <lod,2026-07-17 19:04:02.701904,
(f2)15c2,9,pistachio hulls,132,47,xrf,u,5.0,ppm,3,,33,oven dry + knife mill (2mm),20.0,,jduong@lbl.gov,tripod,pass,,2026-07-17 19:04:02.701904,
(f2)1836,9,pistachio hulls,132,47,xrf,cu,15.0,ppm,1,,33,oven dry + knife mill (2mm),20.0,,jduong@lbl.gov,tripod,pass,,2026-07-17 19:04:02.701904,
(f2)1f9e,9,pistachio hulls,132,47,xrf,ca,4440.0,ppm,2,,33,oven dry + knife mill (2mm),20.0,,jduong@lbl.gov,tripod,pass,,2026-07-17 19:04:02.701904,
(f2)2038,9,pistachio hulls,132,47,xrf,zn,22.0,ppm,2,,33,oven dry + knife mill (2mm),20.0,,jduong@lbl.gov,tripod,pass,,2026-07-17 19:04:02.701904,
(f2)2569,9,pistachio hulls,132,47,xrf,rb,151.0,ppm,3,,33,oven dry + knife mill (2mm),20.0,,jduong@lbl.gov,tripod,pass,,2026-07-17 19:04:02.701904,
(f2)2cbe,9,pistachio hulls,132,47,xrf,ba,38.0,ppm,2,,33,oven dry + knife mill (2mm),20.0,,jduong@lbl.gov,tripod,pass,,2026-07-17 19:04:02.701904,
(f2)2ec0,9,pistachio hulls,132,47,xrf,mo,3.0,ppm,2,,33,oven dry + knife mill (2mm),20.0,,jduong@lbl.gov,tripod,pass,,2026-07-17 19:04:02.701904,
(f2)3976,9,pistachio hulls,132,47,xrf,mn,42.0,ppm,3,,33,oven dry + knife mill (2mm),20.0,,jduong@lbl.gov,tripod,pass,,2026-07-17 19:04:02.701904,
(f2)39f7,9,pistachio hulls,132,47,xrf,s,2980.0,ppm,3,,33,oven dry + knife mill (2mm),20.0,,jduong@lbl.gov,tripod,pass,,2026-07-17 19:04:02.701904,
(f2)3a58,9,pistachio hulls,132,47,xrf,th,12.0,ppm,2,,33,oven dry + knife mill (2mm),20.0,,jduong@lbl.gov,tripod,pass,,2026-07-17 19:04:02.701904,
(f2)3f1d,9,pistachio hulls,132,47,xrf,s,2890.0,ppm,1,,33,oven dry + knife mill (2mm),20.0,,jduong@lbl.gov,tripod,pass,,2026-07-17 19:04:02.701904,
(f2)5026,9,pistachio hulls,132,47,xrf,si,1340.0,ppm,3,,33,oven dry + knife mill (2mm),20.0,,jduong@lbl.gov,tripod,pass,,2026-07-17 19:04:02.701904,
(f2)51e3,9,pistachio hulls,132,47,xrf,fe,372.0,ppm,3,,33,oven dry + knife mill (2mm),20.0,,jduong@lbl.gov,tripod,pass,,2026-07-17 19:04:02.701904,
(f2)6850,9,pistachio hulls,132,47,xrf,th,12.0,ppm,1,,33,oven dry + knife mill (2mm),20.0,,jduong@lbl.gov,tripod,pass,,2026-07-17 19:04:02.701904,
(f2)6bb5,9,pistachio hulls,132,47,xrf,th,14.0,ppm,3,,33,oven dry + knife mill (2mm),20.0,,jduong@lbl.gov,tripod,pass,,2026-07-17 19:04:02.701904,
(f2)6c3e,9,pistachio hulls,132,47,xrf,sr,21.0,ppm,1,,33,oven dry + knife mill (2mm),20.0,,jduong@lbl.gov,tripod,pass,,2026-07-17 19:04:02.701904,
(f2)712c,9,pistachio hulls,132,47,xrf,ce,79.0,ppm,2,,33,oven dry + knife mill (2mm),20.0,,jduong@lbl.gov,tripod,pass,,2026-07-17 19:04:02.701904,
(f2)7acf,9,pistachio hulls,132,47,xrf,k,79100.0,ppm,2,,33,oven dry + knife mill (2mm),20.0,,jduong@lbl.gov,tripod,pass,,2026-07-17 19:04:02.701904,
(f2)7c16,9,pistachio hulls,132,47,xrf,u,6.0,ppm,1,,33,oven dry + knife mill (2mm),20.0,,jduong@lbl.gov,tripod,pass,,2026-07-17 19:04:02.701904,
(f2)7fa0,9,pistachio hulls,132,47,xrf,cu,9.0,ppm,2,,33,oven dry + knife mill (2mm),20.0,,jduong@lbl.gov,tripod,pass,,2026-07-17 19:04:02.701904,
(f2)85e3,9,pistachio hulls,132,47,xrf,zn,24.0,ppm,1,,33,oven dry + knife mill (2mm),20.0,,jduong@lbl.gov,tripod,pass,,2026-07-17 19:04:02.701904,
(f2)8c75,9,pistachio hulls,132,47,xrf,ca,4460.0,ppm,3,,33,oven dry + knife mill (2mm),20.0,,jduong@lbl.gov,tripod,pass,,2026-07-17 19:04:02.701904,
(f2)8e81,9,pistachio hulls,132,47,xrf,si,1210.0,ppm,2,,33,oven dry + knife mill (2mm),20.0,,jduong@lbl.gov,tripod,pass,,2026-07-17 19:04:02.701904,
(f2)9299,9,pistachio hulls,132,47,xrf,ba,30.0,ppm,1,,33,oven dry + knife mill (2mm),20.0,,jduong@lbl.gov,tripod,pass,,2026-07-17 19:04:02.701904,
(f2)9812,9,pistachio hulls,132,47,xrf,la,64.0,ppm,2,,33,oven dry + knife mill (2mm),20.0,,jduong@lbl.gov,tripod,pass,,2026-07-17 19:04:02.701904,
(f2)9d83,9,pistachio hulls,132,47,xrf,sr,21.0,ppm,3,,33,oven dry + knife mill (2mm),20.0,,jduong@lbl.gov,tripod,pass,,2026-07-17 19:04:02.701904,
(f2)a535,9,pistachio hulls,132,47,xrf,k,78800.0,ppm,3,,33,oven dry + knife mill (2mm),20.0,,jduong@lbl.gov,tripod,pass,,2026-07-17 19:04:02.701904,
(f2)a6d6,9,pistachio hulls,132,47,xrf,k,77300.0,ppm,1,,33,oven dry + knife mill (2mm),20.0,,jduong@lbl.gov,tripod,pass,,2026-07-17 19:04:02.701904,
(f2)a82f,9,pistachio hulls,132,47,xrf,zn,22.0,ppm,3,,33,oven dry + knife mill (2mm),20.0,,jduong@lbl.gov,tripod,pass,,2026-07-17 19:04:02.701904,
(f2)aa25,9,pistachio hulls,132,47,xrf,p,1840.0,ppm,2,,33,oven dry + knife mill (2mm),20.0,,jduong@lbl.gov,tripod,pass,,2026-07-17 19:04:02.701904,
(f2)b13f,9,pistachio hulls,132,47,xrf,sr,21.0,ppm,2,,33,oven dry + knife mill (2mm),20.0,,jduong@lbl.gov,tripod,pass,,2026-07-17 19:04:02.701904,
(f2)b655,9,pistachio hulls,132,47,xrf,p,1940.0,ppm,3,,33,oven dry + knife mill (2mm),20.0,,jduong@lbl.gov,tripod,pass,,2026-07-17 19:04:02.701904,
(f2)b7aa,9,pistachio hulls,132,47,xrf,u,6.0,ppm,2,,33,oven dry + knife mill (2mm),20.0,,jduong@lbl.gov,tripod,pass,,2026-07-17 19:04:02.701904,
(f2)b842,9,pistachio hulls,132,47,xrf,mn,26.0,ppm,1,,33,oven dry + knife mill (2mm),20.0,,jduong@lbl.gov,tripod,pass,,2026-07-17 19:04:02.701904,
(f2)bba9,9,pistachio hulls,132,47,xrf,ca,4590.0,ppm,1,,33,oven dry + knife mill (2mm),20.0,,jduong@lbl.gov,tripod,pass,,2026-07-17 19:04:02.701904,
(f2)bcbf,9,pistachio hulls,132,47,xrf,la,73.0,ppm,3,,33,oven dry + knife mill (2mm),20.0,,jduong@lbl.gov,tripod,pass,,2026-07-17 19:04:02.701904,
(f2)c584,9,pistachio hulls,132,47,xrf,ba,49.0,ppm,3,,33,oven dry + knife mill (2mm),20.0,,jduong@lbl.gov,tripod,pass,,2026-07-17 19:04:02.701904,
(f2)d1ae,9,pistachio hulls,132,47,xrf,cu,19.0,ppm,3,,33,oven dry + knife mill (2mm),20.0,,jduong@lbl.gov,tripod,pass,,2026-07-17 19:04:02.701904,
(f2)d306,9,pistachio hulls,132,47,xrf,p,1860.0,ppm,1,,33,oven dry + knife mill (2mm),20.0,,jduong@lbl.gov,tripod,pass,,2026-07-17 19:04:02.701904,
(f2)dc55,9,pistachio hulls,132,47,xrf,fe,366.0,ppm,1,,33,oven dry + knife mill (2mm),20.0,,jduong@lbl.gov,tripod,pass,,2026-07-17 19:04:02.701904,
(f2)e1d2,9,pistachio hulls,132,47,xrf,s,2960.0,ppm,2,,33,oven dry + knife mill (2mm),20.0,,jduong@lbl.gov,tripod,pass,,2026-07-17 19:04:02.701904,
(f2)ef28,9,pistachio hulls,132,47,xrf,pr,135.0,ppm,3,,33,oven dry + knife mill (2mm),20.0,,jduong@lbl.gov,tripod,fail,other two replicates are <lod,2026-07-17 19:04:02.701904,
(f2)f021,9,pistachio hulls,132,47,xrf,si,1160.0,ppm,1,,33,oven dry + knife mill (2mm),20.0,,jduong@lbl.gov,tripod,pass,,2026-07-17 19:04:02.701904,
(f2)f6fb,9,pistachio hulls,132,47,xrf,fe,364.0,ppm,2,,33,oven dry + knife mill (2mm),20.0,,jduong@lbl.gov,tripod,pass,,2026-07-17 19:04:02.701904,
(f2)f88d,9,pistachio hulls,132,47,xrf,ce,79.0,ppm,3,,33,oven dry + knife mill (2mm),20.0,,jduong@lbl.gov,tripod,pass,,2026-07-17 19:04:02.701904,
(f2)fbfd,9,pistachio hulls,132,47,xrf,rb,150.0,ppm,2,,33,oven dry + knife mill (2mm),20.0,,jduong@lbl.gov,tripod,pass,,2026-07-17 19:04:02.701904,
(f2)fc97,9,pistachio hulls,132,47,xrf,rb,151.0,ppm,1,,33,oven dry + knife mill (2mm),20.0,,jduong@lbl.gov,tripod,pass,,2026-07-17 19:04:02.701904,
(f6)078b,55,peach seeds,83,47,xrf,mn,28.0,ppm,3,,33,oven dry + knife mill (2mm),20.0,,jduong@lbl.gov,rushes,pass,,2026-07-17 19:04:02.701904,
(f6)07f5,55,peach seeds,83,47,xrf,mo,4.0,ppm,3,,33,oven dry + knife mill (2mm),20.0,,jduong@lbl.gov,rushes,pass,,2026-07-17 19:04:02.701904,
(f6)0a10,55,peach seeds,83,47,xrf,al,552.0,ppm,3,,33,oven dry + knife mill (2mm),20.0,,jduong@lbl.gov,rushes,pass,,2026-07-17 19:04:02.701904,
(f6)0a1e,55,peach seeds,83,47,xrf,k,6930.0,ppm,2,,33,oven dry + knife mill (2mm),20.0,,jduong@lbl.gov,rushes,pass,,2026-07-17 19:04:02.701904,
(f6)0bd0,55,peach seeds,83,47,xrf,si,209.0,ppm,2,,33,oven dry + knife mill (2mm),20.0,,jduong@lbl.gov,rushes,pass,,2026-07-17 19:04:02.701904,
(f6)10ee,55,peach seeds,83,47,xrf,p,1680.0,ppm,3,,33,oven dry + knife mill (2mm),20.0,,jduong@lbl.gov,rushes,pass,,2026-07-17 19:04:02.701904,
(f6)15fb,55,peach seeds,83,47,xrf,zn,12.0,ppm,1,,33,oven dry + knife mill (2mm),20.0,,jduong@lbl.gov,rushes,pass,,2026-07-17 19:04:02.701904,
(f6)1c49,55,peach seeds,83,47,xrf,cu,12.0,ppm,2,,33,oven dry + knife mill (2mm),20.0,,jduong@lbl.gov,rushes,pass,,2026-07-17 19:04:02.701904,
(f6)22ce,55,peach seeds,83,47,xrf,cu,12.0,ppm,3,,33,oven dry + knife mill (2mm),20.0,,jduong@lbl.gov,rushes,pass,,2026-07-17 19:04:02.701904,
(f6)268d,55,peach seeds,83,47,xrf,si,288.0,ppm,1,,33,oven dry + knife mill (2mm),20.0,,jduong@lbl.gov,rushes,pass,,2026-07-17 19:04:02.701904,
(f6)2b0f,55,peach seeds,83,47,xrf,k,7030.0,ppm,3,,33,oven dry + knife mill (2mm),20.0,,jduong@lbl.gov,rushes,pass,,2026-07-17 19:04:02.701904,
(f6)2f04,55,peach seeds,83,47,xrf,s,719.0,ppm,3,,33,oven dry + knife mill (2mm),20.0,,jduong@lbl.gov,rushes,pass,,2026-07-17 19:04:02.701904,
(f6)2fce,55,peach seeds,83,47,xrf,ca,602.0,ppm,1,,33,oven dry + knife mill (2mm),20.0,,jduong@lbl.gov,rushes,pass,,2026-07-17 19:04:02.701904,
(f6)3a1f,55,peach seeds,83,47,xrf,al,524.0,ppm,2,,33,oven dry + knife mill (2mm),20.0,,jduong@lbl.gov,rushes,pass,,2026-07-17 19:04:02.701904,
(f6)401b,55,peach seeds,83,47,xrf,pr,55.0,ppm,3,,33,oven dry + knife mill (2mm),20.0,,jduong@lbl.gov,rushes,fail,other two replicates are <lod,2026-07-17 19:04:02.701904,
(f6)42a4,55,peach seeds,83,47,xrf,ca,612.0,ppm,3,,33,oven dry + knife mill (2mm),20.0,,jduong@lbl.gov,rushes,pass,,2026-07-17 19:04:02.701904,
(f6)64c0,55,peach seeds,83,47,xrf,s,693.0,ppm,2,,33,oven dry + knife mill (2mm),20.0,,jduong@lbl.gov,rushes,pass,,2026-07-17 19:04:02.701904,
(f6)7cdc,55,peach seeds,83,47,xrf,fe,48.0,ppm,1,,33,oven dry + knife mill (2mm),20.0,,jduong@lbl.gov,rushes,pass,,2026-07-17 19:04:02.701904,
(f6)82cf,55,peach seeds,83,47,xrf,th,46.0,ppm,2,,33,oven dry + knife mill (2mm),20.0,,jduong@lbl.gov,rushes,pass,,2026-07-17 19:04:02.701904,
(f6)875c,55,peach seeds,83,47,xrf,p,1640.0,ppm,2,,33,oven dry + knife mill (2mm),20.0,,jduong@lbl.gov,rushes,pass,,2026-07-17 19:04:02.701904,
(f6)88f9,55,peach seeds,83,47,xrf,u,14.0,ppm,3,,33,oven dry + knife mill (2mm),20.0,,jduong@lbl.gov,rushes,pass,,2026-07-17 19:04:02.701904,
(f6)92de,55,peach seeds,83,47,xrf,k,7480.0,ppm,1,,33,oven dry + knife mill (2mm),20.0,,jduong@lbl.gov,rushes,pass,,2026-07-17 19:04:02.701904,
(f6)967a,55,peach seeds,83,47,xrf,mn,31.0,ppm,2,,33,oven dry + knife mill (2mm),20.0,,jduong@lbl.gov,rushes,pass,,2026-07-17 19:04:02.701904,
(f6)9ae8,55,peach seeds,83,47,xrf,si,261.0,ppm,3,,33,oven dry + knife mill (2mm),20.0,,jduong@lbl.gov,rushes,pass,,2026-07-17 19:04:02.701904,
(f6)9bb6,55,peach seeds,83,47,xrf,u,12.0,ppm,1,,33,oven dry + knife mill (2mm),20.0,,jduong@lbl.gov,rushes,pass,,2026-07-17 19:04:02.701904,
(f6)9dd5,55,peach seeds,83,47,xrf,th,45.0,ppm,1,,33,oven dry + knife mill (2mm),20.0,,jduong@lbl.gov,rushes,pass,,2026-07-17 19:04:02.701904,
(f6)a377,55,peach seeds,83,47,xrf,s,739.0,ppm,1,,33,oven dry + knife mill (2mm),20.0,,jduong@lbl.gov,rushes,pass,,2026-07-17 19:04:02.701904,
(f6)a4b0,55,peach seeds,83,47,xrf,la,26.0,ppm,3,,33,oven dry + knife mill (2mm),20.0,,jduong@lbl.gov,rushes,fail,other two replicates are <lod,2026-07-17 19:04:02.701904,
(f6)b01d,55,peach seeds,83,47,xrf,fe,46.0,ppm,2,,33,oven dry + knife mill (2mm),20.0,,jduong@lbl.gov,rushes,pass,,2026-07-17 19:04:02.701904,
(f6)b039,55,peach seeds,83,47,xrf,ca,619.0,ppm,2,,33,oven dry + knife mill (2mm),20.0,,jduong@lbl.gov,rushes,pass,,2026-07-17 19:04:02.701904,
(f6)b1f1,55,peach seeds,83,47,xrf,fe,47.0,ppm,3,,33,oven dry + knife mill (2mm),20.0,,jduong@lbl.gov,rushes,pass,,2026-07-17 19:04:02.701904,
(f6)c34b,55,peach seeds,83,47,xrf,ce,54.0,ppm,3,,33,oven dry + knife mill (2mm),20.0,,jduong@lbl.gov,rushes,fail,other two replicates are <lod,2026-07-17 19:04:02.701904,
(f6)c482,55,peach seeds,83,47,xrf,mo,4.0,ppm,1,,33,oven dry + knife mill (2mm),20.0,,jduong@lbl.gov,rushes,pass,,2026-07-17 19:04:02.701904,
(f6)cc1d,55,peach seeds,83,47,xrf,mg,3870.0,ppm,1,,33,oven dry + knife mill (2mm),20.0,,jduong@lbl.gov,rushes,fail,other two replicates are <lod,2026-07-17 19:04:02.701904,
(f6)cc1d,55,peach seeds,83,47,xrf,u,14.0,ppm,1,,33,oven dry + knife mill (2mm),20.0,,jduong@lbl.gov,rushes,fail,other two replicates are <lod,2026-07-17 19:04:02.701904,
(f6)cd6c,55,peach seeds,83,47,xrf,mo,4.0,ppm,2,,33,oven dry + knife mill (2mm),20.0,,jduong@lbl.gov,rushes,pass,,2026-07-17 19:04:02.701904,
(f6)dbed,55,peach seeds,83,47,xrf,ti,154.0,ppm,2,,33,oven dry + knife mill (2mm),20.0,,jduong@lbl.gov,rushes,pass,,2026-07-17 19:04:02.701904,
(f6)e302,55,peach seeds,83,47,xrf,ba,39.0,ppm,1,,33,oven dry + knife mill (2mm),20.0,,jduong@lbl.gov,rushes,fail,other two replicates are <lod,2026-07-17 19:04:02.701904,
(f6)f3c0,55,peach seeds,83,47,xrf,th,48.0,ppm,3,,33,oven dry + knife mill (2mm),20.0,,jduong@lbl.gov,rushes,pass,,2026-07-17 19:04:02.701904,
(f6)f64f,55,peach seeds,83,47,xrf,p,1730.0,ppm,1,,33,oven dry + knife mill (2mm),20.0,,jduong@lbl.gov,rushes,pass,,2026-07-17 19:04:02.701904,
(f6)f773,55,peach seeds,83,47,xrf,zn,12.0,ppm,2,,33,oven dry + knife mill (2mm),20.0,,jduong@lbl.gov,rushes,pass,,2026-07-17 19:04:02.701904,
(f6)f791,55,peach seeds,83,47,xrf,cu,13.0,ppm,1,,33,oven dry + knife mill (2mm),20.0,,jduong@lbl.gov,rushes,pass,,2026-07-17 19:04:02.701904,
(f6)f7da,55,peach seeds,83,47,xrf,zn,12.0,ppm,3,,33,oven dry + knife mill (2mm),20.0,,jduong@lbl.gov,rushes,pass,,2026-07-17 19:04:02.701904,
(f6)fe93,55,peach seeds,83,47,xrf,mn,30.0,ppm,1,,33,oven dry + knife mill (2mm),20.0,,jduong@lbl.gov,rushes,pass,,2026-07-17 19:04:02.701904,
(f7)0cd3,16,peach stems / leaves,86,47,xrf,mg,8590.0,ppm,3,,33,oven dry + knife mill (2mm),20.0,,jduong@lbl.gov,rushes,pass,,2026-07-17 19:04:02.701904,
(f7)1f1a,16,peach stems / leaves,86,47,xrf,ca,36400.0,ppm,1,,33,oven dry + knife mill (2mm),20.0,,jduong@lbl.gov,rushes,pass,,2026-07-17 19:04:02.701904,
(f7)2537,16,peach stems / leaves,86,47,xrf,k,38600.0,ppm,3,,33,oven dry + knife mill (2mm),20.0,,jduong@lbl.gov,rushes,pass,,2026-07-17 19:04:02.701904,
(f7)2cbd,16,peach stems / leaves,86,47,xrf,p,2210.0,ppm,3,,33,oven dry + knife mill (2mm),20.0,,jduong@lbl.gov,rushes,pass,,2026-07-17 19:04:02.701904,
(f7)2e0e,16,peach stems / leaves,86,47,xrf,s,3200.0,ppm,3,,33,oven dry + knife mill (2mm),20.0,,jduong@lbl.gov,rushes,pass,,2026-07-17 19:04:02.701904,
(f7)2e17,16,peach stems / leaves,86,47,xrf,si,8980.0,ppm,3,,33,oven dry + knife mill (2mm),20.0,,jduong@lbl.gov,rushes,pass,,2026-07-17 19:04:02.701904,
(f7)32df,16,peach stems / leaves,86,47,xrf,y,8.0,ppm,2,,33,oven dry + knife mill (2mm),20.0,,jduong@lbl.gov,rushes,pass,,2026-07-17 19:04:02.701904,
(f7)3e14,16,peach stems / leaves,86,47,xrf,mg,7710.0,ppm,1,,33,oven dry + knife mill (2mm),20.0,,jduong@lbl.gov,rushes,pass,,2026-07-17 19:04:02.701904,
(f7)4179,16,peach stems / leaves,86,47,xrf,cu,65.0,ppm,1,,33,oven dry + knife mill (2mm),20.0,,jduong@lbl.gov,rushes,pass,,2026-07-17 19:04:02.701904,
(f7)428a,16,peach stems / leaves,86,47,xrf,u,14.0,ppm,2,,33,oven dry + knife mill (2mm),20.0,,jduong@lbl.gov,rushes,pass,,2026-07-17 19:04:02.701904,
(f7)44ed,16,peach stems / leaves,86,47,xrf,k,39100.0,ppm,1,,33,oven dry + knife mill (2mm),20.0,,jduong@lbl.gov,rushes,pass,,2026-07-17 19:04:02.701904,
(f7)4585,16,peach stems / leaves,86,47,xrf,ti,340.0,ppm,2,,33,oven dry + knife mill (2mm),20.0,,jduong@lbl.gov,rushes,pass,,2026-07-17 19:04:02.701904,
(f7)483c,16,peach stems / leaves,86,47,xrf,p,2190.0,ppm,2,,33,oven dry + knife mill (2mm),20.0,,jduong@lbl.gov,rushes,pass,,2026-07-17 19:04:02.701904,
(f7)4974,16,peach stems / leaves,86,47,xrf,si,9200.0,ppm,2,,33,oven dry + knife mill (2mm),20.0,,jduong@lbl.gov,rushes,pass,,2026-07-17 19:04:02.701904,
(f7)5426,16,peach stems / leaves,86,47,xrf,al,2110.0,ppm,3,,33,oven dry + knife mill (2mm),20.0,,jduong@lbl.gov,rushes,pass,,2026-07-17 19:04:02.701904,
(f7)58ee,16,peach stems / leaves,86,47,xrf,rb,15.0,ppm,3,,33,oven dry + knife mill (2mm),20.0,,jduong@lbl.gov,rushes,pass,,2026-07-17 19:04:02.701904,
(f7)5c90,16,peach stems / leaves,86,47,xrf,s,3090.0,ppm,1,,33,oven dry + knife mill (2mm),20.0,,jduong@lbl.gov,rushes,pass,,2026-07-17 19:04:02.701904,
(f7)5f04,16,peach stems / leaves,86,47,xrf,sr,222.0,ppm,1,,33,oven dry + knife mill (2mm),20.0,,jduong@lbl.gov,rushes,pass,,2026-07-17 19:04:02.701904,
(f7)62d2,16,peach stems / leaves,86,47,xrf,pb,4.0,ppm,3,,33,oven dry + knife mill (2mm),20.0,,jduong@lbl.gov,rushes,pass,,2026-07-17 19:04:02.701904,
(f7)6772,16,peach stems / leaves,86,47,xrf,fe,1400.0,ppm,1,,33,oven dry + knife mill (2mm),20.0,,jduong@lbl.gov,rushes,pass,,2026-07-17 19:04:02.701904,
(f7)698c,16,peach stems / leaves,86,47,xrf,mn,182.0,ppm,2,,33,oven dry + knife mill (2mm),20.0,,jduong@lbl.gov,rushes,pass,,2026-07-17 19:04:02.701904,
(f7)6991,16,peach stems / leaves,86,47,xrf,rb,12.0,ppm,1,,33,oven dry + knife mill (2mm),20.0,,jduong@lbl.gov,rushes,pass,,2026-07-17 19:04:02.701904,
(f7)746f,16,peach stems / leaves,86,47,xrf,y,10.0,ppm,3,,33,oven dry + knife mill (2mm),20.0,,jduong@lbl.gov,rushes,pass,,2026-07-17 19:04:02.701904,
(f7)74bc,16,peach stems / leaves,86,47,xrf,mn,158.0,ppm,3,,33,oven dry + knife mill (2mm),20.0,,jduong@lbl.gov,rushes,pass,,2026-07-17 19:04:02.701904,
(f7)7693,16,peach stems / leaves,86,47,xrf,p,2110.0,ppm,1,,33,oven dry + knife mill (2mm),20.0,,jduong@lbl.gov,rushes,pass,,2026-07-17 19:04:02.701904,
(f7)796e,16,peach stems / leaves,86,47,xrf,zn,90.0,ppm,3,,33,oven dry + knife mill (2mm),20.0,,jduong@lbl.gov,rushes,pass,,2026-07-17 19:04:02.701904,
(f7)7f64,16,peach stems / leaves,86,47,xrf,th,36.0,ppm,3,,33,oven dry + knife mill (2mm),20.0,,jduong@lbl.gov,rushes,pass,,2026-07-17 19:04:02.701904,
(f7)80da,16,peach stems / leaves,86,47,xrf,zn,84.0,ppm,1,,33,oven dry + knife mill (2mm),20.0,,jduong@lbl.gov,rushes,pass,,2026-07-17 19:04:02.701904,
(f7)815b,16,peach stems / leaves,86,47,xrf,y,6.0,ppm,1,,33,oven dry + knife mill (2mm),20.0,,jduong@lbl.gov,rushes,pass,,2026-07-17 19:04:02.701904,
(f7)87f7,16,peach stems / leaves,86,47,xrf,cu,66.0,ppm,3,,33,oven dry + knife mill (2mm),20.0,,jduong@lbl.gov,rushes,pass,,2026-07-17 19:04:02.701904,
(f7)8890,16,peach stems / leaves,86,47,xrf,sr,213.0,ppm,3,,33,oven dry + knife mill (2mm),20.0,,jduong@lbl.gov,rushes,pass,,2026-07-17 19:04:02.701904,
(f7)8919,16,peach stems / leaves,86,47,xrf,al,1410.0,ppm,1,,33,oven dry + knife mill (2mm),20.0,,jduong@lbl.gov,rushes,pass,,2026-07-17 19:04:02.701904,
(f7)919b,16,peach stems / leaves,86,47,xrf,rb,14.0,ppm,2,,33,oven dry + knife mill (2mm),20.0,,jduong@lbl.gov,rushes,pass,,2026-07-17 19:04:02.701904,
(f7)9249,16,peach stems / leaves,86,47,xrf,cu,72.0,ppm,2,,33,oven dry + knife mill (2mm),20.0,,jduong@lbl.gov,rushes,pass,,2026-07-17 19:04:02.701904,
(f7)9258,16,peach stems / leaves,86,47,xrf,mn,152.0,ppm,1,,33,oven dry + knife mill (2mm),20.0,,jduong@lbl.gov,rushes,pass,,2026-07-17 19:04:02.701904,
(f7)98da,16,peach stems / leaves,86,47,xrf,ba,69.0,ppm,3,,33,oven dry + knife mill (2mm),20.0,,jduong@lbl.gov,rushes,pass,,2026-07-17 19:04:02.701904,
(f7)a238,16,peach stems / leaves,86,47,xrf,th,38.0,ppm,2,,33,oven dry + knife mill (2mm),20.0,,jduong@lbl.gov,rushes,pass,,2026-07-17 19:04:02.701904,
(f7)af8a,16,peach stems / leaves,86,47,xrf,al,2500.0,ppm,2,,33,oven dry + knife mill (2mm),20.0,,jduong@lbl.gov,rushes,pass,,2026-07-17 19:04:02.701904,
(f7)b000,16,peach stems / leaves,86,47,xrf,mg,8220.0,ppm,2,,33,oven dry + knife mill (2mm),20.0,,jduong@lbl.gov,rushes,pass,,2026-07-17 19:04:02.701904,
(f7)b1d2,16,peach stems / leaves,86,47,xrf,sr,214.0,ppm,2,,33,oven dry + knife mill (2mm),20.0,,jduong@lbl.gov,rushes,pass,,2026-07-17 19:04:02.701904,
(f7)b2f5,16,peach stems / leaves,86,47,xrf,u,14.0,ppm,1,,33,oven dry + knife mill (2mm),20.0,,jduong@lbl.gov,rushes,pass,,2026-07-17 19:04:02.701904,
(f7)b3ad,16,peach stems / leaves,86,47,xrf,pr,147.0,ppm,1,,33,oven dry + knife mill (2mm),20.0,,jduong@lbl.gov,rushes,fail,other two replicates are <lod,2026-07-17 19:04:02.701904,
(f7)be18,16,peach stems / leaves,86,47,xrf,th,41.0,ppm,1,,33,oven dry + knife mill (2mm),20.0,,jduong@lbl.gov,rushes,pass,,2026-07-17 19:04:02.701904,
(f7)be80,16,peach stems / leaves,86,47,xrf,pb,4.0,ppm,1,,33,oven dry + knife mill (2mm),20.0,,jduong@lbl.gov,rushes,pass,,2026-07-17 19:04:02.701904,
(f7)c530,16,peach stems / leaves,86,47,xrf,u,14.0,ppm,3,,33,oven dry + knife mill (2mm),20.0,,jduong@lbl.gov,rushes,pass,,2026-07-17 19:04:02.701904,
(f7)c68a,16,peach stems / leaves,86,47,xrf,ba,77.0,ppm,2,,33,oven dry + knife mill (2mm),20.0,,jduong@lbl.gov,rushes,pass,,2026-07-17 19:04:02.701904,
(f7)c6c0,16,peach stems / leaves,86,47,xrf,k,38400.0,ppm,2,,33,oven dry + knife mill (2mm),20.0,,jduong@lbl.gov,rushes,pass,,2026-07-17 19:04:02.701904,
(f7)d0e0,16,peach stems / leaves,86,47,xrf,ti,239.0,ppm,1,,33,oven dry + knife mill (2mm),20.0,,jduong@lbl.gov,rushes,pass,,2026-07-17 19:04:02.701904,
(f7)d34b,16,peach stems / leaves,86,47,xrf,ba,55.0,ppm,1,,33,oven dry + knife mill (2mm),20.0,,jduong@lbl.gov,rushes,pass,,2026-07-17 19:04:02.701904,
(f7)d64e,16,peach stems / leaves,86,47,xrf,fe,1760.0,ppm,3,,33,oven dry + knife mill (2mm),20.0,,jduong@lbl.gov,rushes,pass,,2026-07-17 19:04:02.701904,
(f7)e141,16,peach stems / leaves,86,47,xrf,ca,35800.0,ppm,3,,33,oven dry + knife mill (2mm),20.0,,jduong@lbl.gov,rushes,pass,,2026-07-17 19:04:02.701904,
(f7)ed51,16,peach stems / leaves,86,47,xrf,si,7870.0,ppm,1,,33,oven dry + knife mill (2mm),20.0,,jduong@lbl.gov,rushes,pass,,2026-07-17 19:04:02.701904,
(f7)f95a,16,peach stems / leaves,86,47,xrf,zn,84.0,ppm,2,,33,oven dry + knife mill (2mm),20.0,,jduong@lbl.gov,rushes,pass,,2026-07-17 19:04:02.701904,
(f7)fa2c,16,peach stems / leaves,86,47,xrf,ca,35700.0,ppm,2,,33,oven dry + knife mill (2mm),20.0,,jduong@lbl.gov,rushes,pass,,2026-07-17 19:04:02.701904,
(f7)fab9,16,peach stems / leaves,86,47,xrf,co,32.0,ppm,2,,33,oven dry + knife mill (2mm),20.0,,jduong@lbl.gov,rushes,fail,other two replicates are <lod,2026-07-17 19:04:02.701904,
(f7)fcc7,16,peach stems / leaves,86,47,xrf,fe,1810.0,ppm,2,,33,oven dry + knife mill (2mm),20.0,,jduong@lbl.gov,rushes,pass,,2026-07-17 19:04:02.701904,
(f7)ffc2,16,peach stems / leaves,86,47,xrf,s,3140.0,ppm,2,,33,oven dry + knife mill (2mm),20.0,,jduong@lbl.gov,rushes,pass,,2026-07-17 19:04:02.701904,
(03)0e23,25,almond hulls,50,43,icp,na,-35.6,ppm,1,,,,19.0,,mduran@lbl.gov,tiny,fail,,2026-07-17 19:04:02.347938,
(03)2293,25,almond hulls,50,43,icp,s,260.0,ppm,2,,,,19.0,,mduran@lbl.gov,tiny,pass,,2026-07-17 19:04:02.347938,
(03)22e3,25,almond hulls,50,43,icp,fe,17.8,ppm,1,,,,19.0,,mduran@lbl.gov,tiny,pass,,2026-07-17 19:04:02.347938,
(03)3939,25,almond hulls,50,43,icp,mn,14.0,ppm,1,,,,19.0,,mduran@lbl.gov,tiny,pass,,2026-07-17 19:04:02.347938,
(03)3ba3,25,almond hulls,50,43,icp,k,22100.0,ppm,2,,,,19.0,,mduran@lbl.gov,tiny,pass,,2026-07-17 19:04:02.347938,
(03)4572,25,almond hulls,50,43,icp,mg,669.0,ppm,1,,,,19.0,,mduran@lbl.gov,tiny,pass,,2026-07-17 19:04:02.347938,
(03)4fce,25,almond hulls,50,43,icp,nd,7.0,ppm,2,,,,19.0,,mduran@lbl.gov,tiny,pass,,2026-07-17 19:04:02.347938,
(03)5a50,25,almond hulls,50,43,icp,ti,0.0,ppm,1,,,,19.0,,mduran@lbl.gov,tiny,pass,,2026-07-17 19:04:02.347938,
(03)623d,25,almond hulls,50,43,icp,na,-227.0,ppm,2,,,,19.0,,mduran@lbl.gov,tiny,fail,,2026-07-17 19:04:02.347938,
(03)663f,25,almond hulls,50,43,icp,si,17.8,ppm,1,,,,19.0,,mduran@lbl.gov,tiny,pass,,2026-07-17 19:04:02.347938,
(03)66c1,25,almond hulls,50,43,icp,mg,712.0,ppm,2,,,,19.0,,mduran@lbl.gov,tiny,pass,,2026-07-17 19:04:02.347938,
(03)6da0,25,almond hulls,50,43,icp,cu,11.0,ppm,2,,,,19.0,,mduran@lbl.gov,tiny,pass,,2026-07-17 19:04:02.347938,
(03)6f2d,25,almond hulls,50,43,icp,p,697.0,ppm,2,,,,19.0,,mduran@lbl.gov,tiny,pass,,2026-07-17 19:04:02.347938,
(03)73d1,25,almond hulls,50,43,icp,mn,15.0,ppm,2,,,,19.0,,mduran@lbl.gov,tiny,pass,,2026-07-17 19:04:02.347938,
(03)788f,25,almond hulls,50,43,icp,ca,1620.0,ppm,2,,,,19.0,,mduran@lbl.gov,tiny,pass,,2026-07-17 19:04:02.347938,
(03)79be,25,almond hulls,50,43,icp,al,14.0,ppm,2,,,,19.0,,mduran@lbl.gov,tiny,pass,,2026-07-17 19:04:02.347938,
(03)7b1c,25,almond hulls,50,43,icp,k,21400.0,ppm,1,,,,19.0,,mduran@lbl.gov,tiny,pass,,2026-07-17 19:04:02.347938,
(03)7d30,25,almond hulls,50,43,icp,zn,7.34,ppm,2,,,,19.0,,mduran@lbl.gov,tiny,pass,,2026-07-17 19:04:02.347938,
(03)8b1e,25,almond hulls,50,43,icp,ca,1580.0,ppm,1,,,,19.0,,mduran@lbl.gov,tiny,pass,,2026-07-17 19:04:02.347938,
(03)8d5f,25,almond hulls,50,43,icp,al,14.0,ppm,1,,,,19.0,,mduran@lbl.gov,tiny,pass,,2026-07-17 19:04:02.347938,
(03)9388,25,almond hulls,50,43,icp,cu,11.0,ppm,1,,,,19.0,,mduran@lbl.gov,tiny,pass,,2026-07-17 19:04:02.347938,
(03)9d86,25,almond hulls,50,43,icp,p,669.0,ppm,1,,,,19.0,,mduran@lbl.gov,tiny,pass,,2026-07-17 19:04:02.347938,
(03)a5bc,25,almond hulls,50,43,icp,s,249.0,ppm,1,,,,19.0,,mduran@lbl.gov,tiny,pass,,2026-07-17 19:04:02.347938,
(03)a5d0,25,almond hulls,50,43,icp,ti,0.0,ppm,2,,,,19.0,,mduran@lbl.gov,tiny,pass,,2026-07-17 19:04:02.347938,
(03)d3bd,25,almond hulls,50,43,icp,fe,18.3,ppm,2,,,,19.0,,mduran@lbl.gov,tiny,pass,,2026-07-17 19:04:02.347938,
(03)d962,25,almond hulls,50,43,icp,zn,7.11,ppm,1,,,,19.0,,mduran@lbl.gov,tiny,pass,,2026-07-17 19:04:02.347938,
(03)df48,25,almond hulls,50,43,icp,nd,7.0,ppm,1,,,,19.0,,mduran@lbl.gov,tiny,pass,,2026-07-17 19:04:02.347938,
(03)f5d8,25,almond hulls,50,43,icp,si,18.3,ppm,2,,,,19.0,,mduran@lbl.gov,tiny,pass,,2026-07-17 19:04:02.347938,
(0d)0c19,7,sargassum,52,43,icp,ca,41900.0,ppm,1,,,,19.0,,mduran@lbl.gov,hairpin,pass,,2026-07-17 19:04:02.347938,
(0d)0e8c,7,sargassum,52,43,icp,ti,0.0,ppm,1,,,,19.0,,mduran@lbl.gov,hairpin,pass,,2026-07-17 19:04:02.347938,
(0d)1940,7,sargassum,52,43,icp,al,147.0,ppm,2,,,,19.0,,mduran@lbl.gov,hairpin,pass,,2026-07-17 19:04:02.347938,
(0d)214e,7,sargassum,52,43,icp,al,102.0,ppm,1,,,,19.0,,mduran@lbl.gov,hairpin,pass,,2026-07-17 19:04:02.347938,
(0d)2a8a,7,sargassum,52,43,icp,s,11400.0,ppm,2,,,,19.0,,mduran@lbl.gov,hairpin,pass,,2026-07-17 19:04:02.347938,
(0d)2c69,7,sargassum,52,43,icp,si,10.8,ppm,2,,,,19.0,,mduran@lbl.gov,hairpin,pass,,2026-07-17 19:04:02.347938,
(0d)2df7,7,sargassum,52,43,icp,mn,32.0,ppm,1,,,,19.0,,mduran@lbl.gov,hairpin,pass,,2026-07-17 19:04:02.347938,
(0d)56b6,7,sargassum,52,43,icp,mg,9200.0,ppm,2,,,,19.0,,mduran@lbl.gov,hairpin,pass,,2026-07-17 19:04:02.347938,
(0d)6699,7,sargassum,52,43,icp,p,729.0,ppm,2,,,,19.0,,mduran@lbl.gov,hairpin,pass,,2026-07-17 19:04:02.347938,
(0d)7039,7,sargassum,52,43,icp,mn,32.3,ppm,2,,,,19.0,,mduran@lbl.gov,hairpin,pass,,2026-07-17 19:04:02.347938,
(0d)72ba,7,sargassum,52,43,icp,nd,72.0,ppm,2,,,,19.0,,mduran@lbl.gov,hairpin,pass,,2026-07-17 19:04:02.347938,
(0d)754b,7,sargassum,52,43,icp,cu,11.0,ppm,1,,,,19.0,,mduran@lbl.gov,hairpin,pass,,2026-07-17 19:04:02.347938,
(0d)9293,7,sargassum,52,43,icp,k,48200.0,ppm,1,,,,19.0,,mduran@lbl.gov,hairpin,pass,,2026-07-17 19:04:02.347938,
(0d)9ac9,7,sargassum,52,43,icp,fe,251.0,ppm,1,,,,19.0,,mduran@lbl.gov,hairpin,pass,,2026-07-17 19:04:02.347938,
(0d)9b36,7,sargassum,52,43,icp,p,1010.0,ppm,1,,,,19.0,,mduran@lbl.gov,hairpin,pass,,2026-07-17 19:04:02.347938,
(0d)a571,7,sargassum,52,43,icp,nd,68.0,ppm,1,,,,19.0,,mduran@lbl.gov,hairpin,pass,,2026-07-17 19:04:02.347938,
(0d)a64a,7,sargassum,52,43,icp,s,11300.0,ppm,1,,,,19.0,,mduran@lbl.gov,hairpin,pass,,2026-07-17 19:04:02.347938,
(0d)c2e6,7,sargassum,52,43,icp,na,15900.0,ppm,1,,,,19.0,,mduran@lbl.gov,hairpin,pass,,2026-07-17 19:04:02.347938,
(0d)c35c,7,sargassum,52,43,icp,mg,9200.0,ppm,1,,,,19.0,,mduran@lbl.gov,hairpin,pass,,2026-07-17 19:04:02.347938,
(0d)cbba,7,sargassum,52,43,icp,fe,234.0,ppm,2,,,,19.0,,mduran@lbl.gov,hairpin,pass,,2026-07-17 19:04:02.347938,
(0d)ce2e,7,sargassum,52,43,icp,ca,42100.0,ppm,2,,,,19.0,,mduran@lbl.gov,hairpin,pass,,2026-07-17 19:04:02.347938,
(0d)d418,7,sargassum,52,43,icp,cu,11.0,ppm,2,,,,19.0,,mduran@lbl.gov,hairpin,pass,,2026-07-17 19:04:02.347938,
(0d)daf7,7,sargassum,52,43,icp,zn,17.9,ppm,2,,,,19.0,,mduran@lbl.gov,hairpin,pass,,2026-07-17 19:04:02.347938,
(0d)db11,7,sargassum,52,43,icp,si,10.8,ppm,1,,,,19.0,,mduran@lbl.gov,hairpin,pass,,2026-07-17 19:04:02.347938,
(0d)e39e,7,sargassum,52,43,icp,ti,0.0,ppm,2,,,,19.0,,mduran@lbl.gov,hairpin,pass,,2026-07-17 19:04:02.347938,
(0d)f63e,7,sargassum,52,43,icp,zn,14.4,ppm,1,,,,19.0,,mduran@lbl.gov,hairpin,pass,,2026-07-17 19:04:02.347938,
(13)0a0b,31,almond shells,70,43,icp,na,-211.0,ppm,2,,,,19.0,,mduran@lbl.gov,humorous,fail,,2026-07-17 19:04:02.347938,
(13)0ae7,31,almond shells,70,43,icp,nd,7.16,ppm,1,,,,19.0,,mduran@lbl.gov,humorous,pass,,2026-07-17 19:04:02.347938,
(13)0e1f,31,almond shells,70,43,icp,s,204.0,ppm,1,,,,19.0,,mduran@lbl.gov,humorous,pass,,2026-07-17 19:04:02.347938,
(13)114d,31,almond shells,70,43,icp,cu,10.7,ppm,2,,,,19.0,,mduran@lbl.gov,humorous,pass,,2026-07-17 19:04:02.347938,
(13)172d,31,almond shells,70,43,icp,ti,0.0,ppm,1,,,,19.0,,mduran@lbl.gov,humorous,pass,,2026-07-17 19:04:02.347938,
(13)1c96,31,almond shells,70,42,icp,k,1.76,pc,1,,,,,,,humorous,pass,was entered as percent (pc). now changed to ppm by multiplying the original entry by 10^4,2026-07-17 19:04:02.347938,
(13)1c96,31,almond shells,70,42,icp,k,17600.0,ppm,1,,,,,,,humorous,pass,was entered as percent (pc). now changed to ppm by multiplying the original entry by 10^4,2026-07-17 19:04:02.347938,
(13)1d63,31,almond shells,70,43,icp,p,447.0,ppm,2,,,,19.0,,mduran@lbl.gov,humorous,pass,,2026-07-17 19:04:02.347938,
(13)2172,31,almond shells,70,43,icp,mn,10.7,ppm,2,,,,19.0,,mduran@lbl.gov,humorous,pass,,2026-07-17 19:04:02.347938,
(13)2602,31,almond shells,70,43,icp,p,691.0,ppm,1,,,,19.0,,mduran@lbl.gov,humorous,pass,,2026-07-17 19:04:02.347938,
(13)29e3,31,almond shells,70,43,icp,si,18.0,ppm,1,,,,19.0,,mduran@lbl.gov,humorous,pass,,2026-07-17 19:04:02.347938,
(13)3289,31,almond shells,70,43,icp,al,21.5,ppm,1,,,,19.0,,mduran@lbl.gov,humorous,pass,,2026-07-17 19:04:02.347938,
(13)372c,31,almond shells,70,42,icp,cu,7.8,ppm,1,,,,,,,humorous,pass,was originally entered as ppm so no change to this entry during the block paste of values,2026-07-17 19:04:02.347938,
(13)3b41,31,almond shells,70,42,icp,mn,14.7,ppm,1,,,,,,,humorous,pass,was originally entered as ppm so no change to this entry during the block paste of values,2026-07-17 19:04:02.347938,
(13)4fe7,31,almond shells,70,43,icp,nd,7.15,ppm,2,,,,19.0,,mduran@lbl.gov,humorous,pass,,2026-07-17 19:04:02.347938,
(13)5348,31,almond shells,70,42,icp,ca,2780.0,ppm,1,,,,,,,humorous,pass,was entered as percent (pc). now changed to ppm by multiplying the original entry by 10^4,2026-07-17 19:04:02.347938,
(13)5348,31,almond shells,70,42,icp,ca,0.278,pc,1,,,,,,,humorous,pass,was entered as percent (pc). now changed to ppm by multiplying the original entry by 10^4,2026-07-17 19:04:02.347938,
(13)69ab,31,almond shells,70,43,icp,mg,595.0,ppm,1,,,,19.0,,mduran@lbl.gov,humorous,pass,,2026-07-17 19:04:02.347938,
(13)7a99,31,almond shells,70,43,icp,mg,561.0,ppm,2,,,,19.0,,mduran@lbl.gov,humorous,pass,,2026-07-17 19:04:02.347938,
(13)7dab,31,almond shells,70,43,icp,fe,14.0,ppm,2,,,,19.0,,mduran@lbl.gov,humorous,pass,,2026-07-17 19:04:02.347938,
(13)8909,31,almond shells,70,43,icp,na,-179.0,ppm,1,,,,19.0,,mduran@lbl.gov,humorous,fail,,2026-07-17 19:04:02.347938,
(13)8f20,31,almond shells,70,43,icp,k,12300.0,ppm,2,,,,19.0,,mduran@lbl.gov,humorous,pass,,2026-07-17 19:04:02.347938,
(13)92d7,31,almond shells,70,43,icp,ti,0.0,ppm,2,,,,19.0,,mduran@lbl.gov,humorous,pass,,2026-07-17 19:04:02.347938,
(13)95ce,31,almond shells,70,42,icp,zn,7.1,ppm,1,,,,,,,humorous,pass,was originally entered as ppm so no change to this entry during the block paste of values,2026-07-17 19:04:02.347938,
(13)9b73,31,almond shells,70,43,icp,k,12800.0,ppm,1,,,,19.0,,mduran@lbl.gov,humorous,pass,,2026-07-17 19:04:02.347938,
(13)a199,31,almond shells,70,43,icp,zn,4.0,ppm,2,,,,19.0,,mduran@lbl.gov,humorous,pass,,2026-07-17 19:04:02.347938,
(13)afc2,31,almond shells,70,42,icp,b,57.6,ppm,1,,,,,,,humorous,pass,was originally entered as ppm so no change to this entry during the block paste of values,2026-07-17 19:04:02.347938,
(13)b12f,31,almond shells,70,43,icp,cu,10.7,ppm,1,,,,19.0,,mduran@lbl.gov,humorous,pass,,2026-07-17 19:04:02.347938,
(13)bd21,31,almond shells,70,43,icp,zn,4.0,ppm,1,,,,19.0,,mduran@lbl.gov,humorous,pass,,2026-07-17 19:04:02.347938,
(13)bf42,31,almond shells,70,42,icp,mg,0.078,pc,1,,,,,,,humorous,pass,was entered as percent (pc). now changed to ppm by multiplying the original entry by 10^4,2026-07-17 19:04:02.347938,
(13)bf42,31,almond shells,70,42,icp,mg,780.0,ppm,1,,,,,,,humorous,pass,was entered as percent (pc). now changed to ppm by multiplying the original entry by 10^4,2026-07-17 19:04:02.347938,
(13)c159,31,almond shells,70,43,icp,fe,14.0,ppm,1,,,,19.0,,mduran@lbl.gov,humorous,pass,,2026-07-17 19:04:02.347938,
(13)c1b2,31,almond shells,70,43,icp,al,71.5,ppm,2,,,,19.0,,mduran@lbl.gov,humorous,pass,,2026-07-17 19:04:02.347938,
(13)cb09,31,almond shells,70,43,icp,si,18.0,ppm,2,,,,19.0,,mduran@lbl.gov,humorous,pass,,2026-07-17 19:04:02.347938,
(13)cbe1,31,almond shells,70,43,icp,mn,10.7,ppm,1,,,,19.0,,mduran@lbl.gov,humorous,pass,,2026-07-17 19:04:02.347938,
(13)d222,31,almond shells,70,42,icp,fe,350.0,ppm,1,,,,,,,humorous,pass,was originally entered as ppm so no change to this entry during the block paste of values,2026-07-17 19:04:02.347938,
(13)d35c,31,almond shells,70,43,icp,ca,1980.0,ppm,1,,,,19.0,,mduran@lbl.gov,humorous,pass,,2026-07-17 19:04:02.347938,
(13)d7b7,31,almond shells,70,42,icp,p,0.083,pc,1,,,,,,,humorous,pass,was entered as percent (pc). now changed to ppm by multiplying the original entry by 10^4,2026-07-17 19:04:02.347938,
(13)d7b7,31,almond shells,70,42,icp,p,830.0,ppm,1,,,,,,,humorous,pass,was entered as percent (pc). now changed to ppm by multiplying the original entry by 10^4,2026-07-17 19:04:02.347938,
(13)dc71,31,almond shells,70,43,icp,ca,1830.0,ppm,2,,,,19.0,,mduran@lbl.gov,humorous,pass,,2026-07-17 19:04:02.347938,
(13)e7cd,31,almond shells,70,43,icp,s,189.0,ppm,2,,,,19.0,,mduran@lbl.gov,humorous,pass,,2026-07-17 19:04:02.347938,
(13)f8c4,31,almond shells,70,42,icp,s,270.0,ppm,1,,,,,,,humorous,pass,was originally entered as ppm so no change to this entry during the block paste of values,2026-07-17 19:04:02.347938,
(15)0a77,25,almond hulls,71,42,icp,p,0.101,pc,1,,,,,,,humorous,pass,was entered as percent (pc). now changed to ppm by multiplying the original entry by 10^4,2026-07-17 19:04:02.347938,
(15)0a77,25,almond hulls,71,42,icp,p,1010.0,ppm,1,,,,,,,humorous,pass,was entered as percent (pc). now changed to ppm by multiplying the original entry by 10^4,2026-07-17 19:04:02.347938,
(15)0bdb,25,almond hulls,71,42,icp,k,2.97,pc,1,,,,,,,humorous,pass,was entered as percent (pc). now changed to ppm by multiplying the original entry by 10^4,2026-07-17 19:04:02.347938,
(15)0bdb,25,almond hulls,71,42,icp,k,29700.0,ppm,1,,,,,,,humorous,pass,was entered as percent (pc). now changed to ppm by multiplying the original entry by 10^4,2026-07-17 19:04:02.347938,
(15)0d58,25,almond hulls,71,43,icp,fe,14.4,ppm,1,,,,19.0,,mduran@lbl.gov,humorous,pass,,2026-07-17 19:04:02.347938,
(15)1188,25,almond hulls,71,42,icp,mn,12.0,ppm,1,,,,,,,humorous,pass,was originally entered as ppm so no change to this entry during the block paste of values,2026-07-17 19:04:02.347938,
(15)143c,25,almond hulls,71,43,icp,mg,918.0,ppm,2,,,,19.0,,mduran@lbl.gov,humorous,pass,,2026-07-17 19:04:02.347938,
(15)1a20,25,almond hulls,71,42,icp,cu,4.6,ppm,2,,,,,,,humorous,pass,was originally entered as ppm so no change to this entry during the block paste of values,2026-07-17 19:04:02.347938,
(15)1b12,25,almond hulls,71,43,icp,al,18.0,ppm,1,,,,19.0,,mduran@lbl.gov,humorous,pass,,2026-07-17 19:04:02.347938,
(15)1cdf,25,almond hulls,71,43,icp,cu,4.0,ppm,1,,,,19.0,,mduran@lbl.gov,humorous,pass,,2026-07-17 19:04:02.347938,
(15)1f4f,25,almond hulls,71,43,icp,nd,4.0,ppm,1,,,,19.0,,mduran@lbl.gov,humorous,pass,,2026-07-17 19:04:02.347938,
(15)2d9a,25,almond hulls,71,42,icp,p,0.1,pc,1,,,,,,,humorous,pass,was entered as percent (pc). now changed to ppm by multiplying the original entry by 10^4,2026-07-17 19:04:02.347938,
(15)2d9a,25,almond hulls,71,42,icp,p,1000.0,ppm,1,,,,,,,humorous,pass,was entered as percent (pc). now changed to ppm by multiplying the original entry by 10^4,2026-07-17 19:04:02.347938,
(15)2f25,25,almond hulls,71,42,icp,s,300.0,ppm,1,,,,,,,humorous,pass,was originally entered as ppm so no change to this entry during the block paste of values,2026-07-17 19:04:02.347938,
(15)33ce,25,almond hulls,71,42,icp,zn,5.1,ppm,1,,,,,,,humorous,pass,was originally entered as ppm so no change to this entry during the block paste of values,2026-07-17 19:04:02.347938,
(15)3438,25,almond hulls,71,43,icp,mg,889.0,ppm,1,,,,19.0,,mduran@lbl.gov,humorous,pass,,2026-07-17 19:04:02.347938,
(15)34ab,25,almond hulls,71,42,icp,mg,0.106,pc,1,,,,,,,humorous,pass,was entered as percent (pc). now changed to ppm by multiplying the original entry by 10^4,2026-07-17 19:04:02.347938,
(15)34ab,25,almond hulls,71,42,icp,mg,1060.0,ppm,1,,,,,,,humorous,pass,was entered as percent (pc). now changed to ppm by multiplying the original entry by 10^4,2026-07-17 19:04:02.347938,
(15)3818,25,almond hulls,71,42,icp,mn,12.5,ppm,1,,,,,,,humorous,pass,was originally entered as ppm so no change to this entry during the block paste of values,2026-07-17 19:04:02.347938,
(15)3909,25,almond hulls,71,43,icp,mn,11.0,ppm,1,,,,19.0,,mduran@lbl.gov,humorous,pass,,2026-07-17 19:04:02.347938,
(15)391b,25,almond hulls,71,43,icp,ti,0.0,ppm,1,,,,19.0,,mduran@lbl.gov,humorous,pass,,2026-07-17 19:04:02.347938,
(15)3b00,25,almond hulls,71,42,icp,zn,4.9,ppm,1,,,,,,,humorous,pass,was originally entered as ppm so no change to this entry during the block paste of values,2026-07-17 19:04:02.347938,
(15)4668,25,almond hulls,71,42,icp,k,30600.0,ppm,1,,,,,,,humorous,pass,was entered as percent (pc). now changed to ppm by multiplying the original entry by 10^4,2026-07-17 19:04:02.347938,
(15)4668,25,almond hulls,71,42,icp,k,3.06,pc,1,,,,,,,humorous,pass,was entered as percent (pc). now changed to ppm by multiplying the original entry by 10^4,2026-07-17 19:04:02.347938,
(15)47bb,25,almond hulls,71,43,icp,ti,0.0,ppm,2,,,,19.0,,mduran@lbl.gov,humorous,pass,,2026-07-17 19:04:02.347938,
(15)4ba1,25,almond hulls,71,42,icp,s,310.0,ppm,1,,,,,,,humorous,pass,was originally entered as ppm so no change to this entry during the block paste of values,2026-07-17 19:04:02.347938,
(15)5ad4,25,almond hulls,71,43,icp,k,24100.0,ppm,1,,,,19.0,,mduran@lbl.gov,humorous,pass,,2026-07-17 19:04:02.347938,
(15)5d69,25,almond hulls,71,43,icp,zn,3.59,ppm,2,,,,19.0,,mduran@lbl.gov,humorous,pass,,2026-07-17 19:04:02.347938,
(15)6272,25,almond hulls,71,42,icp,ca,0.24,pc,1,,,,,,,humorous,pass,was entered as percent (pc). now changed to ppm by multiplying the original entry by 10^4,2026-07-17 19:04:02.347938,
(15)6272,25,almond hulls,71,42,icp,ca,2400.0,ppm,1,,,,,,,humorous,pass,was entered as percent (pc). now changed to ppm by multiplying the original entry by 10^4,2026-07-17 19:04:02.347938,
(15)62e3,25,almond hulls,71,43,icp,mn,10.8,ppm,2,,,,19.0,,mduran@lbl.gov,humorous,pass,,2026-07-17 19:04:02.347938,
(15)68af,25,almond hulls,71,43,icp,p,1130.0,ppm,1,,,,19.0,,mduran@lbl.gov,humorous,pass,,2026-07-17 19:04:02.347938,
(15)69a9,25,almond hulls,71,43,icp,si,21.6,ppm,1,,,,19.0,,mduran@lbl.gov,humorous,pass,,2026-07-17 19:04:02.347938,
(15)6d1e,25,almond hulls,71,43,icp,na,36.0,ppm,1,,,,19.0,,mduran@lbl.gov,humorous,pass,,2026-07-17 19:04:02.347938,
(15)710f,25,almond hulls,71,42,icp,mg,0.106,pc,1,,,,,,,humorous,pass,was entered as percent (pc). now changed to ppm by multiplying the original entry by 10^4,2026-07-17 19:04:02.347938,
(15)710f,25,almond hulls,71,42,icp,mg,1060.0,ppm,1,,,,,,,humorous,pass,was entered as percent (pc). now changed to ppm by multiplying the original entry by 10^4,2026-07-17 19:04:02.347938,
(15)89d8,25,almond hulls,71,43,icp,nd,11.0,ppm,2,,,,19.0,,mduran@lbl.gov,humorous,pass,,2026-07-17 19:04:02.347938,
(15)9524,25,almond hulls,71,43,icp,p,773.0,ppm,2,,,,19.0,,mduran@lbl.gov,humorous,pass,,2026-07-17 19:04:02.347938,
(15)97a0,25,almond hulls,71,43,icp,s,302.0,ppm,2,,,,19.0,,mduran@lbl.gov,humorous,pass,,2026-07-17 19:04:02.347938,
(15)99c1,25,almond hulls,71,42,icp,ca,0.245,pc,1,,,,,,,humorous,pass,was entered as percent (pc). now changed to ppm by multiplying the original entry by 10^4,2026-07-17 19:04:02.347938,
(15)99c1,25,almond hulls,71,42,icp,ca,2450.0,ppm,1,,,,,,,humorous,pass,was entered as percent (pc). now changed to ppm by multiplying the original entry by 10^4,2026-07-17 19:04:02.347938,
(15)9ec4,25,almond hulls,71,43,icp,zn,3.6,ppm,1,,,,19.0,,mduran@lbl.gov,humorous,pass,,2026-07-17 19:04:02.347938,
(15)a295,25,almond hulls,71,43,icp,ca,2100.0,ppm,1,,,,19.0,,mduran@lbl.gov,humorous,pass,,2026-07-17 19:04:02.347938,
(15)a6f9,25,almond hulls,71,42,icp,cu,4.9,ppm,1,,,,,,,humorous,pass,was originally entered as ppm so no change to this entry during the block paste of values,2026-07-17 19:04:02.347938,
(15)a897,25,almond hulls,71,42,icp,b,137.0,ppm,1,,,,,,,humorous,pass,was originally entered as ppm so no change to this entry during the block paste of values,2026-07-17 19:04:02.347938,
(15)aca2,25,almond hulls,71,42,icp,fe,137.0,ppm,1,,,,,,,humorous,pass,was originally entered as ppm so no change to this entry during the block paste of values,2026-07-17 19:04:02.347938,
(15)b384,25,almond hulls,71,43,icp,cu,11.0,ppm,2,,,,19.0,,mduran@lbl.gov,humorous,pass,,2026-07-17 19:04:02.347938,
(15)c0c8,25,almond hulls,71,43,icp,fe,14.4,ppm,2,,,,19.0,,mduran@lbl.gov,humorous,pass,,2026-07-17 19:04:02.347938,
(15)c67f,25,almond hulls,71,43,icp,al,14.0,ppm,2,,,,19.0,,mduran@lbl.gov,humorous,pass,,2026-07-17 19:04:02.347938,
(15)caec,25,almond hulls,71,42,icp,fe,136.0,ppm,1,,,,,,,humorous,pass,was originally entered as ppm so no change to this entry during the block paste of values,2026-07-17 19:04:02.347938,
(15)eaf2,25,almond hulls,71,43,icp,ca,1960.0,ppm,2,,,,19.0,,mduran@lbl.gov,humorous,pass,,2026-07-17 19:04:02.347938,
(15)ee96,25,almond hulls,71,42,icp,b,137.0,ppm,1,,,,,,,humorous,pass,was originally entered as ppm so no change to this entry during the block paste of values,2026-07-17 19:04:02.347938,
(15)ef17,25,almond hulls,71,43,icp,si,21.6,ppm,2,,,,19.0,,mduran@lbl.gov,humorous,pass,,2026-07-17 19:04:02.347938,
(15)f921,25,almond hulls,71,43,icp,s,281.0,ppm,1,,,,19.0,,mduran@lbl.gov,humorous,pass,,2026-07-17 19:04:02.347938,
(1a)05f3,33,sweet potato culls,56,43,icp,mn,10.7,ppm,1,,,,19.0,,mduran@lbl.gov,tackle,pass,,2026-07-17 19:04:02.347938,
(1a)0653,33,sweet potato culls,56,43,icp,cu,10.7,ppm,1,,,,19.0,,mduran@lbl.gov,tackle,pass,,2026-07-17 19:04:02.347938,
(1a)06f7,33,sweet potato culls,56,42,icp,p,2980.0,ppm,1,,,,,,,tackle,pass,was entered as percent (pc). now changed to ppm by multiplying the original entry by 10^4,2026-07-17 19:04:02.347938,
(1a)06f7,33,sweet potato culls,56,42,icp,p,0.298,pc,1,,,,,,,tackle,pass,was entered as percent (pc). now changed to ppm by multiplying the original entry by 10^4,2026-07-17 19:04:02.347938,
(1a)0b9e,33,sweet potato culls,56,43,icp,fe,18.0,ppm,2,,,,19.0,,mduran@lbl.gov,tackle,pass,,2026-07-17 19:04:02.347938,
(1a)134c,33,sweet potato culls,56,43,icp,na,1140.0,ppm,1,,,,19.0,,mduran@lbl.gov,tackle,pass,,2026-07-17 19:04:02.347938,
(1a)2084,33,sweet potato culls,56,43,icp,na,1250.0,ppm,2,,,,19.0,,mduran@lbl.gov,tackle,pass,,2026-07-17 19:04:02.347938,
(1a)20a4,33,sweet potato culls,56,43,icp,al,14.3,ppm,1,,,,19.0,,mduran@lbl.gov,tackle,pass,,2026-07-17 19:04:02.347938,
(1a)2761,33,sweet potato culls,56,43,icp,ti,0.0,ppm,2,,,,19.0,,mduran@lbl.gov,tackle,pass,,2026-07-17 19:04:02.347938,
(1a)3486,33,sweet potato culls,56,43,icp,ca,2630.0,ppm,2,,,,19.0,,mduran@lbl.gov,tackle,pass,,2026-07-17 19:04:02.347938,
(1a)3c63,33,sweet potato culls,56,43,icp,mg,1190.0,ppm,2,,,,19.0,,mduran@lbl.gov,tackle,pass,,2026-07-17 19:04:02.347938,
(1a)3e02,33,sweet potato culls,56,43,icp,ca,2590.0,ppm,1,,,,19.0,,mduran@lbl.gov,tackle,pass,,2026-07-17 19:04:02.347938,
(1a)4714,33,sweet potato culls,56,43,icp,nd,10.7,ppm,2,,,,19.0,,mduran@lbl.gov,tackle,pass,,2026-07-17 19:04:02.347938,
(1a)4aab,33,sweet potato culls,56,43,icp,p,2240.0,ppm,1,,,,19.0,,mduran@lbl.gov,tackle,pass,,2026-07-17 19:04:02.347938,
(1a)52cd,33,sweet potato culls,56,42,icp,fe,76.5,ppm,1,,,,,,,tackle,pass,was originally entered as ppm so no change to this entry during the block paste of values,2026-07-17 19:04:02.347938,
(1a)58c0,33,sweet potato culls,56,43,icp,ti,0.0,ppm,1,,,,19.0,,mduran@lbl.gov,tackle,pass,,2026-07-17 19:04:02.347938,
(1a)5b61,33,sweet potato culls,56,43,icp,si,25.0,ppm,1,,,,19.0,,mduran@lbl.gov,tackle,pass,,2026-07-17 19:04:02.347938,
(1a)60e1,33,sweet potato culls,56,43,icp,k,15200.0,ppm,2,,,,19.0,,mduran@lbl.gov,tackle,pass,,2026-07-17 19:04:02.347938,
(1a)746d,33,sweet potato culls,56,43,icp,nd,10.7,ppm,1,,,,19.0,,mduran@lbl.gov,tackle,pass,,2026-07-17 19:04:02.347938,
(1a)74ef,33,sweet potato culls,56,42,icp,cu,7.2,ppm,1,,,,,,,tackle,pass,was originally entered as ppm so no change to this entry during the block paste of values,2026-07-17 19:04:02.347938,
(1a)82b1,33,sweet potato culls,56,43,icp,zn,14.0,ppm,2,,,,19.0,,mduran@lbl.gov,tackle,pass,,2026-07-17 19:04:02.347938,
(1a)8623,33,sweet potato culls,56,42,icp,mn,15.6,ppm,1,,,,,,,tackle,pass,was originally entered as ppm so no change to this entry during the block paste of values,2026-07-17 19:04:02.347938,
(1a)8710,33,sweet potato culls,56,42,icp,b,9.1,ppm,1,,,,,,,tackle,pass,was originally entered as ppm so no change to this entry during the block paste of values,2026-07-17 19:04:02.347938,
(1a)8da6,33,sweet potato culls,56,43,icp,zn,14.0,ppm,1,,,,19.0,,mduran@lbl.gov,tackle,pass,,2026-07-17 19:04:02.347938,
(1a)913a,33,sweet potato culls,56,43,icp,mn,10.7,ppm,2,,,,19.0,,mduran@lbl.gov,tackle,pass,,2026-07-17 19:04:02.347938,
(1a)9379,33,sweet potato culls,56,43,icp,cu,10.7,ppm,2,,,,19.0,,mduran@lbl.gov,tackle,pass,,2026-07-17 19:04:02.347938,
(1a)98a1,33,sweet potato culls,56,43,icp,mg,1160.0,ppm,1,,,,19.0,,mduran@lbl.gov,tackle,pass,,2026-07-17 19:04:02.347938,
(1a)a865,33,sweet potato culls,56,42,icp,ca,3310.0,ppm,1,,,,,,,tackle,pass,was entered as percent (pc). now changed to ppm by multiplying the original entry by 10^4,2026-07-17 19:04:02.347938,
(1a)a865,33,sweet potato culls,56,42,icp,ca,0.331,pc,1,,,,,,,tackle,pass,was entered as percent (pc). now changed to ppm by multiplying the original entry by 10^4,2026-07-17 19:04:02.347938,
(1a)b722,33,sweet potato culls,56,43,icp,p,3230.0,ppm,2,,,,19.0,,mduran@lbl.gov,tackle,pass,,2026-07-17 19:04:02.347938,
(1a)ba95,33,sweet potato culls,56,43,icp,al,10.7,ppm,2,,,,19.0,,mduran@lbl.gov,tackle,pass,,2026-07-17 19:04:02.347938,
(1a)bc49,33,sweet potato culls,56,42,icp,zn,16.4,ppm,1,,,,,,,tackle,pass,was originally entered as ppm so no change to this entry during the block paste of values,2026-07-17 19:04:02.347938,
(1a)c1f1,33,sweet potato culls,56,42,icp,s,1260.0,ppm,1,,,,,,,tackle,pass,was originally entered as ppm so no change to this entry during the block paste of values,2026-07-17 19:04:02.347938,
(1a)c493,33,sweet potato culls,56,43,icp,fe,18.0,ppm,1,,,,19.0,,mduran@lbl.gov,tackle,pass,,2026-07-17 19:04:02.347938,
(1a)cc50,33,sweet potato culls,56,43,icp,k,15000.0,ppm,1,,,,19.0,,mduran@lbl.gov,tackle,pass,,2026-07-17 19:04:02.347938,
(1a)da9e,33,sweet potato culls,56,43,icp,si,25.0,ppm,2,,,,19.0,,mduran@lbl.gov,tackle,pass,,2026-07-17 19:04:02.347938,
(1a)dc80,33,sweet potato culls,56,43,icp,s,1080.0,ppm,1,,,,19.0,,mduran@lbl.gov,tackle,pass,,2026-07-17 19:04:02.347938,
(1a)ec63,33,sweet potato culls,56,42,icp,k,19900.0,ppm,1,,,,,,,tackle,pass,was entered as percent (pc). now changed to ppm by multiplying the original entry by 10^4,2026-07-17 19:04:02.347938,
(1a)ec63,33,sweet potato culls,56,42,icp,k,1.99,pc,1,,,,,,,tackle,pass,was entered as percent (pc). now changed to ppm by multiplying the original entry by 10^4,2026-07-17 19:04:02.347938,
(1a)f84c,33,sweet potato culls,56,43,icp,s,1040.0,ppm,2,,,,19.0,,mduran@lbl.gov,tackle,pass,,2026-07-17 19:04:02.347938,
(1a)fbc9,33,sweet potato culls,56,42,icp,mg,0.14,pc,1,,,,,,,tackle,pass,was entered as percent (pc). now changed to ppm by multiplying the original entry by 10^4,2026-07-17 19:04:02.347938,
(1a)fbc9,33,sweet potato culls,56,42,icp,mg,1400.0,ppm,1,,,,,,,tackle,pass,was entered as percent (pc). now changed to ppm by multiplying the original entry by 10^4,2026-07-17 19:04:02.347938,
(1b)02df,23,grape pomace,64,43,icp,na,-244.0,ppm,2,,,,19.0,,mduran@lbl.gov,ebony,fail,,2026-07-17 19:04:02.347938,
(1b)1a06,23,grape pomace,64,42,icp,mn,8.2,ppm,1,,,,,,,ebony,pass,was originally entered as ppm so no change to this entry during the block paste of values,2026-07-17 19:04:02.347938,
(1b)1acc,23,grape pomace,64,43,icp,ti,4.0,ppm,1,,,,19.0,,mduran@lbl.gov,ebony,pass,,2026-07-17 19:04:02.347938,
(1b)21a6,23,grape pomace,64,43,icp,si,28.5,ppm,2,,,,19.0,,mduran@lbl.gov,ebony,pass,,2026-07-17 19:04:02.347938,
(1b)2a97,23,grape pomace,64,43,icp,al,18.0,ppm,2,,,,19.0,,mduran@lbl.gov,ebony,pass,,2026-07-17 19:04:02.347938,
(1b)3a5f,23,grape pomace,64,43,icp,ti,4.0,ppm,2,,,,19.0,,mduran@lbl.gov,ebony,pass,,2026-07-17 19:04:02.347938,
(1b)3c04,23,grape pomace,64,42,icp,p,0.237,pc,1,,,,,,,ebony,pass,was entered as percent (pc). now changed to ppm by multiplying the original entry by 10^4,2026-07-17 19:04:02.347938,
(1b)3c04,23,grape pomace,64,42,icp,p,2370.0,ppm,1,,,,,,,ebony,pass,was entered as percent (pc). now changed to ppm by multiplying the original entry by 10^4,2026-07-17 19:04:02.347938,
(1b)3c7f,23,grape pomace,64,43,icp,zn,10.7,ppm,2,,,,19.0,,mduran@lbl.gov,ebony,pass,,2026-07-17 19:04:02.347938,
(1b)42db,23,grape pomace,64,42,icp,fe,176.0,ppm,1,,,,,,,ebony,pass,was originally entered as ppm so no change to this entry during the block paste of values,2026-07-17 19:04:02.347938,
(1b)4805,23,grape pomace,64,43,icp,al,18.0,ppm,1,,,,19.0,,mduran@lbl.gov,ebony,pass,,2026-07-17 19:04:02.347938,
(1b)4c23,23,grape pomace,64,43,icp,p,1970.0,ppm,1,,,,19.0,,mduran@lbl.gov,ebony,pass,,2026-07-17 19:04:02.347938,
(1b)5342,23,grape pomace,64,42,icp,mg,0.098,pc,1,,,,,,,ebony,pass,was entered as percent (pc). now changed to ppm by multiplying the original entry by 10^4,2026-07-17 19:04:02.347938,
(1b)5342,23,grape pomace,64,42,icp,mg,980.0,ppm,1,,,,,,,ebony,pass,was entered as percent (pc). now changed to ppm by multiplying the original entry by 10^4,2026-07-17 19:04:02.347938,
(1b)53df,23,grape pomace,64,43,icp,mg,839.0,ppm,1,,,,19.0,,mduran@lbl.gov,ebony,pass,,2026-07-17 19:04:02.347938,
(1b)6040,23,grape pomace,64,42,icp,k,28300.0,ppm,1,,,,,,,ebony,pass,was entered as percent (pc). now changed to ppm by multiplying the original entry by 10^4,2026-07-17 19:04:02.347938,
(1b)6040,23,grape pomace,64,42,icp,k,2.83,pc,1,,,,,,,ebony,pass,was entered as percent (pc). now changed to ppm by multiplying the original entry by 10^4,2026-07-17 19:04:02.347938,
(1b)63de,23,grape pomace,64,43,icp,ca,2790.0,ppm,1,,,,19.0,,mduran@lbl.gov,ebony,pass,,2026-07-17 19:04:02.347938,
(1b)67a8,23,grape pomace,64,43,icp,fe,10.7,ppm,1,,,,19.0,,mduran@lbl.gov,ebony,pass,,2026-07-17 19:04:02.347938,
(1b)6ca8,23,grape pomace,64,43,icp,fe,14.2,ppm,2,,,,19.0,,mduran@lbl.gov,ebony,pass,,2026-07-17 19:04:02.347938,
(1b)75d7,23,grape pomace,64,43,icp,nd,7.0,ppm,1,,,,19.0,,mduran@lbl.gov,ebony,pass,,2026-07-17 19:04:02.347938,
(1b)764e,23,grape pomace,64,43,icp,zn,14.2,ppm,1,,,,19.0,,mduran@lbl.gov,ebony,pass,,2026-07-17 19:04:02.347938,
(1b)7bd5,23,grape pomace,64,42,icp,zn,11.5,ppm,1,,,,,,,ebony,pass,was originally entered as ppm so no change to this entry during the block paste of values,2026-07-17 19:04:02.347938,
(1b)7f08,23,grape pomace,64,43,icp,mn,7.0,ppm,1,,,,19.0,,mduran@lbl.gov,ebony,pass,,2026-07-17 19:04:02.347938,
(1b)82c1,23,grape pomace,64,43,icp,cu,7.0,ppm,2,,,,19.0,,mduran@lbl.gov,ebony,pass,,2026-07-17 19:04:02.347938,
(1b)8f5f,23,grape pomace,64,42,icp,b,42.1,ppm,1,,,,,,,ebony,pass,was originally entered as ppm so no change to this entry during the block paste of values,2026-07-17 19:04:02.347938,
(1b)9c2d,23,grape pomace,64,43,icp,ca,2740.0,ppm,2,,,,19.0,,mduran@lbl.gov,ebony,pass,,2026-07-17 19:04:02.347938,
(1b)ae11,23,grape pomace,64,43,icp,na,-237.0,ppm,1,,,,19.0,,mduran@lbl.gov,ebony,fail,,2026-07-17 19:04:02.347938,
(1b)b586,23,grape pomace,64,43,icp,s,921.0,ppm,2,,,,19.0,,mduran@lbl.gov,ebony,pass,,2026-07-17 19:04:02.347938,
(1b)be05,23,grape pomace,64,43,icp,k,21600.0,ppm,2,,,,19.0,,mduran@lbl.gov,ebony,pass,,2026-07-17 19:04:02.347938,
(1b)c1da,23,grape pomace,64,43,icp,mn,7.0,ppm,2,,,,19.0,,mduran@lbl.gov,ebony,pass,,2026-07-17 19:04:02.347938,
(1b)c568,23,grape pomace,64,43,icp,s,1000.0,ppm,1,,,,19.0,,mduran@lbl.gov,ebony,pass,,2026-07-17 19:04:02.347938,
(1b)c8e3,23,grape pomace,64,43,icp,mg,842.0,ppm,2,,,,19.0,,mduran@lbl.gov,ebony,pass,,2026-07-17 19:04:02.347938,
(1b)d08e,23,grape pomace,64,43,icp,p,1700.0,ppm,2,,,,19.0,,mduran@lbl.gov,ebony,pass,,2026-07-17 19:04:02.347938,
(1b)d689,23,grape pomace,64,42,icp,s,1240.0,ppm,1,,,,,,,ebony,pass,was originally entered as ppm so no change to this entry during the block paste of values,2026-07-17 19:04:02.347938,
(1b)dac7,23,grape pomace,64,43,icp,cu,11.0,ppm,1,,,,19.0,,mduran@lbl.gov,ebony,pass,,2026-07-17 19:04:02.347938,
(1b)debc,23,grape pomace,64,43,icp,nd,7.0,ppm,2,,,,19.0,,mduran@lbl.gov,ebony,pass,,2026-07-17 19:04:02.347938,
(1b)e74e,23,grape pomace,64,43,icp,si,24.8,ppm,1,,,,19.0,,mduran@lbl.gov,ebony,pass,,2026-07-17 19:04:02.347938,
(1b)ed0c,23,grape pomace,64,42,icp,cu,9.4,ppm,1,,,,,,,ebony,pass,was originally entered as ppm so no change to this entry during the block paste of values,2026-07-17 19:04:02.347938,
(1b)f0fa,23,grape pomace,64,42,icp,ca,0.343,pc,1,,,,,,,ebony,pass,was entered as percent (pc). now changed to ppm by multiplying the original entry by 10^4,2026-07-17 19:04:02.347938,
(1b)f0fa,23,grape pomace,64,42,icp,ca,3430.0,ppm,1,,,,,,,ebony,pass,was entered as percent (pc). now changed to ppm by multiplying the original entry by 10^4,2026-07-17 19:04:02.347938,
(1b)f250,23,grape pomace,64,43,icp,k,22000.0,ppm,1,,,,19.0,,mduran@lbl.gov,ebony,pass,,2026-07-17 19:04:02.347938,
(24)046c,31,almond shells,49,43,icp,al,40.0,ppm,1,,,,19.0,,mduran@lbl.gov,tiny,pass,,2026-07-17 19:04:02.347938,
(24)09a9,31,almond shells,49,43,icp,zn,10.7,ppm,1,,,,19.0,,mduran@lbl.gov,tiny,pass,,2026-07-17 19:04:02.347938,
(24)0a68,31,almond shells,49,43,icp,ca,3560.0,ppm,2,,,,19.0,,mduran@lbl.gov,tiny,pass,,2026-07-17 19:04:02.347938,
(24)0fd0,31,almond shells,49,43,icp,si,14.2,ppm,2,,,,19.0,,mduran@lbl.gov,tiny,pass,,2026-07-17 19:04:02.347938,
(24)2598,31,almond shells,49,43,icp,fe,46.5,ppm,2,,,,19.0,,mduran@lbl.gov,tiny,pass,,2026-07-17 19:04:02.347938,
(24)25f6,31,almond shells,49,43,icp,ti,0.0,ppm,1,,,,19.0,,mduran@lbl.gov,tiny,pass,,2026-07-17 19:04:02.347938,
(24)264d,31,almond shells,49,43,icp,k,21400.0,ppm,2,,,,19.0,,mduran@lbl.gov,tiny,pass,,2026-07-17 19:04:02.347938,
(24)2a93,31,almond shells,49,43,icp,fe,50.8,ppm,1,,,,19.0,,mduran@lbl.gov,tiny,pass,,2026-07-17 19:04:02.347938,
(24)48aa,31,almond shells,49,43,icp,al,39.0,ppm,2,,,,19.0,,mduran@lbl.gov,tiny,pass,,2026-07-17 19:04:02.347938,
(24)4cc3,31,almond shells,49,43,icp,p,872.0,ppm,1,,,,19.0,,mduran@lbl.gov,tiny,pass,,2026-07-17 19:04:02.347938,
(24)4f15,31,almond shells,49,43,icp,p,847.0,ppm,2,,,,19.0,,mduran@lbl.gov,tiny,pass,,2026-07-17 19:04:02.347938,
(24)6339,31,almond shells,49,43,icp,nd,11.0,ppm,1,,,,19.0,,mduran@lbl.gov,tiny,pass,,2026-07-17 19:04:02.347938,
(24)755c,31,almond shells,49,43,icp,mn,14.0,ppm,1,,,,19.0,,mduran@lbl.gov,tiny,pass,,2026-07-17 19:04:02.347938,
(24)8df9,31,almond shells,49,43,icp,k,20700.0,ppm,1,,,,19.0,,mduran@lbl.gov,tiny,pass,,2026-07-17 19:04:02.347938,
(24)95c2,31,almond shells,49,43,icp,na,111.0,ppm,1,,,,19.0,,mduran@lbl.gov,tiny,pass,,2026-07-17 19:04:02.347938,
(24)9d6c,31,almond shells,49,43,icp,zn,10.7,ppm,2,,,,19.0,,mduran@lbl.gov,tiny,pass,,2026-07-17 19:04:02.347938,
(24)9f55,31,almond shells,49,43,icp,ca,3460.0,ppm,1,,,,19.0,,mduran@lbl.gov,tiny,pass,,2026-07-17 19:04:02.347938,
(24)a0f9,31,almond shells,49,43,icp,cu,7.0,ppm,1,,,,19.0,,mduran@lbl.gov,tiny,pass,,2026-07-17 19:04:02.347938,
(24)ab4b,31,almond shells,49,43,icp,mg,650.0,ppm,1,,,,19.0,,mduran@lbl.gov,tiny,pass,,2026-07-17 19:04:02.347938,
(24)b7bb,31,almond shells,49,43,icp,mg,651.0,ppm,2,,,,19.0,,mduran@lbl.gov,tiny,pass,,2026-07-17 19:04:02.347938,
(24)b91f,31,almond shells,49,43,icp,cu,11.0,ppm,2,,,,19.0,,mduran@lbl.gov,tiny,pass,,2026-07-17 19:04:02.347938,
(24)b999,31,almond shells,49,43,icp,mn,14.0,ppm,2,,,,19.0,,mduran@lbl.gov,tiny,pass,,2026-07-17 19:04:02.347938,
(24)bad4,31,almond shells,49,43,icp,s,336.0,ppm,1,,,,19.0,,mduran@lbl.gov,tiny,pass,,2026-07-17 19:04:02.347938,
(24)cf04,31,almond shells,49,43,icp,na,118.0,ppm,2,,,,19.0,,mduran@lbl.gov,tiny,pass,,2026-07-17 19:04:02.347938,
(24)eec2,31,almond shells,49,43,icp,nd,11.0,ppm,2,,,,19.0,,mduran@lbl.gov,tiny,pass,,2026-07-17 19:04:02.347938,
(24)ef9f,31,almond shells,49,43,icp,si,17.9,ppm,1,,,,19.0,,mduran@lbl.gov,tiny,pass,,2026-07-17 19:04:02.347938,
(24)effa,31,almond shells,49,43,icp,ti,0.0,ppm,2,,,,19.0,,mduran@lbl.gov,tiny,pass,,2026-07-17 19:04:02.347938,
(24)fade,31,almond shells,49,43,icp,s,343.0,ppm,2,,,,19.0,,mduran@lbl.gov,tiny,pass,,2026-07-17 19:04:02.347938,
(26)005d,37,tomato pomace,59,43,icp,nd,3.48,ppm,1,,,,19.0,,mduran@lbl.gov,oakleaf,pass,,2026-07-17 19:04:02.347938,
(26)02fc,37,tomato pomace,59,43,icp,mg,2250.0,ppm,1,,,,19.0,,mduran@lbl.gov,oakleaf,pass,,2026-07-17 19:04:02.347938,
(26)03d6,37,tomato pomace,59,43,icp,al,3.48,ppm,2,,,,19.0,,mduran@lbl.gov,oakleaf,pass,,2026-07-17 19:04:02.347938,
(26)058b,37,tomato pomace,59,43,icp,p,3650.0,ppm,1,,,,19.0,,mduran@lbl.gov,oakleaf,pass,,2026-07-17 19:04:02.347938,
(26)0be0,37,tomato pomace,59,43,icp,s,1530.0,ppm,2,,,,19.0,,mduran@lbl.gov,oakleaf,pass,,2026-07-17 19:04:02.347938,
(26)0e8c,37,tomato pomace,59,43,icp,mg,2180.0,ppm,2,,,,19.0,,mduran@lbl.gov,oakleaf,pass,,2026-07-17 19:04:02.347938,
(26)1f5e,37,tomato pomace,59,42,icp,zn,31.9,ppm,1,,,,,,,oakleaf,pass,was originally entered as ppm so no change to this entry during the block paste of values,2026-07-17 19:04:02.347938,
(26)2416,37,tomato pomace,59,43,icp,ca,1620.0,ppm,1,,,,19.0,,mduran@lbl.gov,oakleaf,pass,internal_std_results,2026-07-17 19:04:02.347938,
(26)2be5,37,tomato pomace,59,42,icp,mg,0.221,pc,1,,,,,,,oakleaf,pass,was entered as percent (pc). now changed to ppm by multiplying the original entry by 10^4,2026-07-17 19:04:02.347938,
(26)2be5,37,tomato pomace,59,42,icp,mg,2210.0,ppm,1,,,,,,,oakleaf,pass,was entered as percent (pc). now changed to ppm by multiplying the original entry by 10^4,2026-07-17 19:04:02.347938,
(26)34ce,37,tomato pomace,59,43,icp,k,6300.0,ppm,1,,,,19.0,,mduran@lbl.gov,oakleaf,pass,,2026-07-17 19:04:02.347938,
(26)3c0c,37,tomato pomace,59,42,icp,k,0.66,pc,1,,,,,,,oakleaf,pass,was entered as percent (pc). now changed to ppm by multiplying the original entry by 10^4,2026-07-17 19:04:02.347938,
(26)3c0c,37,tomato pomace,59,42,icp,k,6600.0,ppm,1,,,,,,,oakleaf,pass,was entered as percent (pc). now changed to ppm by multiplying the original entry by 10^4,2026-07-17 19:04:02.347938,
(26)4371,37,tomato pomace,59,43,icp,al,3.0,ppm,1,,,,19.0,,mduran@lbl.gov,oakleaf,pass,internal standards serve as the primary qc check. internal_std_results,2026-07-17 19:04:02.347938,
(26)4490,37,tomato pomace,59,43,icp,cu,10.5,ppm,2,,,,19.0,,mduran@lbl.gov,oakleaf,pass,,2026-07-17 19:04:02.347938,
(26)4709,37,tomato pomace,59,43,icp,p,2960.0,ppm,2,,,,19.0,,mduran@lbl.gov,oakleaf,pass,,2026-07-17 19:04:02.347938,
(26)6427,37,tomato pomace,59,43,icp,si,7.0,ppm,2,,,,19.0,,mduran@lbl.gov,oakleaf,pass,,2026-07-17 19:04:02.347938,
(26)6b6b,37,tomato pomace,59,43,icp,nd,3.55,ppm,2,,,,19.0,,mduran@lbl.gov,oakleaf,pass,,2026-07-17 19:04:02.347938,
(26)6fd6,37,tomato pomace,59,43,icp,zn,31.0,ppm,1,,,,19.0,,mduran@lbl.gov,oakleaf,pass,,2026-07-17 19:04:02.347938,
(26)7272,37,tomato pomace,59,43,icp,ti,3.48,ppm,1,,,,19.0,,mduran@lbl.gov,oakleaf,pass,,2026-07-17 19:04:02.347938,
(26)7eeb,37,tomato pomace,59,43,icp,k,5820.0,ppm,2,,,,19.0,,mduran@lbl.gov,oakleaf,pass,,2026-07-17 19:04:02.347938,
(26)8804,37,tomato pomace,59,43,icp,na,780.0,ppm,1,,,,19.0,,mduran@lbl.gov,oakleaf,pass,,2026-07-17 19:04:02.347938,
(26)93cd,37,tomato pomace,59,42,icp,ca,1500.0,ppm,1,,,,,,,oakleaf,pass,was entered as percent (pc). now changed to ppm by multiplying the original entry by 10^4,2026-07-17 19:04:02.347938,
(26)93cd,37,tomato pomace,59,42,icp,ca,0.15,pc,1,,,,,,,oakleaf,pass,was entered as percent (pc). now changed to ppm by multiplying the original entry by 10^4,2026-07-17 19:04:02.347938,
(26)9bb8,37,tomato pomace,59,43,icp,mn,32.0,ppm,2,,,,19.0,,mduran@lbl.gov,oakleaf,pass,,2026-07-17 19:04:02.347938,
(26)9c15,37,tomato pomace,59,43,icp,si,10.0,ppm,1,,,,19.0,,mduran@lbl.gov,oakleaf,pass,,2026-07-17 19:04:02.347938,
(26)a23d,37,tomato pomace,59,43,icp,zn,43.0,ppm,2,,,,19.0,,mduran@lbl.gov,oakleaf,pass,,2026-07-17 19:04:02.347938,
(26)a2ec,37,tomato pomace,59,42,icp,cu,8.1,ppm,1,,,,,,,oakleaf,pass,was originally entered as ppm so no change to this entry during the block paste of values,2026-07-17 19:04:02.347938,
(26)c5a6,37,tomato pomace,59,43,icp,na,750.0,ppm,2,,,,19.0,,mduran@lbl.gov,oakleaf,pass,,2026-07-17 19:04:02.347938,
(26)d58c,37,tomato pomace,59,42,icp,fe,89.2,ppm,1,,,,,,,oakleaf,pass,was originally entered as ppm so no change to this entry during the block paste of values,2026-07-17 19:04:02.347938,
(26)dd79,37,tomato pomace,59,43,icp,s,1550.0,ppm,1,,,,19.0,,mduran@lbl.gov,oakleaf,pass,,2026-07-17 19:04:02.347938,
(26)de89,37,tomato pomace,59,43,icp,ca,1460.0,ppm,2,,,,19.0,,mduran@lbl.gov,oakleaf,pass,,2026-07-17 19:04:02.347938,
(26)e3e3,37,tomato pomace,59,42,icp,b,13.5,ppm,1,,,,,,,oakleaf,pass,was originally entered as ppm so no change to this entry during the block paste of values,2026-07-17 19:04:02.347938,
(26)e86a,37,tomato pomace,59,43,icp,fe,10.0,ppm,2,,,,19.0,,mduran@lbl.gov,oakleaf,pass,,2026-07-17 19:04:02.347938,
(26)e8f5,37,tomato pomace,59,43,icp,cu,10.0,ppm,1,,,,19.0,,mduran@lbl.gov,oakleaf,pass,,2026-07-17 19:04:02.347938,
(26)ebe2,37,tomato pomace,59,42,icp,mn,37.4,ppm,1,,,,,,,oakleaf,pass,was originally entered as ppm so no change to this entry during the block paste of values,2026-07-17 19:04:02.347938,
(26)f18a,37,tomato pomace,59,43,icp,mn,38.0,ppm,1,,,,19.0,,mduran@lbl.gov,oakleaf,pass,,2026-07-17 19:04:02.347938,
(26)f5fa,37,tomato pomace,59,42,icp,p,0.362,pc,1,,,,,,,oakleaf,pass,was entered as percent (pc). now changed to ppm by multiplying the original entry by 10^4,2026-07-17 19:04:02.347938,
(26)f5fa,37,tomato pomace,59,42,icp,p,3620.0,ppm,1,,,,,,,oakleaf,pass,was entered as percent (pc). now changed to ppm by multiplying the original entry by 10^4,2026-07-17 19:04:02.347938,
(26)f767,37,tomato pomace,59,42,icp,s,1710.0,ppm,1,,,,,,,oakleaf,pass,was originally entered as ppm so no change to this entry during the block paste of values,2026-07-17 19:04:02.347938,
(26)f95b,37,tomato pomace,59,43,icp,fe,13.9,ppm,1,,,,19.0,,mduran@lbl.gov,oakleaf,pass,,2026-07-17 19:04:02.347938,
(26)fa46,37,tomato pomace,59,43,icp,ti,3.55,ppm,2,,,,19.0,,mduran@lbl.gov,oakleaf,pass,,2026-07-17 19:04:02.347938,
(31)0574,25,almond hulls,48,43,icp,na,-220.0,ppm,2,,,,19.0,,mduran@lbl.gov,vibrant,fail,,2026-07-17 19:04:02.347938,
(31)09a4,25,almond hulls,48,43,icp,al,11.0,ppm,1,,,,19.0,,mduran@lbl.gov,vibrant,pass,,2026-07-17 19:04:02.347938,
(31)0bc6,25,almond hulls,48,43,icp,fe,10.7,ppm,1,,,,19.0,,mduran@lbl.gov,vibrant,pass,,2026-07-17 19:04:02.347938,
(31)131f,25,almond hulls,48,43,icp,zn,3.66,ppm,1,,,,19.0,,mduran@lbl.gov,vibrant,pass,,2026-07-17 19:04:02.347938,
(31)2103,25,almond hulls,48,43,icp,k,16400.0,ppm,1,,,,19.0,,mduran@lbl.gov,vibrant,pass,,2026-07-17 19:04:02.347938,
(31)3951,25,almond hulls,48,43,icp,s,234.0,ppm,2,,,,19.0,,mduran@lbl.gov,vibrant,pass,,2026-07-17 19:04:02.347938,
(31)3a96,25,almond hulls,48,43,icp,mn,7.0,ppm,2,,,,19.0,,mduran@lbl.gov,vibrant,pass,,2026-07-17 19:04:02.347938,
(31)4f76,25,almond hulls,48,43,icp,mn,7.0,ppm,1,,,,19.0,,mduran@lbl.gov,vibrant,pass,,2026-07-17 19:04:02.347938,
(31)53ad,25,almond hulls,48,43,icp,si,18.0,ppm,2,,,,19.0,,mduran@lbl.gov,vibrant,pass,,2026-07-17 19:04:02.347938,
(31)650f,25,almond hulls,48,43,icp,na,-47.6,ppm,1,,,,19.0,,mduran@lbl.gov,vibrant,fail,,2026-07-17 19:04:02.347938,
(31)6866,25,almond hulls,48,43,icp,zn,3.6,ppm,2,,,,19.0,,mduran@lbl.gov,vibrant,pass,,2026-07-17 19:04:02.347938,
(31)6f58,25,almond hulls,48,43,icp,ti,0.0,ppm,1,,,,19.0,,mduran@lbl.gov,vibrant,pass,,2026-07-17 19:04:02.347938,
(31)738d,25,almond hulls,48,43,icp,al,15.0,ppm,2,,,,19.0,,mduran@lbl.gov,vibrant,pass,,2026-07-17 19:04:02.347938,
(31)9be8,25,almond hulls,48,43,icp,p,549.0,ppm,2,,,,19.0,,mduran@lbl.gov,vibrant,pass,,2026-07-17 19:04:02.347938,
(31)a87c,25,almond hulls,48,43,icp,k,18800.0,ppm,2,,,,19.0,,mduran@lbl.gov,vibrant,pass,,2026-07-17 19:04:02.347938,
(31)b221,25,almond hulls,48,43,icp,fe,14.6,ppm,2,,,,19.0,,mduran@lbl.gov,vibrant,pass,,2026-07-17 19:04:02.347938,
(31)ba4f,25,almond hulls,48,43,icp,ca,1550.0,ppm,1,,,,19.0,,mduran@lbl.gov,vibrant,pass,,2026-07-17 19:04:02.347938,
(31)baff,25,almond hulls,48,43,icp,ti,0.0,ppm,2,,,,19.0,,mduran@lbl.gov,vibrant,pass,,2026-07-17 19:04:02.347938,
(31)c567,25,almond hulls,48,43,icp,mg,1020.0,ppm,1,,,,19.0,,mduran@lbl.gov,vibrant,pass,,2026-07-17 19:04:02.347938,
(31)c6dd,25,almond hulls,48,43,icp,cu,7.0,ppm,1,,,,19.0,,mduran@lbl.gov,vibrant,pass,,2026-07-17 19:04:02.347938,
(31)c8c1,25,almond hulls,48,43,icp,cu,7.0,ppm,2,,,,19.0,,mduran@lbl.gov,vibrant,pass,,2026-07-17 19:04:02.347938,
(31)cd71,25,almond hulls,48,43,icp,mg,1110.0,ppm,2,,,,19.0,,mduran@lbl.gov,vibrant,pass,,2026-07-17 19:04:02.347938,
(31)cdbe,25,almond hulls,48,43,icp,nd,7.0,ppm,1,,,,19.0,,mduran@lbl.gov,vibrant,pass,,2026-07-17 19:04:02.347938,
(31)e17b,25,almond hulls,48,43,icp,ca,1690.0,ppm,2,,,,19.0,,mduran@lbl.gov,vibrant,pass,,2026-07-17 19:04:02.347938,
(31)f463,25,almond hulls,48,43,icp,p,468.0,ppm,1,,,,19.0,,mduran@lbl.gov,vibrant,pass,,2026-07-17 19:04:02.347938,
(31)fb32,25,almond hulls,48,43,icp,s,172.0,ppm,1,,,,19.0,,mduran@lbl.gov,vibrant,pass,,2026-07-17 19:04:02.347938,
(31)fdcb,25,almond hulls,48,43,icp,nd,4.0,ppm,2,,,,19.0,,mduran@lbl.gov,vibrant,pass,,2026-07-17 19:04:02.347938,
(31)ff2f,25,almond hulls,48,43,icp,si,11.0,ppm,1,,,,19.0,,mduran@lbl.gov,vibrant,pass,,2026-07-17 19:04:02.347938,
(37)0f49,31,almond shells,47,43,icp,s,200.0,ppm,1,,,,19.0,,mduran@lbl.gov,vibrant,pass,,2026-07-17 19:04:02.347938,
(37)1595,31,almond shells,47,43,icp,cu,11.0,ppm,2,,,,19.0,,mduran@lbl.gov,vibrant,pass,,2026-07-17 19:04:02.347938,
(37)19cb,31,almond shells,47,43,icp,k,15800.0,ppm,1,,,,19.0,,mduran@lbl.gov,vibrant,pass,,2026-07-17 19:04:02.347938,
(37)2251,31,almond shells,47,43,icp,mg,574.0,ppm,1,,,,19.0,,mduran@lbl.gov,vibrant,pass,,2026-07-17 19:04:02.347938,
(37)2367,31,almond shells,47,43,icp,zn,7.16,ppm,2,,,,19.0,,mduran@lbl.gov,vibrant,pass,,2026-07-17 19:04:02.347938,
(37)2bb7,31,almond shells,47,43,icp,mn,11.0,ppm,2,,,,19.0,,mduran@lbl.gov,vibrant,pass,,2026-07-17 19:04:02.347938,
(37)367a,31,almond shells,47,43,icp,si,14.3,ppm,2,,,,19.0,,mduran@lbl.gov,vibrant,pass,,2026-07-17 19:04:02.347938,
(37)392a,31,almond shells,47,43,icp,nd,7.0,ppm,2,,,,19.0,,mduran@lbl.gov,vibrant,pass,,2026-07-17 19:04:02.347938,
(37)3b21,31,almond shells,47,43,icp,al,18.0,ppm,2,,,,19.0,,mduran@lbl.gov,vibrant,pass,,2026-07-17 19:04:02.347938,
(37)3d0c,31,almond shells,47,43,icp,nd,7.0,ppm,1,,,,19.0,,mduran@lbl.gov,vibrant,pass,,2026-07-17 19:04:02.347938,
(37)4398,31,almond shells,47,43,icp,fe,21.5,ppm,2,,,,19.0,,mduran@lbl.gov,vibrant,pass,,2026-07-17 19:04:02.347938,
(37)461d,31,almond shells,47,43,icp,s,233.0,ppm,2,,,,19.0,,mduran@lbl.gov,vibrant,pass,,2026-07-17 19:04:02.347938,
(37)468a,31,almond shells,47,43,icp,zn,7.14,ppm,1,,,,19.0,,mduran@lbl.gov,vibrant,pass,,2026-07-17 19:04:02.347938,
(37)5308,31,almond shells,47,43,icp,cu,11.0,ppm,1,,,,19.0,,mduran@lbl.gov,vibrant,pass,,2026-07-17 19:04:02.347938,
(37)5698,31,almond shells,47,43,icp,na,-211.0,ppm,1,,,,19.0,,mduran@lbl.gov,vibrant,fail,,2026-07-17 19:04:02.347938,
(37)76b0,31,almond shells,47,43,icp,ca,1950.0,ppm,2,,,,19.0,,mduran@lbl.gov,vibrant,pass,,2026-07-17 19:04:02.347938,
(37)7905,31,almond shells,47,43,icp,na,-240.0,ppm,2,,,,19.0,,mduran@lbl.gov,vibrant,fail,,2026-07-17 19:04:02.347938,
(37)7d17,31,almond shells,47,43,icp,ti,0.0,ppm,2,,,,19.0,,mduran@lbl.gov,vibrant,pass,,2026-07-17 19:04:02.347938,
(37)8870,31,almond shells,47,43,icp,k,15800.0,ppm,2,,,,19.0,,mduran@lbl.gov,vibrant,pass,,2026-07-17 19:04:02.347938,
(37)b44a,31,almond shells,47,43,icp,mn,7.0,ppm,1,,,,19.0,,mduran@lbl.gov,vibrant,pass,,2026-07-17 19:04:02.347938,
(37)b72c,31,almond shells,47,43,icp,si,14.3,ppm,1,,,,19.0,,mduran@lbl.gov,vibrant,pass,,2026-07-17 19:04:02.347938,
(37)cb2d,31,almond shells,47,43,icp,al,14.0,ppm,1,,,,19.0,,mduran@lbl.gov,vibrant,pass,,2026-07-17 19:04:02.347938,
(37)d417,31,almond shells,47,43,icp,p,557.0,ppm,1,,,,19.0,,mduran@lbl.gov,vibrant,pass,,2026-07-17 19:04:02.347938,
(37)db27,31,almond shells,47,43,icp,p,602.0,ppm,2,,,,19.0,,mduran@lbl.gov,vibrant,pass,,2026-07-17 19:04:02.347938,
(37)e3ae,31,almond shells,47,43,icp,ca,1850.0,ppm,1,,,,19.0,,mduran@lbl.gov,vibrant,pass,,2026-07-17 19:04:02.347938,
(37)ebd4,31,almond shells,47,43,icp,ti,4.0,ppm,1,,,,19.0,,mduran@lbl.gov,vibrant,pass,,2026-07-17 19:04:02.347938,
(37)f74f,31,almond shells,47,43,icp,fe,28.5,ppm,1,,,,19.0,,mduran@lbl.gov,vibrant,pass,,2026-07-17 19:04:02.347938,
(37)fd13,31,almond shells,47,43,icp,mg,577.0,ppm,2,,,,19.0,,mduran@lbl.gov,vibrant,pass,,2026-07-17 19:04:02.347938,
(4d)074c,22,walnut tree sticks,55,43,icp,cu,32.3,ppm,1,,,,19.0,,mduran@lbl.gov,energetic,pass,,2026-07-17 19:04:02.347938,
(4d)0fb1,22,walnut tree sticks,55,43,icp,nd,28.8,ppm,2,,,,19.0,,mduran@lbl.gov,energetic,pass,,2026-07-17 19:04:02.347938,
(4d)1916,22,walnut tree sticks,55,43,icp,na,7.0,ppm,1,,,,19.0,,mduran@lbl.gov,energetic,pass,,2026-07-17 19:04:02.347938,
(4d)35b1,22,walnut tree sticks,55,43,icp,mg,1250.0,ppm,1,,,,19.0,,mduran@lbl.gov,energetic,pass,,2026-07-17 19:04:02.347938,
(4d)404e,22,walnut tree sticks,55,43,icp,p,533.0,ppm,2,,,,19.0,,mduran@lbl.gov,energetic,pass,,2026-07-17 19:04:02.347938,
(4d)4e30,22,walnut tree sticks,55,43,icp,mn,28.7,ppm,1,,,,19.0,,mduran@lbl.gov,energetic,pass,,2026-07-17 19:04:02.347938,
(4d)59ef,22,walnut tree sticks,55,43,icp,fe,29.0,ppm,1,,,,19.0,,mduran@lbl.gov,energetic,pass,,2026-07-17 19:04:02.347938,
(4d)6c47,22,walnut tree sticks,55,43,icp,k,4430.0,ppm,2,,,,19.0,,mduran@lbl.gov,energetic,pass,,2026-07-17 19:04:02.347938,
(4d)7deb,22,walnut tree sticks,55,43,icp,p,374.0,ppm,1,,,,19.0,,mduran@lbl.gov,energetic,pass,,2026-07-17 19:04:02.347938,
(4d)8c1b,22,walnut tree sticks,55,43,icp,zn,11.0,ppm,2,,,,19.0,,mduran@lbl.gov,energetic,pass,,2026-07-17 19:04:02.347938,
(4d)9f8d,22,walnut tree sticks,55,43,icp,ti,3.6,ppm,2,,,,19.0,,mduran@lbl.gov,energetic,pass,,2026-07-17 19:04:02.347938,
(4d)a0e1,22,walnut tree sticks,55,43,icp,ti,3.59,ppm,1,,,,19.0,,mduran@lbl.gov,energetic,pass,,2026-07-17 19:04:02.347938,
(4d)a55b,22,walnut tree sticks,55,43,icp,mg,1330.0,ppm,2,,,,19.0,,mduran@lbl.gov,energetic,pass,,2026-07-17 19:04:02.347938,
(4d)a81d,22,walnut tree sticks,55,43,icp,si,7.0,ppm,2,,,,19.0,,mduran@lbl.gov,energetic,pass,,2026-07-17 19:04:02.347938,
(4d)a981,22,walnut tree sticks,55,43,icp,s,659.0,ppm,2,,,,19.0,,mduran@lbl.gov,energetic,pass,,2026-07-17 19:04:02.347938,
(4d)b119,22,walnut tree sticks,55,43,icp,na,11.0,ppm,2,,,,19.0,,mduran@lbl.gov,energetic,pass,,2026-07-17 19:04:02.347938,
(4d)bf48,22,walnut tree sticks,55,43,icp,ca,18100.0,ppm,2,,,,19.0,,mduran@lbl.gov,energetic,pass,,2026-07-17 19:04:02.347938,
(4d)bf78,22,walnut tree sticks,55,43,icp,mn,32.4,ppm,2,,,,19.0,,mduran@lbl.gov,energetic,pass,,2026-07-17 19:04:02.347938,
(4d)c6b5,22,walnut tree sticks,55,43,icp,k,4220.0,ppm,1,,,,19.0,,mduran@lbl.gov,energetic,pass,,2026-07-17 19:04:02.347938,
(4d)d24e,22,walnut tree sticks,55,43,icp,si,14.0,ppm,1,,,,19.0,,mduran@lbl.gov,energetic,pass,,2026-07-17 19:04:02.347938,
(4d)d27b,22,walnut tree sticks,55,43,icp,fe,25.0,ppm,2,,,,19.0,,mduran@lbl.gov,energetic,pass,,2026-07-17 19:04:02.347938,
(4d)e3d2,22,walnut tree sticks,55,43,icp,al,25.2,ppm,1,,,,19.0,,mduran@lbl.gov,energetic,pass,,2026-07-17 19:04:02.347938,
(4d)e436,22,walnut tree sticks,55,43,icp,nd,28.7,ppm,1,,,,19.0,,mduran@lbl.gov,energetic,pass,,2026-07-17 19:04:02.347938,
(4d)ecfd,22,walnut tree sticks,55,43,icp,s,575.0,ppm,1,,,,19.0,,mduran@lbl.gov,energetic,pass,,2026-07-17 19:04:02.347938,
(4d)f005,22,walnut tree sticks,55,43,icp,al,28.7,ppm,2,,,,19.0,,mduran@lbl.gov,energetic,pass,,2026-07-17 19:04:02.347938,
(4d)f507,22,walnut tree sticks,55,43,icp,zn,7.0,ppm,1,,,,19.0,,mduran@lbl.gov,energetic,pass,,2026-07-17 19:04:02.347938,
(4d)f632,22,walnut tree sticks,55,43,icp,ca,16800.0,ppm,1,,,,19.0,,mduran@lbl.gov,energetic,pass,,2026-07-17 19:04:02.347938,
(4d)f8c3,22,walnut tree sticks,55,43,icp,cu,35.9,ppm,2,,,,19.0,,mduran@lbl.gov,energetic,pass,,2026-07-17 19:04:02.347938,
(69)0335,37,tomato pomace,60,43,icp,nd,7.11,ppm,1,,,,19.0,,mduran@lbl.gov,pinecrest,pass,,2026-07-17 19:04:02.347938,
(69)0acb,37,tomato pomace,60,42,icp,ca,0.248,pc,1,,,,,,,pinecrest,pass,was entered as percent (pc). now changed to ppm by multiplying the original entry by 10^4,2026-07-17 19:04:02.347938,
(69)0acb,37,tomato pomace,60,42,icp,ca,2480.0,ppm,1,,,,,,,pinecrest,pass,was entered as percent (pc). now changed to ppm by multiplying the original entry by 10^4,2026-07-17 19:04:02.347938,
(69)0f35,37,tomato pomace,60,43,icp,k,21000.0,ppm,2,,,,19.0,,mduran@lbl.gov,pinecrest,pass,,2026-07-17 19:04:02.347938,
(69)1a06,37,tomato pomace,60,43,icp,p,2540.0,ppm,1,,,,19.0,,mduran@lbl.gov,pinecrest,pass,,2026-07-17 19:04:02.347938,
(69)1bde,37,tomato pomace,60,43,icp,mn,17.8,ppm,1,,,,19.0,,mduran@lbl.gov,pinecrest,pass,,2026-07-17 19:04:02.347938,
(69)1c7d,37,tomato pomace,60,42,icp,mg,1640.0,ppm,1,,,,,,,pinecrest,pass,was entered as percent (pc). now changed to ppm by multiplying the original entry by 10^4,2026-07-17 19:04:02.347938,
(69)1c7d,37,tomato pomace,60,42,icp,mg,0.164,pc,1,,,,,,,pinecrest,pass,was entered as percent (pc). now changed to ppm by multiplying the original entry by 10^4,2026-07-17 19:04:02.347938,
(69)270a,37,tomato pomace,60,43,icp,zn,22.0,ppm,2,,,,19.0,,mduran@lbl.gov,pinecrest,pass,,2026-07-17 19:04:02.347938,
(69)2c93,37,tomato pomace,60,43,icp,p,2620.0,ppm,2,,,,19.0,,mduran@lbl.gov,pinecrest,pass,,2026-07-17 19:04:02.347938,
(69)2eb3,37,tomato pomace,60,42,icp,cu,16.8,ppm,1,,,,,,,pinecrest,pass,was originally entered as ppm so no change to this entry during the block paste of values,2026-07-17 19:04:02.347938,
(69)311c,37,tomato pomace,60,43,icp,ti,3.65,ppm,1,,,,19.0,,mduran@lbl.gov,pinecrest,pass,,2026-07-17 19:04:02.347938,
(69)3138,37,tomato pomace,60,43,icp,mg,1730.0,ppm,2,,,,19.0,,mduran@lbl.gov,pinecrest,pass,,2026-07-17 19:04:02.347938,
(69)370e,37,tomato pomace,60,42,icp,s,1610.0,ppm,1,,,,,,,pinecrest,pass,was originally entered as ppm so no change to this entry during the block paste of values,2026-07-17 19:04:02.347938,
(69)3b52,37,tomato pomace,60,43,icp,al,17.8,ppm,1,,,,19.0,,mduran@lbl.gov,pinecrest,pass,,2026-07-17 19:04:02.347938,
(69)46ef,37,tomato pomace,60,42,icp,p,2590.0,ppm,1,,,,,,,pinecrest,pass,was entered as percent (pc). now changed to ppm by multiplying the original entry by 10^4,2026-07-17 19:04:02.347938,
(69)46ef,37,tomato pomace,60,42,icp,p,0.259,pc,1,,,,,,,pinecrest,pass,was entered as percent (pc). now changed to ppm by multiplying the original entry by 10^4,2026-07-17 19:04:02.347938,
(69)5280,37,tomato pomace,60,43,icp,na,1530.0,ppm,2,,,,19.0,,mduran@lbl.gov,pinecrest,pass,,2026-07-17 19:04:02.347938,
(69)5cdc,37,tomato pomace,60,43,icp,ti,3.65,ppm,2,,,,19.0,,mduran@lbl.gov,pinecrest,pass,,2026-07-17 19:04:02.347938,
(69)632c,37,tomato pomace,60,43,icp,s,1660.0,ppm,1,,,,19.0,,mduran@lbl.gov,pinecrest,pass,,2026-07-17 19:04:02.347938,
(69)66e5,37,tomato pomace,60,43,icp,ca,2570.0,ppm,1,,,,19.0,,mduran@lbl.gov,pinecrest,pass,,2026-07-17 19:04:02.347938,
(69)6873,37,tomato pomace,60,43,icp,zn,22.0,ppm,1,,,,19.0,,mduran@lbl.gov,pinecrest,pass,,2026-07-17 19:04:02.347938,
(69)7ba0,37,tomato pomace,60,43,icp,mg,1550.0,ppm,1,,,,19.0,,mduran@lbl.gov,pinecrest,pass,,2026-07-17 19:04:02.347938,
(69)8315,37,tomato pomace,60,43,icp,cu,14.6,ppm,2,,,,19.0,,mduran@lbl.gov,pinecrest,pass,,2026-07-17 19:04:02.347938,
(69)938e,37,tomato pomace,60,42,icp,b,14.6,ppm,1,,,,,,,pinecrest,pass,was originally entered as ppm so no change to this entry during the block paste of values,2026-07-17 19:04:02.347938,
(69)a5f5,37,tomato pomace,60,43,icp,fe,7.0,ppm,1,,,,19.0,,mduran@lbl.gov,pinecrest,pass,,2026-07-17 19:04:02.347938,
(69)a649,37,tomato pomace,60,42,icp,k,20600.0,ppm,1,,,,,,,pinecrest,pass,was entered as percent (pc). now changed to ppm by multiplying the original entry by 10^4,2026-07-17 19:04:02.347938,
(69)a649,37,tomato pomace,60,42,icp,k,2.06,pc,1,,,,,,,pinecrest,pass,was entered as percent (pc). now changed to ppm by multiplying the original entry by 10^4,2026-07-17 19:04:02.347938,
(69)aa3d,37,tomato pomace,60,43,icp,nd,7.31,ppm,2,,,,19.0,,mduran@lbl.gov,pinecrest,pass,,2026-07-17 19:04:02.347938,
(69)bf28,37,tomato pomace,60,43,icp,fe,7.0,ppm,2,,,,19.0,,mduran@lbl.gov,pinecrest,pass,,2026-07-17 19:04:02.347938,
(69)bfca,37,tomato pomace,60,43,icp,al,14.6,ppm,2,,,,19.0,,mduran@lbl.gov,pinecrest,pass,,2026-07-17 19:04:02.347938,
(69)c905,37,tomato pomace,60,43,icp,si,15.0,ppm,1,,,,19.0,,mduran@lbl.gov,pinecrest,pass,,2026-07-17 19:04:02.347938,
(69)daf6,37,tomato pomace,60,43,icp,cu,14.2,ppm,1,,,,19.0,,mduran@lbl.gov,pinecrest,pass,,2026-07-17 19:04:02.347938,
(69)dca7,37,tomato pomace,60,43,icp,si,11.0,ppm,2,,,,19.0,,mduran@lbl.gov,pinecrest,pass,,2026-07-17 19:04:02.347938,
(69)dd28,37,tomato pomace,60,43,icp,mn,18.3,ppm,2,,,,19.0,,mduran@lbl.gov,pinecrest,pass,,2026-07-17 19:04:02.347938,
(69)e3ed,37,tomato pomace,60,43,icp,s,1690.0,ppm,2,,,,19.0,,mduran@lbl.gov,pinecrest,pass,,2026-07-17 19:04:02.347938,
(69)e99c,37,tomato pomace,60,42,icp,mn,19.8,ppm,1,,,,,,,pinecrest,pass,was originally entered as ppm so no change to this entry during the block paste of values,2026-07-17 19:04:02.347938,
(69)eb00,37,tomato pomace,60,43,icp,na,1440.0,ppm,1,,,,19.0,,mduran@lbl.gov,pinecrest,pass,,2026-07-17 19:04:02.347938,
(69)f2b1,37,tomato pomace,60,43,icp,ca,2730.0,ppm,2,,,,19.0,,mduran@lbl.gov,pinecrest,pass,,2026-07-17 19:04:02.347938,
(69)f3fc,37,tomato pomace,60,42,icp,fe,61.2,ppm,1,,,,,,,pinecrest,pass,was originally entered as ppm so no change to this entry during the block paste of values,2026-07-17 19:04:02.347938,
(69)f50e,37,tomato pomace,60,42,icp,zn,27.9,ppm,1,,,,,,,pinecrest,pass,was originally entered as ppm so no change to this entry during the block paste of values,2026-07-17 19:04:02.347938,
(69)fb3a,37,tomato pomace,60,43,icp,k,20300.0,ppm,1,,,,19.0,,mduran@lbl.gov,pinecrest,pass,,2026-07-17 19:04:02.347938,
(6d)03ea,37,tomato pomace,61,42,icp,ca,2100.0,ppm,1,,,,,,,riverstone,pass,was entered as percent (pc). now changed to ppm by multiplying the original entry by 10^4,2026-07-17 19:04:02.347938,
(6d)03ea,37,tomato pomace,61,42,icp,ca,0.21,pc,1,,,,,,,riverstone,pass,was entered as percent (pc). now changed to ppm by multiplying the original entry by 10^4,2026-07-17 19:04:02.347938,
(6d)0f9b,37,tomato pomace,61,43,icp,ca,1450.0,ppm,1,,,,19.0,,mduran@lbl.gov,riverstone,pass,,2026-07-17 19:04:02.347938,
(6d)1524,37,tomato pomace,61,43,icp,mn,40.4,ppm,1,,,,19.0,,mduran@lbl.gov,riverstone,pass,,2026-07-17 19:04:02.347938,
(6d)1b10,37,tomato pomace,61,42,icp,zn,25.5,ppm,1,,,,,,,riverstone,pass,was originally entered as ppm so no change to this entry during the block paste of values,2026-07-17 19:04:02.347938,
(6d)1f4c,37,tomato pomace,61,42,icp,mg,0.257,pc,1,,,,,,,riverstone,pass,was entered as percent (pc). now changed to ppm by multiplying the original entry by 10^4,2026-07-17 19:04:02.347938,
(6d)1f4c,37,tomato pomace,61,42,icp,mg,2570.0,ppm,1,,,,,,,riverstone,pass,was entered as percent (pc). now changed to ppm by multiplying the original entry by 10^4,2026-07-17 19:04:02.347938,
(6d)241f,37,tomato pomace,61,43,icp,s,1520.0,ppm,2,,,,19.0,,mduran@lbl.gov,riverstone,pass,,2026-07-17 19:04:02.347938,
(6d)2b35,37,tomato pomace,61,43,icp,nd,3.68,ppm,1,,,,19.0,,mduran@lbl.gov,riverstone,pass,,2026-07-17 19:04:02.347938,
(6d)3256,37,tomato pomace,61,43,icp,s,1590.0,ppm,1,,,,19.0,,mduran@lbl.gov,riverstone,pass,,2026-07-17 19:04:02.347938,
(6d)3a3a,37,tomato pomace,61,42,icp,cu,6.9,ppm,2,,,,,,,riverstone,pass,was originally entered as ppm so no change to this entry during the block paste of values,2026-07-17 19:04:02.347938,
(6d)3de6,37,tomato pomace,61,42,icp,b,13.0,ppm,1,,,,,,,riverstone,pass,was originally entered as ppm so no change to this entry during the block paste of values,2026-07-17 19:04:02.347938,
(6d)3e18,37,tomato pomace,61,43,icp,na,232.0,ppm,2,,,,19.0,,mduran@lbl.gov,riverstone,pass,,2026-07-17 19:04:02.347938,
(6d)4e82,37,tomato pomace,61,43,icp,p,4120.0,ppm,1,,,,19.0,,mduran@lbl.gov,riverstone,pass,,2026-07-17 19:04:02.347938,
(6d)5bbd,37,tomato pomace,61,43,icp,fe,15.0,ppm,1,,,,19.0,,mduran@lbl.gov,riverstone,pass,,2026-07-17 19:04:02.347938,
(6d)5e4b,37,tomato pomace,61,42,icp,p,4490.0,ppm,1,,,,,,,riverstone,pass,was entered as percent (pc). now changed to ppm by multiplying the original entry by 10^4,2026-07-17 19:04:02.347938,
(6d)5e4b,37,tomato pomace,61,42,icp,p,0.449,pc,1,,,,,,,riverstone,pass,was entered as percent (pc). now changed to ppm by multiplying the original entry by 10^4,2026-07-17 19:04:02.347938,
(6d)5e91,37,tomato pomace,61,43,icp,cu,11.0,ppm,2,,,,19.0,,mduran@lbl.gov,riverstone,pass,,2026-07-17 19:04:02.347938,
(6d)6274,37,tomato pomace,61,43,icp,mn,39.9,ppm,2,,,,19.0,,mduran@lbl.gov,riverstone,pass,,2026-07-17 19:04:02.347938,
(6d)666a,37,tomato pomace,61,42,icp,fe,82.6,ppm,1,,,,,,,riverstone,pass,was originally entered as ppm so no change to this entry during the block paste of values,2026-07-17 19:04:02.347938,
(6d)70ec,37,tomato pomace,61,42,icp,fe,82.6,ppm,1,,,,,,,riverstone,pass,was originally entered as ppm so no change to this entry during the block paste of values,2026-07-17 19:04:02.347938,
(6d)7264,37,tomato pomace,61,42,icp,mn,42.1,ppm,1,,,,,,,riverstone,pass,was originally entered as ppm so no change to this entry during the block paste of values,2026-07-17 19:04:02.347938,
(6d)7f96,37,tomato pomace,61,42,icp,s,1840.0,ppm,1,,,,,,,riverstone,pass,was originally entered as ppm so no change to this entry during the block paste of values,2026-07-17 19:04:02.347938,
(6d)93ec,37,tomato pomace,61,42,icp,zn,24.8,ppm,1,,,,,,,riverstone,pass,was originally entered as ppm so no change to this entry during the block paste of values,2026-07-17 19:04:02.347938,
(6d)a021,37,tomato pomace,61,43,icp,k,6820.0,ppm,2,,,,19.0,,mduran@lbl.gov,riverstone,pass,,2026-07-17 19:04:02.347938,
(6d)a2d8,37,tomato pomace,61,43,icp,nd,0.0,ppm,2,,,,19.0,,mduran@lbl.gov,riverstone,pass,,2026-07-17 19:04:02.347938,
(6d)a343,37,tomato pomace,61,43,icp,zn,22.0,ppm,2,,,,19.0,,mduran@lbl.gov,riverstone,pass,,2026-07-17 19:04:02.347938,
(6d)a6af,37,tomato pomace,61,43,icp,mg,2560.0,ppm,1,,,,19.0,,mduran@lbl.gov,riverstone,pass,,2026-07-17 19:04:02.347938,
(6d)aaea,37,tomato pomace,61,42,icp,p,4560.0,ppm,1,,,,,,,riverstone,pass,was entered as percent (pc). now changed to ppm by multiplying the original entry by 10^4,2026-07-17 19:04:02.347938,
(6d)aaea,37,tomato pomace,61,42,icp,p,0.456,pc,1,,,,,,,riverstone,pass,was entered as percent (pc). now changed to ppm by multiplying the original entry by 10^4,2026-07-17 19:04:02.347938,
(6d)b868,37,tomato pomace,61,43,icp,ti,3.63,ppm,2,,,,19.0,,mduran@lbl.gov,riverstone,pass,,2026-07-17 19:04:02.347938,
(6d)bf16,37,tomato pomace,61,43,icp,p,3830.0,ppm,2,,,,19.0,,mduran@lbl.gov,riverstone,pass,,2026-07-17 19:04:02.347938,
(6d)bf8e,37,tomato pomace,61,43,icp,al,7.35,ppm,2,,,,19.0,,mduran@lbl.gov,riverstone,pass,,2026-07-17 19:04:02.347938,
(6d)c20a,37,tomato pomace,61,42,icp,mn,41.7,ppm,1,,,,,,,riverstone,pass,was originally entered as ppm so no change to this entry during the block paste of values,2026-07-17 19:04:02.347938,
(6d)c36c,37,tomato pomace,61,42,icp,k,0.78,pc,1,,,,,,,riverstone,pass,was entered as percent (pc). now changed to ppm by multiplying the original entry by 10^4,2026-07-17 19:04:02.347938,
(6d)c36c,37,tomato pomace,61,42,icp,k,7800.0,ppm,1,,,,,,,riverstone,pass,was entered as percent (pc). now changed to ppm by multiplying the original entry by 10^4,2026-07-17 19:04:02.347938,
(6d)c547,37,tomato pomace,61,43,icp,si,7.0,ppm,2,,,,19.0,,mduran@lbl.gov,riverstone,pass,,2026-07-17 19:04:02.347938,
(6d)c741,37,tomato pomace,61,43,icp,na,232.0,ppm,1,,,,19.0,,mduran@lbl.gov,riverstone,pass,,2026-07-17 19:04:02.347938,
(6d)d188,37,tomato pomace,61,42,icp,k,7900.0,ppm,1,,,,,,,riverstone,pass,was entered as percent (pc). now changed to ppm by multiplying the original entry by 10^4,2026-07-17 19:04:02.347938,
(6d)d188,37,tomato pomace,61,42,icp,k,0.79,pc,1,,,,,,,riverstone,pass,was entered as percent (pc). now changed to ppm by multiplying the original entry by 10^4,2026-07-17 19:04:02.347938,
(6d)d2e2,37,tomato pomace,61,43,icp,k,6920.0,ppm,1,,,,19.0,,mduran@lbl.gov,riverstone,pass,,2026-07-17 19:04:02.347938,
(6d)d64e,37,tomato pomace,61,43,icp,al,7.31,ppm,1,,,,19.0,,mduran@lbl.gov,riverstone,pass,,2026-07-17 19:04:02.347938,
(6d)d68e,37,tomato pomace,61,43,icp,ti,3.68,ppm,1,,,,19.0,,mduran@lbl.gov,riverstone,pass,,2026-07-17 19:04:02.347938,
(6d)d7af,37,tomato pomace,61,42,icp,b,13.5,ppm,1,,,,,,,riverstone,pass,was originally entered as ppm so no change to this entry during the block paste of values,2026-07-17 19:04:02.347938,
(6d)d8e9,37,tomato pomace,61,42,icp,cu,6.7,ppm,1,,,,,,,riverstone,pass,was originally entered as ppm so no change to this entry during the block paste of values,2026-07-17 19:04:02.347938,
(6d)db6e,37,tomato pomace,61,43,icp,mg,2440.0,ppm,2,,,,19.0,,mduran@lbl.gov,riverstone,pass,,2026-07-17 19:04:02.347938,
(6d)dc09,37,tomato pomace,61,43,icp,cu,11.0,ppm,1,,,,19.0,,mduran@lbl.gov,riverstone,pass,,2026-07-17 19:04:02.347938,
(6d)e672,37,tomato pomace,61,42,icp,mg,0.255,pc,1,,,,,,,riverstone,pass,was entered as percent (pc). now changed to ppm by multiplying the original entry by 10^4,2026-07-17 19:04:02.347938,
(6d)e672,37,tomato pomace,61,42,icp,mg,2550.0,ppm,1,,,,,,,riverstone,pass,was entered as percent (pc). now changed to ppm by multiplying the original entry by 10^4,2026-07-17 19:04:02.347938,
(6d)e90a,37,tomato pomace,61,43,icp,fe,15.0,ppm,2,,,,19.0,,mduran@lbl.gov,riverstone,pass,,2026-07-17 19:04:02.347938,
(6d)f379,37,tomato pomace,61,43,icp,zn,26.0,ppm,1,,,,19.0,,mduran@lbl.gov,riverstone,pass,,2026-07-17 19:04:02.347938,
(6d)f5ad,37,tomato pomace,61,42,icp,ca,2080.0,ppm,1,,,,,,,riverstone,pass,was entered as percent (pc). now changed to ppm by multiplying the original entry by 10^4,2026-07-17 19:04:02.347938,
(6d)f5ad,37,tomato pomace,61,42,icp,ca,0.208,pc,1,,,,,,,riverstone,pass,was entered as percent (pc). now changed to ppm by multiplying the original entry by 10^4,2026-07-17 19:04:02.347938,
(6d)f6fd,37,tomato pomace,61,43,icp,ca,1510.0,ppm,2,,,,19.0,,mduran@lbl.gov,riverstone,pass,,2026-07-17 19:04:02.347938,
(6d)f755,37,tomato pomace,61,42,icp,s,1870.0,ppm,1,,,,,,,riverstone,pass,was originally entered as ppm so no change to this entry during the block paste of values,2026-07-17 19:04:02.347938,
(6d)fda3,37,tomato pomace,61,43,icp,si,7.0,ppm,1,,,,19.0,,mduran@lbl.gov,riverstone,pass,,2026-07-17 19:04:02.347938,
(7e)0351,15,almond shells and hulls mix,51,43,icp,ti,3.59,ppm,1,,,,19.0,,mduran@lbl.gov,tiny,pass,,2026-07-17 19:04:02.347938,
(7e)0b8a,15,almond shells and hulls mix,51,43,icp,si,18.0,ppm,1,,,,19.0,,mduran@lbl.gov,tiny,pass,,2026-07-17 19:04:02.347938,
(7e)15f1,15,almond shells and hulls mix,51,42,icp,zn,6.6,ppm,1,,,,,,,tiny,pass,was originally entered as ppm so no change to this entry during the block paste of values,2026-07-17 19:04:02.347938,
(7e)164d,15,almond shells and hulls mix,51,43,icp,mn,10.8,ppm,2,,,,19.0,,mduran@lbl.gov,tiny,pass,,2026-07-17 19:04:02.347938,
(7e)3028,15,almond shells and hulls mix,51,42,icp,cu,4.5,ppm,1,,,,,,,tiny,pass,was originally entered as ppm so no change to this entry during the block paste of values,2026-07-17 19:04:02.347938,
(7e)3534,15,almond shells and hulls mix,51,42,icp,s,410.0,ppm,1,,,,,,,tiny,pass,was originally entered as ppm so no change to this entry during the block paste of values,2026-07-17 19:04:02.347938,
(7e)359b,15,almond shells and hulls mix,51,43,icp,mg,862.0,ppm,2,,,,19.0,,mduran@lbl.gov,tiny,pass,,2026-07-17 19:04:02.347938,
(7e)39f9,15,almond shells and hulls mix,51,42,icp,k,3.23,pc,1,,,,,,,tiny,pass,was entered as percent (pc). now changed to ppm by multiplying the original entry by 10^4,2026-07-17 19:04:02.347938,
(7e)39f9,15,almond shells and hulls mix,51,42,icp,k,32300.0,ppm,1,,,,,,,tiny,pass,was entered as percent (pc). now changed to ppm by multiplying the original entry by 10^4,2026-07-17 19:04:02.347938,
(7e)41d7,15,almond shells and hulls mix,51,43,icp,zn,7.0,ppm,1,,,,19.0,,mduran@lbl.gov,tiny,pass,,2026-07-17 19:04:02.347938,
(7e)430f,15,almond shells and hulls mix,51,43,icp,si,18.0,ppm,2,,,,19.0,,mduran@lbl.gov,tiny,pass,,2026-07-17 19:04:02.347938,
(7e)4e48,15,almond shells and hulls mix,51,42,icp,mn,11.2,ppm,1,,,,,,,tiny,pass,was originally entered as ppm so no change to this entry during the block paste of values,2026-07-17 19:04:02.347938,
(7e)5808,15,almond shells and hulls mix,51,43,icp,mn,11.0,ppm,1,,,,19.0,,mduran@lbl.gov,tiny,pass,,2026-07-17 19:04:02.347938,
(7e)58e7,15,almond shells and hulls mix,51,43,icp,ti,0.0,ppm,2,,,,19.0,,mduran@lbl.gov,tiny,pass,,2026-07-17 19:04:02.347938,
(7e)5ab3,15,almond shells and hulls mix,51,43,icp,k,25000.0,ppm,2,,,,19.0,,mduran@lbl.gov,tiny,pass,,2026-07-17 19:04:02.347938,
(7e)6862,15,almond shells and hulls mix,51,43,icp,ca,1950.0,ppm,1,,,,19.0,,mduran@lbl.gov,tiny,pass,,2026-07-17 19:04:02.347938,
(7e)73ad,15,almond shells and hulls mix,51,43,icp,cu,7.18,ppm,2,,,,19.0,,mduran@lbl.gov,tiny,pass,,2026-07-17 19:04:02.347938,
(7e)7450,15,almond shells and hulls mix,51,43,icp,p,994.0,ppm,2,,,,19.0,,mduran@lbl.gov,tiny,pass,,2026-07-17 19:04:02.347938,
(7e)74b0,15,almond shells and hulls mix,51,43,icp,k,25900.0,ppm,1,,,,19.0,,mduran@lbl.gov,tiny,pass,,2026-07-17 19:04:02.347938,
(7e)882e,15,almond shells and hulls mix,51,43,icp,p,951.0,ppm,1,,,,19.0,,mduran@lbl.gov,tiny,pass,,2026-07-17 19:04:02.347938,
(7e)94cb,15,almond shells and hulls mix,51,43,icp,cu,7.0,ppm,1,,,,19.0,,mduran@lbl.gov,tiny,pass,,2026-07-17 19:04:02.347938,
(7e)9642,15,almond shells and hulls mix,51,43,icp,al,15.0,ppm,1,,,,19.0,,mduran@lbl.gov,tiny,pass,,2026-07-17 19:04:02.347938,
(7e)a6fd,15,almond shells and hulls mix,51,42,icp,p,0.131,pc,1,,,,,,,tiny,pass,was entered as percent (pc). now changed to ppm by multiplying the original entry by 10^4,2026-07-17 19:04:02.347938,
(7e)a6fd,15,almond shells and hulls mix,51,42,icp,p,1310.0,ppm,1,,,,,,,tiny,pass,was entered as percent (pc). now changed to ppm by multiplying the original entry by 10^4,2026-07-17 19:04:02.347938,
(7e)af60,15,almond shells and hulls mix,51,43,icp,s,355.0,ppm,2,,,,19.0,,mduran@lbl.gov,tiny,pass,,2026-07-17 19:04:02.347938,
(7e)afa8,15,almond shells and hulls mix,51,42,icp,mg,0.097,pc,1,,,,,,,tiny,pass,was entered as percent (pc). now changed to ppm by multiplying the original entry by 10^4,2026-07-17 19:04:02.347938,
(7e)afa8,15,almond shells and hulls mix,51,42,icp,mg,970.0,ppm,1,,,,,,,tiny,pass,was entered as percent (pc). now changed to ppm by multiplying the original entry by 10^4,2026-07-17 19:04:02.347938,
(7e)be3e,15,almond shells and hulls mix,51,43,icp,fe,18.0,ppm,2,,,,19.0,,mduran@lbl.gov,tiny,pass,,2026-07-17 19:04:02.347938,
(7e)bedc,15,almond shells and hulls mix,51,43,icp,na,-201.0,ppm,1,,,,19.0,,mduran@lbl.gov,tiny,fail,,2026-07-17 19:04:02.347938,
(7e)bfad,15,almond shells and hulls mix,51,43,icp,s,291.0,ppm,1,,,,19.0,,mduran@lbl.gov,tiny,pass,,2026-07-17 19:04:02.347938,
(7e)c289,15,almond shells and hulls mix,51,43,icp,nd,7.18,ppm,1,,,,19.0,,mduran@lbl.gov,tiny,pass,,2026-07-17 19:04:02.347938,
(7e)c2b2,15,almond shells and hulls mix,51,42,icp,fe,108.0,ppm,1,,,,,,,tiny,pass,was originally entered as ppm so no change to this entry during the block paste of values,2026-07-17 19:04:02.347938,
(7e)c85c,15,almond shells and hulls mix,51,42,icp,ca,2430.0,ppm,1,,,,,,,tiny,pass,was entered as percent (pc). now changed to ppm by multiplying the original entry by 10^4,2026-07-17 19:04:02.347938,
(7e)c85c,15,almond shells and hulls mix,51,42,icp,ca,0.243,pc,1,,,,,,,tiny,pass,was entered as percent (pc). now changed to ppm by multiplying the original entry by 10^4,2026-07-17 19:04:02.347938,
(7e)cd3c,15,almond shells and hulls mix,51,43,icp,nd,10.8,ppm,2,,,,19.0,,mduran@lbl.gov,tiny,pass,,2026-07-17 19:04:02.347938,
(7e)d9c3,15,almond shells and hulls mix,51,43,icp,mg,825.0,ppm,1,,,,19.0,,mduran@lbl.gov,tiny,pass,,2026-07-17 19:04:02.347938,
(7e)e7ed,15,almond shells and hulls mix,51,42,icp,b,105.0,ppm,1,,,,,,,tiny,pass,was originally entered as ppm so no change to this entry during the block paste of values,2026-07-17 19:04:02.347938,
(7e)f123,15,almond shells and hulls mix,51,43,icp,zn,7.0,ppm,2,,,,19.0,,mduran@lbl.gov,tiny,pass,,2026-07-17 19:04:02.347938,
(7e)f38d,15,almond shells and hulls mix,51,43,icp,ca,2060.0,ppm,2,,,,19.0,,mduran@lbl.gov,tiny,pass,,2026-07-17 19:04:02.347938,
(7e)f741,15,almond shells and hulls mix,51,43,icp,na,4.0,ppm,2,,,,19.0,,mduran@lbl.gov,tiny,pass,,2026-07-17 19:04:02.347938,
(7e)f9c3,15,almond shells and hulls mix,51,43,icp,al,14.4,ppm,2,,,,19.0,,mduran@lbl.gov,tiny,pass,,2026-07-17 19:04:02.347938,
(7e)fd9c,15,almond shells and hulls mix,51,43,icp,fe,18.3,ppm,1,,,,19.0,,mduran@lbl.gov,tiny,pass,,2026-07-17 19:04:02.347938,
(82)076c,19,walnut shells,57,43,icp,na,-71.0,ppm,2,,,,19.0,,mduran@lbl.gov,energetic,fail,,2026-07-17 19:04:02.347938,
(82)0fde,19,walnut shells,57,43,icp,fe,11.0,ppm,1,,,,19.0,,mduran@lbl.gov,energetic,pass,,2026-07-17 19:04:02.347938,
(82)164b,19,walnut shells,57,43,icp,mg,246.0,ppm,2,,,,19.0,,mduran@lbl.gov,energetic,pass,,2026-07-17 19:04:02.347938,
(82)1d32,19,walnut shells,57,43,icp,mn,7.12,ppm,2,,,,19.0,,mduran@lbl.gov,energetic,pass,,2026-07-17 19:04:02.347938,
(82)239d,19,walnut shells,57,43,icp,s,157.0,ppm,1,,,,19.0,,mduran@lbl.gov,energetic,pass,,2026-07-17 19:04:02.347938,
(82)23ac,19,walnut shells,57,43,icp,al,7.12,ppm,1,,,,19.0,,mduran@lbl.gov,energetic,pass,,2026-07-17 19:04:02.347938,
(82)23f5,19,walnut shells,57,43,icp,zn,4.0,ppm,1,,,,19.0,,mduran@lbl.gov,energetic,pass,,2026-07-17 19:04:02.347938,
(82)2b22,19,walnut shells,57,42,icp,s,160.0,ppm,1,,,,,,,energetic,pass,was originally entered as ppm so no change to this entry during the block paste of values,2026-07-17 19:04:02.347938,
(82)3c72,19,walnut shells,57,43,icp,al,7.12,ppm,2,,,,19.0,,mduran@lbl.gov,energetic,pass,,2026-07-17 19:04:02.347938,
(82)3e60,19,walnut shells,57,43,icp,cu,7.12,ppm,2,,,,19.0,,mduran@lbl.gov,energetic,pass,,2026-07-17 19:04:02.347938,
(82)495e,19,walnut shells,57,43,icp,ca,1820.0,ppm,2,,,,19.0,,mduran@lbl.gov,energetic,pass,,2026-07-17 19:04:02.347938,
(82)4c54,19,walnut shells,57,43,icp,nd,7.12,ppm,1,,,,19.0,,mduran@lbl.gov,energetic,pass,,2026-07-17 19:04:02.347938,
(82)58d3,19,walnut shells,57,42,icp,b,10.1,ppm,1,,,,,,,energetic,pass,was originally entered as ppm so no change to this entry during the block paste of values,2026-07-17 19:04:02.347938,
(82)65b1,19,walnut shells,57,43,icp,ca,1720.0,ppm,1,,,,19.0,,mduran@lbl.gov,energetic,pass,,2026-07-17 19:04:02.347938,
(82)68b9,19,walnut shells,57,43,icp,nd,7.12,ppm,2,,,,19.0,,mduran@lbl.gov,energetic,pass,,2026-07-17 19:04:02.347938,
(82)695f,19,walnut shells,57,42,icp,zn,3.7,ppm,1,,,,,,,energetic,pass,was originally entered as ppm so no change to this entry during the block paste of values,2026-07-17 19:04:02.347938,
(82)6d2a,19,walnut shells,57,42,icp,mg,260.0,ppm,1,,,,,,,energetic,pass,was entered as percent (pc). now changed to ppm by multiplying the original entry by 10^4,2026-07-17 19:04:02.347938,
(82)6d2a,19,walnut shells,57,42,icp,mg,0.026,pc,1,,,,,,,energetic,pass,was entered as percent (pc). now changed to ppm by multiplying the original entry by 10^4,2026-07-17 19:04:02.347938,
(82)79e1,19,walnut shells,57,43,icp,cu,7.12,ppm,1,,,,19.0,,mduran@lbl.gov,energetic,pass,,2026-07-17 19:04:02.347938,
(82)8270,19,walnut shells,57,42,icp,cu,4.4,ppm,1,,,,,,,energetic,pass,was originally entered as ppm so no change to this entry during the block paste of values,2026-07-17 19:04:02.347938,
(82)88f8,19,walnut shells,57,43,icp,k,3110.0,ppm,1,,,,19.0,,mduran@lbl.gov,energetic,pass,,2026-07-17 19:04:02.347938,
(82)922e,19,walnut shells,57,43,icp,ti,0.0,ppm,1,,,,19.0,,mduran@lbl.gov,energetic,pass,,2026-07-17 19:04:02.347938,
(82)9346,19,walnut shells,57,43,icp,na,-75.0,ppm,1,,,,19.0,,mduran@lbl.gov,energetic,fail,,2026-07-17 19:04:02.347938,
(82)9606,19,walnut shells,57,43,icp,p,235.0,ppm,2,,,,19.0,,mduran@lbl.gov,energetic,pass,,2026-07-17 19:04:02.347938,
(82)a012,19,walnut shells,57,43,icp,k,3220.0,ppm,2,,,,19.0,,mduran@lbl.gov,energetic,pass,,2026-07-17 19:04:02.347938,
(82)afdc,19,walnut shells,57,43,icp,zn,4.0,ppm,2,,,,19.0,,mduran@lbl.gov,energetic,pass,,2026-07-17 19:04:02.347938,
(82)cb5f,19,walnut shells,57,42,icp,fe,40.3,ppm,1,,,,,,,energetic,pass,was originally entered as ppm so no change to this entry during the block paste of values,2026-07-17 19:04:02.347938,
(82)cdf1,19,walnut shells,57,43,icp,si,11.0,ppm,2,,,,19.0,,mduran@lbl.gov,energetic,pass,,2026-07-17 19:04:02.347938,
(82)cf5e,19,walnut shells,57,43,icp,p,174.0,ppm,1,,,,19.0,,mduran@lbl.gov,energetic,pass,,2026-07-17 19:04:02.347938,
(82)d27c,19,walnut shells,57,42,icp,p,0.025,pc,1,,,,,,,energetic,pass,was entered as percent (pc). now changed to ppm by multiplying the original entry by 10^4,2026-07-17 19:04:02.347938,
(82)d27c,19,walnut shells,57,42,icp,p,250.0,ppm,1,,,,,,,energetic,pass,was entered as percent (pc). now changed to ppm by multiplying the original entry by 10^4,2026-07-17 19:04:02.347938,
(82)decd,19,walnut shells,57,43,icp,ti,0.0,ppm,2,,,,19.0,,mduran@lbl.gov,energetic,pass,,2026-07-17 19:04:02.347938,
(82)e62c,19,walnut shells,57,43,icp,fe,14.0,ppm,2,,,,19.0,,mduran@lbl.gov,energetic,pass,,2026-07-17 19:04:02.347938,
(82)e6c1,19,walnut shells,57,43,icp,si,11.0,ppm,1,,,,19.0,,mduran@lbl.gov,energetic,pass,,2026-07-17 19:04:02.347938,
(82)eb51,19,walnut shells,57,42,icp,k,3800.0,ppm,1,,,,,,,energetic,pass,was entered as percent (pc). now changed to ppm by multiplying the original entry by 10^4,2026-07-17 19:04:02.347938,
(82)eb51,19,walnut shells,57,42,icp,k,0.38,pc,1,,,,,,,energetic,pass,was entered as percent (pc). now changed to ppm by multiplying the original entry by 10^4,2026-07-17 19:04:02.347938,
(82)ef17,19,walnut shells,57,43,icp,s,157.0,ppm,2,,,,19.0,,mduran@lbl.gov,energetic,pass,,2026-07-17 19:04:02.347938,
(82)ef91,19,walnut shells,57,43,icp,mn,7.12,ppm,1,,,,19.0,,mduran@lbl.gov,energetic,pass,,2026-07-17 19:04:02.347938,
(82)f33c,19,walnut shells,57,42,icp,ca,2080.0,ppm,1,,,,,,,energetic,pass,was entered as percent (pc). now changed to ppm by multiplying the original entry by 10^4,2026-07-17 19:04:02.347938,
(82)f33c,19,walnut shells,57,42,icp,ca,0.208,pc,1,,,,,,,energetic,pass,was entered as percent (pc). now changed to ppm by multiplying the original entry by 10^4,2026-07-17 19:04:02.347938,
(82)f40b,19,walnut shells,57,43,icp,mg,224.0,ppm,1,,,,19.0,,mduran@lbl.gov,energetic,pass,,2026-07-17 19:04:02.347938,
(82)f68d,19,walnut shells,57,42,icp,mn,5.6,ppm,1,,,,,,,energetic,pass,was originally entered as ppm so no change to this entry during the block paste of values,2026-07-17 19:04:02.347938,
(a0)02fb,35,almond branches,72,43,icp,s,313.0,ppm,2,,,,19.0,,mduran@lbl.gov,humorous,pass,,2026-07-17 19:04:02.347938,
(a0)0acc,35,almond branches,72,43,icp,zn,14.6,ppm,2,,,,19.0,,mduran@lbl.gov,humorous,pass,,2026-07-17 19:04:02.347938,
(a0)0eff,35,almond branches,72,43,icp,ti,0.0,ppm,1,,,,19.0,,mduran@lbl.gov,humorous,pass,,2026-07-17 19:04:02.347938,
(a0)1253,35,almond branches,72,43,icp,mg,862.0,ppm,1,,,,19.0,,mduran@lbl.gov,humorous,pass,,2026-07-17 19:04:02.347938,
(a0)2550,35,almond branches,72,43,icp,al,22.0,ppm,2,,,,19.0,,mduran@lbl.gov,humorous,pass,,2026-07-17 19:04:02.347938,
(a0)2c2d,35,almond branches,72,43,icp,fe,43.1,ppm,1,,,,19.0,,mduran@lbl.gov,humorous,pass,,2026-07-17 19:04:02.347938,
(a0)2f1d,35,almond branches,72,43,icp,p,187.0,ppm,1,,,,19.0,,mduran@lbl.gov,humorous,pass,,2026-07-17 19:04:02.347938,
(a0)37cf,35,almond branches,72,43,icp,si,14.4,ppm,1,,,,19.0,,mduran@lbl.gov,humorous,pass,,2026-07-17 19:04:02.347938,
(a0)5bd4,35,almond branches,72,43,icp,nd,14.0,ppm,1,,,,19.0,,mduran@lbl.gov,humorous,pass,,2026-07-17 19:04:02.347938,
(a0)6385,35,almond branches,72,43,icp,fe,40.0,ppm,2,,,,19.0,,mduran@lbl.gov,humorous,pass,,2026-07-17 19:04:02.347938,
(a0)76a1,35,almond branches,72,43,icp,si,14.6,ppm,2,,,,19.0,,mduran@lbl.gov,humorous,pass,,2026-07-17 19:04:02.347938,
(a0)7b53,35,almond branches,72,43,icp,cu,14.0,ppm,1,,,,19.0,,mduran@lbl.gov,humorous,pass,,2026-07-17 19:04:02.347938,
(a0)9046,35,almond branches,72,43,icp,p,182.0,ppm,2,,,,19.0,,mduran@lbl.gov,humorous,pass,,2026-07-17 19:04:02.347938,
(a0)95fd,35,almond branches,72,43,icp,mn,25.0,ppm,1,,,,19.0,,mduran@lbl.gov,humorous,pass,,2026-07-17 19:04:02.347938,
(a0)96a6,35,almond branches,72,43,icp,mg,786.0,ppm,2,,,,19.0,,mduran@lbl.gov,humorous,pass,,2026-07-17 19:04:02.347938,
(a0)98ff,35,almond branches,72,43,icp,nd,15.0,ppm,2,,,,19.0,,mduran@lbl.gov,humorous,pass,,2026-07-17 19:04:02.347938,
(a0)9bfb,35,almond branches,72,43,icp,al,29.0,ppm,1,,,,19.0,,mduran@lbl.gov,humorous,pass,,2026-07-17 19:04:02.347938,
(a0)9e7e,35,almond branches,72,43,icp,k,2250.0,ppm,1,,,,19.0,,mduran@lbl.gov,humorous,pass,,2026-07-17 19:04:02.347938,
(a0)badc,35,almond branches,72,43,icp,s,226.0,ppm,1,,,,19.0,,mduran@lbl.gov,humorous,pass,,2026-07-17 19:04:02.347938,
(a0)bb43,35,almond branches,72,43,icp,mn,25.5,ppm,2,,,,19.0,,mduran@lbl.gov,humorous,pass,,2026-07-17 19:04:02.347938,
(a0)bbfb,35,almond branches,72,43,icp,zn,18.2,ppm,1,,,,19.0,,mduran@lbl.gov,humorous,pass,,2026-07-17 19:04:02.347938,
(a0)c48e,35,almond branches,72,43,icp,ca,6210.0,ppm,2,,,,19.0,,mduran@lbl.gov,humorous,pass,,2026-07-17 19:04:02.347938,
(a0)c916,35,almond branches,72,43,icp,ca,6540.0,ppm,1,,,,19.0,,mduran@lbl.gov,humorous,pass,,2026-07-17 19:04:02.347938,
(a0)cf4c,35,almond branches,72,43,icp,ti,4.0,ppm,2,,,,19.0,,mduran@lbl.gov,humorous,pass,,2026-07-17 19:04:02.347938,
(a0)d8d7,35,almond branches,72,43,icp,na,-212.0,ppm,1,,,,19.0,,mduran@lbl.gov,humorous,fail,,2026-07-17 19:04:02.347938,
(a0)f31c,35,almond branches,72,43,icp,cu,18.0,ppm,2,,,,19.0,,mduran@lbl.gov,humorous,pass,,2026-07-17 19:04:02.347938,
(ad)1173,34,grape stem,63,43,icp,mn,94.8,ppm,1,,,,19.0,,mduran@lbl.gov,maplewood,pass,,2026-07-17 19:04:02.347938,
(ad)219a,34,grape stem,63,43,icp,s,696.0,ppm,1,,,,19.0,,mduran@lbl.gov,maplewood,pass,,2026-07-17 19:04:02.347938,
(ad)30cb,34,grape stem,63,43,icp,al,10.9,ppm,2,,,,19.0,,mduran@lbl.gov,maplewood,pass,,2026-07-17 19:04:02.347938,
(ad)30cd,34,grape stem,63,43,icp,zn,11.0,ppm,1,,,,19.0,,mduran@lbl.gov,maplewood,pass,,2026-07-17 19:04:02.347938,
(ad)3f87,34,grape stem,63,43,icp,ca,6610.0,ppm,2,,,,19.0,,mduran@lbl.gov,maplewood,pass,,2026-07-17 19:04:02.347938,
(ad)5782,34,grape stem,63,43,icp,ca,6440.0,ppm,1,,,,19.0,,mduran@lbl.gov,maplewood,pass,,2026-07-17 19:04:02.347938,
(ad)63a0,34,grape stem,63,43,icp,mg,1820.0,ppm,2,,,,19.0,,mduran@lbl.gov,maplewood,pass,,2026-07-17 19:04:02.347938,
(ad)659a,34,grape stem,63,43,icp,si,36.0,ppm,1,,,,19.0,,mduran@lbl.gov,maplewood,pass,,2026-07-17 19:04:02.347938,
(ad)6b2a,34,grape stem,63,43,icp,si,37.0,ppm,2,,,,19.0,,mduran@lbl.gov,maplewood,pass,,2026-07-17 19:04:02.347938,
(ad)7270,34,grape stem,63,43,icp,cu,7.29,ppm,1,,,,19.0,,mduran@lbl.gov,maplewood,pass,,2026-07-17 19:04:02.347938,
(ad)8054,34,grape stem,63,43,icp,nd,11.0,ppm,2,,,,19.0,,mduran@lbl.gov,maplewood,pass,,2026-07-17 19:04:02.347938,
(ad)8b5a,34,grape stem,63,43,icp,zn,11.0,ppm,2,,,,19.0,,mduran@lbl.gov,maplewood,pass,,2026-07-17 19:04:02.347938,
(ad)9237,34,grape stem,63,43,icp,s,684.0,ppm,2,,,,19.0,,mduran@lbl.gov,maplewood,pass,,2026-07-17 19:04:02.347938,
(ad)935b,34,grape stem,63,43,icp,ti,3.65,ppm,1,,,,19.0,,mduran@lbl.gov,maplewood,pass,,2026-07-17 19:04:02.347938,
(ad)a848,34,grape stem,63,43,icp,na,37.0,ppm,2,,,,19.0,,mduran@lbl.gov,maplewood,pass,,2026-07-17 19:04:02.347938,
(ad)b49f,34,grape stem,63,43,icp,mn,98.4,ppm,2,,,,19.0,,mduran@lbl.gov,maplewood,pass,,2026-07-17 19:04:02.347938,
(ad)b7d9,34,grape stem,63,43,icp,al,7.4,ppm,1,,,,19.0,,mduran@lbl.gov,maplewood,pass,,2026-07-17 19:04:02.347938,
(ad)b846,34,grape stem,63,43,icp,ti,3.68,ppm,2,,,,19.0,,mduran@lbl.gov,maplewood,pass,,2026-07-17 19:04:02.347938,
(ad)c0ac,34,grape stem,63,43,icp,k,31500.0,ppm,2,,,,19.0,,mduran@lbl.gov,maplewood,pass,,2026-07-17 19:04:02.347938,
(ad)c66a,34,grape stem,63,43,icp,mg,1670.0,ppm,1,,,,19.0,,mduran@lbl.gov,maplewood,pass,,2026-07-17 19:04:02.347938,
(ad)cb5c,34,grape stem,63,43,icp,na,44.0,ppm,1,,,,19.0,,mduran@lbl.gov,maplewood,pass,,2026-07-17 19:04:02.347938,
(ad)d198,34,grape stem,63,43,icp,fe,26.0,ppm,1,,,,19.0,,mduran@lbl.gov,maplewood,pass,,2026-07-17 19:04:02.347938,
(ad)d3d6,34,grape stem,63,43,icp,cu,7.29,ppm,2,,,,19.0,,mduran@lbl.gov,maplewood,pass,,2026-07-17 19:04:02.347938,
(ad)d9e1,34,grape stem,63,43,icp,nd,10.9,ppm,1,,,,19.0,,mduran@lbl.gov,maplewood,pass,,2026-07-17 19:04:02.347938,
(ad)e440,34,grape stem,63,43,icp,p,3200.0,ppm,2,,,,19.0,,mduran@lbl.gov,maplewood,pass,,2026-07-17 19:04:02.347938,
(ad)e801,34,grape stem,63,43,icp,p,3070.0,ppm,1,,,,19.0,,mduran@lbl.gov,maplewood,pass,,2026-07-17 19:04:02.347938,
(ad)eaf3,34,grape stem,63,43,icp,fe,36.0,ppm,2,,,,19.0,,mduran@lbl.gov,maplewood,pass,,2026-07-17 19:04:02.347938,
(ad)ec60,34,grape stem,63,43,icp,k,30100.0,ppm,1,,,,19.0,,mduran@lbl.gov,maplewood,pass,,2026-07-17 19:04:02.347938,
(b8)17c4,125,#n/a,316,42,icp,s,2890.0,ppm,1,,,,,,,,pass,was originally entered as ppm so no change to this entry during the block paste of values,2026-07-17 19:04:02.347938,
(b8)479d,125,#n/a,316,42,icp,mg,0.353,pc,1,,,,,,,,pass,was entered as percent (pc). now changed to ppm by multiplying the original entry by 10^4,2026-07-17 19:04:02.347938,
(b8)479d,125,#n/a,316,42,icp,mg,3530.0,ppm,1,,,,,,,,pass,was entered as percent (pc). now changed to ppm by multiplying the original entry by 10^4,2026-07-17 19:04:02.347938,
(b8)4d87,125,#n/a,316,42,icp,k,1.07,pc,1,,,,,,,,pass,was entered as percent (pc). now changed to ppm by multiplying the original entry by 10^4,2026-07-17 19:04:02.347938,
(b8)4d87,125,#n/a,316,42,icp,k,10700.0,ppm,1,,,,,,,,pass,was entered as percent (pc). now changed to ppm by multiplying the original entry by 10^4,2026-07-17 19:04:02.347938,
(b8)5537,125,#n/a,316,42,icp,p,2500.0,ppm,1,,,,,,,,pass,was entered as percent (pc). now changed to ppm by multiplying the original entry by 10^4,2026-07-17 19:04:02.347938,
(b8)5537,125,#n/a,316,42,icp,p,0.25,pc,1,,,,,,,,pass,was entered as percent (pc). now changed to ppm by multiplying the original entry by 10^4,2026-07-17 19:04:02.347938,
(b8)5e55,125,#n/a,316,42,icp,cu,8.5,ppm,1,,,,,,,,pass,was originally entered as ppm so no change to this entry during the block paste of values,2026-07-17 19:04:02.347938,
(b8)64d0,125,#n/a,316,42,icp,mn,26.2,ppm,1,,,,,,,,pass,was originally entered as ppm so no change to this entry during the block paste of values,2026-07-17 19:04:02.347938,
(b8)8bc2,125,#n/a,316,42,icp,b,44.8,ppm,1,,,,,,,,pass,was originally entered as ppm so no change to this entry during the block paste of values,2026-07-17 19:04:02.347938,
(b8)a1f0,125,#n/a,316,42,icp,fe,203.0,ppm,1,,,,,,,,pass,was originally entered as ppm so no change to this entry during the block paste of values,2026-07-17 19:04:02.347938,
(b8)a6cc,125,#n/a,316,42,icp,ca,17300.0,ppm,1,,,,,,,,pass,was entered as percent (pc). now changed to ppm by multiplying the original entry by 10^4,2026-07-17 19:04:02.347938,
(b8)a6cc,125,#n/a,316,42,icp,ca,1.73,pc,1,,,,,,,,pass,was entered as percent (pc). now changed to ppm by multiplying the original entry by 10^4,2026-07-17 19:04:02.347938,
(b8)ea68,125,#n/a,316,42,icp,zn,20.1,ppm,1,,,,,,,,pass,was originally entered as ppm so no change to this entry during the block paste of values,2026-07-17 19:04:02.347938,
(c1)1342,12,almond woodchips,54,43,icp,si,14.0,ppm,1,,,,19.0,,mduran@lbl.gov,popular,pass,,2026-07-17 19:04:02.347938,
(c1)1cb9,12,almond woodchips,54,43,icp,al,25.2,ppm,1,,,,19.0,,mduran@lbl.gov,popular,pass,,2026-07-17 19:04:02.347938,
(c1)2be4,12,almond woodchips,54,43,icp,cu,10.8,ppm,1,,,,19.0,,mduran@lbl.gov,popular,pass,,2026-07-17 19:04:02.347938,
(c1)4541,12,almond woodchips,54,43,icp,cu,3.58,ppm,2,,,,19.0,,mduran@lbl.gov,popular,pass,,2026-07-17 19:04:02.347938,
(c1)4814,12,almond woodchips,54,43,icp,mg,587.0,ppm,1,,,,19.0,,mduran@lbl.gov,popular,pass,,2026-07-17 19:04:02.347938,
(c1)4a7e,12,almond woodchips,54,43,icp,ca,3310.0,ppm,1,,,,19.0,,mduran@lbl.gov,popular,pass,,2026-07-17 19:04:02.347938,
(c1)5298,12,almond woodchips,54,43,icp,mn,14.3,ppm,2,,,,19.0,,mduran@lbl.gov,popular,pass,,2026-07-17 19:04:02.347938,
(c1)5b24,12,almond woodchips,54,43,icp,fe,14.0,ppm,2,,,,19.0,,mduran@lbl.gov,popular,pass,,2026-07-17 19:04:02.347938,
(c1)5cee,12,almond woodchips,54,43,icp,p,322.0,ppm,1,,,,19.0,,mduran@lbl.gov,popular,pass,,2026-07-17 19:04:02.347938,
(c1)5d99,12,almond woodchips,54,43,icp,ti,3.58,ppm,1,,,,19.0,,mduran@lbl.gov,popular,pass,,2026-07-17 19:04:02.347938,
(c1)6122,12,almond woodchips,54,43,icp,ca,3330.0,ppm,2,,,,19.0,,mduran@lbl.gov,popular,pass,,2026-07-17 19:04:02.347938,
(c1)6318,12,almond woodchips,54,43,icp,mg,570.0,ppm,2,,,,19.0,,mduran@lbl.gov,popular,pass,,2026-07-17 19:04:02.347938,
(c1)769e,12,almond woodchips,54,43,icp,p,305.0,ppm,2,,,,19.0,,mduran@lbl.gov,popular,pass,,2026-07-17 19:04:02.347938,
(c1)7704,12,almond woodchips,54,43,icp,nd,10.8,ppm,1,,,,19.0,,mduran@lbl.gov,popular,pass,,2026-07-17 19:04:02.347938,
(c1)7b20,12,almond woodchips,54,43,icp,na,-215.0,ppm,2,,,,19.0,,mduran@lbl.gov,popular,fail,,2026-07-17 19:04:02.347938,
(c1)9129,12,almond woodchips,54,43,icp,s,215.0,ppm,1,,,,19.0,,mduran@lbl.gov,popular,pass,,2026-07-17 19:04:02.347938,
(c1)9d9e,12,almond woodchips,54,43,icp,al,25.1,ppm,2,,,,19.0,,mduran@lbl.gov,popular,pass,,2026-07-17 19:04:02.347938,
(c1)af7b,12,almond woodchips,54,43,icp,ti,0.0,ppm,2,,,,19.0,,mduran@lbl.gov,popular,pass,,2026-07-17 19:04:02.347938,
(c1)bebd,12,almond woodchips,54,43,icp,mn,18.0,ppm,1,,,,19.0,,mduran@lbl.gov,popular,pass,,2026-07-17 19:04:02.347938,
(c1)c793,12,almond woodchips,54,43,icp,zn,14.0,ppm,2,,,,19.0,,mduran@lbl.gov,popular,pass,,2026-07-17 19:04:02.347938,
(c1)d48e,12,almond woodchips,54,43,icp,s,197.0,ppm,2,,,,19.0,,mduran@lbl.gov,popular,pass,,2026-07-17 19:04:02.347938,
(c1)dc4e,12,almond woodchips,54,43,icp,nd,10.7,ppm,2,,,,19.0,,mduran@lbl.gov,popular,pass,,2026-07-17 19:04:02.347938,
(c1)dc64,12,almond woodchips,54,43,icp,zn,11.0,ppm,1,,,,19.0,,mduran@lbl.gov,popular,pass,,2026-07-17 19:04:02.347938,
(c1)dc6d,12,almond woodchips,54,43,icp,na,-212.0,ppm,1,,,,19.0,,mduran@lbl.gov,popular,fail,,2026-07-17 19:04:02.347938,
(c1)dedf,12,almond woodchips,54,43,icp,k,2350.0,ppm,2,,,,19.0,,mduran@lbl.gov,popular,pass,,2026-07-17 19:04:02.347938,
(c1)e22c,12,almond woodchips,54,43,icp,fe,14.0,ppm,1,,,,19.0,,mduran@lbl.gov,popular,pass,,2026-07-17 19:04:02.347938,
(c1)e6c2,12,almond woodchips,54,43,icp,si,14.0,ppm,2,,,,19.0,,mduran@lbl.gov,popular,pass,,2026-07-17 19:04:02.347938,
(c1)ec38,12,almond woodchips,54,43,icp,k,2010.0,ppm,1,,,,19.0,,mduran@lbl.gov,popular,pass,,2026-07-17 19:04:02.347938,
(c4)2faf,6,unused oak stick,29,43,icp,ti,4.0,ppm,2,,,,19.0,,mduran@lbl.gov,maplewood,pass,,2026-07-17 19:04:02.347938,
(c4)3268,6,unused oak stick,29,43,icp,na,-60.9,ppm,2,,,,19.0,,mduran@lbl.gov,maplewood,fail,,2026-07-17 19:04:02.347938,
(c4)39b8,6,unused oak stick,29,43,icp,cu,4.0,ppm,2,,,,19.0,,mduran@lbl.gov,maplewood,pass,,2026-07-17 19:04:02.347938,
(c4)44ec,6,unused oak stick,29,43,icp,fe,2440.0,ppm,1,,,,19.0,,mduran@lbl.gov,maplewood,pass,,2026-07-17 19:04:02.347938,
(c4)4583,6,unused oak stick,29,43,icp,s,1140.0,ppm,1,,,,19.0,,mduran@lbl.gov,maplewood,pass,,2026-07-17 19:04:02.347938,
(c4)50b8,6,unused oak stick,29,43,icp,ti,14.0,ppm,1,,,,19.0,,mduran@lbl.gov,maplewood,pass,,2026-07-17 19:04:02.347938,
(c4)52fc,6,unused oak stick,29,43,icp,k,476.0,ppm,2,,,,19.0,,mduran@lbl.gov,maplewood,pass,,2026-07-17 19:04:02.347938,
(c4)5595,6,unused oak stick,29,43,icp,mg,7.16,ppm,2,,,,19.0,,mduran@lbl.gov,maplewood,pass,,2026-07-17 19:04:02.347938,
(c4)5746,6,unused oak stick,29,43,icp,ca,12900.0,ppm,1,,,,19.0,,mduran@lbl.gov,maplewood,pass,,2026-07-17 19:04:02.347938,
(c4)5b72,6,unused oak stick,29,43,icp,zn,0.0,ppm,2,,,,19.0,,mduran@lbl.gov,maplewood,pass,,2026-07-17 19:04:02.347938,
(c4)61a1,6,unused oak stick,29,43,icp,p,703.0,ppm,1,,,,19.0,,mduran@lbl.gov,maplewood,pass,,2026-07-17 19:04:02.347938,
(c4)63db,6,unused oak stick,29,43,icp,nd,0.0,ppm,2,,,,19.0,,mduran@lbl.gov,maplewood,pass,,2026-07-17 19:04:02.347938,
(c4)6bc3,6,unused oak stick,29,43,icp,zn,21.5,ppm,1,,,,19.0,,mduran@lbl.gov,maplewood,pass,,2026-07-17 19:04:02.347938,
(c4)6df2,6,unused oak stick,29,43,icp,nd,25.2,ppm,1,,,,19.0,,mduran@lbl.gov,maplewood,pass,,2026-07-17 19:04:02.347938,
(c4)7fed,6,unused oak stick,29,43,icp,fe,14.3,ppm,2,,,,19.0,,mduran@lbl.gov,maplewood,pass,,2026-07-17 19:04:02.347938,
(c4)872f,6,unused oak stick,29,43,icp,na,40.0,ppm,1,,,,19.0,,mduran@lbl.gov,maplewood,pass,,2026-07-17 19:04:02.347938,
(c4)883d,6,unused oak stick,29,43,icp,si,17.9,ppm,2,,,,19.0,,mduran@lbl.gov,maplewood,pass,,2026-07-17 19:04:02.347938,
(c4)8cfc,6,unused oak stick,29,43,icp,mn,93.7,ppm,1,,,,19.0,,mduran@lbl.gov,maplewood,pass,,2026-07-17 19:04:02.347938,
(c4)9264,6,unused oak stick,29,43,icp,si,21.6,ppm,1,,,,19.0,,mduran@lbl.gov,maplewood,pass,,2026-07-17 19:04:02.347938,
(c4)963a,6,unused oak stick,29,43,icp,p,35.8,ppm,2,,,,19.0,,mduran@lbl.gov,maplewood,pass,,2026-07-17 19:04:02.347938,
(c4)a1e8,6,unused oak stick,29,43,icp,al,4.0,ppm,2,,,,19.0,,mduran@lbl.gov,maplewood,pass,,2026-07-17 19:04:02.347938,
(c4)abca,6,unused oak stick,29,43,icp,ca,301.0,ppm,2,,,,19.0,,mduran@lbl.gov,maplewood,pass,,2026-07-17 19:04:02.347938,
(c4)d16e,6,unused oak stick,29,43,icp,al,461.0,ppm,1,,,,19.0,,mduran@lbl.gov,maplewood,pass,,2026-07-17 19:04:02.347938,
(c4)d22c,6,unused oak stick,29,43,icp,k,17200.0,ppm,1,,,,19.0,,mduran@lbl.gov,maplewood,pass,,2026-07-17 19:04:02.347938,
(c4)d6f1,6,unused oak stick,29,43,icp,s,90.0,ppm,2,,,,19.0,,mduran@lbl.gov,maplewood,pass,,2026-07-17 19:04:02.347938,
(c4)e1f9,6,unused oak stick,29,43,icp,cu,18.0,ppm,1,,,,19.0,,mduran@lbl.gov,maplewood,pass,,2026-07-17 19:04:02.347938,
(c4)e785,6,unused oak stick,29,43,icp,mn,21.0,ppm,2,,,,19.0,,mduran@lbl.gov,maplewood,pass,,2026-07-17 19:04:02.347938,
(c4)eb3d,6,unused oak stick,29,43,icp,mg,1200.0,ppm,1,,,,19.0,,mduran@lbl.gov,maplewood,pass,,2026-07-17 19:04:02.347938,
(c5)00fd,26,spent oak chips,27,42,icp,cu,1.6,ppm,1,,,,,,,maplewood,pass,was originally entered as ppm so no change to this entry during the block paste of values,2026-07-17 19:04:02.347938,
(c5)156c,26,spent oak chips,27,43,icp,ti,3.6,ppm,2,,,,19.0,,mduran@lbl.gov,maplewood,pass,,2026-07-17 19:04:02.347938,
(c5)2114,26,spent oak chips,27,43,icp,ca,391.0,ppm,2,,,,19.0,,mduran@lbl.gov,maplewood,pass,,2026-07-17 19:04:02.347938,
(c5)27c0,26,spent oak chips,27,42,icp,zn,1.4,ppm,1,,,,,,,maplewood,pass,was originally entered as ppm so no change to this entry during the block paste of values,2026-07-17 19:04:02.347938,
(c5)3783,26,spent oak chips,27,43,icp,mg,72.0,ppm,2,,,,19.0,,mduran@lbl.gov,maplewood,pass,,2026-07-17 19:04:02.347938,
(c5)3ac3,26,spent oak chips,27,43,icp,al,3.59,ppm,2,,,,19.0,,mduran@lbl.gov,maplewood,pass,,2026-07-17 19:04:02.347938,
(c5)41af,26,spent oak chips,27,43,icp,cu,3.61,ppm,1,,,,19.0,,mduran@lbl.gov,maplewood,pass,,2026-07-17 19:04:02.347938,
(c5)45b4,26,spent oak chips,27,42,icp,b,22.9,ppm,1,,,,,,,maplewood,pass,was originally entered as ppm so no change to this entry during the block paste of values,2026-07-17 19:04:02.347938,
(c5)5291,26,spent oak chips,27,43,icp,nd,3.6,ppm,2,,,,19.0,,mduran@lbl.gov,maplewood,pass,,2026-07-17 19:04:02.347938,
(c5)550e,26,spent oak chips,27,43,icp,na,-50.0,ppm,1,,,,19.0,,mduran@lbl.gov,maplewood,fail,,2026-07-17 19:04:02.347938,
(c5)6b8a,26,spent oak chips,27,43,icp,al,10.8,ppm,1,,,,19.0,,mduran@lbl.gov,maplewood,pass,,2026-07-17 19:04:02.347938,
(c5)7eb3,26,spent oak chips,27,42,icp,p,0.018,pc,1,,,,,,,maplewood,pass,was entered as percent (pc). now changed to ppm by multiplying the original entry by 10^4,2026-07-17 19:04:02.347938,
(c5)7eb3,26,spent oak chips,27,42,icp,p,180.0,ppm,1,,,,,,,maplewood,pass,was entered as percent (pc). now changed to ppm by multiplying the original entry by 10^4,2026-07-17 19:04:02.347938,
(c5)7f8a,26,spent oak chips,27,43,icp,si,18.0,ppm,1,,,,19.0,,mduran@lbl.gov,maplewood,pass,,2026-07-17 19:04:02.347938,
(c5)841d,26,spent oak chips,27,43,icp,cu,3.59,ppm,2,,,,19.0,,mduran@lbl.gov,maplewood,pass,,2026-07-17 19:04:02.347938,
(c5)923c,26,spent oak chips,27,43,icp,k,1280.0,ppm,1,,,,19.0,,mduran@lbl.gov,maplewood,pass,,2026-07-17 19:04:02.347938,
(c5)9575,26,spent oak chips,27,42,icp,s,710.0,ppm,1,,,,,,,maplewood,pass,was originally entered as ppm so no change to this entry during the block paste of values,2026-07-17 19:04:02.347938,
(c5)97d9,26,spent oak chips,27,43,icp,zn,0.0,ppm,2,,,,19.0,,mduran@lbl.gov,maplewood,pass,,2026-07-17 19:04:02.347938,
(c5)996f,26,spent oak chips,27,42,icp,mn,16.7,ppm,1,,,,,,,maplewood,pass,was originally entered as ppm so no change to this entry during the block paste of values,2026-07-17 19:04:02.347938,
(c5)9c69,26,spent oak chips,27,42,icp,k,2200.0,ppm,1,,,,,,,maplewood,pass,was entered as percent (pc). now changed to ppm by multiplying the original entry by 10^4,2026-07-17 19:04:02.347938,
(c5)9c69,26,spent oak chips,27,42,icp,k,0.22,pc,1,,,,,,,maplewood,pass,was entered as percent (pc). now changed to ppm by multiplying the original entry by 10^4,2026-07-17 19:04:02.347938,
(c5)a0b9,26,spent oak chips,27,43,icp,ca,393.0,ppm,1,,,,19.0,,mduran@lbl.gov,maplewood,pass,,2026-07-17 19:04:02.347938,
(c5)a1e2,26,spent oak chips,27,43,icp,fe,47.0,ppm,2,,,,19.0,,mduran@lbl.gov,maplewood,pass,,2026-07-17 19:04:02.347938,
(c5)a714,26,spent oak chips,27,43,icp,mg,72.0,ppm,1,,,,19.0,,mduran@lbl.gov,maplewood,pass,,2026-07-17 19:04:02.347938,
(c5)b4b2,26,spent oak chips,27,43,icp,s,569.0,ppm,2,,,,19.0,,mduran@lbl.gov,maplewood,pass,,2026-07-17 19:04:02.347938,
(c5)b9bb,26,spent oak chips,27,42,icp,mg,0.0,pc,1,,,,,,,maplewood,fail,was entered as percent (pc). now changed to ppm by multiplying the original entry by 10^4,2026-07-17 19:04:02.347938,
(c5)b9bb,26,spent oak chips,27,42,icp,mg,0.0,ppm,1,,,,,,,maplewood,fail,was entered as percent (pc). now changed to ppm by multiplying the original entry by 10^4,2026-07-17 19:04:02.347938,
(c5)bcb4,26,spent oak chips,27,42,icp,ca,490.0,ppm,1,,,,,,,maplewood,pass,was entered as percent (pc). now changed to ppm by multiplying the original entry by 10^4,2026-07-17 19:04:02.347938,
(c5)bcb4,26,spent oak chips,27,42,icp,ca,0.049,pc,1,,,,,,,maplewood,pass,was entered as percent (pc). now changed to ppm by multiplying the original entry by 10^4,2026-07-17 19:04:02.347938,
(c5)c0f2,26,spent oak chips,27,43,icp,p,166.0,ppm,2,,,,19.0,,mduran@lbl.gov,maplewood,pass,,2026-07-17 19:04:02.347938,
(c5)c527,26,spent oak chips,27,42,icp,fe,82.9,ppm,1,,,,,,,maplewood,pass,was originally entered as ppm so no change to this entry during the block paste of values,2026-07-17 19:04:02.347938,
(c5)c850,26,spent oak chips,27,43,icp,mn,14.3,ppm,1,,,,19.0,,mduran@lbl.gov,maplewood,pass,,2026-07-17 19:04:02.347938,
(c5)d256,26,spent oak chips,27,43,icp,nd,3.59,ppm,1,,,,19.0,,mduran@lbl.gov,maplewood,pass,,2026-07-17 19:04:02.347938,
(c5)d5a5,26,spent oak chips,27,43,icp,s,592.0,ppm,1,,,,19.0,,mduran@lbl.gov,maplewood,pass,,2026-07-17 19:04:02.347938,
(c5)d66b,26,spent oak chips,27,43,icp,na,-233.0,ppm,2,,,,19.0,,mduran@lbl.gov,maplewood,fail,,2026-07-17 19:04:02.347938,
(c5)ea75,26,spent oak chips,27,43,icp,si,18.0,ppm,2,,,,19.0,,mduran@lbl.gov,maplewood,pass,,2026-07-17 19:04:02.347938,
(c5)ef81,26,spent oak chips,27,43,icp,ti,3.59,ppm,1,,,,19.0,,mduran@lbl.gov,maplewood,pass,,2026-07-17 19:04:02.347938,
(c5)f4d0,26,spent oak chips,27,43,icp,mn,14.3,ppm,2,,,,19.0,,mduran@lbl.gov,maplewood,pass,,2026-07-17 19:04:02.347938,
(c5)fb43,26,spent oak chips,27,43,icp,k,1690.0,ppm,2,,,,19.0,,mduran@lbl.gov,maplewood,pass,,2026-07-17 19:04:02.347938,
(c5)fbec,26,spent oak chips,27,43,icp,fe,57.0,ppm,1,,,,19.0,,mduran@lbl.gov,maplewood,pass,,2026-07-17 19:04:02.347938,
(c5)fc8e,26,spent oak chips,27,43,icp,zn,0.0,ppm,1,,,,19.0,,mduran@lbl.gov,maplewood,pass,,2026-07-17 19:04:02.347938,
(c5)fc8f,26,spent oak chips,27,43,icp,p,140.0,ppm,1,,,,19.0,,mduran@lbl.gov,maplewood,pass,,2026-07-17 19:04:02.347938,
(c7)036c,35,almond branches,53,43,icp,mg,987.0,ppm,2,,,,19.0,,mduran@lbl.gov,vibrant,pass,,2026-07-17 19:04:02.347938,
(c7)0f03,35,almond branches,53,43,icp,mn,33.0,ppm,2,,,,19.0,,mduran@lbl.gov,vibrant,pass,,2026-07-17 19:04:02.347938,
(c7)1321,35,almond branches,53,43,icp,zn,32.7,ppm,2,,,,19.0,,mduran@lbl.gov,vibrant,pass,,2026-07-17 19:04:02.347938,
(c7)15a4,35,almond branches,53,43,icp,nd,18.0,ppm,2,,,,19.0,,mduran@lbl.gov,vibrant,pass,,2026-07-17 19:04:02.347938,
(c7)1f9a,35,almond branches,53,43,icp,fe,21.6,ppm,1,,,,19.0,,mduran@lbl.gov,vibrant,pass,,2026-07-17 19:04:02.347938,
(c7)2ad1,35,almond branches,53,43,icp,p,432.0,ppm,2,,,,19.0,,mduran@lbl.gov,vibrant,pass,,2026-07-17 19:04:02.347938,
(c7)2c58,35,almond branches,53,43,icp,al,18.0,ppm,2,,,,19.0,,mduran@lbl.gov,vibrant,pass,,2026-07-17 19:04:02.347938,
(c7)3c1c,35,almond branches,53,43,icp,cu,32.0,ppm,1,,,,19.0,,mduran@lbl.gov,vibrant,pass,,2026-07-17 19:04:02.347938,
(c7)4eeb,35,almond branches,53,43,icp,k,2770.0,ppm,2,,,,19.0,,mduran@lbl.gov,vibrant,pass,,2026-07-17 19:04:02.347938,
(c7)54b0,35,almond branches,53,43,icp,na,90.8,ppm,2,,,,19.0,,mduran@lbl.gov,vibrant,pass,,2026-07-17 19:04:02.347938,
(c7)6772,35,almond branches,53,43,icp,na,82.9,ppm,1,,,,19.0,,mduran@lbl.gov,vibrant,pass,,2026-07-17 19:04:02.347938,
(c7)7096,35,almond branches,53,43,icp,mg,998.0,ppm,1,,,,19.0,,mduran@lbl.gov,vibrant,pass,,2026-07-17 19:04:02.347938,
(c7)8280,35,almond branches,53,43,icp,mn,29.0,ppm,1,,,,19.0,,mduran@lbl.gov,vibrant,pass,,2026-07-17 19:04:02.347938,
(c7)8f5a,35,almond branches,53,43,icp,si,10.9,ppm,2,,,,19.0,,mduran@lbl.gov,vibrant,pass,,2026-07-17 19:04:02.347938,
(c7)a0ff,35,almond branches,53,43,icp,s,436.0,ppm,2,,,,19.0,,mduran@lbl.gov,vibrant,pass,,2026-07-17 19:04:02.347938,
(c7)a77e,35,almond branches,53,43,icp,p,418.0,ppm,1,,,,19.0,,mduran@lbl.gov,vibrant,pass,,2026-07-17 19:04:02.347938,
(c7)a9be,35,almond branches,53,43,icp,al,18.0,ppm,1,,,,19.0,,mduran@lbl.gov,vibrant,pass,,2026-07-17 19:04:02.347938,
(c7)ad89,35,almond branches,53,43,icp,s,299.0,ppm,1,,,,19.0,,mduran@lbl.gov,vibrant,pass,,2026-07-17 19:04:02.347938,
(c7)af6e,35,almond branches,53,43,icp,k,2680.0,ppm,1,,,,19.0,,mduran@lbl.gov,vibrant,pass,,2026-07-17 19:04:02.347938,
(c7)bc57,35,almond branches,53,43,icp,si,10.8,ppm,1,,,,19.0,,mduran@lbl.gov,vibrant,pass,,2026-07-17 19:04:02.347938,
(c7)bfd4,35,almond branches,53,43,icp,ti,0.0,ppm,1,,,,19.0,,mduran@lbl.gov,vibrant,pass,,2026-07-17 19:04:02.347938,
(c7)d21f,35,almond branches,53,43,icp,cu,33.0,ppm,2,,,,19.0,,mduran@lbl.gov,vibrant,pass,,2026-07-17 19:04:02.347938,
(c7)d2bb,35,almond branches,53,43,icp,ca,9360.0,ppm,1,,,,19.0,,mduran@lbl.gov,vibrant,pass,,2026-07-17 19:04:02.347938,
(c7)e149,35,almond branches,53,43,icp,ca,9750.0,ppm,2,,,,19.0,,mduran@lbl.gov,vibrant,pass,,2026-07-17 19:04:02.347938,
(c7)e208,35,almond branches,53,43,icp,zn,28.8,ppm,1,,,,19.0,,mduran@lbl.gov,vibrant,pass,,2026-07-17 19:04:02.347938,
(c7)f305,35,almond branches,53,43,icp,fe,21.8,ppm,2,,,,19.0,,mduran@lbl.gov,vibrant,pass,,2026-07-17 19:04:02.347938,
(c7)f70e,35,almond branches,53,43,icp,nd,14.0,ppm,1,,,,19.0,,mduran@lbl.gov,vibrant,pass,,2026-07-17 19:04:02.347938,
(c7)f7a2,35,almond branches,53,43,icp,ti,0.0,ppm,2,,,,19.0,,mduran@lbl.gov,vibrant,pass,,2026-07-17 19:04:02.347938,
(e7)08bf,13,walnut hulls,58,43,icp,ca,11500.0,ppm,2,,,,19.0,,mduran@lbl.gov,energetic,pass,,2026-07-17 19:04:02.347938,
(e7)1978,13,walnut hulls,58,43,icp,al,431.0,ppm,1,,,,19.0,,mduran@lbl.gov,energetic,pass,,2026-07-17 19:04:02.347938,
(e7)1c75,13,walnut hulls,58,43,icp,al,400.0,ppm,2,,,,19.0,,mduran@lbl.gov,energetic,pass,,2026-07-17 19:04:02.347938,
(e7)211f,13,walnut hulls,58,42,icp,cu,19.5,ppm,1,,,,,,,energetic,pass,was originally entered as ppm so no change to this entry during the block paste of values,2026-07-17 19:04:02.347938,
(e7)32db,13,walnut hulls,58,43,icp,ti,14.3,ppm,2,,,,19.0,,mduran@lbl.gov,energetic,pass,,2026-07-17 19:04:02.347938,
(e7)362d,13,walnut hulls,58,43,icp,si,64.0,ppm,2,,,,19.0,,mduran@lbl.gov,energetic,pass,,2026-07-17 19:04:02.347938,
(e7)3c51,13,walnut hulls,58,43,icp,mg,1120.0,ppm,1,,,,19.0,,mduran@lbl.gov,energetic,pass,,2026-07-17 19:04:02.347938,
(e7)3e4f,13,walnut hulls,58,42,icp,p,0.103,pc,1,,,,,,,energetic,pass,was entered as percent (pc). now changed to ppm by multiplying the original entry by 10^4,2026-07-17 19:04:02.347938,
(e7)3e4f,13,walnut hulls,58,42,icp,p,1030.0,ppm,1,,,,,,,energetic,pass,was entered as percent (pc). now changed to ppm by multiplying the original entry by 10^4,2026-07-17 19:04:02.347938,
(e7)43f7,13,walnut hulls,58,42,icp,ca,14300.0,ppm,1,,,,,,,energetic,pass,was entered as percent (pc). now changed to ppm by multiplying the original entry by 10^4,2026-07-17 19:04:02.347938,
(e7)43f7,13,walnut hulls,58,42,icp,ca,1.43,pc,1,,,,,,,energetic,pass,was entered as percent (pc). now changed to ppm by multiplying the original entry by 10^4,2026-07-17 19:04:02.347938,
(e7)4651,13,walnut hulls,58,43,icp,k,17000.0,ppm,2,,,,19.0,,mduran@lbl.gov,energetic,pass,,2026-07-17 19:04:02.347938,
(e7)4c0b,13,walnut hulls,58,43,icp,na,36.0,ppm,1,,,,19.0,,mduran@lbl.gov,energetic,pass,,2026-07-17 19:04:02.347938,
(e7)4eba,13,walnut hulls,58,43,icp,ca,12000.0,ppm,1,,,,19.0,,mduran@lbl.gov,energetic,pass,,2026-07-17 19:04:02.347938,
(e7)5138,13,walnut hulls,58,43,icp,fe,2280.0,ppm,1,,,,19.0,,mduran@lbl.gov,energetic,pass,,2026-07-17 19:04:02.347938,
(e7)6ad4,13,walnut hulls,58,43,icp,na,32.0,ppm,2,,,,19.0,,mduran@lbl.gov,energetic,pass,,2026-07-17 19:04:02.347938,
(e7)6c6b,13,walnut hulls,58,43,icp,zn,22.0,ppm,2,,,,19.0,,mduran@lbl.gov,energetic,pass,,2026-07-17 19:04:02.347938,
(e7)718e,13,walnut hulls,58,43,icp,cu,21.4,ppm,2,,,,19.0,,mduran@lbl.gov,energetic,pass,,2026-07-17 19:04:02.347938,
(e7)71b1,13,walnut hulls,58,43,icp,nd,25.0,ppm,2,,,,19.0,,mduran@lbl.gov,energetic,pass,,2026-07-17 19:04:02.347938,
(e7)8397,13,walnut hulls,58,42,icp,s,1270.0,ppm,1,,,,,,,energetic,pass,was originally entered as ppm so no change to this entry during the block paste of values,2026-07-17 19:04:02.347938,
(e7)8cf1,13,walnut hulls,58,43,icp,ti,14.3,ppm,1,,,,19.0,,mduran@lbl.gov,energetic,pass,,2026-07-17 19:04:02.347938,
(e7)951d,13,walnut hulls,58,43,icp,p,911.0,ppm,1,,,,19.0,,mduran@lbl.gov,energetic,pass,,2026-07-17 19:04:02.347938,
(e7)95cc,13,walnut hulls,58,43,icp,si,68.0,ppm,1,,,,19.0,,mduran@lbl.gov,energetic,pass,,2026-07-17 19:04:02.347938,
(e7)9628,13,walnut hulls,58,43,icp,mn,89.0,ppm,1,,,,19.0,,mduran@lbl.gov,energetic,pass,,2026-07-17 19:04:02.347938,
(e7)9db6,13,walnut hulls,58,42,icp,zn,29.5,ppm,1,,,,,,,energetic,pass,was originally entered as ppm so no change to this entry during the block paste of values,2026-07-17 19:04:02.347938,
(e7)a65d,13,walnut hulls,58,42,icp,fe,8840.0,ppm,1,,,,,,,energetic,pass,was originally entered as ppm so no change to this entry during the block paste of values,2026-07-17 19:04:02.347938,
(e7)a6df,13,walnut hulls,58,43,icp,nd,25.0,ppm,1,,,,19.0,,mduran@lbl.gov,energetic,pass,,2026-07-17 19:04:02.347938,
(e7)a716,13,walnut hulls,58,43,icp,s,1060.0,ppm,1,,,,19.0,,mduran@lbl.gov,energetic,pass,,2026-07-17 19:04:02.347938,
(e7)c3f1,13,walnut hulls,58,43,icp,zn,21.0,ppm,1,,,,19.0,,mduran@lbl.gov,energetic,pass,,2026-07-17 19:04:02.347938,
(e7)ca9d,13,walnut hulls,58,42,icp,mg,0.176,pc,1,,,,,,,energetic,pass,was entered as percent (pc). now changed to ppm by multiplying the original entry by 10^4,2026-07-17 19:04:02.347938,
(e7)ca9d,13,walnut hulls,58,42,icp,mg,1760.0,ppm,1,,,,,,,energetic,pass,was entered as percent (pc). now changed to ppm by multiplying the original entry by 10^4,2026-07-17 19:04:02.347938,
(e7)d3cb,13,walnut hulls,58,42,icp,b,39.5,ppm,1,,,,,,,energetic,pass,was originally entered as ppm so no change to this entry during the block paste of values,2026-07-17 19:04:02.347938,
(e7)d608,13,walnut hulls,58,43,icp,p,643.0,ppm,2,,,,19.0,,mduran@lbl.gov,energetic,pass,,2026-07-17 19:04:02.347938,
(e7)d652,13,walnut hulls,58,43,icp,k,16800.0,ppm,1,,,,19.0,,mduran@lbl.gov,energetic,pass,,2026-07-17 19:04:02.347938,
(e7)d72b,13,walnut hulls,58,43,icp,s,1010.0,ppm,2,,,,19.0,,mduran@lbl.gov,energetic,pass,,2026-07-17 19:04:02.347938,
(e7)df42,13,walnut hulls,58,43,icp,mn,82.1,ppm,2,,,,19.0,,mduran@lbl.gov,energetic,pass,,2026-07-17 19:04:02.347938,
(e7)df57,13,walnut hulls,58,43,icp,mg,1140.0,ppm,2,,,,19.0,,mduran@lbl.gov,energetic,pass,,2026-07-17 19:04:02.347938,
(e7)e04c,13,walnut hulls,58,42,icp,k,19000.0,ppm,1,,,,,,,energetic,pass,was entered as percent (pc). now changed to ppm by multiplying the original entry by 10^4,2026-07-17 19:04:02.347938,
(e7)e04c,13,walnut hulls,58,42,icp,k,1.9,pc,1,,,,,,,energetic,pass,was entered as percent (pc). now changed to ppm by multiplying the original entry by 10^4,2026-07-17 19:04:02.347938,
(e7)e3cc,13,walnut hulls,58,43,icp,cu,21.4,ppm,1,,,,19.0,,mduran@lbl.gov,energetic,pass,,2026-07-17 19:04:02.347938,
(e7)eeab,13,walnut hulls,58,42,icp,mn,121.0,ppm,1,,,,,,,energetic,pass,was originally entered as ppm so no change to this entry during the block paste of values,2026-07-17 19:04:02.347938,
(e7)f75e,13,walnut hulls,58,43,icp,fe,2230.0,ppm,2,,,,19.0,,mduran@lbl.gov,energetic,pass,,2026-07-17 19:04:02.347938,
(e8)0f2c,1,spent yeast,22,43,icp,fe,126.0,ppm,2,,,,19.0,,mduran@lbl.gov,maplewood,pass,,2026-07-17 19:04:02.347938,
(e8)189e,1,spent yeast,22,43,icp,s,1450.0,ppm,2,,,,19.0,,mduran@lbl.gov,maplewood,pass,,2026-07-17 19:04:02.347938,
(e8)2c90,1,spent yeast,22,43,icp,nd,14.4,ppm,2,,,,19.0,,mduran@lbl.gov,maplewood,pass,,2026-07-17 19:04:02.347938,
(e8)2d0d,1,spent yeast,22,43,icp,na,-195.0,ppm,1,,,,19.0,,mduran@lbl.gov,maplewood,fail,,2026-07-17 19:04:02.347938,
(e8)3033,1,spent yeast,22,43,icp,mn,10.8,ppm,2,,,,19.0,,mduran@lbl.gov,maplewood,pass,,2026-07-17 19:04:02.347938,
(e8)324f,1,spent yeast,22,43,icp,ti,0.0,ppm,1,,,,19.0,,mduran@lbl.gov,maplewood,pass,,2026-07-17 19:04:02.347938,
(e8)32bb,1,spent yeast,22,43,icp,p,2380.0,ppm,2,,,,19.0,,mduran@lbl.gov,maplewood,pass,,2026-07-17 19:04:02.347938,
(e8)3b93,1,spent yeast,22,43,icp,si,7.0,ppm,2,,,,19.0,,mduran@lbl.gov,maplewood,pass,,2026-07-17 19:04:02.347938,
(e8)5283,1,spent yeast,22,43,icp,zn,32.0,ppm,2,,,,19.0,,mduran@lbl.gov,maplewood,pass,,2026-07-17 19:04:02.347938,
(e8)5afa,1,spent yeast,22,43,icp,p,2700.0,ppm,1,,,,19.0,,mduran@lbl.gov,maplewood,pass,,2026-07-17 19:04:02.347938,
(e8)6bf4,1,spent yeast,22,43,icp,fe,140.0,ppm,1,,,,19.0,,mduran@lbl.gov,maplewood,pass,,2026-07-17 19:04:02.347938,
(e8)7ba2,1,spent yeast,22,43,icp,s,1430.0,ppm,1,,,,19.0,,mduran@lbl.gov,maplewood,pass,,2026-07-17 19:04:02.347938,
(e8)7c3a,1,spent yeast,22,43,icp,nd,14.7,ppm,1,,,,19.0,,mduran@lbl.gov,maplewood,pass,,2026-07-17 19:04:02.347938,
(e8)8b83,1,spent yeast,22,43,icp,ca,5720.0,ppm,2,,,,19.0,,mduran@lbl.gov,maplewood,pass,,2026-07-17 19:04:02.347938,
(e8)8e03,1,spent yeast,22,43,icp,al,84.5,ppm,1,,,,19.0,,mduran@lbl.gov,maplewood,pass,,2026-07-17 19:04:02.347938,
(e8)8e4f,1,spent yeast,22,43,icp,si,11.0,ppm,1,,,,19.0,,mduran@lbl.gov,maplewood,pass,,2026-07-17 19:04:02.347938,
(e8)8ec2,1,spent yeast,22,43,icp,zn,32.0,ppm,1,,,,19.0,,mduran@lbl.gov,maplewood,pass,,2026-07-17 19:04:02.347938,
(e8)a1e2,1,spent yeast,22,43,icp,ca,5440.0,ppm,1,,,,19.0,,mduran@lbl.gov,maplewood,pass,,2026-07-17 19:04:02.347938,
(e8)a7a0,1,spent yeast,22,43,icp,ti,0.0,ppm,2,,,,19.0,,mduran@lbl.gov,maplewood,pass,,2026-07-17 19:04:02.347938,
(e8)ad9f,1,spent yeast,22,43,icp,k,87500.0,ppm,2,,,,19.0,,mduran@lbl.gov,maplewood,pass,,2026-07-17 19:04:02.347938,
(e8)b13a,1,spent yeast,22,43,icp,mg,515.0,ppm,1,,,,19.0,,mduran@lbl.gov,maplewood,pass,,2026-07-17 19:04:02.347938,
(e8)be6f,1,spent yeast,22,43,icp,k,82300.0,ppm,1,,,,19.0,,mduran@lbl.gov,maplewood,pass,,2026-07-17 19:04:02.347938,
(e8)c5fd,1,spent yeast,22,43,icp,mn,11.0,ppm,1,,,,19.0,,mduran@lbl.gov,maplewood,pass,,2026-07-17 19:04:02.347938,
(e8)dc21,1,spent yeast,22,43,icp,mg,483.0,ppm,2,,,,19.0,,mduran@lbl.gov,maplewood,pass,,2026-07-17 19:04:02.347938,
(e8)ea4d,1,spent yeast,22,43,icp,al,86.6,ppm,2,,,,19.0,,mduran@lbl.gov,maplewood,pass,,2026-07-17 19:04:02.347938,
(e8)f238,1,spent yeast,22,43,icp,cu,14.4,ppm,2,,,,19.0,,mduran@lbl.gov,maplewood,pass,,2026-07-17 19:04:02.347938,
(e8)fda6,1,spent yeast,22,43,icp,cu,22.1,ppm,1,,,,19.0,,mduran@lbl.gov,maplewood,pass,,2026-07-17 19:04:02.347938,
(e8)ff82,1,spent yeast,22,43,icp,na,-184.0,ppm,2,,,,19.0,,mduran@lbl.gov,maplewood,fail,,2026-07-17 19:04:02.347938,
(fe)0bb8,23,grape pomace,62,43,icp,p,2220.0,ppm,1,,,,19.0,,mduran@lbl.gov,maplewood,pass,,2026-07-17 19:04:02.347938,
(fe)15d9,23,grape pomace,62,43,icp,ti,3.7,ppm,2,,,,19.0,,mduran@lbl.gov,maplewood,pass,,2026-07-17 19:04:02.347938,
(fe)18a8,23,grape pomace,62,43,icp,al,18.1,ppm,1,,,,19.0,,mduran@lbl.gov,maplewood,pass,,2026-07-17 19:04:02.347938,
(fe)1940,23,grape pomace,62,42,icp,p,2920.0,ppm,1,,,,,,,maplewood,pass,was entered as percent (pc). now changed to ppm by multiplying the original entry by 10^4,2026-07-17 19:04:02.347938,
(fe)1940,23,grape pomace,62,42,icp,p,0.292,pc,1,,,,,,,maplewood,pass,was entered as percent (pc). now changed to ppm by multiplying the original entry by 10^4,2026-07-17 19:04:02.347938,
(fe)22a4,23,grape pomace,62,42,icp,fe,377.0,ppm,1,,,,,,,maplewood,pass,was originally entered as ppm so no change to this entry during the block paste of values,2026-07-17 19:04:02.347938,
(fe)2866,23,grape pomace,62,43,icp,ca,4430.0,ppm,1,,,,19.0,,mduran@lbl.gov,maplewood,pass,,2026-07-17 19:04:02.347938,
(fe)28ee,23,grape pomace,62,43,icp,si,22.0,ppm,1,,,,19.0,,mduran@lbl.gov,maplewood,pass,,2026-07-17 19:04:02.347938,
(fe)2aa1,23,grape pomace,62,43,icp,cu,14.5,ppm,1,,,,19.0,,mduran@lbl.gov,maplewood,pass,,2026-07-17 19:04:02.347938,
(fe)32d0,23,grape pomace,62,42,icp,k,19300.0,ppm,1,,,,,,,maplewood,pass,was entered as percent (pc). now changed to ppm by multiplying the original entry by 10^4,2026-07-17 19:04:02.347938,
(fe)32d0,23,grape pomace,62,42,icp,k,1.93,pc,1,,,,,,,maplewood,pass,was entered as percent (pc). now changed to ppm by multiplying the original entry by 10^4,2026-07-17 19:04:02.347938,
(fe)3456,23,grape pomace,62,43,icp,si,18.0,ppm,2,,,,19.0,,mduran@lbl.gov,maplewood,pass,,2026-07-17 19:04:02.347938,
(fe)3bca,23,grape pomace,62,42,icp,k,2.13,pc,1,,,,,,,maplewood,pass,was entered as percent (pc). now changed to ppm by multiplying the original entry by 10^4,2026-07-17 19:04:02.347938,
(fe)3bca,23,grape pomace,62,42,icp,k,21300.0,ppm,1,,,,,,,maplewood,pass,was entered as percent (pc). now changed to ppm by multiplying the original entry by 10^4,2026-07-17 19:04:02.347938,
(fe)46c4,23,grape pomace,62,43,icp,zn,11.0,ppm,2,,,,19.0,,mduran@lbl.gov,maplewood,pass,,2026-07-17 19:04:02.347938,
(fe)4edb,23,grape pomace,62,42,icp,s,1550.0,ppm,1,,,,,,,maplewood,pass,was originally entered as ppm so no change to this entry during the block paste of values,2026-07-17 19:04:02.347938,
(fe)5096,23,grape pomace,62,42,icp,zn,14.5,ppm,1,,,,,,,maplewood,pass,was originally entered as ppm so no change to this entry during the block paste of values,2026-07-17 19:04:02.347938,
(fe)55dc,23,grape pomace,62,43,icp,ca,4320.0,ppm,2,,,,19.0,,mduran@lbl.gov,maplewood,pass,,2026-07-17 19:04:02.347938,
(fe)5edd,23,grape pomace,62,42,icp,mg,1170.0,ppm,1,,,,,,,maplewood,pass,was entered as percent (pc). now changed to ppm by multiplying the original entry by 10^4,2026-07-17 19:04:02.347938,
(fe)5edd,23,grape pomace,62,42,icp,mg,0.117,pc,1,,,,,,,maplewood,pass,was entered as percent (pc). now changed to ppm by multiplying the original entry by 10^4,2026-07-17 19:04:02.347938,
(fe)6131,23,grape pomace,62,43,icp,ti,0.0,ppm,1,,,,19.0,,mduran@lbl.gov,maplewood,pass,,2026-07-17 19:04:02.347938,
(fe)6478,23,grape pomace,62,42,icp,ca,0.557,pc,1,,,,,,,maplewood,pass,was entered as percent (pc). now changed to ppm by multiplying the original entry by 10^4,2026-07-17 19:04:02.347938,
(fe)6478,23,grape pomace,62,42,icp,ca,5570.0,ppm,1,,,,,,,maplewood,pass,was entered as percent (pc). now changed to ppm by multiplying the original entry by 10^4,2026-07-17 19:04:02.347938,
(fe)64dd,23,grape pomace,62,43,icp,al,14.8,ppm,2,,,,19.0,,mduran@lbl.gov,maplewood,pass,,2026-07-17 19:04:02.347938,
(fe)64ff,23,grape pomace,62,42,icp,mn,50.3,ppm,1,,,,,,,maplewood,pass,was originally entered as ppm so no change to this entry during the block paste of values,2026-07-17 19:04:02.347938,
(fe)674a,23,grape pomace,62,42,icp,cu,15.5,ppm,1,,,,,,,maplewood,pass,was originally entered as ppm so no change to this entry during the block paste of values,2026-07-17 19:04:02.347938,
(fe)6d12,23,grape pomace,62,42,icp,ca,0.521,pc,1,,,,,,,maplewood,pass,was entered as percent (pc). now changed to ppm by multiplying the original entry by 10^4,2026-07-17 19:04:02.347938,
(fe)6d12,23,grape pomace,62,42,icp,ca,5210.0,ppm,1,,,,,,,maplewood,pass,was entered as percent (pc). now changed to ppm by multiplying the original entry by 10^4,2026-07-17 19:04:02.347938,
(fe)7697,23,grape pomace,62,43,icp,p,2130.0,ppm,2,,,,19.0,,mduran@lbl.gov,maplewood,pass,,2026-07-17 19:04:02.347938,
(fe)7a3b,23,grape pomace,62,43,icp,nd,7.25,ppm,1,,,,19.0,,mduran@lbl.gov,maplewood,pass,,2026-07-17 19:04:02.347938,
(fe)802b,23,grape pomace,62,43,icp,mg,995.0,ppm,2,,,,19.0,,mduran@lbl.gov,maplewood,pass,,2026-07-17 19:04:02.347938,
(fe)813d,23,grape pomace,62,43,icp,na,-221.0,ppm,1,,,,19.0,,mduran@lbl.gov,maplewood,pass,,2026-07-17 19:04:02.347938,
(fe)8847,23,grape pomace,62,42,icp,s,1610.0,ppm,1,,,,,,,maplewood,pass,was originally entered as ppm so no change to this entry during the block paste of values,2026-07-17 19:04:02.347938,
(fe)89d6,23,grape pomace,62,43,icp,mn,43.5,ppm,1,,,,19.0,,mduran@lbl.gov,maplewood,pass,,2026-07-17 19:04:02.347938,
(fe)8bdb,23,grape pomace,62,43,icp,na,-55.0,ppm,2,,,,19.0,,mduran@lbl.gov,maplewood,fail,,2026-07-17 19:04:02.347938,
(fe)8e22,23,grape pomace,62,43,icp,k,16500.0,ppm,1,,,,19.0,,mduran@lbl.gov,maplewood,pass,,2026-07-17 19:04:02.347938,
(fe)9542,23,grape pomace,62,42,icp,b,27.5,ppm,1,,,,,,,maplewood,pass,was originally entered as ppm so no change to this entry during the block paste of values,2026-07-17 19:04:02.347938,
(fe)9b50,23,grape pomace,62,43,icp,nd,7.4,ppm,2,,,,19.0,,mduran@lbl.gov,maplewood,pass,,2026-07-17 19:04:02.347938,
(fe)9dcb,23,grape pomace,62,43,icp,fe,7.0,ppm,1,,,,19.0,,mduran@lbl.gov,maplewood,pass,,2026-07-17 19:04:02.347938,
(fe)ace1,23,grape pomace,62,42,icp,b,25.8,ppm,1,,,,,,,maplewood,pass,was originally entered as ppm so no change to this entry during the block paste of values,2026-07-17 19:04:02.347938,
(fe)b092,23,grape pomace,62,42,icp,mg,1150.0,ppm,1,,,,,,,maplewood,pass,was entered as percent (pc). now changed to ppm by multiplying the original entry by 10^4,2026-07-17 19:04:02.347938,
(fe)b092,23,grape pomace,62,42,icp,mg,0.115,pc,1,,,,,,,maplewood,pass,was entered as percent (pc). now changed to ppm by multiplying the original entry by 10^4,2026-07-17 19:04:02.347938,
(fe)b2d0,23,grape pomace,62,42,icp,mn,47.2,ppm,1,,,,,,,maplewood,pass,was originally entered as ppm so no change to this entry during the block paste of values,2026-07-17 19:04:02.347938,
(fe)b73e,23,grape pomace,62,43,icp,zn,11.0,ppm,1,,,,19.0,,mduran@lbl.gov,maplewood,pass,,2026-07-17 19:04:02.347938,
(fe)b7c9,23,grape pomace,62,42,icp,cu,14.0,ppm,1,,,,,,,maplewood,pass,was originally entered as ppm so no change to this entry during the block paste of values,2026-07-17 19:04:02.347938,
(fe)be43,23,grape pomace,62,43,icp,fe,11.0,ppm,2,,,,19.0,,mduran@lbl.gov,maplewood,pass,,2026-07-17 19:04:02.347938,
(fe)c230,23,grape pomace,62,43,icp,cu,11.1,ppm,2,,,,19.0,,mduran@lbl.gov,maplewood,pass,,2026-07-17 19:04:02.347938,
(fe)cf31,23,grape pomace,62,43,icp,mn,40.7,ppm,2,,,,19.0,,mduran@lbl.gov,maplewood,pass,,2026-07-17 19:04:02.347938,
(fe)d49a,23,grape pomace,62,42,icp,fe,197.0,ppm,1,,,,,,,maplewood,pass,was originally entered as ppm so no change to this entry during the block paste of values,2026-07-17 19:04:02.347938,
(fe)d578,23,grape pomace,62,42,icp,zn,13.8,ppm,1,,,,,,,maplewood,pass,was originally entered as ppm so no change to this entry during the block paste of values,2026-07-17 19:04:02.347938,
(fe)e312,23,grape pomace,62,43,icp,k,16300.0,ppm,2,,,,19.0,,mduran@lbl.gov,maplewood,pass,,2026-07-17 19:04:02.347938,
(fe)f915,23,grape pomace,62,43,icp,mg,1040.0,ppm,1,,,,19.0,,mduran@lbl.gov,maplewood,pass,,2026-07-17 19:04:02.347938,
(fe)f958,23,grape pomace,62,43,icp,s,1310.0,ppm,2,,,,19.0,,mduran@lbl.gov,maplewood,pass,,2026-07-17 19:04:02.347938,
(fe)fd86,23,grape pomace,62,42,icp,p,2890.0,ppm,1,,,,,,,maplewood,pass,was entered as percent (pc). now changed to ppm by multiplying the original entry by 10^4,2026-07-17 19:04:02.347938,
(fe)fd86,23,grape pomace,62,42,icp,p,0.289,pc,1,,,,,,,maplewood,pass,was entered as percent (pc). now changed to ppm by multiplying the original entry by 10^4,2026-07-17 19:04:02.347938,
(fe)fe17,23,grape pomace,62,43,icp,s,1210.0,ppm,1,,,,19.0,,mduran@lbl.gov,maplewood,pass,,2026-07-17 19:04:02.347938,
(64)8711,37,tomato pomace,1,,xrd,crystallinity,54.95,%,,,41,freeze dry,21.0,,xihui kang,oakleaf,fail,mock data,2026-07-17 19:04:03.191359,
(85)8016,37,tomato pomace,2,,xrd,crystallinity,52.15,%,,,36,oven dry,21.0,,xihui kang,oakleaf,fail,mock data,2026-07-17 19:04:03.191359,
(85)89a1,37,tomato pomace,2,,xrd,crystallinity,53.55,%,,,36,oven dry,21.0,,xihui kang,oakleaf,fail,mock data,2026-07-17 19:04:03.191359,
(d2)4604,37,tomato pomace,6,,xrd,crystallinity,56.71,%,,,36,oven dry,21.0,,xihui kang,pinecrest,fail,mock data,2026-07-17 19:04:03.191359,
(d2)621b,37,tomato pomace,6,,xrd,crystallinity,55.79,%,,,36,oven dry,21.0,,xihui kang,pinecrest,fail,mock data,2026-07-17 19:04:03.191359,
(d2)1fd6,37,tomato pomace,6,,xrd,crystallinity,56.25,%,,,36,oven dry,21.0,,xihui kang,pinecrest,fail,mock data,2026-07-17 19:04:03.191359,
(28)c1d9,37,tomato pomace,10,,xrd,crystallinity,53.76,%,,,36,oven dry,21.0,,xihui kang,riverstone,fail,mock data,2026-07-17 19:04:03.191359,
(28)5879,37,tomato pomace,10,,xrd,crystallinity,52.93,%,,,36,oven dry,21.0,,xihui kang,riverstone,fail,mock data,2026-07-17 19:04:03.191359,
(28)f220,37,tomato pomace,10,,xrd,crystallinity,53.35,%,,,36,oven dry,21.0,,xihui kang,riverstone,fail,mock data,2026-07-17 19:04:03.191359,
(ab)6de2,23,grape pomace,14,,xrd,crystallinity,57.75,%,,,36,oven dry,21.0,,xihui kang,maplewood,fail,mock data,2026-07-17 19:04:03.191359,
(ab)7d7a,23,grape pomace,14,,xrd,crystallinity,53.79,%,,,36,oven dry,21.0,,xihui kang,maplewood,fail,mock data,2026-07-17 19:04:03.191359,
(ab)0009,23,grape pomace,14,,xrd,crystallinity,55.77,%,,,36,oven dry,21.0,,xihui kang,maplewood,fail,mock data,2026-07-17 19:04:03.191359,
(5c)2e17,34,grape stem,18,,xrd,crystallinity,49.93,%,,,36,oven dry,21.0,,xihui kang,maplewood,fail,mock data,2026-07-17 19:04:03.191359,
(5c)bd78,34,grape stem,18,,xrd,crystallinity,54.08,%,,,36,oven dry,21.0,,xihui kang,maplewood,fail,mock data,2026-07-17 19:04:03.191359,
(5c)7cd3,34,grape stem,18,,xrd,crystallinity,52.0,%,,,36,oven dry,21.0,,xihui kang,maplewood,fail,mock data,2026-07-17 19:04:03.191359,
(e8)66b4,1,spent yeast,22,,xrd,crystallinity,59.57,%,,,36,oven dry,21.0,,xihui kang,maplewood,fail,mock data,2026-07-17 19:04:03.191359,
(e8)4f02,1,spent yeast,22,,xrd,crystallinity,60.71,%,,,36,oven dry,21.0,,xihui kang,maplewood,fail,mock data,2026-07-17 19:04:03.191359,
(e8)896d,1,spent yeast,22,,xrd,crystallinity,60.14,%,,,36,oven dry,21.0,,xihui kang,maplewood,fail,mock data,2026-07-17 19:04:03.191359,
(c5)cea6,26,spent oak chips,27,,xrd,crystallinity,51.96,%,,,38,knife mill (2mm),21.0,,xihui kang,maplewood,fail,mock data,2026-07-17 19:04:03.191359,
(c5)35a6,26,spent oak chips,27,,xrd,crystallinity,53.53,%,,,38,knife mill (2mm),21.0,,xihui kang,maplewood,fail,mock data,2026-07-17 19:04:03.191359,
(c5)2c23,26,spent oak chips,27,,xrd,crystallinity,52.74,%,,,38,knife mill (2mm),21.0,,xihui kang,maplewood,fail,mock data,2026-07-17 19:04:03.191359,
(c4)bc8c,6,unused oak stick,29,,xrd,crystallinity,59.17,%,,,38,knife mill (2mm),21.0,,xihui kang,maplewood,fail,mock data,2026-07-17 19:04:03.191359,
(c4)8595,6,unused oak stick,29,,xrd,crystallinity,59.69,%,,,38,knife mill (2mm),21.0,,xihui kang,maplewood,fail,mock data,2026-07-17 19:04:03.191359,
(c4)b85a,6,unused oak stick,29,,xrd,crystallinity,59.43,%,,,38,knife mill (2mm),21.0,,xihui kang,maplewood,fail,mock data,2026-07-17 19:04:03.191359,
(4e)f893,23,grape pomace,32,,xrd,crystallinity,57.8,%,,,36,oven dry,21.0,,xihui kang,ebony,fail,mock data,2026-07-17 19:04:03.191359,
(4e)372b,23,grape pomace,32,,xrd,crystallinity,54.65,%,,,36,oven dry,21.0,,xihui kang,ebony,fail,mock data,2026-07-17 19:04:03.191359,
(4e)5170,23,grape pomace,32,,xrd,crystallinity,56.23,%,,,36,oven dry,21.0,,xihui kang,ebony,fail,mock data,2026-07-17 19:04:03.191359,
