record_id,experiment_id,experiment_date,prepared_sample_id,field_sample_id,collection_timestamp,provider_codename,resource_name,primary_product,parameter_name,unit,observed_value,repl_no,qc_pass,note,analyst_email,analysis_type
(03)1e07,28.0,,50,17.0,2024-11-21 15:40:00,tiny,almond hulls,almonds,glucose,% dry weight,30.63,1,pass,,xkang2@lbl.gov,compositional
(03)1f0b,28.0,,50,17.0,2024-11-21 15:40:00,tiny,almond hulls,almonds,xylan,% dry weight,17.46,3,pass,,xkang2@lbl.gov,compositional
(03)677d,28.0,,50,17.0,2024-11-21 15:40:00,tiny,almond hulls,almonds,lignin,% dry weight,19.47,1,pass,,xkang2@lbl.gov,compositional
(03)8660,28.0,,50,17.0,2024-11-21 15:40:00,tiny,almond hulls,almonds,xylose,% dry weight,19.7,2,pass,,xkang2@lbl.gov,compositional
(03)8c53,28.0,,50,17.0,2024-11-21 15:40:00,tiny,almond hulls,almonds,glucose,% dry weight,31.27,3,pass,,xkang2@lbl.gov,compositional
(03)9a1e,28.0,,50,17.0,2024-11-21 15:40:00,tiny,almond hulls,almonds,lignin,% dry weight,19.86,2,pass,,xkang2@lbl.gov,compositional
(03)9fbf,28.0,,50,17.0,2024-11-21 15:40:00,tiny,almond hulls,almonds,glucan,% dry weight,27.57,1,pass,,xkang2@lbl.gov,compositional
(03)ad41,28.0,,50,17.0,2024-11-21 15:40:00,tiny,almond hulls,almonds,lignin,% dry weight,19.15,3,pass,,xkang2@lbl.gov,compositional
(03)b32d,28.0,,50,17.0,2024-11-21 15:40:00,tiny,almond hulls,almonds,xylan,% dry weight,17.34,2,pass,,xkang2@lbl.gov,compositional
(03)d213,28.0,,50,17.0,2024-11-21 15:40:00,tiny,almond hulls,almonds,xylose,% dry weight,19.31,1,pass,,xkang2@lbl.gov,compositional
(03)d898,28.0,,50,17.0,2024-11-21 15:40:00,tiny,almond hulls,almonds,glucan,% dry weight,27.47,2,pass,,xkang2@lbl.gov,compositional
(03)e36d,28.0,,50,17.0,2024-11-21 15:40:00,tiny,almond hulls,almonds,xylan,% dry weight,16.99,1,pass,,xkang2@lbl.gov,compositional
(03)e546,28.0,,50,17.0,2024-11-21 15:40:00,tiny,almond hulls,almonds,xylose,% dry weight,19.84,3,pass,,xkang2@lbl.gov,compositional
(03)f1df,28.0,,50,17.0,2024-11-21 15:40:00,tiny,almond hulls,almonds,glucan,% dry weight,28.15,3,pass,,xkang2@lbl.gov,compositional
(03)fa75,28.0,,50,17.0,2024-11-21 15:40:00,tiny,almond hulls,almonds,glucose,% dry weight,30.52,2,pass,,xkang2@lbl.gov,compositional
(04)0340,38.0,,148,78.0,2025-09-26 11:15:00,capstan,almond shells,almonds,lignin,% dry weight,30.02,3,pass,,,compositional
(04)2869,38.0,,148,78.0,2025-09-26 11:15:00,capstan,almond shells,almonds,lignin,% dry weight,30.99,1,pass,,,compositional
(04)5f38,38.0,,148,78.0,2025-09-26 11:15:00,capstan,almond shells,almonds,glucan,% dry weight,20.18,3,pass,,,compositional
(04)68e4,38.0,,148,78.0,2025-09-26 11:15:00,capstan,almond shells,almonds,xylan,% dry weight,15.17,3,pass,,,compositional
(04)6ff4,38.0,,148,78.0,2025-09-26 11:15:00,capstan,almond shells,almonds,xylan,% dry weight,17.03,2,pass,,,compositional
(04)8000,38.0,,148,78.0,2025-09-26 11:15:00,capstan,almond shells,almonds,glucan,% dry weight,22.18,2,pass,,,compositional
(04)8271,38.0,,148,78.0,2025-09-26 11:15:00,capstan,almond shells,almonds,glucan,% dry weight,21.56,1,pass,,,compositional
(04)a7a4,38.0,,148,78.0,2025-09-26 11:15:00,capstan,almond shells,almonds,glucose,% dry weight,22.42,3,pass,,,compositional
(04)aa6b,38.0,,148,78.0,2025-09-26 11:15:00,capstan,almond shells,almonds,xylose,% dry weight,19.35,2,pass,,,compositional
(04)c1d7,38.0,,148,78.0,2025-09-26 11:15:00,capstan,almond shells,almonds,xylose,% dry weight,17.24,3,pass,,,compositional
(04)c311,38.0,,148,78.0,2025-09-26 11:15:00,capstan,almond shells,almonds,glucose,% dry weight,23.95,1,pass,,,compositional
(04)d679,38.0,,148,78.0,2025-09-26 11:15:00,capstan,almond shells,almonds,xylan,% dry weight,17.04,1,pass,,,compositional
(04)e941,38.0,,148,78.0,2025-09-26 11:15:00,capstan,almond shells,almonds,xylose,% dry weight,19.37,1,pass,,,compositional
(04)ec17,38.0,,148,78.0,2025-09-26 11:15:00,capstan,almond shells,almonds,glucose,% dry weight,24.64,2,pass,,,compositional
(04)ef2c,38.0,,148,78.0,2025-09-26 11:15:00,capstan,almond shells,almonds,lignin,% dry weight,30.71,2,pass,,,compositional
(0d)4993,29.0,,52,27.0,2025-01-08 09:15:00,hairpin,sargassum,sargassum,glucan,% dry weight,10.17,1,pass,,xkang2@lbl.gov,compositional
(0d)4994,29.0,,52,27.0,2025-01-08 09:15:00,hairpin,sargassum,sargassum,glucan,% dry weight,9.92,2,pass,,xkang2@lbl.gov,compositional
(0d)4995,29.0,,52,27.0,2025-01-08 09:15:00,hairpin,sargassum,sargassum,glucan,% dry weight,9.98,3,pass,,xkang2@lbl.gov,compositional
(0d)4996,29.0,,52,27.0,2025-01-08 09:15:00,hairpin,sargassum,sargassum,glucose,% dry weight,11.3,1,pass,,xkang2@lbl.gov,compositional
(0d)4997,29.0,,52,27.0,2025-01-08 09:15:00,hairpin,sargassum,sargassum,glucose,% dry weight,11.02,2,pass,,xkang2@lbl.gov,compositional
(0d)4998,29.0,,52,27.0,2025-01-08 09:15:00,hairpin,sargassum,sargassum,glucose,% dry weight,11.08,3,pass,,xkang2@lbl.gov,compositional
(0d)4999,29.0,,52,27.0,2025-01-08 09:15:00,hairpin,sargassum,sargassum,xylan,% dry weight,4.81,1,pass,,xkang2@lbl.gov,compositional
(0d)5000,29.0,,52,27.0,2025-01-08 09:15:00,hairpin,sargassum,sargassum,xylan,% dry weight,4.3,2,pass,,xkang2@lbl.gov,compositional
(0d)5001,29.0,,52,27.0,2025-01-08 09:15:00,hairpin,sargassum,sargassum,xylan,% dry weight,4.11,3,pass,,xkang2@lbl.gov,compositional
(0d)5002,29.0,,52,27.0,2025-01-08 09:15:00,hairpin,sargassum,sargassum,xylose,% dry weight,5.46,1,pass,,xkang2@lbl.gov,compositional
(0d)5003,29.0,,52,27.0,2025-01-08 09:15:00,hairpin,sargassum,sargassum,xylose,% dry weight,4.89,2,pass,,xkang2@lbl.gov,compositional
(0d)5004,29.0,,52,27.0,2025-01-08 09:15:00,hairpin,sargassum,sargassum,xylose,% dry weight,4.67,3,pass,,xkang2@lbl.gov,compositional
(0d)5005,29.0,,52,27.0,2025-01-08 09:15:00,hairpin,sargassum,sargassum,lignin,% dry weight,25.4,1,pass,,xkang2@lbl.gov,compositional
(0d)5006,29.0,,52,27.0,2025-01-08 09:15:00,hairpin,sargassum,sargassum,lignin,% dry weight,26.39,2,pass,,xkang2@lbl.gov,compositional
(0d)5007,29.0,,52,27.0,2025-01-08 09:15:00,hairpin,sargassum,sargassum,lignin,% dry weight,25.76,3,pass,,xkang2@lbl.gov,compositional
(13)0685,30.0,,70,24.0,2024-12-16 00:00:00,humorous,almond shells,almonds,lignin,% dry weight,29.45,1,pass,,xkang2@lbl.gov,compositional
(13)29f0,30.0,,70,24.0,2024-12-16 00:00:00,humorous,almond shells,almonds,xylan,% dry weight,15.52,3,pass,,xkang2@lbl.gov,compositional
(13)2c76,30.0,,70,24.0,2024-12-16 00:00:00,humorous,almond shells,almonds,xylose,% dry weight,16.41,2,pass,,xkang2@lbl.gov,compositional
(13)336e,30.0,,70,24.0,2024-12-16 00:00:00,humorous,almond shells,almonds,glucan,% dry weight,20.04,3,pass,,xkang2@lbl.gov,compositional
(13)3600,30.0,,70,24.0,2024-12-16 00:00:00,humorous,almond shells,almonds,lignin,% dry weight,28.53,3,pass,,xkang2@lbl.gov,compositional
(13)6427,30.0,,70,24.0,2024-12-16 00:00:00,humorous,almond shells,almonds,xylose,% dry weight,22.24,1,pass,,xkang2@lbl.gov,compositional
(13)6f70,30.0,,70,24.0,2024-12-16 00:00:00,humorous,almond shells,almonds,xylose,% dry weight,17.63,3,pass,,xkang2@lbl.gov,compositional
(13)8405,30.0,,70,24.0,2024-12-16 00:00:00,humorous,almond shells,almonds,glucose,% dry weight,20.79,2,pass,,xkang2@lbl.gov,compositional
(13)9bb5,30.0,,70,24.0,2024-12-16 00:00:00,humorous,almond shells,almonds,xylan,% dry weight,19.57,1,pass,,xkang2@lbl.gov,compositional
(13)aaf9,30.0,,70,24.0,2024-12-16 00:00:00,humorous,almond shells,almonds,xylan,% dry weight,14.44,2,pass,,xkang2@lbl.gov,compositional
(13)b5a0,30.0,,70,24.0,2024-12-16 00:00:00,humorous,almond shells,almonds,glucan,% dry weight,24.17,1,pass,,xkang2@lbl.gov,compositional
(13)b6b6,30.0,,70,24.0,2024-12-16 00:00:00,humorous,almond shells,almonds,glucan,% dry weight,18.71,2,pass,,xkang2@lbl.gov,compositional
(13)c9f5,30.0,,70,24.0,2024-12-16 00:00:00,humorous,almond shells,almonds,lignin,% dry weight,28.45,2,pass,,xkang2@lbl.gov,compositional
(13)ce37,30.0,,70,24.0,2024-12-16 00:00:00,humorous,almond shells,almonds,glucose,% dry weight,22.26,3,pass,,xkang2@lbl.gov,compositional
(13)f0ed,30.0,,70,24.0,2024-12-16 00:00:00,humorous,almond shells,almonds,glucose,% dry weight,26.86,1,pass,,xkang2@lbl.gov,compositional
(15)0b07,30.0,,71,25.0,2024-12-16 00:00:00,humorous,almond hulls,almonds,glucose,% dry weight,23.56,3,pass,,xkang2@lbl.gov,compositional
(15)0e88,37.0,,160,89.0,2025-10-28 10:42:00,cutaway,walnut shells,walnuts,lignin,% dry weight,50.24,2,pass,,,compositional
(15)1b96,37.0,,160,89.0,2025-10-28 10:42:00,cutaway,walnut shells,walnuts,glucose,% dry weight,12.81,1,pass,,,compositional
(15)1c41,30.0,,71,25.0,2024-12-16 00:00:00,humorous,almond hulls,almonds,lignin,% dry weight,20.93,2,pass,,xkang2@lbl.gov,compositional
(15)1ee2,30.0,,71,25.0,2024-12-16 00:00:00,humorous,almond hulls,almonds,xylan,% dry weight,10.23,3,pass,,xkang2@lbl.gov,compositional
(15)2b3c,30.0,,71,25.0,2024-12-16 00:00:00,humorous,almond hulls,almonds,lignin,% dry weight,20.79,3,pass,,xkang2@lbl.gov,compositional
(15)3f87,30.0,,71,25.0,2024-12-16 00:00:00,humorous,almond hulls,almonds,glucose,% dry weight,23.27,2,pass,,xkang2@lbl.gov,compositional
(15)42c9,37.0,,160,89.0,2025-10-28 10:42:00,cutaway,walnut shells,walnuts,lignin,% dry weight,50.35,3,pass,,,compositional
(15)44b9,30.0,,71,25.0,2024-12-16 00:00:00,humorous,almond hulls,almonds,glucose,% dry weight,24.78,1,pass,,xkang2@lbl.gov,compositional
(15)50cf,37.0,,160,89.0,2025-10-28 10:42:00,cutaway,walnut shells,walnuts,glucan,% dry weight,11.53,1,pass,,,compositional
(15)65e3,30.0,,71,25.0,2024-12-16 00:00:00,humorous,almond hulls,almonds,xylan,% dry weight,10.81,1,pass,,xkang2@lbl.gov,compositional
(15)797a,37.0,,160,89.0,2025-10-28 10:42:00,cutaway,walnut shells,walnuts,glucan,% dry weight,11.84,2,pass,,,compositional
(15)7ae4,37.0,,160,89.0,2025-10-28 10:42:00,cutaway,walnut shells,walnuts,xylose,% dry weight,22.96,1,pass,,,compositional
(15)849b,30.0,,71,25.0,2024-12-16 00:00:00,humorous,almond hulls,almonds,glucan,% dry weight,20.94,2,pass,,xkang2@lbl.gov,compositional
(15)8611,37.0,,160,89.0,2025-10-28 10:42:00,cutaway,walnut shells,walnuts,xylose,% dry weight,23.19,2,pass,,,compositional
(15)8db8,30.0,,71,25.0,2024-12-16 00:00:00,humorous,almond hulls,almonds,glucan,% dry weight,22.3,1,pass,,xkang2@lbl.gov,compositional
(15)93e3,37.0,,160,89.0,2025-10-28 10:42:00,cutaway,walnut shells,walnuts,xylose,% dry weight,22.54,3,pass,,,compositional
(15)95c9,37.0,,160,89.0,2025-10-28 10:42:00,cutaway,walnut shells,walnuts,lignin,% dry weight,50.73,1,pass,,,compositional
(15)962e,30.0,,71,25.0,2024-12-16 00:00:00,humorous,almond hulls,almonds,xylose,% dry weight,11.63,3,pass,,xkang2@lbl.gov,compositional
(15)968f,30.0,,71,25.0,2024-12-16 00:00:00,humorous,almond hulls,almonds,xylose,% dry weight,12.28,1,pass,,xkang2@lbl.gov,compositional
(15)9c77,37.0,,160,89.0,2025-10-28 10:42:00,cutaway,walnut shells,walnuts,glucose,% dry weight,12.87,3,pass,,,compositional
(15)ab15,37.0,,160,89.0,2025-10-28 10:42:00,cutaway,walnut shells,walnuts,glucose,% dry weight,13.16,2,pass,,,compositional
(15)b511,37.0,,160,89.0,2025-10-28 10:42:00,cutaway,walnut shells,walnuts,xylan,% dry weight,20.41,2,pass,,,compositional
(15)c93b,30.0,,71,25.0,2024-12-16 00:00:00,humorous,almond hulls,almonds,glucan,% dry weight,21.2,3,pass,,xkang2@lbl.gov,compositional
(15)cd40,37.0,,160,89.0,2025-10-28 10:42:00,cutaway,walnut shells,walnuts,xylan,% dry weight,20.21,1,pass,,,compositional
(15)d283,30.0,,71,25.0,2024-12-16 00:00:00,humorous,almond hulls,almonds,xylose,% dry weight,11.67,2,pass,,xkang2@lbl.gov,compositional
(15)d582,30.0,,71,25.0,2024-12-16 00:00:00,humorous,almond hulls,almonds,lignin,% dry weight,20.4,1,pass,,xkang2@lbl.gov,compositional
(15)d98b,30.0,,71,25.0,2024-12-16 00:00:00,humorous,almond hulls,almonds,xylan,% dry weight,10.27,2,pass,,xkang2@lbl.gov,compositional
(15)e1e0,37.0,,160,89.0,2025-10-28 10:42:00,cutaway,walnut shells,walnuts,xylan,% dry weight,19.83,3,pass,,,compositional
(15)fea0,37.0,,160,89.0,2025-10-28 10:42:00,cutaway,walnut shells,walnuts,glucan,% dry weight,11.58,3,pass,,,compositional
(24)0b42,28.0,,49,16.0,2024-11-21 15:10:00,tiny,almond shells,almonds,xylose,% dry weight,25.73,2,pass,,xkang2@lbl.gov,compositional
(24)0bc2,28.0,,49,16.0,2024-11-21 15:10:00,tiny,almond shells,almonds,xylan,% dry weight,23.03,3,pass,,xkang2@lbl.gov,compositional
(24)1926,28.0,,49,16.0,2024-11-21 15:10:00,tiny,almond shells,almonds,xylan,% dry weight,22.64,2,pass,,xkang2@lbl.gov,compositional
(24)2a68,28.0,,49,16.0,2024-11-21 15:10:00,tiny,almond shells,almonds,glucan,% dry weight,26.61,2,pass,,xkang2@lbl.gov,compositional
(24)42f3,28.0,,49,16.0,2024-11-21 15:10:00,tiny,almond shells,almonds,glucan,% dry weight,26.98,3,pass,,xkang2@lbl.gov,compositional
(24)6b86,28.0,,49,16.0,2024-11-21 15:10:00,tiny,almond shells,almonds,xylan,% dry weight,23.18,1,pass,,xkang2@lbl.gov,compositional
(24)70e6,28.0,,49,16.0,2024-11-21 15:10:00,tiny,almond shells,almonds,glucan,% dry weight,27.22,1,pass,,xkang2@lbl.gov,compositional
(24)773e,28.0,,49,16.0,2024-11-21 15:10:00,tiny,almond shells,almonds,lignin,% dry weight,24.57,1,pass,,xkang2@lbl.gov,compositional
(24)7d8d,28.0,,49,16.0,2024-11-21 15:10:00,tiny,almond shells,almonds,xylose,% dry weight,26.17,3,pass,,xkang2@lbl.gov,compositional
(24)8d6f,28.0,,49,16.0,2024-11-21 15:10:00,tiny,almond shells,almonds,glucose,% dry weight,29.57,2,pass,,xkang2@lbl.gov,compositional
(24)a25e,28.0,,49,16.0,2024-11-21 15:10:00,tiny,almond shells,almonds,lignin,% dry weight,24.8,2,pass,,xkang2@lbl.gov,compositional
(24)ec0a,28.0,,49,16.0,2024-11-21 15:10:00,tiny,almond shells,almonds,lignin,% dry weight,24.75,3,pass,,xkang2@lbl.gov,compositional
(24)ec7f,28.0,,49,16.0,2024-11-21 15:10:00,tiny,almond shells,almonds,xylose,% dry weight,26.34,1,pass,,xkang2@lbl.gov,compositional
(24)ec97,28.0,,49,16.0,2024-11-21 15:10:00,tiny,almond shells,almonds,glucose,% dry weight,30.24,1,pass,,xkang2@lbl.gov,compositional
(24)fab3,28.0,,49,16.0,2024-11-21 15:10:00,tiny,almond shells,almonds,glucose,% dry weight,29.97,3,pass,,xkang2@lbl.gov,compositional
(28)1266,35.0,,10,1.0,2024-09-09 15:00:00,riverstone,tomato pomace,tomatoes for processing,lignin+,% dry weight,40.34,3,pass,,xkang2@lbl.gov,compositional
(28)2429,35.0,,10,1.0,2024-09-09 15:00:00,riverstone,tomato pomace,tomatoes for processing,xylose,% dry weight,12.56,3,pass,,xkang2@lbl.gov,compositional
(28)4712,30.0,,68,29.0,2025-02-05 14:00:00,caterpillar,corn stover cobs,corn - all,lignin,% dry weight,15.63,2,pass,,xkang2@lbl.gov,compositional
(28)48e7,30.0,,68,29.0,2025-02-05 14:00:00,caterpillar,corn stover cobs,corn - all,glucan,% dry weight,34.12,1,pass,,xkang2@lbl.gov,compositional
(28)491e,35.0,,10,1.0,2024-09-09 15:00:00,riverstone,tomato pomace,tomatoes for processing,glucan,% dry weight,13.84,3,pass,,xkang2@lbl.gov,compositional
(28)50a7,30.0,,68,29.0,2025-02-05 14:00:00,caterpillar,corn stover cobs,corn - all,lignin,% dry weight,15.77,1,pass,,xkang2@lbl.gov,compositional
(28)520d,30.0,,68,29.0,2025-02-05 14:00:00,caterpillar,corn stover cobs,corn - all,xylose,% dry weight,29.05,2,pass,,xkang2@lbl.gov,compositional
(28)59b5,35.0,,10,1.0,2024-09-09 15:00:00,riverstone,tomato pomace,tomatoes for processing,glucose,% dry weight,15.37,3,pass,,xkang2@lbl.gov,compositional
(28)75a7,35.0,,10,1.0,2024-09-09 15:00:00,riverstone,tomato pomace,tomatoes for processing,glucan,% dry weight,13.66,2,pass,,xkang2@lbl.gov,compositional
(28)7919,35.0,,10,1.0,2024-09-09 15:00:00,riverstone,tomato pomace,tomatoes for processing,xylose,% dry weight,10.64,1,pass,,xkang2@lbl.gov,compositional
(28)847b,35.0,,10,1.0,2024-09-09 15:00:00,riverstone,tomato pomace,tomatoes for processing,xylan,% dry weight,11.06,3,pass,,xkang2@lbl.gov,compositional
(28)8908,30.0,,68,29.0,2025-02-05 14:00:00,caterpillar,corn stover cobs,corn - all,lignin,% dry weight,15.97,3,pass,,xkang2@lbl.gov,compositional
(28)8c33,35.0,,10,1.0,2024-09-09 15:00:00,riverstone,tomato pomace,tomatoes for processing,xylan,% dry weight,9.36,1,pass,,xkang2@lbl.gov,compositional
(28)97be,30.0,,68,29.0,2025-02-05 14:00:00,caterpillar,corn stover cobs,corn - all,glucose,% dry weight,37.81,2,pass,,xkang2@lbl.gov,compositional
(28)9a1d,30.0,,68,29.0,2025-02-05 14:00:00,caterpillar,corn stover cobs,corn - all,glucan,% dry weight,34.03,2,pass,,xkang2@lbl.gov,compositional
(28)a3d2,35.0,,10,1.0,2024-09-09 15:00:00,riverstone,tomato pomace,tomatoes for processing,xylose,% dry weight,12.8,2,pass,,xkang2@lbl.gov,compositional
(28)a602,35.0,,10,1.0,2024-09-09 15:00:00,riverstone,tomato pomace,tomatoes for processing,glucan,% dry weight,11.71,1,pass,,xkang2@lbl.gov,compositional
(28)a625,30.0,,68,29.0,2025-02-05 14:00:00,caterpillar,corn stover cobs,corn - all,xylan,% dry weight,25.71,3,pass,,xkang2@lbl.gov,compositional
(28)a74f,30.0,,68,29.0,2025-02-05 14:00:00,caterpillar,corn stover cobs,corn - all,glucose,% dry weight,37.91,1,pass,,xkang2@lbl.gov,compositional
(28)a764,30.0,,68,29.0,2025-02-05 14:00:00,caterpillar,corn stover cobs,corn - all,xylose,% dry weight,28.52,1,pass,,xkang2@lbl.gov,compositional
(28)bca2,30.0,,68,29.0,2025-02-05 14:00:00,caterpillar,corn stover cobs,corn - all,glucan,% dry weight,34.09,3,pass,,xkang2@lbl.gov,compositional
(28)c01c,30.0,,68,29.0,2025-02-05 14:00:00,caterpillar,corn stover cobs,corn - all,xylose,% dry weight,29.21,3,pass,,xkang2@lbl.gov,compositional
(28)c6e6,30.0,,68,29.0,2025-02-05 14:00:00,caterpillar,corn stover cobs,corn - all,xylan,% dry weight,25.09,1,pass,,xkang2@lbl.gov,compositional
(28)c7e9,30.0,,68,29.0,2025-02-05 14:00:00,caterpillar,corn stover cobs,corn - all,xylan,% dry weight,25.56,2,pass,,xkang2@lbl.gov,compositional
(28)cfc4,35.0,,10,1.0,2024-09-09 15:00:00,riverstone,tomato pomace,tomatoes for processing,glucose,% dry weight,13.01,1,pass,,xkang2@lbl.gov,compositional
(28)d0cf,35.0,,10,1.0,2024-09-09 15:00:00,riverstone,tomato pomace,tomatoes for processing,lignin+,% dry weight,40.12,1,pass,,xkang2@lbl.gov,compositional
(28)e48e,35.0,,10,1.0,2024-09-09 15:00:00,riverstone,tomato pomace,tomatoes for processing,lignin+,% dry weight,39.76,2,pass,,xkang2@lbl.gov,compositional
(28)f0fe,35.0,,10,1.0,2024-09-09 15:00:00,riverstone,tomato pomace,tomatoes for processing,xylan,% dry weight,11.26,2,pass,,xkang2@lbl.gov,compositional
(28)f2a0,30.0,,68,29.0,2025-02-05 14:00:00,caterpillar,corn stover cobs,corn - all,glucose,% dry weight,37.88,3,pass,,xkang2@lbl.gov,compositional
(28)f6c9,35.0,,10,1.0,2024-09-09 15:00:00,riverstone,tomato pomace,tomatoes for processing,glucose,% dry weight,15.17,2,pass,,xkang2@lbl.gov,compositional
(31)04ab,28.0,,48,14.0,2024-11-21 12:40:00,vibrant,almond hulls,almonds,xylan,% dry weight,16.63,2,pass,,xkang2@lbl.gov,compositional
(31)1e1b,28.0,,48,14.0,2024-11-21 12:40:00,vibrant,almond hulls,almonds,xylose,% dry weight,18.9,2,pass,,xkang2@lbl.gov,compositional
(31)3fdc,28.0,,48,14.0,2024-11-21 12:40:00,vibrant,almond hulls,almonds,xylan,% dry weight,16.42,3,pass,,xkang2@lbl.gov,compositional
(31)504a,28.0,,48,14.0,2024-11-21 12:40:00,vibrant,almond hulls,almonds,lignin,% dry weight,20.99,3,pass,,xkang2@lbl.gov,compositional
(31)52b7,28.0,,48,14.0,2024-11-21 12:40:00,vibrant,almond hulls,almonds,xylose,% dry weight,18.66,3,pass,,xkang2@lbl.gov,compositional
(31)6292,28.0,,48,14.0,2024-11-21 12:40:00,vibrant,almond hulls,almonds,lignin,% dry weight,20.47,2,pass,,xkang2@lbl.gov,compositional
(31)7265,28.0,,48,14.0,2024-11-21 12:40:00,vibrant,almond hulls,almonds,glucose,% dry weight,34.55,2,pass,,xkang2@lbl.gov,compositional
(31)749c,28.0,,48,14.0,2024-11-21 12:40:00,vibrant,almond hulls,almonds,glucan,% dry weight,30.63,1,pass,,xkang2@lbl.gov,compositional
(31)8be1,28.0,,48,14.0,2024-11-21 12:40:00,vibrant,almond hulls,almonds,xylan,% dry weight,16.53,1,pass,,xkang2@lbl.gov,compositional
(31)9a9b,28.0,,48,14.0,2024-11-21 12:40:00,vibrant,almond hulls,almonds,xylose,% dry weight,18.79,1,pass,,xkang2@lbl.gov,compositional
(31)bcc3,28.0,,48,14.0,2024-11-21 12:40:00,vibrant,almond hulls,almonds,lignin,% dry weight,20.48,1,pass,,xkang2@lbl.gov,compositional
(31)d8e4,28.0,,48,14.0,2024-11-21 12:40:00,vibrant,almond hulls,almonds,glucan,% dry weight,31.09,2,pass,,xkang2@lbl.gov,compositional
(31)edc7,28.0,,48,14.0,2024-11-21 12:40:00,vibrant,almond hulls,almonds,glucan,% dry weight,31.06,3,pass,,xkang2@lbl.gov,compositional
(31)eec3,28.0,,48,14.0,2024-11-21 12:40:00,vibrant,almond hulls,almonds,glucose,% dry weight,34.04,1,pass,,xkang2@lbl.gov,compositional
(31)f0ca,28.0,,48,14.0,2024-11-21 12:40:00,vibrant,almond hulls,almonds,glucose,% dry weight,34.52,3,pass,,xkang2@lbl.gov,compositional
(37)0930,28.0,,47,13.0,2024-11-21 12:10:00,vibrant,almond shells,almonds,xylose,% dry weight,25.89,1,pass,,xkang2@lbl.gov,compositional
(37)2e71,28.0,,47,13.0,2024-11-21 12:10:00,vibrant,almond shells,almonds,xylan,% dry weight,23.55,2,pass,,xkang2@lbl.gov,compositional
(37)3b10,28.0,,47,13.0,2024-11-21 12:10:00,vibrant,almond shells,almonds,glucan,% dry weight,28.67,2,pass,,xkang2@lbl.gov,compositional
(37)4504,28.0,,47,13.0,2024-11-21 12:10:00,vibrant,almond shells,almonds,xylan,% dry weight,23.33,3,pass,,xkang2@lbl.gov,compositional
(37)4b35,28.0,,47,13.0,2024-11-21 12:10:00,vibrant,almond shells,almonds,lignin,% dry weight,26.76,3,pass,,xkang2@lbl.gov,compositional
(37)679f,28.0,,47,13.0,2024-11-21 12:10:00,vibrant,almond shells,almonds,xylan,% dry weight,22.79,1,pass,,xkang2@lbl.gov,compositional
(37)6df6,28.0,,47,13.0,2024-11-21 12:10:00,vibrant,almond shells,almonds,lignin,% dry weight,26.23,1,pass,,xkang2@lbl.gov,compositional
(37)82b5,28.0,,47,13.0,2024-11-21 12:10:00,vibrant,almond shells,almonds,xylose,% dry weight,26.76,2,pass,,xkang2@lbl.gov,compositional
(37)8ab5,28.0,,47,13.0,2024-11-21 12:10:00,vibrant,almond shells,almonds,glucose,% dry weight,31.27,1,pass,,xkang2@lbl.gov,compositional
(37)99cb,28.0,,47,13.0,2024-11-21 12:10:00,vibrant,almond shells,almonds,lignin,% dry weight,25.8,2,pass,,xkang2@lbl.gov,compositional
(37)9c26,28.0,,47,13.0,2024-11-21 12:10:00,vibrant,almond shells,almonds,xylose,% dry weight,26.51,3,pass,,xkang2@lbl.gov,compositional
(37)c333,28.0,,47,13.0,2024-11-21 12:10:00,vibrant,almond shells,almonds,glucan,% dry weight,28.6,3,pass,,xkang2@lbl.gov,compositional
(37)d647,28.0,,47,13.0,2024-11-21 12:10:00,vibrant,almond shells,almonds,glucose,% dry weight,31.86,2,pass,,xkang2@lbl.gov,compositional
(37)da91,28.0,,47,13.0,2024-11-21 12:10:00,vibrant,almond shells,almonds,glucose,% dry weight,31.78,3,pass,,xkang2@lbl.gov,compositional
(37)fb45,28.0,,47,13.0,2024-11-21 12:10:00,vibrant,almond shells,almonds,glucan,% dry weight,28.14,1,pass,,xkang2@lbl.gov,compositional
(3c)1095,32.0,,77,33.0,2025-06-30 10:45:00,possessive,alfalfa,hay - alfalfa,lignin,% dry weight,20.6,3,pass,,,compositional
(3c)1efb,32.0,,77,33.0,2025-06-30 10:45:00,possessive,alfalfa,hay - alfalfa,glucose,% dry weight,27.1,2,pass,,,compositional
(3c)3131,32.0,,77,33.0,2025-06-30 10:45:00,possessive,alfalfa,hay - alfalfa,glucan,% dry weight,25.1,3,pass,,,compositional
(3c)3f98,32.0,,77,33.0,2025-06-30 10:45:00,possessive,alfalfa,hay - alfalfa,xylose,% dry weight,13.15,3,pass,,,compositional
(3c)3fff,32.0,,77,33.0,2025-06-30 10:45:00,possessive,alfalfa,hay - alfalfa,glucose,% dry weight,27.89,3,pass,,,compositional
(3c)4cb4,32.0,,77,33.0,2025-06-30 10:45:00,possessive,alfalfa,hay - alfalfa,glucan,% dry weight,24.39,2,pass,,,compositional
(3c)594e,32.0,,77,33.0,2025-06-30 10:45:00,possessive,alfalfa,hay - alfalfa,xylan,% dry weight,11.32,1,pass,,,compositional
(3c)6726,32.0,,77,33.0,2025-06-30 10:45:00,possessive,alfalfa,hay - alfalfa,xylose,% dry weight,12.88,2,pass,,,compositional
(3c)693c,32.0,,77,33.0,2025-06-30 10:45:00,possessive,alfalfa,hay - alfalfa,lignin,% dry weight,21.0,1,pass,,,compositional
(3c)933c,32.0,,77,33.0,2025-06-30 10:45:00,possessive,alfalfa,hay - alfalfa,glucose,% dry weight,27.38,1,pass,,,compositional
(3c)c6b9,32.0,,77,33.0,2025-06-30 10:45:00,possessive,alfalfa,hay - alfalfa,xylan,% dry weight,11.33,2,pass,,,compositional
(3c)d0b2,32.0,,77,33.0,2025-06-30 10:45:00,possessive,alfalfa,hay - alfalfa,glucan,% dry weight,24.64,1,pass,,,compositional
(3c)d339,32.0,,77,33.0,2025-06-30 10:45:00,possessive,alfalfa,hay - alfalfa,lignin,% dry weight,21.01,2,pass,,,compositional
(3c)eefe,32.0,,77,33.0,2025-06-30 10:45:00,possessive,alfalfa,hay - alfalfa,xylan,% dry weight,11.57,3,pass,,,compositional
(3c)fc9b,32.0,,77,33.0,2025-06-30 10:45:00,possessive,alfalfa,hay - alfalfa,xylose,% dry weight,12.86,1,pass,,,compositional
(42)0211,36.0,,81,36.0,2025-06-30 12:15:00,possessive,rice straw,rice,glucose,% dry weight,33.43,3,pass,,,compositional
(42)0654,36.0,,81,36.0,2025-06-30 12:15:00,possessive,rice straw,rice,xylose,% dry weight,17.7,3,pass,,,compositional
(42)0843,36.0,,81,36.0,2025-06-30 12:15:00,possessive,rice straw,rice,arabinose,% dry weight,2.64,1,pass,,,compositional
(42)2e48,36.0,,81,36.0,2025-06-30 12:15:00,possessive,rice straw,rice,glucan,% dry weight,31.72,1,pass,,,compositional
(42)446d,36.0,,81,36.0,2025-06-30 12:15:00,possessive,rice straw,rice,xylan,% dry weight,15.58,3,pass,,,compositional
(42)47a3,36.0,,81,36.0,2025-06-30 12:15:00,possessive,rice straw,rice,lignin,% dry weight,17.05,3,pass,,,compositional
(42)4816,36.0,,81,36.0,2025-06-30 12:15:00,possessive,rice straw,rice,xylose,% dry weight,18.43,1,pass,,,compositional
(42)54b7,36.0,,81,36.0,2025-06-30 12:15:00,possessive,rice straw,rice,xylose,% dry weight,18.11,2,pass,,,compositional
(42)575c,36.0,,81,36.0,2025-06-30 12:15:00,possessive,rice straw,rice,arabinan,% dry weight,2.32,1,pass,,,compositional
(42)672f,36.0,,81,36.0,2025-06-30 12:15:00,possessive,rice straw,rice,arabinan,% dry weight,2.33,2,pass,,,compositional
(42)7180,36.0,,81,36.0,2025-06-30 12:15:00,possessive,rice straw,rice,glucan,% dry weight,31.32,2,pass,,,compositional
(42)7a67,36.0,,81,36.0,2025-06-30 12:15:00,possessive,rice straw,rice,arabinose,% dry weight,2.57,3,pass,,,compositional
(42)8729,36.0,,81,36.0,2025-06-30 12:15:00,possessive,rice straw,rice,glucan,% dry weight,30.09,3,pass,,,compositional
(42)9356,36.0,,81,36.0,2025-06-30 12:15:00,possessive,rice straw,rice,arabinose,% dry weight,2.64,2,pass,,,compositional
(42)a992,36.0,,81,36.0,2025-06-30 12:15:00,possessive,rice straw,rice,lignin,% dry weight,16.85,1,pass,,,compositional
(42)b7cc,36.0,,81,36.0,2025-06-30 12:15:00,possessive,rice straw,rice,glucose,% dry weight,35.25,1,pass,,,compositional
(42)cbb9,36.0,,81,36.0,2025-06-30 12:15:00,possessive,rice straw,rice,arabinan,% dry weight,2.27,3,pass,,,compositional
(42)cdaa,36.0,,81,36.0,2025-06-30 12:15:00,possessive,rice straw,rice,xylan,% dry weight,15.94,2,pass,,,compositional
(42)d006,36.0,,81,36.0,2025-06-30 12:15:00,possessive,rice straw,rice,glucose,% dry weight,34.8,2,pass,,,compositional
(42)dee4,36.0,,81,36.0,2025-06-30 12:15:00,possessive,rice straw,rice,xylan,% dry weight,16.22,1,pass,,,compositional
(42)f6e3,36.0,,81,36.0,2025-06-30 12:15:00,possessive,rice straw,rice,lignin,% dry weight,16.8,2,pass,,,compositional
(4c)0e12,38.0,,145,65.0,2025-09-16 09:30:00,humorous,almond branches,almonds,glucan,% dry weight,22.41,2,pass,,,compositional
(4c)1205,38.0,,145,65.0,2025-09-16 09:30:00,humorous,almond branches,almonds,glucose,% dry weight,25.22,1,pass,,,compositional
(4c)12e4,38.0,,145,65.0,2025-09-16 09:30:00,humorous,almond branches,almonds,xylose,% dry weight,14.76,2,pass,,,compositional
(4c)1473,38.0,,145,65.0,2025-09-16 09:30:00,humorous,almond branches,almonds,lignin,% dry weight,37.74,2,pass,,,compositional
(4c)21be,38.0,,145,65.0,2025-09-16 09:30:00,humorous,almond branches,almonds,glucose,% dry weight,25.73,3,pass,,,compositional
(4c)3b40,38.0,,145,65.0,2025-09-16 09:30:00,humorous,almond branches,almonds,glucan,% dry weight,22.7,1,pass,,,compositional
(4c)3b8c,38.0,,145,65.0,2025-09-16 09:30:00,humorous,almond branches,almonds,xylose,% dry weight,15.39,3,pass,,,compositional
(4c)5b6e,38.0,,145,65.0,2025-09-16 09:30:00,humorous,almond branches,almonds,xylan,% dry weight,13.54,3,pass,,,compositional
(4c)6022,38.0,,145,65.0,2025-09-16 09:30:00,humorous,almond branches,almonds,xylose,% dry weight,14.99,1,pass,,,compositional
(4c)6cf6,38.0,,145,65.0,2025-09-16 09:30:00,humorous,almond branches,almonds,lignin,% dry weight,38.52,1,pass,,,compositional
(4c)705c,38.0,,145,65.0,2025-09-16 09:30:00,humorous,almond branches,almonds,lignin,% dry weight,38.36,3,pass,,,compositional
(4c)9c25,38.0,,145,65.0,2025-09-16 09:30:00,humorous,almond branches,almonds,xylan,% dry weight,13.19,1,pass,,,compositional
(4c)b5c1,38.0,,145,65.0,2025-09-16 09:30:00,humorous,almond branches,almonds,glucan,% dry weight,23.16,3,pass,,,compositional
(4c)c715,38.0,,145,65.0,2025-09-16 09:30:00,humorous,almond branches,almonds,glucose,% dry weight,24.9,2,pass,,,compositional
(4c)ddb6,38.0,,145,65.0,2025-09-16 09:30:00,humorous,almond branches,almonds,xylan,% dry weight,12.99,2,pass,,,compositional
(4d)2252,30.0,,55,22.0,2024-11-26 11:10:00,energetic,walnut tree sticks,walnuts,glucan,% dry weight,23.28,3,pass,,xkang2@lbl.gov,compositional
(4d)2360,30.0,,55,22.0,2024-11-26 11:10:00,energetic,walnut tree sticks,walnuts,xylan,% dry weight,13.16,1,pass,,xkang2@lbl.gov,compositional
(4d)2619,30.0,,55,22.0,2024-11-26 11:10:00,energetic,walnut tree sticks,walnuts,xylan,% dry weight,13.08,3,pass,,xkang2@lbl.gov,compositional
(4d)3358,30.0,,55,22.0,2024-11-26 11:10:00,energetic,walnut tree sticks,walnuts,xylose,% dry weight,14.87,3,pass,,xkang2@lbl.gov,compositional
(4d)3fcf,30.0,,55,22.0,2024-11-26 11:10:00,energetic,walnut tree sticks,walnuts,xylan,% dry weight,13.19,2,pass,,xkang2@lbl.gov,compositional
(4d)517e,30.0,,55,22.0,2024-11-26 11:10:00,energetic,walnut tree sticks,walnuts,xylose,% dry weight,14.99,2,pass,,xkang2@lbl.gov,compositional
(4d)86ca,30.0,,55,22.0,2024-11-26 11:10:00,energetic,walnut tree sticks,walnuts,glucose,% dry weight,26.65,1,pass,,xkang2@lbl.gov,compositional
(4d)8f9f,30.0,,55,22.0,2024-11-26 11:10:00,energetic,walnut tree sticks,walnuts,glucan,% dry weight,23.98,1,pass,,xkang2@lbl.gov,compositional
(4d)a3be,30.0,,55,22.0,2024-11-26 11:10:00,energetic,walnut tree sticks,walnuts,lignin,% dry weight,31.88,1,pass,,xkang2@lbl.gov,compositional
(4d)acb5,30.0,,55,22.0,2024-11-26 11:10:00,energetic,walnut tree sticks,walnuts,glucose,% dry weight,25.86,3,pass,,xkang2@lbl.gov,compositional
(4d)bbf7,30.0,,55,22.0,2024-11-26 11:10:00,energetic,walnut tree sticks,walnuts,glucose,% dry weight,26.12,2,pass,,xkang2@lbl.gov,compositional
(4d)c206,30.0,,55,22.0,2024-11-26 11:10:00,energetic,walnut tree sticks,walnuts,lignin,% dry weight,32.08,2,pass,,xkang2@lbl.gov,compositional
(4d)f3b0,30.0,,55,22.0,2024-11-26 11:10:00,energetic,walnut tree sticks,walnuts,xylose,% dry weight,14.96,1,pass,,xkang2@lbl.gov,compositional
(4d)f49b,30.0,,55,22.0,2024-11-26 11:10:00,energetic,walnut tree sticks,walnuts,glucan,% dry weight,23.51,2,pass,,xkang2@lbl.gov,compositional
(4d)fd25,30.0,,55,22.0,2024-11-26 11:10:00,energetic,walnut tree sticks,walnuts,lignin,% dry weight,32.07,3,pass,,xkang2@lbl.gov,compositional
(4e)e137,35.0,,32,6.0,2024-10-25 10:30:00,ebony,grape pomace,grapes,glucan,% dry weight,5.57,1,pass,,xkang2@lbl.gov,compositional
(4e)e138,35.0,,32,6.0,2024-10-25 10:30:00,ebony,grape pomace,grapes,glucan,% dry weight,8.76,2,pass,,xkang2@lbl.gov,compositional
(4e)e139,35.0,,32,6.0,2024-10-25 10:30:00,ebony,grape pomace,grapes,glucan,% dry weight,8.5,3,pass,,xkang2@lbl.gov,compositional
(4e)e140,35.0,,32,6.0,2024-10-25 10:30:00,ebony,grape pomace,grapes,glucose,% dry weight,6.19,1,pass,,xkang2@lbl.gov,compositional
(4e)e141,35.0,,32,6.0,2024-10-25 10:30:00,ebony,grape pomace,grapes,glucose,% dry weight,9.74,2,pass,,xkang2@lbl.gov,compositional
(4e)e142,35.0,,32,6.0,2024-10-25 10:30:00,ebony,grape pomace,grapes,glucose,% dry weight,9.44,3,pass,,xkang2@lbl.gov,compositional
(4e)e143,35.0,,32,6.0,2024-10-25 10:30:00,ebony,grape pomace,grapes,xylan,% dry weight,2.92,1,pass,,xkang2@lbl.gov,compositional
(4e)e144,35.0,,32,6.0,2024-10-25 10:30:00,ebony,grape pomace,grapes,xylan,% dry weight,5.48,2,pass,,xkang2@lbl.gov,compositional
(4e)e145,35.0,,32,6.0,2024-10-25 10:30:00,ebony,grape pomace,grapes,xylan,% dry weight,6.29,3,pass,,xkang2@lbl.gov,compositional
(4e)e146,35.0,,32,6.0,2024-10-25 10:30:00,ebony,grape pomace,grapes,xylose,% dry weight,3.32,1,pass,,xkang2@lbl.gov,compositional
(4e)e147,35.0,,32,6.0,2024-10-25 10:30:00,ebony,grape pomace,grapes,xylose,% dry weight,6.23,2,pass,,xkang2@lbl.gov,compositional
(4e)e148,35.0,,32,6.0,2024-10-25 10:30:00,ebony,grape pomace,grapes,xylose,% dry weight,7.15,3,pass,,xkang2@lbl.gov,compositional
(4e)e149,35.0,,32,6.0,2024-10-25 10:30:00,ebony,grape pomace,grapes,lignin,% dry weight,49.71,1,pass,,xkang2@lbl.gov,compositional
(4e)e150,35.0,,32,6.0,2024-10-25 10:30:00,ebony,grape pomace,grapes,lignin,% dry weight,48.47,2,pass,,xkang2@lbl.gov,compositional
(4e)e151,35.0,,32,6.0,2024-10-25 10:30:00,ebony,grape pomace,grapes,lignin,% dry weight,47.84,3,pass,,xkang2@lbl.gov,compositional
(56)0a63,39.0,,37,23.0,2024-12-05 13:30:00,tackle,sweet potato culls,sweet potatoes,xylan,% dry weight,3.2,1,pass,,xkang2@lbl.gov,compositional
(56)18a9,39.0,,37,23.0,2024-12-05 13:30:00,tackle,sweet potato culls,sweet potatoes,glucose,% dry weight,60.24,1,pass,,xkang2@lbl.gov,compositional
(56)2b2d,39.0,,37,23.0,2024-12-05 13:30:00,tackle,sweet potato culls,sweet potatoes,lignin,% dry weight,8.57,3,pass,,xkang2@lbl.gov,compositional
(56)40ab,39.0,,37,23.0,2024-12-05 13:30:00,tackle,sweet potato culls,sweet potatoes,lignin,% dry weight,8.85,2,pass,,xkang2@lbl.gov,compositional
(56)6bd3,39.0,,37,23.0,2024-12-05 13:30:00,tackle,sweet potato culls,sweet potatoes,xylose,% dry weight,3.64,1,pass,,xkang2@lbl.gov,compositional
(56)8d1e,39.0,,37,23.0,2024-12-05 13:30:00,tackle,sweet potato culls,sweet potatoes,lignin,% dry weight,8.7,1,pass,,xkang2@lbl.gov,compositional
(56)91f5,39.0,,37,23.0,2024-12-05 13:30:00,tackle,sweet potato culls,sweet potatoes,xylan,% dry weight,3.2,2,pass,,xkang2@lbl.gov,compositional
(56)9243,39.0,,37,23.0,2024-12-05 13:30:00,tackle,sweet potato culls,sweet potatoes,glucan,% dry weight,54.21,1,pass,,xkang2@lbl.gov,compositional
(56)b418,39.0,,37,23.0,2024-12-05 13:30:00,tackle,sweet potato culls,sweet potatoes,glucose,% dry weight,59.72,2,pass,,xkang2@lbl.gov,compositional
(56)c0fc,39.0,,37,23.0,2024-12-05 13:30:00,tackle,sweet potato culls,sweet potatoes,glucan,% dry weight,54.57,3,pass,,xkang2@lbl.gov,compositional
(56)ce12,39.0,,37,23.0,2024-12-05 13:30:00,tackle,sweet potato culls,sweet potatoes,xylose,% dry weight,3.63,2,pass,,xkang2@lbl.gov,compositional
(56)d797,39.0,,37,23.0,2024-12-05 13:30:00,tackle,sweet potato culls,sweet potatoes,glucan,% dry weight,53.75,2,pass,,xkang2@lbl.gov,compositional
(56)ea26,39.0,,37,23.0,2024-12-05 13:30:00,tackle,sweet potato culls,sweet potatoes,xylan,% dry weight,3.13,3,pass,,xkang2@lbl.gov,compositional
(56)ea73,39.0,,37,23.0,2024-12-05 13:30:00,tackle,sweet potato culls,sweet potatoes,xylose,% dry weight,3.56,3,pass,,xkang2@lbl.gov,compositional
(56)fe5f,39.0,,37,23.0,2024-12-05 13:30:00,tackle,sweet potato culls,sweet potatoes,glucose,% dry weight,60.64,3,pass,,xkang2@lbl.gov,compositional
(5b)02e9,30.0,,69,30.0,2025-02-05 14:00:00,caterpillar,corn stover stalks,corn - all,lignin,% dry weight,22.11,3,pass,,xkang2@lbl.gov,compositional
(5b)21af,30.0,,69,30.0,2025-02-05 14:00:00,caterpillar,corn stover stalks,corn - all,glucose,% dry weight,44.96,1,pass,,xkang2@lbl.gov,compositional
(5b)334a,30.0,,69,30.0,2025-02-05 14:00:00,caterpillar,corn stover stalks,corn - all,xylan,% dry weight,19.57,3,pass,,xkang2@lbl.gov,compositional
(5b)3885,30.0,,69,30.0,2025-02-05 14:00:00,caterpillar,corn stover stalks,corn - all,lignin,% dry weight,21.95,2,pass,,xkang2@lbl.gov,compositional
(5b)58d8,30.0,,69,30.0,2025-02-05 14:00:00,caterpillar,corn stover stalks,corn - all,glucose,% dry weight,45.33,3,pass,,xkang2@lbl.gov,compositional
(5b)5a60,30.0,,69,30.0,2025-02-05 14:00:00,caterpillar,corn stover stalks,corn - all,xylose,% dry weight,22.27,2,pass,,xkang2@lbl.gov,compositional
(5b)651e,30.0,,69,30.0,2025-02-05 14:00:00,caterpillar,corn stover stalks,corn - all,glucan,% dry weight,40.47,1,pass,,xkang2@lbl.gov,compositional
(5b)7bed,30.0,,69,30.0,2025-02-05 14:00:00,caterpillar,corn stover stalks,corn - all,xylan,% dry weight,19.6,2,pass,,xkang2@lbl.gov,compositional
(5b)8bf7,30.0,,69,30.0,2025-02-05 14:00:00,caterpillar,corn stover stalks,corn - all,lignin,% dry weight,22.2,1,pass,,xkang2@lbl.gov,compositional
(5b)9d19,30.0,,69,30.0,2025-02-05 14:00:00,caterpillar,corn stover stalks,corn - all,glucan,% dry weight,40.8,3,pass,,xkang2@lbl.gov,compositional
(5b)a03f,30.0,,69,30.0,2025-02-05 14:00:00,caterpillar,corn stover stalks,corn - all,glucose,% dry weight,44.99,2,pass,,xkang2@lbl.gov,compositional
(5b)bad2,30.0,,69,30.0,2025-02-05 14:00:00,caterpillar,corn stover stalks,corn - all,glucan,% dry weight,40.49,2,pass,,xkang2@lbl.gov,compositional
(5b)cb5c,30.0,,69,30.0,2025-02-05 14:00:00,caterpillar,corn stover stalks,corn - all,xylan,% dry weight,19.51,1,pass,,xkang2@lbl.gov,compositional
(5b)cf6c,30.0,,69,30.0,2025-02-05 14:00:00,caterpillar,corn stover stalks,corn - all,xylose,% dry weight,22.24,3,pass,,xkang2@lbl.gov,compositional
(5b)de58,30.0,,69,30.0,2025-02-05 14:00:00,caterpillar,corn stover stalks,corn - all,xylose,% dry weight,22.17,1,pass,,xkang2@lbl.gov,compositional
(5c)335d,35.0,,18,8.0,2024-11-10 15:10:00,maplewood,grape stem,grapes,xylose,% dry weight,9.18,1,pass,,xkang2@lbl.gov,compositional
(5c)527f,35.0,,18,8.0,2024-11-10 15:10:00,maplewood,grape stem,grapes,lignin,% dry weight,27.28,3,pass,,xkang2@lbl.gov,compositional
(5c)6000,35.0,,18,8.0,2024-11-10 15:10:00,maplewood,grape stem,grapes,xylan,% dry weight,7.9,2,pass,,xkang2@lbl.gov,compositional
(5c)6845,35.0,,18,8.0,2024-11-10 15:10:00,maplewood,grape stem,grapes,xylose,% dry weight,8.98,2,pass,,xkang2@lbl.gov,compositional
(5c)6b44,35.0,,18,8.0,2024-11-10 15:10:00,maplewood,grape stem,grapes,lignin,% dry weight,27.2,2,pass,,xkang2@lbl.gov,compositional
(5c)6bfe,35.0,,18,8.0,2024-11-10 15:10:00,maplewood,grape stem,grapes,glucan,% dry weight,25.16,1,pass,,xkang2@lbl.gov,compositional
(5c)76f6,35.0,,18,8.0,2024-11-10 15:10:00,maplewood,grape stem,grapes,glucose,% dry weight,27.37,3,pass,,xkang2@lbl.gov,compositional
(5c)7ce2,35.0,,18,8.0,2024-11-10 15:10:00,maplewood,grape stem,grapes,glucan,% dry weight,24.63,3,pass,,xkang2@lbl.gov,compositional
(5c)861a,35.0,,18,8.0,2024-11-10 15:10:00,maplewood,grape stem,grapes,glucan,% dry weight,25.05,2,pass,,xkang2@lbl.gov,compositional
(5c)94a8,35.0,,18,8.0,2024-11-10 15:10:00,maplewood,grape stem,grapes,xylan,% dry weight,8.08,1,pass,,xkang2@lbl.gov,compositional
(5c)960b,35.0,,18,8.0,2024-11-10 15:10:00,maplewood,grape stem,grapes,glucose,% dry weight,27.83,2,pass,,xkang2@lbl.gov,compositional
(5c)ad73,35.0,,18,8.0,2024-11-10 15:10:00,maplewood,grape stem,grapes,lignin,% dry weight,26.82,1,pass,,xkang2@lbl.gov,compositional
(5c)bbe3,35.0,,18,8.0,2024-11-10 15:10:00,maplewood,grape stem,grapes,xylose,% dry weight,8.95,3,pass,,xkang2@lbl.gov,compositional
(5c)c934,35.0,,18,8.0,2024-11-10 15:10:00,maplewood,grape stem,grapes,xylan,% dry weight,7.87,3,pass,,xkang2@lbl.gov,compositional
(5c)e78e,35.0,,18,8.0,2024-11-10 15:10:00,maplewood,grape stem,grapes,glucose,% dry weight,27.96,1,pass,,xkang2@lbl.gov,compositional
(62)014a,36.0,,80,34.0,2025-06-30 11:15:00,possessive,wheat straw,winter wheat,arabinan,% dry weight,1.81,2,pass,,,compositional
(62)0975,36.0,,80,34.0,2025-06-30 11:15:00,possessive,wheat straw,winter wheat,xylose,% dry weight,21.97,2,pass,,,compositional
(62)0f95,36.0,,80,34.0,2025-06-30 11:15:00,possessive,wheat straw,winter wheat,glucose,% dry weight,37.93,3,pass,,,compositional
(62)1c36,36.0,,80,34.0,2025-06-30 11:15:00,possessive,wheat straw,winter wheat,arabinose,% dry weight,2.06,2,pass,,,compositional
(62)1d0d,36.0,,80,34.0,2025-06-30 11:15:00,possessive,wheat straw,winter wheat,glucan,% dry weight,34.14,3,pass,,,compositional
(62)20f9,36.0,,80,34.0,2025-06-30 11:15:00,possessive,wheat straw,winter wheat,xylose,% dry weight,21.97,3,pass,,,compositional
(62)352d,36.0,,80,34.0,2025-06-30 11:15:00,possessive,wheat straw,winter wheat,glucose,% dry weight,37.89,1,pass,,,compositional
(62)3af6,36.0,,80,34.0,2025-06-30 11:15:00,possessive,wheat straw,winter wheat,arabinose,% dry weight,2.08,3,pass,,,compositional
(62)418e,36.0,,80,34.0,2025-06-30 11:15:00,possessive,wheat straw,winter wheat,arabinose,% dry weight,2.18,1,pass,,,compositional
(62)50f3,36.0,,80,34.0,2025-06-30 11:15:00,possessive,wheat straw,winter wheat,arabinan,% dry weight,1.92,1,pass,,,compositional
(62)5304,36.0,,80,34.0,2025-06-30 11:15:00,possessive,wheat straw,winter wheat,xylan,% dry weight,19.33,2,pass,,,compositional
(62)5ab6,36.0,,80,34.0,2025-06-30 11:15:00,possessive,wheat straw,winter wheat,xylose,% dry weight,22.05,1,pass,,,compositional
(62)79f1,36.0,,80,34.0,2025-06-30 11:15:00,possessive,wheat straw,winter wheat,lignin,% dry weight,16.47,1,pass,,,compositional
(62)8114,36.0,,80,34.0,2025-06-30 11:15:00,possessive,wheat straw,winter wheat,lignin,% dry weight,16.44,2,pass,,,compositional
(62)8b4d,36.0,,80,34.0,2025-06-30 11:15:00,possessive,wheat straw,winter wheat,xylan,% dry weight,19.33,3,pass,,,compositional
(62)99c5,36.0,,80,34.0,2025-06-30 11:15:00,possessive,wheat straw,winter wheat,glucan,% dry weight,34.1,1,pass,,,compositional
(62)a8c9,36.0,,80,34.0,2025-06-30 11:15:00,possessive,wheat straw,winter wheat,glucan,% dry weight,34.28,2,pass,,,compositional
(62)b906,36.0,,80,34.0,2025-06-30 11:15:00,possessive,wheat straw,winter wheat,glucose,% dry weight,38.09,2,pass,,,compositional
(62)cb0b,36.0,,80,34.0,2025-06-30 11:15:00,possessive,wheat straw,winter wheat,arabinan,% dry weight,1.83,3,pass,,,compositional
(62)d08a,36.0,,80,34.0,2025-06-30 11:15:00,possessive,wheat straw,winter wheat,lignin,% dry weight,16.83,3,pass,,,compositional
(62)ed41,36.0,,80,34.0,2025-06-30 11:15:00,possessive,wheat straw,winter wheat,xylan,% dry weight,19.41,1,pass,,,compositional
(71)0047,38.0,,147,67.0,2025-09-16 09:30:00,humorous,almond shells,almonds,lignin,% dry weight,33.97,3,pass,,,compositional
(71)0a21,38.0,,147,67.0,2025-09-16 09:30:00,humorous,almond shells,almonds,xylan,% dry weight,16.45,2,pass,,,compositional
(71)0d9d,38.0,,147,67.0,2025-09-16 09:30:00,humorous,almond shells,almonds,lignin,% dry weight,32.57,1,pass,,,compositional
(71)12a5,38.0,,147,67.0,2025-09-16 09:30:00,humorous,almond shells,almonds,xylan,% dry weight,16.32,3,pass,,,compositional
(71)16f9,38.0,,147,67.0,2025-09-16 09:30:00,humorous,almond shells,almonds,xylose,% dry weight,18.69,2,pass,,,compositional
(71)23e9,38.0,,147,67.0,2025-09-16 09:30:00,humorous,almond shells,almonds,lignin,% dry weight,34.35,2,pass,,,compositional
(71)3ea0,38.0,,147,67.0,2025-09-16 09:30:00,humorous,almond shells,almonds,xylose,% dry weight,13.87,1,pass,,,compositional
(71)470a,38.0,,147,67.0,2025-09-16 09:30:00,humorous,almond shells,almonds,glucose,% dry weight,17.76,1,pass,,,compositional
(71)4e76,38.0,,147,67.0,2025-09-16 09:30:00,humorous,almond shells,almonds,glucose,% dry weight,23.74,2,pass,,,compositional
(71)5316,38.0,,147,67.0,2025-09-16 09:30:00,humorous,almond shells,almonds,xylan,% dry weight,12.21,1,pass,,,compositional
(71)5322,38.0,,147,67.0,2025-09-16 09:30:00,humorous,almond shells,almonds,xylose,% dry weight,18.55,3,pass,,,compositional
(71)929c,38.0,,147,67.0,2025-09-16 09:30:00,humorous,almond shells,almonds,glucan,% dry weight,21.37,2,pass,,,compositional
(71)b8d9,38.0,,147,67.0,2025-09-16 09:30:00,humorous,almond shells,almonds,glucan,% dry weight,15.98,1,pass,,,compositional
(71)bfdb,38.0,,147,67.0,2025-09-16 09:30:00,humorous,almond shells,almonds,glucan,% dry weight,21.39,3,pass,,,compositional
(71)c9c9,38.0,,147,67.0,2025-09-16 09:30:00,humorous,almond shells,almonds,glucose,% dry weight,23.76,3,pass,,,compositional
(72)00aa,30.0,,67,28.0,2025-02-05 14:00:00,caterpillar,corn stover husks,corn - all,glucose,% dry weight,44.68,2,pass,,xkang2@lbl.gov,compositional
(72)0778,30.0,,67,28.0,2025-02-05 14:00:00,caterpillar,corn stover husks,corn - all,lignin,% dry weight,18.61,3,pass,,xkang2@lbl.gov,compositional
(72)1255,30.0,,67,28.0,2025-02-05 14:00:00,caterpillar,corn stover husks,corn - all,glucan,% dry weight,41.16,1,pass,,xkang2@lbl.gov,compositional
(72)2916,30.0,,67,28.0,2025-02-05 14:00:00,caterpillar,corn stover husks,corn - all,glucan,% dry weight,39.76,3,pass,,xkang2@lbl.gov,compositional
(72)3abe,30.0,,67,28.0,2025-02-05 14:00:00,caterpillar,corn stover husks,corn - all,xylan,% dry weight,21.33,3,pass,,xkang2@lbl.gov,compositional
(72)4bbe,30.0,,67,28.0,2025-02-05 14:00:00,caterpillar,corn stover husks,corn - all,lignin,% dry weight,18.61,2,pass,,xkang2@lbl.gov,compositional
(72)4e20,30.0,,67,28.0,2025-02-05 14:00:00,caterpillar,corn stover husks,corn - all,xylose,% dry weight,24.88,1,pass,,xkang2@lbl.gov,compositional
(72)5d6f,30.0,,67,28.0,2025-02-05 14:00:00,caterpillar,corn stover husks,corn - all,glucose,% dry weight,45.74,1,pass,,xkang2@lbl.gov,compositional
(72)8404,30.0,,67,28.0,2025-02-05 14:00:00,caterpillar,corn stover husks,corn - all,glucose,% dry weight,44.17,3,pass,,xkang2@lbl.gov,compositional
(72)9e04,30.0,,67,28.0,2025-02-05 14:00:00,caterpillar,corn stover husks,corn - all,xylan,% dry weight,21.89,1,pass,,xkang2@lbl.gov,compositional
(72)c070,30.0,,67,28.0,2025-02-05 14:00:00,caterpillar,corn stover husks,corn - all,xylose,% dry weight,24.24,3,pass,,xkang2@lbl.gov,compositional
(72)c130,30.0,,67,28.0,2025-02-05 14:00:00,caterpillar,corn stover husks,corn - all,xylose,% dry weight,24.55,2,pass,,xkang2@lbl.gov,compositional
(72)e144,30.0,,67,28.0,2025-02-05 14:00:00,caterpillar,corn stover husks,corn - all,glucan,% dry weight,40.21,2,pass,,xkang2@lbl.gov,compositional
(72)e2a4,30.0,,67,28.0,2025-02-05 14:00:00,caterpillar,corn stover husks,corn - all,xylan,% dry weight,21.61,2,pass,,xkang2@lbl.gov,compositional
(72)ed34,30.0,,67,28.0,2025-02-05 14:00:00,caterpillar,corn stover husks,corn - all,lignin,% dry weight,18.49,1,pass,,xkang2@lbl.gov,compositional
(7e)0b62,41.0,,150,75.0,2025-09-26 11:35:00,capstan,almond branches,almonds,glucan,% dry weight,21.75,1,pass,,,compositional
(7e)0e68,28.0,,51,18.0,2024-11-21 16:10:00,tiny,almond shells and hulls mix,almonds,glucose,% dry weight,26.17,1,pass,,xkang2@lbl.gov,compositional
(7e)197d,28.0,,51,18.0,2024-11-21 16:10:00,tiny,almond shells and hulls mix,almonds,xylan,% dry weight,18.25,2,pass,,xkang2@lbl.gov,compositional
(7e)3340,28.0,,51,18.0,2024-11-21 16:10:00,tiny,almond shells and hulls mix,almonds,xylose,% dry weight,20.74,2,pass,,xkang2@lbl.gov,compositional
(7e)3d10,41.0,,150,75.0,2025-09-26 11:35:00,capstan,almond branches,almonds,xylan,% dry weight,12.93,3,pass,,,compositional
(7e)3d49,28.0,,51,18.0,2024-11-21 16:10:00,tiny,almond shells and hulls mix,almonds,lignin,% dry weight,28.93,2,pass,,xkang2@lbl.gov,compositional
(7e)48f1,41.0,,150,75.0,2025-09-26 11:35:00,capstan,almond branches,almonds,xylan,% dry weight,12.75,2,pass,,,compositional
(7e)4e75,41.0,,150,75.0,2025-09-26 11:35:00,capstan,almond branches,almonds,glucose,% dry weight,24.33,3,pass,,,compositional
(7e)54ba,28.0,,51,18.0,2024-11-21 16:10:00,tiny,almond shells and hulls mix,almonds,xylose,% dry weight,21.93,1,pass,,xkang2@lbl.gov,compositional
(7e)5991,28.0,,51,18.0,2024-11-21 16:10:00,tiny,almond shells and hulls mix,almonds,xylan,% dry weight,19.62,3,pass,,xkang2@lbl.gov,compositional
(7e)5a6c,28.0,,51,18.0,2024-11-21 16:10:00,tiny,almond shells and hulls mix,almonds,lignin,% dry weight,26.89,1,pass,,xkang2@lbl.gov,compositional
(7e)5bdf,28.0,,51,18.0,2024-11-21 16:10:00,tiny,almond shells and hulls mix,almonds,glucose,% dry weight,26.37,3,pass,,xkang2@lbl.gov,compositional
(7e)5cea,41.0,,150,75.0,2025-09-26 11:35:00,capstan,almond branches,almonds,xylose,% dry weight,14.49,2,pass,,,compositional
(7e)644f,41.0,,150,75.0,2025-09-26 11:35:00,capstan,almond branches,almonds,lignin,% dry weight,43.72,1,pass,,,compositional
(7e)6de1,41.0,,150,75.0,2025-09-26 11:35:00,capstan,almond branches,almonds,glucan,% dry weight,22.14,2,pass,,,compositional
(7e)7d76,41.0,,150,75.0,2025-09-26 11:35:00,capstan,almond branches,almonds,xylose,% dry weight,14.45,1,pass,,,compositional
(7e)(7e),41.0,,150,75.0,2025-09-26 11:35:00,capstan,almond branches,almonds,glucose,% dry weight,24.17,1,pass,,,compositional
(7e)7f8b,41.0,,150,75.0,2025-09-26 11:35:00,capstan,almond branches,almonds,xylose,% dry weight,14.69,3,pass,,,compositional
(7e)9497,41.0,,150,75.0,2025-09-26 11:35:00,capstan,almond branches,almonds,xylan,% dry weight,12.72,1,pass,,,compositional
(7e)a1dd,28.0,,51,18.0,2024-11-21 16:10:00,tiny,almond shells and hulls mix,almonds,xylan,% dry weight,19.3,1,pass,,xkang2@lbl.gov,compositional
(7e)a419,28.0,,51,18.0,2024-11-21 16:10:00,tiny,almond shells and hulls mix,almonds,glucan,% dry weight,22.04,2,pass,,xkang2@lbl.gov,compositional
(7e)bbb6,41.0,,150,75.0,2025-09-26 11:35:00,capstan,almond branches,almonds,lignin,% dry weight,44.53,3,pass,,,compositional
(7e)bc7f,29.0,,51,18.0,2024-11-21 16:10:00,tiny,almond shells and hulls mix,almonds,lignin,% dry weight,28.75,3,pass,,xkang2@lbl.gov,compositional
(7e)c1b2,28.0,,51,18.0,2024-11-21 16:10:00,tiny,almond shells and hulls mix,almonds,glucose,% dry weight,24.49,2,pass,,xkang2@lbl.gov,compositional
(7e)c731,41.0,,150,75.0,2025-09-26 11:35:00,capstan,almond branches,almonds,glucan,% dry weight,21.9,3,pass,,,compositional
(7e)d304,41.0,,150,75.0,2025-09-26 11:35:00,capstan,almond branches,almonds,glucose,% dry weight,24.6,2,pass,,,compositional
(7e)da49,28.0,,51,18.0,2024-11-21 16:10:00,tiny,almond shells and hulls mix,almonds,glucan,% dry weight,23.55,1,pass,,xkang2@lbl.gov,compositional
(7e)e84e,28.0,,51,18.0,2024-11-21 16:10:00,tiny,almond shells and hulls mix,almonds,glucan,% dry weight,23.74,3,pass,,xkang2@lbl.gov,compositional
(7e)ee46,28.0,,51,18.0,2024-11-21 16:10:00,tiny,almond shells and hulls mix,almonds,xylose,% dry weight,22.29,3,pass,,xkang2@lbl.gov,compositional
(7e)f033,41.0,,150,75.0,2025-09-26 11:35:00,capstan,almond branches,almonds,lignin,% dry weight,43.83,2,pass,,,compositional
(82)00ec,39.0,,57,20.0,2024-11-21 18:10:00,energetic,walnut shells,walnuts,glucose,% dry weight,11.4,1,pass,,xkang2@lbl.gov,compositional
(82)06ed,39.0,,57,20.0,2024-11-21 18:10:00,energetic,walnut shells,walnuts,glucose,% dry weight,11.74,2,pass,,xkang2@lbl.gov,compositional
(82)083c,37.0,,107,51.0,2025-08-27 11:15:00,boatswain,grape pomace,grapes,xylan,% dry weight,4.69,1,pass,,,compositional
(82)153e,39.0,,57,20.0,2024-11-21 18:10:00,energetic,walnut shells,walnuts,glucan,% dry weight,10.56,2,pass,,xkang2@lbl.gov,compositional
(82)1e9c,37.0,,107,51.0,2025-08-27 11:15:00,boatswain,grape pomace,grapes,xylan,% dry weight,4.6,2,pass,,,compositional
(82)24e6,39.0,,57,20.0,2024-11-21 18:10:00,energetic,walnut shells,walnuts,lignin,% dry weight,49.6,1,pass,,xkang2@lbl.gov,compositional
(82)2ace,39.0,,57,20.0,2024-11-21 18:10:00,energetic,walnut shells,walnuts,xylose,% dry weight,23.32,1,pass,,xkang2@lbl.gov,compositional
(82)60a4,37.0,,107,51.0,2025-08-27 11:15:00,boatswain,grape pomace,grapes,glucan,% dry weight,13.87,3,pass,,,compositional
(82)6324,39.0,,57,20.0,2024-11-21 18:10:00,energetic,walnut shells,walnuts,lignin,% dry weight,49.45,2,pass,,xkang2@lbl.gov,compositional
(82)6387,37.0,,107,51.0,2025-08-27 11:15:00,boatswain,grape pomace,grapes,glucose,% dry weight,16.2,2,pass,,,compositional
(82)6472,39.0,,57,20.0,2024-11-21 18:10:00,energetic,walnut shells,walnuts,xylose,% dry weight,23.4,2,pass,,xkang2@lbl.gov,compositional
(82)6771,39.0,,57,20.0,2024-11-21 18:10:00,energetic,walnut shells,walnuts,xylose,% dry weight,5.34,3,pass,,xkang2@lbl.gov,compositional
(82)6771,39.0,,57,20.0,2024-11-21 18:10:00,energetic,walnut shells,walnuts,lignin,% dry weight,48.91,3,pass,,xkang2@lbl.gov,compositional
(82)6acd,37.0,,107,51.0,2025-08-27 11:15:00,boatswain,grape pomace,grapes,glucan,% dry weight,14.58,2,pass,,,compositional
(82)6f92,37.0,,107,51.0,2025-08-27 11:15:00,boatswain,grape pomace,grapes,lignin,% dry weight,48.91,2,pass,,,compositional
(82)762f,39.0,,57,20.0,2024-11-21 18:10:00,energetic,walnut shells,walnuts,xylose,% dry weight,23.52,3,pass,,xkang2@lbl.gov,compositional
(82)7731,37.0,,107,51.0,2025-08-27 11:15:00,boatswain,grape pomace,grapes,glucose,% dry weight,16.04,1,pass,,,compositional
(82)7f9a,39.0,,57,20.0,2024-11-21 18:10:00,energetic,walnut shells,walnuts,xylan,% dry weight,20.52,1,pass,,xkang2@lbl.gov,compositional
(82)8468,37.0,,107,51.0,2025-08-27 11:15:00,boatswain,grape pomace,grapes,glucose,% dry weight,15.41,3,pass,,,compositional
(82)8b26,39.0,,57,20.0,2024-11-21 18:10:00,energetic,walnut shells,walnuts,xylan,% dry weight,20.59,2,pass,,xkang2@lbl.gov,compositional
(82)8c1c,39.0,,57,20.0,2024-11-21 18:10:00,energetic,walnut shells,walnuts,glucan,% dry weight,10.26,1,pass,,xkang2@lbl.gov,compositional
(82)a692,37.0,,107,51.0,2025-08-27 11:15:00,boatswain,grape pomace,grapes,xylose,% dry weight,5.23,2,pass,,,compositional
(82)bb91,39.0,,57,20.0,2024-11-21 18:10:00,energetic,walnut shells,walnuts,glucan,% dry weight,11.07,3,pass,,xkang2@lbl.gov,compositional
(82)bdca,39.0,,57,20.0,2024-11-21 18:10:00,energetic,walnut shells,walnuts,xylan,% dry weight,20.7,3,pass,,xkang2@lbl.gov,compositional
(82)d973,37.0,,107,51.0,2025-08-27 11:15:00,boatswain,grape pomace,grapes,lignin,% dry weight,50.01,3,pass,,,compositional
(82)db4c,37.0,,107,51.0,2025-08-27 11:15:00,boatswain,grape pomace,grapes,glucan,% dry weight,14.43,1,pass,,,compositional
(82)e1a7,37.0,,107,51.0,2025-08-27 11:15:00,boatswain,grape pomace,grapes,lignin,% dry weight,49.72,1,pass,,,compositional
(82)edaa,39.0,,57,20.0,2024-11-21 18:10:00,energetic,walnut shells,walnuts,glucose,% dry weight,12.3,3,pass,,xkang2@lbl.gov,compositional
(82)ef99,37.0,,107,51.0,2025-08-27 11:15:00,boatswain,grape pomace,grapes,xylose,% dry weight,5.14,3,pass,,,compositional
(82)f64c,37.0,,107,51.0,2025-08-27 11:15:00,boatswain,grape pomace,grapes,xylan,% dry weight,4.52,3,pass,,,compositional
(85)07bd,35.0,,2,3.0,2024-09-24 11:40:00,oakleaf,tomato pomace,tomatoes for processing,glucose,% dry weight,15.68,3,pass,,xkang2@lbl.gov,compositional
(85)2246,35.0,,2,3.0,2024-09-24 11:40:00,oakleaf,tomato pomace,tomatoes for processing,glucan,% dry weight,14.12,3,pass,,xkang2@lbl.gov,compositional
(85)3329,35.0,,2,3.0,2024-09-24 11:40:00,oakleaf,tomato pomace,tomatoes for processing,lignin+,% dry weight,39.9,2,pass,,xkang2@lbl.gov,compositional
(85)41cb,35.0,,2,3.0,2024-09-24 11:40:00,oakleaf,tomato pomace,tomatoes for processing,glucan,% dry weight,14.18,2,pass,,xkang2@lbl.gov,compositional
(85)4630,35.0,,2,3.0,2024-09-24 11:40:00,oakleaf,tomato pomace,tomatoes for processing,xylose,% dry weight,11.22,1,pass,,xkang2@lbl.gov,compositional
(85)51c8,35.0,,2,3.0,2024-09-24 11:40:00,oakleaf,tomato pomace,tomatoes for processing,lignin+,% dry weight,39.54,1,pass,,xkang2@lbl.gov,compositional
(85)5b1b,35.0,,2,3.0,2024-09-24 11:40:00,oakleaf,tomato pomace,tomatoes for processing,lignin+,% dry weight,40.88,3,pass,,xkang2@lbl.gov,compositional
(85)63d7,35.0,,2,3.0,2024-09-24 11:40:00,oakleaf,tomato pomace,tomatoes for processing,glucose,% dry weight,15.75,2,pass,,xkang2@lbl.gov,compositional
(85)8bd5,35.0,,2,3.0,2024-09-24 11:40:00,oakleaf,tomato pomace,tomatoes for processing,xylose,% dry weight,10.72,3,pass,,xkang2@lbl.gov,compositional
(85)8c05,35.0,,2,3.0,2024-09-24 11:40:00,oakleaf,tomato pomace,tomatoes for processing,xylan,% dry weight,9.88,1,pass,,xkang2@lbl.gov,compositional
(85)9311,35.0,,2,3.0,2024-09-24 11:40:00,oakleaf,tomato pomace,tomatoes for processing,glucose,% dry weight,15.74,1,pass,,xkang2@lbl.gov,compositional
(85)a6d4,35.0,,2,3.0,2024-09-24 11:40:00,oakleaf,tomato pomace,tomatoes for processing,xylan,% dry weight,9.43,3,pass,,xkang2@lbl.gov,compositional
(85)b716,35.0,,2,3.0,2024-09-24 11:40:00,oakleaf,tomato pomace,tomatoes for processing,xylose,% dry weight,10.51,2,pass,,xkang2@lbl.gov,compositional
(85)e114,35.0,,2,3.0,2024-09-24 11:40:00,oakleaf,tomato pomace,tomatoes for processing,glucan,% dry weight,14.16,1,pass,,xkang2@lbl.gov,compositional
(85)f026,35.0,,2,3.0,2024-09-24 11:40:00,oakleaf,tomato pomace,tomatoes for processing,xylan,% dry weight,9.25,2,pass,,xkang2@lbl.gov,compositional
(86)031e,37.0,,146,66.0,2025-09-16 09:30:00,humorous,almond hulls,almonds,xylan,% dry weight,7.2,3,pass,,,compositional
(86)0932,37.0,,146,66.0,2025-09-16 09:30:00,humorous,almond hulls,almonds,xylose,% dry weight,8.47,1,pass,,,compositional
(86)50f7,37.0,,146,66.0,2025-09-16 09:30:00,humorous,almond hulls,almonds,glucose,% dry weight,25.14,2,pass,,,compositional
(86)6013,37.0,,146,66.0,2025-09-16 09:30:00,humorous,almond hulls,almonds,xylose,% dry weight,8.18,3,pass,,,compositional
(86)650b,37.0,,146,66.0,2025-09-16 09:30:00,humorous,almond hulls,almonds,lignin,% dry weight,20.5,3,pass,,,compositional
(86)739f,37.0,,146,66.0,2025-09-16 09:30:00,humorous,almond hulls,almonds,glucose,% dry weight,25.77,1,pass,,,compositional
(86)7828,37.0,,146,66.0,2025-09-16 09:30:00,humorous,almond hulls,almonds,xylan,% dry weight,7.23,2,pass,,,compositional
(86)82c3,37.0,,146,66.0,2025-09-16 09:30:00,humorous,almond hulls,almonds,lignin,% dry weight,20.03,2,pass,,,compositional
(86)98ab,37.0,,146,66.0,2025-09-16 09:30:00,humorous,almond hulls,almonds,lignin,% dry weight,20.08,1,pass,,,compositional
(86)9d47,37.0,,146,66.0,2025-09-16 09:30:00,humorous,almond hulls,almonds,xylan,% dry weight,7.45,1,pass,,,compositional
(86)ab43,37.0,,146,66.0,2025-09-16 09:30:00,humorous,almond hulls,almonds,glucan,% dry weight,22.65,3,pass,,,compositional
(86)cc31,37.0,,146,66.0,2025-09-16 09:30:00,humorous,almond hulls,almonds,xylose,% dry weight,8.22,2,pass,,,compositional
(86)cd16,37.0,,146,66.0,2025-09-16 09:30:00,humorous,almond hulls,almonds,glucan,% dry weight,22.63,2,pass,,,compositional
(86)dc7c,37.0,,146,66.0,2025-09-16 09:30:00,humorous,almond hulls,almonds,glucan,% dry weight,23.19,1,pass,,,compositional
(86)f7f0,37.0,,146,66.0,2025-09-16 09:30:00,humorous,almond hulls,almonds,glucose,% dry weight,25.17,3,pass,,,compositional
(87)1f70,38.0,,135,74.0,2025-09-24 11:40:00,rigging,grape stem,grapes,xylan,% dry weight,5.33,2,pass,,,compositional
(87)2652,38.0,,135,74.0,2025-09-24 11:40:00,rigging,grape stem,grapes,glucose,% dry weight,22.58,1,pass,,,compositional
(87)49e8,38.0,,135,74.0,2025-09-24 11:40:00,rigging,grape stem,grapes,glucose,% dry weight,12.22,3,pass,,,compositional
(87)50d0,38.0,,135,74.0,2025-09-24 11:40:00,rigging,grape stem,grapes,xylose,% dry weight,3.65,3,pass,,,compositional
(87)653b,38.0,,135,74.0,2025-09-24 11:40:00,rigging,grape stem,grapes,lignin,% dry weight,35.56,3,pass,,,compositional
(87)6f26,38.0,,135,74.0,2025-09-24 11:40:00,rigging,grape stem,grapes,lignin,% dry weight,37.21,2,pass,,,compositional
(87)6f75,38.0,,135,74.0,2025-09-24 11:40:00,rigging,grape stem,grapes,glucan,% dry weight,18.92,2,pass,,,compositional
(87)7d8b,38.0,,135,74.0,2025-09-24 11:40:00,rigging,grape stem,grapes,xylose,% dry weight,6.06,2,pass,,,compositional
(87)8932,38.0,,135,74.0,2025-09-24 11:40:00,rigging,grape stem,grapes,xylan,% dry weight,3.21,3,pass,,,compositional
(87)91b5,38.0,,135,74.0,2025-09-24 11:40:00,rigging,grape stem,grapes,xylan,% dry weight,5.99,1,pass,,,compositional
(87)a5ef,38.0,,135,74.0,2025-09-24 11:40:00,rigging,grape stem,grapes,glucan,% dry weight,11.0,3,pass,,,compositional
(87)a83f,38.0,,135,74.0,2025-09-24 11:40:00,rigging,grape stem,grapes,glucose,% dry weight,21.02,2,pass,,,compositional
(87)bfb7,38.0,,135,74.0,2025-09-24 11:40:00,rigging,grape stem,grapes,glucan,% dry weight,20.33,1,pass,,,compositional
(87)e6c9,38.0,,135,74.0,2025-09-24 11:40:00,rigging,grape stem,grapes,lignin,% dry weight,37.11,1,pass,,,compositional
(87)fbd5,38.0,,135,74.0,2025-09-24 11:40:00,rigging,grape stem,grapes,xylose,% dry weight,6.8,1,pass,,,compositional
(a0)00b1,30.0,,72,26.0,2024-12-16 00:00:00,humorous,almond branches,almonds,glucan,% dry weight,26.22,3,pass,,xkang2@lbl.gov,compositional
(a0)031a,30.0,,72,26.0,2024-12-16 00:00:00,humorous,almond branches,almonds,xylose,% dry weight,17.5,3,pass,,xkang2@lbl.gov,compositional
(a0)129b,30.0,,72,26.0,2024-12-16 00:00:00,humorous,almond branches,almonds,lignin,% dry weight,34.99,3,pass,,xkang2@lbl.gov,compositional
(a0)2a3f,30.0,,72,26.0,2024-12-16 00:00:00,humorous,almond branches,almonds,glucose,% dry weight,28.99,2,pass,,xkang2@lbl.gov,compositional
(a0)2c11,34.0,,165,93.0,2025-11-04 17:35:00,excellent,olive stems / leaves,olives - processing,lignin,% dry weight,51.48,1,pass,,,compositional
(a0)2c72,34.0,,165,93.0,2025-11-04 17:35:00,excellent,olive stems / leaves,olives - processing,xylose,% dry weight,13.54,3,pass,,,compositional
(a0)47a1,30.0,,72,26.0,2024-12-16 00:00:00,humorous,almond branches,almonds,glucan,% dry weight,26.09,2,pass,,xkang2@lbl.gov,compositional
(a0)4e26,34.0,,165,93.0,2025-11-04 17:35:00,excellent,olive stems / leaves,olives - processing,glucan,% dry weight,14.45,3,pass,,,compositional
(a0)4e42,30.0,,72,26.0,2024-12-16 00:00:00,humorous,almond branches,almonds,lignin,% dry weight,35.28,2,pass,,xkang2@lbl.gov,compositional
(a0)7978,34.0,,165,93.0,2025-11-04 17:35:00,excellent,olive stems / leaves,olives - processing,glucose,% dry weight,15.68,2,pass,,,compositional
(a0)7a8d,34.0,,165,93.0,2025-11-04 17:35:00,excellent,olive stems / leaves,olives - processing,glucan,% dry weight,14.11,2,pass,,,compositional
(a0)7c3a,30.0,,72,26.0,2024-12-16 00:00:00,humorous,almond branches,almonds,lignin,% dry weight,35.97,1,pass,,xkang2@lbl.gov,compositional
(a0)7dd8,30.0,,72,26.0,2024-12-16 00:00:00,humorous,almond branches,almonds,xylan,% dry weight,15.11,1,pass,,xkang2@lbl.gov,compositional
(a0)825d,34.0,,165,93.0,2025-11-04 17:35:00,excellent,olive stems / leaves,olives - processing,xylose,% dry weight,14.06,1,pass,,,compositional
(a0)8bcb,30.0,,72,26.0,2024-12-16 00:00:00,humorous,almond branches,almonds,xylan,% dry weight,15.4,3,pass,,xkang2@lbl.gov,compositional
(a0)94e1,30.0,,72,26.0,2024-12-16 00:00:00,humorous,almond branches,almonds,xylose,% dry weight,17.17,1,pass,,xkang2@lbl.gov,compositional
(a0)96b7,34.0,,165,93.0,2025-11-04 17:35:00,excellent,olive stems / leaves,olives - processing,xylose,% dry weight,13.37,2,pass,,,compositional
(a0)975e,34.0,,165,93.0,2025-11-04 17:35:00,excellent,olive stems / leaves,olives - processing,xylan,% dry weight,11.92,3,pass,,,compositional
(a0)a67e,30.0,,72,26.0,2024-12-16 00:00:00,humorous,almond branches,almonds,glucose,% dry weight,28.48,1,pass,,xkang2@lbl.gov,compositional
(a0)ac41,30.0,,72,26.0,2024-12-16 00:00:00,humorous,almond branches,almonds,xylan,% dry weight,15.21,2,pass,,xkang2@lbl.gov,compositional
(a0)ad15,34.0,,165,93.0,2025-11-04 17:35:00,excellent,olive stems / leaves,olives - processing,glucan,% dry weight,13.87,1,pass,,,compositional
(a0)b0bd,34.0,,165,93.0,2025-11-04 17:35:00,excellent,olive stems / leaves,olives - processing,lignin,% dry weight,51.18,2,pass,,,compositional
(a0)bd2b,34.0,,165,93.0,2025-11-04 17:35:00,excellent,olive stems / leaves,olives - processing,lignin,% dry weight,51.09,3,pass,,,compositional
(a0)cda4,34.0,,165,93.0,2025-11-04 17:35:00,excellent,olive stems / leaves,olives - processing,glucose,% dry weight,16.05,3,pass,,,compositional
(a0)dd8f,34.0,,165,93.0,2025-11-04 17:35:00,excellent,olive stems / leaves,olives - processing,xylan,% dry weight,12.37,1,pass,,,compositional
(a0)de11,30.0,,72,26.0,2024-12-16 00:00:00,humorous,almond branches,almonds,glucan,% dry weight,25.63,1,pass,,xkang2@lbl.gov,compositional
(a0)e5fa,30.0,,72,26.0,2024-12-16 00:00:00,humorous,almond branches,almonds,glucose,% dry weight,29.13,3,pass,,xkang2@lbl.gov,compositional
(a0)e973,30.0,,72,26.0,2024-12-16 00:00:00,humorous,almond branches,almonds,xylose,% dry weight,17.29,2,pass,,xkang2@lbl.gov,compositional
(a0)ee16,34.0,,165,93.0,2025-11-04 17:35:00,excellent,olive stems / leaves,olives - processing,glucose,% dry weight,15.41,1,pass,,,compositional
(a0)fa31,34.0,,165,93.0,2025-11-04 17:35:00,excellent,olive stems / leaves,olives - processing,xylan,% dry weight,11.76,2,pass,,,compositional
(a2)210f,37.0,,143,72.0,2025-09-19 11:05:00,tiny,almond shells,almonds,glucose,% dry weight,25.41,3,pass,,,compositional
(a2)27ae,37.0,,143,72.0,2025-09-19 11:05:00,tiny,almond shells,almonds,lignin,% dry weight,29.99,2,pass,,,compositional
(a2)2e51,37.0,,143,72.0,2025-09-19 11:05:00,tiny,almond shells,almonds,glucose,% dry weight,25.51,2,pass,,,compositional
(a2)3a00,37.0,,143,72.0,2025-09-19 11:05:00,tiny,almond shells,almonds,glucose,% dry weight,25.2,1,pass,,,compositional
(a2)6e8b,37.0,,143,72.0,2025-09-19 11:05:00,tiny,almond shells,almonds,xylan,% dry weight,19.02,2,pass,,,compositional
(a2)7169,37.0,,143,72.0,2025-09-19 11:05:00,tiny,almond shells,almonds,glucan,% dry weight,22.87,3,pass,,,compositional
(a2)7ab8,37.0,,143,72.0,2025-09-19 11:05:00,tiny,almond shells,almonds,xylan,% dry weight,19.04,3,pass,,,compositional
(a2)8569,37.0,,143,72.0,2025-09-19 11:05:00,tiny,almond shells,almonds,lignin,% dry weight,30.82,1,pass,,,compositional
(a2)8f0a,37.0,,143,72.0,2025-09-19 11:05:00,tiny,almond shells,almonds,xylose,% dry weight,21.61,2,pass,,,compositional
(a2)8f0d,37.0,,143,72.0,2025-09-19 11:05:00,tiny,almond shells,almonds,xylose,% dry weight,21.64,1,pass,,,compositional
(a2)a00a,37.0,,143,72.0,2025-09-19 11:05:00,tiny,almond shells,almonds,lignin,% dry weight,30.38,3,pass,,,compositional
(a2)a625,37.0,,143,72.0,2025-09-19 11:05:00,tiny,almond shells,almonds,xylose,% dry weight,21.64,3,pass,,,compositional
(a2)c18b,37.0,,143,72.0,2025-09-19 11:05:00,tiny,almond shells,almonds,xylan,% dry weight,19.04,1,pass,,,compositional
(a2)c9b4,37.0,,143,72.0,2025-09-19 11:05:00,tiny,almond shells,almonds,glucan,% dry weight,22.96,2,pass,,,compositional
(a2)ee26,37.0,,143,72.0,2025-09-19 11:05:00,tiny,almond shells,almonds,glucan,% dry weight,22.68,1,pass,,,compositional
(a5)06fb,34.0,,162,69.0,2025-09-16 09:30:00,humorous,almond shells,almonds,glucan,% dry weight,23.89,2,pass,,,compositional
(a5)18dd,34.0,,162,69.0,2025-09-16 09:30:00,humorous,almond shells,almonds,xylan,% dry weight,19.29,2,pass,,,compositional
(a5)2eef,34.0,,162,69.0,2025-09-16 09:30:00,humorous,almond shells,almonds,xylose,% dry weight,21.93,2,pass,,,compositional
(a5)4534,34.0,,162,69.0,2025-09-16 09:30:00,humorous,almond shells,almonds,lignin,% dry weight,29.76,1,pass,,,compositional
(a5)4b77,34.0,,162,69.0,2025-09-16 09:30:00,humorous,almond shells,almonds,glucan,% dry weight,24.06,3,pass,,,compositional
(a5)6e3c,34.0,,162,69.0,2025-09-16 09:30:00,humorous,almond shells,almonds,xylan,% dry weight,19.65,3,pass,,,compositional
(a5)73fb,34.0,,162,69.0,2025-09-16 09:30:00,humorous,almond shells,almonds,glucan,% dry weight,23.56,1,pass,,,compositional
(a5)807a,34.0,,162,69.0,2025-09-16 09:30:00,humorous,almond shells,almonds,glucose,% dry weight,26.54,2,pass,,,compositional
(a5)8859,34.0,,162,69.0,2025-09-16 09:30:00,humorous,almond shells,almonds,glucose,% dry weight,26.18,1,pass,,,compositional
(a5)a7dc,34.0,,162,69.0,2025-09-16 09:30:00,humorous,almond shells,almonds,xylan,% dry weight,19.01,1,pass,,,compositional
(a5)aa6c,34.0,,162,69.0,2025-09-16 09:30:00,humorous,almond shells,almonds,glucose,% dry weight,26.74,3,pass,,,compositional
(a5)adde,34.0,,162,69.0,2025-09-16 09:30:00,humorous,almond shells,almonds,xylose,% dry weight,22.33,3,pass,,,compositional
(a5)b354,34.0,,162,69.0,2025-09-16 09:30:00,humorous,almond shells,almonds,lignin,% dry weight,29.38,2,pass,,,compositional
(a5)b49a,34.0,,162,69.0,2025-09-16 09:30:00,humorous,almond shells,almonds,lignin,% dry weight,29.64,3,pass,,,compositional
(a5)cc3a,34.0,,162,69.0,2025-09-16 09:30:00,humorous,almond shells,almonds,xylose,% dry weight,21.6,1,pass,,,compositional
(a8)037f,34.0,,161,68.0,2025-09-16 09:30:00,humorous,almond hulls,almonds,xylan,% dry weight,7.71,2,pass,,,compositional
(a8)29ea,34.0,,161,68.0,2025-09-16 09:30:00,humorous,almond hulls,almonds,glucose,% dry weight,17.5,3,pass,,,compositional
(a8)2cff,34.0,,161,68.0,2025-09-16 09:30:00,humorous,almond hulls,almonds,lignin,% dry weight,21.99,1,pass,,,compositional
(a8)2fbb,34.0,,161,68.0,2025-09-16 09:30:00,humorous,almond hulls,almonds,lignin,% dry weight,21.97,2,pass,,,compositional
(a8)4250,34.0,,161,68.0,2025-09-16 09:30:00,humorous,almond hulls,almonds,xylose,% dry weight,8.77,2,pass,,,compositional
(a8)563e,34.0,,161,68.0,2025-09-16 09:30:00,humorous,almond hulls,almonds,glucose,% dry weight,26.08,2,pass,,,compositional
(a8)851a,34.0,,161,68.0,2025-09-16 09:30:00,humorous,almond hulls,almonds,glucan,% dry weight,23.51,1,pass,,,compositional
(a8)9aca,34.0,,161,68.0,2025-09-16 09:30:00,humorous,almond hulls,almonds,glucose,% dry weight,26.12,1,pass,,,compositional
(a8)9e55,34.0,,161,68.0,2025-09-16 09:30:00,humorous,almond hulls,almonds,xylose,% dry weight,9.1,1,pass,,,compositional
(a8)a893,34.0,,161,68.0,2025-09-16 09:30:00,humorous,almond hulls,almonds,glucan,% dry weight,15.75,3,pass,,,compositional
(a8)aa72,34.0,,161,68.0,2025-09-16 09:30:00,humorous,almond hulls,almonds,xylan,% dry weight,5.19,3,pass,,,compositional
(a8)bf74,34.0,,161,68.0,2025-09-16 09:30:00,humorous,almond hulls,almonds,xylose,% dry weight,5.9,3,pass,,,compositional
(a8)c5e8,34.0,,161,68.0,2025-09-16 09:30:00,humorous,almond hulls,almonds,lignin,% dry weight,22.12,3,pass,,,compositional
(a8)f2e9,34.0,,161,68.0,2025-09-16 09:30:00,humorous,almond hulls,almonds,glucan,% dry weight,23.48,2,pass,,,compositional
(a8)ff0b,34.0,,161,68.0,2025-09-16 09:30:00,humorous,almond hulls,almonds,xylan,% dry weight,8.01,1,pass,,,compositional
(ab)0af2,35.0,,14,7.0,2024-11-10 15:00:00,maplewood,grape pomace,grapes,xylose,% dry weight,9.69,1,pass,,xkang2@lbl.gov,compositional
(ab)106b,35.0,,14,7.0,2024-11-10 15:00:00,maplewood,grape pomace,grapes,xylose,% dry weight,9.16,3,pass,,xkang2@lbl.gov,compositional
(ab)1273,35.0,,14,7.0,2024-11-10 15:00:00,maplewood,grape pomace,grapes,glucan,% dry weight,7.77,2,pass,,xkang2@lbl.gov,compositional
(ab)1509,35.0,,14,7.0,2024-11-10 15:00:00,maplewood,grape pomace,grapes,glucan,% dry weight,7.95,1,pass,,xkang2@lbl.gov,compositional
(ab)19cd,35.0,,14,7.0,2024-11-10 15:00:00,maplewood,grape pomace,grapes,glucose,% dry weight,8.84,1,pass,,xkang2@lbl.gov,compositional
(ab)1fcb,35.0,,14,7.0,2024-11-10 15:00:00,maplewood,grape pomace,grapes,glucan,% dry weight,7.96,3,pass,,xkang2@lbl.gov,compositional
(ab)2034,35.0,,14,7.0,2024-11-10 15:00:00,maplewood,grape pomace,grapes,lignin+,% dry weight,53.12,3,pass,,xkang2@lbl.gov,compositional
(ab)57f4,35.0,,14,7.0,2024-11-10 15:00:00,maplewood,grape pomace,grapes,glucose,% dry weight,8.64,2,pass,,xkang2@lbl.gov,compositional
(ab)6d90,35.0,,14,7.0,2024-11-10 15:00:00,maplewood,grape pomace,grapes,glucose,% dry weight,8.85,3,pass,,xkang2@lbl.gov,compositional
(ab)8cb1,35.0,,14,7.0,2024-11-10 15:00:00,maplewood,grape pomace,grapes,xylan,% dry weight,8.13,2,pass,,xkang2@lbl.gov,compositional
(ab)9781,35.0,,14,7.0,2024-11-10 15:00:00,maplewood,grape pomace,grapes,xylan,% dry weight,8.06,3,pass,,xkang2@lbl.gov,compositional
(ab)c64d,35.0,,14,7.0,2024-11-10 15:00:00,maplewood,grape pomace,grapes,lignin+,% dry weight,53.96,1,pass,,xkang2@lbl.gov,compositional
(ab)e013,35.0,,14,7.0,2024-11-10 15:00:00,maplewood,grape pomace,grapes,xylose,% dry weight,9.24,2,pass,,xkang2@lbl.gov,compositional
(ab)e502,35.0,,14,7.0,2024-11-10 15:00:00,maplewood,grape pomace,grapes,xylan,% dry weight,8.52,1,pass,,xkang2@lbl.gov,compositional
(ab)fbf0,35.0,,14,7.0,2024-11-10 15:00:00,maplewood,grape pomace,grapes,lignin+,% dry weight,53.35,2,pass,,xkang2@lbl.gov,compositional
(b3)088a,41.0,,149,76.0,2025-09-26 11:25:00,capstan,almond hulls,almonds,glucan,% dry weight,24.01,3,pass,,,compositional
(b3)1dea,41.0,,149,76.0,2025-09-26 11:25:00,capstan,almond hulls,almonds,lignin,% dry weight,26.44,2,pass,,,compositional
(b3)2504,41.0,,149,76.0,2025-09-26 11:25:00,capstan,almond hulls,almonds,xylan,% dry weight,9.8,2,pass,,,compositional
(b3)256d,41.0,,149,76.0,2025-09-26 11:25:00,capstan,almond hulls,almonds,glucan,% dry weight,25.35,2,pass,,,compositional
(b3)2fe6,41.0,,149,76.0,2025-09-26 11:25:00,capstan,almond hulls,almonds,glucose,% dry weight,26.68,3,pass,,,compositional
(b3)5a29,41.0,,149,76.0,2025-09-26 11:25:00,capstan,almond hulls,almonds,glucose,% dry weight,27.87,1,pass,,,compositional
(b3)7544,41.0,,149,76.0,2025-09-26 11:25:00,capstan,almond hulls,almonds,xylan,% dry weight,10.27,1,pass,,,compositional
(b3)8501,41.0,,149,76.0,2025-09-26 11:25:00,capstan,almond hulls,almonds,xylose,% dry weight,11.03,3,pass,,,compositional
(b3)858a,41.0,,149,76.0,2025-09-26 11:25:00,capstan,almond hulls,almonds,lignin,% dry weight,26.1,1,pass,,,compositional
(b3)883d,41.0,,149,76.0,2025-09-26 11:25:00,capstan,almond hulls,almonds,lignin,% dry weight,26.16,3,pass,,,compositional
(b3)9284,41.0,,149,76.0,2025-09-26 11:25:00,capstan,almond hulls,almonds,glucan,% dry weight,25.09,1,pass,,,compositional
(b3)afda,41.0,,149,76.0,2025-09-26 11:25:00,capstan,almond hulls,almonds,xylan,% dry weight,9.71,3,pass,,,compositional
(b3)b234,41.0,,149,76.0,2025-09-26 11:25:00,capstan,almond hulls,almonds,glucose,% dry weight,28.17,2,pass,,,compositional
(b3)e8a9,41.0,,149,76.0,2025-09-26 11:25:00,capstan,almond hulls,almonds,xylose,% dry weight,11.13,2,pass,,,compositional
(b3)f397,41.0,,149,76.0,2025-09-26 11:25:00,capstan,almond hulls,almonds,xylose,% dry weight,11.67,1,pass,,,compositional
(b5)2461,34.0,,175,90.0,2025-10-28 10:53:00,cutaway,walnut shelling fines,walnuts,glucose,% dry weight,11.64,1,pass,,,compositional
(b5)25fa,34.0,,175,90.0,2025-10-28 10:53:00,cutaway,walnut shelling fines,walnuts,xylose,% dry weight,12.8,2,pass,,,compositional
(b5)35b0,34.0,,175,90.0,2025-10-28 10:53:00,cutaway,walnut shelling fines,walnuts,xylose,% dry weight,13.05,1,pass,,,compositional
(b5)3bc5,34.0,,175,90.0,2025-10-28 10:53:00,cutaway,walnut shelling fines,walnuts,glucan,% dry weight,10.82,3,pass,,,compositional
(b5)41d7,34.0,,175,90.0,2025-10-28 10:53:00,cutaway,walnut shelling fines,walnuts,xylan,% dry weight,11.48,1,pass,,,compositional
(b5)4e58,34.0,,175,90.0,2025-10-28 10:53:00,cutaway,walnut shelling fines,walnuts,glucose,% dry weight,12.02,3,pass,,,compositional
(b5)70e4,34.0,,175,90.0,2025-10-28 10:53:00,cutaway,walnut shelling fines,walnuts,xylan,% dry weight,9.77,3,pass,,,compositional
(b5)8e9b,34.0,,175,90.0,2025-10-28 10:53:00,cutaway,walnut shelling fines,walnuts,lignin,% dry weight,52.78,1,pass,,,compositional
(b5)987c,34.0,,175,90.0,2025-10-28 10:53:00,cutaway,walnut shelling fines,walnuts,lignin,% dry weight,52.3,2,pass,,,compositional
(b5)b12b,34.0,,175,90.0,2025-10-28 10:53:00,cutaway,walnut shelling fines,walnuts,xylan,% dry weight,11.26,2,pass,,,compositional
(b5)b24f,34.0,,175,90.0,2025-10-28 10:53:00,cutaway,walnut shelling fines,walnuts,lignin,% dry weight,52.54,3,pass,,,compositional
(b5)c9e0,34.0,,175,90.0,2025-10-28 10:53:00,cutaway,walnut shelling fines,walnuts,xylose,% dry weight,11.1,3,pass,,,compositional
(b5)da39,34.0,,175,90.0,2025-10-28 10:53:00,cutaway,walnut shelling fines,walnuts,glucan,% dry weight,10.47,1,pass,,,compositional
(b5)e90a,34.0,,175,90.0,2025-10-28 10:53:00,cutaway,walnut shelling fines,walnuts,glucan,% dry weight,10.77,2,pass,,,compositional
(b5)f9ad,34.0,,175,90.0,2025-10-28 10:53:00,cutaway,walnut shelling fines,walnuts,glucose,% dry weight,11.97,2,pass,,,compositional
(b7)18ba,41.0,,154,77.0,2025-09-26 11:30:00,capstan,almond hulls,almonds,lignin,% dry weight,24.09,3,pass,,,compositional
(b7)2999,41.0,,154,77.0,2025-09-26 11:30:00,capstan,almond hulls,almonds,xylan,% dry weight,10.56,2,pass,,,compositional
(b7)34d1,41.0,,154,77.0,2025-09-26 11:30:00,capstan,almond hulls,almonds,glucose,% dry weight,29.9,2,pass,,,compositional
(b7)3dd4,41.0,,154,77.0,2025-09-26 11:30:00,capstan,almond hulls,almonds,xylose,% dry weight,11.55,3,pass,,,compositional
(b7)4b7b,41.0,,154,77.0,2025-09-26 11:30:00,capstan,almond hulls,almonds,xylan,% dry weight,10.64,1,pass,,,compositional
(b7)5c80,41.0,,154,77.0,2025-09-26 11:30:00,capstan,almond hulls,almonds,xylan,% dry weight,10.16,3,pass,,,compositional
(b7)5f3f,41.0,,154,77.0,2025-09-26 11:30:00,capstan,almond hulls,almonds,lignin,% dry weight,24.63,1,pass,,,compositional
(b7)63c6,41.0,,154,77.0,2025-09-26 11:30:00,capstan,almond hulls,almonds,xylose,% dry weight,12.09,1,pass,,,compositional
(b7)681d,41.0,,154,77.0,2025-09-26 11:30:00,capstan,almond hulls,almonds,glucose,% dry weight,29.79,1,pass,,,compositional
(b7)7817,41.0,,154,77.0,2025-09-26 11:30:00,capstan,almond hulls,almonds,glucose,% dry weight,29.26,3,pass,,,compositional
(b7)8030,41.0,,154,77.0,2025-09-26 11:30:00,capstan,almond hulls,almonds,glucan,% dry weight,26.81,1,pass,,,compositional
(b7)95bc,41.0,,154,77.0,2025-09-26 11:30:00,capstan,almond hulls,almonds,lignin,% dry weight,24.57,2,pass,,,compositional
(b7)a8d6,41.0,,154,77.0,2025-09-26 11:30:00,capstan,almond hulls,almonds,xylose,% dry weight,12.0,2,pass,,,compositional
(b7)bc73,41.0,,154,77.0,2025-09-26 11:30:00,capstan,almond hulls,almonds,glucan,% dry weight,26.34,3,pass,,,compositional
(b7)cc61,41.0,,154,77.0,2025-09-26 11:30:00,capstan,almond hulls,almonds,glucan,% dry weight,26.91,2,pass,,,compositional
(b8)1335,32.0,,79,37.0,2025-06-30 12:30:00,possessive,alfalfa,hay - alfalfa,xylan,% dry weight,13.02,3,pass,,,compositional
(b8)3b4b,32.0,,79,37.0,2025-06-30 12:30:00,possessive,alfalfa,hay - alfalfa,glucose,% dry weight,32.6,1,pass,,,compositional
(b8)5436,32.0,,79,37.0,2025-06-30 12:30:00,possessive,alfalfa,hay - alfalfa,xylose,% dry weight,14.79,3,pass,,,compositional
(b8)57a9,32.0,,79,37.0,2025-06-30 12:30:00,possessive,alfalfa,hay - alfalfa,xylan,% dry weight,13.17,2,pass,,,compositional
(b8)6d57,32.0,,79,37.0,2025-06-30 12:30:00,possessive,alfalfa,hay - alfalfa,glucan,% dry weight,27.85,3,pass,,,compositional
(b8)76e6,32.0,,79,37.0,2025-06-30 12:30:00,possessive,alfalfa,hay - alfalfa,xylose,% dry weight,15.59,1,pass,,,compositional
(b8)8fcf,32.0,,79,37.0,2025-06-30 12:30:00,possessive,alfalfa,hay - alfalfa,lignin,% dry weight,22.0,3,pass,,,compositional
(b8)905a,32.0,,79,37.0,2025-06-30 12:30:00,possessive,alfalfa,hay - alfalfa,glucose,% dry weight,30.94,2,pass,,,compositional
(b8)9d2b,32.0,,79,37.0,2025-06-30 12:30:00,possessive,alfalfa,hay - alfalfa,lignin,% dry weight,22.32,1,pass,,,compositional
(b8)a51b,32.0,,79,37.0,2025-06-30 12:30:00,possessive,alfalfa,hay - alfalfa,xylan,% dry weight,13.72,1,pass,,,compositional
(b8)cd1b,32.0,,79,37.0,2025-06-30 12:30:00,possessive,alfalfa,hay - alfalfa,xylose,% dry weight,14.97,2,pass,,,compositional
(b8)d441,32.0,,79,37.0,2025-06-30 12:30:00,possessive,alfalfa,hay - alfalfa,glucan,% dry weight,27.85,2,pass,,,compositional
(b8)da13,32.0,,79,37.0,2025-06-30 12:30:00,possessive,alfalfa,hay - alfalfa,glucan,% dry weight,29.34,1,pass,,,compositional
(b8)de76,32.0,,79,37.0,2025-06-30 12:30:00,possessive,alfalfa,hay - alfalfa,glucose,% dry weight,30.95,3,pass,,,compositional
(b8)fa89,32.0,,79,37.0,2025-06-30 12:30:00,possessive,alfalfa,hay - alfalfa,lignin,% dry weight,22.48,2,pass,,,compositional
(ba)057a,34.0,,164,92.0,2025-11-04 17:22:00,excellent,olive pomace,olives - processing,glucan,% dry weight,11.52,3,pass,,,compositional
(ba)10eb,34.0,,164,92.0,2025-11-04 17:22:00,excellent,olive pomace,olives - processing,lignin,% dry weight,46.42,3,pass,,,compositional
(ba)1c19,34.0,,164,92.0,2025-11-04 17:22:00,excellent,olive pomace,olives - processing,glucose,% dry weight,12.67,2,pass,,,compositional
(ba)231c,34.0,,164,92.0,2025-11-04 17:22:00,excellent,olive pomace,olives - processing,xylan,% dry weight,13.96,2,pass,,,compositional
(ba)3435,34.0,,164,92.0,2025-11-04 17:22:00,excellent,olive pomace,olives - processing,xylose,% dry weight,16.55,1,pass,,,compositional
(ba)3b31,34.0,,164,92.0,2025-11-04 17:22:00,excellent,olive pomace,olives - processing,lignin,% dry weight,46.81,1,pass,,,compositional
(ba)4bc0,34.0,,164,92.0,2025-11-04 17:22:00,excellent,olive pomace,olives - processing,glucan,% dry weight,11.4,2,pass,,,compositional
(ba)4f41,34.0,,164,92.0,2025-11-04 17:22:00,excellent,olive pomace,olives - processing,lignin,% dry weight,46.97,2,pass,,,compositional
(ba)5ec9,34.0,,164,92.0,2025-11-04 17:22:00,excellent,olive pomace,olives - processing,xylan,% dry weight,14.57,1,pass,,,compositional
(ba)79c9,34.0,,164,92.0,2025-11-04 17:22:00,excellent,olive pomace,olives - processing,glucose,% dry weight,12.8,3,pass,,,compositional
(ba)7ab9,34.0,,164,92.0,2025-11-04 17:22:00,excellent,olive pomace,olives - processing,xylose,% dry weight,15.87,2,pass,,,compositional
(ba)816d,34.0,,164,92.0,2025-11-04 17:22:00,excellent,olive pomace,olives - processing,xylose,% dry weight,16.24,3,pass,,,compositional
(ba)9627,34.0,,164,92.0,2025-11-04 17:22:00,excellent,olive pomace,olives - processing,glucose,% dry weight,12.77,1,pass,,,compositional
(ba)a296,34.0,,164,92.0,2025-11-04 17:22:00,excellent,olive pomace,olives - processing,glucan,% dry weight,11.49,1,pass,,,compositional
(ba)b745,34.0,,164,92.0,2025-11-04 17:22:00,excellent,olive pomace,olives - processing,xylan,% dry weight,14.29,3,pass,,,compositional
(c0)0a41,37.0,,133,62.0,2025-09-03 09:10:00,stuntman,pistachio hulls,pistachios,glucose,% dry weight,12.66,3,pass,,,compositional
(c0)0f01,37.0,,133,62.0,2025-09-03 09:10:00,stuntman,pistachio hulls,pistachios,glucose,% dry weight,12.46,2,pass,,,compositional
(c0)2163,37.0,,133,62.0,2025-09-03 09:10:00,stuntman,pistachio hulls,pistachios,xylan,% dry weight,7.73,2,pass,,,compositional
(c0)21ce,37.0,,133,62.0,2025-09-03 09:10:00,stuntman,pistachio hulls,pistachios,glucan,% dry weight,11.55,1,pass,,,compositional
(c0)2c34,37.0,,133,62.0,2025-09-03 09:10:00,stuntman,pistachio hulls,pistachios,lignin,% dry weight,42.92,3,pass,,,compositional
(c0)47ff,37.0,,133,62.0,2025-09-03 09:10:00,stuntman,pistachio hulls,pistachios,xylan,% dry weight,8.12,1,pass,,,compositional
(c0)4885,37.0,,133,62.0,2025-09-03 09:10:00,stuntman,pistachio hulls,pistachios,lignin,% dry weight,42.36,1,pass,,,compositional
(c0)6e53,37.0,,133,62.0,2025-09-03 09:10:00,stuntman,pistachio hulls,pistachios,glucan,% dry weight,11.39,3,pass,,,compositional
(c0)7c08,37.0,,133,62.0,2025-09-03 09:10:00,stuntman,pistachio hulls,pistachios,xylose,% dry weight,8.79,2,pass,,,compositional
(c0)86e1,37.0,,133,62.0,2025-09-03 09:10:00,stuntman,pistachio hulls,pistachios,glucose,% dry weight,12.84,1,pass,,,compositional
(c0)95c5,37.0,,133,62.0,2025-09-03 09:10:00,stuntman,pistachio hulls,pistachios,xylose,% dry weight,9.0,3,pass,,,compositional
(c0)b33e,37.0,,133,62.0,2025-09-03 09:10:00,stuntman,pistachio hulls,pistachios,glucan,% dry weight,11.22,2,pass,,,compositional
(c0)bbb6,37.0,,133,62.0,2025-09-03 09:10:00,stuntman,pistachio hulls,pistachios,xylan,% dry weight,7.92,3,pass,,,compositional
(c0)c14e,37.0,,133,62.0,2025-09-03 09:10:00,stuntman,pistachio hulls,pistachios,lignin,% dry weight,43.26,2,pass,,,compositional
(c0)cdec,37.0,,133,62.0,2025-09-03 09:10:00,stuntman,pistachio hulls,pistachios,xylose,% dry weight,9.23,1,pass,,,compositional
(c1)0a0f,31.0,,54,19.0,2024-11-21 16:10:00,popular,almond woodchips,almonds,xylose,% dry weight,21.4,2,pass,,xkang2@lbl.gov,compositional
(c1)0d7d,31.0,,54,19.0,2024-11-21 16:10:00,popular,almond woodchips,almonds,lignin,% dry weight,29.41,1,pass,,xkang2@lbl.gov,compositional
(c1)3033,31.0,,54,19.0,2024-11-21 16:10:00,popular,almond woodchips,almonds,xylan,% dry weight,18.77,3,pass,,xkang2@lbl.gov,compositional
(c1)6ac6,31.0,,54,19.0,2024-11-21 16:10:00,popular,almond woodchips,almonds,glucose,% dry weight,35.85,2,pass,,xkang2@lbl.gov,compositional
(c1)6bdb,31.0,,54,19.0,2024-11-21 16:10:00,popular,almond woodchips,almonds,glucose,% dry weight,35.71,1,pass,,xkang2@lbl.gov,compositional
(c1)6d4d,31.0,,54,19.0,2024-11-21 16:10:00,popular,almond woodchips,almonds,xylose,% dry weight,21.55,1,pass,,xkang2@lbl.gov,compositional
(c1)6e7e,31.0,,54,19.0,2024-11-21 16:10:00,popular,almond woodchips,almonds,xylan,% dry weight,18.96,1,pass,,xkang2@lbl.gov,compositional
(c1)8cf2,31.0,,54,19.0,2024-11-21 16:10:00,popular,almond woodchips,almonds,xylose,% dry weight,21.33,3,pass,,xkang2@lbl.gov,compositional
(c1)94c5,31.0,,54,19.0,2024-11-21 16:10:00,popular,almond woodchips,almonds,glucose,% dry weight,35.19,3,pass,,xkang2@lbl.gov,compositional
(c1)9ec0,31.0,,54,19.0,2024-11-21 16:10:00,popular,almond woodchips,almonds,xylan,% dry weight,18.83,2,pass,,xkang2@lbl.gov,compositional
(c1)ae8b,31.0,,54,19.0,2024-11-21 16:10:00,popular,almond woodchips,almonds,lignin,% dry weight,28.9,2,pass,,xkang2@lbl.gov,compositional
(c1)b2a8,31.0,,54,19.0,2024-11-21 16:10:00,popular,almond woodchips,almonds,glucan,% dry weight,32.27,2,pass,,xkang2@lbl.gov,compositional
(c1)b63a,31.0,,54,19.0,2024-11-21 16:10:00,popular,almond woodchips,almonds,glucan,% dry weight,31.67,3,pass,,xkang2@lbl.gov,compositional
(c1)b8b5,31.0,,54,19.0,2024-11-21 16:10:00,popular,almond woodchips,almonds,lignin,% dry weight,29.48,3,pass,,xkang2@lbl.gov,compositional
(c1)e9b5,31.0,,54,19.0,2024-11-21 16:10:00,popular,almond woodchips,almonds,glucan,% dry weight,32.14,1,pass,,xkang2@lbl.gov,compositional
(c4)0589,31.0,,29,11.0,2024-11-10 15:40:00,maplewood,unused oak stick,grapes,lignin,% dry weight,36.22,3,pass,,xkang2@lbl.gov,compositional
(c4)111c,31.0,,29,11.0,2024-11-10 15:40:00,maplewood,unused oak stick,grapes,xylan,% dry weight,13.94,1,pass,,xkang2@lbl.gov,compositional
(c4)126d,31.0,,29,11.0,2024-11-10 15:40:00,maplewood,unused oak stick,grapes,glucan,% dry weight,39.39,1,pass,,xkang2@lbl.gov,compositional
(c4)226a,31.0,,29,11.0,2024-11-10 15:40:00,maplewood,unused oak stick,grapes,xylose,% dry weight,15.85,1,pass,,xkang2@lbl.gov,compositional
(c4)24f1,31.0,,29,11.0,2024-11-10 15:40:00,maplewood,unused oak stick,grapes,xylose,% dry weight,16.04,2,pass,,xkang2@lbl.gov,compositional
(c4)3676,31.0,,29,11.0,2024-11-10 15:40:00,maplewood,unused oak stick,grapes,lignin,% dry weight,35.44,2,pass,,xkang2@lbl.gov,compositional
(c4)3724,31.0,,29,11.0,2024-11-10 15:40:00,maplewood,unused oak stick,grapes,xylose,% dry weight,15.71,3,pass,,xkang2@lbl.gov,compositional
(c4)4695,31.0,,29,11.0,2024-11-10 15:40:00,maplewood,unused oak stick,grapes,glucose,% dry weight,44.13,2,pass,,xkang2@lbl.gov,compositional
(c4)504e,31.0,,29,11.0,2024-11-10 15:40:00,maplewood,unused oak stick,grapes,glucose,% dry weight,43.77,1,pass,,xkang2@lbl.gov,compositional
(c4)5987,31.0,,29,11.0,2024-11-10 15:40:00,maplewood,unused oak stick,grapes,xylan,% dry weight,14.11,2,pass,,xkang2@lbl.gov,compositional
(c4)677c,31.0,,29,11.0,2024-11-10 15:40:00,maplewood,unused oak stick,grapes,glucan,% dry weight,39.72,2,pass,,xkang2@lbl.gov,compositional
(c4)68bc,31.0,,29,11.0,2024-11-10 15:40:00,maplewood,unused oak stick,grapes,lignin,% dry weight,35.37,1,pass,,xkang2@lbl.gov,compositional
(c4)882a,31.0,,29,11.0,2024-11-10 15:40:00,maplewood,unused oak stick,grapes,glucan,% dry weight,38.78,3,pass,,xkang2@lbl.gov,compositional
(c4)9c93,31.0,,29,11.0,2024-11-10 15:40:00,maplewood,unused oak stick,grapes,xylan,% dry weight,13.83,3,pass,,xkang2@lbl.gov,compositional
(c4)fccc,31.0,,29,11.0,2024-11-10 15:40:00,maplewood,unused oak stick,grapes,glucose,% dry weight,43.09,3,pass,,xkang2@lbl.gov,compositional
(c5)02f2,41.0,,228,97.0,2026-02-13 10:30:00,badger,walnut tree sticks,walnuts,lignin,% dry weight,29.4,3,pass,,,compositional
(c5)0d9b,41.0,,228,97.0,2026-02-13 10:30:00,badger,walnut tree sticks,walnuts,xylose,% dry weight,17.46,1,pass,,,compositional
(c5)0ed9,31.0,,27,10.0,2024-11-10 15:30:00,maplewood,spent oak chips,grapes,xylan,% dry weight,6.67,2,pass,,xkang2@lbl.gov,compositional
(c5)18bf,41.0,,228,97.0,2026-02-13 10:30:00,badger,walnut tree sticks,walnuts,glucan,% dry weight,34.25,1,pass,,,compositional
(c5)1af8,41.0,,228,97.0,2026-02-13 10:30:00,badger,walnut tree sticks,walnuts,glucan,% dry weight,33.31,2,pass,,,compositional
(c5)1d8d,30.0,,27,10.0,2024-11-10 15:30:00,maplewood,spent oak chips,grapes,lignin,% dry weight,44.69,3,pass,,xkang2@lbl.gov,compositional
(c5)1f57,41.0,,228,97.0,2026-02-13 10:30:00,badger,walnut tree sticks,walnuts,xylan,% dry weight,15.36,1,pass,,,compositional
(c5)24af,31.0,,27,10.0,2024-11-10 15:30:00,maplewood,spent oak chips,grapes,glucan,% dry weight,41.28,1,pass,,xkang2@lbl.gov,compositional
(c5)267f,31.0,,27,10.0,2024-11-10 15:30:00,maplewood,spent oak chips,grapes,xylose,% dry weight,7.58,2,pass,,xkang2@lbl.gov,compositional
(c5)27e9,31.0,,27,10.0,2024-11-10 15:30:00,maplewood,spent oak chips,grapes,xylose,% dry weight,7.39,1,pass,,xkang2@lbl.gov,compositional
(c5)2932,41.0,,228,97.0,2026-02-13 10:30:00,badger,walnut tree sticks,walnuts,lignin,% dry weight,28.49,2,pass,,,compositional
(c5)2d94,41.0,,228,97.0,2026-02-13 10:30:00,badger,walnut tree sticks,walnuts,xylan,% dry weight,15.27,3,pass,,,compositional
(c5)5f9f,31.0,,27,10.0,2024-11-10 15:30:00,maplewood,spent oak chips,grapes,xylose,% dry weight,7.4,3,pass,,xkang2@lbl.gov,compositional
(c5)624f,41.0,,228,97.0,2026-02-13 10:30:00,badger,walnut tree sticks,walnuts,glucose,% dry weight,38.05,1,pass,,,compositional
(c5)6d4b,41.0,,228,97.0,2026-02-13 10:30:00,badger,walnut tree sticks,walnuts,glucan,% dry weight,34.38,3,pass,,,compositional
(c5)6fa0,31.0,,27,10.0,2024-11-10 15:30:00,maplewood,spent oak chips,grapes,glucose,% dry weight,45.86,1,pass,,xkang2@lbl.gov,compositional
(c5)7034,31.0,,27,10.0,2024-11-10 15:30:00,maplewood,spent oak chips,grapes,glucose,% dry weight,46.16,3,pass,,xkang2@lbl.gov,compositional
(c5)86ca,31.0,,27,10.0,2024-11-10 15:30:00,maplewood,spent oak chips,grapes,lignin,% dry weight,44.09,1,pass,,xkang2@lbl.gov,compositional
(c5)8f41,31.0,,27,10.0,2024-11-10 15:30:00,maplewood,spent oak chips,grapes,glucan,% dry weight,42.22,2,pass,,xkang2@lbl.gov,compositional
(c5)a648,31.0,,27,10.0,2024-11-10 15:30:00,maplewood,spent oak chips,grapes,xylan,% dry weight,6.51,3,pass,,xkang2@lbl.gov,compositional
(c5)b324,31.0,,27,10.0,2024-11-10 15:30:00,maplewood,spent oak chips,grapes,glucose,% dry weight,46.91,2,pass,,xkang2@lbl.gov,compositional
(c5)bcb2,41.0,,228,97.0,2026-02-13 10:30:00,badger,walnut tree sticks,walnuts,glucose,% dry weight,37.01,2,pass,,,compositional
(c5)c098,41.0,,228,97.0,2026-02-13 10:30:00,badger,walnut tree sticks,walnuts,lignin,% dry weight,28.71,1,pass,,,compositional
(c5)c20a,31.0,,27,10.0,2024-11-10 15:30:00,maplewood,spent oak chips,grapes,xylan,% dry weight,6.5,1,pass,,xkang2@lbl.gov,compositional
(c5)c9d1,41.0,,228,97.0,2026-02-13 10:30:00,badger,walnut tree sticks,walnuts,glucose,% dry weight,38.2,3,pass,,,compositional
(c5)ca15,41.0,,228,97.0,2026-02-13 10:30:00,badger,walnut tree sticks,walnuts,xylan,% dry weight,14.65,2,pass,,,compositional
(c5)cc25,31.0,,27,10.0,2024-11-10 15:30:00,maplewood,spent oak chips,grapes,glucan,% dry weight,41.54,3,pass,,xkang2@lbl.gov,compositional
(c5)daf9,41.0,,228,97.0,2026-02-13 10:30:00,badger,walnut tree sticks,walnuts,xylose,% dry weight,16.64,2,pass,,,compositional
(c5)e06a,41.0,,228,97.0,2026-02-13 10:30:00,badger,walnut tree sticks,walnuts,xylose,% dry weight,17.35,3,pass,,,compositional
(c5)f357,31.0,,27,10.0,2024-11-10 15:30:00,maplewood,spent oak chips,grapes,lignin,% dry weight,44.78,2,pass,,xkang2@lbl.gov,compositional
(c7)0c90,31.0,,53,15.0,2024-11-21 13:10:00,vibrant,almond branches,almonds,xylan,% dry weight,13.9,1,pass,,xkang2@lbl.gov,compositional
(c7)32d3,31.0,,53,15.0,2024-11-21 13:10:00,vibrant,almond branches,almonds,glucose,% dry weight,28.26,3,pass,,xkang2@lbl.gov,compositional
(c7)4017,31.0,,53,15.0,2024-11-21 13:10:00,vibrant,almond branches,almonds,lignin,% dry weight,34.64,1,pass,,xkang2@lbl.gov,compositional
(c7)4fab,31.0,,53,15.0,2024-11-21 13:10:00,vibrant,almond branches,almonds,glucose,% dry weight,26.32,1,pass,,xkang2@lbl.gov,compositional
(c7)548b,31.0,,53,15.0,2024-11-21 13:10:00,vibrant,almond branches,almonds,xylose,% dry weight,17.32,3,pass,,xkang2@lbl.gov,compositional
(c7)55ad,31.0,,53,15.0,2024-11-21 13:10:00,vibrant,almond branches,almonds,glucose,% dry weight,28.01,2,pass,,xkang2@lbl.gov,compositional
(c7)5eb1,31.0,,53,15.0,2024-11-21 13:10:00,vibrant,almond branches,almonds,xylan,% dry weight,15.25,2,pass,,xkang2@lbl.gov,compositional
(c7)70cd,31.0,,53,15.0,2024-11-21 13:10:00,vibrant,almond branches,almonds,glucan,% dry weight,25.21,2,pass,,xkang2@lbl.gov,compositional
(c7)71f6,31.0,,53,15.0,2024-11-21 13:10:00,vibrant,almond branches,almonds,xylose,% dry weight,17.33,2,pass,,xkang2@lbl.gov,compositional
(c7)749c,31.0,,53,15.0,2024-11-21 13:10:00,vibrant,almond branches,almonds,xylan,% dry weight,15.24,3,pass,,xkang2@lbl.gov,compositional
(c7)8b0b,31.0,,53,15.0,2024-11-21 13:10:00,vibrant,almond branches,almonds,lignin,% dry weight,33.57,3,pass,,xkang2@lbl.gov,compositional
(c7)a5f2,31.0,,53,15.0,2024-11-21 13:10:00,vibrant,almond branches,almonds,glucan,% dry weight,25.44,3,pass,,xkang2@lbl.gov,compositional
(c7)bffa,31.0,,53,15.0,2024-11-21 13:10:00,vibrant,almond branches,almonds,xylose,% dry weight,15.8,1,pass,,xkang2@lbl.gov,compositional
(c7)f332,31.0,,53,15.0,2024-11-21 13:10:00,vibrant,almond branches,almonds,lignin,% dry weight,33.62,2,pass,,xkang2@lbl.gov,compositional
(c7)fb25,31.0,,53,15.0,2024-11-21 13:10:00,vibrant,almond branches,almonds,glucan,% dry weight,23.69,1,pass,,xkang2@lbl.gov,compositional
(ca)0336,32.0,,155,81.0,2025-10-11 10:00:00,possessive,rice straw,rice,lignin,% dry weight,19.13,1,pass,,,compositional
(ca)0ac2,32.0,,155,81.0,2025-10-11 10:00:00,possessive,rice straw,rice,lignin,% dry weight,18.92,2,pass,,,compositional
(ca)143e,32.0,,155,81.0,2025-10-11 10:00:00,possessive,rice straw,rice,glucan,% dry weight,33.1,1,pass,,,compositional
(ca)1c11,32.0,,155,81.0,2025-10-11 10:00:00,possessive,rice straw,rice,xylan,% dry weight,16.97,2,pass,,,compositional
(ca)1ec6,32.0,,155,81.0,2025-10-11 10:00:00,possessive,rice straw,rice,xylan,% dry weight,17.15,3,pass,,,compositional
(ca)23fe,32.0,,155,81.0,2025-10-11 10:00:00,possessive,rice straw,rice,xylan,% dry weight,16.1,1,pass,,,compositional
(ca)2a06,32.0,,155,81.0,2025-10-11 10:00:00,possessive,rice straw,rice,lignin,% dry weight,18.8,3,pass,,,compositional
(ca)3a26,32.0,,155,81.0,2025-10-11 10:00:00,possessive,rice straw,rice,glucan,% dry weight,34.0,3,pass,,,compositional
(ca)3df0,32.0,,155,81.0,2025-10-11 10:00:00,possessive,rice straw,rice,xylose,% dry weight,19.49,3,pass,,,compositional
(ca)53ec,32.0,,155,81.0,2025-10-11 10:00:00,possessive,rice straw,rice,xylose,% dry weight,18.3,1,pass,,,compositional
(ca)9001,32.0,,155,81.0,2025-10-11 10:00:00,possessive,rice straw,rice,glucose,% dry weight,37.78,3,pass,,,compositional
(ca)b994,32.0,,155,81.0,2025-10-11 10:00:00,possessive,rice straw,rice,glucose,% dry weight,36.78,1,pass,,,compositional
(ca)beff,32.0,,155,81.0,2025-10-11 10:00:00,possessive,rice straw,rice,glucose,% dry weight,37.58,2,pass,,,compositional
(ca)cd2f,32.0,,155,81.0,2025-10-11 10:00:00,possessive,rice straw,rice,xylose,% dry weight,19.28,2,pass,,,compositional
(ca)cf48,32.0,,155,81.0,2025-10-11 10:00:00,possessive,rice straw,rice,glucan,% dry weight,33.82,2,pass,,,compositional
(d2)0b71,35.0,,6,2.0,2024-09-21 09:00:00,pinecrest,tomato pomace,tomatoes for processing,lignin+,% dry weight,31.57,2,pass,,xkang2@lbl.gov,compositional
(d2)12cb,35.0,,6,2.0,2024-09-21 09:00:00,pinecrest,tomato pomace,tomatoes for processing,xylan,% dry weight,8.84,1,pass,,xkang2@lbl.gov,compositional
(d2)1e4c,35.0,,6,2.0,2024-09-21 09:00:00,pinecrest,tomato pomace,tomatoes for processing,xylan,% dry weight,8.72,3,pass,,xkang2@lbl.gov,compositional
(d2)2fae,35.0,,6,2.0,2024-09-21 09:00:00,pinecrest,tomato pomace,tomatoes for processing,lignin+,% dry weight,30.53,1,pass,,xkang2@lbl.gov,compositional
(d2)42a2,35.0,,6,2.0,2024-09-21 09:00:00,pinecrest,tomato pomace,tomatoes for processing,xylose,% dry weight,10.04,1,pass,,xkang2@lbl.gov,compositional
(d2)4d07,35.0,,6,2.0,2024-09-21 09:00:00,pinecrest,tomato pomace,tomatoes for processing,glucose,% dry weight,21.0,2,pass,,xkang2@lbl.gov,compositional
(d2)62d0,35.0,,6,2.0,2024-09-21 09:00:00,pinecrest,tomato pomace,tomatoes for processing,glucan,% dry weight,18.98,3,pass,,xkang2@lbl.gov,compositional
(d2)a7f3,35.0,,6,2.0,2024-09-21 09:00:00,pinecrest,tomato pomace,tomatoes for processing,glucose,% dry weight,21.15,1,pass,,xkang2@lbl.gov,compositional
(d2)bdb6,35.0,,6,2.0,2024-09-21 09:00:00,pinecrest,tomato pomace,tomatoes for processing,glucan,% dry weight,18.9,2,pass,,xkang2@lbl.gov,compositional
(d2)cadf,35.0,,6,2.0,2024-09-21 09:00:00,pinecrest,tomato pomace,tomatoes for processing,glucan,% dry weight,19.04,1,pass,,xkang2@lbl.gov,compositional
(d2)cea7,35.0,,6,2.0,2024-09-21 09:00:00,pinecrest,tomato pomace,tomatoes for processing,xylan,% dry weight,8.46,2,pass,,xkang2@lbl.gov,compositional
(d2)d344,35.0,,6,2.0,2024-09-21 09:00:00,pinecrest,tomato pomace,tomatoes for processing,xylose,% dry weight,9.62,2,pass,,xkang2@lbl.gov,compositional
(d2)d758,35.0,,6,2.0,2024-09-21 09:00:00,pinecrest,tomato pomace,tomatoes for processing,glucose,% dry weight,21.08,3,pass,,xkang2@lbl.gov,compositional
(d2)d96d,35.0,,6,2.0,2024-09-21 09:00:00,pinecrest,tomato pomace,tomatoes for processing,lignin+,% dry weight,31.95,3,pass,,xkang2@lbl.gov,compositional
(d2)da56,35.0,,6,2.0,2024-09-21 09:00:00,pinecrest,tomato pomace,tomatoes for processing,xylose,% dry weight,9.91,3,pass,,xkang2@lbl.gov,compositional
(da)0242,32.0,,82,38.0,2025-06-30 13:00:00,wardrobe,wheat straw,winter wheat,xylose,% dry weight,21.62,2,pass,,,compositional
(da)0c02,36.0,,82,38.0,2025-06-30 13:00:00,wardrobe,wheat straw,winter wheat,lignin,% dry weight,16.97,3,pass,,,compositional
(da)0dd5,36.0,,82,38.0,2025-06-30 13:00:00,wardrobe,wheat straw,winter wheat,arabinan,% dry weight,2.01,2,pass,,,compositional
(da)0eb5,36.0,,82,38.0,2025-06-30 13:00:00,wardrobe,wheat straw,winter wheat,xylan,% dry weight,20.51,1,pass,,,compositional
(da)0f5b,41.0,,153,85.0,2025-10-21 15:10:00,tripod,pistachio shells,pistachios,glucose,% dry weight,23.77,3,pass,,,compositional
(da)112e,36.0,,82,38.0,2025-06-30 13:00:00,wardrobe,wheat straw,winter wheat,arabinan,% dry weight,2.35,3,pass,,,compositional
(da)11ef,41.0,,153,85.0,2025-10-21 15:10:00,tripod,pistachio shells,pistachios,glucan,% dry weight,22.6,1,pass,,,compositional
(da)206c,32.0,,82,38.0,2025-06-30 13:00:00,wardrobe,wheat straw,winter wheat,glucan,% dry weight,34.11,1,pass,,,compositional
(da)28c3,32.0,,82,38.0,2025-06-30 13:00:00,wardrobe,wheat straw,winter wheat,glucose,% dry weight,37.11,3,pass,,,compositional
(da)3381,41.0,,153,85.0,2025-10-21 15:10:00,tripod,pistachio shells,pistachios,lignin,% dry weight,32.34,1,pass,,,compositional
(da)351f,41.0,,153,85.0,2025-10-21 15:10:00,tripod,pistachio shells,pistachios,lignin,% dry weight,33.6,3,pass,,,compositional
(da)3e27,41.0,,153,85.0,2025-10-21 15:10:00,tripod,pistachio shells,pistachios,glucan,% dry weight,21.4,2,pass,,,compositional
(da)45fb,36.0,,82,38.0,2025-06-30 13:00:00,wardrobe,wheat straw,winter wheat,xylose,% dry weight,23.3,2,pass,,,compositional
(da)5b66,32.0,,82,38.0,2025-06-30 13:00:00,wardrobe,wheat straw,winter wheat,glucan,% dry weight,33.4,3,pass,,,compositional
(da)5c87,41.0,,153,85.0,2025-10-21 15:10:00,tripod,pistachio shells,pistachios,glucose,% dry weight,23.78,2,pass,,,compositional
(da)5f99,36.0,,82,38.0,2025-06-30 13:00:00,wardrobe,wheat straw,winter wheat,xylose,% dry weight,23.56,3,pass,,,compositional
(da)6158,41.0,,153,85.0,2025-10-21 15:10:00,tripod,pistachio shells,pistachios,xylan,% dry weight,37.19,2,pass,,,compositional
(da)61f1,41.0,,153,85.0,2025-10-21 15:10:00,tripod,pistachio shells,pistachios,glucan,% dry weight,21.4,3,pass,,,compositional
(da)627d,36.0,,82,38.0,2025-06-30 13:00:00,wardrobe,wheat straw,winter wheat,glucose,% dry weight,38.08,3,pass,,,compositional
(da)659e,36.0,,82,38.0,2025-06-30 13:00:00,wardrobe,wheat straw,winter wheat,xylose,% dry weight,23.31,1,pass,,,compositional
(da)65a4,36.0,,82,38.0,2025-06-30 13:00:00,wardrobe,wheat straw,winter wheat,arabinan,% dry weight,2.41,1,pass,,,compositional
(da)6b6b,41.0,,153,85.0,2025-10-21 15:10:00,tripod,pistachio shells,pistachios,xylose,% dry weight,42.26,2,pass,,,compositional
(da)6f36,32.0,,82,38.0,2025-06-30 13:00:00,wardrobe,wheat straw,winter wheat,xylan,% dry weight,19.03,2,pass,,,compositional
(da)793b,32.0,,82,38.0,2025-06-30 13:00:00,wardrobe,wheat straw,winter wheat,xylose,% dry weight,23.01,3,pass,,,compositional
(da)8086,36.0,,82,38.0,2025-06-30 13:00:00,wardrobe,wheat straw,winter wheat,xylan,% dry weight,20.51,2,pass,,,compositional
(da)83a3,36.0,,82,38.0,2025-06-30 13:00:00,wardrobe,wheat straw,winter wheat,lignin,% dry weight,16.7,1,pass,,,compositional
(da)847a,41.0,,153,85.0,2025-10-21 15:10:00,tripod,pistachio shells,pistachios,xylan,% dry weight,37.28,3,pass,,,compositional
(da)85be,36.0,,82,38.0,2025-06-30 13:00:00,wardrobe,wheat straw,winter wheat,arabinose,% dry weight,2.68,3,pass,,,compositional
(da)8737,32.0,,82,38.0,2025-06-30 13:00:00,wardrobe,wheat straw,winter wheat,lignin,% dry weight,21.63,1,pass,,,compositional
(da)9bfc,32.0,,82,38.0,2025-06-30 13:00:00,wardrobe,wheat straw,winter wheat,glucose,% dry weight,35.68,2,pass,,,compositional
(da)a0f5,41.0,,153,85.0,2025-10-21 15:10:00,tripod,pistachio shells,pistachios,glucose,% dry weight,25.11,1,pass,,,compositional
(da)a2d6,36.0,,82,38.0,2025-06-30 13:00:00,wardrobe,wheat straw,winter wheat,arabinose,% dry weight,2.29,2,pass,,,compositional
(da)ab96,36.0,,82,38.0,2025-06-30 13:00:00,wardrobe,wheat straw,winter wheat,xylan,% dry weight,20.74,3,pass,,,compositional
(da)aba8,41.0,,153,85.0,2025-10-21 15:10:00,tripod,pistachio shells,pistachios,xylan,% dry weight,37.06,1,pass,,,compositional
(da)ac37,36.0,,82,38.0,2025-06-30 13:00:00,wardrobe,wheat straw,winter wheat,glucan,% dry weight,34.23,1,pass,,,compositional
(da)b0df,32.0,,82,38.0,2025-06-30 13:00:00,wardrobe,wheat straw,winter wheat,glucose,% dry weight,37.9,1,pass,,,compositional
(da)b698,32.0,,82,38.0,2025-06-30 13:00:00,wardrobe,wheat straw,winter wheat,lignin,% dry weight,21.68,3,pass,,,compositional
(da)b8f9,36.0,,82,38.0,2025-06-30 13:00:00,wardrobe,wheat straw,winter wheat,glucan,% dry weight,33.49,2,pass,,,compositional
(da)cc8a,36.0,,82,38.0,2025-06-30 13:00:00,wardrobe,wheat straw,winter wheat,lignin,% dry weight,16.75,2,pass,,,compositional
(da)cf0e,36.0,,82,38.0,2025-06-30 13:00:00,wardrobe,wheat straw,winter wheat,arabinose,% dry weight,2.74,1,pass,,,compositional
(da)dc7a,41.0,,153,85.0,2025-10-21 15:10:00,tripod,pistachio shells,pistachios,xylose,% dry weight,42.37,3,pass,,,compositional
(da)e334,41.0,,153,85.0,2025-10-21 15:10:00,tripod,pistachio shells,pistachios,xylose,% dry weight,42.11,1,pass,,,compositional
(da)eb21,32.0,,82,38.0,2025-06-30 13:00:00,wardrobe,wheat straw,winter wheat,lignin,% dry weight,21.88,2,pass,,,compositional
(da)ec68,32.0,,82,38.0,2025-06-30 13:00:00,wardrobe,wheat straw,winter wheat,glucan,% dry weight,32.11,2,pass,,,compositional
(da)ed48,36.0,,82,38.0,2025-06-30 13:00:00,wardrobe,wheat straw,winter wheat,glucose,% dry weight,38.03,1,pass,,,compositional
(da)ef39,32.0,,82,38.0,2025-06-30 13:00:00,wardrobe,wheat straw,winter wheat,xylan,% dry weight,20.25,3,pass,,,compositional
(da)f1b5,41.0,,153,85.0,2025-10-21 15:10:00,tripod,pistachio shells,pistachios,lignin,% dry weight,32.79,2,pass,,,compositional
(da)f3ce,32.0,,82,38.0,2025-06-30 13:00:00,wardrobe,wheat straw,winter wheat,xylose,% dry weight,23.13,1,pass,,,compositional
(da)f6bc,32.0,,82,38.0,2025-06-30 13:00:00,wardrobe,wheat straw,winter wheat,xylan,% dry weight,20.35,1,pass,,,compositional
(da)fbf9,36.0,,82,38.0,2025-06-30 13:00:00,wardrobe,wheat straw,winter wheat,glucose,% dry weight,37.21,2,pass,,,compositional
(da)ff89,36.0,,82,38.0,2025-06-30 13:00:00,wardrobe,wheat straw,winter wheat,glucan,% dry weight,34.27,3,pass,,,compositional
(e7)365a,39.0,,58,21.0,2024-11-21 18:40:00,energetic,walnut hulls,walnuts,glucan,% dry weight,12.86,3,pass,,xkang2@lbl.gov,compositional
(e7)47b9,39.0,,58,21.0,2024-11-21 18:40:00,energetic,walnut hulls,walnuts,xylose,% dry weight,10.57,2,pass,,xkang2@lbl.gov,compositional
(e7)4b15,39.0,,58,21.0,2024-11-21 18:40:00,energetic,walnut hulls,walnuts,glucan,% dry weight,12.45,2,pass,,xkang2@lbl.gov,compositional
(e7)4f39,39.0,,58,21.0,2024-11-21 18:40:00,energetic,walnut hulls,walnuts,glucose,% dry weight,14.29,3,pass,,xkang2@lbl.gov,compositional
(e7)538c,39.0,,58,21.0,2024-11-21 18:40:00,energetic,walnut hulls,walnuts,xylose,% dry weight,11.29,3,pass,,xkang2@lbl.gov,compositional
(e7)561b,39.0,,58,21.0,2024-11-21 18:40:00,energetic,walnut hulls,walnuts,xylan,% dry weight,9.61,1,pass,,xkang2@lbl.gov,compositional
(e7)6d58,39.0,,58,21.0,2024-11-21 18:40:00,energetic,walnut hulls,walnuts,lignin,% dry weight,36.0,3,pass,,xkang2@lbl.gov,compositional
(e7)7925,39.0,,58,21.0,2024-11-21 18:40:00,energetic,walnut hulls,walnuts,glucose,% dry weight,13.83,2,pass,,xkang2@lbl.gov,compositional
(e7)795e,39.0,,58,21.0,2024-11-21 18:40:00,energetic,walnut hulls,walnuts,xylan,% dry weight,9.3,2,pass,,xkang2@lbl.gov,compositional
(e7)abfc,39.0,,58,21.0,2024-11-21 18:40:00,energetic,walnut hulls,walnuts,xylose,% dry weight,10.92,1,pass,,xkang2@lbl.gov,compositional
(e7)afea,39.0,,58,21.0,2024-11-21 18:40:00,energetic,walnut hulls,walnuts,xylan,% dry weight,9.94,3,pass,,xkang2@lbl.gov,compositional
(e7)bcb4,39.0,,58,21.0,2024-11-21 18:40:00,energetic,walnut hulls,walnuts,lignin,% dry weight,34.65,1,pass,,xkang2@lbl.gov,compositional
(e7)be54,39.0,,58,21.0,2024-11-21 18:40:00,energetic,walnut hulls,walnuts,glucan,% dry weight,12.98,1,pass,,xkang2@lbl.gov,compositional
(e7)d6bc,39.0,,58,21.0,2024-11-21 18:40:00,energetic,walnut hulls,walnuts,lignin,% dry weight,34.66,2,pass,,xkang2@lbl.gov,compositional
(e7)edcc,39.0,,58,21.0,2024-11-21 18:40:00,energetic,walnut hulls,walnuts,glucose,% dry weight,14.42,1,pass,,xkang2@lbl.gov,compositional
(ed)1f11,32.0,,78,35.0,2025-06-30 11:45:00,possessive,alfalfa,hay - alfalfa,glucose,% dry weight,30.51,1,pass,,,compositional
(ed)5830,32.0,,78,35.0,2025-06-30 11:45:00,possessive,alfalfa,hay - alfalfa,lignin,% dry weight,20.66,3,pass,,,compositional
(ed)5faf,32.0,,78,35.0,2025-06-30 11:45:00,possessive,alfalfa,hay - alfalfa,xylose,% dry weight,13.84,1,pass,,,compositional
(ed)665a,32.0,,78,35.0,2025-06-30 11:45:00,possessive,alfalfa,hay - alfalfa,glucan,% dry weight,27.53,2,pass,,,compositional
(ed)7593,32.0,,78,35.0,2025-06-30 11:45:00,possessive,alfalfa,hay - alfalfa,glucan,% dry weight,27.46,1,pass,,,compositional
(ed)7669,32.0,,78,35.0,2025-06-30 11:45:00,possessive,alfalfa,hay - alfalfa,xylose,% dry weight,13.76,2,pass,,,compositional
(ed)7cf3,32.0,,78,35.0,2025-06-30 11:45:00,possessive,alfalfa,hay - alfalfa,xylan,% dry weight,12.18,1,pass,,,compositional
(ed)7dc9,32.0,,78,35.0,2025-06-30 11:45:00,possessive,alfalfa,hay - alfalfa,glucose,% dry weight,30.79,3,pass,,,compositional
(ed)aaed,32.0,,78,35.0,2025-06-30 11:45:00,possessive,alfalfa,hay - alfalfa,glucan,% dry weight,27.71,3,pass,,,compositional
(ed)ad81,32.0,,78,35.0,2025-06-30 11:45:00,possessive,alfalfa,hay - alfalfa,xylan,% dry weight,12.11,2,pass,,,compositional
(ed)c829,32.0,,78,35.0,2025-06-30 11:45:00,possessive,alfalfa,hay - alfalfa,glucose,% dry weight,30.59,2,pass,,,compositional
(ed)ca21,32.0,,78,35.0,2025-06-30 11:45:00,possessive,alfalfa,hay - alfalfa,xylan,% dry weight,12.3,3,pass,,,compositional
(ed)dbc1,32.0,,78,35.0,2025-06-30 11:45:00,possessive,alfalfa,hay - alfalfa,lignin,% dry weight,20.66,1,pass,,,compositional
(ed)ece2,32.0,,78,35.0,2025-06-30 11:45:00,possessive,alfalfa,hay - alfalfa,xylose,% dry weight,13.98,3,pass,,,compositional
(ed)fbeb,32.0,,78,35.0,2025-06-30 11:45:00,possessive,alfalfa,hay - alfalfa,lignin,% dry weight,20.96,2,pass,,,compositional
(03)00da,5.0,,50,17.0,2024-11-21 15:40:00,tiny,almond hulls,almonds,volatile solids,% total weight,77.89,1,pass,,xkang2@lbl.gov,proximate
(03)1dc8,5.0,,50,17.0,2024-11-21 15:40:00,tiny,almond hulls,almonds,moisture,% total weight,15.21,2,pass,,xkang2@lbl.gov,proximate
(03)2f05,21.0,,50,17.0,2024-11-21 15:40:00,tiny,almond hulls,almonds,total solids,% total weight,90.36,2,pass,uc combined protocol,pass,proximate
(03)3c5b,21.0,,50,17.0,2024-11-21 15:40:00,tiny,almond hulls,almonds,ash,% total weight,5.03,2,pass,uc combined protocol,,proximate
(03)3fd9,21.0,,50,17.0,2024-11-21 15:40:00,tiny,almond hulls,almonds,volatile solids,% total weight,4.67,1,pass,uc combined protocol,pass,proximate
(03)47e1,21.0,,50,17.0,2024-11-21 15:40:00,tiny,almond hulls,almonds,total solids,% total weight,90.32,1,pass,uc combined protocol,pass,proximate
(03)6464,5.0,,50,17.0,2024-11-21 15:40:00,tiny,almond hulls,almonds,ash,% total weight,6.49,3,pass,,xkang2@lbl.gov,proximate
(03)7e52,21.0,,50,17.0,2024-11-21 15:40:00,tiny,almond hulls,almonds,moisture,% total weight,0.73,1,pass,uc combined protocol,,proximate
(03)8454,5.0,,50,17.0,2024-11-21 15:40:00,tiny,almond hulls,almonds,ash,% total weight,6.98,1,pass,,xkang2@lbl.gov,proximate
(03)92f9,21.0,,50,17.0,2024-11-21 15:40:00,tiny,almond hulls,almonds,volatile solids,% total weight,4.61,2,pass,uc combined protocol,pass,proximate
(03)93b6,5.0,,50,17.0,2024-11-21 15:40:00,tiny,almond hulls,almonds,total solids,% total weight,84.87,1,pass,,xkang2@lbl.gov,proximate
(03)ab1e,21.0,,50,17.0,2024-11-21 15:40:00,tiny,almond hulls,almonds,ash,% total weight,5.01,1,pass,uc combined protocol,,proximate
(03)addb,21.0,,50,17.0,2024-11-21 15:40:00,tiny,almond hulls,almonds,ash,% total weight,4.8,3,pass,uc combined protocol,,proximate
(03)b1b0,5.0,,50,17.0,2024-11-21 15:40:00,tiny,almond hulls,almonds,moisture,% total weight,15.44,3,pass,,xkang2@lbl.gov,proximate
(03)c010,5.0,,50,17.0,2024-11-21 15:40:00,tiny,almond hulls,almonds,moisture,% total weight,15.13,1,pass,,xkang2@lbl.gov,proximate
(03)c17e,5.0,,50,17.0,2024-11-21 15:40:00,tiny,almond hulls,almonds,volatile solids,% total weight,78.07,3,pass,,xkang2@lbl.gov,proximate
(03)ca72,5.0,,50,17.0,2024-11-21 15:40:00,tiny,almond hulls,almonds,total solids,% total weight,84.56,3,pass,,xkang2@lbl.gov,proximate
(03)d4ba,21.0,,50,17.0,2024-11-21 15:40:00,tiny,almond hulls,almonds,volatile solids,% total weight,4.68,3,pass,uc combined protocol,pass,proximate
(03)d76c,5.0,,50,17.0,2024-11-21 15:40:00,tiny,almond hulls,almonds,volatile solids,% total weight,77.28,2,pass,,xkang2@lbl.gov,proximate
(03)df3a,21.0,,50,17.0,2024-11-21 15:40:00,tiny,almond hulls,almonds,total solids,% total weight,90.52,3,pass,uc combined protocol,pass,proximate
(03)f35c,5.0,,50,17.0,2024-11-21 15:40:00,tiny,almond hulls,almonds,total solids,% total weight,84.79,2,pass,,xkang2@lbl.gov,proximate
(03)f701,5.0,,50,17.0,2024-11-21 15:40:00,tiny,almond hulls,almonds,ash,% total weight,7.51,2,pass,,xkang2@lbl.gov,proximate
(04)0237,4.0,,28,10.0,2024-11-10 15:30:00,maplewood,spent oak chips,grapes,volatile solids,% total weight,92.05,3,pass,,xkang2@lbl.gov,proximate
(04)044e,7.0,,148,78.0,2025-09-26 11:15:00,capstan,almond shells,almonds,total solids,% total weight,91.9,3,pass,,,proximate
(04)05aa,4.0,,28,10.0,2024-11-10 15:30:00,maplewood,spent oak chips,grapes,total solids,% total weight,92.5,2,pass,,xkang2@lbl.gov,proximate
(04)1e5f,4.0,,28,10.0,2024-11-10 15:30:00,maplewood,spent oak chips,grapes,total solids,% total weight,92.57,3,pass,,xkang2@lbl.gov,proximate
(04)1e98,4.0,,28,10.0,2024-11-10 15:30:00,maplewood,spent oak chips,grapes,ash,% total weight,0.54,2,pass,,xkang2@lbl.gov,proximate
(04)3910,4.0,,28,10.0,2024-11-10 15:30:00,maplewood,spent oak chips,grapes,volatile solids,% total weight,92.15,1,pass,,xkang2@lbl.gov,proximate
(04)394f,7.0,,148,78.0,2025-09-26 11:15:00,capstan,almond shells,almonds,ash,% total weight,3.98,1,pass,,,proximate
(04)3980,4.0,,28,10.0,2024-11-10 15:30:00,maplewood,spent oak chips,grapes,moisture,% total weight,7.5,2,pass,,xkang2@lbl.gov,proximate
(04)3ab3,4.0,,28,10.0,2024-11-10 15:30:00,maplewood,spent oak chips,grapes,ash,% total weight,0.52,3,pass,,xkang2@lbl.gov,proximate
(04)4ab5,4.0,,28,10.0,2024-11-10 15:30:00,maplewood,spent oak chips,grapes,moisture,% total weight,7.19,1,pass,,xkang2@lbl.gov,proximate
(04)4e50,7.0,,148,78.0,2025-09-26 11:15:00,capstan,almond shells,almonds,moisture,% total weight,8.16,1,pass,,,proximate
(04)5356,4.0,,28,10.0,2024-11-10 15:30:00,maplewood,spent oak chips,grapes,moisture,% total weight,7.43,3,pass,,xkang2@lbl.gov,proximate
(04)5af5,7.0,,148,78.0,2025-09-26 11:15:00,capstan,almond shells,almonds,volatile solids,% total weight,87.5,2,pass,,,proximate
(04)63f0,7.0,,148,78.0,2025-09-26 11:15:00,capstan,almond shells,almonds,volatile solids,% total weight,87.28,3,pass,,,proximate
(04)93fb,4.0,,28,10.0,2024-11-10 15:30:00,maplewood,spent oak chips,grapes,total solids,% total weight,92.81,1,pass,,xkang2@lbl.gov,proximate
(04)986f,4.0,,28,10.0,2024-11-10 15:30:00,maplewood,spent oak chips,grapes,ash,% total weight,0.66,1,pass,,xkang2@lbl.gov,proximate
(04)a405,7.0,,148,78.0,2025-09-26 11:15:00,capstan,almond shells,almonds,ash,% total weight,4.62,3,pass,,,proximate
(04)a428,7.0,,148,78.0,2025-09-26 11:15:00,capstan,almond shells,almonds,ash,% total weight,4.3,2,pass,,,proximate
(04)be9a,7.0,,148,78.0,2025-09-26 11:15:00,capstan,almond shells,almonds,moisture,% total weight,8.1,3,pass,,,proximate
(04)bee6,7.0,,148,78.0,2025-09-26 11:15:00,capstan,almond shells,almonds,total solids,% total weight,91.84,1,pass,,,proximate
(04)c11a,7.0,,148,78.0,2025-09-26 11:15:00,capstan,almond shells,almonds,total solids,% total weight,91.8,2,pass,,,proximate
(04)d532,7.0,,148,78.0,2025-09-26 11:15:00,capstan,almond shells,almonds,moisture,% total weight,8.2,2,pass,,,proximate
(04)ed81,4.0,,28,10.0,2024-11-10 15:30:00,maplewood,spent oak chips,grapes,volatile solids,% total weight,91.96,2,pass,,xkang2@lbl.gov,proximate
(04)f5c2,7.0,,148,78.0,2025-09-26 11:15:00,capstan,almond shells,almonds,volatile solids,% total weight,87.86,1,pass,,,proximate
(0d)1559,21.0,,52,27.0,2025-01-08 09:15:00,hairpin,sargassum,sargassum,ash,% total weight,37.39,2,pass,uc combined protocol,,proximate
(0d)1817,21.0,,52,27.0,2025-01-08 09:15:00,hairpin,sargassum,sargassum,moisture,% total weight,2.01,1,pass,uc combined protocol,,proximate
(0d)188f,5.0,,52,27.0,2025-01-08 09:15:00,hairpin,sargassum,sargassum,ash,% total weight,30.86,1,pass,,xkang2@lbl.gov,proximate
(0d)2775,21.0,,52,27.0,2025-01-08 09:15:00,hairpin,sargassum,sargassum,volatile solids,% total weight,27.03,1,pass,uc combined protocol,pass,proximate
(0d)329b,21.0,,52,27.0,2025-01-08 09:15:00,hairpin,sargassum,sargassum,total solids,% total weight,35.3,2,pass,uc combined protocol,pass,proximate
(0d)388f,5.0,,52,27.0,2025-01-08 09:15:00,hairpin,sargassum,sargassum,volatile solids,% total weight,58.14,3,pass,,xkang2@lbl.gov,proximate
(0d)3fa6,21.0,,52,27.0,2025-01-08 09:15:00,hairpin,sargassum,sargassum,total solids,% total weight,35.89,1,pass,uc combined protocol,pass,proximate
(0d)4657,5.0,,52,27.0,2025-01-08 09:15:00,hairpin,sargassum,sargassum,ash,% total weight,31.12,2,pass,,xkang2@lbl.gov,proximate
(0d)4978,21.0,,52,27.0,2025-01-08 09:15:00,hairpin,sargassum,sargassum,volatile solids,% total weight,27.13,3,pass,uc combined protocol,pass,proximate
(0d)5044,5.0,,52,27.0,2025-01-08 09:15:00,hairpin,sargassum,sargassum,volatile solids,% total weight,58.57,1,pass,,xkang2@lbl.gov,proximate
(0d)542d,21.0,,52,27.0,2025-01-08 09:15:00,hairpin,sargassum,sargassum,total solids,% total weight,35.75,3,pass,uc combined protocol,pass,proximate
(0d)6a9a,5.0,,52,27.0,2025-01-08 09:15:00,hairpin,sargassum,sargassum,ash,% total weight,31.3,3,pass,,xkang2@lbl.gov,proximate
(0d)77f8,5.0,,52,27.0,2025-01-08 09:15:00,hairpin,sargassum,sargassum,moisture,% total weight,10.36,2,pass,,xkang2@lbl.gov,proximate
(0d)91cd,5.0,,52,27.0,2025-01-08 09:15:00,hairpin,sargassum,sargassum,total solids,% total weight,89.43,1,pass,,xkang2@lbl.gov,proximate
(0d)9cec,5.0,,52,27.0,2025-01-08 09:15:00,hairpin,sargassum,sargassum,moisture,% total weight,10.56,3,pass,,xkang2@lbl.gov,proximate
(0d)b14a,5.0,,52,27.0,2025-01-08 09:15:00,hairpin,sargassum,sargassum,total solids,% total weight,89.44,3,pass,,xkang2@lbl.gov,proximate
(0d)be4a,5.0,,52,27.0,2025-01-08 09:15:00,hairpin,sargassum,sargassum,volatile solids,% total weight,58.52,2,pass,,xkang2@lbl.gov,proximate
(0d)cd35,21.0,,52,27.0,2025-01-08 09:15:00,hairpin,sargassum,sargassum,ash,% total weight,37.08,1,pass,uc combined protocol,,proximate
(0d)d715,21.0,,52,27.0,2025-01-08 09:15:00,hairpin,sargassum,sargassum,ash,% total weight,37.13,3,pass,uc combined protocol,,proximate
(0d)dca2,5.0,,52,27.0,2025-01-08 09:15:00,hairpin,sargassum,sargassum,total solids,% total weight,89.64,2,pass,,xkang2@lbl.gov,proximate
(0d)e718,5.0,,52,27.0,2025-01-08 09:15:00,hairpin,sargassum,sargassum,moisture,% total weight,10.57,1,pass,,xkang2@lbl.gov,proximate
(0d)fe10,21.0,,52,27.0,2025-01-08 09:15:00,hairpin,sargassum,sargassum,volatile solids,% total weight,27.32,2,pass,uc combined protocol,pass,proximate
(11)132e,10.0,,139,63.0,2025-09-03 12:00:00,tripod,pistachio hulls,pistachios,total solids,% total weight,18.08,2,pass,,,proximate
(11)2322,10.0,,139,63.0,2025-09-03 12:00:00,tripod,pistachio hulls,pistachios,total solids,% total weight,19.66,1,pass,,,proximate
(11)2800,10.0,,139,63.0,2025-09-03 12:00:00,tripod,pistachio hulls,pistachios,ash,% total weight,4.89,2,pass,,,proximate
(11)472b,10.0,,139,63.0,2025-09-03 12:00:00,tripod,pistachio hulls,pistachios,ash,% total weight,4.96,3,pass,,,proximate
(11)539d,10.0,,139,63.0,2025-09-03 12:00:00,tripod,pistachio hulls,pistachios,moisture,% total weight,82.83,3,pass,,,proximate
(11)713f,10.0,,139,63.0,2025-09-03 12:00:00,tripod,pistachio hulls,pistachios,total solids,% total weight,17.17,3,pass,,,proximate
(11)a4db,10.0,,139,63.0,2025-09-03 12:00:00,tripod,pistachio hulls,pistachios,moisture,% total weight,80.34,1,pass,,,proximate
(11)ac5a,10.0,,139,63.0,2025-09-03 12:00:00,tripod,pistachio hulls,pistachios,ash,% total weight,4.69,1,pass,,,proximate
(11)bf57,10.0,,139,63.0,2025-09-03 12:00:00,tripod,pistachio hulls,pistachios,volatile solids,% total weight,12.22,3,pass,,,proximate
(11)c9c5,10.0,,139,63.0,2025-09-03 12:00:00,tripod,pistachio hulls,pistachios,volatile solids,% total weight,13.19,2,pass,,,proximate
(11)f212,10.0,,139,63.0,2025-09-03 12:00:00,tripod,pistachio hulls,pistachios,volatile solids,% total weight,14.97,1,pass,,,proximate
(11)ffa7,10.0,,139,63.0,2025-09-03 12:00:00,tripod,pistachio hulls,pistachios,moisture,% total weight,81.92,2,pass,,,proximate
(13)0c41,4.0,,34,6.0,2024-10-25 10:30:00,ebony,grape pomace,grapes,moisture,% total weight,64.98,3,pass,,xkang2@lbl.gov,proximate
(13)124d,24.0,,70,24.0,2024-12-16 00:00:00,humorous,almond shells,almonds,ash,% total weight,3.64,1,pass,,xkang2@lbl.gov,proximate
(13)12b9,24.0,,70,24.0,2024-12-16 00:00:00,humorous,almond shells,almonds,moisture,% total weight,19.06,3,pass,,xkang2@lbl.gov,proximate
(13)1443,24.0,,70,24.0,2024-12-16 00:00:00,humorous,almond shells,almonds,volatile solids,% total weight,77.18,3,pass,,xkang2@lbl.gov,proximate
(13)1b04,24.0,,70,24.0,2024-12-16 00:00:00,humorous,almond shells,almonds,moisture,% total weight,19.0,2,pass,,xkang2@lbl.gov,proximate
(13)2169,24.0,,70,24.0,2024-12-16 00:00:00,humorous,almond shells,almonds,moisture,% total weight,19.05,1,pass,,xkang2@lbl.gov,proximate
(13)2dd8,24.0,,70,24.0,2024-12-16 00:00:00,humorous,almond shells,almonds,ash,% total weight,3.77,3,pass,,xkang2@lbl.gov,proximate
(13)4f76,4.0,,34,6.0,2024-10-25 10:30:00,ebony,grape pomace,grapes,ash,% total weight,4.13,3,pass,,xkang2@lbl.gov,proximate
(13)61f0,4.0,,34,6.0,2024-10-25 10:30:00,ebony,grape pomace,grapes,total solids,% total weight,35.02,3,pass,,xkang2@lbl.gov,proximate
(13)67a7,4.0,,34,6.0,2024-10-25 10:30:00,ebony,grape pomace,grapes,moisture,% total weight,62.07,2,pass,,xkang2@lbl.gov,proximate
(13)6c40,24.0,,70,24.0,2024-12-16 00:00:00,humorous,almond shells,almonds,ash,% total weight,3.71,2,pass,,xkang2@lbl.gov,proximate
(13)710c,24.0,,70,24.0,2024-12-16 00:00:00,humorous,almond shells,almonds,volatile solids,% total weight,77.31,1,pass,,xkang2@lbl.gov,proximate
(13)7fbd,24.0,,70,24.0,2024-12-16 00:00:00,humorous,almond shells,almonds,total solids,% total weight,80.94,3,pass,,xkang2@lbl.gov,proximate
(13)81e1,4.0,,34,6.0,2024-10-25 10:30:00,ebony,grape pomace,grapes,ash,% total weight,4.13,2,pass,,xkang2@lbl.gov,proximate
(13)8f5d,4.0,,34,6.0,2024-10-25 10:30:00,ebony,grape pomace,grapes,total solids,% total weight,37.93,2,pass,,xkang2@lbl.gov,proximate
(13)9fd0,4.0,,34,6.0,2024-10-25 10:30:00,ebony,grape pomace,grapes,volatile solids,% total weight,33.1,1,pass,,xkang2@lbl.gov,proximate
(13)a107,4.0,,34,6.0,2024-10-25 10:30:00,ebony,grape pomace,grapes,total solids,% total weight,36.93,1,pass,,xkang2@lbl.gov,proximate
(13)a902,4.0,,34,6.0,2024-10-25 10:30:00,ebony,grape pomace,grapes,moisture,% total weight,63.07,1,pass,,xkang2@lbl.gov,proximate
(13)ade3,4.0,,34,6.0,2024-10-25 10:30:00,ebony,grape pomace,grapes,ash,% total weight,3.84,1,pass,,xkang2@lbl.gov,proximate
(13)bae5,24.0,,70,24.0,2024-12-16 00:00:00,humorous,almond shells,almonds,total solids,% total weight,80.95,1,pass,,xkang2@lbl.gov,proximate
(13)dda4,24.0,,70,24.0,2024-12-16 00:00:00,humorous,almond shells,almonds,total solids,% total weight,81.0,2,pass,,xkang2@lbl.gov,proximate
(13)df67,4.0,,34,6.0,2024-10-25 10:30:00,ebony,grape pomace,grapes,volatile solids,% total weight,30.89,3,pass,,xkang2@lbl.gov,proximate
(13)e2ec,4.0,,34,6.0,2024-10-25 10:30:00,ebony,grape pomace,grapes,volatile solids,% total weight,33.8,2,pass,,xkang2@lbl.gov,proximate
(13)f8f6,24.0,,70,24.0,2024-12-16 00:00:00,humorous,almond shells,almonds,volatile solids,% total weight,77.29,2,pass,,xkang2@lbl.gov,proximate
(14)0aa6,9.0,,88,40.0,2025-08-07 11:30:00,rushes,peach pomace,peaches,volatile solids,% total weight,2.51,3,pass,,xkang2@lbl.gov,proximate
(14)1a55,9.0,,88,40.0,2025-08-07 11:30:00,rushes,peach pomace,peaches,moisture,% total weight,97.15,2,pass,,xkang2@lbl.gov,proximate
(14)6c7f,9.0,,88,40.0,2025-08-07 11:30:00,rushes,peach pomace,peaches,ash,% total weight,0.31,3,pass,,xkang2@lbl.gov,proximate
(14)76bd,9.0,,88,40.0,2025-08-07 11:30:00,rushes,peach pomace,peaches,ash,% total weight,0.31,1,pass,,xkang2@lbl.gov,proximate
(14)bd40,9.0,,88,40.0,2025-08-07 11:30:00,rushes,peach pomace,peaches,ash,% total weight,0.33,2,pass,,xkang2@lbl.gov,proximate
(14)c28a,9.0,,88,40.0,2025-08-07 11:30:00,rushes,peach pomace,peaches,moisture,% total weight,97.18,3,pass,,xkang2@lbl.gov,proximate
(14)d4a4,9.0,,88,40.0,2025-08-07 11:30:00,rushes,peach pomace,peaches,total solids,% total weight,2.85,2,pass,,xkang2@lbl.gov,proximate
(14)e13b,9.0,,88,40.0,2025-08-07 11:30:00,rushes,peach pomace,peaches,total solids,% total weight,2.82,3,pass,,xkang2@lbl.gov,proximate
(14)e88d,9.0,,88,40.0,2025-08-07 11:30:00,rushes,peach pomace,peaches,total solids,% total weight,2.92,1,pass,,xkang2@lbl.gov,proximate
(14)eb17,9.0,,88,40.0,2025-08-07 11:30:00,rushes,peach pomace,peaches,volatile solids,% total weight,2.61,1,pass,,xkang2@lbl.gov,proximate
(14)f092,9.0,,88,40.0,2025-08-07 11:30:00,rushes,peach pomace,peaches,volatile solids,% total weight,2.52,2,pass,,xkang2@lbl.gov,proximate
(14)ff20,9.0,,88,40.0,2025-08-07 11:30:00,rushes,peach pomace,peaches,moisture,% total weight,97.08,1,pass,,xkang2@lbl.gov,proximate
(15)04c6,24.0,,71,25.0,2024-12-16 00:00:00,humorous,almond hulls,almonds,volatile solids,% total weight,78.2,3,pass,,xkang2@lbl.gov,proximate
(15)0931,23.0,,179,93.0,2025-11-04 17:35:00,excellent,olive stems / leaves,olives - processing,ash,% total weight,2.51,3,pass,,,proximate
(15)14f9,12.0,,160,89.0,2025-10-28 10:42:00,cutaway,walnut shells,walnuts,moisture,% total weight,9.86,3,pass,,,proximate
(15)19f2,24.0,,71,25.0,2024-12-16 00:00:00,humorous,almond hulls,almonds,total solids,% total weight,84.56,2,pass,,xkang2@lbl.gov,proximate
(15)1e0f,23.0,,179,93.0,2025-11-04 17:35:00,excellent,olive stems / leaves,olives - processing,volatile solids,% total weight,45.27,1,pass,,,proximate
(15)2551,12.0,,160,89.0,2025-10-28 10:42:00,cutaway,walnut shells,walnuts,total solids,% total weight,90.14,1,pass,,,proximate
(15)282d,23.0,,179,93.0,2025-11-04 17:35:00,excellent,olive stems / leaves,olives - processing,total solids,% total weight,48.56,2,pass,,,proximate
(15)2ca0,12.0,,160,89.0,2025-10-28 10:42:00,cutaway,walnut shells,walnuts,ash,% total weight,1.06,2,pass,,,proximate
(15)4136,23.0,,179,93.0,2025-11-04 17:35:00,excellent,olive stems / leaves,olives - processing,volatile solids,% total weight,46.42,2,pass,,,proximate
(15)53d1,12.0,,160,89.0,2025-10-28 10:42:00,cutaway,walnut shells,walnuts,moisture,% total weight,9.86,1,pass,,,proximate
(15)5a1e,24.0,,71,25.0,2024-12-16 00:00:00,humorous,almond hulls,almonds,moisture,% total weight,15.3,3,pass,,xkang2@lbl.gov,proximate
(15)6ecb,12.0,,160,89.0,2025-10-28 10:42:00,cutaway,walnut shells,walnuts,moisture,% total weight,9.88,2,pass,,,proximate
(15)77aa,12.0,,160,89.0,2025-10-28 10:42:00,cutaway,walnut shells,walnuts,volatile solids,% total weight,88.91,3,pass,,,proximate
(15)80f1,12.0,,160,89.0,2025-10-28 10:42:00,cutaway,walnut shells,walnuts,total solids,% total weight,90.14,3,pass,,,proximate
(15)8749,24.0,,71,25.0,2024-12-16 00:00:00,humorous,almond hulls,almonds,volatile solids,% total weight,77.67,2,pass,,xkang2@lbl.gov,proximate
(15)9253,23.0,,179,93.0,2025-11-04 17:35:00,excellent,olive stems / leaves,olives - processing,moisture,% total weight,51.88,1,pass,,,proximate
(15)9329,23.0,,179,93.0,2025-11-04 17:35:00,excellent,olive stems / leaves,olives - processing,total solids,% total weight,48.12,1,pass,,,proximate
(15)9365,24.0,,71,25.0,2024-12-16 00:00:00,humorous,almond hulls,almonds,ash,% total weight,6.5,3,pass,,xkang2@lbl.gov,proximate
(15)9820,23.0,,179,93.0,2025-11-04 17:35:00,excellent,olive stems / leaves,olives - processing,moisture,% total weight,46.17,3,pass,,,proximate
(15)9a81,24.0,,71,25.0,2024-12-16 00:00:00,humorous,almond hulls,almonds,total solids,% total weight,84.51,1,pass,,xkang2@lbl.gov,proximate
(15)9e63,24.0,,71,25.0,2024-12-16 00:00:00,humorous,almond hulls,almonds,moisture,% total weight,15.44,2,pass,,xkang2@lbl.gov,proximate
(15)a12f,23.0,,179,93.0,2025-11-04 17:35:00,excellent,olive stems / leaves,olives - processing,moisture,% total weight,51.44,2,pass,,,proximate
(15)b8d3,24.0,,71,25.0,2024-12-16 00:00:00,humorous,almond hulls,almonds,volatile solids,% total weight,77.55,1,pass,,xkang2@lbl.gov,proximate
(15)bdac,12.0,,160,89.0,2025-10-28 10:42:00,cutaway,walnut shells,walnuts,ash,% total weight,1.07,1,pass,,,proximate
(15)c5df,24.0,,71,25.0,2024-12-16 00:00:00,humorous,almond hulls,almonds,ash,% total weight,6.96,1,pass,,xkang2@lbl.gov,proximate
(15)c9c6,12.0,,160,89.0,2025-10-28 10:42:00,cutaway,walnut shells,walnuts,ash,% total weight,1.24,3,pass,,,proximate
(15)cfe9,23.0,,179,93.0,2025-11-04 17:35:00,excellent,olive stems / leaves,olives - processing,ash,% total weight,2.85,1,pass,,,proximate
(15)d7bb,24.0,,71,25.0,2024-12-16 00:00:00,humorous,almond hulls,almonds,ash,% total weight,6.89,2,pass,,xkang2@lbl.gov,proximate
(15)dcc2,12.0,,160,89.0,2025-10-28 10:42:00,cutaway,walnut shells,walnuts,volatile solids,% total weight,89.06,2,pass,,,proximate
(15)dec9,23.0,,179,93.0,2025-11-04 17:35:00,excellent,olive stems / leaves,olives - processing,volatile solids,% total weight,51.32,3,pass,,,proximate
(15)e432,23.0,,179,93.0,2025-11-04 17:35:00,excellent,olive stems / leaves,olives - processing,total solids,% total weight,53.83,3,pass,,,proximate
(15)e5c4,12.0,,160,89.0,2025-10-28 10:42:00,cutaway,walnut shells,walnuts,volatile solids,% total weight,89.06,1,pass,,,proximate
(15)ea15,12.0,,160,89.0,2025-10-28 10:42:00,cutaway,walnut shells,walnuts,total solids,% total weight,90.12,2,pass,,,proximate
(15)efa4,24.0,,71,25.0,2024-12-16 00:00:00,humorous,almond hulls,almonds,moisture,% total weight,15.49,1,pass,,xkang2@lbl.gov,proximate
(15)f3b8,23.0,,179,93.0,2025-11-04 17:35:00,excellent,olive stems / leaves,olives - processing,ash,% total weight,2.15,2,pass,,,proximate
(15)f648,24.0,,71,25.0,2024-12-16 00:00:00,humorous,almond hulls,almonds,total solids,% total weight,84.7,3,pass,,xkang2@lbl.gov,proximate
(1a)33d7,21.0,,56,23.0,2024-12-05 13:30:00,tackle,sweet potato culls,sweet potatoes,volatile solids,% total weight,4.73,1,pass,uc combined protocol,fail,proximate
(1a)3794,21.0,,56,23.0,2024-12-05 13:30:00,tackle,sweet potato culls,sweet potatoes,total solids,% total weight,90.32,2,pass,uc combined protocol,fail,proximate
(1a)3fa8,21.0,,56,23.0,2024-12-05 13:30:00,tackle,sweet potato culls,sweet potatoes,volatile solids,% total weight,4.78,2,pass,uc combined protocol,fail,proximate
(1a)5921,21.0,,56,23.0,2024-12-05 13:30:00,tackle,sweet potato culls,sweet potatoes,volatile solids,% total weight,4.83,3,pass,uc combined protocol,fail,proximate
(1a)e81a,21.0,,56,23.0,2024-12-05 13:30:00,tackle,sweet potato culls,sweet potatoes,total solids,% total weight,90.38,1,pass,uc combined protocol,fail,proximate
(1a)ed82,21.0,,56,23.0,2024-12-05 13:30:00,tackle,sweet potato culls,sweet potatoes,total solids,% total weight,90.15,3,pass,uc combined protocol,fail,proximate
(1b)05cf,21.0,,64,6.0,2024-10-25 10:30:00,ebony,grape pomace,grapes,volatile solids,% total weight,6.2,2,pass,uc combined protocol,fail,proximate
(1b)0dca,21.0,,64,6.0,2024-10-25 10:30:00,ebony,grape pomace,grapes,volatile solids,% total weight,6.64,3,pass,uc combined protocol,fail,proximate
(1b)2201,21.0,,64,6.0,2024-10-25 10:30:00,ebony,grape pomace,grapes,volatile solids,% total weight,5.92,1,pass,uc combined protocol,fail,proximate
(1b)3899,21.0,,64,6.0,2024-10-25 10:30:00,ebony,grape pomace,grapes,total solids,% total weight,87.08,2,pass,uc combined protocol,fail,proximate
(1b)bd1e,21.0,,64,6.0,2024-10-25 10:30:00,ebony,grape pomace,grapes,total solids,% total weight,86.15,3,pass,uc combined protocol,fail,proximate
(1b)c76a,21.0,,64,6.0,2024-10-25 10:30:00,ebony,grape pomace,grapes,total solids,% total weight,87.8,1,pass,uc combined protocol,fail,proximate
(23)3d5d,9.0,,89,41.0,2025-08-07 11:45:00,rushes,peach screening waste,peaches,volatile solids,% total weight,2.22,1,pass,,xkang2@lbl.gov,proximate
(23)502a,9.0,,89,41.0,2025-08-07 11:45:00,rushes,peach screening waste,peaches,volatile solids,% total weight,2.46,2,pass,,xkang2@lbl.gov,proximate
(23)564c,9.0,,89,41.0,2025-08-07 11:45:00,rushes,peach screening waste,peaches,moisture,% total weight,97.56,1,pass,,xkang2@lbl.gov,proximate
(23)5b30,9.0,,89,41.0,2025-08-07 11:45:00,rushes,peach screening waste,peaches,ash,% total weight,0.26,3,pass,,xkang2@lbl.gov,proximate
(23)6951,9.0,,89,41.0,2025-08-07 11:45:00,rushes,peach screening waste,peaches,moisture,% total weight,97.06,3,pass,,xkang2@lbl.gov,proximate
(23)77d7,9.0,,89,41.0,2025-08-07 11:45:00,rushes,peach screening waste,peaches,total solids,% total weight,2.94,3,pass,,xkang2@lbl.gov,proximate
(23)8788,9.0,,89,41.0,2025-08-07 11:45:00,rushes,peach screening waste,peaches,moisture,% total weight,97.32,2,pass,,xkang2@lbl.gov,proximate
(23)8d59,9.0,,89,41.0,2025-08-07 11:45:00,rushes,peach screening waste,peaches,total solids,% total weight,2.44,1,pass,,xkang2@lbl.gov,proximate
(23)a636,9.0,,89,41.0,2025-08-07 11:45:00,rushes,peach screening waste,peaches,total solids,% total weight,2.68,2,pass,,xkang2@lbl.gov,proximate
(23)ac37,9.0,,89,41.0,2025-08-07 11:45:00,rushes,peach screening waste,peaches,ash,% total weight,0.22,1,pass,,xkang2@lbl.gov,proximate
(23)d546,9.0,,89,41.0,2025-08-07 11:45:00,rushes,peach screening waste,peaches,ash,% total weight,0.22,2,pass,,xkang2@lbl.gov,proximate
(23)f85f,9.0,,89,41.0,2025-08-07 11:45:00,rushes,peach screening waste,peaches,volatile solids,% total weight,2.68,3,pass,,xkang2@lbl.gov,proximate
(24)00b5,21.0,,49,16.0,2024-11-21 15:10:00,tiny,almond shells,almonds,ash,% total weight,6.52,2,pass,uc combined protocol,,proximate
(24)01da,21.0,,49,16.0,2024-11-21 15:10:00,tiny,almond shells,almonds,ash,% total weight,6.85,3,pass,uc combined protocol,,proximate
(24)033b,5.0,,49,16.0,2024-11-21 15:10:00,tiny,almond shells,almonds,moisture,% total weight,8.61,1,pass,,xkang2@lbl.gov,proximate
(24)1385,21.0,,49,16.0,2024-11-21 15:10:00,tiny,almond shells,almonds,total solids,% total weight,87.46,2,pass,uc combined protocol,pass,proximate
(24)15c4,21.0,,49,16.0,2024-11-21 15:10:00,tiny,almond shells,almonds,volatile solids,% total weight,6.02,2,pass,uc combined protocol,pass,proximate
(24)16b6,21.0,,49,16.0,2024-11-21 15:10:00,tiny,almond shells,almonds,volatile solids,% total weight,5.54,1,pass,uc combined protocol,pass,proximate
(24)1fd9,5.0,,49,16.0,2024-11-21 15:10:00,tiny,almond shells,almonds,moisture,% total weight,8.77,3,pass,,xkang2@lbl.gov,proximate
(24)31a4,5.0,,49,16.0,2024-11-21 15:10:00,tiny,almond shells,almonds,total solids,% total weight,91.39,1,pass,,xkang2@lbl.gov,proximate
(24)3c8f,21.0,,49,16.0,2024-11-21 15:10:00,tiny,almond shells,almonds,ash,% total weight,5.99,1,pass,uc combined protocol,,proximate
(24)4222,21.0,,49,16.0,2024-11-21 15:10:00,tiny,almond shells,almonds,total solids,% total weight,88.47,1,pass,uc combined protocol,pass,proximate
(24)48e4,5.0,,49,16.0,2024-11-21 15:10:00,tiny,almond shells,almonds,volatile solids,% total weight,83.85,2,pass,,xkang2@lbl.gov,proximate
(24)5785,5.0,,49,16.0,2024-11-21 15:10:00,tiny,almond shells,almonds,total solids,% total weight,91.23,3,pass,,xkang2@lbl.gov,proximate
(24)57ea,5.0,,49,16.0,2024-11-21 15:10:00,tiny,almond shells,almonds,volatile solids,% total weight,84.42,3,pass,,xkang2@lbl.gov,proximate
(24)7616,21.0,,49,16.0,2024-11-21 15:10:00,tiny,almond shells,almonds,volatile solids,% total weight,6.34,3,pass,uc combined protocol,pass,proximate
(24)7cb6,5.0,,49,16.0,2024-11-21 15:10:00,tiny,almond shells,almonds,volatile solids,% total weight,84.56,1,pass,,xkang2@lbl.gov,proximate
(24)7d51,5.0,,49,16.0,2024-11-21 15:10:00,tiny,almond shells,almonds,ash,% total weight,6.81,3,pass,,xkang2@lbl.gov,proximate
(24)8d62,5.0,,49,16.0,2024-11-21 15:10:00,tiny,almond shells,almonds,total solids,% total weight,91.17,2,pass,,xkang2@lbl.gov,proximate
(24)96ff,21.0,,49,16.0,2024-11-21 15:10:00,tiny,almond shells,almonds,total solids,% total weight,86.81,3,pass,uc combined protocol,pass,proximate
(24)bbda,5.0,,49,16.0,2024-11-21 15:10:00,tiny,almond shells,almonds,ash,% total weight,6.83,1,pass,,xkang2@lbl.gov,proximate
(24)c0c3,5.0,,49,16.0,2024-11-21 15:10:00,tiny,almond shells,almonds,moisture,% total weight,8.83,2,pass,,xkang2@lbl.gov,proximate
(24)ea69,5.0,,49,16.0,2024-11-21 15:10:00,tiny,almond shells,almonds,ash,% total weight,7.32,2,pass,,xkang2@lbl.gov,proximate
(24)f511,21.0,,49,16.0,2024-11-21 15:10:00,tiny,almond shells,almonds,moisture,% total weight,2.32,1,pass,uc combined protocol,,proximate
(26)5c31,21.0,,59,3.0,2024-09-24 11:40:00,oakleaf,tomato pomace,tomatoes for processing,volatile solids,% total weight,2.59,1,pass,uc combined protocol,fail,proximate
(26)6286,21.0,,59,3.0,2024-09-24 11:40:00,oakleaf,tomato pomace,tomatoes for processing,total solids,% total weight,94.77,1,pass,uc combined protocol,fail,proximate
(26)9ebb,21.0,,59,3.0,2024-09-24 11:40:00,oakleaf,tomato pomace,tomatoes for processing,volatile solids,% total weight,2.79,2,pass,uc combined protocol,fail,proximate
(26)b528,21.0,,59,3.0,2024-09-24 11:40:00,oakleaf,tomato pomace,tomatoes for processing,total solids,% total weight,94.44,2,pass,uc combined protocol,fail,proximate
(26)b8f7,21.0,,59,3.0,2024-09-24 11:40:00,oakleaf,tomato pomace,tomatoes for processing,total solids,% total weight,99.73,3,pass,uc combined protocol,fail,proximate
(26)f3b6,21.0,,59,3.0,2024-09-24 11:40:00,oakleaf,tomato pomace,tomatoes for processing,ash,% total weight,2.67,3,pass,uc combined protocol,fail,proximate
(27)13cb,7.0,,144,71.0,2025-09-19 11:15:00,tiny,almond hulls,almonds,ash,% total weight,13.37,1,pass,,,proximate
(27)23cd,7.0,,144,71.0,2025-09-19 11:15:00,tiny,almond hulls,almonds,ash,% total weight,8.42,3,pass,,,proximate
(27)35cd,7.0,,144,71.0,2025-09-19 11:15:00,tiny,almond hulls,almonds,volatile solids,% total weight,76.48,3,pass,,,proximate
(27)7991,7.0,,144,71.0,2025-09-19 11:15:00,tiny,almond hulls,almonds,volatile solids,% total weight,77.31,2,pass,,,proximate
(27)7a5d,7.0,,144,71.0,2025-09-19 11:15:00,tiny,almond hulls,almonds,moisture,% total weight,15.1,3,pass,,,proximate
(27)83ce,7.0,,144,71.0,2025-09-19 11:15:00,tiny,almond hulls,almonds,total solids,% total weight,84.77,2,pass,,,proximate
(27)8c1d,7.0,,144,71.0,2025-09-19 11:15:00,tiny,almond hulls,almonds,volatile solids,% total weight,71.44,1,pass,,,proximate
(27)9c73,7.0,,144,71.0,2025-09-19 11:15:00,tiny,almond hulls,almonds,moisture,% total weight,15.23,2,pass,,,proximate
(27)baf0,7.0,,144,71.0,2025-09-19 11:15:00,tiny,almond hulls,almonds,total solids,% total weight,84.9,3,pass,,,proximate
(27)bf60,7.0,,144,71.0,2025-09-19 11:15:00,tiny,almond hulls,almonds,moisture,% total weight,15.19,1,pass,,,proximate
(27)de83,7.0,,144,71.0,2025-09-19 11:15:00,tiny,almond hulls,almonds,total solids,% total weight,84.81,1,pass,,,proximate
(27)fa51,7.0,,144,71.0,2025-09-19 11:15:00,tiny,almond hulls,almonds,ash,% total weight,7.46,2,pass,,,proximate
(28)0e4d,19.0,,68,29.0,2025-02-05 14:00:00,caterpillar,corn stover cobs,corn - all,volatile solids,% total weight,85.25,1,pass,,xkang2@lbl.gov,proximate
(28)17f4,19.0,,68,29.0,2025-02-05 14:00:00,caterpillar,corn stover cobs,corn - all,volatile solids,% total weight,84.19,2,pass,,xkang2@lbl.gov,proximate
(28)1cdc,19.0,,68,29.0,2025-02-05 14:00:00,caterpillar,corn stover cobs,corn - all,moisture,% total weight,4.89,2,pass,,xkang2@lbl.gov,proximate
(28)2b5c,19.0,,68,29.0,2025-02-05 14:00:00,caterpillar,corn stover cobs,corn - all,ash,% total weight,9.4,3,pass,,xkang2@lbl.gov,proximate
(28)37a3,19.0,,68,29.0,2025-02-05 14:00:00,caterpillar,corn stover cobs,corn - all,moisture,% total weight,4.95,3,pass,,xkang2@lbl.gov,proximate
(28)45b4,19.0,,68,29.0,2025-02-05 14:00:00,caterpillar,corn stover cobs,corn - all,moisture,% total weight,4.92,1,pass,,xkang2@lbl.gov,proximate
(28)5a04,19.0,,68,29.0,2025-02-05 14:00:00,caterpillar,corn stover cobs,corn - all,volatile solids,% total weight,85.65,3,pass,,xkang2@lbl.gov,proximate
(28)5dec,19.0,,68,29.0,2025-02-05 14:00:00,caterpillar,corn stover cobs,corn - all,total solids,% total weight,95.05,3,pass,,xkang2@lbl.gov,proximate
(28)6ebd,19.0,,68,29.0,2025-02-05 14:00:00,caterpillar,corn stover cobs,corn - all,ash,% total weight,9.83,1,pass,,xkang2@lbl.gov,proximate
(28)7463,19.0,,68,29.0,2025-02-05 14:00:00,caterpillar,corn stover cobs,corn - all,total solids,% total weight,95.11,2,pass,,xkang2@lbl.gov,proximate
(28)9043,19.0,,68,29.0,2025-02-05 14:00:00,caterpillar,corn stover cobs,corn - all,total solids,% total weight,95.08,1,pass,,xkang2@lbl.gov,proximate
(28)ec2a,19.0,,68,29.0,2025-02-05 14:00:00,caterpillar,corn stover cobs,corn - all,ash,% total weight,10.92,2,pass,,xkang2@lbl.gov,proximate
(29)1497,18.0,,44,20.0,2024-11-21 18:10:00,energetic,walnut shells,walnuts,total solids,% total weight,91.21,1,pass,,xkang2@lbl.gov,proximate
(29)1b5a,18.0,,44,20.0,2024-11-21 18:10:00,energetic,walnut shells,walnuts,ash,% total weight,1.25,2,pass,,xkang2@lbl.gov,proximate
(29)262a,18.0,,44,20.0,2024-11-21 18:10:00,energetic,walnut shells,walnuts,total solids,% total weight,91.19,3,pass,,xkang2@lbl.gov,proximate
(29)2773,18.0,,44,20.0,2024-11-21 18:10:00,energetic,walnut shells,walnuts,volatile solids,% total weight,89.93,3,pass,,xkang2@lbl.gov,proximate
(29)6761,18.0,,44,20.0,2024-11-21 18:10:00,energetic,walnut shells,walnuts,moisture,% total weight,8.81,3,pass,,xkang2@lbl.gov,proximate
(29)877a,18.0,,44,20.0,2024-11-21 18:10:00,energetic,walnut shells,walnuts,total solids,% total weight,91.2,2,pass,,xkang2@lbl.gov,proximate
(29)a631,18.0,,44,20.0,2024-11-21 18:10:00,energetic,walnut shells,walnuts,moisture,% total weight,8.8,2,pass,,xkang2@lbl.gov,proximate
(29)bb18,18.0,,44,20.0,2024-11-21 18:10:00,energetic,walnut shells,walnuts,moisture,% total weight,8.79,1,pass,,xkang2@lbl.gov,proximate
(29)eff5,18.0,,44,20.0,2024-11-21 18:10:00,energetic,walnut shells,walnuts,volatile solids,% total weight,90.0,1,pass,,xkang2@lbl.gov,proximate
(29)f43d,18.0,,44,20.0,2024-11-21 18:10:00,energetic,walnut shells,walnuts,ash,% total weight,1.21,1,pass,,xkang2@lbl.gov,proximate
(29)f78f,18.0,,44,20.0,2024-11-21 18:10:00,energetic,walnut shells,walnuts,ash,% total weight,1.26,3,pass,,xkang2@lbl.gov,proximate
(29)ff20,18.0,,44,20.0,2024-11-21 18:10:00,energetic,walnut shells,walnuts,volatile solids,% total weight,89.95,2,pass,,xkang2@lbl.gov,proximate
(31)0a4b,15.0,,20,8.0,2024-11-10 15:10:00,maplewood,grape stem,grapes,ash,% total weight,3.18,1,pass,,xkang2@lbl.gov,proximate
(31)2091,15.0,,20,8.0,2024-11-10 15:10:00,maplewood,grape stem,grapes,moisture,% total weight,70.37,2,pass,,xkang2@lbl.gov,proximate
(31)2dab,15.0,,20,8.0,2024-11-10 15:10:00,maplewood,grape stem,grapes,moisture,% total weight,69.62,3,pass,,xkang2@lbl.gov,proximate
(31)2f4b,21.0,,48,14.0,2024-11-21 12:40:00,vibrant,almond hulls,almonds,volatile solids,% total weight,4.76,2,pass,uc combined protocol,pass,proximate
(31)3091,15.0,,20,8.0,2024-11-10 15:10:00,maplewood,grape stem,grapes,volatile solids,% total weight,28.65,1,pass,,xkang2@lbl.gov,proximate
(31)3601,15.0,,20,8.0,2024-11-10 15:10:00,maplewood,grape stem,grapes,ash,% total weight,2.68,3,pass,,xkang2@lbl.gov,proximate
(31)3f5b,21.0,,48,14.0,2024-11-21 12:40:00,vibrant,almond hulls,almonds,total solids,% total weight,91.28,1,pass,uc combined protocol,pass,proximate
(31)4c41,21.0,,48,14.0,2024-11-21 12:40:00,vibrant,almond hulls,almonds,total solids,% total weight,90.47,3,pass,uc combined protocol,pass,proximate
(31)52a8,5.0,,48,14.0,2024-11-21 12:40:00,vibrant,almond hulls,almonds,ash,% total weight,5.6,3,pass,,xkang2@lbl.gov,proximate
(31)587e,5.0,,48,14.0,2024-11-21 12:40:00,vibrant,almond hulls,almonds,volatile solids,% total weight,80.25,1,pass,,xkang2@lbl.gov,proximate
(31)58c7,5.0,,48,14.0,2024-11-21 12:40:00,vibrant,almond hulls,almonds,ash,% total weight,6.23,1,pass,,xkang2@lbl.gov,proximate
(31)728e,5.0,,48,14.0,2024-11-21 12:40:00,vibrant,almond hulls,almonds,total solids,% total weight,86.47,1,pass,,xkang2@lbl.gov,proximate
(31)7611,21.0,,48,14.0,2024-11-21 12:40:00,vibrant,almond hulls,almonds,ash,% total weight,4.85,2,pass,uc combined protocol,,proximate
(31)797b,5.0,,48,14.0,2024-11-21 12:40:00,vibrant,almond hulls,almonds,volatile solids,% total weight,80.91,2,pass,,xkang2@lbl.gov,proximate
(31)7d82,21.0,,48,14.0,2024-11-21 12:40:00,vibrant,almond hulls,almonds,volatile solids,% total weight,4.33,1,pass,uc combined protocol,pass,proximate
(31)7f43,5.0,,48,14.0,2024-11-21 12:40:00,vibrant,almond hulls,almonds,moisture,% total weight,13.74,3,pass,,xkang2@lbl.gov,proximate
(31)883a,15.0,,20,8.0,2024-11-10 15:10:00,maplewood,grape stem,grapes,total solids,% total weight,31.84,1,pass,,xkang2@lbl.gov,proximate
(31)88e9,21.0,,48,14.0,2024-11-21 12:40:00,vibrant,almond hulls,almonds,ash,% total weight,4.39,1,pass,uc combined protocol,,proximate
(31)8db9,15.0,,20,8.0,2024-11-10 15:10:00,maplewood,grape stem,grapes,total solids,% total weight,30.38,3,pass,,xkang2@lbl.gov,proximate
(31)9831,15.0,,20,8.0,2024-11-10 15:10:00,maplewood,grape stem,grapes,volatile solids,% total weight,26.71,2,pass,,xkang2@lbl.gov,proximate
(31)992b,15.0,,20,8.0,2024-11-10 15:10:00,maplewood,grape stem,grapes,volatile solids,% total weight,27.71,3,pass,,xkang2@lbl.gov,proximate
(31)abf9,5.0,,48,14.0,2024-11-21 12:40:00,vibrant,almond hulls,almonds,total solids,% total weight,86.35,2,pass,,xkang2@lbl.gov,proximate
(31)ae33,15.0,,20,8.0,2024-11-10 15:10:00,maplewood,grape stem,grapes,total solids,% total weight,29.63,2,pass,,xkang2@lbl.gov,proximate
(31)b30c,21.0,,48,14.0,2024-11-21 12:40:00,vibrant,almond hulls,almonds,total solids,% total weight,90.39,2,pass,uc combined protocol,pass,proximate
(31)bb96,15.0,,20,8.0,2024-11-10 15:10:00,maplewood,grape stem,grapes,ash,% total weight,2.92,2,pass,,xkang2@lbl.gov,proximate
(31)c865,5.0,,48,14.0,2024-11-21 12:40:00,vibrant,almond hulls,almonds,volatile solids,% total weight,80.66,3,pass,,xkang2@lbl.gov,proximate
(31)d4cc,5.0,,48,14.0,2024-11-21 12:40:00,vibrant,almond hulls,almonds,moisture,% total weight,13.65,2,pass,,xkang2@lbl.gov,proximate
(31)d666,5.0,,48,14.0,2024-11-21 12:40:00,vibrant,almond hulls,almonds,moisture,% total weight,13.53,1,pass,,xkang2@lbl.gov,proximate
(31)d70c,5.0,,48,14.0,2024-11-21 12:40:00,vibrant,almond hulls,almonds,ash,% total weight,5.43,2,pass,,xkang2@lbl.gov,proximate
(31)db23,21.0,,48,14.0,2024-11-21 12:40:00,vibrant,almond hulls,almonds,ash,% total weight,4.81,3,pass,uc combined protocol,,proximate
(31)df51,21.0,,48,14.0,2024-11-21 12:40:00,vibrant,almond hulls,almonds,volatile solids,% total weight,4.72,3,pass,uc combined protocol,pass,proximate
(31)e069,21.0,,48,14.0,2024-11-21 12:40:00,vibrant,almond hulls,almonds,moisture,% total weight,0.98,1,pass,uc combined protocol,,proximate
(31)f2e1,5.0,,48,14.0,2024-11-21 12:40:00,vibrant,almond hulls,almonds,total solids,% total weight,86.26,3,pass,,xkang2@lbl.gov,proximate
(31)f992,15.0,,20,8.0,2024-11-10 15:10:00,maplewood,grape stem,grapes,moisture,% total weight,68.16,1,pass,,xkang2@lbl.gov,proximate
(35)0520,11.0,,225,99.0,2026-02-13 14:40:00,boatswain,grape vine prunings,grapes,volatile solids,% total weight,61.11,1,pass,https://docs.google.com/spreadsheets/d/1elqjbsy8pjasg8mwkhlqgbdzldr34wem/edit?gid=396354422#gid=396354464,pass,proximate
(35)1074,11.0,,225,99.0,2026-02-13 14:40:00,boatswain,grape vine prunings,grapes,ash,% total weight,2.76,2,pass,https://docs.google.com/spreadsheets/d/1elqjbsy8pjasg8mwkhlqgbdzldr34wem/edit?gid=396354422#gid=396354441,pass,proximate
(35)3782,11.0,,225,99.0,2026-02-13 14:40:00,boatswain,grape vine prunings,grapes,volatile solids,% total weight,62.04,2,pass,https://docs.google.com/spreadsheets/d/1elqjbsy8pjasg8mwkhlqgbdzldr34wem/edit?gid=396354422#gid=396354465,pass,proximate
(35)4da8,11.0,,225,99.0,2026-02-13 14:40:00,boatswain,grape vine prunings,grapes,moisture,% total weight,36.16,1,pass,https://docs.google.com/spreadsheets/d/1elqjbsy8pjasg8mwkhlqgbdzldr34wem/edit?gid=396354422#gid=396354428,pass,proximate
(35)7671,11.0,,225,99.0,2026-02-13 14:40:00,boatswain,grape vine prunings,grapes,moisture,% total weight,34.89,3,pass,https://docs.google.com/spreadsheets/d/1elqjbsy8pjasg8mwkhlqgbdzldr34wem/edit?gid=396354422#gid=396354430,pass,proximate
(35)7a98,11.0,,225,99.0,2026-02-13 14:40:00,boatswain,grape vine prunings,grapes,ash,% total weight,2.61,3,pass,https://docs.google.com/spreadsheets/d/1elqjbsy8pjasg8mwkhlqgbdzldr34wem/edit?gid=396354422#gid=396354442,pass,proximate
(35)8876,11.0,,225,99.0,2026-02-13 14:40:00,boatswain,grape vine prunings,grapes,ash,% total weight,2.73,1,pass,https://docs.google.com/spreadsheets/d/1elqjbsy8pjasg8mwkhlqgbdzldr34wem/edit?gid=396354422#gid=396354440,pass,proximate
(35)96f8,11.0,,225,99.0,2026-02-13 14:40:00,boatswain,grape vine prunings,grapes,total solids,% total weight,64.81,2,pass,https://docs.google.com/spreadsheets/d/1elqjbsy8pjasg8mwkhlqgbdzldr34wem/edit?gid=396354422#gid=396354453,pass,proximate
(35)9cd2,11.0,,225,99.0,2026-02-13 14:40:00,boatswain,grape vine prunings,grapes,moisture,% total weight,35.19,2,pass,https://docs.google.com/spreadsheets/d/1elqjbsy8pjasg8mwkhlqgbdzldr34wem/edit?gid=396354422#gid=396354429,pass,proximate
(35)b851,11.0,,225,99.0,2026-02-13 14:40:00,boatswain,grape vine prunings,grapes,volatile solids,% total weight,62.5,3,pass,https://docs.google.com/spreadsheets/d/1elqjbsy8pjasg8mwkhlqgbdzldr34wem/edit?gid=396354422#gid=396354466,pass,proximate
(35)f6cd,11.0,,225,99.0,2026-02-13 14:40:00,boatswain,grape vine prunings,grapes,total solids,% total weight,63.84,1,pass,https://docs.google.com/spreadsheets/d/1elqjbsy8pjasg8mwkhlqgbdzldr34wem/edit?gid=396354422#gid=396354452,pass,proximate
(35)fa9d,11.0,,225,99.0,2026-02-13 14:40:00,boatswain,grape vine prunings,grapes,total solids,% total weight,65.11,3,pass,https://docs.google.com/spreadsheets/d/1elqjbsy8pjasg8mwkhlqgbdzldr34wem/edit?gid=396354422#gid=396354454,pass,proximate
(37)0a72,5.0,,47,13.0,2024-11-21 12:10:00,vibrant,almond shells,almonds,total solids,% total weight,88.27,2,pass,,xkang2@lbl.gov,proximate
(37)0d0d,21.0,,47,13.0,2024-11-21 12:10:00,vibrant,almond shells,almonds,total solids,% total weight,90.6,1,pass,uc combined protocol,pass,proximate
(37)1ad1,5.0,,47,13.0,2024-11-21 12:10:00,vibrant,almond shells,almonds,volatile solids,% total weight,84.05,3,pass,,xkang2@lbl.gov,proximate
(37)203d,5.0,,47,13.0,2024-11-21 12:10:00,vibrant,almond shells,almonds,moisture,% total weight,11.66,1,pass,,xkang2@lbl.gov,proximate
(37)281b,21.0,,47,13.0,2024-11-21 12:10:00,vibrant,almond shells,almonds,volatile solids,% total weight,4.55,1,pass,uc combined protocol,pass,proximate
(37)2c6f,21.0,,47,13.0,2024-11-21 12:10:00,vibrant,almond shells,almonds,moisture,% total weight,3.09,1,pass,uc combined protocol,,proximate
(37)3422,5.0,,47,13.0,2024-11-21 12:10:00,vibrant,almond shells,almonds,volatile solids,% total weight,83.97,1,pass,,xkang2@lbl.gov,proximate
(37)3454,5.0,,47,13.0,2024-11-21 12:10:00,vibrant,almond shells,almonds,total solids,% total weight,88.42,3,pass,,xkang2@lbl.gov,proximate
(37)3fcc,5.0,,47,13.0,2024-11-21 12:10:00,vibrant,almond shells,almonds,moisture,% total weight,11.58,3,pass,,xkang2@lbl.gov,proximate
(37)456d,21.0,,47,13.0,2024-11-21 12:10:00,vibrant,almond shells,almonds,total solids,% total weight,91.53,2,pass,uc combined protocol,pass,proximate
(37)6370,21.0,,47,13.0,2024-11-21 12:10:00,vibrant,almond shells,almonds,volatile solids,% total weight,4.57,3,pass,uc combined protocol,pass,proximate
(37)6a07,21.0,,47,13.0,2024-11-21 12:10:00,vibrant,almond shells,almonds,volatile solids,% total weight,4.06,2,pass,uc combined protocol,pass,proximate
(37)6e14,5.0,,47,13.0,2024-11-21 12:10:00,vibrant,almond shells,almonds,moisture,% total weight,11.73,2,pass,,xkang2@lbl.gov,proximate
(37)74ea,21.0,,47,13.0,2024-11-21 12:10:00,vibrant,almond shells,almonds,ash,% total weight,4.41,2,pass,uc combined protocol,,proximate
(37)798c,21.0,,47,13.0,2024-11-21 12:10:00,vibrant,almond shells,almonds,total solids,% total weight,90.55,3,pass,uc combined protocol,pass,proximate
(37)8948,21.0,,47,13.0,2024-11-21 12:10:00,vibrant,almond shells,almonds,ash,% total weight,4.88,3,pass,uc combined protocol,,proximate
(37)9116,5.0,,47,13.0,2024-11-21 12:10:00,vibrant,almond shells,almonds,volatile solids,% total weight,83.76,2,pass,,xkang2@lbl.gov,proximate
(37)94ef,5.0,,47,13.0,2024-11-21 12:10:00,vibrant,almond shells,almonds,ash,% total weight,4.51,2,pass,,xkang2@lbl.gov,proximate
(37)b5a6,21.0,,47,13.0,2024-11-21 12:10:00,vibrant,almond shells,almonds,ash,% total weight,4.85,1,pass,uc combined protocol,,proximate
(37)c6ee,5.0,,47,13.0,2024-11-21 12:10:00,vibrant,almond shells,almonds,total solids,% total weight,88.34,1,pass,,xkang2@lbl.gov,proximate
(37)ec36,5.0,,47,13.0,2024-11-21 12:10:00,vibrant,almond shells,almonds,ash,% total weight,4.37,3,pass,,xkang2@lbl.gov,proximate
(37)f659,5.0,,47,13.0,2024-11-21 12:10:00,vibrant,almond shells,almonds,ash,% total weight,4.37,1,pass,,xkang2@lbl.gov,proximate
(3a)135e,3.0,,136,73.0,2025-09-24 11:40:00,rigging,grape pomace,grapes,moisture,% total weight,58.06,1,pass,,,proximate
(3a)4c61,3.0,,136,73.0,2025-09-24 11:40:00,rigging,grape pomace,grapes,ash,% total weight,2.62,3,pass,,,proximate
(3a)7389,3.0,,136,73.0,2025-09-24 11:40:00,rigging,grape pomace,grapes,moisture,% total weight,61.36,3,pass,,,proximate
(3a)7725,3.0,,136,73.0,2025-09-24 11:40:00,rigging,grape pomace,grapes,total solids,% total weight,38.64,3,pass,,,proximate
(3a)8415,3.0,,136,73.0,2025-09-24 11:40:00,rigging,grape pomace,grapes,total solids,% total weight,41.94,1,pass,,,proximate
(3a)931b,3.0,,136,73.0,2025-09-24 11:40:00,rigging,grape pomace,grapes,ash,% total weight,2.86,1,pass,,,proximate
(3a)ad47,3.0,,136,73.0,2025-09-24 11:40:00,rigging,grape pomace,grapes,volatile solids,% total weight,35.63,2,pass,,,proximate
(3a)b28e,3.0,,136,73.0,2025-09-24 11:40:00,rigging,grape pomace,grapes,total solids,% total weight,38.85,2,pass,,,proximate
(3a)b7c5,3.0,,136,73.0,2025-09-24 11:40:00,rigging,grape pomace,grapes,volatile solids,% total weight,36.02,3,pass,,,proximate
(3a)b992,3.0,,136,73.0,2025-09-24 11:40:00,rigging,grape pomace,grapes,moisture,% total weight,61.15,2,pass,,,proximate
(3a)b9a7,3.0,,136,73.0,2025-09-24 11:40:00,rigging,grape pomace,grapes,ash,% total weight,3.21,2,pass,,,proximate
(3a)e457,3.0,,136,73.0,2025-09-24 11:40:00,rigging,grape pomace,grapes,volatile solids,% total weight,39.08,1,pass,,,proximate
(3c)1fb9,22.0,,77,33.0,2025-06-30 10:45:00,possessive,alfalfa,hay - alfalfa,volatile solids,% total weight,83.25,3,pass,,xkang2@lbl.gov,proximate
(3c)28f6,22.0,,77,33.0,2025-06-30 10:45:00,possessive,alfalfa,hay - alfalfa,moisture,% total weight,9.2,3,pass,,xkang2@lbl.gov,proximate
(3c)38c5,22.0,,77,33.0,2025-06-30 10:45:00,possessive,alfalfa,hay - alfalfa,total solids,% total weight,90.8,3,pass,,xkang2@lbl.gov,proximate
(3c)445a,22.0,,77,33.0,2025-06-30 10:45:00,possessive,alfalfa,hay - alfalfa,ash,% total weight,7.17,1,pass,,xkang2@lbl.gov,proximate
(3c)5f76,22.0,,77,33.0,2025-06-30 10:45:00,possessive,alfalfa,hay - alfalfa,moisture,% total weight,9.22,2,pass,,xkang2@lbl.gov,proximate
(3c)8756,22.0,,77,33.0,2025-06-30 10:45:00,possessive,alfalfa,hay - alfalfa,volatile solids,% total weight,83.74,2,pass,,xkang2@lbl.gov,proximate
(3c)b612,22.0,,77,33.0,2025-06-30 10:45:00,possessive,alfalfa,hay - alfalfa,volatile solids,% total weight,83.25,1,pass,,xkang2@lbl.gov,proximate
(3c)b62a,22.0,,77,33.0,2025-06-30 10:45:00,possessive,alfalfa,hay - alfalfa,total solids,% total weight,90.42,1,pass,,xkang2@lbl.gov,proximate
(3c)b796,22.0,,77,33.0,2025-06-30 10:45:00,possessive,alfalfa,hay - alfalfa,total solids,% total weight,90.78,2,pass,,xkang2@lbl.gov,proximate
(3c)bc0d,22.0,,77,33.0,2025-06-30 10:45:00,possessive,alfalfa,hay - alfalfa,ash,% total weight,7.55,3,pass,,xkang2@lbl.gov,proximate
(3c)d814,22.0,,77,33.0,2025-06-30 10:45:00,possessive,alfalfa,hay - alfalfa,moisture,% total weight,9.58,1,pass,,xkang2@lbl.gov,proximate
(3c)f25a,22.0,,77,33.0,2025-06-30 10:45:00,possessive,alfalfa,hay - alfalfa,ash,% total weight,7.04,2,pass,,xkang2@lbl.gov,proximate
(42)0969,13.0,,81,36.0,2025-06-30 12:15:00,possessive,rice straw,rice,total solids,% total weight,92.89,1,pass,,xkang2@lbl.gov,proximate
(42)2cda,13.0,,81,36.0,2025-06-30 12:15:00,possessive,rice straw,rice,moisture,% total weight,7.11,1,pass,,xkang2@lbl.gov,proximate
(42)6ac9,13.0,,81,36.0,2025-06-30 12:15:00,possessive,rice straw,rice,moisture,% total weight,6.88,2,pass,,xkang2@lbl.gov,proximate
(42)729d,13.0,,81,36.0,2025-06-30 12:15:00,possessive,rice straw,rice,moisture,% total weight,6.75,3,pass,,xkang2@lbl.gov,proximate
(42)8ed2,13.0,,81,36.0,2025-06-30 12:15:00,possessive,rice straw,rice,ash,% total weight,12.52,3,pass,,xkang2@lbl.gov,proximate
(42)9f6d,13.0,,81,36.0,2025-06-30 12:15:00,possessive,rice straw,rice,volatile solids,% total weight,80.92,1,pass,,xkang2@lbl.gov,proximate
(42)a5e2,13.0,,81,36.0,2025-06-30 12:15:00,possessive,rice straw,rice,ash,% total weight,11.87,2,pass,,xkang2@lbl.gov,proximate
(42)a6fe,13.0,,81,36.0,2025-06-30 12:15:00,possessive,rice straw,rice,ash,% total weight,11.97,1,pass,,xkang2@lbl.gov,proximate
(42)c1de,13.0,,81,36.0,2025-06-30 12:15:00,possessive,rice straw,rice,volatile solids,% total weight,81.24,2,pass,,xkang2@lbl.gov,proximate
(42)c366,13.0,,81,36.0,2025-06-30 12:15:00,possessive,rice straw,rice,total solids,% total weight,93.25,3,pass,,xkang2@lbl.gov,proximate
(42)d993,13.0,,81,36.0,2025-06-30 12:15:00,possessive,rice straw,rice,total solids,% total weight,93.12,2,pass,,xkang2@lbl.gov,proximate
(42)fdff,13.0,,81,36.0,2025-06-30 12:15:00,possessive,rice straw,rice,volatile solids,% total weight,80.74,3,pass,,xkang2@lbl.gov,proximate
(4c)27f2,7.0,,145,65.0,2025-09-16 09:30:00,humorous,almond branches,almonds,ash,% total weight,4.23,2,pass,,,proximate
(4c)71d5,7.0,,145,65.0,2025-09-16 09:30:00,humorous,almond branches,almonds,volatile solids,% total weight,85.65,1,pass,,,proximate
(4c)73de,7.0,,145,65.0,2025-09-16 09:30:00,humorous,almond branches,almonds,total solids,% total weight,89.9,3,pass,,,proximate
(4c)7e41,7.0,,145,65.0,2025-09-16 09:30:00,humorous,almond branches,almonds,moisture,% total weight,10.2,1,pass,,,proximate
(4c)8fc4,7.0,,145,65.0,2025-09-16 09:30:00,humorous,almond branches,almonds,total solids,% total weight,89.81,2,pass,,,proximate
(4c)bfe6,7.0,,145,65.0,2025-09-16 09:30:00,humorous,almond branches,almonds,moisture,% total weight,10.1,3,pass,,,proximate
(4c)d019,7.0,,145,65.0,2025-09-16 09:30:00,humorous,almond branches,almonds,volatile solids,% total weight,85.58,2,pass,,,proximate
(4c)d694,7.0,,145,65.0,2025-09-16 09:30:00,humorous,almond branches,almonds,moisture,% total weight,10.19,2,pass,,,proximate
(4c)d9b9,7.0,,145,65.0,2025-09-16 09:30:00,humorous,almond branches,almonds,volatile solids,% total weight,85.74,3,pass,,,proximate
(4c)e4aa,7.0,,145,65.0,2025-09-16 09:30:00,humorous,almond branches,almonds,total solids,% total weight,89.8,1,pass,,,proximate
(4c)e625,7.0,,145,65.0,2025-09-16 09:30:00,humorous,almond branches,almonds,ash,% total weight,4.15,1,pass,,,proximate
(4c)ece7,7.0,,145,65.0,2025-09-16 09:30:00,humorous,almond branches,almonds,ash,% total weight,4.16,3,pass,,,proximate
(4d)2938,21.0,,55,22.0,2024-11-26 11:10:00,energetic,walnut tree sticks,walnuts,volatile solids,% total weight,6.55,2,pass,uc combined protocol,fail,proximate
(4d)4bb4,21.0,,55,22.0,2024-11-26 11:10:00,energetic,walnut tree sticks,walnuts,volatile solids,% total weight,5.0,1,pass,uc combined protocol,fail,proximate
(4d)8872,21.0,,55,22.0,2024-11-26 11:10:00,energetic,walnut tree sticks,walnuts,volatile solids,% total weight,5.15,3,pass,uc combined protocol,fail,proximate
(4d)bb8f,21.0,,55,22.0,2024-11-26 11:10:00,energetic,walnut tree sticks,walnuts,total solids,% total weight,89.53,1,pass,uc combined protocol,fail,proximate
(4d)cf3f,21.0,,55,22.0,2024-11-26 11:10:00,energetic,walnut tree sticks,walnuts,total solids,% total weight,87.56,2,pass,uc combined protocol,fail,proximate
(4d)f301,21.0,,55,22.0,2024-11-26 11:10:00,energetic,walnut tree sticks,walnuts,total solids,% total weight,89.37,3,pass,uc combined protocol,fail,proximate
(53)0dc0,17.0,,314,,,,#n/a,,total solids,% total weight,42.39,2,pass,,,proximate
(53)1474,17.0,,314,,,,#n/a,,volatile solids,% total weight,39.17,2,pass,,,proximate
(53)2f4f,17.0,,314,,,,#n/a,,ash,% total weight,3.29,3,pass,,,proximate
(53)3b53,10.0,,140,62.0,2025-09-03 09:10:00,stuntman,pistachio hulls,pistachios,total solids,% total weight,13.16,3,pass,,,proximate
(53)49b8,10.0,,140,62.0,2025-09-03 09:10:00,stuntman,pistachio hulls,pistachios,total solids,% total weight,14.23,2,pass,,,proximate
(53)59db,10.0,,140,62.0,2025-09-03 09:10:00,stuntman,pistachio hulls,pistachios,ash,% total weight,1.13,2,pass,,,proximate
(53)5ed1,17.0,,314,,,,#n/a,,ash,% total weight,3.21,2,pass,,,proximate
(53)6488,10.0,,140,62.0,2025-09-03 09:10:00,stuntman,pistachio hulls,pistachios,ash,% total weight,1.1,3,pass,,,proximate
(53)6b37,10.0,,140,62.0,2025-09-03 09:10:00,stuntman,pistachio hulls,pistachios,volatile solids,% total weight,12.05,3,pass,,,proximate
(53)6b40,17.0,,314,,,,#n/a,,total solids,% total weight,48.38,1,pass,,,proximate
(53)7192,17.0,,314,,,,#n/a,,ash,% total weight,2.52,1,pass,,,proximate
(53)7399,17.0,,314,,,,#n/a,,moisture,% total weight,51.62,1,pass,,,proximate
(53)88c6,10.0,,140,62.0,2025-09-03 09:10:00,stuntman,pistachio hulls,pistachios,volatile solids,% total weight,13.1,2,pass,,,proximate
(53)9e2f,10.0,,140,62.0,2025-09-03 09:10:00,stuntman,pistachio hulls,pistachios,volatile solids,% total weight,11.15,1,pass,,,proximate
(53)a583,17.0,,314,,,,#n/a,,total solids,% total weight,45.3,3,pass,,,proximate
(53)b829,10.0,,140,62.0,2025-09-03 09:10:00,stuntman,pistachio hulls,pistachios,total solids,% total weight,12.27,1,pass,,,proximate
(53)d0dd,10.0,,140,62.0,2025-09-03 09:10:00,stuntman,pistachio hulls,pistachios,moisture,% total weight,86.84,3,pass,,,proximate
(53)d2ff,10.0,,140,62.0,2025-09-03 09:10:00,stuntman,pistachio hulls,pistachios,ash,% total weight,1.12,1,pass,,,proximate
(53)e807,17.0,,314,,,,#n/a,,moisture,% total weight,57.61,2,pass,,,proximate
(53)e9f9,17.0,,314,,,,#n/a,,volatile solids,% total weight,45.86,1,pass,,,proximate
(53)e9ff,10.0,,140,62.0,2025-09-03 09:10:00,stuntman,pistachio hulls,pistachios,moisture,% total weight,85.77,2,pass,,,proximate
(53)f2dc,17.0,,314,,,,#n/a,,volatile solids,% total weight,42.01,3,pass,,,proximate
(53)fc52,10.0,,140,62.0,2025-09-03 09:10:00,stuntman,pistachio hulls,pistachios,moisture,% total weight,87.73,1,pass,,,proximate
(53)ffc8,17.0,,314,,,,#n/a,,moisture,% total weight,54.7,3,pass,,,proximate
(55)1963,1.0,,8,2.0,2024-09-21 09:00:00,pinecrest,tomato pomace,tomatoes for processing,ash,% total weight,0.85,3,pass,,xkang2@lbl.gov,proximate
(55)1bf6,1.0,,8,2.0,2024-09-21 09:00:00,pinecrest,tomato pomace,tomatoes for processing,ash,% total weight,0.96,1,pass,,xkang2@lbl.gov,proximate
(55)1e0d,1.0,,8,2.0,2024-09-21 09:00:00,pinecrest,tomato pomace,tomatoes for processing,total solids,% total weight,19.26,1,pass,,xkang2@lbl.gov,proximate
(55)8c83,1.0,,8,2.0,2024-09-21 09:00:00,pinecrest,tomato pomace,tomatoes for processing,moisture,% total weight,80.75,3,pass,,xkang2@lbl.gov,proximate
(55)9fb3,1.0,,8,2.0,2024-09-21 09:00:00,pinecrest,tomato pomace,tomatoes for processing,total solids,% total weight,19.25,3,pass,,xkang2@lbl.gov,proximate
(55)a0cd,1.0,,8,2.0,2024-09-21 09:00:00,pinecrest,tomato pomace,tomatoes for processing,moisture,% total weight,80.74,1,pass,,xkang2@lbl.gov,proximate
(55)ac67,1.0,,8,2.0,2024-09-21 09:00:00,pinecrest,tomato pomace,tomatoes for processing,volatile solids,% total weight,18.3,1,pass,,xkang2@lbl.gov,proximate
(55)afbf,1.0,,8,2.0,2024-09-21 09:00:00,pinecrest,tomato pomace,tomatoes for processing,ash,% total weight,0.76,2,pass,,xkang2@lbl.gov,proximate
(55)bfa7,1.0,,8,2.0,2024-09-21 09:00:00,pinecrest,tomato pomace,tomatoes for processing,volatile solids,% total weight,18.4,3,pass,,xkang2@lbl.gov,proximate
(55)c24c,1.0,,8,2.0,2024-09-21 09:00:00,pinecrest,tomato pomace,tomatoes for processing,moisture,% total weight,80.93,2,pass,,xkang2@lbl.gov,proximate
(55)d348,1.0,,8,2.0,2024-09-21 09:00:00,pinecrest,tomato pomace,tomatoes for processing,volatile solids,% total weight,18.31,2,pass,,xkang2@lbl.gov,proximate
(55)edd2,1.0,,8,2.0,2024-09-21 09:00:00,pinecrest,tomato pomace,tomatoes for processing,total solids,% total weight,19.07,2,pass,,xkang2@lbl.gov,proximate
(56)0954,10.0,,138,64.0,2025-09-03 12:00:00,tripod,pistachio stems & leaves,pistachios,ash,% total weight,6.37,3,pass,,,proximate
(56)3941,10.0,,138,64.0,2025-09-03 12:00:00,tripod,pistachio stems & leaves,pistachios,volatile solids,% total weight,32.16,2,pass,,,proximate
(56)7287,10.0,,138,64.0,2025-09-03 12:00:00,tripod,pistachio stems & leaves,pistachios,total solids,% total weight,37.55,2,pass,,,proximate
(56)76fd,10.0,,138,64.0,2025-09-03 12:00:00,tripod,pistachio stems & leaves,pistachios,volatile solids,% total weight,31.32,3,pass,,,proximate
(56)a00d,10.0,,138,64.0,2025-09-03 12:00:00,tripod,pistachio stems & leaves,pistachios,moisture,% total weight,62.45,2,pass,,,proximate
(56)a5bd,10.0,,138,64.0,2025-09-03 12:00:00,tripod,pistachio stems & leaves,pistachios,total solids,% total weight,40.65,1,pass,,,proximate
(56)b037,10.0,,138,64.0,2025-09-03 12:00:00,tripod,pistachio stems & leaves,pistachios,ash,% total weight,7.22,1,pass,,,proximate
(56)b3fe,10.0,,138,64.0,2025-09-03 12:00:00,tripod,pistachio stems & leaves,pistachios,ash,% total weight,5.39,2,pass,,,proximate
(56)b725,10.0,,138,64.0,2025-09-03 12:00:00,tripod,pistachio stems & leaves,pistachios,moisture,% total weight,62.31,3,pass,,,proximate
(56)e360,10.0,,138,64.0,2025-09-03 12:00:00,tripod,pistachio stems & leaves,pistachios,moisture,% total weight,59.35,1,pass,,,proximate
(56)e37f,10.0,,138,64.0,2025-09-03 12:00:00,tripod,pistachio stems & leaves,pistachios,total solids,% total weight,37.69,3,pass,,,proximate
(56)f5d2,10.0,,138,64.0,2025-09-03 12:00:00,tripod,pistachio stems & leaves,pistachios,volatile solids,% total weight,33.43,1,pass,,,proximate
(5b)05d1,19.0,,69,30.0,2025-02-05 14:00:00,caterpillar,corn stover stalks,corn - all,total solids,% total weight,87.13,1,pass,,xkang2@lbl.gov,proximate
(5b)35b8,19.0,,69,30.0,2025-02-05 14:00:00,caterpillar,corn stover stalks,corn - all,total solids,% total weight,87.3,2,pass,,xkang2@lbl.gov,proximate
(5b)4d95,19.0,,69,30.0,2025-02-05 14:00:00,caterpillar,corn stover stalks,corn - all,moisture,% total weight,12.7,2,pass,,xkang2@lbl.gov,proximate
(5b)5997,19.0,,69,30.0,2025-02-05 14:00:00,caterpillar,corn stover stalks,corn - all,ash,% total weight,5.06,3,pass,,xkang2@lbl.gov,proximate
(5b)6993,19.0,,69,30.0,2025-02-05 14:00:00,caterpillar,corn stover stalks,corn - all,moisture,% total weight,12.85,3,pass,,xkang2@lbl.gov,proximate
(5b)8a35,19.0,,69,30.0,2025-02-05 14:00:00,caterpillar,corn stover stalks,corn - all,total solids,% total weight,87.15,3,pass,,xkang2@lbl.gov,proximate
(5b)8c21,19.0,,69,30.0,2025-02-05 14:00:00,caterpillar,corn stover stalks,corn - all,volatile solids,% total weight,82.46,2,pass,,xkang2@lbl.gov,proximate
(5b)8cb4,19.0,,69,30.0,2025-02-05 14:00:00,caterpillar,corn stover stalks,corn - all,ash,% total weight,4.83,2,pass,,xkang2@lbl.gov,proximate
(5b)8df9,19.0,,69,30.0,2025-02-05 14:00:00,caterpillar,corn stover stalks,corn - all,volatile solids,% total weight,82.46,1,pass,,xkang2@lbl.gov,proximate
(5b)93d2,19.0,,69,30.0,2025-02-05 14:00:00,caterpillar,corn stover stalks,corn - all,moisture,% total weight,12.87,1,pass,,xkang2@lbl.gov,proximate
(5b)9a70,19.0,,69,30.0,2025-02-05 14:00:00,caterpillar,corn stover stalks,corn - all,ash,% total weight,4.66,1,pass,,xkang2@lbl.gov,proximate
(5b)ace1,19.0,,69,30.0,2025-02-05 14:00:00,caterpillar,corn stover stalks,corn - all,volatile solids,% total weight,82.09,3,pass,,xkang2@lbl.gov,proximate
(62)0751,13.0,,80,34.0,2025-06-30 11:15:00,possessive,wheat straw,winter wheat,total solids,% total weight,93.4,2,pass,,xkang2@lbl.gov,proximate
(62)0822,13.0,,80,34.0,2025-06-30 11:15:00,possessive,wheat straw,winter wheat,ash,% total weight,12.99,1,pass,,xkang2@lbl.gov,proximate
(62)0d6c,13.0,,80,34.0,2025-06-30 11:15:00,possessive,wheat straw,winter wheat,moisture,% total weight,6.6,2,pass,,xkang2@lbl.gov,proximate
(62)16a8,13.0,,80,34.0,2025-06-30 11:15:00,possessive,wheat straw,winter wheat,volatile solids,% total weight,80.37,1,pass,,xkang2@lbl.gov,proximate
(62)1984,13.0,,80,34.0,2025-06-30 11:15:00,possessive,wheat straw,winter wheat,volatile solids,% total weight,80.46,2,pass,,xkang2@lbl.gov,proximate
(62)4208,12.0,,152,83.0,2025-10-13 11:30:00,schooner,cotton stem mix,cotton,ash,% total weight,8.25,3,pass,,,proximate
(62)6539,13.0,,80,34.0,2025-06-30 11:15:00,possessive,wheat straw,winter wheat,volatile solids,% total weight,80.09,3,pass,,xkang2@lbl.gov,proximate
(62)82b8,13.0,,80,34.0,2025-06-30 11:15:00,possessive,wheat straw,winter wheat,total solids,% total weight,93.36,1,pass,,xkang2@lbl.gov,proximate
(62)88b7,12.0,,152,83.0,2025-10-13 11:30:00,schooner,cotton stem mix,cotton,total solids,% total weight,87.6,2,pass,,,proximate
(62)89ab,12.0,,152,83.0,2025-10-13 11:30:00,schooner,cotton stem mix,cotton,ash,% total weight,7.28,1,pass,,,proximate
(62)8acf,12.0,,152,83.0,2025-10-13 11:30:00,schooner,cotton stem mix,cotton,ash,% total weight,7.98,2,pass,,,proximate
(62)912d,13.0,,80,34.0,2025-06-30 11:15:00,possessive,wheat straw,winter wheat,ash,% total weight,12.94,2,pass,,xkang2@lbl.gov,proximate
(62)a2a5,12.0,,152,83.0,2025-10-13 11:30:00,schooner,cotton stem mix,cotton,total solids,% total weight,87.5,3,pass,,,proximate
(62)ab4a,12.0,,152,83.0,2025-10-13 11:30:00,schooner,cotton stem mix,cotton,total solids,% total weight,87.48,1,pass,,,proximate
(62)b7b9,12.0,,152,83.0,2025-10-13 11:30:00,schooner,cotton stem mix,cotton,volatile solids,% total weight,79.62,2,pass,,,proximate
(62)c19e,13.0,,80,34.0,2025-06-30 11:15:00,possessive,wheat straw,winter wheat,moisture,% total weight,6.64,3,pass,,xkang2@lbl.gov,proximate
(62)c1a3,12.0,,152,83.0,2025-10-13 11:30:00,schooner,cotton stem mix,cotton,volatile solids,% total weight,79.25,3,pass,,,proximate
(62)c3e2,12.0,,152,83.0,2025-10-13 11:30:00,schooner,cotton stem mix,cotton,moisture,% total weight,12.52,1,pass,,,proximate
(62)d03c,13.0,,80,34.0,2025-06-30 11:15:00,possessive,wheat straw,winter wheat,ash,% total weight,13.27,3,pass,,xkang2@lbl.gov,proximate
(62)d792,13.0,,80,34.0,2025-06-30 11:15:00,possessive,wheat straw,winter wheat,total solids,% total weight,93.36,3,pass,,xkang2@lbl.gov,proximate
(62)e32f,12.0,,152,83.0,2025-10-13 11:30:00,schooner,cotton stem mix,cotton,volatile solids,% total weight,80.21,1,pass,,,proximate
(62)e4e1,12.0,,152,83.0,2025-10-13 11:30:00,schooner,cotton stem mix,cotton,moisture,% total weight,12.5,3,pass,,,proximate
(62)eb64,12.0,,152,83.0,2025-10-13 11:30:00,schooner,cotton stem mix,cotton,moisture,% total weight,12.4,2,pass,,,proximate
(62)fe0d,13.0,,80,34.0,2025-06-30 11:15:00,possessive,wheat straw,winter wheat,moisture,% total weight,6.64,1,pass,,xkang2@lbl.gov,proximate
(63)074e,4.0,,26,12.0,2024-11-10 15:50:00,maplewood,lees,grapes,ash,% total weight,3.52,1,pass,,xkang2@lbl.gov,proximate
(63)20ff,4.0,,26,12.0,2024-11-10 15:50:00,maplewood,lees,grapes,total solids,% total weight,11.77,1,pass,,xkang2@lbl.gov,proximate
(63)35f9,4.0,,26,12.0,2024-11-10 15:50:00,maplewood,lees,grapes,volatile solids,% total weight,7.96,3,pass,,xkang2@lbl.gov,proximate
(63)4ae3,4.0,,26,12.0,2024-11-10 15:50:00,maplewood,lees,grapes,ash,% total weight,3.74,2,pass,,xkang2@lbl.gov,proximate
(63)59f8,4.0,,26,12.0,2024-11-10 15:50:00,maplewood,lees,grapes,moisture,% total weight,88.3,2,pass,,xkang2@lbl.gov,proximate
(63)5e8c,4.0,,26,12.0,2024-11-10 15:50:00,maplewood,lees,grapes,volatile solids,% total weight,8.24,1,pass,,xkang2@lbl.gov,proximate
(63)6908,4.0,,26,12.0,2024-11-10 15:50:00,maplewood,lees,grapes,ash,% total weight,3.72,3,pass,,xkang2@lbl.gov,proximate
(63)8d56,4.0,,26,12.0,2024-11-10 15:50:00,maplewood,lees,grapes,volatile solids,% total weight,7.97,2,pass,,xkang2@lbl.gov,proximate
(63)e362,4.0,,26,12.0,2024-11-10 15:50:00,maplewood,lees,grapes,moisture,% total weight,88.32,3,pass,,xkang2@lbl.gov,proximate
(63)f431,4.0,,26,12.0,2024-11-10 15:50:00,maplewood,lees,grapes,total solids,% total weight,11.7,2,pass,,xkang2@lbl.gov,proximate
(63)f7da,4.0,,26,12.0,2024-11-10 15:50:00,maplewood,lees,grapes,moisture,% total weight,88.23,1,pass,,xkang2@lbl.gov,proximate
(63)f954,4.0,,26,12.0,2024-11-10 15:50:00,maplewood,lees,grapes,total solids,% total weight,11.68,3,pass,,xkang2@lbl.gov,proximate
(67)04af,15.0,,16,7.0,2024-11-10 15:00:00,maplewood,grape pomace,grapes,ash,% total weight,3.14,2,pass,,xkang2@lbl.gov,proximate
(67)2228,15.0,,16,7.0,2024-11-10 15:00:00,maplewood,grape pomace,grapes,ash,% total weight,3.18,3,pass,,xkang2@lbl.gov,proximate
(67)307a,15.0,,16,7.0,2024-11-10 15:00:00,maplewood,grape pomace,grapes,moisture,% total weight,54.09,3,pass,,xkang2@lbl.gov,proximate
(67)80f3,15.0,,16,7.0,2024-11-10 15:00:00,maplewood,grape pomace,grapes,volatile solids,% total weight,42.72,3,pass,,xkang2@lbl.gov,proximate
(67)9fc6,15.0,,16,7.0,2024-11-10 15:00:00,maplewood,grape pomace,grapes,ash,% total weight,3.4,1,pass,,xkang2@lbl.gov,proximate
(67)a1ce,15.0,,16,7.0,2024-11-10 15:00:00,maplewood,grape pomace,grapes,total solids,% total weight,44.77,2,pass,,xkang2@lbl.gov,proximate
(67)a8bf,15.0,,16,7.0,2024-11-10 15:00:00,maplewood,grape pomace,grapes,total solids,% total weight,45.91,3,pass,,xkang2@lbl.gov,proximate
(67)aad9,15.0,,16,7.0,2024-11-10 15:00:00,maplewood,grape pomace,grapes,moisture,% total weight,55.23,2,pass,,xkang2@lbl.gov,proximate
(67)ab89,15.0,,16,7.0,2024-11-10 15:00:00,maplewood,grape pomace,grapes,volatile solids,% total weight,41.64,2,pass,,xkang2@lbl.gov,proximate
(67)ae03,15.0,,16,7.0,2024-11-10 15:00:00,maplewood,grape pomace,grapes,moisture,% total weight,54.82,1,pass,,xkang2@lbl.gov,proximate
(67)ca08,15.0,,16,7.0,2024-11-10 15:00:00,maplewood,grape pomace,grapes,total solids,% total weight,45.18,1,pass,,xkang2@lbl.gov,proximate
(67)f964,15.0,,16,7.0,2024-11-10 15:00:00,maplewood,grape pomace,grapes,volatile solids,% total weight,41.78,1,pass,,xkang2@lbl.gov,proximate
(69)0e70,21.0,,60,2.0,2024-09-21 09:00:00,pinecrest,tomato pomace,tomatoes for processing,volatile solids,% total weight,4.66,2,pass,uc combined protocol,fail,proximate
(69)520e,21.0,,60,2.0,2024-09-21 09:00:00,pinecrest,tomato pomace,tomatoes for processing,volatile solids,% total weight,4.91,3,pass,uc combined protocol,fail,proximate
(69)64e5,21.0,,60,2.0,2024-09-21 09:00:00,pinecrest,tomato pomace,tomatoes for processing,total solids,% total weight,90.94,1,pass,uc combined protocol,fail,proximate
(69)7192,21.0,,60,2.0,2024-09-21 09:00:00,pinecrest,tomato pomace,tomatoes for processing,total solids,% total weight,90.16,3,pass,uc combined protocol,fail,proximate
(69)85c2,21.0,,60,2.0,2024-09-21 09:00:00,pinecrest,tomato pomace,tomatoes for processing,volatile solids,% total weight,4.59,1,pass,uc combined protocol,fail,proximate
(69)ce1a,21.0,,60,2.0,2024-09-21 09:00:00,pinecrest,tomato pomace,tomatoes for processing,total solids,% total weight,90.66,2,pass,uc combined protocol,fail,proximate
(6b)0caf,11.0,,223,97.0,2026-02-13 10:30:00,badger,walnut tree sticks,walnuts,total solids,% total weight,66.47,3,pass,https://docs.google.com/spreadsheets/d/1elqjbsy8pjasg8mwkhlqgbdzldr34wem/edit?gid=396354422#gid=396354448,pass,proximate
(6b)3fbc,11.0,,223,97.0,2026-02-13 10:30:00,badger,walnut tree sticks,walnuts,ash,% total weight,2.6,3,pass,https://docs.google.com/spreadsheets/d/1elqjbsy8pjasg8mwkhlqgbdzldr34wem/edit?gid=396354422#gid=396354436,pass,proximate
(6b)43a2,11.0,,223,97.0,2026-02-13 10:30:00,badger,walnut tree sticks,walnuts,moisture,% total weight,32.25,1,pass,https://docs.google.com/spreadsheets/d/1elqjbsy8pjasg8mwkhlqgbdzldr34wem/edit?gid=396354422#gid=396354422,pass,proximate
(6b)4a5c,11.0,,223,97.0,2026-02-13 10:30:00,badger,walnut tree sticks,walnuts,volatile solids,% total weight,64.93,1,pass,https://docs.google.com/spreadsheets/d/1elqjbsy8pjasg8mwkhlqgbdzldr34wem/edit?gid=396354422#gid=396354458,pass,proximate
(6b)8b47,11.0,,223,97.0,2026-02-13 10:30:00,badger,walnut tree sticks,walnuts,volatile solids,% total weight,63.87,3,pass,https://docs.google.com/spreadsheets/d/1elqjbsy8pjasg8mwkhlqgbdzldr34wem/edit?gid=396354422#gid=396354460,pass,proximate
(6b)a75e,11.0,,223,97.0,2026-02-13 10:30:00,badger,walnut tree sticks,walnuts,total solids,% total weight,67.75,1,pass,https://docs.google.com/spreadsheets/d/1elqjbsy8pjasg8mwkhlqgbdzldr34wem/edit?gid=396354422#gid=396354446,pass,proximate
(6b)a9b2,11.0,,223,97.0,2026-02-13 10:30:00,badger,walnut tree sticks,walnuts,volatile solids,% total weight,63.96,2,pass,https://docs.google.com/spreadsheets/d/1elqjbsy8pjasg8mwkhlqgbdzldr34wem/edit?gid=396354422#gid=396354459,pass,proximate
(6b)b11b,11.0,,223,97.0,2026-02-13 10:30:00,badger,walnut tree sticks,walnuts,ash,% total weight,2.82,1,pass,https://docs.google.com/spreadsheets/d/1elqjbsy8pjasg8mwkhlqgbdzldr34wem/edit?gid=396354422#gid=396354434,pass,proximate
(6b)c254,11.0,,223,97.0,2026-02-13 10:30:00,badger,walnut tree sticks,walnuts,ash,% total weight,2.82,2,pass,https://docs.google.com/spreadsheets/d/1elqjbsy8pjasg8mwkhlqgbdzldr34wem/edit?gid=396354422#gid=396354435,pass,proximate
(6b)dcb2,11.0,,223,97.0,2026-02-13 10:30:00,badger,walnut tree sticks,walnuts,moisture,% total weight,33.53,3,pass,https://docs.google.com/spreadsheets/d/1elqjbsy8pjasg8mwkhlqgbdzldr34wem/edit?gid=396354422#gid=396354424,pass,proximate
(6b)e390,11.0,,223,97.0,2026-02-13 10:30:00,badger,walnut tree sticks,walnuts,total solids,% total weight,66.78,2,pass,https://docs.google.com/spreadsheets/d/1elqjbsy8pjasg8mwkhlqgbdzldr34wem/edit?gid=396354422#gid=396354447,pass,proximate
(6b)f818,11.0,,223,97.0,2026-02-13 10:30:00,badger,walnut tree sticks,walnuts,moisture,% total weight,33.22,2,pass,https://docs.google.com/spreadsheets/d/1elqjbsy8pjasg8mwkhlqgbdzldr34wem/edit?gid=396354422#gid=396354423,pass,proximate
(6d)0433,21.0,,61,1.0,2024-09-09 15:00:00,riverstone,tomato pomace,tomatoes for processing,volatile solids,% total weight,4.3,2,pass,uc combined protocol,fail,proximate
(6d)30b0,21.0,,61,1.0,2024-09-09 15:00:00,riverstone,tomato pomace,tomatoes for processing,total solids,% total weight,92.75,2,pass,uc combined protocol,fail,proximate
(6d)64fe,21.0,,61,1.0,2024-09-09 15:00:00,riverstone,tomato pomace,tomatoes for processing,volatile solids,% total weight,2.91,3,pass,uc combined protocol,fail,proximate
(6d)666c,21.0,,61,1.0,2024-09-09 15:00:00,riverstone,tomato pomace,tomatoes for processing,total solids,% total weight,94.19,3,pass,uc combined protocol,fail,proximate
(6d)6e3e,21.0,,61,1.0,2024-09-09 15:00:00,riverstone,tomato pomace,tomatoes for processing,volatile solids,% total weight,3.23,1,pass,uc combined protocol,fail,proximate
(6d)85cc,21.0,,61,1.0,2024-09-09 15:00:00,riverstone,tomato pomace,tomatoes for processing,total solids,% total weight,93.94,1,pass,uc combined protocol,fail,proximate
(71)052f,7.0,,147,67.0,2025-09-16 09:30:00,humorous,almond shells,almonds,moisture,% total weight,7.67,3,pass,,,proximate
(71)0984,7.0,,147,67.0,2025-09-16 09:30:00,humorous,almond shells,almonds,moisture,% total weight,7.7,2,pass,,,proximate
(71)0acc,7.0,,147,67.0,2025-09-16 09:30:00,humorous,almond shells,almonds,ash,% total weight,4.08,1,pass,,,proximate
(71)393e,7.0,,147,67.0,2025-09-16 09:30:00,humorous,almond shells,almonds,total solids,% total weight,92.31,1,pass,,,proximate
(71)48d6,7.0,,147,67.0,2025-09-16 09:30:00,humorous,almond shells,almonds,volatile solids,% total weight,88.23,1,pass,,,proximate
(71)569c,7.0,,147,67.0,2025-09-16 09:30:00,humorous,almond shells,almonds,ash,% total weight,4.49,2,pass,,,proximate
(71)68c8,7.0,,147,67.0,2025-09-16 09:30:00,humorous,almond shells,almonds,volatile solids,% total weight,87.81,2,pass,,,proximate
(71)7354,7.0,,147,67.0,2025-09-16 09:30:00,humorous,almond shells,almonds,moisture,% total weight,7.69,1,pass,,,proximate
(71)81a2,7.0,,147,67.0,2025-09-16 09:30:00,humorous,almond shells,almonds,volatile solids,% total weight,88.0,3,pass,,,proximate
(71)cdac,7.0,,147,67.0,2025-09-16 09:30:00,humorous,almond shells,almonds,total solids,% total weight,92.3,2,pass,,,proximate
(71)da38,7.0,,147,67.0,2025-09-16 09:30:00,humorous,almond shells,almonds,ash,% total weight,4.33,3,pass,,,proximate
(71)f312,7.0,,147,67.0,2025-09-16 09:30:00,humorous,almond shells,almonds,total solids,% total weight,92.33,3,pass,,,proximate
(72)111d,19.0,,67,28.0,2025-02-05 14:00:00,caterpillar,corn stover husks,corn - all,volatile solids,% total weight,76.71,2,pass,,xkang2@lbl.gov,proximate
(72)1f3f,19.0,,67,28.0,2025-02-05 14:00:00,caterpillar,corn stover husks,corn - all,total solids,% total weight,81.61,3,pass,,xkang2@lbl.gov,proximate
(72)32e2,19.0,,67,28.0,2025-02-05 14:00:00,caterpillar,corn stover husks,corn - all,total solids,% total weight,81.73,1,pass,,xkang2@lbl.gov,proximate
(72)4254,19.0,,67,28.0,2025-02-05 14:00:00,caterpillar,corn stover husks,corn - all,moisture,% total weight,18.27,1,pass,,xkang2@lbl.gov,proximate
(72)4d45,19.0,,67,28.0,2025-02-05 14:00:00,caterpillar,corn stover husks,corn - all,ash,% total weight,4.81,1,pass,,xkang2@lbl.gov,proximate
(72)5327,19.0,,67,28.0,2025-02-05 14:00:00,caterpillar,corn stover husks,corn - all,volatile solids,% total weight,76.92,1,pass,,xkang2@lbl.gov,proximate
(72)5b2f,19.0,,67,28.0,2025-02-05 14:00:00,caterpillar,corn stover husks,corn - all,total solids,% total weight,81.59,2,pass,,xkang2@lbl.gov,proximate
(72)a9ae,19.0,,67,28.0,2025-02-05 14:00:00,caterpillar,corn stover husks,corn - all,moisture,% total weight,18.41,2,pass,,xkang2@lbl.gov,proximate
(72)b6c5,19.0,,67,28.0,2025-02-05 14:00:00,caterpillar,corn stover husks,corn - all,moisture,% total weight,18.39,3,pass,,xkang2@lbl.gov,proximate
(72)cd32,19.0,,67,28.0,2025-02-05 14:00:00,caterpillar,corn stover husks,corn - all,volatile solids,% total weight,76.99,3,pass,,xkang2@lbl.gov,proximate
(72)d7d8,19.0,,67,28.0,2025-02-05 14:00:00,caterpillar,corn stover husks,corn - all,ash,% total weight,4.61,3,pass,,xkang2@lbl.gov,proximate
(72)d853,19.0,,67,28.0,2025-02-05 14:00:00,caterpillar,corn stover husks,corn - all,ash,% total weight,4.88,2,pass,,xkang2@lbl.gov,proximate
(73)015e,1.0,,4,3.0,2024-09-24 11:40:00,oakleaf,tomato pomace,tomatoes for processing,total solids,% total weight,36.73,3,pass,,xkang2@lbl.gov,proximate
(73)3621,1.0,,4,3.0,2024-09-24 11:40:00,oakleaf,tomato pomace,tomatoes for processing,volatile solids,% total weight,35.73,3,pass,,xkang2@lbl.gov,proximate
(73)415f,1.0,,4,3.0,2024-09-24 11:40:00,oakleaf,tomato pomace,tomatoes for processing,ash,% total weight,0.89,2,pass,,xkang2@lbl.gov,proximate
(73)560c,1.0,,4,3.0,2024-09-24 11:40:00,oakleaf,tomato pomace,tomatoes for processing,ash,% total weight,1.0,3,pass,,xkang2@lbl.gov,proximate
(73)6b2c,1.0,,4,3.0,2024-09-24 11:40:00,oakleaf,tomato pomace,tomatoes for processing,volatile solids,% total weight,37.46,1,pass,,xkang2@lbl.gov,proximate
(73)8267,1.0,,4,3.0,2024-09-24 11:40:00,oakleaf,tomato pomace,tomatoes for processing,volatile solids,% total weight,35.91,2,pass,,xkang2@lbl.gov,proximate
(73)9335,1.0,,4,3.0,2024-09-24 11:40:00,oakleaf,tomato pomace,tomatoes for processing,ash,% total weight,0.69,1,pass,,xkang2@lbl.gov,proximate
(73)957d,1.0,,4,3.0,2024-09-24 11:40:00,oakleaf,tomato pomace,tomatoes for processing,moisture,% total weight,63.27,3,pass,,xkang2@lbl.gov,proximate
(73)9ba8,1.0,,4,3.0,2024-09-24 11:40:00,oakleaf,tomato pomace,tomatoes for processing,moisture,% total weight,63.21,2,pass,,xkang2@lbl.gov,proximate
(73)b7b7,1.0,,4,3.0,2024-09-24 11:40:00,oakleaf,tomato pomace,tomatoes for processing,moisture,% total weight,61.85,1,pass,,xkang2@lbl.gov,proximate
(73)dd5f,1.0,,4,3.0,2024-09-24 11:40:00,oakleaf,tomato pomace,tomatoes for processing,total solids,% total weight,38.15,1,pass,,xkang2@lbl.gov,proximate
(73)ef72,1.0,,4,3.0,2024-09-24 11:40:00,oakleaf,tomato pomace,tomatoes for processing,total solids,% total weight,36.79,2,pass,,xkang2@lbl.gov,proximate
(75)205b,23.0,,177,86.0,2025-10-23 10:15:00,boatswain,grape pomace,grapes,ash,% total weight,4.72,3,pass,,,proximate
(75)455c,23.0,,177,86.0,2025-10-23 10:15:00,boatswain,grape pomace,grapes,moisture,% total weight,53.23,1,pass,,,proximate
(75)511e,23.0,,177,86.0,2025-10-23 10:15:00,boatswain,grape pomace,grapes,total solids,% total weight,46.25,3,pass,,,proximate
(75)52b4,23.0,,177,86.0,2025-10-23 10:15:00,boatswain,grape pomace,grapes,volatile solids,% total weight,41.51,1,pass,,,proximate
(75)5e86,23.0,,177,86.0,2025-10-23 10:15:00,boatswain,grape pomace,grapes,total solids,% total weight,45.73,2,pass,,,proximate
(75)62db,23.0,,177,86.0,2025-10-23 10:15:00,boatswain,grape pomace,grapes,ash,% total weight,5.43,2,pass,,,proximate
(75)6b19,23.0,,177,86.0,2025-10-23 10:15:00,boatswain,grape pomace,grapes,moisture,% total weight,53.75,3,pass,,,proximate
(75)8f14,23.0,,177,86.0,2025-10-23 10:15:00,boatswain,grape pomace,grapes,ash,% total weight,5.26,1,pass,,,proximate
(75)a028,23.0,,177,86.0,2025-10-23 10:15:00,boatswain,grape pomace,grapes,total solids,% total weight,46.77,1,pass,,,proximate
(75)a2a2,23.0,,177,86.0,2025-10-23 10:15:00,boatswain,grape pomace,grapes,volatile solids,% total weight,41.53,3,pass,,,proximate
(75)b333,23.0,,177,86.0,2025-10-23 10:15:00,boatswain,grape pomace,grapes,moisture,% total weight,54.27,2,pass,,,proximate
(75)b527,23.0,,177,86.0,2025-10-23 10:15:00,boatswain,grape pomace,grapes,volatile solids,% total weight,40.3,2,pass,,,proximate
(7a)11b9,17.0,,113,51.0,2025-08-27 11:15:00,boatswain,grape pomace,grapes,total solids,% total weight,33.01,1,pass,,,proximate
(7a)16ee,17.0,,113,51.0,2025-08-27 11:15:00,boatswain,grape pomace,grapes,moisture,% total weight,65.92,2,pass,,,proximate
(7a)20c9,17.0,,113,51.0,2025-08-27 11:15:00,boatswain,grape pomace,grapes,ash,% total weight,1.4,2,pass,,,proximate
(7a)4002,17.0,,113,51.0,2025-08-27 11:15:00,boatswain,grape pomace,grapes,moisture,% total weight,62.66,3,pass,,,proximate
(7a)8042,17.0,,113,51.0,2025-08-27 11:15:00,boatswain,grape pomace,grapes,volatile solids,% total weight,31.5,1,pass,,,proximate
(7a)81fd,17.0,,113,51.0,2025-08-27 11:15:00,boatswain,grape pomace,grapes,volatile solids,% total weight,35.57,3,pass,,,proximate
(7a)85c3,17.0,,113,51.0,2025-08-27 11:15:00,boatswain,grape pomace,grapes,ash,% total weight,1.77,3,pass,,,proximate
(7a)98cc,17.0,,113,51.0,2025-08-27 11:15:00,boatswain,grape pomace,grapes,ash,% total weight,1.52,1,pass,,,proximate
(7a)b0b5,17.0,,113,51.0,2025-08-27 11:15:00,boatswain,grape pomace,grapes,moisture,% total weight,66.99,1,pass,,,proximate
(7a)c576,17.0,,113,51.0,2025-08-27 11:15:00,boatswain,grape pomace,grapes,total solids,% total weight,37.34,3,pass,,,proximate
(7a)f6b3,17.0,,113,51.0,2025-08-27 11:15:00,boatswain,grape pomace,grapes,volatile solids,% total weight,32.69,2,pass,,,proximate
(7a)fba4,17.0,,113,51.0,2025-08-27 11:15:00,boatswain,grape pomace,grapes,total solids,% total weight,34.08,2,pass,,,proximate
(7e)103a,7.0,,150,75.0,2025-09-26 11:35:00,capstan,almond branches,almonds,ash,% total weight,3.09,3,pass,,,proximate
(7e)1c60,7.0,,150,75.0,2025-09-26 11:35:00,capstan,almond branches,almonds,moisture,% total weight,10.99,2,pass,,,proximate
(7e)2c3d,5.0,,51,18.0,2024-11-21 16:10:00,tiny,almond shells and hulls mix,almonds,total solids,% total weight,89.29,2,pass,,xkang2@lbl.gov,proximate
(7e)31fe,5.0,,51,18.0,2024-11-21 16:10:00,tiny,almond shells and hulls mix,almonds,moisture,% total weight,10.72,3,pass,,xkang2@lbl.gov,proximate
(7e)33e8,7.0,,150,75.0,2025-09-26 11:35:00,capstan,almond branches,almonds,moisture,% total weight,10.88,1,pass,,,proximate
(7e)368a,21.0,,51,18.0,2024-11-21 16:10:00,tiny,almond shells and hulls mix,almonds,ash,% total weight,5.39,3,pass,uc combined protocol,,proximate
(7e)371b,5.0,,51,18.0,2024-11-21 16:10:00,tiny,almond shells and hulls mix,almonds,ash,% total weight,7.38,3,pass,,xkang2@lbl.gov,proximate
(7e)3990,7.0,,150,75.0,2025-09-26 11:35:00,capstan,almond branches,almonds,moisture,% total weight,10.88,3,pass,,,proximate
(7e)3aaf,5.0,,51,18.0,2024-11-21 16:10:00,tiny,almond shells and hulls mix,almonds,ash,% total weight,7.06,2,pass,,xkang2@lbl.gov,proximate
(7e)3bb4,5.0,,51,18.0,2024-11-21 16:10:00,tiny,almond shells and hulls mix,almonds,volatile solids,% total weight,81.76,1,pass,,xkang2@lbl.gov,proximate
(7e)4412,5.0,,51,18.0,2024-11-21 16:10:00,tiny,almond shells and hulls mix,almonds,volatile solids,% total weight,81.89,3,pass,,xkang2@lbl.gov,proximate
(7e)4470,5.0,,51,18.0,2024-11-21 16:10:00,tiny,almond shells and hulls mix,almonds,moisture,% total weight,10.77,1,pass,,xkang2@lbl.gov,proximate
(7e)5050,21.0,,51,18.0,2024-11-21 16:10:00,tiny,almond shells and hulls mix,almonds,ash,% total weight,5.66,1,pass,uc combined protocol,,proximate
(7e)5198,21.0,,51,18.0,2024-11-21 16:10:00,tiny,almond shells and hulls mix,almonds,total solids,% total weight,89.13,2,pass,uc combined protocol,pass,proximate
(7e)54d9,7.0,,150,75.0,2025-09-26 11:35:00,capstan,almond branches,almonds,volatile solids,% total weight,86.04,3,pass,,,proximate
(7e)6ead,21.0,,51,18.0,2024-11-21 16:10:00,tiny,almond shells and hulls mix,almonds,volatile solids,% total weight,5.25,1,pass,uc combined protocol,pass,proximate
(7e)7191,21.0,,51,18.0,2024-11-21 16:10:00,tiny,almond shells and hulls mix,almonds,volatile solids,% total weight,5.28,2,pass,uc combined protocol,pass,proximate
(7e)7774,7.0,,150,75.0,2025-09-26 11:35:00,capstan,almond branches,almonds,total solids,% total weight,89.12,3,pass,,,proximate
(7e)800f,7.0,,150,75.0,2025-09-26 11:35:00,capstan,almond branches,almonds,ash,% total weight,3.11,2,pass,,,proximate
(7e)8288,5.0,,51,18.0,2024-11-21 16:10:00,tiny,almond shells and hulls mix,almonds,moisture,% total weight,10.71,2,pass,,xkang2@lbl.gov,proximate
(7e)8720,5.0,,51,18.0,2024-11-21 16:10:00,tiny,almond shells and hulls mix,almonds,volatile solids,% total weight,82.24,2,pass,,xkang2@lbl.gov,proximate
(7e)8aca,21.0,,51,18.0,2024-11-21 16:10:00,tiny,almond shells and hulls mix,almonds,volatile solids,% total weight,4.96,3,pass,uc combined protocol,pass,proximate
(7e)9385,21.0,,51,18.0,2024-11-21 16:10:00,tiny,almond shells and hulls mix,almonds,total solids,% total weight,89.65,3,pass,uc combined protocol,pass,proximate
(7e)938f,7.0,,150,75.0,2025-09-26 11:35:00,capstan,almond branches,almonds,ash,% total weight,3.14,1,pass,,,proximate
(7e)978b,7.0,,150,75.0,2025-09-26 11:35:00,capstan,almond branches,almonds,volatile solids,% total weight,85.9,2,pass,,,proximate
(7e)9cae,5.0,,51,18.0,2024-11-21 16:10:00,tiny,almond shells and hulls mix,almonds,ash,% total weight,7.47,1,pass,,xkang2@lbl.gov,proximate
(7e)a2ad,21.0,,51,18.0,2024-11-21 16:10:00,tiny,almond shells and hulls mix,almonds,moisture,% total weight,6.24,1,pass,uc combined protocol,,proximate
(7e)a6ff,7.0,,150,75.0,2025-09-26 11:35:00,capstan,almond branches,almonds,volatile solids,% total weight,85.98,1,pass,,,proximate
(7e)b35c,21.0,,51,18.0,2024-11-21 16:10:00,tiny,almond shells and hulls mix,almonds,total solids,% total weight,89.09,1,pass,uc combined protocol,pass,proximate
(7e)b85b,5.0,,51,18.0,2024-11-21 16:10:00,tiny,almond shells and hulls mix,almonds,total solids,% total weight,89.23,1,pass,,xkang2@lbl.gov,proximate
(7e)dcb0,5.0,,51,18.0,2024-11-21 16:10:00,tiny,almond shells and hulls mix,almonds,total solids,% total weight,89.28,3,pass,,xkang2@lbl.gov,proximate
(7e)e58c,7.0,,150,75.0,2025-09-26 11:35:00,capstan,almond branches,almonds,total solids,% total weight,89.01,2,pass,,,proximate
(7e)e64d,7.0,,150,75.0,2025-09-26 11:35:00,capstan,almond branches,almonds,total solids,% total weight,89.12,1,pass,,,proximate
(7e)e7a4,21.0,,51,18.0,2024-11-21 16:10:00,tiny,almond shells and hulls mix,almonds,ash,% total weight,5.59,2,pass,uc combined protocol,,proximate
(82)0834,21.0,,57,20.0,2024-11-21 18:10:00,energetic,walnut shells,walnuts,volatile solids,% total weight,2.14,1,pass,uc combined protocol,fail,proximate
(82)5774,21.0,,57,20.0,2024-11-21 18:10:00,energetic,walnut shells,walnuts,total solids,% total weight,96.28,1,pass,uc combined protocol,fail,proximate
(82)7c2d,21.0,,57,20.0,2024-11-21 18:10:00,energetic,walnut shells,walnuts,total solids,% total weight,96.84,2,pass,uc combined protocol,fail,proximate
(82)bb4c,21.0,,57,20.0,2024-11-21 18:10:00,energetic,walnut shells,walnuts,total solids,% total weight,96.61,3,pass,uc combined protocol,fail,proximate
(82)bb5d,21.0,,57,20.0,2024-11-21 18:10:00,energetic,walnut shells,walnuts,volatile solids,% total weight,1.54,2,pass,uc combined protocol,fail,proximate
(82)ebbf,21.0,,57,20.0,2024-11-21 18:10:00,energetic,walnut shells,walnuts,volatile solids,% total weight,1.67,3,pass,uc combined protocol,fail,proximate
(85)3181,8.0,,247,104.0,2026-03-31 12:50:00,excellent,olive prunings,olives - processing,total solids,% total weight,82.58,1,pass,https://docs.google.com/spreadsheets/d/1ykp27j5lk8jvpdiqe22cwh0q96yxoli8/edit?gid=1790385619#gid=1790385661,pass,proximate
(85)4f9f,8.0,,247,104.0,2026-03-31 12:50:00,excellent,olive prunings,olives - processing,volatile solids,% total weight,79.54,1,pass,https://docs.google.com/spreadsheets/d/1ykp27j5lk8jvpdiqe22cwh0q96yxoli8/edit?gid=1790385619#gid=1790385664,pass,proximate
(85)6ad0,8.0,,247,104.0,2026-03-31 12:50:00,excellent,olive prunings,olives - processing,moisture,% total weight,15.32,3,pass,https://docs.google.com/spreadsheets/d/1ykp27j5lk8jvpdiqe22cwh0q96yxoli8/edit?gid=1790385619#gid=1790385657,pass,proximate
(85)7c9d,8.0,,247,104.0,2026-03-31 12:50:00,excellent,olive prunings,olives - processing,volatile solids,% total weight,81.44,3,pass,https://docs.google.com/spreadsheets/d/1ykp27j5lk8jvpdiqe22cwh0q96yxoli8/edit?gid=1790385619#gid=1790385666,pass,proximate
(85)a7d3,8.0,,247,104.0,2026-03-31 12:50:00,excellent,olive prunings,olives - processing,moisture,% total weight,17.42,1,pass,https://docs.google.com/spreadsheets/d/1ykp27j5lk8jvpdiqe22cwh0q96yxoli8/edit?gid=1790385619#gid=1790385655,pass,proximate
(85)b143,8.0,,247,104.0,2026-03-31 12:50:00,excellent,olive prunings,olives - processing,ash,% total weight,3.04,1,pass,https://docs.google.com/spreadsheets/d/1ykp27j5lk8jvpdiqe22cwh0q96yxoli8/edit?gid=1790385619#gid=1790385658,pass,proximate
(85)b1ce,8.0,,247,104.0,2026-03-31 12:50:00,excellent,olive prunings,olives - processing,ash,% total weight,3.21,2,pass,https://docs.google.com/spreadsheets/d/1ykp27j5lk8jvpdiqe22cwh0q96yxoli8/edit?gid=1790385619#gid=1790385659,pass,proximate
(85)b606,8.0,,247,104.0,2026-03-31 12:50:00,excellent,olive prunings,olives - processing,total solids,% total weight,84.68,3,pass,https://docs.google.com/spreadsheets/d/1ykp27j5lk8jvpdiqe22cwh0q96yxoli8/edit?gid=1790385619#gid=1790385663,pass,proximate
(85)bc99,8.0,,247,104.0,2026-03-31 12:50:00,excellent,olive prunings,olives - processing,total solids,% total weight,83.45,2,pass,https://docs.google.com/spreadsheets/d/1ykp27j5lk8jvpdiqe22cwh0q96yxoli8/edit?gid=1790385619#gid=1790385662,pass,proximate
(85)c5a9,8.0,,247,104.0,2026-03-31 12:50:00,excellent,olive prunings,olives - processing,moisture,% total weight,16.55,2,pass,https://docs.google.com/spreadsheets/d/1ykp27j5lk8jvpdiqe22cwh0q96yxoli8/edit?gid=1790385619#gid=1790385656,pass,proximate
(85)db24,8.0,,247,104.0,2026-03-31 12:50:00,excellent,olive prunings,olives - processing,volatile solids,% total weight,80.23,2,pass,https://docs.google.com/spreadsheets/d/1ykp27j5lk8jvpdiqe22cwh0q96yxoli8/edit?gid=1790385619#gid=1790385665,pass,proximate
(85)fc38,8.0,,247,104.0,2026-03-31 12:50:00,excellent,olive prunings,olives - processing,ash,% total weight,3.23,3,pass,https://docs.google.com/spreadsheets/d/1ykp27j5lk8jvpdiqe22cwh0q96yxoli8/edit?gid=1790385619#gid=1790385660,pass,proximate
(86)318b,7.0,,146,66.0,2025-09-16 09:30:00,humorous,almond hulls,almonds,ash,% total weight,8.0,3,pass,,,proximate
(86)4c9a,7.0,,146,66.0,2025-09-16 09:30:00,humorous,almond hulls,almonds,moisture,% total weight,12.27,2,pass,,,proximate
(86)521a,7.0,,146,66.0,2025-09-16 09:30:00,humorous,almond hulls,almonds,total solids,% total weight,87.62,3,pass,,,proximate
(86)5338,7.0,,146,66.0,2025-09-16 09:30:00,humorous,almond hulls,almonds,total solids,% total weight,87.73,2,pass,,,proximate
(86)7800,7.0,,146,66.0,2025-09-16 09:30:00,humorous,almond hulls,almonds,moisture,% total weight,12.44,1,pass,,,proximate
(86)785f,7.0,,146,66.0,2025-09-16 09:30:00,humorous,almond hulls,almonds,volatile solids,% total weight,79.02,1,pass,,,proximate
(86)7b7d,7.0,,146,66.0,2025-09-16 09:30:00,humorous,almond hulls,almonds,volatile solids,% total weight,79.63,3,pass,,,proximate
(86)8657,7.0,,146,66.0,2025-09-16 09:30:00,humorous,almond hulls,almonds,moisture,% total weight,12.38,3,pass,,,proximate
(86)c450,7.0,,146,66.0,2025-09-16 09:30:00,humorous,almond hulls,almonds,ash,% total weight,8.71,2,pass,,,proximate
(86)de75,7.0,,146,66.0,2025-09-16 09:30:00,humorous,almond hulls,almonds,volatile solids,% total weight,79.02,2,pass,,,proximate
(86)e04f,7.0,,146,66.0,2025-09-16 09:30:00,humorous,almond hulls,almonds,total solids,% total weight,87.56,1,pass,,,proximate
(86)e114,7.0,,146,66.0,2025-09-16 09:30:00,humorous,almond hulls,almonds,ash,% total weight,8.54,1,pass,,,proximate
(91)2d91,12.0,,158,87.0,2025-10-23 10:30:00,schooner,cotton stem mix,cotton,ash,% total weight,8.15,1,pass,,,proximate
(91)643b,12.0,,158,87.0,2025-10-23 10:30:00,schooner,cotton stem mix,cotton,moisture,% total weight,15.08,3,pass,,,proximate
(91)656a,12.0,,158,87.0,2025-10-23 10:30:00,schooner,cotton stem mix,cotton,ash,% total weight,7.28,2,pass,,,proximate
(91)8117,12.0,,158,87.0,2025-10-23 10:30:00,schooner,cotton stem mix,cotton,moisture,% total weight,15.19,1,pass,,,proximate
(91)82c3,12.0,,158,87.0,2025-10-23 10:30:00,schooner,cotton stem mix,cotton,ash,% total weight,7.86,3,pass,,,proximate
(91)8ac1,12.0,,158,87.0,2025-10-23 10:30:00,schooner,cotton stem mix,cotton,volatile solids,% total weight,76.66,1,pass,,,proximate
(91)a354,12.0,,158,87.0,2025-10-23 10:30:00,schooner,cotton stem mix,cotton,moisture,% total weight,15.2,2,pass,,,proximate
(91)c400,12.0,,158,87.0,2025-10-23 10:30:00,schooner,cotton stem mix,cotton,total solids,% total weight,84.92,3,pass,,,proximate
(91)c59b,12.0,,158,87.0,2025-10-23 10:30:00,schooner,cotton stem mix,cotton,volatile solids,% total weight,77.52,2,pass,,,proximate
(91)d241,12.0,,158,87.0,2025-10-23 10:30:00,schooner,cotton stem mix,cotton,total solids,% total weight,84.8,2,pass,,,proximate
(91)ed6c,12.0,,158,87.0,2025-10-23 10:30:00,schooner,cotton stem mix,cotton,volatile solids,% total weight,77.06,3,pass,,,proximate
(91)f62b,12.0,,158,87.0,2025-10-23 10:30:00,schooner,cotton stem mix,cotton,total solids,% total weight,84.81,1,pass,,,proximate
(96)0ed8,12.0,,151,80.0,2025-10-09 11:10:00,sextant,rice hulls,rice,moisture,% total weight,8.91,2,pass,,,proximate
(96)0f07,12.0,,151,80.0,2025-10-09 11:10:00,sextant,rice hulls,rice,total solids,% total weight,91.09,2,pass,,,proximate
(96)10cd,12.0,,151,80.0,2025-10-09 11:10:00,sextant,rice hulls,rice,ash,% total weight,19.48,3,pass,,,proximate
(96)1858,12.0,,151,80.0,2025-10-09 11:10:00,sextant,rice hulls,rice,total solids,% total weight,91.08,3,pass,,,proximate
(96)367a,12.0,,151,80.0,2025-10-09 11:10:00,sextant,rice hulls,rice,volatile solids,% total weight,71.78,1,pass,,,proximate
(96)4217,12.0,,151,80.0,2025-10-09 11:10:00,sextant,rice hulls,rice,moisture,% total weight,8.92,3,pass,,,proximate
(96)4c68,12.0,,151,80.0,2025-10-09 11:10:00,sextant,rice hulls,rice,moisture,% total weight,8.98,1,pass,,,proximate
(96)7e58,12.0,,151,80.0,2025-10-09 11:10:00,sextant,rice hulls,rice,volatile solids,% total weight,71.61,3,pass,,,proximate
(96)80be,12.0,,151,80.0,2025-10-09 11:10:00,sextant,rice hulls,rice,ash,% total weight,19.23,2,pass,,,proximate
(96)9557,12.0,,151,80.0,2025-10-09 11:10:00,sextant,rice hulls,rice,total solids,% total weight,91.02,1,pass,,,proximate
(96)cb75,12.0,,151,80.0,2025-10-09 11:10:00,sextant,rice hulls,rice,ash,% total weight,19.24,1,pass,,,proximate
(96)f2b9,12.0,,151,80.0,2025-10-09 11:10:00,sextant,rice hulls,rice,volatile solids,% total weight,71.86,2,pass,,,proximate
(a0)0798,24.0,,72,26.0,2024-12-16 00:00:00,humorous,almond branches,almonds,total solids,% total weight,81.79,3,pass,,xkang2@lbl.gov,proximate
(a0)165b,24.0,,72,26.0,2024-12-16 00:00:00,humorous,almond branches,almonds,volatile solids,% total weight,79.48,3,pass,,xkang2@lbl.gov,proximate
(a0)31cc,24.0,,72,26.0,2024-12-16 00:00:00,humorous,almond branches,almonds,volatile solids,% total weight,79.28,2,pass,,xkang2@lbl.gov,proximate
(a0)3630,24.0,,72,26.0,2024-12-16 00:00:00,humorous,almond branches,almonds,total solids,% total weight,81.75,2,pass,,xkang2@lbl.gov,proximate
(a0)5eca,24.0,,72,26.0,2024-12-16 00:00:00,humorous,almond branches,almonds,moisture,% total weight,18.25,2,pass,,xkang2@lbl.gov,proximate
(a0)76dd,24.0,,72,26.0,2024-12-16 00:00:00,humorous,almond branches,almonds,moisture,% total weight,18.21,3,pass,,xkang2@lbl.gov,proximate
(a0)8a8a,24.0,,72,26.0,2024-12-16 00:00:00,humorous,almond branches,almonds,total solids,% total weight,81.87,1,pass,,xkang2@lbl.gov,proximate
(a0)a8a6,24.0,,72,26.0,2024-12-16 00:00:00,humorous,almond branches,almonds,ash,% total weight,2.47,2,pass,,xkang2@lbl.gov,proximate
(a0)c2b6,24.0,,72,26.0,2024-12-16 00:00:00,humorous,almond branches,almonds,ash,% total weight,2.31,3,pass,,xkang2@lbl.gov,proximate
(a0)e490,24.0,,72,26.0,2024-12-16 00:00:00,humorous,almond branches,almonds,moisture,% total weight,18.13,1,pass,,xkang2@lbl.gov,proximate
(a0)e8de,24.0,,72,26.0,2024-12-16 00:00:00,humorous,almond branches,almonds,volatile solids,% total weight,79.3,1,pass,,xkang2@lbl.gov,proximate
(a0)fa1a,24.0,,72,26.0,2024-12-16 00:00:00,humorous,almond branches,almonds,ash,% total weight,2.58,1,pass,,xkang2@lbl.gov,proximate
(a2)0fb0,7.0,,143,72.0,2025-09-19 11:05:00,tiny,almond shells,almonds,total solids,% total weight,88.67,3,pass,,,proximate
(a2)1666,7.0,,143,72.0,2025-09-19 11:05:00,tiny,almond shells,almonds,total solids,% total weight,88.85,1,pass,,,proximate
(a2)2ca5,7.0,,143,72.0,2025-09-19 11:05:00,tiny,almond shells,almonds,moisture,% total weight,11.33,3,pass,,,proximate
(a2)4a98,7.0,,143,72.0,2025-09-19 11:05:00,tiny,almond shells,almonds,moisture,% total weight,11.15,1,pass,,,proximate
(a2)4d15,7.0,,143,72.0,2025-09-19 11:05:00,tiny,almond shells,almonds,ash,% total weight,4.33,2,pass,,,proximate
(a2)506b,7.0,,143,72.0,2025-09-19 11:05:00,tiny,almond shells,almonds,volatile solids,% total weight,84.36,3,pass,,,proximate
(a2)5599,7.0,,143,72.0,2025-09-19 11:05:00,tiny,almond shells,almonds,volatile solids,% total weight,84.34,2,pass,,,proximate
(a2)67e3,7.0,,143,72.0,2025-09-19 11:05:00,tiny,almond shells,almonds,ash,% total weight,4.31,3,pass,,,proximate
(a2)83ca,7.0,,143,72.0,2025-09-19 11:05:00,tiny,almond shells,almonds,ash,% total weight,5.08,1,pass,,,proximate
(a2)9df4,7.0,,143,72.0,2025-09-19 11:05:00,tiny,almond shells,almonds,volatile solids,% total weight,83.78,1,pass,,,proximate
(a2)acce,7.0,,143,72.0,2025-09-19 11:05:00,tiny,almond shells,almonds,total solids,% total weight,88.67,2,pass,,,proximate
(a2)e9ba,7.0,,143,72.0,2025-09-19 11:05:00,tiny,almond shells,almonds,moisture,% total weight,11.33,2,pass,,,proximate
(a4)0127,12.0,,159,88.0,2025-10-23 10:30:00,schooner,cotton stem mix,cotton,volatile solids,% total weight,81.73,2,pass,,,proximate
(a4)1475,12.0,,159,88.0,2025-10-23 10:30:00,schooner,cotton stem mix,cotton,moisture,% total weight,5.88,2,pass,,,proximate
(a4)1e14,12.0,,159,88.0,2025-10-23 10:30:00,schooner,cotton stem mix,cotton,moisture,% total weight,6.02,1,pass,,,proximate
(a4)2aac,12.0,,159,88.0,2025-10-23 10:30:00,schooner,cotton stem mix,cotton,ash,% total weight,14.85,3,pass,,,proximate
(a4)7680,12.0,,159,88.0,2025-10-23 10:30:00,schooner,cotton stem mix,cotton,total solids,% total weight,93.98,1,pass,,,proximate
(a4)8c15,12.0,,159,88.0,2025-10-23 10:30:00,schooner,cotton stem mix,cotton,ash,% total weight,12.49,1,pass,,,proximate
(a4)b94a,12.0,,159,88.0,2025-10-23 10:30:00,schooner,cotton stem mix,cotton,total solids,% total weight,94.12,2,pass,,,proximate
(a4)be52,12.0,,159,88.0,2025-10-23 10:30:00,schooner,cotton stem mix,cotton,moisture,% total weight,5.8,3,pass,,,proximate
(a4)ce9f,12.0,,159,88.0,2025-10-23 10:30:00,schooner,cotton stem mix,cotton,ash,% total weight,12.39,2,pass,,,proximate
(a4)d8c4,12.0,,159,88.0,2025-10-23 10:30:00,schooner,cotton stem mix,cotton,total solids,% total weight,94.2,3,pass,,,proximate
(a4)ea8e,12.0,,159,88.0,2025-10-23 10:30:00,schooner,cotton stem mix,cotton,volatile solids,% total weight,81.48,1,pass,,,proximate
(a4)faf6,12.0,,159,88.0,2025-10-23 10:30:00,schooner,cotton stem mix,cotton,volatile solids,% total weight,79.35,3,pass,,,proximate
(a5)0f27,7.0,,162,69.0,2025-09-16 09:30:00,humorous,almond shells,almonds,moisture,% total weight,9.07,2,pass,,,proximate
(a5)14af,7.0,,162,69.0,2025-09-16 09:30:00,humorous,almond shells,almonds,moisture,% total weight,9.19,1,pass,,,proximate
(a5)3f2a,7.0,,162,69.0,2025-09-16 09:30:00,humorous,almond shells,almonds,total solids,% total weight,90.96,3,pass,,,proximate
(a5)6033,7.0,,162,69.0,2025-09-16 09:30:00,humorous,almond shells,almonds,volatile solids,% total weight,84.6,2,pass,,,proximate
(a5)69b3,7.0,,162,69.0,2025-09-16 09:30:00,humorous,almond shells,almonds,ash,% total weight,7.62,1,pass,,,proximate
(a5)8dfa,7.0,,162,69.0,2025-09-16 09:30:00,humorous,almond shells,almonds,ash,% total weight,6.69,3,pass,,,proximate
(a5)9969,7.0,,162,69.0,2025-09-16 09:30:00,humorous,almond shells,almonds,volatile solids,% total weight,84.27,3,pass,,,proximate
(a5)bf23,7.0,,162,69.0,2025-09-16 09:30:00,humorous,almond shells,almonds,total solids,% total weight,90.81,1,pass,,,proximate
(a5)c3d4,7.0,,162,69.0,2025-09-16 09:30:00,humorous,almond shells,almonds,ash,% total weight,6.33,2,pass,,,proximate
(a5)c7b6,7.0,,162,69.0,2025-09-16 09:30:00,humorous,almond shells,almonds,volatile solids,% total weight,83.19,1,pass,,,proximate
(a5)cff8,7.0,,162,69.0,2025-09-16 09:30:00,humorous,almond shells,almonds,total solids,% total weight,90.93,2,pass,,,proximate
(a5)d80a,7.0,,162,69.0,2025-09-16 09:30:00,humorous,almond shells,almonds,moisture,% total weight,9.04,3,pass,,,proximate
(a8)011a,7.0,,161,68.0,2025-09-16 09:30:00,humorous,almond hulls,almonds,moisture,% total weight,14.31,3,pass,,,proximate
(a8)19a3,7.0,,161,68.0,2025-09-16 09:30:00,humorous,almond hulls,almonds,volatile solids,% total weight,76.57,2,pass,,,proximate
(a8)1b90,7.0,,161,68.0,2025-09-16 09:30:00,humorous,almond hulls,almonds,ash,% total weight,10.03,1,pass,,,proximate
(a8)28fb,7.0,,161,68.0,2025-09-16 09:30:00,humorous,almond hulls,almonds,moisture,% total weight,14.24,2,pass,,,proximate
(a8)4564,7.0,,161,68.0,2025-09-16 09:30:00,humorous,almond hulls,almonds,volatile solids,% total weight,76.57,3,pass,,,proximate
(a8)5bb6,7.0,,161,68.0,2025-09-16 09:30:00,humorous,almond hulls,almonds,volatile solids,% total weight,75.74,1,pass,,,proximate
(a8)a78c,7.0,,161,68.0,2025-09-16 09:30:00,humorous,almond hulls,almonds,total solids,% total weight,85.76,2,pass,,,proximate
(a8)a93a,7.0,,161,68.0,2025-09-16 09:30:00,humorous,almond hulls,almonds,moisture,% total weight,14.23,1,pass,,,proximate
(a8)ad0d,7.0,,161,68.0,2025-09-16 09:30:00,humorous,almond hulls,almonds,ash,% total weight,9.12,3,pass,,,proximate
(a8)bae7,7.0,,161,68.0,2025-09-16 09:30:00,humorous,almond hulls,almonds,ash,% total weight,9.19,2,pass,,,proximate
(a8)c977,7.0,,161,68.0,2025-09-16 09:30:00,humorous,almond hulls,almonds,total solids,% total weight,85.77,1,pass,,,proximate
(a8)f819,7.0,,161,68.0,2025-09-16 09:30:00,humorous,almond hulls,almonds,total solids,% total weight,85.69,3,pass,,,proximate
(aa)00dd,8.0,,238,102.0,2026-03-10 15:20:00,badger,walnut tree sticks,walnuts,moisture,% total weight,38.91,3,pass,https://docs.google.com/spreadsheets/d/1ykp27j5lk8jvpdiqe22cwh0q96yxoli8/edit?gid=1790385619#gid=1790385633,pass,proximate
(aa)1828,8.0,,238,102.0,2026-03-10 15:20:00,badger,walnut tree sticks,walnuts,total solids,% total weight,62.6,1,pass,https://docs.google.com/spreadsheets/d/1ykp27j5lk8jvpdiqe22cwh0q96yxoli8/edit?gid=1790385619#gid=1790385637,pass,proximate
(aa)1d11,10.0,,141,61.0,2025-09-03 08:55:00,stuntman,pistachio shells,pistachios,moisture,% total weight,15.55,1,pass,,,proximate
(aa)1e46,10.0,,141,61.0,2025-09-03 08:55:00,stuntman,pistachio shells,pistachios,volatile solids,% total weight,82.26,3,pass,,,proximate
(aa)4721,10.0,,141,61.0,2025-09-03 08:55:00,stuntman,pistachio shells,pistachios,ash,% total weight,2.25,1,pass,,,proximate
(aa)4e50,8.0,,238,102.0,2026-03-10 15:20:00,badger,walnut tree sticks,walnuts,volatile solids,% total weight,59.52,3,pass,https://docs.google.com/spreadsheets/d/1ykp27j5lk8jvpdiqe22cwh0q96yxoli8/edit?gid=1790385619#gid=1790385642,pass,proximate
(aa)4ea9,10.0,,141,61.0,2025-09-03 08:55:00,stuntman,pistachio shells,pistachios,volatile solids,% total weight,82.32,2,pass,,,proximate
(aa)503d,8.0,,238,102.0,2026-03-10 15:20:00,badger,walnut tree sticks,walnuts,total solids,% total weight,61.09,3,pass,https://docs.google.com/spreadsheets/d/1ykp27j5lk8jvpdiqe22cwh0q96yxoli8/edit?gid=1790385619#gid=1790385639,pass,proximate
(aa)565e,8.0,,238,102.0,2026-03-10 15:20:00,badger,walnut tree sticks,walnuts,volatile solids,% total weight,60.59,1,pass,https://docs.google.com/spreadsheets/d/1ykp27j5lk8jvpdiqe22cwh0q96yxoli8/edit?gid=1790385619#gid=1790385640,pass,proximate
(aa)697a,8.0,,238,102.0,2026-03-10 15:20:00,badger,walnut tree sticks,walnuts,ash,% total weight,1.9,2,pass,https://docs.google.com/spreadsheets/d/1ykp27j5lk8jvpdiqe22cwh0q96yxoli8/edit?gid=1790385619#gid=1790385635,pass,proximate
(aa)73c7,10.0,,141,61.0,2025-09-03 08:55:00,stuntman,pistachio shells,pistachios,volatile solids,% total weight,82.2,1,pass,,,proximate
(aa)7741,8.0,,238,102.0,2026-03-10 15:20:00,badger,walnut tree sticks,walnuts,ash,% total weight,2.01,1,pass,https://docs.google.com/spreadsheets/d/1ykp27j5lk8jvpdiqe22cwh0q96yxoli8/edit?gid=1790385619#gid=1790385634,pass,proximate
(aa)843f,10.0,,141,61.0,2025-09-03 08:55:00,stuntman,pistachio shells,pistachios,total solids,% total weight,84.45,1,pass,,,proximate
(aa)956d,10.0,,141,61.0,2025-09-03 08:55:00,stuntman,pistachio shells,pistachios,total solids,% total weight,84.12,3,pass,,,proximate
(aa)9822,8.0,,238,102.0,2026-03-10 15:20:00,badger,walnut tree sticks,walnuts,volatile solids,% total weight,58.65,2,pass,https://docs.google.com/spreadsheets/d/1ykp27j5lk8jvpdiqe22cwh0q96yxoli8/edit?gid=1790385619#gid=1790385641,pass,proximate
(aa)9cf5,8.0,,238,102.0,2026-03-10 15:20:00,badger,walnut tree sticks,walnuts,ash,% total weight,1.58,3,pass,https://docs.google.com/spreadsheets/d/1ykp27j5lk8jvpdiqe22cwh0q96yxoli8/edit?gid=1790385619#gid=1790385636,pass,proximate
(aa)a789,10.0,,141,61.0,2025-09-03 08:55:00,stuntman,pistachio shells,pistachios,moisture,% total weight,15.88,3,pass,,,proximate
(aa)be82,10.0,,141,61.0,2025-09-03 08:55:00,stuntman,pistachio shells,pistachios,total solids,% total weight,84.02,2,pass,,,proximate
(aa)d3c0,10.0,,141,61.0,2025-09-03 08:55:00,stuntman,pistachio shells,pistachios,ash,% total weight,1.85,3,pass,,,proximate
(aa)f1e8,8.0,,238,102.0,2026-03-10 15:20:00,badger,walnut tree sticks,walnuts,moisture,% total weight,39.45,2,pass,https://docs.google.com/spreadsheets/d/1ykp27j5lk8jvpdiqe22cwh0q96yxoli8/edit?gid=1790385619#gid=1790385632,pass,proximate
(aa)f2a6,10.0,,141,61.0,2025-09-03 08:55:00,stuntman,pistachio shells,pistachios,moisture,% total weight,15.98,2,pass,,,proximate
(aa)f74a,10.0,,141,61.0,2025-09-03 08:55:00,stuntman,pistachio shells,pistachios,ash,% total weight,1.69,2,pass,,,proximate
(aa)f885,8.0,,238,102.0,2026-03-10 15:20:00,badger,walnut tree sticks,walnuts,total solids,% total weight,60.55,2,pass,https://docs.google.com/spreadsheets/d/1ykp27j5lk8jvpdiqe22cwh0q96yxoli8/edit?gid=1790385619#gid=1790385638,pass,proximate
(aa)fbcb,8.0,,238,102.0,2026-03-10 15:20:00,badger,walnut tree sticks,walnuts,moisture,% total weight,37.4,1,pass,https://docs.google.com/spreadsheets/d/1ykp27j5lk8jvpdiqe22cwh0q96yxoli8/edit?gid=1790385619#gid=1790385631,pass,proximate
(ab)251b,8.0,,244,103.0,2026-03-31 11:55:00,excellent,olive prunings,olives - processing,moisture,% total weight,20.79,1,pass,https://docs.google.com/spreadsheets/d/1ykp27j5lk8jvpdiqe22cwh0q96yxoli8/edit?gid=1790385619#gid=1790385643,pass,proximate
(ab)260d,8.0,,244,103.0,2026-03-31 11:55:00,excellent,olive prunings,olives - processing,volatile solids,% total weight,77.03,3,pass,https://docs.google.com/spreadsheets/d/1ykp27j5lk8jvpdiqe22cwh0q96yxoli8/edit?gid=1790385619#gid=1790385654,pass,proximate
(ab)35cd,8.0,,244,103.0,2026-03-31 11:55:00,excellent,olive prunings,olives - processing,ash,% total weight,2.67,3,pass,https://docs.google.com/spreadsheets/d/1ykp27j5lk8jvpdiqe22cwh0q96yxoli8/edit?gid=1790385619#gid=1790385648,pass,proximate
(ab)5767,8.0,,244,103.0,2026-03-31 11:55:00,excellent,olive prunings,olives - processing,volatile solids,% total weight,76.38,2,pass,https://docs.google.com/spreadsheets/d/1ykp27j5lk8jvpdiqe22cwh0q96yxoli8/edit?gid=1790385619#gid=1790385653,pass,proximate
(ab)64ab,8.0,,244,103.0,2026-03-31 11:55:00,excellent,olive prunings,olives - processing,ash,% total weight,2.4,1,pass,https://docs.google.com/spreadsheets/d/1ykp27j5lk8jvpdiqe22cwh0q96yxoli8/edit?gid=1790385619#gid=1790385646,pass,proximate
(ab)7ab6,8.0,,244,103.0,2026-03-31 11:55:00,excellent,olive prunings,olives - processing,moisture,% total weight,20.78,2,pass,https://docs.google.com/spreadsheets/d/1ykp27j5lk8jvpdiqe22cwh0q96yxoli8/edit?gid=1790385619#gid=1790385644,pass,proximate
(ab)938c,8.0,,244,103.0,2026-03-31 11:55:00,excellent,olive prunings,olives - processing,moisture,% total weight,20.3,3,pass,https://docs.google.com/spreadsheets/d/1ykp27j5lk8jvpdiqe22cwh0q96yxoli8/edit?gid=1790385619#gid=1790385645,pass,proximate
(ab)aec5,8.0,,244,103.0,2026-03-31 11:55:00,excellent,olive prunings,olives - processing,volatile solids,% total weight,76.81,1,pass,https://docs.google.com/spreadsheets/d/1ykp27j5lk8jvpdiqe22cwh0q96yxoli8/edit?gid=1790385619#gid=1790385652,pass,proximate
(ab)bb2b,8.0,,244,103.0,2026-03-31 11:55:00,excellent,olive prunings,olives - processing,total solids,% total weight,79.22,2,pass,https://docs.google.com/spreadsheets/d/1ykp27j5lk8jvpdiqe22cwh0q96yxoli8/edit?gid=1790385619#gid=1790385650,pass,proximate
(ab)d0a1,8.0,,244,103.0,2026-03-31 11:55:00,excellent,olive prunings,olives - processing,ash,% total weight,2.84,2,pass,https://docs.google.com/spreadsheets/d/1ykp27j5lk8jvpdiqe22cwh0q96yxoli8/edit?gid=1790385619#gid=1790385647,pass,proximate
(ab)e228,8.0,,244,103.0,2026-03-31 11:55:00,excellent,olive prunings,olives - processing,total solids,% total weight,79.7,3,pass,https://docs.google.com/spreadsheets/d/1ykp27j5lk8jvpdiqe22cwh0q96yxoli8/edit?gid=1790385619#gid=1790385651,pass,proximate
(ab)f3e6,8.0,,244,103.0,2026-03-31 11:55:00,excellent,olive prunings,olives - processing,total solids,% total weight,79.21,1,pass,https://docs.google.com/spreadsheets/d/1ykp27j5lk8jvpdiqe22cwh0q96yxoli8/edit?gid=1790385619#gid=1790385649,pass,proximate
(ad)06ea,21.0,,63,8.0,2024-11-10 15:10:00,maplewood,grape stem,grapes,volatile solids,% total weight,7.09,2,pass,uc combined protocol,fail,proximate
(ad)4b5c,21.0,,63,8.0,2024-11-10 15:10:00,maplewood,grape stem,grapes,total solids,% total weight,85.33,2,pass,uc combined protocol,fail,proximate
(ad)52d3,21.0,,63,8.0,2024-11-10 15:10:00,maplewood,grape stem,grapes,volatile solids,% total weight,6.87,1,pass,uc combined protocol,fail,proximate
(ad)64bb,21.0,,63,8.0,2024-11-10 15:10:00,maplewood,grape stem,grapes,volatile solids,% total weight,7.56,3,pass,uc combined protocol,fail,proximate
(ad)e383,21.0,,63,8.0,2024-11-10 15:10:00,maplewood,grape stem,grapes,total solids,% total weight,84.44,3,pass,uc combined protocol,fail,proximate
(ad)e544,21.0,,63,8.0,2024-11-10 15:10:00,maplewood,grape stem,grapes,total solids,% total weight,85.69,1,pass,uc combined protocol,fail,proximate
(b3)1211,8.0,,241,101.0,2026-03-03 09:00:00,thylacine,peach tree prunings,peaches,moisture,% total weight,24.01,2,pass,https://docs.google.com/spreadsheets/d/1ykp27j5lk8jvpdiqe22cwh0q96yxoli8/edit?gid=1790385619#gid=1790385620,pass,proximate
(b3)26d3,7.0,,149,76.0,2025-09-26 11:25:00,capstan,almond hulls,almonds,moisture,% total weight,14.24,1,pass,,,proximate
(b3)3c83,7.0,,149,76.0,2025-09-26 11:25:00,capstan,almond hulls,almonds,moisture,% total weight,14.24,2,pass,,,proximate
(b3)3d8e,8.0,,241,101.0,2026-03-03 09:00:00,thylacine,peach tree prunings,peaches,volatile solids,% total weight,71.91,1,pass,https://docs.google.com/spreadsheets/d/1ykp27j5lk8jvpdiqe22cwh0q96yxoli8/edit?gid=1790385619#gid=1790385628,pass,proximate
(b3)40aa,7.0,,149,76.0,2025-09-26 11:25:00,capstan,almond hulls,almonds,total solids,% total weight,85.76,2,pass,,,proximate
(b3)4af1,8.0,,241,101.0,2026-03-03 09:00:00,thylacine,peach tree prunings,peaches,total solids,% total weight,75.88,3,pass,https://docs.google.com/spreadsheets/d/1ykp27j5lk8jvpdiqe22cwh0q96yxoli8/edit?gid=1790385619#gid=1790385627,pass,proximate
(b3)4e73,8.0,,241,101.0,2026-03-03 09:00:00,thylacine,peach tree prunings,peaches,total solids,% total weight,74.31,1,pass,https://docs.google.com/spreadsheets/d/1ykp27j5lk8jvpdiqe22cwh0q96yxoli8/edit?gid=1790385619#gid=1790385625,pass,proximate
(b3)7030,7.0,,149,76.0,2025-09-26 11:25:00,capstan,almond hulls,almonds,ash,% total weight,9.09,3,pass,,,proximate
(b3)71d8,7.0,,149,76.0,2025-09-26 11:25:00,capstan,almond hulls,almonds,total solids,% total weight,85.81,3,pass,,,proximate
(b3)8e32,7.0,,149,76.0,2025-09-26 11:25:00,capstan,almond hulls,almonds,ash,% total weight,6.73,2,pass,,,proximate
(b3)91ee,7.0,,149,76.0,2025-09-26 11:25:00,capstan,almond hulls,almonds,volatile solids,% total weight,78.02,1,pass,,,proximate
(b3)a008,7.0,,149,76.0,2025-09-26 11:25:00,capstan,almond hulls,almonds,volatile solids,% total weight,76.71,3,pass,,,proximate
(b3)a081,8.0,,241,101.0,2026-03-03 09:00:00,thylacine,peach tree prunings,peaches,ash,% total weight,2.4,1,pass,https://docs.google.com/spreadsheets/d/1ykp27j5lk8jvpdiqe22cwh0q96yxoli8/edit?gid=1790385619#gid=1790385622,pass,proximate
(b3)a4cb,8.0,,241,101.0,2026-03-03 09:00:00,thylacine,peach tree prunings,peaches,volatile solids,% total weight,73.89,3,pass,https://docs.google.com/spreadsheets/d/1ykp27j5lk8jvpdiqe22cwh0q96yxoli8/edit?gid=1790385619#gid=1790385630,pass,proximate
(b3)a724,7.0,,149,76.0,2025-09-26 11:25:00,capstan,almond hulls,almonds,ash,% total weight,7.74,1,pass,,,proximate
(b3)aa7d,8.0,,241,101.0,2026-03-03 09:00:00,thylacine,peach tree prunings,peaches,moisture,% total weight,25.69,1,pass,https://docs.google.com/spreadsheets/d/1ykp27j5lk8jvpdiqe22cwh0q96yxoli8/edit?gid=1790385619#gid=1790385619,pass,proximate
(b3)b37d,8.0,,241,101.0,2026-03-03 09:00:00,thylacine,peach tree prunings,peaches,ash,% total weight,2.21,2,pass,https://docs.google.com/spreadsheets/d/1ykp27j5lk8jvpdiqe22cwh0q96yxoli8/edit?gid=1790385619#gid=1790385623,pass,proximate
(b3)c446,8.0,,241,101.0,2026-03-03 09:00:00,thylacine,peach tree prunings,peaches,volatile solids,% total weight,73.78,2,pass,https://docs.google.com/spreadsheets/d/1ykp27j5lk8jvpdiqe22cwh0q96yxoli8/edit?gid=1790385619#gid=1790385629,pass,proximate
(b3)ca3d,8.0,,241,101.0,2026-03-03 09:00:00,thylacine,peach tree prunings,peaches,moisture,% total weight,24.12,3,pass,https://docs.google.com/spreadsheets/d/1ykp27j5lk8jvpdiqe22cwh0q96yxoli8/edit?gid=1790385619#gid=1790385621,pass,proximate
(b3)cd95,8.0,,241,101.0,2026-03-03 09:00:00,thylacine,peach tree prunings,peaches,total solids,% total weight,75.99,2,pass,https://docs.google.com/spreadsheets/d/1ykp27j5lk8jvpdiqe22cwh0q96yxoli8/edit?gid=1790385619#gid=1790385626,pass,proximate
(b3)df00,8.0,,241,101.0,2026-03-03 09:00:00,thylacine,peach tree prunings,peaches,ash,% total weight,1.99,3,pass,https://docs.google.com/spreadsheets/d/1ykp27j5lk8jvpdiqe22cwh0q96yxoli8/edit?gid=1790385619#gid=1790385624,pass,proximate
(b3)fc9e,7.0,,149,76.0,2025-09-26 11:25:00,capstan,almond hulls,almonds,moisture,% total weight,14.19,3,pass,,,proximate
(b3)fe33,7.0,,149,76.0,2025-09-26 11:25:00,capstan,almond hulls,almonds,volatile solids,% total weight,79.03,2,pass,,,proximate
(b3)ffc6,7.0,,149,76.0,2025-09-26 11:25:00,capstan,almond hulls,almonds,total solids,% total weight,85.76,1,pass,,,proximate
(b5)0633,19.0,,40,15.0,2024-11-21 13:10:00,vibrant,almond branches,almonds,ash,% total weight,3.25,1,pass,,xkang2@lbl.gov,proximate
(b5)0e47,19.0,,40,15.0,2024-11-21 13:10:00,vibrant,almond branches,almonds,moisture,% total weight,9.14,2,pass,,xkang2@lbl.gov,proximate
(b5)132e,20.0,,175,90.0,2025-10-28 10:53:00,cutaway,walnut shelling fines,walnuts,volatile solids,% total weight,85.83,3,pass,,,proximate
(b5)1375,20.0,,175,90.0,2025-10-28 10:53:00,cutaway,walnut shelling fines,walnuts,moisture,% total weight,11.2,2,pass,,,proximate
(b5)17da,20.0,,175,90.0,2025-10-28 10:53:00,cutaway,walnut shelling fines,walnuts,total solids,% total weight,88.83,1,pass,,,proximate
(b5)2804,20.0,,175,90.0,2025-10-28 10:53:00,cutaway,walnut shelling fines,walnuts,moisture,% total weight,11.17,1,pass,,,proximate
(b5)2b8d,19.0,,40,15.0,2024-11-21 13:10:00,vibrant,almond branches,almonds,total solids,% total weight,90.78,1,pass,,xkang2@lbl.gov,proximate
(b5)2bd9,19.0,,40,15.0,2024-11-21 13:10:00,vibrant,almond branches,almonds,moisture,% total weight,9.22,1,pass,,xkang2@lbl.gov,proximate
(b5)3236,20.0,,175,90.0,2025-10-28 10:53:00,cutaway,walnut shelling fines,walnuts,moisture,% total weight,11.16,3,pass,,,proximate
(b5)4181,20.0,,175,90.0,2025-10-28 10:53:00,cutaway,walnut shelling fines,walnuts,ash,% total weight,3.13,2,pass,,,proximate
(b5)4ddb,19.0,,40,15.0,2024-11-21 13:10:00,vibrant,almond branches,almonds,volatile solids,% total weight,87.81,3,pass,,xkang2@lbl.gov,proximate
(b5)52ea,19.0,,40,15.0,2024-11-21 13:10:00,vibrant,almond branches,almonds,total solids,% total weight,90.82,3,pass,,xkang2@lbl.gov,proximate
(b5)62c5,19.0,,40,15.0,2024-11-21 13:10:00,vibrant,almond branches,almonds,total solids,% total weight,90.86,2,pass,,xkang2@lbl.gov,proximate
(b5)6a31,19.0,,40,15.0,2024-11-21 13:10:00,vibrant,almond branches,almonds,moisture,% total weight,9.18,3,pass,,xkang2@lbl.gov,proximate
(b5)7900,20.0,,175,90.0,2025-10-28 10:53:00,cutaway,walnut shelling fines,walnuts,total solids,% total weight,88.84,3,pass,,,proximate
(b5)889c,20.0,,175,90.0,2025-10-28 10:53:00,cutaway,walnut shelling fines,walnuts,volatile solids,% total weight,85.67,2,pass,,,proximate
(b5)92df,20.0,,175,90.0,2025-10-28 10:53:00,cutaway,walnut shelling fines,walnuts,total solids,% total weight,88.8,2,pass,,,proximate
(b5)ba9a,20.0,,175,90.0,2025-10-28 10:53:00,cutaway,walnut shelling fines,walnuts,ash,% total weight,3.19,1,pass,,,proximate
(b5)c2b4,20.0,,175,90.0,2025-10-28 10:53:00,cutaway,walnut shelling fines,walnuts,volatile solids,% total weight,85.64,1,pass,,,proximate
(b5)c7ac,19.0,,40,15.0,2024-11-21 13:10:00,vibrant,almond branches,almonds,ash,% total weight,3.22,2,pass,,xkang2@lbl.gov,proximate
(b5)cf5f,20.0,,175,90.0,2025-10-28 10:53:00,cutaway,walnut shelling fines,walnuts,ash,% total weight,3.01,3,pass,,,proximate
(b5)d48f,19.0,,40,15.0,2024-11-21 13:10:00,vibrant,almond branches,almonds,ash,% total weight,3.01,3,pass,,xkang2@lbl.gov,proximate
(b5)dc2a,19.0,,40,15.0,2024-11-21 13:10:00,vibrant,almond branches,almonds,volatile solids,% total weight,87.53,1,pass,,xkang2@lbl.gov,proximate
(b5)ff81,19.0,,40,15.0,2024-11-21 13:10:00,vibrant,almond branches,almonds,volatile solids,% total weight,87.64,2,pass,,xkang2@lbl.gov,proximate
(b6)30c2,1.0,,12,1.0,2024-09-09 15:00:00,riverstone,tomato pomace,tomatoes for processing,volatile solids,% total weight,33.22,1,pass,,xkang2@lbl.gov,proximate
(b6)423c,1.0,,12,1.0,2024-09-09 15:00:00,riverstone,tomato pomace,tomatoes for processing,total solids,% total weight,34.03,3,pass,,xkang2@lbl.gov,proximate
(b6)7969,1.0,,12,1.0,2024-09-09 15:00:00,riverstone,tomato pomace,tomatoes for processing,volatile solids,% total weight,33.05,3,pass,,xkang2@lbl.gov,proximate
(b6)8362,1.0,,12,1.0,2024-09-09 15:00:00,riverstone,tomato pomace,tomatoes for processing,moisture,% total weight,65.97,3,pass,,xkang2@lbl.gov,proximate
(b6)90d0,1.0,,12,1.0,2024-09-09 15:00:00,riverstone,tomato pomace,tomatoes for processing,ash,% total weight,0.94,2,pass,,xkang2@lbl.gov,proximate
(b6)9e89,1.0,,12,1.0,2024-09-09 15:00:00,riverstone,tomato pomace,tomatoes for processing,total solids,% total weight,34.21,1,pass,,xkang2@lbl.gov,proximate
(b6)d6bd,1.0,,12,1.0,2024-09-09 15:00:00,riverstone,tomato pomace,tomatoes for processing,ash,% total weight,0.98,3,pass,,xkang2@lbl.gov,proximate
(b6)e484,1.0,,12,1.0,2024-09-09 15:00:00,riverstone,tomato pomace,tomatoes for processing,volatile solids,% total weight,32.08,2,pass,,xkang2@lbl.gov,proximate
(b6)e6b5,1.0,,12,1.0,2024-09-09 15:00:00,riverstone,tomato pomace,tomatoes for processing,moisture,% total weight,66.98,2,pass,,xkang2@lbl.gov,proximate
(b6)ef37,1.0,,12,1.0,2024-09-09 15:00:00,riverstone,tomato pomace,tomatoes for processing,ash,% total weight,0.99,1,pass,,xkang2@lbl.gov,proximate
(b6)f28f,1.0,,12,1.0,2024-09-09 15:00:00,riverstone,tomato pomace,tomatoes for processing,total solids,% total weight,33.02,2,pass,,xkang2@lbl.gov,proximate
(b6)fd74,1.0,,12,1.0,2024-09-09 15:00:00,riverstone,tomato pomace,tomatoes for processing,moisture,% total weight,65.79,1,pass,,xkang2@lbl.gov,proximate
(b7)022b,7.0,,154,77.0,2025-09-26 11:30:00,capstan,almond hulls,almonds,moisture,% total weight,11.26,1,pass,,,proximate
(b7)1b12,7.0,,154,77.0,2025-09-26 11:30:00,capstan,almond hulls,almonds,total solids,% total weight,88.76,2,pass,,,proximate
(b7)1ef0,7.0,,154,77.0,2025-09-26 11:30:00,capstan,almond hulls,almonds,volatile solids,% total weight,81.12,3,pass,,,proximate
(b7)336b,7.0,,154,77.0,2025-09-26 11:30:00,capstan,almond hulls,almonds,moisture,% total weight,11.24,2,pass,,,proximate
(b7)3f0a,7.0,,154,77.0,2025-09-26 11:30:00,capstan,almond hulls,almonds,ash,% total weight,6.3,2,pass,,,proximate
(b7)4f88,7.0,,154,77.0,2025-09-26 11:30:00,capstan,almond hulls,almonds,ash,% total weight,6.0,1,pass,,,proximate
(b7)6a6a,7.0,,154,77.0,2025-09-26 11:30:00,capstan,almond hulls,almonds,volatile solids,% total weight,82.74,1,pass,,,proximate
(b7)922e,7.0,,154,77.0,2025-09-26 11:30:00,capstan,almond hulls,almonds,ash,% total weight,7.64,3,pass,,,proximate
(b7)be6f,7.0,,154,77.0,2025-09-26 11:30:00,capstan,almond hulls,almonds,volatile solids,% total weight,82.45,2,pass,,,proximate
(b7)d205,7.0,,154,77.0,2025-09-26 11:30:00,capstan,almond hulls,almonds,total solids,% total weight,88.74,1,pass,,,proximate
(b7)dfa9,7.0,,154,77.0,2025-09-26 11:30:00,capstan,almond hulls,almonds,moisture,% total weight,11.24,3,pass,,,proximate
(b7)ee55,7.0,,154,77.0,2025-09-26 11:30:00,capstan,almond hulls,almonds,total solids,% total weight,88.76,3,pass,,,proximate
(b8)013c,22.0,,79,37.0,2025-06-30 12:30:00,possessive,alfalfa,hay - alfalfa,moisture,% total weight,10.51,3,pass,,xkang2@lbl.gov,proximate
(b8)1fc5,22.0,,79,37.0,2025-06-30 12:30:00,possessive,alfalfa,hay - alfalfa,total solids,% total weight,89.49,3,pass,,xkang2@lbl.gov,proximate
(b8)3851,22.0,,79,37.0,2025-06-30 12:30:00,possessive,alfalfa,hay - alfalfa,ash,% total weight,8.0,2,pass,,xkang2@lbl.gov,proximate
(b8)4c2d,22.0,,79,37.0,2025-06-30 12:30:00,possessive,alfalfa,hay - alfalfa,moisture,% total weight,10.61,1,pass,,xkang2@lbl.gov,proximate
(b8)54ca,22.0,,79,37.0,2025-06-30 12:30:00,possessive,alfalfa,hay - alfalfa,total solids,% total weight,89.26,2,pass,,xkang2@lbl.gov,proximate
(b8)9fd3,22.0,,79,37.0,2025-06-30 12:30:00,possessive,alfalfa,hay - alfalfa,volatile solids,% total weight,79.81,1,pass,,xkang2@lbl.gov,proximate
(b8)a597,22.0,,79,37.0,2025-06-30 12:30:00,possessive,alfalfa,hay - alfalfa,total solids,% total weight,89.39,1,pass,,xkang2@lbl.gov,proximate
(b8)a682,22.0,,79,37.0,2025-06-30 12:30:00,possessive,alfalfa,hay - alfalfa,ash,% total weight,9.58,1,pass,,xkang2@lbl.gov,proximate
(b8)aaf9,22.0,,79,37.0,2025-06-30 12:30:00,possessive,alfalfa,hay - alfalfa,moisture,% total weight,10.74,2,pass,,xkang2@lbl.gov,proximate
(b8)b92c,22.0,,79,37.0,2025-06-30 12:30:00,possessive,alfalfa,hay - alfalfa,volatile solids,% total weight,81.26,2,pass,,xkang2@lbl.gov,proximate
(b8)c611,22.0,,79,37.0,2025-06-30 12:30:00,possessive,alfalfa,hay - alfalfa,ash,% total weight,8.18,3,pass,,xkang2@lbl.gov,proximate
(b8)fd1c,22.0,,79,37.0,2025-06-30 12:30:00,possessive,alfalfa,hay - alfalfa,volatile solids,% total weight,81.31,3,pass,,xkang2@lbl.gov,proximate
(bd)0153,2.0,,106,50.0,2025-08-21 14:15:00,gainful,tomato pomace,tomatoes for processing,volatile solids,% total weight,30.19,1,pass,,,proximate
(bd)06b4,2.0,,106,50.0,2025-08-21 14:15:00,gainful,tomato pomace,tomatoes for processing,volatile solids,% total weight,30.47,3,pass,,,proximate
(bd)0b70,2.0,,106,50.0,2025-08-21 14:15:00,gainful,tomato pomace,tomatoes for processing,moisture,% total weight,68.76,1,pass,,,proximate
(bd)0da9,2.0,,106,50.0,2025-08-21 14:15:00,gainful,tomato pomace,tomatoes for processing,moisture,% total weight,68.93,2,pass,,,proximate
(bd)37c2,2.0,,106,50.0,2025-08-21 14:15:00,gainful,tomato pomace,tomatoes for processing,total solids,% total weight,31.24,1,pass,,,proximate
(bd)4a81,2.0,,106,50.0,2025-08-21 14:15:00,gainful,tomato pomace,tomatoes for processing,total solids,% total weight,31.56,3,pass,,,proximate
(bd)6585,2.0,,106,50.0,2025-08-21 14:15:00,gainful,tomato pomace,tomatoes for processing,ash,% total weight,1.06,2,pass,,,proximate
(bd)88c2,2.0,,106,50.0,2025-08-21 14:15:00,gainful,tomato pomace,tomatoes for processing,total solids,% total weight,31.07,2,pass,,,proximate
(bd)a328,2.0,,106,50.0,2025-08-21 14:15:00,gainful,tomato pomace,tomatoes for processing,ash,% total weight,1.09,3,pass,,,proximate
(bd)ad61,2.0,,106,50.0,2025-08-21 14:15:00,gainful,tomato pomace,tomatoes for processing,ash,% total weight,1.05,1,pass,,,proximate
(bd)d518,2.0,,106,50.0,2025-08-21 14:15:00,gainful,tomato pomace,tomatoes for processing,moisture,% total weight,68.44,3,pass,,,proximate
(bd)d85b,2.0,,106,50.0,2025-08-21 14:15:00,gainful,tomato pomace,tomatoes for processing,volatile solids,% total weight,30.01,2,pass,,,proximate
(be)09db,23.0,,178,92.0,2025-11-04 17:22:00,excellent,olive pomace,olives - processing,total solids,% total weight,27.95,2,pass,,,proximate
(be)0c30,23.0,,178,92.0,2025-11-04 17:22:00,excellent,olive pomace,olives - processing,ash,% total weight,2.15,3,pass,,,proximate
(be)1570,12.0,,156,82.0,2025-10-11 11:00:00,possessive,corn stover whole,corn - all,ash,% total weight,11.01,3,pass,,,proximate
(be)28ae,12.0,,156,82.0,2025-10-11 11:00:00,possessive,corn stover whole,corn - all,total solids,% total weight,91.98,2,pass,,,proximate
(be)30c5,12.0,,156,82.0,2025-10-11 11:00:00,possessive,corn stover whole,corn - all,ash,% total weight,9.81,1,pass,,,proximate
(be)4edd,12.0,,156,82.0,2025-10-11 11:00:00,possessive,corn stover whole,corn - all,moisture,% total weight,7.93,3,pass,,,proximate
(be)5a90,23.0,,178,92.0,2025-11-04 17:22:00,excellent,olive pomace,olives - processing,volatile solids,% total weight,25.79,1,pass,,,proximate
(be)5c5d,12.0,,156,82.0,2025-10-11 11:00:00,possessive,corn stover whole,corn - all,volatile solids,% total weight,81.06,3,pass,,,proximate
(be)5cf6,12.0,,156,82.0,2025-10-11 11:00:00,possessive,corn stover whole,corn - all,total solids,% total weight,92.07,3,pass,,,proximate
(be)72fa,23.0,,178,92.0,2025-11-04 17:22:00,excellent,olive pomace,olives - processing,volatile solids,% total weight,25.87,2,pass,,,proximate
(be)848b,12.0,,156,82.0,2025-10-11 11:00:00,possessive,corn stover whole,corn - all,volatile solids,% total weight,82.26,1,pass,,,proximate
(be)91a5,23.0,,178,92.0,2025-11-04 17:22:00,excellent,olive pomace,olives - processing,ash,% total weight,2.08,2,pass,,,proximate
(be)91d3,23.0,,178,92.0,2025-11-04 17:22:00,excellent,olive pomace,olives - processing,ash,% total weight,2.09,1,pass,,,proximate
(be)b18d,12.0,,156,82.0,2025-10-11 11:00:00,possessive,corn stover whole,corn - all,moisture,% total weight,8.02,2,pass,,,proximate
(be)be17,23.0,,178,92.0,2025-11-04 17:22:00,excellent,olive pomace,olives - processing,moisture,% total weight,72.12,1,pass,,,proximate
(be)c432,23.0,,178,92.0,2025-11-04 17:22:00,excellent,olive pomace,olives - processing,total solids,% total weight,27.88,1,pass,,,proximate
(be)d5ca,12.0,,156,82.0,2025-10-11 11:00:00,possessive,corn stover whole,corn - all,moisture,% total weight,7.93,1,pass,,,proximate
(be)dadf,23.0,,178,92.0,2025-11-04 17:22:00,excellent,olive pomace,olives - processing,moisture,% total weight,72.05,2,pass,,,proximate
(be)deb0,23.0,,178,92.0,2025-11-04 17:22:00,excellent,olive pomace,olives - processing,moisture,% total weight,72.36,3,pass,,,proximate
(be)e2ee,12.0,,156,82.0,2025-10-11 11:00:00,possessive,corn stover whole,corn - all,volatile solids,% total weight,83.91,2,pass,,,proximate
(be)e487,12.0,,156,82.0,2025-10-11 11:00:00,possessive,corn stover whole,corn - all,total solids,% total weight,92.07,1,pass,,,proximate
(be)e5fc,23.0,,178,92.0,2025-11-04 17:22:00,excellent,olive pomace,olives - processing,volatile solids,% total weight,25.49,3,pass,,,proximate
(be)fcd7,12.0,,156,82.0,2025-10-11 11:00:00,possessive,corn stover whole,corn - all,ash,% total weight,8.07,2,pass,,,proximate
(be)ff01,23.0,,178,92.0,2025-11-04 17:22:00,excellent,olive pomace,olives - processing,total solids,% total weight,27.64,3,pass,,,proximate
(c1)0355,2.0,,104,48.0,2025-08-21 11:25:00,pinecrest,tomato pomace,tomatoes for processing,total solids,% total weight,19.99,3,pass,,,proximate
(c1)07d7,19.0,,54,19.0,2024-11-21 16:10:00,popular,almond woodchips,almonds,total solids,% total weight,91.41,2,pass,,xkang2@lbl.gov,proximate
(c1)0933,21.0,,54,19.0,2024-11-21 16:10:00,popular,almond woodchips,almonds,total solids,% total weight,95.56,2,pass,uc combined protocol,pass,proximate
(c1)0a99,19.0,,54,19.0,2024-11-21 16:10:00,popular,almond woodchips,almonds,moisture,% total weight,8.59,2,pass,,xkang2@lbl.gov,proximate
(c1)0aaf,19.0,,54,19.0,2024-11-21 16:10:00,popular,almond woodchips,almonds,moisture,% total weight,8.52,1,pass,,xkang2@lbl.gov,proximate
(c1)0f89,2.0,,104,48.0,2025-08-21 11:25:00,pinecrest,tomato pomace,tomatoes for processing,ash,% total weight,1.08,3,pass,,,proximate
(c1)0fbc,2.0,,104,48.0,2025-08-21 11:25:00,pinecrest,tomato pomace,tomatoes for processing,moisture,% total weight,80.01,3,pass,,,proximate
(c1)1c94,2.0,,104,48.0,2025-08-21 11:25:00,pinecrest,tomato pomace,tomatoes for processing,total solids,% total weight,20.37,1,pass,,,proximate
(c1)1d19,19.0,,54,19.0,2024-11-21 16:10:00,popular,almond woodchips,almonds,ash,% total weight,2.08,2,pass,,xkang2@lbl.gov,proximate
(c1)269e,21.0,,54,19.0,2024-11-21 16:10:00,popular,almond woodchips,almonds,volatile solids,% total weight,2.15,3,pass,uc combined protocol,pass,proximate
(c1)2d9c,19.0,,54,19.0,2024-11-21 16:10:00,popular,almond woodchips,almonds,moisture,% total weight,8.51,3,pass,,xkang2@lbl.gov,proximate
(c1)3aa5,19.0,,54,19.0,2024-11-21 16:10:00,popular,almond woodchips,almonds,volatile solids,% total weight,89.33,1,pass,,xkang2@lbl.gov,proximate
(c1)3b02,21.0,,54,19.0,2024-11-21 16:10:00,popular,almond woodchips,almonds,total solids,% total weight,95.63,1,pass,uc combined protocol,pass,proximate
(c1)49aa,21.0,,54,19.0,2024-11-21 16:10:00,popular,almond woodchips,almonds,ash,% total weight,2.07,3,pass,uc combined protocol,,proximate
(c1)531c,19.0,,54,19.0,2024-11-21 16:10:00,popular,almond woodchips,almonds,total solids,% total weight,91.48,1,pass,,xkang2@lbl.gov,proximate
(c1)565f,19.0,,54,19.0,2024-11-21 16:10:00,popular,almond woodchips,almonds,volatile solids,% total weight,89.32,3,pass,,xkang2@lbl.gov,proximate
(c1)5a94,2.0,,104,48.0,2025-08-21 11:25:00,pinecrest,tomato pomace,tomatoes for processing,volatile solids,% total weight,18.92,3,pass,,,proximate
(c1)5ea9,21.0,,54,19.0,2024-11-21 16:10:00,popular,almond woodchips,almonds,total solids,% total weight,95.78,3,pass,uc combined protocol,pass,proximate
(c1)6548,2.0,,104,48.0,2025-08-21 11:25:00,pinecrest,tomato pomace,tomatoes for processing,volatile solids,% total weight,19.29,1,pass,,,proximate
(c1)6de6,21.0,,54,19.0,2024-11-21 16:10:00,popular,almond woodchips,almonds,volatile solids,% total weight,2.29,2,pass,uc combined protocol,pass,proximate
(c1)7d12,21.0,,54,19.0,2024-11-21 16:10:00,popular,almond woodchips,almonds,ash,% total weight,2.15,1,pass,uc combined protocol,,proximate
(c1)9e66,19.0,,54,19.0,2024-11-21 16:10:00,popular,almond woodchips,almonds,total solids,% total weight,91.49,3,pass,,xkang2@lbl.gov,proximate
(c1)a373,2.0,,104,48.0,2025-08-21 11:25:00,pinecrest,tomato pomace,tomatoes for processing,moisture,% total weight,80.22,2,pass,,,proximate
(c1)bc11,2.0,,104,48.0,2025-08-21 11:25:00,pinecrest,tomato pomace,tomatoes for processing,total solids,% total weight,19.78,2,pass,,,proximate
(c1)bf44,2.0,,104,48.0,2025-08-21 11:25:00,pinecrest,tomato pomace,tomatoes for processing,ash,% total weight,1.07,1,pass,,,proximate
(c1)c0b8,21.0,,54,19.0,2024-11-21 16:10:00,popular,almond woodchips,almonds,volatile solids,% total weight,2.21,1,pass,uc combined protocol,pass,proximate
(c1)c692,2.0,,104,48.0,2025-08-21 11:25:00,pinecrest,tomato pomace,tomatoes for processing,ash,% total weight,1.04,2,pass,,,proximate
(c1)d3f4,2.0,,104,48.0,2025-08-21 11:25:00,pinecrest,tomato pomace,tomatoes for processing,volatile solids,% total weight,18.73,2,pass,,,proximate
(c1)db8b,19.0,,54,19.0,2024-11-21 16:10:00,popular,almond woodchips,almonds,volatile solids,% total weight,89.33,2,pass,,xkang2@lbl.gov,proximate
(c1)e0aa,21.0,,54,19.0,2024-11-21 16:10:00,popular,almond woodchips,almonds,ash,% total weight,2.16,2,pass,uc combined protocol,,proximate
(c1)f2e1,2.0,,104,48.0,2025-08-21 11:25:00,pinecrest,tomato pomace,tomatoes for processing,moisture,% total weight,79.63,1,pass,,,proximate
(c1)f3bd,19.0,,54,19.0,2024-11-21 16:10:00,popular,almond woodchips,almonds,ash,% total weight,2.15,1,pass,,xkang2@lbl.gov,proximate
(c1)f82f,21.0,,54,19.0,2024-11-21 16:10:00,popular,almond woodchips,almonds,moisture,% total weight,3.1,1,pass,uc combined protocol,,proximate
(c1)fd3d,19.0,,54,19.0,2024-11-21 16:10:00,popular,almond woodchips,almonds,ash,% total weight,2.17,3,pass,,xkang2@lbl.gov,proximate
(c4)0424,21.0,,29,11.0,2024-11-10 15:40:00,maplewood,unused oak stick,grapes,moisture,% total weight,1.9,1,pass,uc combined protocol,,proximate
(c4)08a8,21.0,,29,11.0,2024-11-10 15:40:00,maplewood,unused oak stick,grapes,volatile solids,% total weight,10.8,2,pass,uc combined protocol,pass,proximate
(c4)29ca,21.0,,29,11.0,2024-11-10 15:40:00,maplewood,unused oak stick,grapes,volatile solids,% total weight,9.25,1,pass,uc combined protocol,pass,proximate
(c4)2c69,4.0,,29,11.0,2024-11-10 15:40:00,maplewood,unused oak stick,grapes,ash,% total weight,0.17,2,pass,,xkang2@lbl.gov,proximate
(c4)3411,21.0,,29,11.0,2024-11-10 15:40:00,maplewood,unused oak stick,grapes,total solids,% total weight,89.99,3,pass,uc combined protocol,pass,proximate
(c4)370c,4.0,,29,11.0,2024-11-10 15:40:00,maplewood,unused oak stick,grapes,moisture,% total weight,1.35,3,pass,,xkang2@lbl.gov,proximate
(c4)3d57,21.0,,29,11.0,2024-11-10 15:40:00,maplewood,unused oak stick,grapes,ash,% total weight,0.21,3,pass,uc combined protocol,,proximate
(c4)48ba,21.0,,29,11.0,2024-11-10 15:40:00,maplewood,unused oak stick,grapes,volatile solids,% total weight,9.8,3,pass,uc combined protocol,pass,proximate
(c4)4fd8,21.0,,29,11.0,2024-11-10 15:40:00,maplewood,unused oak stick,grapes,ash,% total weight,0.13,2,pass,uc combined protocol,,proximate
(c4)654a,4.0,,29,11.0,2024-11-10 15:40:00,maplewood,unused oak stick,grapes,moisture,% total weight,1.44,2,pass,,xkang2@lbl.gov,proximate
(c4)7906,4.0,,29,11.0,2024-11-10 15:40:00,maplewood,unused oak stick,grapes,moisture,% total weight,1.43,1,pass,,xkang2@lbl.gov,proximate
(c4)821f,21.0,,29,11.0,2024-11-10 15:40:00,maplewood,unused oak stick,grapes,total solids,% total weight,89.06,2,pass,uc combined protocol,pass,proximate
(c4)8229,4.0,,29,11.0,2024-11-10 15:40:00,maplewood,unused oak stick,grapes,volatile solids,% total weight,98.62,3,pass,,xkang2@lbl.gov,proximate
(c4)95d4,4.0,,29,11.0,2024-11-10 15:40:00,maplewood,unused oak stick,grapes,total solids,% total weight,98.65,3,pass,,xkang2@lbl.gov,proximate
(c4)aa4e,21.0,,29,11.0,2024-11-10 15:40:00,maplewood,unused oak stick,grapes,total solids,% total weight,90.61,1,pass,uc combined protocol,pass,proximate
(c4)af5d,21.0,,29,11.0,2024-11-10 15:40:00,maplewood,unused oak stick,grapes,ash,% total weight,0.14,1,pass,uc combined protocol,,proximate
(c4)bed1,4.0,,29,11.0,2024-11-10 15:40:00,maplewood,unused oak stick,grapes,total solids,% total weight,98.56,2,pass,,xkang2@lbl.gov,proximate
(c4)c0c2,4.0,,29,11.0,2024-11-10 15:40:00,maplewood,unused oak stick,grapes,volatile solids,% total weight,98.39,2,pass,,xkang2@lbl.gov,proximate
(c4)db74,4.0,,29,11.0,2024-11-10 15:40:00,maplewood,unused oak stick,grapes,total solids,% total weight,98.57,1,pass,,xkang2@lbl.gov,proximate
(c4)eab8,4.0,,29,11.0,2024-11-10 15:40:00,maplewood,unused oak stick,grapes,volatile solids,% total weight,98.54,1,pass,,xkang2@lbl.gov,proximate
(c4)f2e8,4.0,,29,11.0,2024-11-10 15:40:00,maplewood,unused oak stick,grapes,ash,% total weight,0.03,1,pass,,xkang2@lbl.gov,proximate
(c4)fce1,4.0,,29,11.0,2024-11-10 15:40:00,maplewood,unused oak stick,grapes,ash,% total weight,0.03,3,pass,,xkang2@lbl.gov,proximate
(c5)03cc,4.0,,27,10.0,2024-11-10 15:30:00,maplewood,spent oak chips,grapes,moisture,% total weight,10.4,3,pass,,xkang2@lbl.gov,proximate
(c5)1f33,4.0,,27,10.0,2024-11-10 15:30:00,maplewood,spent oak chips,grapes,moisture,% total weight,10.79,2,pass,,xkang2@lbl.gov,proximate
(c5)24ec,4.0,,27,10.0,2024-11-10 15:30:00,maplewood,spent oak chips,grapes,total solids,% total weight,89.21,2,pass,,xkang2@lbl.gov,proximate
(c5)256d,21.0,,27,10.0,2024-11-10 15:30:00,maplewood,spent oak chips,grapes,total solids,% total weight,94.83,2,pass,uc combined protocol,pass,proximate
(c5)25fb,21.0,,27,10.0,2024-11-10 15:30:00,maplewood,spent oak chips,grapes,ash,% total weight,0.65,2,pass,uc combined protocol,,proximate
(c5)2aba,4.0,,27,10.0,2024-11-10 15:30:00,maplewood,spent oak chips,grapes,ash,% total weight,0.59,2,pass,,xkang2@lbl.gov,proximate
(c5)3797,21.0,,27,10.0,2024-11-10 15:30:00,maplewood,spent oak chips,grapes,moisture,% total weight,2.45,1,pass,uc combined protocol,,proximate
(c5)38cf,4.0,,27,10.0,2024-11-10 15:30:00,maplewood,spent oak chips,grapes,volatile solids,% total weight,88.62,2,pass,,xkang2@lbl.gov,proximate
(c5)4f3a,4.0,,27,10.0,2024-11-10 15:30:00,maplewood,spent oak chips,grapes,ash,% total weight,0.6,3,pass,,xkang2@lbl.gov,proximate
(c5)8d66,4.0,,27,10.0,2024-11-10 15:30:00,maplewood,spent oak chips,grapes,total solids,% total weight,90.12,1,pass,,xkang2@lbl.gov,proximate
(c5)92ea,21.0,,27,10.0,2024-11-10 15:30:00,maplewood,spent oak chips,grapes,volatile solids,% total weight,2.08,1,pass,uc combined protocol,pass,proximate
(c5)954b,4.0,,27,10.0,2024-11-10 15:30:00,maplewood,spent oak chips,grapes,volatile solids,% total weight,89.0,3,pass,,xkang2@lbl.gov,proximate
(c5)a54b,21.0,,27,10.0,2024-11-10 15:30:00,maplewood,spent oak chips,grapes,volatile solids,% total weight,4.52,2,pass,uc combined protocol,pass,proximate
(c5)c7bb,21.0,,27,10.0,2024-11-10 15:30:00,maplewood,spent oak chips,grapes,volatile solids,% total weight,3.98,3,pass,uc combined protocol,pass,proximate
(c5)cbce,21.0,,27,10.0,2024-11-10 15:30:00,maplewood,spent oak chips,grapes,total solids,% total weight,97.43,1,pass,uc combined protocol,pass,proximate
(c5)cff6,4.0,,27,10.0,2024-11-10 15:30:00,maplewood,spent oak chips,grapes,total solids,% total weight,89.6,3,pass,,xkang2@lbl.gov,proximate
(c5)d04b,4.0,,27,10.0,2024-11-10 15:30:00,maplewood,spent oak chips,grapes,volatile solids,% total weight,89.52,1,pass,,xkang2@lbl.gov,proximate
(c5)d156,21.0,,27,10.0,2024-11-10 15:30:00,maplewood,spent oak chips,grapes,ash,% total weight,0.5,1,pass,uc combined protocol,,proximate
(c5)d419,21.0,,27,10.0,2024-11-10 15:30:00,maplewood,spent oak chips,grapes,total solids,% total weight,95.43,3,pass,uc combined protocol,pass,proximate
(c5)e0f8,4.0,,27,10.0,2024-11-10 15:30:00,maplewood,spent oak chips,grapes,ash,% total weight,0.6,1,pass,,xkang2@lbl.gov,proximate
(c5)e77c,21.0,,27,10.0,2024-11-10 15:30:00,maplewood,spent oak chips,grapes,ash,% total weight,0.59,3,pass,uc combined protocol,,proximate
(c5)f394,4.0,,27,10.0,2024-11-10 15:30:00,maplewood,spent oak chips,grapes,moisture,% total weight,9.88,1,pass,,xkang2@lbl.gov,proximate
(c7)0c5a,21.0,,53,15.0,2024-11-21 13:10:00,vibrant,almond branches,almonds,total solids,% total weight,92.81,1,pass,uc combined protocol,pass,proximate
(c7)360c,21.0,,53,15.0,2024-11-21 13:10:00,vibrant,almond branches,almonds,total solids,% total weight,93.03,2,pass,uc combined protocol,pass,proximate
(c7)67ba,21.0,,53,15.0,2024-11-21 13:10:00,vibrant,almond branches,almonds,volatile solids,% total weight,3.56,3,pass,uc combined protocol,pass,proximate
(c7)7b5b,21.0,,53,15.0,2024-11-21 13:10:00,vibrant,almond branches,almonds,moisture,% total weight,4.25,1,pass,uc combined protocol,,proximate
(c7)8704,21.0,,53,15.0,2024-11-21 13:10:00,vibrant,almond branches,almonds,volatile solids,% total weight,3.84,1,pass,uc combined protocol,pass,proximate
(c7)9da6,21.0,,53,15.0,2024-11-21 13:10:00,vibrant,almond branches,almonds,total solids,% total weight,93.3,3,pass,uc combined protocol,pass,proximate
(c7)af57,21.0,,53,15.0,2024-11-21 13:10:00,vibrant,almond branches,almonds,ash,% total weight,3.28,2,pass,uc combined protocol,,proximate
(c7)b27e,21.0,,53,15.0,2024-11-21 13:10:00,vibrant,almond branches,almonds,volatile solids,% total weight,3.69,2,pass,uc combined protocol,pass,proximate
(c7)b66b,21.0,,53,15.0,2024-11-21 13:10:00,vibrant,almond branches,almonds,ash,% total weight,3.34,1,pass,uc combined protocol,,proximate
(c7)b6cf,21.0,,53,15.0,2024-11-21 13:10:00,vibrant,almond branches,almonds,ash,% total weight,3.14,3,pass,uc combined protocol,,proximate
(ca)1450,12.0,,155,81.0,2025-10-11 10:00:00,possessive,rice straw,rice,total solids,% total weight,91.95,2,pass,,,proximate
(ca)15f5,12.0,,155,81.0,2025-10-11 10:00:00,possessive,rice straw,rice,moisture,% total weight,8.14,1,pass,,,proximate
(ca)3d4f,12.0,,155,81.0,2025-10-11 10:00:00,possessive,rice straw,rice,volatile solids,% total weight,78.88,2,pass,,,proximate
(ca)3f5f,12.0,,155,81.0,2025-10-11 10:00:00,possessive,rice straw,rice,volatile solids,% total weight,78.99,1,pass,,,proximate
(ca)44a4,12.0,,155,81.0,2025-10-11 10:00:00,possessive,rice straw,rice,ash,% total weight,12.86,1,pass,,,proximate
(ca)71a9,12.0,,155,81.0,2025-10-11 10:00:00,possessive,rice straw,rice,ash,% total weight,13.07,2,pass,,,proximate
(ca)7d3d,12.0,,155,81.0,2025-10-11 10:00:00,possessive,rice straw,rice,ash,% total weight,12.9,3,pass,,,proximate
(ca)c48a,12.0,,155,81.0,2025-10-11 10:00:00,possessive,rice straw,rice,total solids,% total weight,92.15,3,pass,,,proximate
(ca)defa,12.0,,155,81.0,2025-10-11 10:00:00,possessive,rice straw,rice,moisture,% total weight,8.05,2,pass,,,proximate
(ca)e58e,12.0,,155,81.0,2025-10-11 10:00:00,possessive,rice straw,rice,volatile solids,% total weight,79.25,3,pass,,,proximate
(ca)e6df,12.0,,155,81.0,2025-10-11 10:00:00,possessive,rice straw,rice,total solids,% total weight,91.86,1,pass,,,proximate
(ca)fd00,12.0,,155,81.0,2025-10-11 10:00:00,possessive,rice straw,rice,moisture,% total weight,7.85,3,pass,,,proximate
(ce)119d,12.0,,157,84.0,2025-10-13 11:30:00,schooner,cotton stem mix,cotton,volatile solids,% total weight,87.28,2,pass,,,proximate
(ce)1611,12.0,,157,84.0,2025-10-13 11:30:00,schooner,cotton stem mix,cotton,total solids,% total weight,95.14,1,pass,,,proximate
(ce)5cd7,12.0,,157,84.0,2025-10-13 11:30:00,schooner,cotton stem mix,cotton,ash,% total weight,7.82,1,pass,,,proximate
(ce)6f27,12.0,,157,84.0,2025-10-13 11:30:00,schooner,cotton stem mix,cotton,ash,% total weight,7.74,2,pass,,,proximate
(ce)7d13,12.0,,157,84.0,2025-10-13 11:30:00,schooner,cotton stem mix,cotton,moisture,% total weight,4.86,1,pass,,,proximate
(ce)99bc,12.0,,157,84.0,2025-10-13 11:30:00,schooner,cotton stem mix,cotton,total solids,% total weight,95.03,2,pass,,,proximate
(ce)b1b4,12.0,,157,84.0,2025-10-13 11:30:00,schooner,cotton stem mix,cotton,moisture,% total weight,4.97,2,pass,,,proximate
(ce)b9eb,12.0,,157,84.0,2025-10-13 11:30:00,schooner,cotton stem mix,cotton,ash,% total weight,7.82,3,pass,,,proximate
(ce)c5f7,12.0,,157,84.0,2025-10-13 11:30:00,schooner,cotton stem mix,cotton,volatile solids,% total weight,87.31,1,pass,,,proximate
(ce)c910,12.0,,157,84.0,2025-10-13 11:30:00,schooner,cotton stem mix,cotton,volatile solids,% total weight,87.23,3,pass,,,proximate
(ce)e2ab,12.0,,157,84.0,2025-10-13 11:30:00,schooner,cotton stem mix,cotton,moisture,% total weight,4.95,3,pass,,,proximate
(ce)f609,12.0,,157,84.0,2025-10-13 11:30:00,schooner,cotton stem mix,cotton,total solids,% total weight,95.05,3,pass,,,proximate
(d0)074b,11.0,,224,98.0,2026-02-13 11:45:00,badger,walnut tree sticks,walnuts,ash,% total weight,2.7,3,pass,https://docs.google.com/spreadsheets/d/1elqjbsy8pjasg8mwkhlqgbdzldr34wem/edit?gid=396354422#gid=396354439,pass,proximate
(d0)2b08,17.0,,120,54.0,2025-08-27 12:15:00,rigging,grape pomace,grapes,total solids,% total weight,48.14,3,pass,,,proximate
(d0)4f8b,11.0,,224,98.0,2026-02-13 11:45:00,badger,walnut tree sticks,walnuts,ash,% total weight,2.75,2,pass,https://docs.google.com/spreadsheets/d/1elqjbsy8pjasg8mwkhlqgbdzldr34wem/edit?gid=396354422#gid=396354438,pass,proximate
(d0)58a2,17.0,,120,54.0,2025-08-27 12:15:00,rigging,grape pomace,grapes,volatile solids,% total weight,46.75,1,pass,,,proximate
(d0)618a,17.0,,120,54.0,2025-08-27 12:15:00,rigging,grape pomace,grapes,ash,% total weight,2.78,2,pass,,,proximate
(d0)6928,17.0,,120,54.0,2025-08-27 12:15:00,rigging,grape pomace,grapes,ash,% total weight,1.85,1,pass,,,proximate
(d0)6f72,11.0,,224,98.0,2026-02-13 11:45:00,badger,walnut tree sticks,walnuts,ash,% total weight,2.61,1,pass,https://docs.google.com/spreadsheets/d/1elqjbsy8pjasg8mwkhlqgbdzldr34wem/edit?gid=396354422#gid=396354437,pass,proximate
(d0)78a2,11.0,,224,98.0,2026-02-13 11:45:00,badger,walnut tree sticks,walnuts,volatile solids,% total weight,59.87,2,pass,https://docs.google.com/spreadsheets/d/1elqjbsy8pjasg8mwkhlqgbdzldr34wem/edit?gid=396354422#gid=396354462,pass,proximate
(d0)84cc,17.0,,120,54.0,2025-08-27 12:15:00,rigging,grape pomace,grapes,volatile solids,% total weight,46.62,3,pass,,,proximate
(d0)9372,11.0,,224,98.0,2026-02-13 11:45:00,badger,walnut tree sticks,walnuts,moisture,% total weight,37.38,2,pass,https://docs.google.com/spreadsheets/d/1elqjbsy8pjasg8mwkhlqgbdzldr34wem/edit?gid=396354422#gid=396354426,pass,proximate
(d0)93ea,17.0,,120,54.0,2025-08-27 12:15:00,rigging,grape pomace,grapes,moisture,% total weight,51.86,3,pass,,,proximate
(d0)9423,11.0,,224,98.0,2026-02-13 11:45:00,badger,walnut tree sticks,walnuts,total solids,% total weight,62.38,3,pass,https://docs.google.com/spreadsheets/d/1elqjbsy8pjasg8mwkhlqgbdzldr34wem/edit?gid=396354422#gid=396354451,pass,proximate
(d0)95a6,17.0,,120,54.0,2025-08-27 12:15:00,rigging,grape pomace,grapes,moisture,% total weight,51.4,1,pass,,,proximate
(d0)afc7,17.0,,120,54.0,2025-08-27 12:15:00,rigging,grape pomace,grapes,moisture,% total weight,47.95,2,pass,,,proximate
(d0)b82a,17.0,,120,54.0,2025-08-27 12:15:00,rigging,grape pomace,grapes,total solids,% total weight,48.6,1,pass,,,proximate
(d0)c43e,17.0,,120,54.0,2025-08-27 12:15:00,rigging,grape pomace,grapes,ash,% total weight,1.52,3,pass,,,proximate
(d0)ccf4,11.0,,224,98.0,2026-02-13 11:45:00,badger,walnut tree sticks,walnuts,total solids,% total weight,59.68,1,pass,https://docs.google.com/spreadsheets/d/1elqjbsy8pjasg8mwkhlqgbdzldr34wem/edit?gid=396354422#gid=396354449,pass,proximate
(d0)cf11,17.0,,120,54.0,2025-08-27 12:15:00,rigging,grape pomace,grapes,volatile solids,% total weight,49.27,2,pass,,,proximate
(d0)d325,11.0,,224,98.0,2026-02-13 11:45:00,badger,walnut tree sticks,walnuts,total solids,% total weight,62.62,2,pass,https://docs.google.com/spreadsheets/d/1elqjbsy8pjasg8mwkhlqgbdzldr34wem/edit?gid=396354422#gid=396354450,pass,proximate
(d0)e8f8,11.0,,224,98.0,2026-02-13 11:45:00,badger,walnut tree sticks,walnuts,volatile solids,% total weight,57.07,1,pass,https://docs.google.com/spreadsheets/d/1elqjbsy8pjasg8mwkhlqgbdzldr34wem/edit?gid=396354422#gid=396354461,pass,proximate
(d0)eae5,17.0,,120,54.0,2025-08-27 12:15:00,rigging,grape pomace,grapes,total solids,% total weight,52.05,2,pass,,,proximate
(d0)eb1f,11.0,,224,98.0,2026-02-13 11:45:00,badger,walnut tree sticks,walnuts,volatile solids,% total weight,59.68,3,pass,https://docs.google.com/spreadsheets/d/1elqjbsy8pjasg8mwkhlqgbdzldr34wem/edit?gid=396354422#gid=396354463,pass,proximate
(d0)f364,11.0,,224,98.0,2026-02-13 11:45:00,badger,walnut tree sticks,walnuts,moisture,% total weight,40.32,1,pass,https://docs.google.com/spreadsheets/d/1elqjbsy8pjasg8mwkhlqgbdzldr34wem/edit?gid=396354422#gid=396354425,pass,proximate
(d0)fe39,11.0,,224,98.0,2026-02-13 11:45:00,badger,walnut tree sticks,walnuts,moisture,% total weight,37.62,3,pass,https://docs.google.com/spreadsheets/d/1elqjbsy8pjasg8mwkhlqgbdzldr34wem/edit?gid=396354422#gid=396354427,pass,proximate
(d2)032d,15.0,,24,9.0,2024-11-10 15:20:00,maplewood,spent yeast,grapes,moisture,% total weight,58.87,2,pass,,xkang2@lbl.gov,proximate
(d2)0450,2.0,,105,49.0,2025-08-21 13:15:00,gossamer,tomato pomace,tomatoes for processing,total solids,% total weight,49.22,3,pass,,,proximate
(d2)0e21,15.0,,24,9.0,2024-11-10 15:20:00,maplewood,spent yeast,grapes,volatile solids,% total weight,30.44,1,pass,,xkang2@lbl.gov,proximate
(d2)16b1,2.0,,105,49.0,2025-08-21 13:15:00,gossamer,tomato pomace,tomatoes for processing,volatile solids,% total weight,47.85,3,pass,,,proximate
(d2)225e,2.0,,105,49.0,2025-08-21 13:15:00,gossamer,tomato pomace,tomatoes for processing,volatile solids,% total weight,47.79,2,pass,,,proximate
(d2)2413,2.0,,105,49.0,2025-08-21 13:15:00,gossamer,tomato pomace,tomatoes for processing,moisture,% total weight,50.48,1,pass,,,proximate
(d2)272c,2.0,,105,49.0,2025-08-21 13:15:00,gossamer,tomato pomace,tomatoes for processing,moisture,% total weight,50.78,3,pass,,,proximate
(d2)3cb3,15.0,,24,9.0,2024-11-10 15:20:00,maplewood,spent yeast,grapes,total solids,% total weight,41.0,3,pass,,xkang2@lbl.gov,proximate
(d2)5b08,15.0,,24,9.0,2024-11-10 15:20:00,maplewood,spent yeast,grapes,moisture,% total weight,59.0,3,pass,,xkang2@lbl.gov,proximate
(d2)6530,2.0,,105,49.0,2025-08-21 13:15:00,gossamer,tomato pomace,tomatoes for processing,ash,% total weight,1.35,1,pass,,,proximate
(d2)7baf,2.0,,105,49.0,2025-08-21 13:15:00,gossamer,tomato pomace,tomatoes for processing,total solids,% total weight,49.17,2,pass,,,proximate
(d2)7df7,15.0,,24,9.0,2024-11-10 15:20:00,maplewood,spent yeast,grapes,ash,% total weight,10.37,1,pass,,xkang2@lbl.gov,proximate
(d2)80fc,15.0,,24,9.0,2024-11-10 15:20:00,maplewood,spent yeast,grapes,total solids,% total weight,41.13,2,pass,,xkang2@lbl.gov,proximate
(d2)8f44,15.0,,24,9.0,2024-11-10 15:20:00,maplewood,spent yeast,grapes,total solids,% total weight,40.81,1,pass,,xkang2@lbl.gov,proximate
(d2)96cd,2.0,,105,49.0,2025-08-21 13:15:00,gossamer,tomato pomace,tomatoes for processing,ash,% total weight,1.38,3,pass,,,proximate
(d2)a988,15.0,,24,9.0,2024-11-10 15:20:00,maplewood,spent yeast,grapes,ash,% total weight,9.81,3,pass,,xkang2@lbl.gov,proximate
(d2)b4e2,15.0,,24,9.0,2024-11-10 15:20:00,maplewood,spent yeast,grapes,volatile solids,% total weight,31.2,3,pass,,xkang2@lbl.gov,proximate
(d2)bd25,2.0,,105,49.0,2025-08-21 13:15:00,gossamer,tomato pomace,tomatoes for processing,volatile solids,% total weight,48.17,1,pass,,,proximate
(d2)bfe9,15.0,,24,9.0,2024-11-10 15:20:00,maplewood,spent yeast,grapes,ash,% total weight,9.73,2,pass,,xkang2@lbl.gov,proximate
(d2)d40c,2.0,,105,49.0,2025-08-21 13:15:00,gossamer,tomato pomace,tomatoes for processing,total solids,% total weight,49.52,1,pass,,,proximate
(d2)dc17,15.0,,24,9.0,2024-11-10 15:20:00,maplewood,spent yeast,grapes,moisture,% total weight,59.19,1,pass,,xkang2@lbl.gov,proximate
(d2)e469,2.0,,105,49.0,2025-08-21 13:15:00,gossamer,tomato pomace,tomatoes for processing,ash,% total weight,1.37,2,pass,,,proximate
(d2)ea45,15.0,,24,9.0,2024-11-10 15:20:00,maplewood,spent yeast,grapes,volatile solids,% total weight,31.4,2,pass,,xkang2@lbl.gov,proximate
(d2)ec13,2.0,,105,49.0,2025-08-21 13:15:00,gossamer,tomato pomace,tomatoes for processing,moisture,% total weight,50.83,2,pass,,,proximate
(d9)3bd6,14.0,,75,32.0,2025-02-06 14:00:00,hairpin,sargassum,sargassum,volatile solids,% total weight,10.44,3,pass,,xkang2@lbl.gov,proximate
(d9)4098,14.0,,75,32.0,2025-02-06 14:00:00,hairpin,sargassum,sargassum,ash,% total weight,8.71,3,pass,,xkang2@lbl.gov,proximate
(d9)5c9f,14.0,,75,32.0,2025-02-06 14:00:00,hairpin,sargassum,sargassum,moisture,% total weight,79.79,1,pass,,xkang2@lbl.gov,proximate
(d9)6b1f,14.0,,75,32.0,2025-02-06 14:00:00,hairpin,sargassum,sargassum,total solids,% total weight,20.21,1,pass,,xkang2@lbl.gov,proximate
(d9)8120,14.0,,75,32.0,2025-02-06 14:00:00,hairpin,sargassum,sargassum,total solids,% total weight,19.15,3,pass,,xkang2@lbl.gov,proximate
(d9)a817,14.0,,75,32.0,2025-02-06 14:00:00,hairpin,sargassum,sargassum,volatile solids,% total weight,10.77,1,pass,,xkang2@lbl.gov,proximate
(d9)ad79,14.0,,75,32.0,2025-02-06 14:00:00,hairpin,sargassum,sargassum,ash,% total weight,8.11,2,pass,,xkang2@lbl.gov,proximate
(d9)b18a,14.0,,75,32.0,2025-02-06 14:00:00,hairpin,sargassum,sargassum,volatile solids,% total weight,9.75,2,pass,,xkang2@lbl.gov,proximate
(d9)b75c,14.0,,75,32.0,2025-02-06 14:00:00,hairpin,sargassum,sargassum,moisture,% total weight,82.14,2,pass,,xkang2@lbl.gov,proximate
(d9)bcd7,14.0,,75,32.0,2025-02-06 14:00:00,hairpin,sargassum,sargassum,moisture,% total weight,80.85,3,pass,,xkang2@lbl.gov,proximate
(d9)cef0,14.0,,75,32.0,2025-02-06 14:00:00,hairpin,sargassum,sargassum,total solids,% total weight,17.86,2,pass,,xkang2@lbl.gov,proximate
(d9)d83b,14.0,,75,32.0,2025-02-06 14:00:00,hairpin,sargassum,sargassum,ash,% total weight,9.44,1,pass,,xkang2@lbl.gov,proximate
(da)026e,12.0,,153,85.0,2025-10-21 15:10:00,tripod,pistachio shells,pistachios,total solids,% total weight,91.23,3,pass,,,proximate
(da)0ac2,13.0,,82,38.0,2025-06-30 13:00:00,wardrobe,wheat straw,winter wheat,moisture,% total weight,5.68,3,pass,,xkang2@lbl.gov,proximate
(da)0c37,12.0,,153,85.0,2025-10-21 15:10:00,tripod,pistachio shells,pistachios,total solids,% total weight,91.24,1,pass,,,proximate
(da)1ee5,13.0,,82,38.0,2025-06-30 13:00:00,wardrobe,wheat straw,winter wheat,volatile solids,% total weight,83.02,3,pass,,xkang2@lbl.gov,proximate
(da)2c9e,12.0,,153,85.0,2025-10-21 15:10:00,tripod,pistachio shells,pistachios,ash,% total weight,0.66,2,pass,,,proximate
(da)49d3,13.0,,82,38.0,2025-06-30 13:00:00,wardrobe,wheat straw,winter wheat,ash,% total weight,11.31,3,pass,,xkang2@lbl.gov,proximate
(da)55c3,12.0,,153,85.0,2025-10-21 15:10:00,tripod,pistachio shells,pistachios,moisture,% total weight,8.74,2,pass,,,proximate
(da)5933,12.0,,153,85.0,2025-10-21 15:10:00,tripod,pistachio shells,pistachios,moisture,% total weight,8.77,3,pass,,,proximate
(da)5b54,13.0,,82,38.0,2025-06-30 13:00:00,wardrobe,wheat straw,winter wheat,volatile solids,% total weight,82.85,1,pass,,xkang2@lbl.gov,proximate
(da)62b6,13.0,,82,38.0,2025-06-30 13:00:00,wardrobe,wheat straw,winter wheat,total solids,% total weight,94.12,1,pass,,xkang2@lbl.gov,proximate
(da)66a0,13.0,,82,38.0,2025-06-30 13:00:00,wardrobe,wheat straw,winter wheat,moisture,% total weight,5.31,2,pass,,xkang2@lbl.gov,proximate
(da)6c4d,12.0,,153,85.0,2025-10-21 15:10:00,tripod,pistachio shells,pistachios,moisture,% total weight,8.76,1,pass,,,proximate
(da)74a7,13.0,,82,38.0,2025-06-30 13:00:00,wardrobe,wheat straw,winter wheat,ash,% total weight,11.27,1,pass,,xkang2@lbl.gov,proximate
(da)798b,13.0,,82,38.0,2025-06-30 13:00:00,wardrobe,wheat straw,winter wheat,total solids,% total weight,94.32,3,pass,,xkang2@lbl.gov,proximate
(da)8740,12.0,,153,85.0,2025-10-21 15:10:00,tripod,pistachio shells,pistachios,total solids,% total weight,91.26,2,pass,,,proximate
(da)8a0c,12.0,,153,85.0,2025-10-21 15:10:00,tripod,pistachio shells,pistachios,ash,% total weight,0.76,1,pass,,,proximate
(da)98c5,12.0,,153,85.0,2025-10-21 15:10:00,tripod,pistachio shells,pistachios,volatile solids,% total weight,90.57,3,pass,,,proximate
(da)9dea,12.0,,153,85.0,2025-10-21 15:10:00,tripod,pistachio shells,pistachios,volatile solids,% total weight,90.6,2,pass,,,proximate
(da)a93d,12.0,,153,85.0,2025-10-21 15:10:00,tripod,pistachio shells,pistachios,ash,% total weight,0.66,3,pass,,,proximate
(da)a9c1,12.0,,153,85.0,2025-10-21 15:10:00,tripod,pistachio shells,pistachios,volatile solids,% total weight,90.48,1,pass,,,proximate
(da)b8d0,13.0,,82,38.0,2025-06-30 13:00:00,wardrobe,wheat straw,winter wheat,volatile solids,% total weight,85.97,2,pass,,xkang2@lbl.gov,proximate
(da)ec02,13.0,,82,38.0,2025-06-30 13:00:00,wardrobe,wheat straw,winter wheat,moisture,% total weight,5.88,1,pass,,xkang2@lbl.gov,proximate
(da)f61e,13.0,,82,38.0,2025-06-30 13:00:00,wardrobe,wheat straw,winter wheat,total solids,% total weight,94.69,2,pass,,xkang2@lbl.gov,proximate
(da)fa91,13.0,,82,38.0,2025-06-30 13:00:00,wardrobe,wheat straw,winter wheat,ash,% total weight,8.72,2,pass,,xkang2@lbl.gov,proximate
(e0)0642,3.0,,137,74.0,2025-09-24 11:40:00,rigging,grape stem,grapes,total solids,% total weight,32.08,3,pass,,,proximate
(e0)06aa,3.0,,137,74.0,2025-09-24 11:40:00,rigging,grape stem,grapes,total solids,% total weight,33.3,2,pass,,,proximate
(e0)0a0c,3.0,,137,74.0,2025-09-24 11:40:00,rigging,grape stem,grapes,moisture,% total weight,68.17,1,pass,,,proximate
(e0)27b3,3.0,,137,74.0,2025-09-24 11:40:00,rigging,grape stem,grapes,total solids,% total weight,31.83,1,pass,,,proximate
(e0)39a1,3.0,,137,74.0,2025-09-24 11:40:00,rigging,grape stem,grapes,volatile solids,% total weight,29.57,3,pass,,,proximate
(e0)4395,3.0,,137,74.0,2025-09-24 11:40:00,rigging,grape stem,grapes,ash,% total weight,1.87,1,pass,,,proximate
(e0)587b,3.0,,137,74.0,2025-09-24 11:40:00,rigging,grape stem,grapes,moisture,% total weight,67.92,3,pass,,,proximate
(e0)5baa,3.0,,137,74.0,2025-09-24 11:40:00,rigging,grape stem,grapes,volatile solids,% total weight,30.9,2,pass,,,proximate
(e0)5f5a,3.0,,137,74.0,2025-09-24 11:40:00,rigging,grape stem,grapes,ash,% total weight,2.51,3,pass,,,proximate
(e0)7904,3.0,,137,74.0,2025-09-24 11:40:00,rigging,grape stem,grapes,volatile solids,% total weight,29.96,1,pass,,,proximate
(e0)a10d,3.0,,137,74.0,2025-09-24 11:40:00,rigging,grape stem,grapes,ash,% total weight,2.41,2,pass,,,proximate
(e0)de95,3.0,,137,74.0,2025-09-24 11:40:00,rigging,grape stem,grapes,moisture,% total weight,66.7,2,pass,,,proximate
(e5)009c,14.0,,73,31.0,2025-02-06 14:00:00,hairpin,sargassum,sargassum,volatile solids,% total weight,54.14,1,pass,,xkang2@lbl.gov,proximate
(e5)1ded,14.0,,73,31.0,2025-02-06 14:00:00,hairpin,sargassum,sargassum,volatile solids,% total weight,53.39,2,pass,,xkang2@lbl.gov,proximate
(e5)1fdb,14.0,,73,31.0,2025-02-06 14:00:00,hairpin,sargassum,sargassum,moisture,% total weight,14.1,1,pass,,xkang2@lbl.gov,proximate
(e5)3ccb,14.0,,73,31.0,2025-02-06 14:00:00,hairpin,sargassum,sargassum,total solids,% total weight,87.04,2,pass,,xkang2@lbl.gov,proximate
(e5)4838,14.0,,73,31.0,2025-02-06 14:00:00,hairpin,sargassum,sargassum,moisture,% total weight,15.42,3,pass,,xkang2@lbl.gov,proximate
(e5)4897,14.0,,73,31.0,2025-02-06 14:00:00,hairpin,sargassum,sargassum,total solids,% total weight,84.58,3,pass,,xkang2@lbl.gov,proximate
(e5)60d4,14.0,,73,31.0,2025-02-06 14:00:00,hairpin,sargassum,sargassum,volatile solids,% total weight,53.7,3,pass,,xkang2@lbl.gov,proximate
(e5)77df,14.0,,73,31.0,2025-02-06 14:00:00,hairpin,sargassum,sargassum,ash,% total weight,31.76,1,pass,,xkang2@lbl.gov,proximate
(e5)7b63,14.0,,73,31.0,2025-02-06 14:00:00,hairpin,sargassum,sargassum,total solids,% total weight,85.9,1,pass,,xkang2@lbl.gov,proximate
(e5)9406,14.0,,73,31.0,2025-02-06 14:00:00,hairpin,sargassum,sargassum,moisture,% total weight,12.96,2,pass,,xkang2@lbl.gov,proximate
(e5)e6bf,14.0,,73,31.0,2025-02-06 14:00:00,hairpin,sargassum,sargassum,ash,% total weight,33.65,2,pass,,xkang2@lbl.gov,proximate
(e5)ef1b,14.0,,73,31.0,2025-02-06 14:00:00,hairpin,sargassum,sargassum,ash,% total weight,30.88,3,pass,,xkang2@lbl.gov,proximate
(e7)43ff,21.0,,58,21.0,2024-11-21 18:40:00,energetic,walnut hulls,walnuts,total solids,% total weight,28.39,2,pass,uc combined protocol,fail,proximate
(e7)4b6e,21.0,,58,21.0,2024-11-21 18:40:00,energetic,walnut hulls,walnuts,total solids,% total weight,33.74,1,pass,uc combined protocol,fail,proximate
(e7)8540,21.0,,58,21.0,2024-11-21 18:40:00,energetic,walnut hulls,walnuts,volatile solids,% total weight,27.76,1,pass,uc combined protocol,fail,proximate
(e7)86e3,21.0,,58,21.0,2024-11-21 18:40:00,energetic,walnut hulls,walnuts,total solids,% total weight,39.7,3,pass,uc combined protocol,fail,proximate
(e7)97be,21.0,,58,21.0,2024-11-21 18:40:00,energetic,walnut hulls,walnuts,volatile solids,% total weight,25.67,3,pass,uc combined protocol,fail,proximate
(e7)fade,21.0,,58,21.0,2024-11-21 18:40:00,energetic,walnut hulls,walnuts,volatile solids,% total weight,29.54,2,pass,uc combined protocol,fail,proximate
(e8)0406,21.0,,22,9.0,2024-11-10 15:20:00,maplewood,spent yeast,grapes,total solids,% total weight,63.12,3,pass,uc combined protocol,pass,proximate
(e8)1aef,21.0,,22,9.0,2024-11-10 15:20:00,maplewood,spent yeast,grapes,volatile solids,% total weight,19.53,1,pass,uc combined protocol,pass,proximate
(e8)3339,21.0,,22,9.0,2024-11-10 15:20:00,maplewood,spent yeast,grapes,ash,% total weight,23.01,3,pass,uc combined protocol,pass,proximate
(e8)5061,21.0,,22,9.0,2024-11-10 15:20:00,maplewood,spent yeast,grapes,volatile solids,% total weight,19.54,2,pass,uc combined protocol,pass,proximate
(e8)7f66,21.0,,22,9.0,2024-11-10 15:20:00,maplewood,spent yeast,grapes,volatile solids,% total weight,13.87,3,pass,uc combined protocol,pass,proximate
(e8)82bd,21.0,,22,9.0,2024-11-10 15:20:00,maplewood,spent yeast,grapes,ash,% total weight,24.46,1,pass,uc combined protocol,pass,proximate
(e8)9f94,21.0,,22,9.0,2024-11-10 15:20:00,maplewood,spent yeast,grapes,moisture,% total weight,1.57,1,pass,uc combined protocol,,proximate
(e8)a921,21.0,,22,9.0,2024-11-10 15:20:00,maplewood,spent yeast,grapes,total solids,% total weight,56.0,1,pass,uc combined protocol,pass,proximate
(e8)cd70,21.0,,22,9.0,2024-11-10 15:20:00,maplewood,spent yeast,grapes,ash,% total weight,24.51,2,pass,uc combined protocol,pass,proximate
(e8)da18,21.0,,22,9.0,2024-11-10 15:20:00,maplewood,spent yeast,grapes,total solids,% total weight,55.95,2,pass,uc combined protocol,pass,proximate
(eb)1bdd,11.0,,226,100.0,2026-02-13 15:15:00,boatswain,grape vines,grapes,ash,% total weight,2.43,1,pass,https://docs.google.com/spreadsheets/d/1elqjbsy8pjasg8mwkhlqgbdzldr34wem/edit?gid=396354422#gid=396354443,pass,proximate
(eb)29ca,11.0,,226,100.0,2026-02-13 15:15:00,boatswain,grape vines,grapes,moisture,% total weight,46.27,3,pass,https://docs.google.com/spreadsheets/d/1elqjbsy8pjasg8mwkhlqgbdzldr34wem/edit?gid=396354422#gid=396354433,pass,proximate
(eb)34ec,11.0,,226,100.0,2026-02-13 15:15:00,boatswain,grape vines,grapes,moisture,% total weight,47.52,1,pass,https://docs.google.com/spreadsheets/d/1elqjbsy8pjasg8mwkhlqgbdzldr34wem/edit?gid=396354422#gid=396354431,pass,proximate
(eb)3b38,11.0,,226,100.0,2026-02-13 15:15:00,boatswain,grape vines,grapes,ash,% total weight,2.44,3,pass,https://docs.google.com/spreadsheets/d/1elqjbsy8pjasg8mwkhlqgbdzldr34wem/edit?gid=396354422#gid=396354445,pass,proximate
(eb)3e95,11.0,,226,100.0,2026-02-13 15:15:00,boatswain,grape vines,grapes,total solids,% total weight,50.17,2,pass,https://docs.google.com/spreadsheets/d/1elqjbsy8pjasg8mwkhlqgbdzldr34wem/edit?gid=396354422#gid=396354456,pass,proximate
(eb)419c,11.0,,226,100.0,2026-02-13 15:15:00,boatswain,grape vines,grapes,ash,% total weight,2.33,2,pass,https://docs.google.com/spreadsheets/d/1elqjbsy8pjasg8mwkhlqgbdzldr34wem/edit?gid=396354422#gid=396354444,pass,proximate
(eb)6e5e,11.0,,226,100.0,2026-02-13 15:15:00,boatswain,grape vines,grapes,total solids,% total weight,53.73,3,pass,https://docs.google.com/spreadsheets/d/1elqjbsy8pjasg8mwkhlqgbdzldr34wem/edit?gid=396354422#gid=396354457,pass,proximate
(eb)8d0e,11.0,,226,100.0,2026-02-13 15:15:00,boatswain,grape vines,grapes,volatile solids,% total weight,51.29,3,pass,https://docs.google.com/spreadsheets/d/1elqjbsy8pjasg8mwkhlqgbdzldr34wem/edit?gid=396354422#gid=396354469,pass,proximate
(eb)b8a2,11.0,,226,100.0,2026-02-13 15:15:00,boatswain,grape vines,grapes,total solids,% total weight,52.48,1,pass,https://docs.google.com/spreadsheets/d/1elqjbsy8pjasg8mwkhlqgbdzldr34wem/edit?gid=396354422#gid=396354455,pass,proximate
(eb)bef9,11.0,,226,100.0,2026-02-13 15:15:00,boatswain,grape vines,grapes,volatile solids,% total weight,47.85,2,pass,https://docs.google.com/spreadsheets/d/1elqjbsy8pjasg8mwkhlqgbdzldr34wem/edit?gid=396354422#gid=396354468,pass,proximate
(eb)deb0,11.0,,226,100.0,2026-02-13 15:15:00,boatswain,grape vines,grapes,volatile solids,% total weight,50.05,1,pass,https://docs.google.com/spreadsheets/d/1elqjbsy8pjasg8mwkhlqgbdzldr34wem/edit?gid=396354422#gid=396354467,pass,proximate
(eb)f65a,11.0,,226,100.0,2026-02-13 15:15:00,boatswain,grape vines,grapes,moisture,% total weight,49.83,2,pass,https://docs.google.com/spreadsheets/d/1elqjbsy8pjasg8mwkhlqgbdzldr34wem/edit?gid=396354422#gid=396354432,pass,proximate
(ec)2264,17.0,,121,55.0,2025-08-27 12:15:00,rigging,grape pomace,grapes,total solids,% total weight,44.91,2,pass,,,proximate
(ec)2807,17.0,,121,55.0,2025-08-27 12:15:00,rigging,grape pomace,grapes,volatile solids,% total weight,41.52,2,pass,,,proximate
(ec)306a,17.0,,121,55.0,2025-08-27 12:15:00,rigging,grape pomace,grapes,ash,% total weight,3.46,3,pass,,,proximate
(ec)3778,17.0,,121,55.0,2025-08-27 12:15:00,rigging,grape pomace,grapes,ash,% total weight,3.39,2,pass,,,proximate
(ec)5fe0,17.0,,121,55.0,2025-08-27 12:15:00,rigging,grape pomace,grapes,volatile solids,% total weight,43.98,1,pass,,,proximate
(ec)6581,17.0,,121,55.0,2025-08-27 12:15:00,rigging,grape pomace,grapes,volatile solids,% total weight,42.45,3,pass,,,proximate
(ec)6752,17.0,,121,55.0,2025-08-27 12:15:00,rigging,grape pomace,grapes,ash,% total weight,2.83,1,pass,,,proximate
(ec)9166,17.0,,121,55.0,2025-08-27 12:15:00,rigging,grape pomace,grapes,total solids,% total weight,45.9,3,pass,,,proximate
(ec)9c57,17.0,,121,55.0,2025-08-27 12:15:00,rigging,grape pomace,grapes,total solids,% total weight,46.81,1,pass,,,proximate
(ec)bb5f,17.0,,121,55.0,2025-08-27 12:15:00,rigging,grape pomace,grapes,moisture,% total weight,53.19,1,pass,,,proximate
(ec)c401,17.0,,121,55.0,2025-08-27 12:15:00,rigging,grape pomace,grapes,moisture,% total weight,55.09,2,pass,,,proximate
(ec)c8dc,17.0,,121,55.0,2025-08-27 12:15:00,rigging,grape pomace,grapes,moisture,% total weight,54.1,3,pass,,,proximate
(ed)0175,22.0,,78,35.0,2025-06-30 11:45:00,possessive,alfalfa,hay - alfalfa,total solids,% total weight,90.51,2,pass,,xkang2@lbl.gov,proximate
(ed)16e1,22.0,,78,35.0,2025-06-30 11:45:00,possessive,alfalfa,hay - alfalfa,ash,% total weight,6.67,1,pass,,xkang2@lbl.gov,proximate
(ed)506d,22.0,,78,35.0,2025-06-30 11:45:00,possessive,alfalfa,hay - alfalfa,moisture,% total weight,9.49,2,pass,,xkang2@lbl.gov,proximate
(ed)5629,22.0,,78,35.0,2025-06-30 11:45:00,possessive,alfalfa,hay - alfalfa,ash,% total weight,7.12,3,pass,,xkang2@lbl.gov,proximate
(ed)6456,22.0,,78,35.0,2025-06-30 11:45:00,possessive,alfalfa,hay - alfalfa,moisture,% total weight,10.24,1,pass,,xkang2@lbl.gov,proximate
(ed)8621,22.0,,78,35.0,2025-06-30 11:45:00,possessive,alfalfa,hay - alfalfa,volatile solids,% total weight,82.35,3,pass,,xkang2@lbl.gov,proximate
(ed)b558,22.0,,78,35.0,2025-06-30 11:45:00,possessive,alfalfa,hay - alfalfa,volatile solids,% total weight,83.09,1,pass,,xkang2@lbl.gov,proximate
(ed)b883,22.0,,78,35.0,2025-06-30 11:45:00,possessive,alfalfa,hay - alfalfa,total solids,% total weight,89.76,1,pass,,xkang2@lbl.gov,proximate
(ed)d54a,22.0,,78,35.0,2025-06-30 11:45:00,possessive,alfalfa,hay - alfalfa,moisture,% total weight,10.53,3,pass,,xkang2@lbl.gov,proximate
(ed)e911,22.0,,78,35.0,2025-06-30 11:45:00,possessive,alfalfa,hay - alfalfa,total solids,% total weight,89.47,3,pass,,xkang2@lbl.gov,proximate
(f1)1171,2.0,,103,47.0,2025-08-21 10:35:00,oakleaf,tomato pomace,tomatoes for processing,moisture,% total weight,70.81,3,pass,,,proximate
(f1)281c,2.0,,103,47.0,2025-08-21 10:35:00,oakleaf,tomato pomace,tomatoes for processing,ash,% total weight,1.12,2,pass,,,proximate
(f1)73d7,2.0,,103,47.0,2025-08-21 10:35:00,oakleaf,tomato pomace,tomatoes for processing,total solids,% total weight,28.58,2,pass,,,proximate
(f1)894e,2.0,,103,47.0,2025-08-21 10:35:00,oakleaf,tomato pomace,tomatoes for processing,volatile solids,% total weight,28.05,3,pass,,,proximate
(f1)9ab9,2.0,,103,47.0,2025-08-21 10:35:00,oakleaf,tomato pomace,tomatoes for processing,moisture,% total weight,71.79,1,pass,,,proximate
(f1)b3e8,2.0,,103,47.0,2025-08-21 10:35:00,oakleaf,tomato pomace,tomatoes for processing,volatile solids,% total weight,27.1,1,pass,,,proximate
(f1)c1f4,2.0,,103,47.0,2025-08-21 10:35:00,oakleaf,tomato pomace,tomatoes for processing,moisture,% total weight,71.42,2,pass,,,proximate
(f1)c7dc,2.0,,103,47.0,2025-08-21 10:35:00,oakleaf,tomato pomace,tomatoes for processing,total solids,% total weight,29.19,3,pass,,,proximate
(f1)ccea,2.0,,103,47.0,2025-08-21 10:35:00,oakleaf,tomato pomace,tomatoes for processing,ash,% total weight,1.12,1,pass,,,proximate
(f1)cd95,2.0,,103,47.0,2025-08-21 10:35:00,oakleaf,tomato pomace,tomatoes for processing,ash,% total weight,1.14,3,pass,,,proximate
(f1)e36a,2.0,,103,47.0,2025-08-21 10:35:00,oakleaf,tomato pomace,tomatoes for processing,total solids,% total weight,28.21,1,pass,,,proximate
(f1)e662,2.0,,103,47.0,2025-08-21 10:35:00,oakleaf,tomato pomace,tomatoes for processing,volatile solids,% total weight,27.46,2,pass,,,proximate
(f3)161b,20.0,,180,70.0,2025-09-19 11:10:00,tiny,almond branches,almonds,total solids,% total weight,82.46,1,provisional,,,proximate
(f3)1ee7,20.0,,180,70.0,2025-09-19 11:10:00,tiny,almond branches,almonds,moisture,% total weight,13.2,3,pass,,,proximate
(f3)3c7d,20.0,,180,70.0,2025-09-19 11:10:00,tiny,almond branches,almonds,moisture,% total weight,11.58,2,pass,,,proximate
(f3)4605,20.0,,180,70.0,2025-09-19 11:10:00,tiny,almond branches,almonds,volatile solids,% total weight,19.35,3,pass,,,proximate
(f3)8392,20.0,,180,70.0,2025-09-19 11:10:00,tiny,almond branches,almonds,total solids,% total weight,88.42,2,pass,,,proximate
(f3)889a,20.0,,180,70.0,2025-09-19 11:10:00,tiny,almond branches,almonds,ash,% total weight,57.52,1,provisional,,,proximate
(f3)8ccd,20.0,,180,70.0,2025-09-19 11:10:00,tiny,almond branches,almonds,total solids,% total weight,86.8,3,pass,,,proximate
(f3)96d0,20.0,,180,70.0,2025-09-19 11:10:00,tiny,almond branches,almonds,ash,% total weight,72.31,2,pass,,,proximate
(f3)b348,20.0,,180,70.0,2025-09-19 11:10:00,tiny,almond branches,almonds,ash,% total weight,67.45,3,pass,,,proximate
(f3)c096,20.0,,180,70.0,2025-09-19 11:10:00,tiny,almond branches,almonds,volatile solids,% total weight,16.1,2,pass,,,proximate
(f3)e4ed,20.0,,180,70.0,2025-09-19 11:10:00,tiny,almond branches,almonds,volatile solids,% total weight,24.94,1,provisional,,,proximate
(f3)f33d,20.0,,180,70.0,2025-09-19 11:10:00,tiny,almond branches,almonds,moisture,% total weight,17.54,1,provisional,,,proximate
(f6)03ae,17.0,,114,52.0,2025-08-27 11:15:00,boatswain,grape pomace,grapes,ash,% total weight,3.19,2,pass,,,proximate
(f6)0d8f,9.0,,90,42.0,2025-08-07 12:00:00,rushes,peach stems / leaves,peaches,volatile solids,% total weight,24.97,1,pass,,xkang2@lbl.gov,proximate
(f6)1245,17.0,,114,52.0,2025-08-27 11:15:00,boatswain,grape pomace,grapes,moisture,% total weight,61.52,1,pass,,,proximate
(f6)1591,17.0,,114,52.0,2025-08-27 11:15:00,boatswain,grape pomace,grapes,moisture,% total weight,62.36,3,pass,,,proximate
(f6)1bbf,9.0,,90,42.0,2025-08-07 12:00:00,rushes,peach stems / leaves,peaches,moisture,% total weight,69.38,3,pass,,xkang2@lbl.gov,proximate
(f6)2613,9.0,,90,42.0,2025-08-07 12:00:00,rushes,peach stems / leaves,peaches,ash,% total weight,5.45,1,pass,,xkang2@lbl.gov,proximate
(f6)2c6f,9.0,,90,42.0,2025-08-07 12:00:00,rushes,peach stems / leaves,peaches,total solids,% total weight,30.62,3,pass,,xkang2@lbl.gov,proximate
(f6)7a8f,17.0,,114,52.0,2025-08-27 11:15:00,boatswain,grape pomace,grapes,ash,% total weight,3.52,3,pass,,,proximate
(f6)7c56,9.0,,90,42.0,2025-08-07 12:00:00,rushes,peach stems / leaves,peaches,ash,% total weight,5.28,2,pass,,xkang2@lbl.gov,proximate
(f6)8443,17.0,,114,52.0,2025-08-27 11:15:00,boatswain,grape pomace,grapes,volatile solids,% total weight,35.71,1,pass,,,proximate
(f6)8a55,17.0,,114,52.0,2025-08-27 11:15:00,boatswain,grape pomace,grapes,volatile solids,% total weight,34.11,3,pass,,,proximate
(f6)8d8f,9.0,,90,42.0,2025-08-07 12:00:00,rushes,peach stems / leaves,peaches,ash,% total weight,5.24,3,pass,,xkang2@lbl.gov,proximate
(f6)97a5,17.0,,114,52.0,2025-08-27 11:15:00,boatswain,grape pomace,grapes,total solids,% total weight,38.48,1,pass,,,proximate
(f6)9e2b,17.0,,114,52.0,2025-08-27 11:15:00,boatswain,grape pomace,grapes,total solids,% total weight,37.64,3,pass,,,proximate
(f6)a52c,17.0,,114,52.0,2025-08-27 11:15:00,boatswain,grape pomace,grapes,volatile solids,% total weight,33.67,2,pass,,,proximate
(f6)b538,17.0,,114,52.0,2025-08-27 11:15:00,boatswain,grape pomace,grapes,ash,% total weight,2.76,1,pass,,,proximate
(f6)c49a,9.0,,90,42.0,2025-08-07 12:00:00,rushes,peach stems / leaves,peaches,volatile solids,% total weight,25.37,3,pass,,xkang2@lbl.gov,proximate
(f6)d062,9.0,,90,42.0,2025-08-07 12:00:00,rushes,peach stems / leaves,peaches,total solids,% total weight,31.01,2,pass,,xkang2@lbl.gov,proximate
(f6)d2f7,9.0,,90,42.0,2025-08-07 12:00:00,rushes,peach stems / leaves,peaches,total solids,% total weight,30.41,1,pass,,xkang2@lbl.gov,proximate
(f6)dace,9.0,,90,42.0,2025-08-07 12:00:00,rushes,peach stems / leaves,peaches,volatile solids,% total weight,25.73,2,pass,,xkang2@lbl.gov,proximate
(f6)dcf1,17.0,,114,52.0,2025-08-27 11:15:00,boatswain,grape pomace,grapes,moisture,% total weight,63.14,2,pass,,,proximate
(f6)e58a,9.0,,90,42.0,2025-08-07 12:00:00,rushes,peach stems / leaves,peaches,moisture,% total weight,69.59,1,pass,,xkang2@lbl.gov,proximate
(f6)edc1,17.0,,114,52.0,2025-08-27 11:15:00,boatswain,grape pomace,grapes,total solids,% total weight,36.86,2,pass,,,proximate
(f6)eefe,9.0,,90,42.0,2025-08-07 12:00:00,rushes,peach stems / leaves,peaches,moisture,% total weight,68.99,2,pass,,xkang2@lbl.gov,proximate
(fe)0936,21.0,,62,7.0,2024-11-10 15:00:00,maplewood,grape pomace,grapes,volatile solids,% total weight,6.3,3,pass,uc combined protocol,fail,proximate
(fe)1ccd,21.0,,62,7.0,2024-11-10 15:00:00,maplewood,grape pomace,grapes,volatile solids,% total weight,6.13,2,pass,uc combined protocol,fail,proximate
(fe)65cf,21.0,,62,7.0,2024-11-10 15:00:00,maplewood,grape pomace,grapes,volatile solids,% total weight,5.74,1,pass,uc combined protocol,fail,proximate
(fe)73e0,21.0,,62,7.0,2024-11-10 15:00:00,maplewood,grape pomace,grapes,total solids,% total weight,88.36,1,pass,uc combined protocol,fail,proximate
(fe)cdef,21.0,,62,7.0,2024-11-10 15:00:00,maplewood,grape pomace,grapes,total solids,% total weight,86.97,3,pass,uc combined protocol,fail,proximate
(fe)f1a3,21.0,,62,7.0,2024-11-10 15:00:00,maplewood,grape pomace,grapes,total solids,% total weight,87.47,2,pass,uc combined protocol,fail,proximate
)u94e494,25.0,,60,2.0,2024-09-21 09:00:00,pinecrest,tomato pomace,tomatoes for processing,dm,pc,91.6,1,pass,8,,ultimate
)u700170,25.0,,59,3.0,2024-09-24 11:40:00,oakleaf,tomato pomace,tomatoes for processing,dm,pc,95.6,1,pass,9,,ultimate
)u22e822,25.0,,71,25.0,2024-12-16 00:00:00,humorous,almond hulls,almonds,dm,pc,88.6,1,pass,1,,ultimate
)ud275d2,25.0,,70,24.0,2024-12-16 00:00:00,humorous,almond shells,almonds,dm,pc,81.3,1,pass,2,,ultimate
)ud354d3,25.0,,57,20.0,2024-11-21 18:10:00,energetic,walnut shells,walnuts,dm,pc,92.2,1,pass,3,,ultimate
)u670267,25.0,,64,6.0,2024-10-25 10:30:00,ebony,grape pomace,grapes,dm,pc,93.8,1,pass,4,,ultimate
)u5bb65b,25.0,,58,21.0,2024-11-21 18:40:00,energetic,walnut hulls,walnuts,dm,pc,93.8,1,pass,5,,ultimate
)ud06fd0,25.0,,56,23.0,2024-12-05 13:30:00,tackle,sweet potato culls,sweet potatoes,dm,pc,90.4,1,pass,6,,ultimate
)uca43ca,25.0,,51,18.0,2024-11-21 16:10:00,tiny,almond shells and hulls mix,almonds,dm,pc,91.0,1,pass,7,,ultimate
)u95ce95,25.0,,61,1.0,2024-09-09 15:00:00,riverstone,tomato pomace,tomatoes for processing,dm,pc,95.3,1,pass,10,,ultimate
)u0e280e,25.0,,27,10.0,2024-11-10 15:30:00,maplewood,spent oak chips,grapes,dm,pc,90.7,1,pass,11,,ultimate
)u88e188,25.0,,316,,,,#n/a,,dm,pc,97.3,1,pass,12,,ultimate
)u0ecf0e,25.0,,62,7.0,2024-11-10 15:00:00,maplewood,grape pomace,grapes,dm,pc,93.9,1,pass,13,,ultimate
)u55d655,25.0,,71,25.0,2024-12-16 00:00:00,humorous,almond hulls,almonds,adf-r,pc,19.2,1,pass,1,,ultimate
)u4be74b,25.0,,71,25.0,2024-12-16 00:00:00,humorous,almond hulls,almonds,adf-r,pc,19.7,1,pass, 1 dup,,ultimate
)u7a157a,25.0,,70,24.0,2024-12-16 00:00:00,humorous,almond shells,almonds,adf-r,pc,54.7,1,pass,2,,ultimate
)u672b67,25.0,,57,20.0,2024-11-21 18:10:00,energetic,walnut shells,walnuts,adf-r,pc,71.9,1,pass,3,,ultimate
)ua51aa5,25.0,,64,6.0,2024-10-25 10:30:00,ebony,grape pomace,grapes,adf-r,pc,39.8,1,pass,4,,ultimate
)u2b452b,25.0,,58,21.0,2024-11-21 18:40:00,energetic,walnut hulls,walnuts,adf-r,pc,67.4,1,pass,5,,ultimate
)u975c97,25.0,,56,23.0,2024-12-05 13:30:00,tackle,sweet potato culls,sweet potatoes,adf-r,pc,12.1,1,pass,6,,ultimate
)ubae4ba,25.0,,51,18.0,2024-11-21 16:10:00,tiny,almond shells and hulls mix,almonds,adf-r,pc,27.8,1,pass,7,,ultimate
)uec98ec,25.0,,60,2.0,2024-09-21 09:00:00,pinecrest,tomato pomace,tomatoes for processing,adf-r,pc,41.5,1,pass,8,,ultimate
)uf1eef1,25.0,,59,3.0,2024-09-24 11:40:00,oakleaf,tomato pomace,tomatoes for processing,adf-r,pc,51.2,1,pass,9,,ultimate
)u56c956,25.0,,61,1.0,2024-09-09 15:00:00,riverstone,tomato pomace,tomatoes for processing,adf-r,pc,45.7,1,pass,10,,ultimate
)u4e174e,25.0,,61,1.0,2024-09-09 15:00:00,riverstone,tomato pomace,tomatoes for processing,adf-r,pc,46.3,1,pass, 10 dup,,ultimate
)ud4f6d4,25.0,,27,10.0,2024-11-10 15:30:00,maplewood,spent oak chips,grapes,adf-r,pc,82.9,1,pass,11,,ultimate
)uf414f4,25.0,,316,,,,#n/a,,adf-r,pc,32.9,1,pass,12,,ultimate
)ub6acb6,25.0,,62,7.0,2024-11-10 15:00:00,maplewood,grape pomace,grapes,adf-r,pc,43.7,1,pass,13,,ultimate
)u3c723c,25.0,,62,7.0,2024-11-10 15:00:00,maplewood,grape pomace,grapes,adf-r,pc,43.9,1,pass, 13 dup,,ultimate
)u1f751f,25.0,,71,25.0,2024-12-16 00:00:00,humorous,almond hulls,almonds,cf,pc,1.95,1,pass,1,,ultimate
)u763f76,25.0,,71,25.0,2024-12-16 00:00:00,humorous,almond hulls,almonds,cf,pc,1.87,1,pass, 1 dup,,ultimate
)u970a97,25.0,,70,24.0,2024-12-16 00:00:00,humorous,almond shells,almonds,cf,pc,1.45,1,pass,2,,ultimate
)u8b208b,25.0,,57,20.0,2024-11-21 18:10:00,energetic,walnut shells,walnuts,cf,pc,2.6,1,pass,3,,ultimate
)ufc42fc,25.0,,64,6.0,2024-10-25 10:30:00,ebony,grape pomace,grapes,cf,pc,6.22,1,pass,4,,ultimate
)u1ce41c,25.0,,58,21.0,2024-11-21 18:40:00,energetic,walnut hulls,walnuts,cf,pc,2.02,1,pass,5,,ultimate
)u4b124b,25.0,,56,23.0,2024-12-05 13:30:00,tackle,sweet potato culls,sweet potatoes,cf,pc,0.96,1,pass,6,,ultimate
)u089908,25.0,,51,18.0,2024-11-21 16:10:00,tiny,almond shells and hulls mix,almonds,cf,pc,1.64,1,pass,7,,ultimate
)u755475,25.0,,60,2.0,2024-09-21 09:00:00,pinecrest,tomato pomace,tomatoes for processing,cf,pc,3.39,1,pass,8,,ultimate
)ub7bdb7,25.0,,59,3.0,2024-09-24 11:40:00,oakleaf,tomato pomace,tomatoes for processing,cf,pc,8.7,1,pass,9,,ultimate
)u9abc9a,25.0,,61,1.0,2024-09-09 15:00:00,riverstone,tomato pomace,tomatoes for processing,cf,pc,9.79,1,pass,10,,ultimate
)u99ce99,25.0,,61,1.0,2024-09-09 15:00:00,riverstone,tomato pomace,tomatoes for processing,cf,pc,10.0,1,pass, 10 dup,,ultimate
)ub36fb3,25.0,,27,10.0,2024-11-10 15:30:00,maplewood,spent oak chips,grapes,cf,pc,0.5,1,pass,11,,ultimate
)u0e740e,25.0,,316,,,,#n/a,,cf,pc,1.96,1,pass,12,,ultimate
)u515f51,25.0,,62,7.0,2024-11-10 15:00:00,maplewood,grape pomace,grapes,cf,pc,7.46,1,pass,13,,ultimate
)ud1e8d1,25.0,,62,7.0,2024-11-10 15:00:00,maplewood,grape pomace,grapes,cf,pc,7.86,1,pass, 13 dup,,ultimate
)u021e02,25.0,,71,25.0,2024-12-16 00:00:00,humorous,almond hulls,almonds,nitrogen,pc,0.87,1,pass,1,,ultimate
)ub9dab9,25.0,,71,25.0,2024-12-16 00:00:00,humorous,almond hulls,almonds,nitrogen,pc,0.87,1,pass, 1 dup,,ultimate
)u93e193,25.0,,70,24.0,2024-12-16 00:00:00,humorous,almond shells,almonds,nitrogen,pc,0.7,1,pass,2,,ultimate
)u068606,25.0,,57,20.0,2024-11-21 18:10:00,energetic,walnut shells,walnuts,nitrogen,pc,0.36,1,pass,3,,ultimate
)uba78ba,25.0,,64,6.0,2024-10-25 10:30:00,ebony,grape pomace,grapes,nitrogen,pc,1.68,1,pass,4,,ultimate
)u645364,25.0,,58,21.0,2024-11-21 18:40:00,energetic,walnut hulls,walnuts,nitrogen,pc,1.52,1,pass,5,,ultimate
)u7a3f7a,25.0,,56,23.0,2024-12-05 13:30:00,tackle,sweet potato culls,sweet potatoes,nitrogen,pc,1.57,1,pass,6,,ultimate
)udcacdc,25.0,,51,18.0,2024-11-21 16:10:00,tiny,almond shells and hulls mix,almonds,nitrogen,pc,0.65,1,pass,7,,ultimate
)u73ee73,25.0,,60,2.0,2024-09-21 09:00:00,pinecrest,tomato pomace,tomatoes for processing,nitrogen,pc,2.28,1,pass,8,,ultimate
)ud118d1,25.0,,59,3.0,2024-09-24 11:40:00,oakleaf,tomato pomace,tomatoes for processing,nitrogen,pc,2.58,1,pass,9,,ultimate
)u34b134,25.0,,61,1.0,2024-09-09 15:00:00,riverstone,tomato pomace,tomatoes for processing,nitrogen,pc,2.84,1,pass,10,,ultimate
)u91a791,25.0,,61,1.0,2024-09-09 15:00:00,riverstone,tomato pomace,tomatoes for processing,nitrogen,pc,2.98,1,pass, 10 dup,,ultimate
)uf825f8,25.0,,27,10.0,2024-11-10 15:30:00,maplewood,spent oak chips,grapes,nitrogen,pc,0.23,1,pass,11,,ultimate
7ud442d4,25.0,,315,,,,#n/a,,nitrogen,pc,3.06,1,pass,12,,ultimate
)u608260,25.0,,62,7.0,2024-11-10 15:00:00,maplewood,grape pomace,grapes,nitrogen,pc,1.8,1,pass,13,,ultimate
)u87a587,25.0,,62,7.0,2024-11-10 15:00:00,maplewood,grape pomace,grapes,nitrogen,pc,1.93,1,pass, 13 dup,,ultimate
)u542d54,25.0,,70,24.0,2024-12-16 00:00:00,humorous,almond shells,almonds,dm,pc,81.3,1,pass,,,ultimate
)ub890b8,25.0,,70,24.0,2024-12-16 00:00:00,humorous,almond shells,almonds,adf-r,pc,54.7,1,pass,,,ultimate
)u8d218d,25.0,,70,24.0,2024-12-16 00:00:00,humorous,almond shells,almonds,cf,pc,1.45,1,pass,,,ultimate
)u336a33,25.0,,70,24.0,2024-12-16 00:00:00,humorous,almond shells,almonds,nitrogen,pc,0.7,1,pass,,,ultimate
(03)0161,46.0,,42,17.0,2024-11-21 15:40:00,tiny,almond hulls,almonds,la,ppm,0.0,1,provisional,,xkang2@lbl.gov,xrf
(03)01b6,46.0,,42,17.0,2024-11-21 15:40:00,tiny,almond hulls,almonds,co,ppm,0.0,1,provisional,,xkang2@lbl.gov,xrf
(03)0663,46.0,,42,17.0,2024-11-21 15:40:00,tiny,almond hulls,almonds,rb,ppm,7.0,1,provisional,,xkang2@lbl.gov,xrf
(03)1244,46.0,,42,17.0,2024-11-21 15:40:00,tiny,almond hulls,almonds,al,ppm,4350.0,1,provisional,,xkang2@lbl.gov,xrf
(03)1492,46.0,,42,17.0,2024-11-21 15:40:00,tiny,almond hulls,almonds,mg,ppm,0.0,1,provisional,,xkang2@lbl.gov,xrf
(03)1c00,46.0,,42,17.0,2024-11-21 15:40:00,tiny,almond hulls,almonds,zn,ppm,25.0,1,provisional,,xkang2@lbl.gov,xrf
(03)1dc2,46.0,,42,17.0,2024-11-21 15:40:00,tiny,almond hulls,almonds,mo,ppm,10.0,1,provisional,,xkang2@lbl.gov,xrf
(03)2448,46.0,,42,17.0,2024-11-21 15:40:00,tiny,almond hulls,almonds,th,ppm,76.0,1,provisional,,xkang2@lbl.gov,xrf
(03)337a,46.0,,42,17.0,2024-11-21 15:40:00,tiny,almond hulls,almonds,y,ppm,0.0,1,provisional,,xkang2@lbl.gov,xrf
(03)3e42,46.0,,42,17.0,2024-11-21 15:40:00,tiny,almond hulls,almonds,s,ppm,359.0,1,provisional,,xkang2@lbl.gov,xrf
(03)5e0f,46.0,,42,17.0,2024-11-21 15:40:00,tiny,almond hulls,almonds,cr,ppm,0.0,1,provisional,,xkang2@lbl.gov,xrf
(03)645d,46.0,,42,17.0,2024-11-21 15:40:00,tiny,almond hulls,almonds,ca,ppm,3850.0,1,provisional,,xkang2@lbl.gov,xrf
(03)663c,46.0,,42,17.0,2024-11-21 15:40:00,tiny,almond hulls,almonds,si,ppm,17900.0,1,provisional,,xkang2@lbl.gov,xrf
(03)6772,46.0,,42,17.0,2024-11-21 15:40:00,tiny,almond hulls,almonds,cd,ppm,0.0,1,provisional,,xkang2@lbl.gov,xrf
(03)68d1,46.0,,42,17.0,2024-11-21 15:40:00,tiny,almond hulls,almonds,u,ppm,21.0,1,provisional,,xkang2@lbl.gov,xrf
(03)6a5b,46.0,,42,17.0,2024-11-21 15:40:00,tiny,almond hulls,almonds,fe,ppm,527.0,1,provisional,,xkang2@lbl.gov,xrf
(03)6fa2,46.0,,42,17.0,2024-11-21 15:40:00,tiny,almond hulls,almonds,hg,ppm,0.0,1,provisional,,xkang2@lbl.gov,xrf
(03)79f8,46.0,,42,17.0,2024-11-21 15:40:00,tiny,almond hulls,almonds,ti,ppm,344.0,1,provisional,,xkang2@lbl.gov,xrf
(03)7bbf,46.0,,42,17.0,2024-11-21 15:40:00,tiny,almond hulls,almonds,sb,ppm,0.0,1,provisional,,xkang2@lbl.gov,xrf
(03)82cf,46.0,,42,17.0,2024-11-21 15:40:00,tiny,almond hulls,almonds,p,ppm,529.0,1,provisional,,xkang2@lbl.gov,xrf
(03)87ee,46.0,,42,17.0,2024-11-21 15:40:00,tiny,almond hulls,almonds,as,ppm,0.0,1,provisional,,xkang2@lbl.gov,xrf
(03)8ac6,46.0,,42,17.0,2024-11-21 15:40:00,tiny,almond hulls,almonds,sn,ppm,0.0,1,provisional,,xkang2@lbl.gov,xrf
(03)8bb0,46.0,,42,17.0,2024-11-21 15:40:00,tiny,almond hulls,almonds,se,ppm,0.0,1,provisional,,xkang2@lbl.gov,xrf
(03)9180,46.0,,42,17.0,2024-11-21 15:40:00,tiny,almond hulls,almonds,pb,ppm,0.0,1,provisional,,xkang2@lbl.gov,xrf
(03)a7f4,46.0,,42,17.0,2024-11-21 15:40:00,tiny,almond hulls,almonds,pr,ppm,58.0,1,provisional,,xkang2@lbl.gov,xrf
(03)b582,46.0,,42,17.0,2024-11-21 15:40:00,tiny,almond hulls,almonds,ni,ppm,0.0,1,provisional,,xkang2@lbl.gov,xrf
(03)b6d0,46.0,,42,17.0,2024-11-21 15:40:00,tiny,almond hulls,almonds,bi,ppm,0.0,1,provisional,,xkang2@lbl.gov,xrf
(03)b995,46.0,,42,17.0,2024-11-21 15:40:00,tiny,almond hulls,almonds,ba,ppm,22.0,1,provisional,,xkang2@lbl.gov,xrf
(03)bbdf,46.0,,42,17.0,2024-11-21 15:40:00,tiny,almond hulls,almonds,k,ppm,39100.0,1,provisional,,xkang2@lbl.gov,xrf
(03)d09a,46.0,,42,17.0,2024-11-21 15:40:00,tiny,almond hulls,almonds,nd,ppm,0.0,1,provisional,,xkang2@lbl.gov,xrf
(03)d3b2,46.0,,42,17.0,2024-11-21 15:40:00,tiny,almond hulls,almonds,v,ppm,0.0,1,provisional,,xkang2@lbl.gov,xrf
(03)d950,46.0,,42,17.0,2024-11-21 15:40:00,tiny,almond hulls,almonds,sr,ppm,16.0,1,provisional,,xkang2@lbl.gov,xrf
(03)da2a,46.0,,42,17.0,2024-11-21 15:40:00,tiny,almond hulls,almonds,mn,ppm,0.0,1,provisional,,xkang2@lbl.gov,xrf
(03)e3e0,46.0,,42,17.0,2024-11-21 15:40:00,tiny,almond hulls,almonds,zr,ppm,0.0,1,provisional,,xkang2@lbl.gov,xrf
(03)e8b6,46.0,,42,17.0,2024-11-21 15:40:00,tiny,almond hulls,almonds,w,ppm,0.0,1,provisional,,xkang2@lbl.gov,xrf
(03)ea08,46.0,,42,17.0,2024-11-21 15:40:00,tiny,almond hulls,almonds,ce,ppm,42.0,1,provisional,,xkang2@lbl.gov,xrf
(03)f15b,46.0,,42,17.0,2024-11-21 15:40:00,tiny,almond hulls,almonds,cu,ppm,12.0,1,provisional,,xkang2@lbl.gov,xrf
(03)f6cb,46.0,,42,17.0,2024-11-21 15:40:00,tiny,almond hulls,almonds,nb,ppm,0.0,1,provisional,,xkang2@lbl.gov,xrf
(03)fcf0,46.0,,42,17.0,2024-11-21 15:40:00,tiny,almond hulls,almonds,ag,ppm,0.0,1,provisional,,xkang2@lbl.gov,xrf
(04)0082,47.0,,148,78.0,2025-09-26 11:15:00,capstan,almond shells,almonds,k,ppm,21100.0,2,pass,,jduong@lbl.gov,xrf
(04)059f,47.0,,148,78.0,2025-09-26 11:15:00,capstan,almond shells,almonds,si,ppm,5440.0,3,pass,,jduong@lbl.gov,xrf
(04)05fc,47.0,,148,78.0,2025-09-26 11:15:00,capstan,almond shells,almonds,s,ppm,480.0,2,pass,,jduong@lbl.gov,xrf
(04)0a4a,47.0,,148,78.0,2025-09-26 11:15:00,capstan,almond shells,almonds,cu,ppm,9.0,1,pass,,jduong@lbl.gov,xrf
(04)0e4d,47.0,,148,78.0,2025-09-26 11:15:00,capstan,almond shells,almonds,pr,ppm,147.0,3,pass,,jduong@lbl.gov,xrf
(04)11d4,47.0,,148,78.0,2025-09-26 11:15:00,capstan,almond shells,almonds,ca,ppm,4080.0,1,pass,,jduong@lbl.gov,xrf
(04)158c,47.0,,148,78.0,2025-09-26 11:15:00,capstan,almond shells,almonds,p,ppm,773.0,1,pass,,jduong@lbl.gov,xrf
(04)1ae0,47.0,,148,78.0,2025-09-26 11:15:00,capstan,almond shells,almonds,p,ppm,773.0,3,pass,,jduong@lbl.gov,xrf
(04)1b40,47.0,,148,78.0,2025-09-26 11:15:00,capstan,almond shells,almonds,sr,ppm,21.0,2,pass,,jduong@lbl.gov,xrf
(04)1b93,47.0,,148,78.0,2025-09-26 11:15:00,capstan,almond shells,almonds,ca,ppm,4020.0,3,pass,,jduong@lbl.gov,xrf
(04)1da4,47.0,,148,78.0,2025-09-26 11:15:00,capstan,almond shells,almonds,cu,ppm,11.0,3,pass,,jduong@lbl.gov,xrf
(04)211e,47.0,,148,78.0,2025-09-26 11:15:00,capstan,almond shells,almonds,u,ppm,16.0,2,pass,,jduong@lbl.gov,xrf
(04)26c5,47.0,,148,78.0,2025-09-26 11:15:00,capstan,almond shells,almonds,ba,ppm,26.0,1,pass,,jduong@lbl.gov,xrf
(04)288a,47.0,,148,78.0,2025-09-26 11:15:00,capstan,almond shells,almonds,ce,ppm,49.0,2,pass,,jduong@lbl.gov,xrf
(04)29ee,47.0,,148,78.0,2025-09-26 11:15:00,capstan,almond shells,almonds,si,ppm,5280.0,2,pass,,jduong@lbl.gov,xrf
(04)2bcb,47.0,,148,78.0,2025-09-26 11:15:00,capstan,almond shells,almonds,sr,ppm,23.0,1,pass,,jduong@lbl.gov,xrf
(04)37d2,47.0,,148,78.0,2025-09-26 11:15:00,capstan,almond shells,almonds,th,ppm,41.0,1,pass,,jduong@lbl.gov,xrf
(04)3a6c,47.0,,148,78.0,2025-09-26 11:15:00,capstan,almond shells,almonds,ba,ppm,23.0,3,pass,,jduong@lbl.gov,xrf
(04)3d9a,47.0,,148,78.0,2025-09-26 11:15:00,capstan,almond shells,almonds,rb,ppm,14.0,3,pass,,jduong@lbl.gov,xrf
(04)3dd4,47.0,,148,78.0,2025-09-26 11:15:00,capstan,almond shells,almonds,ti,ppm,203.0,2,pass,,jduong@lbl.gov,xrf
(04)56cc,47.0,,148,78.0,2025-09-26 11:15:00,capstan,almond shells,almonds,al,ppm,1560.0,2,pass,,jduong@lbl.gov,xrf
(04)5c87,47.0,,148,78.0,2025-09-26 11:15:00,capstan,almond shells,almonds,ba,ppm,29.0,2,pass,,jduong@lbl.gov,xrf
(04)5c8d,47.0,,148,78.0,2025-09-26 11:15:00,capstan,almond shells,almonds,s,ppm,448.0,3,pass,,jduong@lbl.gov,xrf
(04)5f9c,47.0,,148,78.0,2025-09-26 11:15:00,capstan,almond shells,almonds,u,ppm,15.0,1,pass,,jduong@lbl.gov,xrf
(04)661b,47.0,,148,78.0,2025-09-26 11:15:00,capstan,almond shells,almonds,mn,ppm,31.0,2,pass,,jduong@lbl.gov,xrf
(04)66c9,47.0,,148,78.0,2025-09-26 11:15:00,capstan,almond shells,almonds,s,ppm,473.0,1,pass,,jduong@lbl.gov,xrf
(04)7202,47.0,,148,78.0,2025-09-26 11:15:00,capstan,almond shells,almonds,ca,ppm,4040.0,2,pass,,jduong@lbl.gov,xrf
(04)7479,47.0,,148,78.0,2025-09-26 11:15:00,capstan,almond shells,almonds,k,ppm,23200.0,1,pass,,jduong@lbl.gov,xrf
(04)7819,47.0,,148,78.0,2025-09-26 11:15:00,capstan,almond shells,almonds,la,ppm,48.0,2,pass,,jduong@lbl.gov,xrf
(04)8233,47.0,,148,78.0,2025-09-26 11:15:00,capstan,almond shells,almonds,sr,ppm,21.0,3,pass,,jduong@lbl.gov,xrf
(04)8493,47.0,,148,78.0,2025-09-26 11:15:00,capstan,almond shells,almonds,th,ppm,44.0,3,pass,,jduong@lbl.gov,xrf
(04)84a7,47.0,,148,78.0,2025-09-26 11:15:00,capstan,almond shells,almonds,u,ppm,14.0,3,pass,,jduong@lbl.gov,xrf
(04)888c,47.0,,148,78.0,2025-09-26 11:15:00,capstan,almond shells,almonds,al,ppm,1360.0,1,pass,,jduong@lbl.gov,xrf
(04)9261,47.0,,148,78.0,2025-09-26 11:15:00,capstan,almond shells,almonds,ce,ppm,78.0,3,pass,,jduong@lbl.gov,xrf
(04)9df6,47.0,,148,78.0,2025-09-26 11:15:00,capstan,almond shells,almonds,rb,ppm,14.0,1,pass,,jduong@lbl.gov,xrf
(04)a116,47.0,,148,78.0,2025-09-26 11:15:00,capstan,almond shells,almonds,cu,ppm,11.0,2,pass,,jduong@lbl.gov,xrf
(04)a48f,47.0,,148,78.0,2025-09-26 11:15:00,capstan,almond shells,almonds,pr,ppm,76.0,2,pass,,jduong@lbl.gov,xrf
(04)a859,47.0,,148,78.0,2025-09-26 11:15:00,capstan,almond shells,almonds,si,ppm,5120.0,1,pass,,jduong@lbl.gov,xrf
(04)b583,47.0,,148,78.0,2025-09-26 11:15:00,capstan,almond shells,almonds,p,ppm,748.0,2,pass,,jduong@lbl.gov,xrf
(04)bc1d,47.0,,148,78.0,2025-09-26 11:15:00,capstan,almond shells,almonds,rb,ppm,12.0,2,pass,,jduong@lbl.gov,xrf
(04)c6e9,47.0,,148,78.0,2025-09-26 11:15:00,capstan,almond shells,almonds,mn,ppm,51.0,1,pass,,jduong@lbl.gov,xrf
(04)d17f,47.0,,148,78.0,2025-09-26 11:15:00,capstan,almond shells,almonds,ti,ppm,186.0,3,pass,,jduong@lbl.gov,xrf
(04)d1f3,47.0,,148,78.0,2025-09-26 11:15:00,capstan,almond shells,almonds,fe,ppm,517.0,2,pass,,jduong@lbl.gov,xrf
(04)d4f0,47.0,,148,78.0,2025-09-26 11:15:00,capstan,almond shells,almonds,k,ppm,21100.0,3,pass,,jduong@lbl.gov,xrf
(04)e0e2,47.0,,148,78.0,2025-09-26 11:15:00,capstan,almond shells,almonds,fe,ppm,510.0,1,pass,,jduong@lbl.gov,xrf
(04)e2e0,47.0,,148,78.0,2025-09-26 11:15:00,capstan,almond shells,almonds,zn,ppm,21.0,3,pass,,jduong@lbl.gov,xrf
(04)e8bc,47.0,,148,78.0,2025-09-26 11:15:00,capstan,almond shells,almonds,al,ppm,1550.0,3,pass,,jduong@lbl.gov,xrf
(04)ec94,47.0,,148,78.0,2025-09-26 11:15:00,capstan,almond shells,almonds,zn,ppm,21.0,2,pass,,jduong@lbl.gov,xrf
(04)edd8,47.0,,148,78.0,2025-09-26 11:15:00,capstan,almond shells,almonds,zn,ppm,20.0,1,pass,,jduong@lbl.gov,xrf
(04)ee12,47.0,,148,78.0,2025-09-26 11:15:00,capstan,almond shells,almonds,th,ppm,46.0,2,pass,,jduong@lbl.gov,xrf
(04)ef87,47.0,,148,78.0,2025-09-26 11:15:00,capstan,almond shells,almonds,fe,ppm,526.0,3,pass,,jduong@lbl.gov,xrf
(04)f326,47.0,,148,78.0,2025-09-26 11:15:00,capstan,almond shells,almonds,mn,ppm,30.0,3,pass,,jduong@lbl.gov,xrf
(04)f5c6,47.0,,148,78.0,2025-09-26 11:15:00,capstan,almond shells,almonds,la,ppm,47.0,1,pass,,jduong@lbl.gov,xrf
(15)00d9,47.0,,160,89.0,2025-10-28 10:42:00,cutaway,walnut shells,walnuts,rb,ppm,4.0,2,pass,,jduong@lbl.gov,xrf
(15)02c5,47.0,,160,89.0,2025-10-28 10:42:00,cutaway,walnut shells,walnuts,u,ppm,15.0,3,pass,,jduong@lbl.gov,xrf
(15)058d,47.0,,160,89.0,2025-10-28 10:42:00,cutaway,walnut shells,walnuts,p,ppm,389.0,3,pass,,jduong@lbl.gov,xrf
(15)0c45,47.0,,160,89.0,2025-10-28 10:42:00,cutaway,walnut shells,walnuts,sr,ppm,17.0,1,pass,,jduong@lbl.gov,xrf
(15)1296,47.0,,160,89.0,2025-10-28 10:42:00,cutaway,walnut shells,walnuts,th,ppm,53.0,2,pass,,jduong@lbl.gov,xrf
(15)1653,47.0,,160,89.0,2025-10-28 10:42:00,cutaway,walnut shells,walnuts,rb,ppm,5.0,1,pass,,jduong@lbl.gov,xrf
(15)1716,47.0,,160,89.0,2025-10-28 10:42:00,cutaway,walnut shells,walnuts,p,ppm,400.0,2,pass,,jduong@lbl.gov,xrf
(15)1866,47.0,,160,89.0,2025-10-28 10:42:00,cutaway,walnut shells,walnuts,mn,ppm,28.0,3,pass,,jduong@lbl.gov,xrf
(15)1fc3,47.0,,160,89.0,2025-10-28 10:42:00,cutaway,walnut shells,walnuts,fe,ppm,78.0,1,pass,,jduong@lbl.gov,xrf
(15)2474,47.0,,160,89.0,2025-10-28 10:42:00,cutaway,walnut shells,walnuts,la,ppm,43.0,3,pass,,jduong@lbl.gov,xrf
(15)290b,47.0,,160,89.0,2025-10-28 10:42:00,cutaway,walnut shells,walnuts,cu,ppm,10.0,2,pass,,jduong@lbl.gov,xrf
(15)2b3b,47.0,,160,89.0,2025-10-28 10:42:00,cutaway,walnut shells,walnuts,zn,ppm,10.0,1,pass,,jduong@lbl.gov,xrf
(15)2d15,47.0,,160,89.0,2025-10-28 10:42:00,cutaway,walnut shells,walnuts,th,ppm,52.0,3,pass,,jduong@lbl.gov,xrf
(15)326b,47.0,,160,89.0,2025-10-28 10:42:00,cutaway,walnut shells,walnuts,pr,ppm,72.0,3,pass,,jduong@lbl.gov,xrf
(15)33c3,47.0,,160,89.0,2025-10-28 10:42:00,cutaway,walnut shells,walnuts,k,ppm,6200.0,1,pass,,jduong@lbl.gov,xrf
(15)3918,47.0,,160,89.0,2025-10-28 10:42:00,cutaway,walnut shells,walnuts,fe,ppm,82.0,2,pass,,jduong@lbl.gov,xrf
(15)3ec3,47.0,,160,89.0,2025-10-28 10:42:00,cutaway,walnut shells,walnuts,rb,ppm,5.0,3,pass,,jduong@lbl.gov,xrf
(15)412b,47.0,,160,89.0,2025-10-28 10:42:00,cutaway,walnut shells,walnuts,s,ppm,346.0,2,pass,,jduong@lbl.gov,xrf
(15)4ac4,47.0,,160,89.0,2025-10-28 10:42:00,cutaway,walnut shells,walnuts,si,ppm,1080.0,1,pass,,jduong@lbl.gov,xrf
(15)4bdc,47.0,,160,89.0,2025-10-28 10:42:00,cutaway,walnut shells,walnuts,mn,ppm,27.0,2,pass,,jduong@lbl.gov,xrf
(15)5b43,47.0,,160,89.0,2025-10-28 10:42:00,cutaway,walnut shells,walnuts,cu,ppm,14.0,3,pass,,jduong@lbl.gov,xrf
(15)5e56,47.0,,160,89.0,2025-10-28 10:42:00,cutaway,walnut shells,walnuts,p,ppm,353.0,1,pass,,jduong@lbl.gov,xrf
(15)652a,47.0,,160,89.0,2025-10-28 10:42:00,cutaway,walnut shells,walnuts,zn,ppm,10.0,3,pass,,jduong@lbl.gov,xrf
(15)6cc3,47.0,,160,89.0,2025-10-28 10:42:00,cutaway,walnut shells,walnuts,sr,ppm,18.0,3,pass,,jduong@lbl.gov,xrf
(15)71f8,47.0,,160,89.0,2025-10-28 10:42:00,cutaway,walnut shells,walnuts,pr,ppm,68.0,2,pass,,jduong@lbl.gov,xrf
(15)73d9,47.0,,160,89.0,2025-10-28 10:42:00,cutaway,walnut shells,walnuts,ca,ppm,4540.0,3,pass,,jduong@lbl.gov,xrf
(15)7432,47.0,,160,89.0,2025-10-28 10:42:00,cutaway,walnut shells,walnuts,s,ppm,291.0,1,pass,,jduong@lbl.gov,xrf
(15)7859,47.0,,160,89.0,2025-10-28 10:42:00,cutaway,walnut shells,walnuts,k,ppm,5120.0,3,pass,,jduong@lbl.gov,xrf
(15)7be0,47.0,,160,89.0,2025-10-28 10:42:00,cutaway,walnut shells,walnuts,th,ppm,56.0,1,pass,,jduong@lbl.gov,xrf
(15)86eb,47.0,,160,89.0,2025-10-28 10:42:00,cutaway,walnut shells,walnuts,zn,ppm,8.0,2,pass,,jduong@lbl.gov,xrf
(15)8a38,47.0,,160,89.0,2025-10-28 10:42:00,cutaway,walnut shells,walnuts,ca,ppm,4480.0,2,pass,,jduong@lbl.gov,xrf
(15)8b42,47.0,,160,89.0,2025-10-28 10:42:00,cutaway,walnut shells,walnuts,cu,ppm,11.0,1,pass,,jduong@lbl.gov,xrf
(15)8fd6,47.0,,160,89.0,2025-10-28 10:42:00,cutaway,walnut shells,walnuts,u,ppm,17.0,1,pass,,jduong@lbl.gov,xrf
(15)939b,47.0,,160,89.0,2025-10-28 10:42:00,cutaway,walnut shells,walnuts,si,ppm,977.0,3,pass,,jduong@lbl.gov,xrf
(15)aee8,47.0,,160,89.0,2025-10-28 10:42:00,cutaway,walnut shells,walnuts,ce,ppm,43.0,3,pass,,jduong@lbl.gov,xrf
(15)b130,47.0,,160,89.0,2025-10-28 10:42:00,cutaway,walnut shells,walnuts,ba,ppm,25.0,1,pass,,jduong@lbl.gov,xrf
(15)b707,47.0,,160,89.0,2025-10-28 10:42:00,cutaway,walnut shells,walnuts,ti,ppm,210.0,2,pass,,jduong@lbl.gov,xrf
(15)bc5c,47.0,,160,89.0,2025-10-28 10:42:00,cutaway,walnut shells,walnuts,ti,ppm,228.0,1,pass,,jduong@lbl.gov,xrf
(15)c0c0,47.0,,160,89.0,2025-10-28 10:42:00,cutaway,walnut shells,walnuts,u,ppm,16.0,2,pass,,jduong@lbl.gov,xrf
(15)c396,47.0,,160,89.0,2025-10-28 10:42:00,cutaway,walnut shells,walnuts,fe,ppm,85.0,3,pass,,jduong@lbl.gov,xrf
(15)c823,47.0,,160,89.0,2025-10-28 10:42:00,cutaway,walnut shells,walnuts,al,ppm,628.0,3,pass,,jduong@lbl.gov,xrf
(15)c846,47.0,,160,89.0,2025-10-28 10:42:00,cutaway,walnut shells,walnuts,si,ppm,939.0,2,pass,,jduong@lbl.gov,xrf
(15)cba3,47.0,,160,89.0,2025-10-28 10:42:00,cutaway,walnut shells,walnuts,s,ppm,341.0,3,pass,,jduong@lbl.gov,xrf
(15)cc90,47.0,,160,89.0,2025-10-28 10:42:00,cutaway,walnut shells,walnuts,sr,ppm,19.0,2,pass,,jduong@lbl.gov,xrf
(15)d38f,47.0,,160,89.0,2025-10-28 10:42:00,cutaway,walnut shells,walnuts,ba,ppm,25.0,2,pass,,jduong@lbl.gov,xrf
(15)d7c8,47.0,,160,89.0,2025-10-28 10:42:00,cutaway,walnut shells,walnuts,ca,ppm,4570.0,1,pass,,jduong@lbl.gov,xrf
(15)dc7b,47.0,,160,89.0,2025-10-28 10:42:00,cutaway,walnut shells,walnuts,ba,ppm,32.0,3,pass,,jduong@lbl.gov,xrf
(15)deae,47.0,,160,89.0,2025-10-28 10:42:00,cutaway,walnut shells,walnuts,k,ppm,4990.0,2,pass,,jduong@lbl.gov,xrf
(15)e759,47.0,,160,89.0,2025-10-28 10:42:00,cutaway,walnut shells,walnuts,al,ppm,794.0,2,pass,,jduong@lbl.gov,xrf
(15)f368,47.0,,160,89.0,2025-10-28 10:42:00,cutaway,walnut shells,walnuts,ce,ppm,53.0,2,pass,,jduong@lbl.gov,xrf
(15)f551,47.0,,160,89.0,2025-10-28 10:42:00,cutaway,walnut shells,walnuts,mn,ppm,33.0,1,pass,,jduong@lbl.gov,xrf
(15)fbf3,47.0,,160,89.0,2025-10-28 10:42:00,cutaway,walnut shells,walnuts,ce,ppm,45.0,1,pass,,jduong@lbl.gov,xrf
(19)02f4,44.0,,45,21.0,2024-11-21 18:40:00,energetic,walnut hulls,walnuts,ni,ppm,0.0,1,provisional,,xkang2@lbl.gov,xrf
(19)1637,44.0,,45,21.0,2024-11-21 18:40:00,energetic,walnut hulls,walnuts,u,ppm,14.0,1,provisional,,xkang2@lbl.gov,xrf
(19)16a6,44.0,,45,21.0,2024-11-21 18:40:00,energetic,walnut hulls,walnuts,pr,ppm,53.0,1,provisional,,xkang2@lbl.gov,xrf
(19)278a,44.0,,45,21.0,2024-11-21 18:40:00,energetic,walnut hulls,walnuts,se,ppm,0.0,1,provisional,,xkang2@lbl.gov,xrf
(19)3303,44.0,,45,21.0,2024-11-21 18:40:00,energetic,walnut hulls,walnuts,ti,ppm,0.0,1,provisional,,xkang2@lbl.gov,xrf
(19)3655,44.0,,45,21.0,2024-11-21 18:40:00,energetic,walnut hulls,walnuts,v,ppm,0.0,1,provisional,,xkang2@lbl.gov,xrf
(19)37ca,44.0,,45,21.0,2024-11-21 18:40:00,energetic,walnut hulls,walnuts,p,ppm,0.0,1,provisional,,xkang2@lbl.gov,xrf
(19)38c9,44.0,,45,21.0,2024-11-21 18:40:00,energetic,walnut hulls,walnuts,si,ppm,6540.0,1,provisional,,xkang2@lbl.gov,xrf
(19)55eb,44.0,,45,21.0,2024-11-21 18:40:00,energetic,walnut hulls,walnuts,sr,ppm,49.0,1,provisional,,xkang2@lbl.gov,xrf
(19)5874,44.0,,45,21.0,2024-11-21 18:40:00,energetic,walnut hulls,walnuts,w,ppm,0.0,1,provisional,,xkang2@lbl.gov,xrf
(19)6aed,44.0,,45,21.0,2024-11-21 18:40:00,energetic,walnut hulls,walnuts,cd,ppm,0.0,1,provisional,,xkang2@lbl.gov,xrf
(19)6fb1,44.0,,45,21.0,2024-11-21 18:40:00,energetic,walnut hulls,walnuts,ba,ppm,17.0,1,provisional,,xkang2@lbl.gov,xrf
(19)8819,44.0,,45,21.0,2024-11-21 18:40:00,energetic,walnut hulls,walnuts,sn,ppm,0.0,1,provisional,,xkang2@lbl.gov,xrf
(19)8bc9,44.0,,45,21.0,2024-11-21 18:40:00,energetic,walnut hulls,walnuts,y,ppm,0.0,1,provisional,,xkang2@lbl.gov,xrf
(19)8cb9,44.0,,45,21.0,2024-11-21 18:40:00,energetic,walnut hulls,walnuts,co,ppm,0.0,1,provisional,,xkang2@lbl.gov,xrf
(19)90a5,44.0,,45,21.0,2024-11-21 18:40:00,energetic,walnut hulls,walnuts,mo,ppm,11.0,1,provisional,,xkang2@lbl.gov,xrf
(19)9629,44.0,,45,21.0,2024-11-21 18:40:00,energetic,walnut hulls,walnuts,rb,ppm,14.0,1,provisional,,xkang2@lbl.gov,xrf
(19)9c14,44.0,,45,21.0,2024-11-21 18:40:00,energetic,walnut hulls,walnuts,sb,ppm,0.0,1,provisional,,xkang2@lbl.gov,xrf
(19)a5fe,44.0,,45,21.0,2024-11-21 18:40:00,energetic,walnut hulls,walnuts,k,ppm,3940.0,1,provisional,,xkang2@lbl.gov,xrf
(19)ade8,44.0,,45,21.0,2024-11-21 18:40:00,energetic,walnut hulls,walnuts,ag,ppm,0.0,1,provisional,,xkang2@lbl.gov,xrf
(19)b41c,44.0,,45,21.0,2024-11-21 18:40:00,energetic,walnut hulls,walnuts,th,ppm,73.0,1,provisional,,xkang2@lbl.gov,xrf
(19)b77b,44.0,,45,21.0,2024-11-21 18:40:00,energetic,walnut hulls,walnuts,ce,ppm,43.0,1,provisional,,xkang2@lbl.gov,xrf
(19)c238,44.0,,45,21.0,2024-11-21 18:40:00,energetic,walnut hulls,walnuts,mg,ppm,0.0,1,provisional,,xkang2@lbl.gov,xrf
(19)c4fb,44.0,,45,21.0,2024-11-21 18:40:00,energetic,walnut hulls,walnuts,fe,ppm,2830.0,1,provisional,,xkang2@lbl.gov,xrf
(19)c890,44.0,,45,21.0,2024-11-21 18:40:00,energetic,walnut hulls,walnuts,pb,ppm,0.0,1,provisional,,xkang2@lbl.gov,xrf
(19)cadd,44.0,,45,21.0,2024-11-21 18:40:00,energetic,walnut hulls,walnuts,nb,ppm,0.0,1,provisional,,xkang2@lbl.gov,xrf
(19)d4e1,44.0,,45,21.0,2024-11-21 18:40:00,energetic,walnut hulls,walnuts,al,ppm,0.0,1,provisional,,xkang2@lbl.gov,xrf
(19)d761,44.0,,45,21.0,2024-11-21 18:40:00,energetic,walnut hulls,walnuts,hg,ppm,0.0,1,provisional,,xkang2@lbl.gov,xrf
(19)db1e,44.0,,45,21.0,2024-11-21 18:40:00,energetic,walnut hulls,walnuts,cr,ppm,0.0,1,provisional,,xkang2@lbl.gov,xrf
(19)de3d,44.0,,45,21.0,2024-11-21 18:40:00,energetic,walnut hulls,walnuts,zr,ppm,0.0,1,provisional,,xkang2@lbl.gov,xrf
(19)e666,44.0,,45,21.0,2024-11-21 18:40:00,energetic,walnut hulls,walnuts,bi,ppm,0.0,1,provisional,,xkang2@lbl.gov,xrf
(19)e679,44.0,,45,21.0,2024-11-21 18:40:00,energetic,walnut hulls,walnuts,la,ppm,29.0,1,provisional,,xkang2@lbl.gov,xrf
(19)e74d,44.0,,45,21.0,2024-11-21 18:40:00,energetic,walnut hulls,walnuts,nd,ppm,76.0,1,provisional,,xkang2@lbl.gov,xrf
(19)e9e9,44.0,,45,21.0,2024-11-21 18:40:00,energetic,walnut hulls,walnuts,zn,ppm,13.0,1,provisional,,xkang2@lbl.gov,xrf
(19)eed6,44.0,,45,21.0,2024-11-21 18:40:00,energetic,walnut hulls,walnuts,mn,ppm,69.0,1,provisional,,xkang2@lbl.gov,xrf
(19)f0d5,44.0,,45,21.0,2024-11-21 18:40:00,energetic,walnut hulls,walnuts,ca,ppm,4370.0,1,provisional,,xkang2@lbl.gov,xrf
(19)f104,44.0,,45,21.0,2024-11-21 18:40:00,energetic,walnut hulls,walnuts,as,ppm,0.0,1,provisional,,xkang2@lbl.gov,xrf
(19)f5a6,44.0,,45,21.0,2024-11-21 18:40:00,energetic,walnut hulls,walnuts,s,ppm,168.0,1,provisional,,xkang2@lbl.gov,xrf
(19)f91f,44.0,,45,21.0,2024-11-21 18:40:00,energetic,walnut hulls,walnuts,cu,ppm,14.0,1,provisional,,xkang2@lbl.gov,xrf
(24)017d,47.0,,108,52.0,2025-08-27 11:15:00,boatswain,grape pomace,grapes,mn,ppm,36.0,3,pass,,jduong@lbl.gov,xrf
(24)073c,47.0,,108,52.0,2025-08-27 11:15:00,boatswain,grape pomace,grapes,ba,ppm,65.0,2,pass,,jduong@lbl.gov,xrf
(24)0db7,47.0,,108,52.0,2025-08-27 11:15:00,boatswain,grape pomace,grapes,ce,ppm,74.0,1,pass,,jduong@lbl.gov,xrf
(24)14de,47.0,,108,52.0,2025-08-27 11:15:00,boatswain,grape pomace,grapes,p,ppm,2670.0,2,pass,,jduong@lbl.gov,xrf
(24)1ba3,47.0,,108,52.0,2025-08-27 11:15:00,boatswain,grape pomace,grapes,zn,ppm,24.0,2,pass,,jduong@lbl.gov,xrf
(24)2053,47.0,,108,52.0,2025-08-27 11:15:00,boatswain,grape pomace,grapes,la,ppm,71.0,1,pass,,jduong@lbl.gov,xrf
(24)235a,47.0,,108,52.0,2025-08-27 11:15:00,boatswain,grape pomace,grapes,s,ppm,2590.0,3,pass,,jduong@lbl.gov,xrf
(24)3336,47.0,,108,52.0,2025-08-27 11:15:00,boatswain,grape pomace,grapes,ba,ppm,39.0,1,pass,,jduong@lbl.gov,xrf
(24)3380,47.0,,108,52.0,2025-08-27 11:15:00,boatswain,grape pomace,grapes,u,ppm,14.0,3,pass,,jduong@lbl.gov,xrf
(24)3474,47.0,,108,52.0,2025-08-27 11:15:00,boatswain,grape pomace,grapes,la,ppm,3030.0,3,pass,,jduong@lbl.gov,xrf
(24)4337,47.0,,108,52.0,2025-08-27 11:15:00,boatswain,grape pomace,grapes,mn,ppm,54.0,1,pass,,jduong@lbl.gov,xrf
(24)4cbe,47.0,,108,52.0,2025-08-27 11:15:00,boatswain,grape pomace,grapes,la,ppm,75.0,2,pass,,jduong@lbl.gov,xrf
(24)55e4,47.0,,108,52.0,2025-08-27 11:15:00,boatswain,grape pomace,grapes,u,ppm,12.0,1,pass,,jduong@lbl.gov,xrf
(24)5cba,47.0,,108,52.0,2025-08-27 11:15:00,boatswain,grape pomace,grapes,zn,ppm,26.0,3,pass,,jduong@lbl.gov,xrf
(24)6efc,47.0,,108,52.0,2025-08-27 11:15:00,boatswain,grape pomace,grapes,cu,ppm,22.0,2,pass,,jduong@lbl.gov,xrf
(24)7190,47.0,,108,52.0,2025-08-27 11:15:00,boatswain,grape pomace,grapes,k,ppm,20300.0,2,pass,,jduong@lbl.gov,xrf
(24)779c,47.0,,108,52.0,2025-08-27 11:15:00,boatswain,grape pomace,grapes,zn,ppm,23.0,1,pass,,jduong@lbl.gov,xrf
(24)7d9c,47.0,,108,52.0,2025-08-27 11:15:00,boatswain,grape pomace,grapes,ca,ppm,6500.0,3,pass,,jduong@lbl.gov,xrf
(24)80af,47.0,,108,52.0,2025-08-27 11:15:00,boatswain,grape pomace,grapes,fe,ppm,380.0,1,pass,,jduong@lbl.gov,xrf
(24)8e40,47.0,,108,52.0,2025-08-27 11:15:00,boatswain,grape pomace,grapes,mn,ppm,48.0,2,pass,,jduong@lbl.gov,xrf
(24)90b9,47.0,,108,52.0,2025-08-27 11:15:00,boatswain,grape pomace,grapes,p,ppm,2630.0,1,pass,,jduong@lbl.gov,xrf
(24)9495,47.0,,108,52.0,2025-08-27 11:15:00,boatswain,grape pomace,grapes,th,ppm,41.0,1,pass,,jduong@lbl.gov,xrf
(24)95d4,47.0,,108,52.0,2025-08-27 11:15:00,boatswain,grape pomace,grapes,th,ppm,36.0,2,pass,,jduong@lbl.gov,xrf
(24)964c,47.0,,108,52.0,2025-08-27 11:15:00,boatswain,grape pomace,grapes,sr,ppm,34.0,1,pass,,jduong@lbl.gov,xrf
(24)9d04,47.0,,108,52.0,2025-08-27 11:15:00,boatswain,grape pomace,grapes,fe,ppm,387.0,2,pass,,jduong@lbl.gov,xrf
(24)9e55,47.0,,108,52.0,2025-08-27 11:15:00,boatswain,grape pomace,grapes,ca,ppm,6540.0,2,pass,,jduong@lbl.gov,xrf
(24)a140,47.0,,108,52.0,2025-08-27 11:15:00,boatswain,grape pomace,grapes,s,ppm,2510.0,1,pass,,jduong@lbl.gov,xrf
(24)a238,47.0,,108,52.0,2025-08-27 11:15:00,boatswain,grape pomace,grapes,cu,ppm,22.0,3,pass,,jduong@lbl.gov,xrf
(24)b15e,47.0,,108,52.0,2025-08-27 11:15:00,boatswain,grape pomace,grapes,u,ppm,14.0,2,pass,,jduong@lbl.gov,xrf
(24)b3af,47.0,,108,52.0,2025-08-27 11:15:00,boatswain,grape pomace,grapes,sr,ppm,35.0,3,pass,,jduong@lbl.gov,xrf
(24)b5ac,47.0,,108,52.0,2025-08-27 11:15:00,boatswain,grape pomace,grapes,si,ppm,3270.0,3,pass,,jduong@lbl.gov,xrf
(24)bbdf,47.0,,108,52.0,2025-08-27 11:15:00,boatswain,grape pomace,grapes,th,ppm,42.0,3,pass,,jduong@lbl.gov,xrf
(24)bc68,47.0,,108,52.0,2025-08-27 11:15:00,boatswain,grape pomace,grapes,rb,ppm,3.0,1,pass,,jduong@lbl.gov,xrf
(24)bea0,47.0,,108,52.0,2025-08-27 11:15:00,boatswain,grape pomace,grapes,k,ppm,20300.0,3,pass,,jduong@lbl.gov,xrf
(24)c072,47.0,,108,52.0,2025-08-27 11:15:00,boatswain,grape pomace,grapes,s,ppm,2660.0,2,pass,,jduong@lbl.gov,xrf
(24)c419,47.0,,108,52.0,2025-08-27 11:15:00,boatswain,grape pomace,grapes,k,ppm,19200.0,1,pass,,jduong@lbl.gov,xrf
(24)c423,47.0,,108,52.0,2025-08-27 11:15:00,boatswain,grape pomace,grapes,si,ppm,3220.0,2,pass,,jduong@lbl.gov,xrf
(24)c76f,47.0,,108,52.0,2025-08-27 11:15:00,boatswain,grape pomace,grapes,ce,ppm,3990.0,3,pass,,jduong@lbl.gov,xrf
(24)c777,47.0,,108,52.0,2025-08-27 11:15:00,boatswain,grape pomace,grapes,ba,ppm,2090.0,3,pass,,jduong@lbl.gov,xrf
(24)c93f,47.0,,108,52.0,2025-08-27 11:15:00,boatswain,grape pomace,grapes,fe,ppm,389.0,3,pass,,jduong@lbl.gov,xrf
(24)c97d,47.0,,108,52.0,2025-08-27 11:15:00,boatswain,grape pomace,grapes,p,ppm,2690.0,3,pass,,jduong@lbl.gov,xrf
(24)d959,47.0,,108,52.0,2025-08-27 11:15:00,boatswain,grape pomace,grapes,cu,ppm,23.0,1,pass,,jduong@lbl.gov,xrf
(24)dcf4,47.0,,108,52.0,2025-08-27 11:15:00,boatswain,grape pomace,grapes,sr,ppm,36.0,2,pass,,jduong@lbl.gov,xrf
(24)e688,47.0,,108,52.0,2025-08-27 11:15:00,boatswain,grape pomace,grapes,rb,ppm,3.0,3,pass,,jduong@lbl.gov,xrf
(24)ed40,47.0,,108,52.0,2025-08-27 11:15:00,boatswain,grape pomace,grapes,si,ppm,3290.0,1,pass,,jduong@lbl.gov,xrf
(24)f293,47.0,,108,52.0,2025-08-27 11:15:00,boatswain,grape pomace,grapes,ce,ppm,116.0,2,pass,,jduong@lbl.gov,xrf
(24)f8ff,47.0,,108,52.0,2025-08-27 11:15:00,boatswain,grape pomace,grapes,rb,ppm,3.0,2,pass,,jduong@lbl.gov,xrf
(24)fec7,47.0,,108,52.0,2025-08-27 11:15:00,boatswain,grape pomace,grapes,ca,ppm,6740.0,1,pass,,jduong@lbl.gov,xrf
(27)0312,47.0,,144,71.0,2025-09-19 11:15:00,tiny,almond hulls,almonds,fe,ppm,463.0,3,pass,,jduong@lbl.gov,xrf
(27)0f78,47.0,,144,71.0,2025-09-19 11:15:00,tiny,almond hulls,almonds,k,ppm,32600.0,1,pass,,jduong@lbl.gov,xrf
(27)12e7,47.0,,144,71.0,2025-09-19 11:15:00,tiny,almond hulls,almonds,sr,ppm,18.0,3,pass,,jduong@lbl.gov,xrf
(27)1859,47.0,,144,71.0,2025-09-19 11:15:00,tiny,almond hulls,almonds,fe,ppm,500.0,1,pass,,jduong@lbl.gov,xrf
(27)1b32,47.0,,144,71.0,2025-09-19 11:15:00,tiny,almond hulls,almonds,zn,ppm,15.0,3,pass,,jduong@lbl.gov,xrf
(27)1d4d,47.0,,144,71.0,2025-09-19 11:15:00,tiny,almond hulls,almonds,si,ppm,2940.0,2,pass,,jduong@lbl.gov,xrf
(27)2cf6,47.0,,144,71.0,2025-09-19 11:15:00,tiny,almond hulls,almonds,cu,ppm,12.0,1,pass,,jduong@lbl.gov,xrf
(27)3513,47.0,,144,71.0,2025-09-19 11:15:00,tiny,almond hulls,almonds,k,ppm,33300.0,2,pass,,jduong@lbl.gov,xrf
(27)3849,47.0,,144,71.0,2025-09-19 11:15:00,tiny,almond hulls,almonds,th,ppm,47.0,1,pass,,jduong@lbl.gov,xrf
(27)3cec,47.0,,144,71.0,2025-09-19 11:15:00,tiny,almond hulls,almonds,p,ppm,1270.0,3,pass,,jduong@lbl.gov,xrf
(27)3e86,47.0,,144,71.0,2025-09-19 11:15:00,tiny,almond hulls,almonds,ca,ppm,2640.0,3,pass,,jduong@lbl.gov,xrf
(27)3f13,47.0,,144,71.0,2025-09-19 11:15:00,tiny,almond hulls,almonds,p,ppm,1240.0,1,pass,,jduong@lbl.gov,xrf
(27)5fa1,47.0,,144,71.0,2025-09-19 11:15:00,tiny,almond hulls,almonds,si,ppm,3150.0,3,pass,,jduong@lbl.gov,xrf
(27)61d2,47.0,,144,71.0,2025-09-19 11:15:00,tiny,almond hulls,almonds,nd,ppm,132.0,2,pass,,jduong@lbl.gov,xrf
(27)6534,47.0,,144,71.0,2025-09-19 11:15:00,tiny,almond hulls,almonds,rb,ppm,10.0,1,pass,,jduong@lbl.gov,xrf
(27)65d2,47.0,,144,71.0,2025-09-19 11:15:00,tiny,almond hulls,almonds,fe,ppm,462.0,2,pass,,jduong@lbl.gov,xrf
(27)67c0,47.0,,144,71.0,2025-09-19 11:15:00,tiny,almond hulls,almonds,u,ppm,14.0,1,pass,,jduong@lbl.gov,xrf
(27)67db,47.0,,144,71.0,2025-09-19 11:15:00,tiny,almond hulls,almonds,p,ppm,1310.0,2,pass,,jduong@lbl.gov,xrf
(27)6acb,47.0,,144,71.0,2025-09-19 11:15:00,tiny,almond hulls,almonds,rb,ppm,10.0,3,pass,,jduong@lbl.gov,xrf
(27)71b6,47.0,,144,71.0,2025-09-19 11:15:00,tiny,almond hulls,almonds,s,ppm,225.0,2,pass,,jduong@lbl.gov,xrf
(27)7234,47.0,,144,71.0,2025-09-19 11:15:00,tiny,almond hulls,almonds,s,ppm,273.0,3,pass,,jduong@lbl.gov,xrf
(27)7555,47.0,,144,71.0,2025-09-19 11:15:00,tiny,almond hulls,almonds,k,ppm,33500.0,3,pass,,jduong@lbl.gov,xrf
(27)75ce,47.0,,144,71.0,2025-09-19 11:15:00,tiny,almond hulls,almonds,mn,ppm,36.0,3,pass,,jduong@lbl.gov,xrf
(27)7675,47.0,,144,71.0,2025-09-19 11:15:00,tiny,almond hulls,almonds,th,ppm,46.0,3,pass,,jduong@lbl.gov,xrf
(27)845c,47.0,,144,71.0,2025-09-19 11:15:00,tiny,almond hulls,almonds,zn,ppm,15.0,2,pass,,jduong@lbl.gov,xrf
(27)854b,47.0,,144,71.0,2025-09-19 11:15:00,tiny,almond hulls,almonds,si,ppm,2980.0,1,pass,,jduong@lbl.gov,xrf
(27)86fa,47.0,,144,71.0,2025-09-19 11:15:00,tiny,almond hulls,almonds,cu,ppm,12.0,3,pass,,jduong@lbl.gov,xrf
(27)8cf6,47.0,,144,71.0,2025-09-19 11:15:00,tiny,almond hulls,almonds,ce,ppm,65.0,3,pass,,jduong@lbl.gov,xrf
(27)9743,47.0,,144,71.0,2025-09-19 11:15:00,tiny,almond hulls,almonds,ce,ppm,47.0,1,pass,,jduong@lbl.gov,xrf
(27)98eb,47.0,,144,71.0,2025-09-19 11:15:00,tiny,almond hulls,almonds,mn,ppm,46.0,2,pass,,jduong@lbl.gov,xrf
(27)9ace,47.0,,144,71.0,2025-09-19 11:15:00,tiny,almond hulls,almonds,nd,ppm,93.0,1,pass,,jduong@lbl.gov,xrf
(27)9af4,47.0,,144,71.0,2025-09-19 11:15:00,tiny,almond hulls,almonds,s,ppm,214.0,1,pass,,jduong@lbl.gov,xrf
(27)a0c4,47.0,,144,71.0,2025-09-19 11:15:00,tiny,almond hulls,almonds,sr,ppm,16.0,2,pass,,jduong@lbl.gov,xrf
(27)b043,47.0,,144,71.0,2025-09-19 11:15:00,tiny,almond hulls,almonds,ca,ppm,2680.0,2,pass,,jduong@lbl.gov,xrf
(27)b6ae,47.0,,144,71.0,2025-09-19 11:15:00,tiny,almond hulls,almonds,u,ppm,15.0,2,pass,,jduong@lbl.gov,xrf
(27)bda6,47.0,,144,71.0,2025-09-19 11:15:00,tiny,almond hulls,almonds,th,ppm,41.0,2,pass,,jduong@lbl.gov,xrf
(27)c4dc,47.0,,144,71.0,2025-09-19 11:15:00,tiny,almond hulls,almonds,mn,ppm,34.0,1,pass,,jduong@lbl.gov,xrf
(27)d003,47.0,,144,71.0,2025-09-19 11:15:00,tiny,almond hulls,almonds,cu,ppm,12.0,2,pass,,jduong@lbl.gov,xrf
(27)d090,47.0,,144,71.0,2025-09-19 11:15:00,tiny,almond hulls,almonds,sr,ppm,17.0,1,pass,,jduong@lbl.gov,xrf
(27)ddf2,47.0,,144,71.0,2025-09-19 11:15:00,tiny,almond hulls,almonds,ca,ppm,2620.0,1,pass,,jduong@lbl.gov,xrf
(27)e35f,47.0,,144,71.0,2025-09-19 11:15:00,tiny,almond hulls,almonds,zn,ppm,16.0,1,pass,,jduong@lbl.gov,xrf
(27)e706,47.0,,144,71.0,2025-09-19 11:15:00,tiny,almond hulls,almonds,ce,ppm,48.0,2,pass,,jduong@lbl.gov,xrf
(27)edc1,47.0,,144,71.0,2025-09-19 11:15:00,tiny,almond hulls,almonds,rb,ppm,8.0,2,pass,,jduong@lbl.gov,xrf
(27)f621,47.0,,144,71.0,2025-09-19 11:15:00,tiny,almond hulls,almonds,u,ppm,12.0,3,pass,,jduong@lbl.gov,xrf
(29)030e,44.0,,44,20.0,2024-11-21 18:10:00,energetic,walnut shells,walnuts,se,ppm,0.0,1,provisional,,xkang2@lbl.gov,xrf
(29)06ad,44.0,,44,20.0,2024-11-21 18:10:00,energetic,walnut shells,walnuts,cd,ppm,0.0,1,provisional,,xkang2@lbl.gov,xrf
(29)0ab9,44.0,,44,20.0,2024-11-21 18:10:00,energetic,walnut shells,walnuts,pb,ppm,0.0,1,provisional,,xkang2@lbl.gov,xrf
(29)0b5a,44.0,,44,20.0,2024-11-21 18:10:00,energetic,walnut shells,walnuts,al,ppm,0.0,1,provisional,,xkang2@lbl.gov,xrf
(29)16ec,44.0,,44,20.0,2024-11-21 18:10:00,energetic,walnut shells,walnuts,nd,ppm,0.0,1,provisional,,xkang2@lbl.gov,xrf
(29)186d,44.0,,44,20.0,2024-11-21 18:10:00,energetic,walnut shells,walnuts,w,ppm,0.0,1,provisional,,xkang2@lbl.gov,xrf
(29)1def,44.0,,44,20.0,2024-11-21 18:10:00,energetic,walnut shells,walnuts,fe,ppm,41.0,1,provisional,,xkang2@lbl.gov,xrf
(29)2496,44.0,,44,20.0,2024-11-21 18:10:00,energetic,walnut shells,walnuts,sb,ppm,0.0,1,provisional,,xkang2@lbl.gov,xrf
(29)3e7f,44.0,,44,20.0,2024-11-21 18:10:00,energetic,walnut shells,walnuts,as,ppm,0.0,1,provisional,,xkang2@lbl.gov,xrf
(29)4607,44.0,,44,20.0,2024-11-21 18:10:00,energetic,walnut shells,walnuts,ca,ppm,8200.0,1,provisional,,xkang2@lbl.gov,xrf
(29)4b23,44.0,,44,20.0,2024-11-21 18:10:00,energetic,walnut shells,walnuts,k,ppm,12700.0,1,provisional,,xkang2@lbl.gov,xrf
(29)55e0,44.0,,44,20.0,2024-11-21 18:10:00,energetic,walnut shells,walnuts,ba,ppm,36.0,1,provisional,,xkang2@lbl.gov,xrf
(29)5c08,44.0,,44,20.0,2024-11-21 18:10:00,energetic,walnut shells,walnuts,mg,ppm,0.0,1,provisional,,xkang2@lbl.gov,xrf
(29)5c68,44.0,,44,20.0,2024-11-21 18:10:00,energetic,walnut shells,walnuts,rb,ppm,0.0,1,provisional,,xkang2@lbl.gov,xrf
(29)5dbe,44.0,,44,20.0,2024-11-21 18:10:00,energetic,walnut shells,walnuts,sn,ppm,0.0,1,provisional,,xkang2@lbl.gov,xrf
(29)5fac,44.0,,44,20.0,2024-11-21 18:10:00,energetic,walnut shells,walnuts,mo,ppm,6.0,1,provisional,,xkang2@lbl.gov,xrf
(29)6322,44.0,,44,20.0,2024-11-21 18:10:00,energetic,walnut shells,walnuts,cu,ppm,15.0,1,provisional,,xkang2@lbl.gov,xrf
(29)7924,44.0,,44,20.0,2024-11-21 18:10:00,energetic,walnut shells,walnuts,la,ppm,60.0,1,provisional,,xkang2@lbl.gov,xrf
(29)7a00,44.0,,44,20.0,2024-11-21 18:10:00,energetic,walnut shells,walnuts,p,ppm,705.0,1,provisional,,xkang2@lbl.gov,xrf
(29)80ed,44.0,,44,20.0,2024-11-21 18:10:00,energetic,walnut shells,walnuts,sr,ppm,18.0,1,provisional,,xkang2@lbl.gov,xrf
(29)845f,44.0,,44,20.0,2024-11-21 18:10:00,energetic,walnut shells,walnuts,v,ppm,0.0,1,provisional,,xkang2@lbl.gov,xrf
(29)8fb5,44.0,,44,20.0,2024-11-21 18:10:00,energetic,walnut shells,walnuts,mn,ppm,34.0,1,provisional,,xkang2@lbl.gov,xrf
(29)aa06,44.0,,44,20.0,2024-11-21 18:10:00,energetic,walnut shells,walnuts,ce,ppm,0.0,1,provisional,,xkang2@lbl.gov,xrf
(29)aaf5,44.0,,44,20.0,2024-11-21 18:10:00,energetic,walnut shells,walnuts,hg,ppm,0.0,1,provisional,,xkang2@lbl.gov,xrf
(29)c080,44.0,,44,20.0,2024-11-21 18:10:00,energetic,walnut shells,walnuts,zn,ppm,21.0,1,provisional,,xkang2@lbl.gov,xrf
(29)c0b6,44.0,,44,20.0,2024-11-21 18:10:00,energetic,walnut shells,walnuts,y,ppm,0.0,1,provisional,,xkang2@lbl.gov,xrf
(29)c2c4,44.0,,44,20.0,2024-11-21 18:10:00,energetic,walnut shells,walnuts,zr,ppm,0.0,1,provisional,,xkang2@lbl.gov,xrf
(29)c43e,44.0,,44,20.0,2024-11-21 18:10:00,energetic,walnut shells,walnuts,si,ppm,400.0,1,provisional,,xkang2@lbl.gov,xrf
(29)cfef,44.0,,44,20.0,2024-11-21 18:10:00,energetic,walnut shells,walnuts,nb,ppm,0.0,1,provisional,,xkang2@lbl.gov,xrf
(29)da7e,44.0,,44,20.0,2024-11-21 18:10:00,energetic,walnut shells,walnuts,s,ppm,332.0,1,provisional,,xkang2@lbl.gov,xrf
(29)dd24,44.0,,44,20.0,2024-11-21 18:10:00,energetic,walnut shells,walnuts,bi,ppm,0.0,1,provisional,,xkang2@lbl.gov,xrf
(29)e246,44.0,,44,20.0,2024-11-21 18:10:00,energetic,walnut shells,walnuts,pr,ppm,0.0,1,provisional,,xkang2@lbl.gov,xrf
(29)ea64,44.0,,44,20.0,2024-11-21 18:10:00,energetic,walnut shells,walnuts,ag,ppm,3.0,1,provisional,,xkang2@lbl.gov,xrf
(29)eda5,44.0,,44,20.0,2024-11-21 18:10:00,energetic,walnut shells,walnuts,co,ppm,0.0,1,provisional,,xkang2@lbl.gov,xrf
(29)efab,44.0,,44,20.0,2024-11-21 18:10:00,energetic,walnut shells,walnuts,cr,ppm,0.0,1,provisional,,xkang2@lbl.gov,xrf
(29)f31d,44.0,,44,20.0,2024-11-21 18:10:00,energetic,walnut shells,walnuts,ni,ppm,0.0,1,provisional,,xkang2@lbl.gov,xrf
(29)fbc4,44.0,,44,20.0,2024-11-21 18:10:00,energetic,walnut shells,walnuts,u,ppm,22.0,1,provisional,,xkang2@lbl.gov,xrf
(29)fdf5,44.0,,44,20.0,2024-11-21 18:10:00,energetic,walnut shells,walnuts,th,ppm,72.0,1,provisional,,xkang2@lbl.gov,xrf
(29)fe09,44.0,,44,20.0,2024-11-21 18:10:00,energetic,walnut shells,walnuts,ti,ppm,0.0,1,provisional,,xkang2@lbl.gov,xrf
(3c)06e7,47.0,,77,33.0,2025-06-30 10:45:00,possessive,alfalfa,hay - alfalfa,ti,ppm,210.0,1,pass,,jduong@lbl.gov,xrf
(3c)0963,47.0,,77,33.0,2025-06-30 10:45:00,possessive,alfalfa,hay - alfalfa,p,ppm,2850.0,2,pass,,jduong@lbl.gov,xrf
(3c)0ac6,47.0,,77,33.0,2025-06-30 10:45:00,possessive,alfalfa,hay - alfalfa,p,ppm,2820.0,3,pass,,jduong@lbl.gov,xrf
(3c)0d51,47.0,,77,33.0,2025-06-30 10:45:00,possessive,alfalfa,hay - alfalfa,s,ppm,5450.0,1,pass,,jduong@lbl.gov,xrf
(3c)0dc1,47.0,,77,33.0,2025-06-30 10:45:00,possessive,alfalfa,hay - alfalfa,sr,ppm,129.0,3,pass,,jduong@lbl.gov,xrf
(3c)1002,47.0,,77,33.0,2025-06-30 10:45:00,possessive,alfalfa,hay - alfalfa,cu,ppm,24.0,3,pass,,jduong@lbl.gov,xrf
(3c)1f46,47.0,,77,33.0,2025-06-30 10:45:00,possessive,alfalfa,hay - alfalfa,cu,ppm,28.0,2,pass,,jduong@lbl.gov,xrf
(3c)2216,47.0,,77,33.0,2025-06-30 10:45:00,possessive,alfalfa,hay - alfalfa,ca,ppm,28500.0,2,pass,,jduong@lbl.gov,xrf
(3c)2527,47.0,,77,33.0,2025-06-30 10:45:00,possessive,alfalfa,hay - alfalfa,ba,ppm,32.0,3,pass,,jduong@lbl.gov,xrf
(3c)3685,47.0,,77,33.0,2025-06-30 10:45:00,possessive,alfalfa,hay - alfalfa,mg,ppm,12600.0,3,pass,,jduong@lbl.gov,xrf
(3c)3c97,47.0,,77,33.0,2025-06-30 10:45:00,possessive,alfalfa,hay - alfalfa,zn,ppm,49.0,1,pass,,jduong@lbl.gov,xrf
(3c)41dd,47.0,,77,33.0,2025-06-30 10:45:00,possessive,alfalfa,hay - alfalfa,u,ppm,19.0,2,pass,,jduong@lbl.gov,xrf
(3c)4266,47.0,,77,33.0,2025-06-30 10:45:00,possessive,alfalfa,hay - alfalfa,fe,ppm,731.0,2,pass,,jduong@lbl.gov,xrf
(3c)42e7,47.0,,77,33.0,2025-06-30 10:45:00,possessive,alfalfa,hay - alfalfa,s,ppm,5030.0,2,pass,,jduong@lbl.gov,xrf
(3c)498c,47.0,,77,33.0,2025-06-30 10:45:00,possessive,alfalfa,hay - alfalfa,th,ppm,52.0,3,pass,,jduong@lbl.gov,xrf
(3c)499c,47.0,,77,33.0,2025-06-30 10:45:00,possessive,alfalfa,hay - alfalfa,mo,ppm,6.0,3,pass,,jduong@lbl.gov,xrf
(3c)4cd3,47.0,,77,33.0,2025-06-30 10:45:00,possessive,alfalfa,hay - alfalfa,p,ppm,2970.0,1,pass,,jduong@lbl.gov,xrf
(3c)5217,47.0,,77,33.0,2025-06-30 10:45:00,possessive,alfalfa,hay - alfalfa,k,ppm,15800.0,1,pass,,jduong@lbl.gov,xrf
(3c)571f,47.0,,77,33.0,2025-06-30 10:45:00,possessive,alfalfa,hay - alfalfa,ba,ppm,21.0,2,pass,,jduong@lbl.gov,xrf
(3c)591a,47.0,,77,33.0,2025-06-30 10:45:00,possessive,alfalfa,hay - alfalfa,ca,ppm,26200.0,3,pass,,jduong@lbl.gov,xrf
(3c)5a02,47.0,,77,33.0,2025-06-30 10:45:00,possessive,alfalfa,hay - alfalfa,al,ppm,2310.0,2,pass,,jduong@lbl.gov,xrf
(3c)5d2a,47.0,,77,33.0,2025-06-30 10:45:00,possessive,alfalfa,hay - alfalfa,rb,ppm,51.0,3,pass,,jduong@lbl.gov,xrf
(3c)5d2d,47.0,,77,33.0,2025-06-30 10:45:00,possessive,alfalfa,hay - alfalfa,si,ppm,5200.0,1,pass,,jduong@lbl.gov,xrf
(3c)6380,47.0,,77,33.0,2025-06-30 10:45:00,possessive,alfalfa,hay - alfalfa,fe,ppm,738.0,1,pass,,jduong@lbl.gov,xrf
(3c)63ce,47.0,,77,33.0,2025-06-30 10:45:00,possessive,alfalfa,hay - alfalfa,zn,ppm,50.0,3,pass,,jduong@lbl.gov,xrf
(3c)6b5b,47.0,,77,33.0,2025-06-30 10:45:00,possessive,alfalfa,hay - alfalfa,mo,ppm,9.0,1,pass,,jduong@lbl.gov,xrf
(3c)6c00,47.0,,77,33.0,2025-06-30 10:45:00,possessive,alfalfa,hay - alfalfa,s,ppm,4890.0,3,pass,,jduong@lbl.gov,xrf
(3c)6efb,47.0,,77,33.0,2025-06-30 10:45:00,possessive,alfalfa,hay - alfalfa,zn,ppm,46.0,2,pass,,jduong@lbl.gov,xrf
(3c)7021,47.0,,77,33.0,2025-06-30 10:45:00,possessive,alfalfa,hay - alfalfa,u,ppm,19.0,1,pass,,jduong@lbl.gov,xrf
(3c)7a73,47.0,,77,33.0,2025-06-30 10:45:00,possessive,alfalfa,hay - alfalfa,sr,ppm,132.0,1,pass,,jduong@lbl.gov,xrf
(3c)7cb1,47.0,,77,33.0,2025-06-30 10:45:00,possessive,alfalfa,hay - alfalfa,th,ppm,59.0,2,pass,,jduong@lbl.gov,xrf
(3c)8416,47.0,,77,33.0,2025-06-30 10:45:00,possessive,alfalfa,hay - alfalfa,mo,ppm,12.0,2,pass,,jduong@lbl.gov,xrf
(3c)8474,47.0,,77,33.0,2025-06-30 10:45:00,possessive,alfalfa,hay - alfalfa,u,ppm,22.0,3,pass,,jduong@lbl.gov,xrf
(3c)86cb,47.0,,77,33.0,2025-06-30 10:45:00,possessive,alfalfa,hay - alfalfa,pb,ppm,4.0,2,pass,,jduong@lbl.gov,xrf
(3c)8a22,47.0,,77,33.0,2025-06-30 10:45:00,possessive,alfalfa,hay - alfalfa,sr,ppm,133.0,2,pass,,jduong@lbl.gov,xrf
(3c)8c25,47.0,,77,33.0,2025-06-30 10:45:00,possessive,alfalfa,hay - alfalfa,k,ppm,15700.0,3,pass,,jduong@lbl.gov,xrf
(3c)8c59,47.0,,77,33.0,2025-06-30 10:45:00,possessive,alfalfa,hay - alfalfa,rb,ppm,53.0,2,pass,,jduong@lbl.gov,xrf
(3c)8e19,47.0,,77,33.0,2025-06-30 10:45:00,possessive,alfalfa,hay - alfalfa,mg,ppm,8500.0,1,pass,,jduong@lbl.gov,xrf
(3c)9178,47.0,,77,33.0,2025-06-30 10:45:00,possessive,alfalfa,hay - alfalfa,al,ppm,2570.0,1,pass,,jduong@lbl.gov,xrf
(3c)91be,47.0,,77,33.0,2025-06-30 10:45:00,possessive,alfalfa,hay - alfalfa,si,ppm,5400.0,3,pass,,jduong@lbl.gov,xrf
(3c)9bd2,47.0,,77,33.0,2025-06-30 10:45:00,possessive,alfalfa,hay - alfalfa,ba,ppm,25.0,1,pass,,jduong@lbl.gov,xrf
(3c)a0c1,47.0,,77,33.0,2025-06-30 10:45:00,possessive,alfalfa,hay - alfalfa,cu,ppm,28.0,1,pass,,jduong@lbl.gov,xrf
(3c)a571,47.0,,77,33.0,2025-06-30 10:45:00,possessive,alfalfa,hay - alfalfa,pr,ppm,58.0,3,pass,,jduong@lbl.gov,xrf
(3c)a739,47.0,,77,33.0,2025-06-30 10:45:00,possessive,alfalfa,hay - alfalfa,mn,ppm,87.0,1,pass,,jduong@lbl.gov,xrf
(3c)a980,47.0,,77,33.0,2025-06-30 10:45:00,possessive,alfalfa,hay - alfalfa,mn,ppm,78.0,3,pass,,jduong@lbl.gov,xrf
(3c)b25e,47.0,,77,33.0,2025-06-30 10:45:00,possessive,alfalfa,hay - alfalfa,k,ppm,16500.0,2,pass,,jduong@lbl.gov,xrf
(3c)b4bd,47.0,,77,33.0,2025-06-30 10:45:00,possessive,alfalfa,hay - alfalfa,pb,ppm,4.0,3,pass,,jduong@lbl.gov,xrf
(3c)b5b6,47.0,,77,33.0,2025-06-30 10:45:00,possessive,alfalfa,hay - alfalfa,ce,ppm,40.0,1,pass,,jduong@lbl.gov,xrf
(3c)ba3d,47.0,,77,33.0,2025-06-30 10:45:00,possessive,alfalfa,hay - alfalfa,ce,ppm,45.0,3,pass,,jduong@lbl.gov,xrf
(3c)bf79,47.0,,77,33.0,2025-06-30 10:45:00,possessive,alfalfa,hay - alfalfa,fe,ppm,598.0,3,pass,,jduong@lbl.gov,xrf
(3c)c4db,47.0,,77,33.0,2025-06-30 10:45:00,possessive,alfalfa,hay - alfalfa,th,ppm,60.0,1,pass,,jduong@lbl.gov,xrf
(3c)c9ed,47.0,,77,33.0,2025-06-30 10:45:00,possessive,alfalfa,hay - alfalfa,ca,ppm,29800.0,1,pass,,jduong@lbl.gov,xrf
(3c)d5df,47.0,,77,33.0,2025-06-30 10:45:00,possessive,alfalfa,hay - alfalfa,pr,ppm,67.0,2,pass,,jduong@lbl.gov,xrf
(3c)d61c,47.0,,77,33.0,2025-06-30 10:45:00,possessive,alfalfa,hay - alfalfa,mn,ppm,70.0,2,pass,,jduong@lbl.gov,xrf
(3c)d65e,47.0,,77,33.0,2025-06-30 10:45:00,possessive,alfalfa,hay - alfalfa,mg,ppm,11900.0,2,pass,,jduong@lbl.gov,xrf
(3c)d6c9,47.0,,77,33.0,2025-06-30 10:45:00,possessive,alfalfa,hay - alfalfa,al,ppm,2770.0,3,pass,,jduong@lbl.gov,xrf
(3c)dbd9,47.0,,77,33.0,2025-06-30 10:45:00,possessive,alfalfa,hay - alfalfa,si,ppm,5060.0,2,pass,,jduong@lbl.gov,xrf
(3c)e679,47.0,,77,33.0,2025-06-30 10:45:00,possessive,alfalfa,hay - alfalfa,rb,ppm,52.0,1,pass,,jduong@lbl.gov,xrf
(3c)f1a9,47.0,,77,33.0,2025-06-30 10:45:00,possessive,alfalfa,hay - alfalfa,pb,ppm,4.0,1,pass,,jduong@lbl.gov,xrf
(42)00bd,47.0,,81,36.0,2025-06-30 12:15:00,possessive,rice straw,rice,th,ppm,63.0,1,pass,,jduong@lbl.gov,xrf
(42)02da,47.0,,81,36.0,2025-06-30 12:15:00,possessive,rice straw,rice,sr,ppm,30.0,2,pass,,jduong@lbl.gov,xrf
(42)0652,47.0,,81,36.0,2025-06-30 12:15:00,possessive,rice straw,rice,mo,ppm,10.0,2,pass,,jduong@lbl.gov,xrf
(42)0cc3,47.0,,81,36.0,2025-06-30 12:15:00,possessive,rice straw,rice,ba,ppm,30.0,3,pass,,jduong@lbl.gov,xrf
(42)0ff6,47.0,,81,36.0,2025-06-30 12:15:00,possessive,rice straw,rice,k,ppm,32800.0,3,pass,,jduong@lbl.gov,xrf
(42)1364,47.0,,81,36.0,2025-06-30 12:15:00,possessive,rice straw,rice,ba,ppm,24.0,2,pass,,jduong@lbl.gov,xrf
(42)141b,47.0,,81,36.0,2025-06-30 12:15:00,possessive,rice straw,rice,k,ppm,32900.0,2,pass,,jduong@lbl.gov,xrf
(42)23fb,47.0,,81,36.0,2025-06-30 12:15:00,possessive,rice straw,rice,pb,ppm,7.0,3,pass,,jduong@lbl.gov,xrf
(42)27a1,47.0,,81,36.0,2025-06-30 12:15:00,possessive,rice straw,rice,ca,ppm,9860.0,3,pass,,jduong@lbl.gov,xrf
(42)27ce,47.0,,81,36.0,2025-06-30 12:15:00,possessive,rice straw,rice,cu,ppm,18.0,3,pass,,jduong@lbl.gov,xrf
(42)2aba,47.0,,81,36.0,2025-06-30 12:15:00,possessive,rice straw,rice,ti,ppm,559.0,2,pass,,jduong@lbl.gov,xrf
(42)2f18,47.0,,81,36.0,2025-06-30 12:15:00,possessive,rice straw,rice,mn,ppm,920.0,1,pass,,jduong@lbl.gov,xrf
(42)33af,47.0,,81,36.0,2025-06-30 12:15:00,possessive,rice straw,rice,al,ppm,8930.0,3,pass,,jduong@lbl.gov,xrf
(42)33f4,47.0,,81,36.0,2025-06-30 12:15:00,possessive,rice straw,rice,mg,ppm,9700.0,2,pass,,jduong@lbl.gov,xrf
(42)3574,47.0,,81,36.0,2025-06-30 12:15:00,possessive,rice straw,rice,mg,ppm,7060.0,3,pass,,jduong@lbl.gov,xrf
(42)4739,47.0,,81,36.0,2025-06-30 12:15:00,possessive,rice straw,rice,fe,ppm,4350.0,1,pass,,jduong@lbl.gov,xrf
(42)4886,47.0,,81,36.0,2025-06-30 12:15:00,possessive,rice straw,rice,ti,ppm,459.0,1,pass,,jduong@lbl.gov,xrf
(42)4fd0,47.0,,81,36.0,2025-06-30 12:15:00,possessive,rice straw,rice,fe,ppm,4290.0,2,pass,,jduong@lbl.gov,xrf
(42)5074,47.0,,81,36.0,2025-06-30 12:15:00,possessive,rice straw,rice,zn,ppm,66.0,2,pass,,jduong@lbl.gov,xrf
(42)58a4,47.0,,81,36.0,2025-06-30 12:15:00,possessive,rice straw,rice,zn,ppm,65.0,3,pass,,jduong@lbl.gov,xrf
(42)6055,47.0,,81,36.0,2025-06-30 12:15:00,possessive,rice straw,rice,mo,ppm,13.0,3,pass,,jduong@lbl.gov,xrf
(42)606e,47.0,,81,36.0,2025-06-30 12:15:00,possessive,rice straw,rice,rb,ppm,45.0,3,pass,,jduong@lbl.gov,xrf
(42)646b,47.0,,81,36.0,2025-06-30 12:15:00,possessive,rice straw,rice,si,ppm,91600.0,2,pass,,jduong@lbl.gov,xrf
(42)6d2d,47.0,,81,36.0,2025-06-30 12:15:00,possessive,rice straw,rice,u,ppm,20.0,3,pass,,jduong@lbl.gov,xrf
(42)7245,47.0,,81,36.0,2025-06-30 12:15:00,possessive,rice straw,rice,s,ppm,4250.0,3,pass,,jduong@lbl.gov,xrf
(42)81a4,47.0,,81,36.0,2025-06-30 12:15:00,possessive,rice straw,rice,rb,ppm,45.0,1,pass,,jduong@lbl.gov,xrf
(42)835a,47.0,,81,36.0,2025-06-30 12:15:00,possessive,rice straw,rice,u,ppm,23.0,1,pass,,jduong@lbl.gov,xrf
(42)85a9,47.0,,81,36.0,2025-06-30 12:15:00,possessive,rice straw,rice,sr,ppm,30.0,3,pass,,jduong@lbl.gov,xrf
(42)8dba,47.0,,81,36.0,2025-06-30 12:15:00,possessive,rice straw,rice,mo,ppm,10.0,1,pass,,jduong@lbl.gov,xrf
(42)8e9c,47.0,,81,36.0,2025-06-30 12:15:00,possessive,rice straw,rice,th,ppm,68.0,3,pass,,jduong@lbl.gov,xrf
(42)90d7,47.0,,81,36.0,2025-06-30 12:15:00,possessive,rice straw,rice,s,ppm,4260.0,1,pass,,jduong@lbl.gov,xrf
(42)9894,47.0,,81,36.0,2025-06-30 12:15:00,possessive,rice straw,rice,al,ppm,8150.0,1,pass,,jduong@lbl.gov,xrf
(42)a467,47.0,,81,36.0,2025-06-30 12:15:00,possessive,rice straw,rice,cu,ppm,24.0,1,pass,,jduong@lbl.gov,xrf
(42)aa88,47.0,,81,36.0,2025-06-30 12:15:00,possessive,rice straw,rice,ba,ppm,36.0,1,pass,,jduong@lbl.gov,xrf
(42)ae01,47.0,,81,36.0,2025-06-30 12:15:00,possessive,rice straw,rice,as,ppm,8.0,2,pass,,jduong@lbl.gov,xrf
(42)b359,47.0,,81,36.0,2025-06-30 12:15:00,possessive,rice straw,rice,ca,ppm,10500.0,2,pass,,jduong@lbl.gov,xrf
(42)b665,47.0,,81,36.0,2025-06-30 12:15:00,possessive,rice straw,rice,as,ppm,7.0,3,pass,,jduong@lbl.gov,xrf
(42)c2aa,47.0,,81,36.0,2025-06-30 12:15:00,possessive,rice straw,rice,pb,ppm,7.0,1,pass,,jduong@lbl.gov,xrf
(42)c5fe,47.0,,81,36.0,2025-06-30 12:15:00,possessive,rice straw,rice,ca,ppm,9890.0,1,pass,,jduong@lbl.gov,xrf
(42)c813,47.0,,81,36.0,2025-06-30 12:15:00,possessive,rice straw,rice,si,ppm,88000.0,1,pass,,jduong@lbl.gov,xrf
(42)ce3b,47.0,,81,36.0,2025-06-30 12:15:00,possessive,rice straw,rice,mn,ppm,968.0,3,pass,,jduong@lbl.gov,xrf
(42)d223,47.0,,81,36.0,2025-06-30 12:15:00,possessive,rice straw,rice,cu,ppm,23.0,2,pass,,jduong@lbl.gov,xrf
(42)d2c7,47.0,,81,36.0,2025-06-30 12:15:00,possessive,rice straw,rice,pb,ppm,7.0,2,pass,,jduong@lbl.gov,xrf
(42)d51d,47.0,,81,36.0,2025-06-30 12:15:00,possessive,rice straw,rice,as,ppm,7.0,1,pass,,jduong@lbl.gov,xrf
(42)d6ff,47.0,,81,36.0,2025-06-30 12:15:00,possessive,rice straw,rice,p,ppm,2560.0,2,pass,,jduong@lbl.gov,xrf
(42)d91d,47.0,,81,36.0,2025-06-30 12:15:00,possessive,rice straw,rice,s,ppm,4300.0,2,pass,,jduong@lbl.gov,xrf
(42)dbc4,47.0,,81,36.0,2025-06-30 12:15:00,possessive,rice straw,rice,al,ppm,8470.0,2,pass,,jduong@lbl.gov,xrf
(42)de8f,47.0,,81,36.0,2025-06-30 12:15:00,possessive,rice straw,rice,mg,ppm,8540.0,1,pass,,jduong@lbl.gov,xrf
(42)df09,47.0,,81,36.0,2025-06-30 12:15:00,possessive,rice straw,rice,u,ppm,22.0,2,pass,,jduong@lbl.gov,xrf
(42)df9a,47.0,,81,36.0,2025-06-30 12:15:00,possessive,rice straw,rice,fe,ppm,4280.0,3,pass,,jduong@lbl.gov,xrf
(42)dfa5,47.0,,81,36.0,2025-06-30 12:15:00,possessive,rice straw,rice,p,ppm,2430.0,1,pass,,jduong@lbl.gov,xrf
(42)e4b6,47.0,,81,36.0,2025-06-30 12:15:00,possessive,rice straw,rice,sr,ppm,34.0,1,pass,,jduong@lbl.gov,xrf
(42)e4f1,47.0,,81,36.0,2025-06-30 12:15:00,possessive,rice straw,rice,si,ppm,89300.0,3,pass,,jduong@lbl.gov,xrf
(42)e694,47.0,,81,36.0,2025-06-30 12:15:00,possessive,rice straw,rice,k,ppm,32400.0,1,pass,,jduong@lbl.gov,xrf
(42)ec83,47.0,,81,36.0,2025-06-30 12:15:00,possessive,rice straw,rice,p,ppm,2420.0,3,pass,,jduong@lbl.gov,xrf
(42)eda6,47.0,,81,36.0,2025-06-30 12:15:00,possessive,rice straw,rice,zn,ppm,64.0,1,pass,,jduong@lbl.gov,xrf
(42)edc0,47.0,,81,36.0,2025-06-30 12:15:00,possessive,rice straw,rice,mn,ppm,957.0,2,pass,,jduong@lbl.gov,xrf
(42)f48f,47.0,,81,36.0,2025-06-30 12:15:00,possessive,rice straw,rice,ti,ppm,476.0,3,pass,,jduong@lbl.gov,xrf
(42)f66d,47.0,,81,36.0,2025-06-30 12:15:00,possessive,rice straw,rice,th,ppm,72.0,2,pass,,jduong@lbl.gov,xrf
(42)fd60,47.0,,81,36.0,2025-06-30 12:15:00,possessive,rice straw,rice,rb,ppm,47.0,2,pass,,jduong@lbl.gov,xrf
(48)0028,47.0,,125,60.0,2025-08-27 12:35:00,rigging,spent oak chips,grapes,mn,ppm,20.0,1,pass,,jduong@lbl.gov,xrf
(48)05de,47.0,,125,60.0,2025-08-27 12:35:00,rigging,spent oak chips,grapes,ti,ppm,184.0,2,pass,,jduong@lbl.gov,xrf
(48)06bb,47.0,,125,60.0,2025-08-27 12:35:00,rigging,spent oak chips,grapes,zn,ppm,9.0,1,pass,,jduong@lbl.gov,xrf
(48)06c7,47.0,,125,60.0,2025-08-27 12:35:00,rigging,spent oak chips,grapes,k,ppm,22300.0,1,pass,,jduong@lbl.gov,xrf
(48)098e,47.0,,125,60.0,2025-08-27 12:35:00,rigging,spent oak chips,grapes,ba,ppm,25.0,1,pass,,jduong@lbl.gov,xrf
(48)0a1a,47.0,,125,60.0,2025-08-27 12:35:00,rigging,spent oak chips,grapes,cu,ppm,10.0,3,pass,,jduong@lbl.gov,xrf
(48)0a9f,47.0,,125,60.0,2025-08-27 12:35:00,rigging,spent oak chips,grapes,ce,ppm,64.0,3,pass,,jduong@lbl.gov,xrf
(48)0d90,47.0,,125,60.0,2025-08-27 12:35:00,rigging,spent oak chips,grapes,u,ppm,17.0,1,pass,,jduong@lbl.gov,xrf
(48)118d,47.0,,125,60.0,2025-08-27 12:35:00,rigging,spent oak chips,grapes,k,ppm,32100.0,3,pass,,jduong@lbl.gov,xrf
(48)1491,47.0,,125,60.0,2025-08-27 12:35:00,rigging,spent oak chips,grapes,cu,ppm,9.0,1,pass,,jduong@lbl.gov,xrf
(48)1a28,47.0,,125,60.0,2025-08-27 12:35:00,rigging,spent oak chips,grapes,mo,ppm,4.0,1,pass,,jduong@lbl.gov,xrf
(48)1f4d,47.0,,125,60.0,2025-08-27 12:35:00,rigging,spent oak chips,grapes,rb,ppm,18.0,1,pass,,jduong@lbl.gov,xrf
(48)2597,47.0,,125,60.0,2025-08-27 12:35:00,rigging,spent oak chips,grapes,si,ppm,503.0,1,pass,,jduong@lbl.gov,xrf
(48)3e59,47.0,,125,60.0,2025-08-27 12:35:00,rigging,spent oak chips,grapes,zn,ppm,9.0,2,pass,,jduong@lbl.gov,xrf
(48)435d,47.0,,125,60.0,2025-08-27 12:35:00,rigging,spent oak chips,grapes,ti,ppm,252.0,3,pass,,jduong@lbl.gov,xrf
(48)5010,47.0,,125,60.0,2025-08-27 12:35:00,rigging,spent oak chips,grapes,th,ppm,57.0,1,pass,,jduong@lbl.gov,xrf
(48)5469,47.0,,125,60.0,2025-08-27 12:35:00,rigging,spent oak chips,grapes,s,ppm,1660.0,2,pass,,jduong@lbl.gov,xrf
(48)5b71,47.0,,125,60.0,2025-08-27 12:35:00,rigging,spent oak chips,grapes,sr,ppm,5.0,2,pass,,jduong@lbl.gov,xrf
(48)5d1c,47.0,,125,60.0,2025-08-27 12:35:00,rigging,spent oak chips,grapes,fe,ppm,136.0,1,pass,,jduong@lbl.gov,xrf
(48)61cf,47.0,,125,60.0,2025-08-27 12:35:00,rigging,spent oak chips,grapes,k,ppm,32000.0,2,pass,,jduong@lbl.gov,xrf
(48)6513,47.0,,125,60.0,2025-08-27 12:35:00,rigging,spent oak chips,grapes,u,ppm,16.0,3,pass,,jduong@lbl.gov,xrf
(48)66e8,47.0,,125,60.0,2025-08-27 12:35:00,rigging,spent oak chips,grapes,ce,ppm,48.0,1,pass,,jduong@lbl.gov,xrf
(48)68fb,47.0,,125,60.0,2025-08-27 12:35:00,rigging,spent oak chips,grapes,ca,ppm,1380.0,1,pass,,jduong@lbl.gov,xrf
(48)690f,47.0,,125,60.0,2025-08-27 12:35:00,rigging,spent oak chips,grapes,th,ppm,50.0,2,pass,,jduong@lbl.gov,xrf
(48)749d,47.0,,125,60.0,2025-08-27 12:35:00,rigging,spent oak chips,grapes,th,ppm,56.0,3,pass,,jduong@lbl.gov,xrf
(48)7694,47.0,,125,60.0,2025-08-27 12:35:00,rigging,spent oak chips,grapes,ba,ppm,21.0,3,pass,,jduong@lbl.gov,xrf
(48)9155,47.0,,125,60.0,2025-08-27 12:35:00,rigging,spent oak chips,grapes,u,ppm,15.0,2,pass,,jduong@lbl.gov,xrf
(48)9756,47.0,,125,60.0,2025-08-27 12:35:00,rigging,spent oak chips,grapes,si,ppm,475.0,3,pass,,jduong@lbl.gov,xrf
(48)9844,47.0,,125,60.0,2025-08-27 12:35:00,rigging,spent oak chips,grapes,fe,ppm,126.0,2,pass,,jduong@lbl.gov,xrf
(48)9bd5,47.0,,125,60.0,2025-08-27 12:35:00,rigging,spent oak chips,grapes,mo,ppm,6.0,2,pass,,jduong@lbl.gov,xrf
(48)a73d,47.0,,125,60.0,2025-08-27 12:35:00,rigging,spent oak chips,grapes,sr,ppm,6.0,3,pass,,jduong@lbl.gov,xrf
(48)afe3,47.0,,125,60.0,2025-08-27 12:35:00,rigging,spent oak chips,grapes,p,ppm,382.0,3,pass,,jduong@lbl.gov,xrf
(48)b3f9,47.0,,125,60.0,2025-08-27 12:35:00,rigging,spent oak chips,grapes,sr,ppm,5.0,1,pass,,jduong@lbl.gov,xrf
(48)b713,47.0,,125,60.0,2025-08-27 12:35:00,rigging,spent oak chips,grapes,s,ppm,1620.0,3,pass,,jduong@lbl.gov,xrf
(48)bd1e,47.0,,125,60.0,2025-08-27 12:35:00,rigging,spent oak chips,grapes,rb,ppm,20.0,3,pass,,jduong@lbl.gov,xrf
(48)c60a,47.0,,125,60.0,2025-08-27 12:35:00,rigging,spent oak chips,grapes,ca,ppm,1720.0,2,pass,,jduong@lbl.gov,xrf
(48)d3c5,47.0,,125,60.0,2025-08-27 12:35:00,rigging,spent oak chips,grapes,cu,ppm,9.0,2,pass,,jduong@lbl.gov,xrf
(48)d3ca,47.0,,125,60.0,2025-08-27 12:35:00,rigging,spent oak chips,grapes,ca,ppm,1730.0,3,pass,,jduong@lbl.gov,xrf
(48)d6ad,47.0,,125,60.0,2025-08-27 12:35:00,rigging,spent oak chips,grapes,zn,ppm,9.0,3,pass,,jduong@lbl.gov,xrf
(48)de20,47.0,,125,60.0,2025-08-27 12:35:00,rigging,spent oak chips,grapes,si,ppm,396.0,2,pass,,jduong@lbl.gov,xrf
(48)e5b8,47.0,,125,60.0,2025-08-27 12:35:00,rigging,spent oak chips,grapes,s,ppm,1790.0,1,pass,,jduong@lbl.gov,xrf
(48)e8ea,47.0,,125,60.0,2025-08-27 12:35:00,rigging,spent oak chips,grapes,ce,ppm,44.0,2,pass,,jduong@lbl.gov,xrf
(48)ea46,47.0,,125,60.0,2025-08-27 12:35:00,rigging,spent oak chips,grapes,mn,ppm,25.0,3,pass,,jduong@lbl.gov,xrf
(48)eb5d,47.0,,125,60.0,2025-08-27 12:35:00,rigging,spent oak chips,grapes,fe,ppm,125.0,3,pass,,jduong@lbl.gov,xrf
(48)f34e,47.0,,125,60.0,2025-08-27 12:35:00,rigging,spent oak chips,grapes,p,ppm,370.0,2,pass,,jduong@lbl.gov,xrf
(48)f6fa,47.0,,125,60.0,2025-08-27 12:35:00,rigging,spent oak chips,grapes,ti,ppm,179.0,1,pass,,jduong@lbl.gov,xrf
(48)f75c,47.0,,125,60.0,2025-08-27 12:35:00,rigging,spent oak chips,grapes,mn,ppm,29.0,2,pass,,jduong@lbl.gov,xrf
(48)f8a1,47.0,,125,60.0,2025-08-27 12:35:00,rigging,spent oak chips,grapes,rb,ppm,20.0,2,pass,,jduong@lbl.gov,xrf
(48)f90a,47.0,,125,60.0,2025-08-27 12:35:00,rigging,spent oak chips,grapes,p,ppm,447.0,1,pass,,jduong@lbl.gov,xrf
(4c)01fb,47.0,,145,65.0,2025-09-16 09:30:00,humorous,almond branches,almonds,ba,ppm,30.0,1,pass,,jduong@lbl.gov,xrf
(4c)0781,47.0,,145,65.0,2025-09-16 09:30:00,humorous,almond branches,almonds,s,ppm,798.0,2,pass,,jduong@lbl.gov,xrf
(4c)0a11,47.0,,145,65.0,2025-09-16 09:30:00,humorous,almond branches,almonds,pb,ppm,3.0,3,pass,,jduong@lbl.gov,xrf
(4c)0c47,47.0,,145,65.0,2025-09-16 09:30:00,humorous,almond branches,almonds,th,ppm,52.0,3,pass,,jduong@lbl.gov,xrf
(4c)18d2,47.0,,145,65.0,2025-09-16 09:30:00,humorous,almond branches,almonds,ca,ppm,14800.0,3,pass,,jduong@lbl.gov,xrf
(4c)24e6,47.0,,145,65.0,2025-09-16 09:30:00,humorous,almond branches,almonds,ba,ppm,30.0,3,pass,,jduong@lbl.gov,xrf
(4c)2850,47.0,,145,65.0,2025-09-16 09:30:00,humorous,almond branches,almonds,zn,ppm,37.0,3,pass,,jduong@lbl.gov,xrf
(4c)2d30,47.0,,145,65.0,2025-09-16 09:30:00,humorous,almond branches,almonds,ca,ppm,13900.0,1,pass,,jduong@lbl.gov,xrf
(4c)2f11,47.0,,145,65.0,2025-09-16 09:30:00,humorous,almond branches,almonds,p,ppm,1110.0,2,pass,,jduong@lbl.gov,xrf
(4c)318f,47.0,,145,65.0,2025-09-16 09:30:00,humorous,almond branches,almonds,mn,ppm,106.0,3,pass,,jduong@lbl.gov,xrf
(4c)3298,47.0,,145,65.0,2025-09-16 09:30:00,humorous,almond branches,almonds,zn,ppm,29.0,1,pass,,jduong@lbl.gov,xrf
(4c)3361,47.0,,145,65.0,2025-09-16 09:30:00,humorous,almond branches,almonds,zn,ppm,37.0,2,pass,,jduong@lbl.gov,xrf
(4c)3b8d,47.0,,145,65.0,2025-09-16 09:30:00,humorous,almond branches,almonds,pr,ppm,90.0,3,pass,,jduong@lbl.gov,xrf
(4c)415a,47.0,,145,65.0,2025-09-16 09:30:00,humorous,almond branches,almonds,mn,ppm,90.0,1,pass,,jduong@lbl.gov,xrf
(4c)44cd,47.0,,145,65.0,2025-09-16 09:30:00,humorous,almond branches,almonds,ba,ppm,44.0,2,pass,,jduong@lbl.gov,xrf
(4c)512b,47.0,,145,65.0,2025-09-16 09:30:00,humorous,almond branches,almonds,la,ppm,36.0,2,pass,,jduong@lbl.gov,xrf
(4c)532e,47.0,,145,65.0,2025-09-16 09:30:00,humorous,almond branches,almonds,pb,ppm,3.0,2,pass,,jduong@lbl.gov,xrf
(4c)5f14,47.0,,145,65.0,2025-09-16 09:30:00,humorous,almond branches,almonds,k,ppm,3680.0,3,pass,,jduong@lbl.gov,xrf
(4c)6587,47.0,,145,65.0,2025-09-16 09:30:00,humorous,almond branches,almonds,th,ppm,52.0,2,pass,,jduong@lbl.gov,xrf
(4c)6ce3,47.0,,145,65.0,2025-09-16 09:30:00,humorous,almond branches,almonds,fe,ppm,537.0,3,pass,,jduong@lbl.gov,xrf
(4c)6cef,47.0,,145,65.0,2025-09-16 09:30:00,humorous,almond branches,almonds,u,ppm,21.0,3,pass,,jduong@lbl.gov,xrf
(4c)7171,47.0,,145,65.0,2025-09-16 09:30:00,humorous,almond branches,almonds,pr,ppm,70.0,2,pass,,jduong@lbl.gov,xrf
(4c)718b,47.0,,145,65.0,2025-09-16 09:30:00,humorous,almond branches,almonds,u,ppm,21.0,2,pass,,jduong@lbl.gov,xrf
(4c)7edc,47.0,,145,65.0,2025-09-16 09:30:00,humorous,almond branches,almonds,si,ppm,4440.0,2,pass,,jduong@lbl.gov,xrf
(4c)871a,47.0,,145,65.0,2025-09-16 09:30:00,humorous,almond branches,almonds,fe,ppm,508.0,1,pass,,jduong@lbl.gov,xrf
(4c)8bac,47.0,,145,65.0,2025-09-16 09:30:00,humorous,almond branches,almonds,cu,ppm,46.0,2,pass,,jduong@lbl.gov,xrf
(4c)8c88,47.0,,145,65.0,2025-09-16 09:30:00,humorous,almond branches,almonds,al,ppm,1830.0,1,pass,,jduong@lbl.gov,xrf
(4c)8d6e,47.0,,145,65.0,2025-09-16 09:30:00,humorous,almond branches,almonds,p,ppm,1130.0,3,pass,,jduong@lbl.gov,xrf
(4c)8df5,47.0,,145,65.0,2025-09-16 09:30:00,humorous,almond branches,almonds,s,ppm,799.0,3,pass,,jduong@lbl.gov,xrf
(4c)909e,47.0,,145,65.0,2025-09-16 09:30:00,humorous,almond branches,almonds,ti,ppm,207.0,2,pass,,jduong@lbl.gov,xrf
(4c)9406,47.0,,145,65.0,2025-09-16 09:30:00,humorous,almond branches,almonds,al,ppm,2010.0,3,pass,,jduong@lbl.gov,xrf
(4c)978e,47.0,,145,65.0,2025-09-16 09:30:00,humorous,almond branches,almonds,al,ppm,2480.0,2,pass,,jduong@lbl.gov,xrf
(4c)9845,47.0,,145,65.0,2025-09-16 09:30:00,humorous,almond branches,almonds,k,ppm,3560.0,2,pass,,jduong@lbl.gov,xrf
(4c)9a91,47.0,,145,65.0,2025-09-16 09:30:00,humorous,almond branches,almonds,sr,ppm,102.0,1,pass,,jduong@lbl.gov,xrf
(4c)a61b,47.0,,145,65.0,2025-09-16 09:30:00,humorous,almond branches,almonds,cu,ppm,53.0,3,pass,,jduong@lbl.gov,xrf
(4c)a8c6,47.0,,145,65.0,2025-09-16 09:30:00,humorous,almond branches,almonds,ca,ppm,14400.0,2,pass,,jduong@lbl.gov,xrf
(4c)aad7,47.0,,145,65.0,2025-09-16 09:30:00,humorous,almond branches,almonds,mn,ppm,96.0,2,pass,,jduong@lbl.gov,xrf
(4c)aca6,47.0,,145,65.0,2025-09-16 09:30:00,humorous,almond branches,almonds,pr,ppm,66.0,1,pass,,jduong@lbl.gov,xrf
(4c)b52e,47.0,,145,65.0,2025-09-16 09:30:00,humorous,almond branches,almonds,k,ppm,3700.0,1,pass,,jduong@lbl.gov,xrf
(4c)bf75,47.0,,145,65.0,2025-09-16 09:30:00,humorous,almond branches,almonds,p,ppm,1120.0,1,pass,,jduong@lbl.gov,xrf
(4c)c1f0,47.0,,145,65.0,2025-09-16 09:30:00,humorous,almond branches,almonds,sr,ppm,102.0,3,pass,,jduong@lbl.gov,xrf
(4c)c3f8,47.0,,145,65.0,2025-09-16 09:30:00,humorous,almond branches,almonds,u,ppm,21.0,1,pass,,jduong@lbl.gov,xrf
(4c)c889,47.0,,145,65.0,2025-09-16 09:30:00,humorous,almond branches,almonds,fe,ppm,544.0,2,pass,,jduong@lbl.gov,xrf
(4c)cb09,47.0,,145,65.0,2025-09-16 09:30:00,humorous,almond branches,almonds,ti,ppm,181.0,1,pass,,jduong@lbl.gov,xrf
(4c)d431,47.0,,145,65.0,2025-09-16 09:30:00,humorous,almond branches,almonds,s,ppm,754.0,1,pass,,jduong@lbl.gov,xrf
(4c)d8e6,47.0,,145,65.0,2025-09-16 09:30:00,humorous,almond branches,almonds,cu,ppm,47.0,1,pass,,jduong@lbl.gov,xrf
(4c)dbea,47.0,,145,65.0,2025-09-16 09:30:00,humorous,almond branches,almonds,sr,ppm,101.0,2,pass,,jduong@lbl.gov,xrf
(4c)e434,47.0,,145,65.0,2025-09-16 09:30:00,humorous,almond branches,almonds,la,ppm,33.0,1,pass,,jduong@lbl.gov,xrf
(4c)e751,47.0,,145,65.0,2025-09-16 09:30:00,humorous,almond branches,almonds,si,ppm,4150.0,3,pass,,jduong@lbl.gov,xrf
(4c)f674,47.0,,145,65.0,2025-09-16 09:30:00,humorous,almond branches,almonds,si,ppm,4140.0,1,pass,,jduong@lbl.gov,xrf
(4c)f943,47.0,,145,65.0,2025-09-16 09:30:00,humorous,almond branches,almonds,th,ppm,49.0,1,pass,,jduong@lbl.gov,xrf
(51)1b6d,44.0,,46,22.0,2024-11-26 11:10:00,energetic,walnut tree sticks,walnuts,sr,ppm,6.0,1,provisional,,xkang2@lbl.gov,xrf
(51)266c,44.0,,46,22.0,2024-11-26 11:10:00,energetic,walnut tree sticks,walnuts,pb,ppm,9.0,1,provisional,,xkang2@lbl.gov,xrf
(51)32e0,44.0,,46,22.0,2024-11-26 11:10:00,energetic,walnut tree sticks,walnuts,zr,ppm,17.0,1,provisional,,xkang2@lbl.gov,xrf
(51)3972,44.0,,46,22.0,2024-11-26 11:10:00,energetic,walnut tree sticks,walnuts,as,ppm,0.0,1,provisional,,xkang2@lbl.gov,xrf
(51)3a77,44.0,,46,22.0,2024-11-26 11:10:00,energetic,walnut tree sticks,walnuts,sb,ppm,0.0,1,provisional,,xkang2@lbl.gov,xrf
(51)3ea8,44.0,,46,22.0,2024-11-26 11:10:00,energetic,walnut tree sticks,walnuts,k,ppm,3620.0,1,provisional,,xkang2@lbl.gov,xrf
(51)4355,44.0,,46,22.0,2024-11-26 11:10:00,energetic,walnut tree sticks,walnuts,mo,ppm,0.0,1,provisional,,xkang2@lbl.gov,xrf
(51)54f2,44.0,,46,22.0,2024-11-26 11:10:00,energetic,walnut tree sticks,walnuts,mg,ppm,0.0,1,provisional,,xkang2@lbl.gov,xrf
(51)5784,44.0,,46,22.0,2024-11-26 11:10:00,energetic,walnut tree sticks,walnuts,si,ppm,33200.0,1,provisional,,xkang2@lbl.gov,xrf
(51)5c64,44.0,,46,22.0,2024-11-26 11:10:00,energetic,walnut tree sticks,walnuts,w,ppm,0.0,1,provisional,,xkang2@lbl.gov,xrf
(51)6065,44.0,,46,22.0,2024-11-26 11:10:00,energetic,walnut tree sticks,walnuts,y,ppm,0.0,1,provisional,,xkang2@lbl.gov,xrf
(51)612b,44.0,,46,22.0,2024-11-26 11:10:00,energetic,walnut tree sticks,walnuts,rb,ppm,0.0,1,provisional,,xkang2@lbl.gov,xrf
(51)6294,44.0,,46,22.0,2024-11-26 11:10:00,energetic,walnut tree sticks,walnuts,cu,ppm,18.0,1,provisional,,xkang2@lbl.gov,xrf
(51)6de8,44.0,,46,22.0,2024-11-26 11:10:00,energetic,walnut tree sticks,walnuts,cd,ppm,0.0,1,provisional,,xkang2@lbl.gov,xrf
(51)6e93,44.0,,46,22.0,2024-11-26 11:10:00,energetic,walnut tree sticks,walnuts,v,ppm,0.0,1,provisional,,xkang2@lbl.gov,xrf
(51)7364,44.0,,46,22.0,2024-11-26 11:10:00,energetic,walnut tree sticks,walnuts,bi,ppm,0.0,1,provisional,,xkang2@lbl.gov,xrf
(51)784d,44.0,,46,22.0,2024-11-26 11:10:00,energetic,walnut tree sticks,walnuts,al,ppm,18600.0,1,provisional,,xkang2@lbl.gov,xrf
(51)85d2,44.0,,46,22.0,2024-11-26 11:10:00,energetic,walnut tree sticks,walnuts,cr,ppm,0.0,1,provisional,,xkang2@lbl.gov,xrf
(51)8987,44.0,,46,22.0,2024-11-26 11:10:00,energetic,walnut tree sticks,walnuts,ti,ppm,2370.0,1,provisional,,xkang2@lbl.gov,xrf
(51)8d84,44.0,,46,22.0,2024-11-26 11:10:00,energetic,walnut tree sticks,walnuts,p,ppm,783.0,1,provisional,,xkang2@lbl.gov,xrf
(51)95fd,44.0,,46,22.0,2024-11-26 11:10:00,energetic,walnut tree sticks,walnuts,ba,ppm,0.0,1,provisional,,xkang2@lbl.gov,xrf
(51)9bf6,44.0,,46,22.0,2024-11-26 11:10:00,energetic,walnut tree sticks,walnuts,mn,ppm,223.0,1,provisional,,xkang2@lbl.gov,xrf
(51)a7b6,44.0,,46,22.0,2024-11-26 11:10:00,energetic,walnut tree sticks,walnuts,zn,ppm,37.0,1,provisional,,xkang2@lbl.gov,xrf
(51)ab92,44.0,,46,22.0,2024-11-26 11:10:00,energetic,walnut tree sticks,walnuts,nb,ppm,0.0,1,provisional,,xkang2@lbl.gov,xrf
(51)b0a9,44.0,,46,22.0,2024-11-26 11:10:00,energetic,walnut tree sticks,walnuts,sn,ppm,0.0,1,provisional,,xkang2@lbl.gov,xrf
(51)b445,44.0,,46,22.0,2024-11-26 11:10:00,energetic,walnut tree sticks,walnuts,ag,ppm,0.0,1,provisional,,xkang2@lbl.gov,xrf
(51)b4f9,44.0,,46,22.0,2024-11-26 11:10:00,energetic,walnut tree sticks,walnuts,ce,ppm,0.0,1,provisional,,xkang2@lbl.gov,xrf
(51)bed2,44.0,,46,22.0,2024-11-26 11:10:00,energetic,walnut tree sticks,walnuts,th,ppm,60.0,1,provisional,,xkang2@lbl.gov,xrf
(51)c340,44.0,,46,22.0,2024-11-26 11:10:00,energetic,walnut tree sticks,walnuts,se,ppm,0.0,1,provisional,,xkang2@lbl.gov,xrf
(51)cb31,44.0,,46,22.0,2024-11-26 11:10:00,energetic,walnut tree sticks,walnuts,ni,ppm,0.0,1,provisional,,xkang2@lbl.gov,xrf
(51)ce96,44.0,,46,22.0,2024-11-26 11:10:00,energetic,walnut tree sticks,walnuts,hg,ppm,0.0,1,provisional,,xkang2@lbl.gov,xrf
(51)d238,44.0,,46,22.0,2024-11-26 11:10:00,energetic,walnut tree sticks,walnuts,u,ppm,21.0,1,provisional,,xkang2@lbl.gov,xrf
(51)daee,44.0,,46,22.0,2024-11-26 11:10:00,energetic,walnut tree sticks,walnuts,nd,ppm,0.0,1,provisional,,xkang2@lbl.gov,xrf
(51)db7f,44.0,,46,22.0,2024-11-26 11:10:00,energetic,walnut tree sticks,walnuts,pr,ppm,0.0,1,provisional,,xkang2@lbl.gov,xrf
(51)e459,44.0,,46,22.0,2024-11-26 11:10:00,energetic,walnut tree sticks,walnuts,fe,ppm,11000.0,1,provisional,,xkang2@lbl.gov,xrf
(51)e5af,44.0,,46,22.0,2024-11-26 11:10:00,energetic,walnut tree sticks,walnuts,co,ppm,0.0,1,provisional,,xkang2@lbl.gov,xrf
(51)eaf0,44.0,,46,22.0,2024-11-26 11:10:00,energetic,walnut tree sticks,walnuts,la,ppm,0.0,1,provisional,,xkang2@lbl.gov,xrf
(51)eb26,44.0,,46,22.0,2024-11-26 11:10:00,energetic,walnut tree sticks,walnuts,ca,ppm,1300.0,1,provisional,,xkang2@lbl.gov,xrf
(51)f60a,44.0,,46,22.0,2024-11-26 11:10:00,energetic,walnut tree sticks,walnuts,s,ppm,820.0,1,provisional,,xkang2@lbl.gov,xrf
(60)0836,46.0,,41,16.0,2024-11-21 15:10:00,tiny,almond shells,almonds,ba,ppm,0.0,1,provisional,,xkang2@lbl.gov,xrf
(60)083a,46.0,,41,16.0,2024-11-21 15:10:00,tiny,almond shells,almonds,cd,ppm,0.0,1,provisional,,xkang2@lbl.gov,xrf
(60)0bbc,46.0,,41,16.0,2024-11-21 15:10:00,tiny,almond shells,almonds,ce,ppm,0.0,1,provisional,,xkang2@lbl.gov,xrf
(60)195f,46.0,,41,16.0,2024-11-21 15:10:00,tiny,almond shells,almonds,si,ppm,13500.0,1,provisional,,xkang2@lbl.gov,xrf
(60)210a,46.0,,41,16.0,2024-11-21 15:10:00,tiny,almond shells,almonds,v,ppm,0.0,1,provisional,,xkang2@lbl.gov,xrf
(60)34dc,46.0,,41,16.0,2024-11-21 15:10:00,tiny,almond shells,almonds,la,ppm,0.0,1,provisional,,xkang2@lbl.gov,xrf
(60)472d,46.0,,41,16.0,2024-11-21 15:10:00,tiny,almond shells,almonds,fe,ppm,941.0,1,provisional,,xkang2@lbl.gov,xrf
(60)48a6,46.0,,41,16.0,2024-11-21 15:10:00,tiny,almond shells,almonds,al,ppm,4760.0,1,provisional,,xkang2@lbl.gov,xrf
(60)534f,46.0,,41,16.0,2024-11-21 15:10:00,tiny,almond shells,almonds,nb,ppm,0.0,1,provisional,,xkang2@lbl.gov,xrf
(60)5e0f,46.0,,41,16.0,2024-11-21 15:10:00,tiny,almond shells,almonds,cr,ppm,0.0,1,provisional,,xkang2@lbl.gov,xrf
(60)63de,46.0,,41,16.0,2024-11-21 15:10:00,tiny,almond shells,almonds,ag,ppm,0.0,1,provisional,,xkang2@lbl.gov,xrf
(60)7942,46.0,,41,16.0,2024-11-21 15:10:00,tiny,almond shells,almonds,cu,ppm,13.0,1,provisional,,xkang2@lbl.gov,xrf
(60)7f39,46.0,,41,16.0,2024-11-21 15:10:00,tiny,almond shells,almonds,nd,ppm,66.0,1,provisional,,xkang2@lbl.gov,xrf
(60)802d,46.0,,41,16.0,2024-11-21 15:10:00,tiny,almond shells,almonds,ca,ppm,7530.0,1,provisional,,xkang2@lbl.gov,xrf
(60)8186,46.0,,41,16.0,2024-11-21 15:10:00,tiny,almond shells,almonds,hg,ppm,0.0,1,provisional,,xkang2@lbl.gov,xrf
(60)8372,46.0,,41,16.0,2024-11-21 15:10:00,tiny,almond shells,almonds,ni,ppm,0.0,1,provisional,,xkang2@lbl.gov,xrf
(60)83e5,46.0,,41,16.0,2024-11-21 15:10:00,tiny,almond shells,almonds,as,ppm,0.0,1,provisional,,xkang2@lbl.gov,xrf
(60)8f24,46.0,,41,16.0,2024-11-21 15:10:00,tiny,almond shells,almonds,rb,ppm,0.0,1,provisional,,xkang2@lbl.gov,xrf
(60)99da,46.0,,41,16.0,2024-11-21 15:10:00,tiny,almond shells,almonds,sb,ppm,0.0,1,provisional,,xkang2@lbl.gov,xrf
(60)a0d8,46.0,,41,16.0,2024-11-21 15:10:00,tiny,almond shells,almonds,w,ppm,0.0,1,provisional,,xkang2@lbl.gov,xrf
(60)b4f6,46.0,,41,16.0,2024-11-21 15:10:00,tiny,almond shells,almonds,k,ppm,23200.0,1,provisional,,xkang2@lbl.gov,xrf
(60)baba,46.0,,41,16.0,2024-11-21 15:10:00,tiny,almond shells,almonds,th,ppm,85.0,1,provisional,,xkang2@lbl.gov,xrf
(60)bc2a,46.0,,41,16.0,2024-11-21 15:10:00,tiny,almond shells,almonds,mg,ppm,0.0,1,provisional,,xkang2@lbl.gov,xrf
(60)be99,46.0,,41,16.0,2024-11-21 15:10:00,tiny,almond shells,almonds,p,ppm,339.0,1,provisional,,xkang2@lbl.gov,xrf
(60)c966,46.0,,41,16.0,2024-11-21 15:10:00,tiny,almond shells,almonds,co,ppm,0.0,1,provisional,,xkang2@lbl.gov,xrf
(60)cc2b,46.0,,41,16.0,2024-11-21 15:10:00,tiny,almond shells,almonds,se,ppm,0.0,1,provisional,,xkang2@lbl.gov,xrf
(60)cc97,46.0,,41,16.0,2024-11-21 15:10:00,tiny,almond shells,almonds,y,ppm,0.0,1,provisional,,xkang2@lbl.gov,xrf
(60)d32a,46.0,,41,16.0,2024-11-21 15:10:00,tiny,almond shells,almonds,pb,ppm,0.0,1,provisional,,xkang2@lbl.gov,xrf
(60)d682,46.0,,41,16.0,2024-11-21 15:10:00,tiny,almond shells,almonds,ti,ppm,421.0,1,provisional,,xkang2@lbl.gov,xrf
(60)ddeb,46.0,,41,16.0,2024-11-21 15:10:00,tiny,almond shells,almonds,bi,ppm,0.0,1,provisional,,xkang2@lbl.gov,xrf
(60)dea5,46.0,,41,16.0,2024-11-21 15:10:00,tiny,almond shells,almonds,sn,ppm,0.0,1,provisional,,xkang2@lbl.gov,xrf
(60)ec56,46.0,,41,16.0,2024-11-21 15:10:00,tiny,almond shells,almonds,mo,ppm,0.0,1,provisional,,xkang2@lbl.gov,xrf
(60)f45e,46.0,,41,16.0,2024-11-21 15:10:00,tiny,almond shells,almonds,pr,ppm,0.0,1,provisional,,xkang2@lbl.gov,xrf
(60)f538,46.0,,41,16.0,2024-11-21 15:10:00,tiny,almond shells,almonds,u,ppm,21.0,1,provisional,,xkang2@lbl.gov,xrf
(60)f714,46.0,,41,16.0,2024-11-21 15:10:00,tiny,almond shells,almonds,mn,ppm,47.0,1,provisional,,xkang2@lbl.gov,xrf
(60)f88b,46.0,,41,16.0,2024-11-21 15:10:00,tiny,almond shells,almonds,s,ppm,431.0,1,provisional,,xkang2@lbl.gov,xrf
(60)fa52,46.0,,41,16.0,2024-11-21 15:10:00,tiny,almond shells,almonds,sr,ppm,48.0,1,provisional,,xkang2@lbl.gov,xrf
(60)fe21,46.0,,41,16.0,2024-11-21 15:10:00,tiny,almond shells,almonds,zn,ppm,16.0,1,provisional,,xkang2@lbl.gov,xrf
(60)ff63,46.0,,41,16.0,2024-11-21 15:10:00,tiny,almond shells,almonds,zr,ppm,0.0,1,provisional,,xkang2@lbl.gov,xrf
(62)00c5,47.0,,80,34.0,2025-06-30 11:15:00,possessive,wheat straw,winter wheat,th,ppm,74.0,2,pass,,jduong@lbl.gov,xrf
(62)01e1,47.0,,80,34.0,2025-06-30 11:15:00,possessive,wheat straw,winter wheat,p,ppm,3260.0,1,pass,,jduong@lbl.gov,xrf
(62)02c3,47.0,,80,34.0,2025-06-30 11:15:00,possessive,wheat straw,winter wheat,mg,ppm,8830.0,3,pass,,jduong@lbl.gov,xrf
(62)0317,47.0,,152,83.0,2025-10-13 11:30:00,schooner,cotton stem mix,cotton,ca,ppm,17300.0,3,pass,,jduong@lbl.gov,xrf
(62)038f,47.0,,80,34.0,2025-06-30 11:15:00,possessive,wheat straw,winter wheat,k,ppm,45000.0,1,pass,,jduong@lbl.gov,xrf
(62)1801,47.0,,152,83.0,2025-10-13 11:30:00,schooner,cotton stem mix,cotton,fe,ppm,1200.0,1,pass,,jduong@lbl.gov,xrf
(62)1b34,47.0,,152,83.0,2025-10-13 11:30:00,schooner,cotton stem mix,cotton,al,ppm,3000.0,2,pass,,jduong@lbl.gov,xrf
(62)1e10,47.0,,80,34.0,2025-06-30 11:15:00,possessive,wheat straw,winter wheat,rb,ppm,10.0,3,pass,,jduong@lbl.gov,xrf
(62)21d0,47.0,,80,34.0,2025-06-30 11:15:00,possessive,wheat straw,winter wheat,mn,ppm,102.0,3,pass,,jduong@lbl.gov,xrf
(62)224b,47.0,,152,83.0,2025-10-13 11:30:00,schooner,cotton stem mix,cotton,mn,ppm,43.0,1,pass,,jduong@lbl.gov,xrf
(62)24d1,47.0,,152,83.0,2025-10-13 11:30:00,schooner,cotton stem mix,cotton,mg,ppm,11900.0,3,pass,,jduong@lbl.gov,xrf
(62)25d6,47.0,,152,83.0,2025-10-13 11:30:00,schooner,cotton stem mix,cotton,zn,ppm,23.0,3,pass,,jduong@lbl.gov,xrf
(62)294a,47.0,,80,34.0,2025-06-30 11:15:00,possessive,wheat straw,winter wheat,k,ppm,44100.0,3,pass,,jduong@lbl.gov,xrf
(62)2a62,47.0,,152,83.0,2025-10-13 11:30:00,schooner,cotton stem mix,cotton,sr,ppm,61.0,2,pass,,jduong@lbl.gov,xrf
(62)2b52,47.0,,152,83.0,2025-10-13 11:30:00,schooner,cotton stem mix,cotton,k,ppm,19900.0,3,pass,,jduong@lbl.gov,xrf
(62)2bb0,47.0,,80,34.0,2025-06-30 11:15:00,possessive,wheat straw,winter wheat,th,ppm,78.0,1,pass,,jduong@lbl.gov,xrf
(62)2be4,47.0,,152,83.0,2025-10-13 11:30:00,schooner,cotton stem mix,cotton,s,ppm,4400.0,2,pass,,jduong@lbl.gov,xrf
(62)3b54,47.0,,80,34.0,2025-06-30 11:15:00,possessive,wheat straw,winter wheat,pb,ppm,6.0,1,pass,,jduong@lbl.gov,xrf
(62)3b96,47.0,,80,34.0,2025-06-30 11:15:00,possessive,wheat straw,winter wheat,mg,ppm,8800.0,1,pass,,jduong@lbl.gov,xrf
(62)3d32,47.0,,80,34.0,2025-06-30 11:15:00,possessive,wheat straw,winter wheat,ba,ppm,20.0,3,pass,,jduong@lbl.gov,xrf
(62)4037,47.0,,152,83.0,2025-10-13 11:30:00,schooner,cotton stem mix,cotton,p,ppm,1480.0,3,pass,,jduong@lbl.gov,xrf
(62)4154,47.0,,152,83.0,2025-10-13 11:30:00,schooner,cotton stem mix,cotton,mg,ppm,9990.0,2,pass,,jduong@lbl.gov,xrf
(62)442b,47.0,,80,34.0,2025-06-30 11:15:00,possessive,wheat straw,winter wheat,cu,ppm,16.0,3,pass,,jduong@lbl.gov,xrf
(62)4583,47.0,,80,34.0,2025-06-30 11:15:00,possessive,wheat straw,winter wheat,ba,ppm,28.0,1,pass,,jduong@lbl.gov,xrf
(62)46ec,47.0,,80,34.0,2025-06-30 11:15:00,possessive,wheat straw,winter wheat,s,ppm,2820.0,3,pass,,jduong@lbl.gov,xrf
(62)4b7e,47.0,,80,34.0,2025-06-30 11:15:00,possessive,wheat straw,winter wheat,si,ppm,95500.0,3,pass,,jduong@lbl.gov,xrf
(62)4c66,47.0,,152,83.0,2025-10-13 11:30:00,schooner,cotton stem mix,cotton,s,ppm,4310.0,1,pass,,jduong@lbl.gov,xrf
(62)4f6a,47.0,,152,83.0,2025-10-13 11:30:00,schooner,cotton stem mix,cotton,mg,ppm,7360.0,1,pass,,jduong@lbl.gov,xrf
(62)4fb5,47.0,,80,34.0,2025-06-30 11:15:00,possessive,wheat straw,winter wheat,s,ppm,2990.0,1,pass,,jduong@lbl.gov,xrf
(62)506b,47.0,,152,83.0,2025-10-13 11:30:00,schooner,cotton stem mix,cotton,sr,ppm,63.0,1,pass,,jduong@lbl.gov,xrf
(62)5479,47.0,,80,34.0,2025-06-30 11:15:00,possessive,wheat straw,winter wheat,mn,ppm,68.0,1,pass,,jduong@lbl.gov,xrf
(62)55f5,47.0,,152,83.0,2025-10-13 11:30:00,schooner,cotton stem mix,cotton,mn,ppm,67.0,2,pass,,jduong@lbl.gov,xrf
(62)56ec,47.0,,80,34.0,2025-06-30 11:15:00,possessive,wheat straw,winter wheat,zn,ppm,24.0,3,pass,,jduong@lbl.gov,xrf
(62)570f,47.0,,152,83.0,2025-10-13 11:30:00,schooner,cotton stem mix,cotton,fe,ppm,1150.0,2,pass,,jduong@lbl.gov,xrf
(62)572d,47.0,,152,83.0,2025-10-13 11:30:00,schooner,cotton stem mix,cotton,si,ppm,7550.0,2,pass,,jduong@lbl.gov,xrf
(62)5a02,47.0,,80,34.0,2025-06-30 11:15:00,possessive,wheat straw,winter wheat,p,ppm,2990.0,2,pass,,jduong@lbl.gov,xrf
(62)5bac,47.0,,152,83.0,2025-10-13 11:30:00,schooner,cotton stem mix,cotton,u,ppm,21.0,1,pass,,jduong@lbl.gov,xrf
(62)61ad,47.0,,80,34.0,2025-06-30 11:15:00,possessive,wheat straw,winter wheat,mo,ppm,7.0,2,pass,,jduong@lbl.gov,xrf
(62)6267,47.0,,152,83.0,2025-10-13 11:30:00,schooner,cotton stem mix,cotton,u,ppm,21.0,3,pass,,jduong@lbl.gov,xrf
(62)62c2,47.0,,152,83.0,2025-10-13 11:30:00,schooner,cotton stem mix,cotton,zn,ppm,23.0,2,pass,,jduong@lbl.gov,xrf
(62)6386,47.0,,80,34.0,2025-06-30 11:15:00,possessive,wheat straw,winter wheat,mo,ppm,8.0,3,pass,,jduong@lbl.gov,xrf
(62)6541,47.0,,152,83.0,2025-10-13 11:30:00,schooner,cotton stem mix,cotton,p,ppm,1380.0,1,pass,,jduong@lbl.gov,xrf
(62)665d,47.0,,80,34.0,2025-06-30 11:15:00,possessive,wheat straw,winter wheat,ba,ppm,26.0,2,pass,,jduong@lbl.gov,xrf
(62)6a74,47.0,,80,34.0,2025-06-30 11:15:00,possessive,wheat straw,winter wheat,sr,ppm,17.0,3,pass,,jduong@lbl.gov,xrf
(62)6c52,47.0,,152,83.0,2025-10-13 11:30:00,schooner,cotton stem mix,cotton,ba,ppm,27.0,3,pass,,jduong@lbl.gov,xrf
(62)6c63,47.0,,80,34.0,2025-06-30 11:15:00,possessive,wheat straw,winter wheat,pb,ppm,4.0,2,pass,,jduong@lbl.gov,xrf
(62)7082,47.0,,152,83.0,2025-10-13 11:30:00,schooner,cotton stem mix,cotton,ti,ppm,243.0,2,pass,,jduong@lbl.gov,xrf
(62)76c8,47.0,,152,83.0,2025-10-13 11:30:00,schooner,cotton stem mix,cotton,rb,ppm,18.0,3,pass,,jduong@lbl.gov,xrf
(62)77cd,47.0,,152,83.0,2025-10-13 11:30:00,schooner,cotton stem mix,cotton,fe,ppm,1110.0,3,pass,,jduong@lbl.gov,xrf
(62)7982,47.0,,152,83.0,2025-10-13 11:30:00,schooner,cotton stem mix,cotton,ca,ppm,17400.0,2,pass,,jduong@lbl.gov,xrf
(62)7b09,47.0,,80,34.0,2025-06-30 11:15:00,possessive,wheat straw,winter wheat,s,ppm,2610.0,2,pass,,jduong@lbl.gov,xrf
(62)7e32,47.0,,80,34.0,2025-06-30 11:15:00,possessive,wheat straw,winter wheat,k,ppm,44200.0,2,pass,,jduong@lbl.gov,xrf
(62)82c1,47.0,,80,34.0,2025-06-30 11:15:00,possessive,wheat straw,winter wheat,mg,ppm,7570.0,2,pass,,jduong@lbl.gov,xrf
(62)87aa,47.0,,80,34.0,2025-06-30 11:15:00,possessive,wheat straw,winter wheat,pb,ppm,6.0,3,pass,,jduong@lbl.gov,xrf
(62)8f0d,47.0,,152,83.0,2025-10-13 11:30:00,schooner,cotton stem mix,cotton,th,ppm,68.0,3,pass,,jduong@lbl.gov,xrf
(62)9474,47.0,,80,34.0,2025-06-30 11:15:00,possessive,wheat straw,winter wheat,rb,ppm,9.0,1,pass,,jduong@lbl.gov,xrf
(62)96bb,47.0,,80,34.0,2025-06-30 11:15:00,possessive,wheat straw,winter wheat,cu,ppm,12.0,2,pass,,jduong@lbl.gov,xrf
(62)979b,47.0,,80,34.0,2025-06-30 11:15:00,possessive,wheat straw,winter wheat,ca,ppm,5290.0,1,pass,,jduong@lbl.gov,xrf
(62)99a2,47.0,,152,83.0,2025-10-13 11:30:00,schooner,cotton stem mix,cotton,p,ppm,1510.0,2,pass,,jduong@lbl.gov,xrf
(62)9baf,47.0,,80,34.0,2025-06-30 11:15:00,possessive,wheat straw,winter wheat,fe,ppm,368.0,2,pass,,jduong@lbl.gov,xrf
(62)a275,47.0,,152,83.0,2025-10-13 11:30:00,schooner,cotton stem mix,cotton,k,ppm,20000.0,1,pass,,jduong@lbl.gov,xrf
(62)a2f8,47.0,,80,34.0,2025-06-30 11:15:00,possessive,wheat straw,winter wheat,fe,ppm,369.0,3,pass,,jduong@lbl.gov,xrf
(62)a901,47.0,,80,34.0,2025-06-30 11:15:00,possessive,wheat straw,winter wheat,ca,ppm,4950.0,3,pass,,jduong@lbl.gov,xrf
(62)aa50,47.0,,152,83.0,2025-10-13 11:30:00,schooner,cotton stem mix,cotton,al,ppm,3210.0,1,pass,,jduong@lbl.gov,xrf
(62)abbc,47.0,,80,34.0,2025-06-30 11:15:00,possessive,wheat straw,winter wheat,th,ppm,82.0,3,pass,,jduong@lbl.gov,xrf
(62)ac33,47.0,,80,34.0,2025-06-30 11:15:00,possessive,wheat straw,winter wheat,si,ppm,89200.0,2,pass,,jduong@lbl.gov,xrf
(62)ac7a,47.0,,152,83.0,2025-10-13 11:30:00,schooner,cotton stem mix,cotton,cu,ppm,15.0,1,pass,,jduong@lbl.gov,xrf
(62)acb0,47.0,,152,83.0,2025-10-13 11:30:00,schooner,cotton stem mix,cotton,si,ppm,6190.0,1,pass,,jduong@lbl.gov,xrf
(62)b482,47.0,,80,34.0,2025-06-30 11:15:00,possessive,wheat straw,winter wheat,fe,ppm,410.0,1,pass,,jduong@lbl.gov,xrf
(62)b4b7,47.0,,80,34.0,2025-06-30 11:15:00,possessive,wheat straw,winter wheat,u,ppm,24.0,3,pass,,jduong@lbl.gov,xrf
(62)b802,47.0,,152,83.0,2025-10-13 11:30:00,schooner,cotton stem mix,cotton,k,ppm,19900.0,2,pass,,jduong@lbl.gov,xrf
(62)b86b,47.0,,152,83.0,2025-10-13 11:30:00,schooner,cotton stem mix,cotton,cu,ppm,13.0,2,pass,,jduong@lbl.gov,xrf
(62)b981,47.0,,152,83.0,2025-10-13 11:30:00,schooner,cotton stem mix,cotton,sr,ppm,60.0,3,pass,,jduong@lbl.gov,xrf
(62)bc05,47.0,,80,34.0,2025-06-30 11:15:00,possessive,wheat straw,winter wheat,rb,ppm,8.0,2,pass,,jduong@lbl.gov,xrf
(62)bcbd,47.0,,80,34.0,2025-06-30 11:15:00,possessive,wheat straw,winter wheat,p,ppm,2910.0,3,pass,,jduong@lbl.gov,xrf
(62)bd61,47.0,,80,34.0,2025-06-30 11:15:00,possessive,wheat straw,winter wheat,sr,ppm,19.0,1,pass,,jduong@lbl.gov,xrf
(62)bec1,47.0,,80,34.0,2025-06-30 11:15:00,possessive,wheat straw,winter wheat,ca,ppm,4900.0,2,pass,,jduong@lbl.gov,xrf
(62)bfc6,47.0,,152,83.0,2025-10-13 11:30:00,schooner,cotton stem mix,cotton,zn,ppm,23.0,1,pass,,jduong@lbl.gov,xrf
(62)c0ce,47.0,,80,34.0,2025-06-30 11:15:00,possessive,wheat straw,winter wheat,u,ppm,20.0,1,pass,,jduong@lbl.gov,xrf
(62)c0e4,47.0,,152,83.0,2025-10-13 11:30:00,schooner,cotton stem mix,cotton,ba,ppm,29.0,1,pass,,jduong@lbl.gov,xrf
(62)c48b,47.0,,152,83.0,2025-10-13 11:30:00,schooner,cotton stem mix,cotton,s,ppm,4440.0,3,pass,,jduong@lbl.gov,xrf
(62)c630,47.0,,80,34.0,2025-06-30 11:15:00,possessive,wheat straw,winter wheat,si,ppm,92700.0,1,pass,,jduong@lbl.gov,xrf
(62)cb09,47.0,,152,83.0,2025-10-13 11:30:00,schooner,cotton stem mix,cotton,si,ppm,7380.0,3,pass,,jduong@lbl.gov,xrf
(62)cd96,47.0,,152,83.0,2025-10-13 11:30:00,schooner,cotton stem mix,cotton,mn,ppm,49.0,3,pass,,jduong@lbl.gov,xrf
(62)ce3b,47.0,,152,83.0,2025-10-13 11:30:00,schooner,cotton stem mix,cotton,th,ppm,67.0,1,pass,,jduong@lbl.gov,xrf
(62)ce3c,47.0,,152,83.0,2025-10-13 11:30:00,schooner,cotton stem mix,cotton,al,ppm,2690.0,3,pass,,jduong@lbl.gov,xrf
(62)cf10,47.0,,152,83.0,2025-10-13 11:30:00,schooner,cotton stem mix,cotton,th,ppm,63.0,2,pass,,jduong@lbl.gov,xrf
(62)d2d8,47.0,,80,34.0,2025-06-30 11:15:00,possessive,wheat straw,winter wheat,zn,ppm,16.0,1,pass,,jduong@lbl.gov,xrf
(62)d9c3,47.0,,152,83.0,2025-10-13 11:30:00,schooner,cotton stem mix,cotton,ba,ppm,18.0,2,pass,,jduong@lbl.gov,xrf
(62)e069,47.0,,80,34.0,2025-06-30 11:15:00,possessive,wheat straw,winter wheat,cu,ppm,13.0,1,pass,,jduong@lbl.gov,xrf
(62)e486,47.0,,152,83.0,2025-10-13 11:30:00,schooner,cotton stem mix,cotton,ca,ppm,16800.0,1,pass,,jduong@lbl.gov,xrf
(62)e4d2,47.0,,152,83.0,2025-10-13 11:30:00,schooner,cotton stem mix,cotton,ti,ppm,226.0,3,pass,,jduong@lbl.gov,xrf
(62)ebbc,47.0,,80,34.0,2025-06-30 11:15:00,possessive,wheat straw,winter wheat,sr,ppm,19.0,2,pass,,jduong@lbl.gov,xrf
(62)ed65,47.0,,80,34.0,2025-06-30 11:15:00,possessive,wheat straw,winter wheat,zn,ppm,19.0,2,pass,,jduong@lbl.gov,xrf
(62)f49c,47.0,,152,83.0,2025-10-13 11:30:00,schooner,cotton stem mix,cotton,cu,ppm,16.0,3,pass,,jduong@lbl.gov,xrf
(62)f8d3,47.0,,152,83.0,2025-10-13 11:30:00,schooner,cotton stem mix,cotton,rb,ppm,18.0,1,pass,,jduong@lbl.gov,xrf
(62)fa19,47.0,,80,34.0,2025-06-30 11:15:00,possessive,wheat straw,winter wheat,u,ppm,20.0,2,pass,,jduong@lbl.gov,xrf
(62)fa7d,47.0,,80,34.0,2025-06-30 11:15:00,possessive,wheat straw,winter wheat,mn,ppm,92.0,2,pass,,jduong@lbl.gov,xrf
(62)fb45,47.0,,152,83.0,2025-10-13 11:30:00,schooner,cotton stem mix,cotton,rb,ppm,17.0,2,pass,,jduong@lbl.gov,xrf
(62)fdc0,47.0,,152,83.0,2025-10-13 11:30:00,schooner,cotton stem mix,cotton,u,ppm,24.0,2,pass,,jduong@lbl.gov,xrf
(65)0179,47.0,,123,58.0,2025-08-27 12:35:00,rigging,spent oak chips,grapes,u,ppm,22.0,2,pass,,jduong@lbl.gov,xrf
(65)03f2,47.0,,117,55.0,2025-08-27 12:15:00,rigging,grape pomace,grapes,u,ppm,13.0,3,pass,,jduong@lbl.gov,xrf
(65)0762,47.0,,123,58.0,2025-08-27 12:35:00,rigging,spent oak chips,grapes,s,ppm,2420.0,1,pass,,jduong@lbl.gov,xrf
(65)07b3,47.0,,117,55.0,2025-08-27 12:15:00,rigging,grape pomace,grapes,pr,ppm,78.0,3,pass,,jduong@lbl.gov,xrf
(65)0f71,47.0,,123,58.0,2025-08-27 12:35:00,rigging,spent oak chips,grapes,zn,ppm,13.0,2,pass,,jduong@lbl.gov,xrf
(65)1198,47.0,,117,55.0,2025-08-27 12:15:00,rigging,grape pomace,grapes,zn,ppm,24.0,2,pass,,jduong@lbl.gov,xrf
(65)15c5,47.0,,123,58.0,2025-08-27 12:35:00,rigging,spent oak chips,grapes,zn,ppm,16.0,3,pass,,jduong@lbl.gov,xrf
(65)1632,47.0,,117,55.0,2025-08-27 12:15:00,rigging,grape pomace,grapes,si,ppm,1200.0,2,pass,,jduong@lbl.gov,xrf
(65)1737,47.0,,123,58.0,2025-08-27 12:35:00,rigging,spent oak chips,grapes,ce,ppm,54.0,3,pass,,jduong@lbl.gov,xrf
(65)1899,47.0,,123,58.0,2025-08-27 12:35:00,rigging,spent oak chips,grapes,u,ppm,20.0,3,pass,,jduong@lbl.gov,xrf
(65)2038,47.0,,123,58.0,2025-08-27 12:35:00,rigging,spent oak chips,grapes,th,ppm,61.0,1,pass,,jduong@lbl.gov,xrf
(65)2122,47.0,,123,58.0,2025-08-27 12:35:00,rigging,spent oak chips,grapes,ca,ppm,1290.0,3,pass,,jduong@lbl.gov,xrf
(65)23e5,47.0,,123,58.0,2025-08-27 12:35:00,rigging,spent oak chips,grapes,mn,ppm,25.0,2,pass,,jduong@lbl.gov,xrf
(65)245d,47.0,,117,55.0,2025-08-27 12:15:00,rigging,grape pomace,grapes,ca,ppm,6780.0,1,pass,,jduong@lbl.gov,xrf
(65)2525,47.0,,123,58.0,2025-08-27 12:35:00,rigging,spent oak chips,grapes,pb,ppm,4.0,1,pass,,jduong@lbl.gov,xrf
(65)2ca6,47.0,,123,58.0,2025-08-27 12:35:00,rigging,spent oak chips,grapes,mn,ppm,28.0,1,pass,,jduong@lbl.gov,xrf
(65)2ddc,47.0,,117,55.0,2025-08-27 12:15:00,rigging,grape pomace,grapes,s,ppm,2690.0,3,pass,,jduong@lbl.gov,xrf
(65)31f0,47.0,,123,58.0,2025-08-27 12:35:00,rigging,spent oak chips,grapes,la,ppm,44.0,2,pass,,jduong@lbl.gov,xrf
(65)3415,47.0,,117,55.0,2025-08-27 12:15:00,rigging,grape pomace,grapes,fe,ppm,273.0,2,pass,,jduong@lbl.gov,xrf
(65)3505,47.0,,123,58.0,2025-08-27 12:35:00,rigging,spent oak chips,grapes,cu,ppm,6.0,1,pass,,jduong@lbl.gov,xrf
(65)3cab,47.0,,117,55.0,2025-08-27 12:15:00,rigging,grape pomace,grapes,th,ppm,38.0,1,pass,,jduong@lbl.gov,xrf
(65)3d3b,47.0,,117,55.0,2025-08-27 12:15:00,rigging,grape pomace,grapes,mo,ppm,4.0,2,pass,,jduong@lbl.gov,xrf
(65)40f0,47.0,,117,55.0,2025-08-27 12:15:00,rigging,grape pomace,grapes,p,ppm,3410.0,1,pass,,jduong@lbl.gov,xrf
(65)4199,47.0,,123,58.0,2025-08-27 12:35:00,rigging,spent oak chips,grapes,sr,ppm,13.0,3,pass,,jduong@lbl.gov,xrf
(65)44e6,47.0,,117,55.0,2025-08-27 12:15:00,rigging,grape pomace,grapes,rb,ppm,7.0,2,pass,,jduong@lbl.gov,xrf
(65)476c,47.0,,123,58.0,2025-08-27 12:35:00,rigging,spent oak chips,grapes,ce,ppm,62.0,1,pass,,jduong@lbl.gov,xrf
(65)4a98,47.0,,117,55.0,2025-08-27 12:15:00,rigging,grape pomace,grapes,k,ppm,16200.0,3,pass,,jduong@lbl.gov,xrf
(65)4b03,47.0,,123,58.0,2025-08-27 12:35:00,rigging,spent oak chips,grapes,ba,ppm,21.0,3,pass,,jduong@lbl.gov,xrf
(65)53d6,47.0,,117,55.0,2025-08-27 12:15:00,rigging,grape pomace,grapes,mo,ppm,7.0,1,pass,,jduong@lbl.gov,xrf
(65)5587,47.0,,117,55.0,2025-08-27 12:15:00,rigging,grape pomace,grapes,u,ppm,13.0,2,pass,,jduong@lbl.gov,xrf
(65)56be,47.0,,117,55.0,2025-08-27 12:15:00,rigging,grape pomace,grapes,mn,ppm,49.0,3,pass,,jduong@lbl.gov,xrf
(65)5756,47.0,,117,55.0,2025-08-27 12:15:00,rigging,grape pomace,grapes,co,ppm,13.0,2,pass,,jduong@lbl.gov,xrf
(65)58d1,47.0,,123,58.0,2025-08-27 12:35:00,rigging,spent oak chips,grapes,pb,ppm,4.0,3,pass,,jduong@lbl.gov,xrf
(65)5a38,47.0,,117,55.0,2025-08-27 12:15:00,rigging,grape pomace,grapes,mn,ppm,43.0,2,pass,,jduong@lbl.gov,xrf
(65)5c03,47.0,,123,58.0,2025-08-27 12:35:00,rigging,spent oak chips,grapes,k,ppm,5570.0,2,pass,,jduong@lbl.gov,xrf
(65)5c0e,47.0,,117,55.0,2025-08-27 12:15:00,rigging,grape pomace,grapes,p,ppm,3460.0,3,pass,,jduong@lbl.gov,xrf
(65)5cbf,47.0,,117,55.0,2025-08-27 12:15:00,rigging,grape pomace,grapes,p,ppm,3420.0,2,pass,,jduong@lbl.gov,xrf
(65)5cf2,47.0,,123,58.0,2025-08-27 12:35:00,rigging,spent oak chips,grapes,ca,ppm,1170.0,1,pass,,jduong@lbl.gov,xrf
(65)5d26,47.0,,123,58.0,2025-08-27 12:35:00,rigging,spent oak chips,grapes,ba,ppm,26.0,2,pass,,jduong@lbl.gov,xrf
(65)6092,47.0,,123,58.0,2025-08-27 12:35:00,rigging,spent oak chips,grapes,ba,ppm,21.0,1,pass,,jduong@lbl.gov,xrf
(65)6500,47.0,,117,55.0,2025-08-27 12:15:00,rigging,grape pomace,grapes,ce,ppm,71.0,2,pass,,jduong@lbl.gov,xrf
(65)651a,47.0,,123,58.0,2025-08-27 12:35:00,rigging,spent oak chips,grapes,pr,ppm,97.0,1,pass,,jduong@lbl.gov,xrf
(65)6730,47.0,,117,55.0,2025-08-27 12:15:00,rigging,grape pomace,grapes,ca,ppm,7320.0,2,pass,,jduong@lbl.gov,xrf
(65)682e,47.0,,123,58.0,2025-08-27 12:35:00,rigging,spent oak chips,grapes,zn,ppm,15.0,1,pass,,jduong@lbl.gov,xrf
(65)6963,47.0,,117,55.0,2025-08-27 12:15:00,rigging,grape pomace,grapes,pr,ppm,123.0,2,pass,,jduong@lbl.gov,xrf
(65)6af2,47.0,,123,58.0,2025-08-27 12:35:00,rigging,spent oak chips,grapes,si,ppm,1100.0,1,pass,,jduong@lbl.gov,xrf
(65)6bdb,47.0,,123,58.0,2025-08-27 12:35:00,rigging,spent oak chips,grapes,al,ppm,881.0,3,pass,,jduong@lbl.gov,xrf
(65)6e13,47.0,,123,58.0,2025-08-27 12:35:00,rigging,spent oak chips,grapes,pr,ppm,102.0,3,pass,,jduong@lbl.gov,xrf
(65)70c1,47.0,,117,55.0,2025-08-27 12:15:00,rigging,grape pomace,grapes,ca,ppm,7300.0,3,pass,,jduong@lbl.gov,xrf
(65)7448,47.0,,123,58.0,2025-08-27 12:35:00,rigging,spent oak chips,grapes,la,ppm,32.0,3,pass,,jduong@lbl.gov,xrf
(65)754a,47.0,,117,55.0,2025-08-27 12:15:00,rigging,grape pomace,grapes,ba,ppm,33.0,3,pass,,jduong@lbl.gov,xrf
(65)79e8,47.0,,123,58.0,2025-08-27 12:35:00,rigging,spent oak chips,grapes,si,ppm,1040.0,2,pass,,jduong@lbl.gov,xrf
(65)7c35,47.0,,123,58.0,2025-08-27 12:35:00,rigging,spent oak chips,grapes,rb,ppm,7.0,2,pass,,jduong@lbl.gov,xrf
(65)81c7,47.0,,123,58.0,2025-08-27 12:35:00,rigging,spent oak chips,grapes,k,ppm,5960.0,1,pass,,jduong@lbl.gov,xrf
(65)820a,47.0,,123,58.0,2025-08-27 12:35:00,rigging,spent oak chips,grapes,pb,ppm,4.0,2,pass,,jduong@lbl.gov,xrf
(65)8328,47.0,,123,58.0,2025-08-27 12:35:00,rigging,spent oak chips,grapes,u,ppm,20.0,1,pass,,jduong@lbl.gov,xrf
(65)876c,47.0,,123,58.0,2025-08-27 12:35:00,rigging,spent oak chips,grapes,s,ppm,2360.0,3,pass,,jduong@lbl.gov,xrf
(65)894b,47.0,,123,58.0,2025-08-27 12:35:00,rigging,spent oak chips,grapes,cu,ppm,11.0,3,pass,,jduong@lbl.gov,xrf
(65)8db0,47.0,,123,58.0,2025-08-27 12:35:00,rigging,spent oak chips,grapes,fe,ppm,272.0,3,pass,,jduong@lbl.gov,xrf
(65)8eb6,47.0,,117,55.0,2025-08-27 12:15:00,rigging,grape pomace,grapes,cu,ppm,18.0,3,pass,,jduong@lbl.gov,xrf
(65)905d,47.0,,123,58.0,2025-08-27 12:35:00,rigging,spent oak chips,grapes,fe,ppm,259.0,2,pass,,jduong@lbl.gov,xrf
(65)999c,47.0,,117,55.0,2025-08-27 12:15:00,rigging,grape pomace,grapes,k,ppm,16900.0,1,pass,,jduong@lbl.gov,xrf
(65)9b52,47.0,,117,55.0,2025-08-27 12:15:00,rigging,grape pomace,grapes,sr,ppm,45.0,1,pass,,jduong@lbl.gov,xrf
(65)a509,47.0,,117,55.0,2025-08-27 12:15:00,rigging,grape pomace,grapes,th,ppm,35.0,2,pass,,jduong@lbl.gov,xrf
(65)afaf,47.0,,117,55.0,2025-08-27 12:15:00,rigging,grape pomace,grapes,fe,ppm,267.0,3,pass,,jduong@lbl.gov,xrf
(65)b02e,47.0,,123,58.0,2025-08-27 12:35:00,rigging,spent oak chips,grapes,al,ppm,706.0,1,pass,,jduong@lbl.gov,xrf
(65)b1e9,47.0,,117,55.0,2025-08-27 12:15:00,rigging,grape pomace,grapes,th,ppm,35.0,3,pass,,jduong@lbl.gov,xrf
(65)b4d1,47.0,,123,58.0,2025-08-27 12:35:00,rigging,spent oak chips,grapes,p,ppm,262.0,2,pass,,jduong@lbl.gov,xrf
(65)b753,47.0,,117,55.0,2025-08-27 12:15:00,rigging,grape pomace,grapes,k,ppm,16200.0,2,pass,,jduong@lbl.gov,xrf
(65)b893,47.0,,117,55.0,2025-08-27 12:15:00,rigging,grape pomace,grapes,cu,ppm,19.0,2,pass,,jduong@lbl.gov,xrf
(65)b906,47.0,,117,55.0,2025-08-27 12:15:00,rigging,grape pomace,grapes,sr,ppm,46.0,2,pass,,jduong@lbl.gov,xrf
(65)bbd4,47.0,,123,58.0,2025-08-27 12:35:00,rigging,spent oak chips,grapes,sr,ppm,12.0,2,pass,,jduong@lbl.gov,xrf
(65)bd1d,47.0,,123,58.0,2025-08-27 12:35:00,rigging,spent oak chips,grapes,fe,ppm,296.0,1,pass,,jduong@lbl.gov,xrf
(65)be45,47.0,,123,58.0,2025-08-27 12:35:00,rigging,spent oak chips,grapes,mn,ppm,33.0,3,pass,,jduong@lbl.gov,xrf
(65)bebc,47.0,,117,55.0,2025-08-27 12:15:00,rigging,grape pomace,grapes,ba,ppm,25.0,2,pass,,jduong@lbl.gov,xrf
(65)c0c2,47.0,,117,55.0,2025-08-27 12:15:00,rigging,grape pomace,grapes,si,ppm,1180.0,3,pass,,jduong@lbl.gov,xrf
(65)c479,47.0,,117,55.0,2025-08-27 12:15:00,rigging,grape pomace,grapes,s,ppm,2640.0,1,pass,,jduong@lbl.gov,xrf
(65)cbd6,47.0,,117,55.0,2025-08-27 12:15:00,rigging,grape pomace,grapes,zn,ppm,19.0,1,pass,,jduong@lbl.gov,xrf
(65)ce2a,47.0,,117,55.0,2025-08-27 12:15:00,rigging,grape pomace,grapes,sr,ppm,46.0,3,pass,,jduong@lbl.gov,xrf
(65)d407,47.0,,123,58.0,2025-08-27 12:35:00,rigging,spent oak chips,grapes,rb,ppm,8.0,1,pass,,jduong@lbl.gov,xrf
(65)d484,47.0,,117,55.0,2025-08-27 12:15:00,rigging,grape pomace,grapes,fe,ppm,261.0,1,pass,,jduong@lbl.gov,xrf
(65)d5b4,47.0,,123,58.0,2025-08-27 12:35:00,rigging,spent oak chips,grapes,p,ppm,258.0,3,pass,,jduong@lbl.gov,xrf
(65)d5bb,47.0,,123,58.0,2025-08-27 12:35:00,rigging,spent oak chips,grapes,rb,ppm,8.0,3,pass,,jduong@lbl.gov,xrf
(65)d703,47.0,,117,55.0,2025-08-27 12:15:00,rigging,grape pomace,grapes,zn,ppm,25.0,3,pass,,jduong@lbl.gov,xrf
(65)d89b,47.0,,117,55.0,2025-08-27 12:15:00,rigging,grape pomace,grapes,mn,ppm,34.0,1,pass,,jduong@lbl.gov,xrf
(65)d98d,47.0,,117,55.0,2025-08-27 12:15:00,rigging,grape pomace,grapes,s,ppm,2660.0,2,pass,,jduong@lbl.gov,xrf
(65)dbce,47.0,,123,58.0,2025-08-27 12:35:00,rigging,spent oak chips,grapes,p,ppm,253.0,1,pass,,jduong@lbl.gov,xrf
(65)dd10,47.0,,123,58.0,2025-08-27 12:35:00,rigging,spent oak chips,grapes,th,ppm,58.0,2,pass,,jduong@lbl.gov,xrf
(65)ddf6,47.0,,123,58.0,2025-08-27 12:35:00,rigging,spent oak chips,grapes,s,ppm,2350.0,2,pass,,jduong@lbl.gov,xrf
(65)ece0,47.0,,117,55.0,2025-08-27 12:15:00,rigging,grape pomace,grapes,mo,ppm,5.0,3,pass,,jduong@lbl.gov,xrf
(65)ed0b,47.0,,123,58.0,2025-08-27 12:35:00,rigging,spent oak chips,grapes,ce,ppm,61.0,2,pass,,jduong@lbl.gov,xrf
(65)efe3,47.0,,117,55.0,2025-08-27 12:15:00,rigging,grape pomace,grapes,u,ppm,12.0,1,pass,,jduong@lbl.gov,xrf
(65)eff5,47.0,,123,58.0,2025-08-27 12:35:00,rigging,spent oak chips,grapes,th,ppm,63.0,3,pass,,jduong@lbl.gov,xrf
(65)f061,47.0,,123,58.0,2025-08-27 12:35:00,rigging,spent oak chips,grapes,ca,ppm,1240.0,2,pass,,jduong@lbl.gov,xrf
(65)f12e,47.0,,123,58.0,2025-08-27 12:35:00,rigging,spent oak chips,grapes,k,ppm,5660.0,3,pass,,jduong@lbl.gov,xrf
(65)f13a,47.0,,117,55.0,2025-08-27 12:15:00,rigging,grape pomace,grapes,si,ppm,1150.0,1,pass,,jduong@lbl.gov,xrf
(65)f448,47.0,,117,55.0,2025-08-27 12:15:00,rigging,grape pomace,grapes,rb,ppm,7.0,3,pass,,jduong@lbl.gov,xrf
(65)f5a2,47.0,,117,55.0,2025-08-27 12:15:00,rigging,grape pomace,grapes,rb,ppm,7.0,1,pass,,jduong@lbl.gov,xrf
(65)fb9f,47.0,,123,58.0,2025-08-27 12:35:00,rigging,spent oak chips,grapes,sr,ppm,14.0,1,pass,,jduong@lbl.gov,xrf
(65)fce3,47.0,,117,55.0,2025-08-27 12:15:00,rigging,grape pomace,grapes,ce,ppm,48.0,3,pass,,jduong@lbl.gov,xrf
(65)fea4,47.0,,123,58.0,2025-08-27 12:35:00,rigging,spent oak chips,grapes,si,ppm,1050.0,3,pass,,jduong@lbl.gov,xrf
(65)ff53,47.0,,123,58.0,2025-08-27 12:35:00,rigging,spent oak chips,grapes,cu,ppm,10.0,2,pass,,jduong@lbl.gov,xrf
(71)0462,47.0,,147,67.0,2025-09-16 09:30:00,humorous,almond shells,almonds,th,ppm,42.0,1,pass,,jduong@lbl.gov,xrf
(71)063b,47.0,,147,67.0,2025-09-16 09:30:00,humorous,almond shells,almonds,p,ppm,749.0,3,pass,,jduong@lbl.gov,xrf
(71)1059,47.0,,147,67.0,2025-09-16 09:30:00,humorous,almond shells,almonds,k,ppm,21800.0,3,pass,,jduong@lbl.gov,xrf
(71)1d78,47.0,,147,67.0,2025-09-16 09:30:00,humorous,almond shells,almonds,mn,ppm,29.0,1,pass,,jduong@lbl.gov,xrf
(71)1f61,47.0,,147,67.0,2025-09-16 09:30:00,humorous,almond shells,almonds,cu,ppm,8.0,2,pass,,jduong@lbl.gov,xrf
(71)233e,47.0,,147,67.0,2025-09-16 09:30:00,humorous,almond shells,almonds,ba,ppm,34.0,3,pass,,jduong@lbl.gov,xrf
(71)2a46,47.0,,147,67.0,2025-09-16 09:30:00,humorous,almond shells,almonds,mo,ppm,5.0,3,pass,,jduong@lbl.gov,xrf
(71)3bc3,47.0,,147,67.0,2025-09-16 09:30:00,humorous,almond shells,almonds,la,ppm,41.0,2,pass,,jduong@lbl.gov,xrf
(71)3d48,47.0,,147,67.0,2025-09-16 09:30:00,humorous,almond shells,almonds,ba,ppm,23.0,2,pass,,jduong@lbl.gov,xrf
(71)461c,47.0,,147,67.0,2025-09-16 09:30:00,humorous,almond shells,almonds,zn,ppm,10.0,1,pass,,jduong@lbl.gov,xrf
(71)4860,47.0,,147,67.0,2025-09-16 09:30:00,humorous,almond shells,almonds,s,ppm,320.0,2,pass,,jduong@lbl.gov,xrf
(71)4a3c,47.0,,147,67.0,2025-09-16 09:30:00,humorous,almond shells,almonds,pr,ppm,108.0,1,pass,,jduong@lbl.gov,xrf
(71)4ccb,47.0,,147,67.0,2025-09-16 09:30:00,humorous,almond shells,almonds,ca,ppm,2970.0,1,pass,,jduong@lbl.gov,xrf
(71)4ebd,47.0,,147,67.0,2025-09-16 09:30:00,humorous,almond shells,almonds,p,ppm,789.0,1,pass,,jduong@lbl.gov,xrf
(71)5223,47.0,,147,67.0,2025-09-16 09:30:00,humorous,almond shells,almonds,zn,ppm,11.0,3,pass,,jduong@lbl.gov,xrf
(71)5730,47.0,,147,67.0,2025-09-16 09:30:00,humorous,almond shells,almonds,u,ppm,12.0,2,pass,,jduong@lbl.gov,xrf
(71)5de7,47.0,,147,67.0,2025-09-16 09:30:00,humorous,almond shells,almonds,si,ppm,1670.0,3,pass,,jduong@lbl.gov,xrf
(71)6626,47.0,,147,67.0,2025-09-16 09:30:00,humorous,almond shells,almonds,zn,ppm,9.0,2,pass,,jduong@lbl.gov,xrf
(71)6c10,47.0,,147,67.0,2025-09-16 09:30:00,humorous,almond shells,almonds,p,ppm,759.0,2,pass,,jduong@lbl.gov,xrf
(71)7936,47.0,,147,67.0,2025-09-16 09:30:00,humorous,almond shells,almonds,k,ppm,21700.0,2,pass,,jduong@lbl.gov,xrf
(71)7bce,47.0,,147,67.0,2025-09-16 09:30:00,humorous,almond shells,almonds,cu,ppm,11.0,3,pass,,jduong@lbl.gov,xrf
(71)7d26,47.0,,147,67.0,2025-09-16 09:30:00,humorous,almond shells,almonds,si,ppm,1720.0,2,pass,,jduong@lbl.gov,xrf
(71)7d74,47.0,,147,67.0,2025-09-16 09:30:00,humorous,almond shells,almonds,si,ppm,1790.0,1,pass,,jduong@lbl.gov,xrf
(71)7f8d,47.0,,147,67.0,2025-09-16 09:30:00,humorous,almond shells,almonds,s,ppm,335.0,1,pass,,jduong@lbl.gov,xrf
(71)8004,47.0,,147,67.0,2025-09-16 09:30:00,humorous,almond shells,almonds,mn,ppm,33.0,3,pass,,jduong@lbl.gov,xrf
(71)81e0,47.0,,147,67.0,2025-09-16 09:30:00,humorous,almond shells,almonds,ti,ppm,159.0,1,pass,,jduong@lbl.gov,xrf
(71)918f,47.0,,147,67.0,2025-09-16 09:30:00,humorous,almond shells,almonds,fe,ppm,157.0,3,pass,,jduong@lbl.gov,xrf
(71)9e66,47.0,,147,67.0,2025-09-16 09:30:00,humorous,almond shells,almonds,th,ppm,40.0,3,pass,,jduong@lbl.gov,xrf
(71)a1b0,47.0,,147,67.0,2025-09-16 09:30:00,humorous,almond shells,almonds,u,ppm,12.0,1,pass,,jduong@lbl.gov,xrf
(71)a274,47.0,,147,67.0,2025-09-16 09:30:00,humorous,almond shells,almonds,sr,ppm,17.0,3,pass,,jduong@lbl.gov,xrf
(71)a543,47.0,,147,67.0,2025-09-16 09:30:00,humorous,almond shells,almonds,sr,ppm,17.0,1,pass,,jduong@lbl.gov,xrf
(71)aba8,47.0,,147,67.0,2025-09-16 09:30:00,humorous,almond shells,almonds,rb,ppm,21.0,1,pass,,jduong@lbl.gov,xrf
(71)ac33,47.0,,147,67.0,2025-09-16 09:30:00,humorous,almond shells,almonds,sr,ppm,16.0,2,pass,,jduong@lbl.gov,xrf
(71)b8a7,47.0,,147,67.0,2025-09-16 09:30:00,humorous,almond shells,almonds,fe,ppm,149.0,2,pass,,jduong@lbl.gov,xrf
(71)bbb1,47.0,,147,67.0,2025-09-16 09:30:00,humorous,almond shells,almonds,cu,ppm,9.0,1,pass,,jduong@lbl.gov,xrf
(71)c775,47.0,,147,67.0,2025-09-16 09:30:00,humorous,almond shells,almonds,s,ppm,337.0,3,pass,,jduong@lbl.gov,xrf
(71)cb0d,47.0,,147,67.0,2025-09-16 09:30:00,humorous,almond shells,almonds,mo,ppm,5.0,1,pass,,jduong@lbl.gov,xrf
(71)cb98,47.0,,147,67.0,2025-09-16 09:30:00,humorous,almond shells,almonds,pr,ppm,101.0,3,pass,,jduong@lbl.gov,xrf
(71)cc2a,47.0,,147,67.0,2025-09-16 09:30:00,humorous,almond shells,almonds,pr,ppm,71.0,2,pass,,jduong@lbl.gov,xrf
(71)cc32,47.0,,147,67.0,2025-09-16 09:30:00,humorous,almond shells,almonds,la,ppm,41.0,3,pass,,jduong@lbl.gov,xrf
(71)d39a,47.0,,147,67.0,2025-09-16 09:30:00,humorous,almond shells,almonds,rb,ppm,22.0,3,pass,,jduong@lbl.gov,xrf
(71)dd2f,47.0,,147,67.0,2025-09-16 09:30:00,humorous,almond shells,almonds,u,ppm,11.0,3,pass,,jduong@lbl.gov,xrf
(71)de49,47.0,,147,67.0,2025-09-16 09:30:00,humorous,almond shells,almonds,fe,ppm,173.0,1,pass,,jduong@lbl.gov,xrf
(71)e011,47.0,,147,67.0,2025-09-16 09:30:00,humorous,almond shells,almonds,la,ppm,47.0,1,pass,,jduong@lbl.gov,xrf
(71)e085,47.0,,147,67.0,2025-09-16 09:30:00,humorous,almond shells,almonds,rb,ppm,22.0,2,pass,,jduong@lbl.gov,xrf
(71)e322,47.0,,147,67.0,2025-09-16 09:30:00,humorous,almond shells,almonds,ca,ppm,2990.0,3,pass,,jduong@lbl.gov,xrf
(71)e47c,47.0,,147,67.0,2025-09-16 09:30:00,humorous,almond shells,almonds,th,ppm,41.0,2,pass,,jduong@lbl.gov,xrf
(71)e79d,47.0,,147,67.0,2025-09-16 09:30:00,humorous,almond shells,almonds,ti,ppm,162.0,3,pass,,jduong@lbl.gov,xrf
(71)f183,47.0,,147,67.0,2025-09-16 09:30:00,humorous,almond shells,almonds,mn,ppm,41.0,2,pass,,jduong@lbl.gov,xrf
(71)f439,47.0,,147,67.0,2025-09-16 09:30:00,humorous,almond shells,almonds,ca,ppm,2950.0,2,pass,,jduong@lbl.gov,xrf
(71)f66e,47.0,,147,67.0,2025-09-16 09:30:00,humorous,almond shells,almonds,k,ppm,21800.0,1,pass,,jduong@lbl.gov,xrf
(71)f738,47.0,,147,67.0,2025-09-16 09:30:00,humorous,almond shells,almonds,mo,ppm,5.0,2,pass,,jduong@lbl.gov,xrf
(78)03fa,47.0,,84,40.0,2025-08-07 11:30:00,rushes,peach pomace,peaches,mo,ppm,5.0,1,pass,,jduong@lbl.gov,xrf
(78)08ef,47.0,,84,40.0,2025-08-07 11:30:00,rushes,peach pomace,peaches,rb,ppm,41.0,1,pass,,jduong@lbl.gov,xrf
(78)0e9e,47.0,,84,40.0,2025-08-07 11:30:00,rushes,peach pomace,peaches,k,ppm,47900.0,2,pass,,jduong@lbl.gov,xrf
(78)0f6e,47.0,,84,40.0,2025-08-07 11:30:00,rushes,peach pomace,peaches,u,ppm,11.0,3,pass,,jduong@lbl.gov,xrf
(78)1254,47.0,,84,40.0,2025-08-07 11:30:00,rushes,peach pomace,peaches,cu,ppm,23.0,3,pass,,jduong@lbl.gov,xrf
(78)161a,47.0,,84,40.0,2025-08-07 11:30:00,rushes,peach pomace,peaches,s,ppm,1930.0,1,pass,,jduong@lbl.gov,xrf
(78)16ed,47.0,,84,40.0,2025-08-07 11:30:00,rushes,peach pomace,peaches,k,ppm,51000.0,1,pass,,jduong@lbl.gov,xrf
(78)2124,47.0,,84,40.0,2025-08-07 11:30:00,rushes,peach pomace,peaches,u,ppm,12.0,2,pass,,jduong@lbl.gov,xrf
(78)24fe,47.0,,84,40.0,2025-08-07 11:30:00,rushes,peach pomace,peaches,mo,ppm,5.0,3,pass,,jduong@lbl.gov,xrf
(78)2604,47.0,,84,40.0,2025-08-07 11:30:00,rushes,peach pomace,peaches,th,ppm,35.0,3,pass,,jduong@lbl.gov,xrf
(78)2aac,47.0,,84,40.0,2025-08-07 11:30:00,rushes,peach pomace,peaches,ca,ppm,3350.0,3,pass,,jduong@lbl.gov,xrf
(78)2ec0,47.0,,84,40.0,2025-08-07 11:30:00,rushes,peach pomace,peaches,ca,ppm,3390.0,2,pass,,jduong@lbl.gov,xrf
(78)30dc,47.0,,84,40.0,2025-08-07 11:30:00,rushes,peach pomace,peaches,al,ppm,2390.0,2,pass,,jduong@lbl.gov,xrf
(78)3489,47.0,,84,40.0,2025-08-07 11:30:00,rushes,peach pomace,peaches,ba,ppm,31.0,3,pass,,jduong@lbl.gov,xrf
(78)39ec,47.0,,84,40.0,2025-08-07 11:30:00,rushes,peach pomace,peaches,fe,ppm,297.0,3,pass,,jduong@lbl.gov,xrf
(78)4307,47.0,,84,40.0,2025-08-07 11:30:00,rushes,peach pomace,peaches,fe,ppm,300.0,1,pass,,jduong@lbl.gov,xrf
(78)4743,47.0,,84,40.0,2025-08-07 11:30:00,rushes,peach pomace,peaches,zn,ppm,44.0,1,pass,,jduong@lbl.gov,xrf
(78)494a,47.0,,84,40.0,2025-08-07 11:30:00,rushes,peach pomace,peaches,al,ppm,1340.0,1,pass,,jduong@lbl.gov,xrf
(78)52a9,47.0,,84,40.0,2025-08-07 11:30:00,rushes,peach pomace,peaches,rb,ppm,40.0,2,pass,,jduong@lbl.gov,xrf
(78)5491,47.0,,84,40.0,2025-08-07 11:30:00,rushes,peach pomace,peaches,si,ppm,1740.0,3,pass,,jduong@lbl.gov,xrf
(78)5546,47.0,,84,40.0,2025-08-07 11:30:00,rushes,peach pomace,peaches,sr,ppm,20.0,1,pass,,jduong@lbl.gov,xrf
(78)5699,47.0,,84,40.0,2025-08-07 11:30:00,rushes,peach pomace,peaches,p,ppm,5110.0,1,pass,,jduong@lbl.gov,xrf
(78)57f0,47.0,,84,40.0,2025-08-07 11:30:00,rushes,peach pomace,peaches,mn,ppm,69.0,2,pass,,jduong@lbl.gov,xrf
(78)6091,47.0,,84,40.0,2025-08-07 11:30:00,rushes,peach pomace,peaches,al,ppm,2280.0,3,pass,,jduong@lbl.gov,xrf
(78)62cd,47.0,,84,40.0,2025-08-07 11:30:00,rushes,peach pomace,peaches,mg,ppm,6270.0,1,pass,,jduong@lbl.gov,xrf
(78)6a1f,47.0,,84,40.0,2025-08-07 11:30:00,rushes,peach pomace,peaches,si,ppm,1600.0,1,pass,,jduong@lbl.gov,xrf
(78)7dd7,47.0,,84,40.0,2025-08-07 11:30:00,rushes,peach pomace,peaches,mo,ppm,6.0,2,pass,,jduong@lbl.gov,xrf
(78)8bb2,47.0,,84,40.0,2025-08-07 11:30:00,rushes,peach pomace,peaches,cu,ppm,21.0,1,pass,,jduong@lbl.gov,xrf
(78)8efe,47.0,,84,40.0,2025-08-07 11:30:00,rushes,peach pomace,peaches,ca,ppm,3390.0,1,pass,,jduong@lbl.gov,xrf
(78)8f8c,47.0,,84,40.0,2025-08-07 11:30:00,rushes,peach pomace,peaches,zn,ppm,40.0,3,pass,,jduong@lbl.gov,xrf
(78)9049,47.0,,84,40.0,2025-08-07 11:30:00,rushes,peach pomace,peaches,sr,ppm,19.0,2,pass,,jduong@lbl.gov,xrf
(78)9ae1,47.0,,84,40.0,2025-08-07 11:30:00,rushes,peach pomace,peaches,sr,ppm,20.0,3,pass,,jduong@lbl.gov,xrf
(78)a804,47.0,,84,40.0,2025-08-07 11:30:00,rushes,peach pomace,peaches,fe,ppm,306.0,2,pass,,jduong@lbl.gov,xrf
(78)a8e9,47.0,,84,40.0,2025-08-07 11:30:00,rushes,peach pomace,peaches,si,ppm,1590.0,2,pass,,jduong@lbl.gov,xrf
(78)b212,47.0,,84,40.0,2025-08-07 11:30:00,rushes,peach pomace,peaches,p,ppm,4870.0,3,pass,,jduong@lbl.gov,xrf
(78)b9b0,47.0,,84,40.0,2025-08-07 11:30:00,rushes,peach pomace,peaches,s,ppm,1690.0,3,pass,,jduong@lbl.gov,xrf
(78)b9df,47.0,,84,40.0,2025-08-07 11:30:00,rushes,peach pomace,peaches,th,ppm,44.0,1,pass,,jduong@lbl.gov,xrf
(78)bc48,47.0,,84,40.0,2025-08-07 11:30:00,rushes,peach pomace,peaches,mn,ppm,75.0,1,pass,,jduong@lbl.gov,xrf
(78)cc7c,47.0,,84,40.0,2025-08-07 11:30:00,rushes,peach pomace,peaches,zn,ppm,39.0,2,pass,,jduong@lbl.gov,xrf
(78)d22b,47.0,,84,40.0,2025-08-07 11:30:00,rushes,peach pomace,peaches,mn,ppm,68.0,3,pass,,jduong@lbl.gov,xrf
(78)d557,47.0,,84,40.0,2025-08-07 11:30:00,rushes,peach pomace,peaches,rb,ppm,40.0,3,pass,,jduong@lbl.gov,xrf
(78)d5c2,47.0,,84,40.0,2025-08-07 11:30:00,rushes,peach pomace,peaches,cu,ppm,21.0,2,pass,,jduong@lbl.gov,xrf
(78)daf4,47.0,,84,40.0,2025-08-07 11:30:00,rushes,peach pomace,peaches,u,ppm,12.0,1,pass,,jduong@lbl.gov,xrf
(78)e8e5,47.0,,84,40.0,2025-08-07 11:30:00,rushes,peach pomace,peaches,s,ppm,1780.0,2,pass,,jduong@lbl.gov,xrf
(78)ea27,47.0,,84,40.0,2025-08-07 11:30:00,rushes,peach pomace,peaches,mg,ppm,3750.0,2,pass,,jduong@lbl.gov,xrf
(78)efa1,47.0,,84,40.0,2025-08-07 11:30:00,rushes,peach pomace,peaches,th,ppm,39.0,2,pass,,jduong@lbl.gov,xrf
(78)f308,47.0,,84,40.0,2025-08-07 11:30:00,rushes,peach pomace,peaches,k,ppm,47800.0,3,pass,,jduong@lbl.gov,xrf
(78)f45c,47.0,,84,40.0,2025-08-07 11:30:00,rushes,peach pomace,peaches,p,ppm,4890.0,2,pass,,jduong@lbl.gov,xrf
(78)feb9,47.0,,84,40.0,2025-08-07 11:30:00,rushes,peach pomace,peaches,ba,ppm,28.0,2,pass,,jduong@lbl.gov,xrf
(7e)00df,47.0,,150,75.0,2025-09-26 11:35:00,capstan,almond branches,almonds,ba,ppm,28.0,2,pass,,jduong@lbl.gov,xrf
(7e)12b9,47.0,,150,75.0,2025-09-26 11:35:00,capstan,almond branches,almonds,p,ppm,448.0,1,pass,,jduong@lbl.gov,xrf
(7e)14b2,47.0,,150,75.0,2025-09-26 11:35:00,capstan,almond branches,almonds,s,ppm,649.0,3,pass,,jduong@lbl.gov,xrf
(7e)204a,47.0,,150,75.0,2025-09-26 11:35:00,capstan,almond branches,almonds,al,ppm,2150.0,3,pass,,jduong@lbl.gov,xrf
(7e)20c4,47.0,,150,75.0,2025-09-26 11:35:00,capstan,almond branches,almonds,fe,ppm,328.0,3,pass,,jduong@lbl.gov,xrf
(7e)292a,47.0,,150,75.0,2025-09-26 11:35:00,capstan,almond branches,almonds,ba,ppm,43.0,3,pass,,jduong@lbl.gov,xrf
(7e)3682,47.0,,150,75.0,2025-09-26 11:35:00,capstan,almond branches,almonds,s,ppm,643.0,1,pass,,jduong@lbl.gov,xrf
(7e)36c6,47.0,,150,75.0,2025-09-26 11:35:00,capstan,almond branches,almonds,k,ppm,3590.0,3,pass,,jduong@lbl.gov,xrf
(7e)39c7,47.0,,150,75.0,2025-09-26 11:35:00,capstan,almond branches,almonds,sr,ppm,83.0,2,pass,,jduong@lbl.gov,xrf
(7e)3bb9,47.0,,150,75.0,2025-09-26 11:35:00,capstan,almond branches,almonds,th,ppm,47.0,3,pass,,jduong@lbl.gov,xrf
(7e)3c65,47.0,,150,75.0,2025-09-26 11:35:00,capstan,almond branches,almonds,ce,ppm,42.0,3,pass,,jduong@lbl.gov,xrf
(7e)4f9f,47.0,,150,75.0,2025-09-26 11:35:00,capstan,almond branches,almonds,p,ppm,495.0,3,pass,,jduong@lbl.gov,xrf
(7e)53b3,47.0,,150,75.0,2025-09-26 11:35:00,capstan,almond branches,almonds,sr,ppm,83.0,3,pass,,jduong@lbl.gov,xrf
(7e)5837,47.0,,150,75.0,2025-09-26 11:35:00,capstan,almond branches,almonds,ba,ppm,30.0,1,pass,,jduong@lbl.gov,xrf
(7e)5d7f,47.0,,150,75.0,2025-09-26 11:35:00,capstan,almond branches,almonds,u,ppm,19.0,1,pass,,jduong@lbl.gov,xrf
(7e)5fcb,47.0,,150,75.0,2025-09-26 11:35:00,capstan,almond branches,almonds,zn,ppm,1130.0,2,pass,,jduong@lbl.gov,xrf
(7e)64ec,47.0,,150,75.0,2025-09-26 11:35:00,capstan,almond branches,almonds,ca,ppm,9760.0,2,pass,,jduong@lbl.gov,xrf
(7e)652e,47.0,,150,75.0,2025-09-26 11:35:00,capstan,almond branches,almonds,mn,ppm,102.0,2,pass,,jduong@lbl.gov,xrf
(7e)66a5,47.0,,150,75.0,2025-09-26 11:35:00,capstan,almond branches,almonds,mn,ppm,81.0,1,pass,,jduong@lbl.gov,xrf
(7e)6736,47.0,,150,75.0,2025-09-26 11:35:00,capstan,almond branches,almonds,u,ppm,18.0,2,pass,,jduong@lbl.gov,xrf
(7e)71cd,47.0,,150,75.0,2025-09-26 11:35:00,capstan,almond branches,almonds,zn,ppm,1110.0,1,pass,,jduong@lbl.gov,xrf
(7e)78a1,47.0,,150,75.0,2025-09-26 11:35:00,capstan,almond branches,almonds,ca,ppm,9810.0,3,pass,,jduong@lbl.gov,xrf
(7e)7bd2,47.0,,150,75.0,2025-09-26 11:35:00,capstan,almond branches,almonds,s,ppm,620.0,2,pass,,jduong@lbl.gov,xrf
(7e)7da7,47.0,,150,75.0,2025-09-26 11:35:00,capstan,almond branches,almonds,si,ppm,4200.0,1,pass,,jduong@lbl.gov,xrf
(7e)8e65,47.0,,150,75.0,2025-09-26 11:35:00,capstan,almond branches,almonds,k,ppm,3240.0,1,pass,,jduong@lbl.gov,xrf
(7e)9118,47.0,,150,75.0,2025-09-26 11:35:00,capstan,almond branches,almonds,fe,ppm,335.0,1,pass,,jduong@lbl.gov,xrf
(7e)9353,47.0,,150,75.0,2025-09-26 11:35:00,capstan,almond branches,almonds,si,ppm,4210.0,3,pass,,jduong@lbl.gov,xrf
(7e)935a,47.0,,150,75.0,2025-09-26 11:35:00,capstan,almond branches,almonds,si,ppm,4160.0,2,pass,,jduong@lbl.gov,xrf
(7e)9e12,47.0,,150,75.0,2025-09-26 11:35:00,capstan,almond branches,almonds,mn,ppm,77.0,3,pass,,jduong@lbl.gov,xrf
(7e)9e16,47.0,,150,75.0,2025-09-26 11:35:00,capstan,almond branches,almonds,p,ppm,477.0,2,pass,,jduong@lbl.gov,xrf
(7e)a14d,47.0,,150,75.0,2025-09-26 11:35:00,capstan,almond branches,almonds,u,ppm,18.0,3,pass,,jduong@lbl.gov,xrf
(7e)ac5d,47.0,,150,75.0,2025-09-26 11:35:00,capstan,almond branches,almonds,fe,ppm,343.0,2,pass,,jduong@lbl.gov,xrf
(7e)af83,47.0,,150,75.0,2025-09-26 11:35:00,capstan,almond branches,almonds,ca,ppm,9880.0,1,pass,,jduong@lbl.gov,xrf
(7e)b204,47.0,,150,75.0,2025-09-26 11:35:00,capstan,almond branches,almonds,ce,ppm,50.0,2,pass,,jduong@lbl.gov,xrf
(7e)d47e,47.0,,150,75.0,2025-09-26 11:35:00,capstan,almond branches,almonds,zn,ppm,1150.0,3,pass,,jduong@lbl.gov,xrf
(7e)dd01,47.0,,150,75.0,2025-09-26 11:35:00,capstan,almond branches,almonds,cu,ppm,47.0,3,pass,,jduong@lbl.gov,xrf
(7e)deee,47.0,,150,75.0,2025-09-26 11:35:00,capstan,almond branches,almonds,cu,ppm,50.0,1,pass,,jduong@lbl.gov,xrf
(7e)e15b,47.0,,150,75.0,2025-09-26 11:35:00,capstan,almond branches,almonds,th,ppm,46.0,2,pass,,jduong@lbl.gov,xrf
(7e)e852,47.0,,150,75.0,2025-09-26 11:35:00,capstan,almond branches,almonds,sr,ppm,85.0,1,pass,,jduong@lbl.gov,xrf
(7e)eb9a,47.0,,150,75.0,2025-09-26 11:35:00,capstan,almond branches,almonds,k,ppm,3640.0,2,pass,,jduong@lbl.gov,xrf
(7e)f266,47.0,,150,75.0,2025-09-26 11:35:00,capstan,almond branches,almonds,cu,ppm,49.0,2,pass,,jduong@lbl.gov,xrf
(7e)f713,47.0,,150,75.0,2025-09-26 11:35:00,capstan,almond branches,almonds,al,ppm,2060.0,2,pass,,jduong@lbl.gov,xrf
(7e)ff77,47.0,,150,75.0,2025-09-26 11:35:00,capstan,almond branches,almonds,al,ppm,1930.0,1,pass,,jduong@lbl.gov,xrf
(7e)ff8d,47.0,,150,75.0,2025-09-26 11:35:00,capstan,almond branches,almonds,th,ppm,51.0,1,pass,,jduong@lbl.gov,xrf
(82)0268,47.0,,107,51.0,2025-08-27 11:15:00,boatswain,grape pomace,grapes,sr,ppm,14.0,3,pass,,jduong@lbl.gov,xrf
(82)0338,47.0,,107,51.0,2025-08-27 11:15:00,boatswain,grape pomace,grapes,ba,ppm,23.0,3,pass,,jduong@lbl.gov,xrf
(82)09bb,47.0,,107,51.0,2025-08-27 11:15:00,boatswain,grape pomace,grapes,ca,ppm,4300.0,2,pass,,jduong@lbl.gov,xrf
(82)0a81,47.0,,107,51.0,2025-08-27 11:15:00,boatswain,grape pomace,grapes,zn,ppm,19.0,2,pass,,jduong@lbl.gov,xrf
(82)0fe9,47.0,,107,51.0,2025-08-27 11:15:00,boatswain,grape pomace,grapes,p,ppm,2510.0,3,pass,,jduong@lbl.gov,xrf
(82)19a5,47.0,,107,51.0,2025-08-27 11:15:00,boatswain,grape pomace,grapes,ti,ppm,211.0,2,pass,,jduong@lbl.gov,xrf
(82)20ae,47.0,,107,51.0,2025-08-27 11:15:00,boatswain,grape pomace,grapes,s,ppm,2060.0,3,pass,,jduong@lbl.gov,xrf
(82)2348,47.0,,107,51.0,2025-08-27 11:15:00,boatswain,grape pomace,grapes,s,ppm,1910.0,1,pass,,jduong@lbl.gov,xrf
(82)2643,47.0,,107,51.0,2025-08-27 11:15:00,boatswain,grape pomace,grapes,rb,ppm,10.0,1,pass,,jduong@lbl.gov,xrf
(82)2f3c,47.0,,107,51.0,2025-08-27 11:15:00,boatswain,grape pomace,grapes,si,ppm,1270.0,2,pass,,jduong@lbl.gov,xrf
(82)31a4,47.0,,107,51.0,2025-08-27 11:15:00,boatswain,grape pomace,grapes,u,ppm,13.0,2,pass,,jduong@lbl.gov,xrf
(82)33ff,47.0,,107,51.0,2025-08-27 11:15:00,boatswain,grape pomace,grapes,fe,ppm,274.0,3,pass,,jduong@lbl.gov,xrf
(82)3723,47.0,,107,51.0,2025-08-27 11:15:00,boatswain,grape pomace,grapes,ba,ppm,26.0,2,pass,,jduong@lbl.gov,xrf
(82)3f2a,47.0,,107,51.0,2025-08-27 11:15:00,boatswain,grape pomace,grapes,k,ppm,11100.0,1,pass,,jduong@lbl.gov,xrf
(82)3fb8,47.0,,107,51.0,2025-08-27 11:15:00,boatswain,grape pomace,grapes,si,ppm,1370.0,1,pass,,jduong@lbl.gov,xrf
(82)43aa,47.0,,107,51.0,2025-08-27 11:15:00,boatswain,grape pomace,grapes,rb,ppm,10.0,2,pass,,jduong@lbl.gov,xrf
(82)4450,47.0,,107,51.0,2025-08-27 11:15:00,boatswain,grape pomace,grapes,th,ppm,47.0,2,pass,,jduong@lbl.gov,xrf
(82)4507,47.0,,107,51.0,2025-08-27 11:15:00,boatswain,grape pomace,grapes,th,ppm,47.0,1,pass,,jduong@lbl.gov,xrf
(82)58a1,47.0,,107,51.0,2025-08-27 11:15:00,boatswain,grape pomace,grapes,mn,ppm,35.0,3,pass,,jduong@lbl.gov,xrf
(82)67f8,47.0,,107,51.0,2025-08-27 11:15:00,boatswain,grape pomace,grapes,rb,ppm,10.0,3,pass,,jduong@lbl.gov,xrf
(82)68e4,47.0,,107,51.0,2025-08-27 11:15:00,boatswain,grape pomace,grapes,zn,ppm,20.0,1,pass,,jduong@lbl.gov,xrf
(82)6a18,47.0,,107,51.0,2025-08-27 11:15:00,boatswain,grape pomace,grapes,sr,ppm,15.0,1,pass,,jduong@lbl.gov,xrf
(82)7039,47.0,,107,51.0,2025-08-27 11:15:00,boatswain,grape pomace,grapes,ba,ppm,27.0,1,pass,,jduong@lbl.gov,xrf
(82)70b4,47.0,,107,51.0,2025-08-27 11:15:00,boatswain,grape pomace,grapes,cu,ppm,16.0,1,pass,,jduong@lbl.gov,xrf
(82)76e2,47.0,,107,51.0,2025-08-27 11:15:00,boatswain,grape pomace,grapes,k,ppm,11700.0,2,pass,,jduong@lbl.gov,xrf
(82)7e18,47.0,,107,51.0,2025-08-27 11:15:00,boatswain,grape pomace,grapes,fe,ppm,308.0,1,pass,,jduong@lbl.gov,xrf
(82)8397,47.0,,107,51.0,2025-08-27 11:15:00,boatswain,grape pomace,grapes,s,ppm,2120.0,2,pass,,jduong@lbl.gov,xrf
(82)8eb7,47.0,,107,51.0,2025-08-27 11:15:00,boatswain,grape pomace,grapes,ca,ppm,4200.0,1,pass,,jduong@lbl.gov,xrf
(82)8ff1,47.0,,107,51.0,2025-08-27 11:15:00,boatswain,grape pomace,grapes,u,ppm,14.0,1,pass,,jduong@lbl.gov,xrf
(82)928f,47.0,,107,51.0,2025-08-27 11:15:00,boatswain,grape pomace,grapes,mn,ppm,32.0,2,pass,,jduong@lbl.gov,xrf
(82)9390,47.0,,107,51.0,2025-08-27 11:15:00,boatswain,grape pomace,grapes,k,ppm,11600.0,3,pass,,jduong@lbl.gov,xrf
(82)9420,47.0,,107,51.0,2025-08-27 11:15:00,boatswain,grape pomace,grapes,p,ppm,2410.0,2,pass,,jduong@lbl.gov,xrf
(82)953e,47.0,,107,51.0,2025-08-27 11:15:00,boatswain,grape pomace,grapes,cu,ppm,15.0,3,pass,,jduong@lbl.gov,xrf
(82)a54f,47.0,,107,51.0,2025-08-27 11:15:00,boatswain,grape pomace,grapes,cu,ppm,18.0,2,pass,,jduong@lbl.gov,xrf
(82)ada4,47.0,,107,51.0,2025-08-27 11:15:00,boatswain,grape pomace,grapes,si,ppm,1290.0,3,pass,,jduong@lbl.gov,xrf
(82)bcc5,47.0,,107,51.0,2025-08-27 11:15:00,boatswain,grape pomace,grapes,zn,ppm,19.0,3,pass,,jduong@lbl.gov,xrf
(82)c77d,47.0,,107,51.0,2025-08-27 11:15:00,boatswain,grape pomace,grapes,p,ppm,2420.0,1,pass,,jduong@lbl.gov,xrf
(82)cb28,47.0,,107,51.0,2025-08-27 11:15:00,boatswain,grape pomace,grapes,mo,ppm,3.0,2,pass,,jduong@lbl.gov,xrf
(82)dd9a,47.0,,107,51.0,2025-08-27 11:15:00,boatswain,grape pomace,grapes,u,ppm,13.0,3,pass,,jduong@lbl.gov,xrf
(82)de29,47.0,,107,51.0,2025-08-27 11:15:00,boatswain,grape pomace,grapes,sr,ppm,17.0,2,pass,,jduong@lbl.gov,xrf
(82)dffc,47.0,,107,51.0,2025-08-27 11:15:00,boatswain,grape pomace,grapes,mo,ppm,6.0,1,pass,,jduong@lbl.gov,xrf
(82)e0bf,47.0,,107,51.0,2025-08-27 11:15:00,boatswain,grape pomace,grapes,ti,ppm,171.0,1,pass,,jduong@lbl.gov,xrf
(82)e136,47.0,,107,51.0,2025-08-27 11:15:00,boatswain,grape pomace,grapes,th,ppm,43.0,3,pass,,jduong@lbl.gov,xrf
(82)ee27,47.0,,107,51.0,2025-08-27 11:15:00,boatswain,grape pomace,grapes,fe,ppm,284.0,2,pass,,jduong@lbl.gov,xrf
(82)f3b0,47.0,,107,51.0,2025-08-27 11:15:00,boatswain,grape pomace,grapes,mn,ppm,35.0,1,pass,,jduong@lbl.gov,xrf
(86)0324,47.0,,146,66.0,2025-09-16 09:30:00,humorous,almond hulls,almonds,pr,ppm,106.0,2,pass,,jduong@lbl.gov,xrf
(86)05a0,46.0,,43,18.0,2024-11-21 16:10:00,tiny,almond shells and hulls mix,almonds,sn,ppm,0.0,1,provisional,,xkang2@lbl.gov,xrf
(86)05fe,46.0,,43,18.0,2024-11-21 16:10:00,tiny,almond shells and hulls mix,almonds,sb,ppm,0.0,1,provisional,,xkang2@lbl.gov,xrf
(86)06e6,47.0,,146,66.0,2025-09-16 09:30:00,humorous,almond hulls,almonds,rb,ppm,16.0,1,pass,,jduong@lbl.gov,xrf
(86)0d46,47.0,,146,66.0,2025-09-16 09:30:00,humorous,almond hulls,almonds,cu,ppm,9.0,1,pass,,jduong@lbl.gov,xrf
(86)0d90,47.0,,146,66.0,2025-09-16 09:30:00,humorous,almond hulls,almonds,k,ppm,37600.0,2,pass,,jduong@lbl.gov,xrf
(86)1006,46.0,,43,18.0,2024-11-21 16:10:00,tiny,almond shells and hulls mix,almonds,w,ppm,0.0,1,provisional,,xkang2@lbl.gov,xrf
(86)1089,47.0,,146,66.0,2025-09-16 09:30:00,humorous,almond hulls,almonds,mn,ppm,47.0,2,pass,,jduong@lbl.gov,xrf
(86)1122,46.0,,43,18.0,2024-11-21 16:10:00,tiny,almond shells and hulls mix,almonds,nb,ppm,0.0,1,provisional,,xkang2@lbl.gov,xrf
(86)1159,47.0,,146,66.0,2025-09-16 09:30:00,humorous,almond hulls,almonds,ti,ppm,219.0,2,pass,,jduong@lbl.gov,xrf
(86)151f,46.0,,43,18.0,2024-11-21 16:10:00,tiny,almond shells and hulls mix,almonds,mg,ppm,0.0,1,provisional,,xkang2@lbl.gov,xrf
(86)160d,47.0,,146,66.0,2025-09-16 09:30:00,humorous,almond hulls,almonds,rb,ppm,16.0,2,pass,,jduong@lbl.gov,xrf
(86)1a30,47.0,,146,66.0,2025-09-16 09:30:00,humorous,almond hulls,almonds,la,ppm,59.0,1,pass,,jduong@lbl.gov,xrf
(86)1a62,47.0,,146,66.0,2025-09-16 09:30:00,humorous,almond hulls,almonds,th,ppm,32.0,3,pass,,jduong@lbl.gov,xrf
(86)1a72,46.0,,43,18.0,2024-11-21 16:10:00,tiny,almond shells and hulls mix,almonds,zn,ppm,21.0,1,provisional,,xkang2@lbl.gov,xrf
(86)1ce4,46.0,,43,18.0,2024-11-21 16:10:00,tiny,almond shells and hulls mix,almonds,hg,ppm,0.0,1,provisional,,xkang2@lbl.gov,xrf
(86)271a,47.0,,146,66.0,2025-09-16 09:30:00,humorous,almond hulls,almonds,p,ppm,1270.0,2,pass,,jduong@lbl.gov,xrf
(86)289f,46.0,,43,18.0,2024-11-21 16:10:00,tiny,almond shells and hulls mix,almonds,k,ppm,17600.0,1,provisional,,xkang2@lbl.gov,xrf
(86)2bdc,47.0,,146,66.0,2025-09-16 09:30:00,humorous,almond hulls,almonds,s,ppm,317.0,2,pass,,jduong@lbl.gov,xrf
(86)3326,46.0,,43,18.0,2024-11-21 16:10:00,tiny,almond shells and hulls mix,almonds,mo,ppm,13.0,1,provisional,,xkang2@lbl.gov,xrf
(86)340e,47.0,,146,66.0,2025-09-16 09:30:00,humorous,almond hulls,almonds,sr,ppm,22.0,3,pass,,jduong@lbl.gov,xrf
(86)3b40,46.0,,43,18.0,2024-11-21 16:10:00,tiny,almond shells and hulls mix,almonds,fe,ppm,255.0,1,provisional,,xkang2@lbl.gov,xrf
(86)3ec5,47.0,,146,66.0,2025-09-16 09:30:00,humorous,almond hulls,almonds,zn,ppm,15.0,2,pass,,jduong@lbl.gov,xrf
(86)4418,47.0,,146,66.0,2025-09-16 09:30:00,humorous,almond hulls,almonds,u,ppm,10.0,2,pass,,jduong@lbl.gov,xrf
(86)449e,47.0,,146,66.0,2025-09-16 09:30:00,humorous,almond hulls,almonds,th,ppm,34.0,1,pass,,jduong@lbl.gov,xrf
(86)4707,46.0,,43,18.0,2024-11-21 16:10:00,tiny,almond shells and hulls mix,almonds,cr,ppm,0.0,1,provisional,,xkang2@lbl.gov,xrf
(86)48ce,46.0,,43,18.0,2024-11-21 16:10:00,tiny,almond shells and hulls mix,almonds,th,ppm,97.0,1,provisional,,xkang2@lbl.gov,xrf
(86)4c6e,46.0,,43,18.0,2024-11-21 16:10:00,tiny,almond shells and hulls mix,almonds,u,ppm,18.0,1,provisional,,xkang2@lbl.gov,xrf
(86)4ce1,47.0,,146,66.0,2025-09-16 09:30:00,humorous,almond hulls,almonds,zn,ppm,16.0,3,pass,,jduong@lbl.gov,xrf
(86)4d71,47.0,,146,66.0,2025-09-16 09:30:00,humorous,almond hulls,almonds,cu,ppm,12.0,2,pass,,jduong@lbl.gov,xrf
(86)4d84,47.0,,146,66.0,2025-09-16 09:30:00,humorous,almond hulls,almonds,ca,ppm,3040.0,3,pass,,jduong@lbl.gov,xrf
(86)5170,46.0,,43,18.0,2024-11-21 16:10:00,tiny,almond shells and hulls mix,almonds,ni,ppm,0.0,1,provisional,,xkang2@lbl.gov,xrf
(86)5267,47.0,,146,66.0,2025-09-16 09:30:00,humorous,almond hulls,almonds,ba,ppm,27.0,2,pass,,jduong@lbl.gov,xrf
(86)56a7,46.0,,43,18.0,2024-11-21 16:10:00,tiny,almond shells and hulls mix,almonds,pb,ppm,0.0,1,provisional,,xkang2@lbl.gov,xrf
(86)5c61,46.0,,43,18.0,2024-11-21 16:10:00,tiny,almond shells and hulls mix,almonds,ti,ppm,0.0,1,provisional,,xkang2@lbl.gov,xrf
(86)6819,46.0,,43,18.0,2024-11-21 16:10:00,tiny,almond shells and hulls mix,almonds,se,ppm,0.0,1,provisional,,xkang2@lbl.gov,xrf
(86)6835,46.0,,43,18.0,2024-11-21 16:10:00,tiny,almond shells and hulls mix,almonds,as,ppm,0.0,1,provisional,,xkang2@lbl.gov,xrf
(86)6b0a,47.0,,146,66.0,2025-09-16 09:30:00,humorous,almond hulls,almonds,zn,ppm,16.0,1,pass,,jduong@lbl.gov,xrf
(86)741c,47.0,,146,66.0,2025-09-16 09:30:00,humorous,almond hulls,almonds,sr,ppm,20.0,2,pass,,jduong@lbl.gov,xrf
(86)75a3,47.0,,146,66.0,2025-09-16 09:30:00,humorous,almond hulls,almonds,mn,ppm,40.0,3,pass,,jduong@lbl.gov,xrf
(86)7aeb,46.0,,43,18.0,2024-11-21 16:10:00,tiny,almond shells and hulls mix,almonds,y,ppm,0.0,1,provisional,,xkang2@lbl.gov,xrf
(86)7e43,46.0,,43,18.0,2024-11-21 16:10:00,tiny,almond shells and hulls mix,almonds,v,ppm,0.0,1,provisional,,xkang2@lbl.gov,xrf
(86)7e75,46.0,,43,18.0,2024-11-21 16:10:00,tiny,almond shells and hulls mix,almonds,ba,ppm,0.0,1,provisional,,xkang2@lbl.gov,xrf
(86)8027,47.0,,146,66.0,2025-09-16 09:30:00,humorous,almond hulls,almonds,u,ppm,10.0,3,pass,,jduong@lbl.gov,xrf
(86)8318,47.0,,146,66.0,2025-09-16 09:30:00,humorous,almond hulls,almonds,ti,ppm,204.0,1,pass,,jduong@lbl.gov,xrf
(86)8dad,47.0,,146,66.0,2025-09-16 09:30:00,humorous,almond hulls,almonds,u,ppm,11.0,1,pass,,jduong@lbl.gov,xrf
(86)8db7,47.0,,146,66.0,2025-09-16 09:30:00,humorous,almond hulls,almonds,ca,ppm,3130.0,2,pass,,jduong@lbl.gov,xrf
(86)92f3,47.0,,146,66.0,2025-09-16 09:30:00,humorous,almond hulls,almonds,cu,ppm,9.0,3,pass,,jduong@lbl.gov,xrf
(86)94ce,46.0,,43,18.0,2024-11-21 16:10:00,tiny,almond shells and hulls mix,almonds,p,ppm,297.0,1,provisional,,xkang2@lbl.gov,xrf
(86)997e,46.0,,43,18.0,2024-11-21 16:10:00,tiny,almond shells and hulls mix,almonds,s,ppm,0.0,1,provisional,,xkang2@lbl.gov,xrf
(86)99ed,46.0,,43,18.0,2024-11-21 16:10:00,tiny,almond shells and hulls mix,almonds,mn,ppm,58.0,1,provisional,,xkang2@lbl.gov,xrf
(86)9ab1,47.0,,146,66.0,2025-09-16 09:30:00,humorous,almond hulls,almonds,s,ppm,326.0,1,pass,,jduong@lbl.gov,xrf
(86)9b0e,46.0,,43,18.0,2024-11-21 16:10:00,tiny,almond shells and hulls mix,almonds,cd,ppm,0.0,1,provisional,,xkang2@lbl.gov,xrf
(86)a171,46.0,,43,18.0,2024-11-21 16:10:00,tiny,almond shells and hulls mix,almonds,pr,ppm,0.0,1,provisional,,xkang2@lbl.gov,xrf
(86)a353,46.0,,43,18.0,2024-11-21 16:10:00,tiny,almond shells and hulls mix,almonds,zr,ppm,0.0,1,provisional,,xkang2@lbl.gov,xrf
(86)a75b,46.0,,43,18.0,2024-11-21 16:10:00,tiny,almond shells and hulls mix,almonds,ag,ppm,0.0,1,provisional,,xkang2@lbl.gov,xrf
(86)aaef,47.0,,146,66.0,2025-09-16 09:30:00,humorous,almond hulls,almonds,s,ppm,338.0,3,pass,,jduong@lbl.gov,xrf
(86)abbc,46.0,,43,18.0,2024-11-21 16:10:00,tiny,almond shells and hulls mix,almonds,al,ppm,0.0,1,provisional,,xkang2@lbl.gov,xrf
(86)b2bc,47.0,,146,66.0,2025-09-16 09:30:00,humorous,almond hulls,almonds,rb,ppm,16.0,3,pass,,jduong@lbl.gov,xrf
(86)ba5c,46.0,,43,18.0,2024-11-21 16:10:00,tiny,almond shells and hulls mix,almonds,cu,ppm,20.0,1,provisional,,xkang2@lbl.gov,xrf
(86)bd0e,47.0,,146,66.0,2025-09-16 09:30:00,humorous,almond hulls,almonds,p,ppm,1300.0,1,pass,,jduong@lbl.gov,xrf
(86)bf72,47.0,,146,66.0,2025-09-16 09:30:00,humorous,almond hulls,almonds,mn,ppm,40.0,1,pass,,jduong@lbl.gov,xrf
(86)c191,47.0,,146,66.0,2025-09-16 09:30:00,humorous,almond hulls,almonds,p,ppm,1260.0,3,pass,,jduong@lbl.gov,xrf
(86)c19d,47.0,,146,66.0,2025-09-16 09:30:00,humorous,almond hulls,almonds,si,ppm,2990.0,3,pass,,jduong@lbl.gov,xrf
(86)c3aa,46.0,,43,18.0,2024-11-21 16:10:00,tiny,almond shells and hulls mix,almonds,la,ppm,0.0,1,provisional,,xkang2@lbl.gov,xrf
(86)c4e2,47.0,,146,66.0,2025-09-16 09:30:00,humorous,almond hulls,almonds,ca,ppm,2920.0,1,pass,,jduong@lbl.gov,xrf
(86)c93e,47.0,,146,66.0,2025-09-16 09:30:00,humorous,almond hulls,almonds,sr,ppm,22.0,1,pass,,jduong@lbl.gov,xrf
(86)cc40,46.0,,43,18.0,2024-11-21 16:10:00,tiny,almond shells and hulls mix,almonds,sr,ppm,21.0,1,provisional,,xkang2@lbl.gov,xrf
(86)d082,47.0,,146,66.0,2025-09-16 09:30:00,humorous,almond hulls,almonds,k,ppm,37400.0,3,pass,,jduong@lbl.gov,xrf
(86)d397,46.0,,43,18.0,2024-11-21 16:10:00,tiny,almond shells and hulls mix,almonds,ca,ppm,4980.0,1,provisional,,xkang2@lbl.gov,xrf
(86)d3c8,47.0,,146,66.0,2025-09-16 09:30:00,humorous,almond hulls,almonds,th,ppm,36.0,2,pass,,jduong@lbl.gov,xrf
(86)d407,46.0,,43,18.0,2024-11-21 16:10:00,tiny,almond shells and hulls mix,almonds,nd,ppm,68.0,1,provisional,,xkang2@lbl.gov,xrf
(86)dae4,46.0,,43,18.0,2024-11-21 16:10:00,tiny,almond shells and hulls mix,almonds,co,ppm,0.0,1,provisional,,xkang2@lbl.gov,xrf
(86)dce9,47.0,,146,66.0,2025-09-16 09:30:00,humorous,almond hulls,almonds,si,ppm,2730.0,1,pass,,jduong@lbl.gov,xrf
(86)e083,47.0,,146,66.0,2025-09-16 09:30:00,humorous,almond hulls,almonds,la,ppm,50.0,2,pass,,jduong@lbl.gov,xrf
(86)e57e,47.0,,146,66.0,2025-09-16 09:30:00,humorous,almond hulls,almonds,fe,ppm,268.0,1,pass,,jduong@lbl.gov,xrf
(86)e683,46.0,,43,18.0,2024-11-21 16:10:00,tiny,almond shells and hulls mix,almonds,ce,ppm,0.0,1,provisional,,xkang2@lbl.gov,xrf
(86)e924,47.0,,146,66.0,2025-09-16 09:30:00,humorous,almond hulls,almonds,fe,ppm,288.0,2,pass,,jduong@lbl.gov,xrf
(86)ea76,47.0,,146,66.0,2025-09-16 09:30:00,humorous,almond hulls,almonds,si,ppm,3090.0,2,pass,,jduong@lbl.gov,xrf
(86)ea8b,47.0,,146,66.0,2025-09-16 09:30:00,humorous,almond hulls,almonds,pr,ppm,173.0,1,pass,,jduong@lbl.gov,xrf
(86)ed15,47.0,,146,66.0,2025-09-16 09:30:00,humorous,almond hulls,almonds,k,ppm,37200.0,1,pass,,jduong@lbl.gov,xrf
(86)f052,46.0,,43,18.0,2024-11-21 16:10:00,tiny,almond shells and hulls mix,almonds,si,ppm,2220.0,1,provisional,,xkang2@lbl.gov,xrf
(86)f465,46.0,,43,18.0,2024-11-21 16:10:00,tiny,almond shells and hulls mix,almonds,rb,ppm,10.0,1,provisional,,xkang2@lbl.gov,xrf
(86)fcb6,47.0,,146,66.0,2025-09-16 09:30:00,humorous,almond hulls,almonds,fe,ppm,292.0,3,pass,,jduong@lbl.gov,xrf
(86)fe3c,46.0,,43,18.0,2024-11-21 16:10:00,tiny,almond shells and hulls mix,almonds,bi,ppm,0.0,1,provisional,,xkang2@lbl.gov,xrf
(87)0136,47.0,,135,74.0,2025-09-24 11:40:00,rigging,grape stem,grapes,zn,ppm,25.0,1,pass,,jduong@lbl.gov,xrf
(87)095f,47.0,,135,74.0,2025-09-24 11:40:00,rigging,grape stem,grapes,ba,ppm,32.0,2,pass,,jduong@lbl.gov,xrf
(87)1b1a,47.0,,135,74.0,2025-09-24 11:40:00,rigging,grape stem,grapes,rb,ppm,34.0,1,pass,,jduong@lbl.gov,xrf
(87)1c44,47.0,,135,74.0,2025-09-24 11:40:00,rigging,grape stem,grapes,u,ppm,10.0,3,pass,,jduong@lbl.gov,xrf
(87)1e71,47.0,,135,74.0,2025-09-24 11:40:00,rigging,grape stem,grapes,mg,ppm,6170.0,3,pass,,jduong@lbl.gov,xrf
(87)29bc,47.0,,135,74.0,2025-09-24 11:40:00,rigging,grape stem,grapes,u,ppm,12.0,2,pass,,jduong@lbl.gov,xrf
(87)2aed,47.0,,135,74.0,2025-09-24 11:40:00,rigging,grape stem,grapes,s,ppm,976.0,3,pass,,jduong@lbl.gov,xrf
(87)2cd4,47.0,,135,74.0,2025-09-24 11:40:00,rigging,grape stem,grapes,th,ppm,31.0,2,pass,,jduong@lbl.gov,xrf
(87)2fc0,47.0,,135,74.0,2025-09-24 11:40:00,rigging,grape stem,grapes,cu,ppm,24.0,2,pass,,jduong@lbl.gov,xrf
(87)359d,47.0,,135,74.0,2025-09-24 11:40:00,rigging,grape stem,grapes,fe,ppm,76.0,1,pass,,jduong@lbl.gov,xrf
(87)3610,47.0,,135,74.0,2025-09-24 11:40:00,rigging,grape stem,grapes,si,ppm,1200.0,1,pass,,jduong@lbl.gov,xrf
(87)3925,47.0,,135,74.0,2025-09-24 11:40:00,rigging,grape stem,grapes,u,ppm,13.0,1,pass,,jduong@lbl.gov,xrf
(87)3bed,47.0,,135,74.0,2025-09-24 11:40:00,rigging,grape stem,grapes,ba,ppm,48.0,1,pass,,jduong@lbl.gov,xrf
(87)3d63,47.0,,135,74.0,2025-09-24 11:40:00,rigging,grape stem,grapes,k,ppm,18500.0,1,pass,,jduong@lbl.gov,xrf
(87)47d7,47.0,,135,74.0,2025-09-24 11:40:00,rigging,grape stem,grapes,zn,ppm,25.0,2,pass,,jduong@lbl.gov,xrf
(87)4be8,47.0,,135,74.0,2025-09-24 11:40:00,rigging,grape stem,grapes,p,ppm,1380.0,2,pass,,jduong@lbl.gov,xrf
(87)4ced,47.0,,135,74.0,2025-09-24 11:40:00,rigging,grape stem,grapes,zn,ppm,25.0,3,pass,,jduong@lbl.gov,xrf
(87)50ae,47.0,,135,74.0,2025-09-24 11:40:00,rigging,grape stem,grapes,ca,ppm,8200.0,2,pass,,jduong@lbl.gov,xrf
(87)5187,47.0,,135,74.0,2025-09-24 11:40:00,rigging,grape stem,grapes,s,ppm,940.0,1,pass,,jduong@lbl.gov,xrf
(87)53dc,47.0,,135,74.0,2025-09-24 11:40:00,rigging,grape stem,grapes,mg,ppm,4430.0,1,pass,,jduong@lbl.gov,xrf
(87)544b,47.0,,135,74.0,2025-09-24 11:40:00,rigging,grape stem,grapes,p,ppm,1390.0,1,pass,,jduong@lbl.gov,xrf
(87)5d0b,47.0,,135,74.0,2025-09-24 11:40:00,rigging,grape stem,grapes,co,ppm,9.0,1,pass,,jduong@lbl.gov,xrf
(87)5d90,47.0,,135,74.0,2025-09-24 11:40:00,rigging,grape stem,grapes,ba,ppm,36.0,3,pass,,jduong@lbl.gov,xrf
(87)5dca,47.0,,135,74.0,2025-09-24 11:40:00,rigging,grape stem,grapes,co,ppm,9.0,2,pass,,jduong@lbl.gov,xrf
(87)6f03,47.0,,135,74.0,2025-09-24 11:40:00,rigging,grape stem,grapes,s,ppm,980.0,2,pass,,jduong@lbl.gov,xrf
(87)7361,47.0,,135,74.0,2025-09-24 11:40:00,rigging,grape stem,grapes,mn,ppm,122.0,3,pass,,jduong@lbl.gov,xrf
(87)799b,47.0,,135,74.0,2025-09-24 11:40:00,rigging,grape stem,grapes,sr,ppm,69.0,3,pass,,jduong@lbl.gov,xrf
(87)8a79,47.0,,135,74.0,2025-09-24 11:40:00,rigging,grape stem,grapes,k,ppm,19600.0,2,pass,,jduong@lbl.gov,xrf
(87)92e1,47.0,,135,74.0,2025-09-24 11:40:00,rigging,grape stem,grapes,cu,ppm,21.0,3,pass,,jduong@lbl.gov,xrf
(87)a292,47.0,,135,74.0,2025-09-24 11:40:00,rigging,grape stem,grapes,mn,ppm,105.0,2,pass,,jduong@lbl.gov,xrf
(87)af75,47.0,,135,74.0,2025-09-24 11:40:00,rigging,grape stem,grapes,si,ppm,1410.0,2,pass,,jduong@lbl.gov,xrf
(87)b16e,47.0,,135,74.0,2025-09-24 11:40:00,rigging,grape stem,grapes,ce,ppm,50.0,2,pass,,jduong@lbl.gov,xrf
(87)bd72,47.0,,135,74.0,2025-09-24 11:40:00,rigging,grape stem,grapes,p,ppm,1370.0,3,pass,,jduong@lbl.gov,xrf
(87)bfee,47.0,,135,74.0,2025-09-24 11:40:00,rigging,grape stem,grapes,ca,ppm,8190.0,3,pass,,jduong@lbl.gov,xrf
(87)c18c,47.0,,135,74.0,2025-09-24 11:40:00,rigging,grape stem,grapes,sr,ppm,67.0,2,pass,,jduong@lbl.gov,xrf
(87)c44e,47.0,,135,74.0,2025-09-24 11:40:00,rigging,grape stem,grapes,rb,ppm,34.0,2,pass,,jduong@lbl.gov,xrf
(87)c541,47.0,,135,74.0,2025-09-24 11:40:00,rigging,grape stem,grapes,si,ppm,1360.0,3,pass,,jduong@lbl.gov,xrf
(87)c584,47.0,,135,74.0,2025-09-24 11:40:00,rigging,grape stem,grapes,ca,ppm,7770.0,1,pass,,jduong@lbl.gov,xrf
(87)cc40,47.0,,135,74.0,2025-09-24 11:40:00,rigging,grape stem,grapes,mg,ppm,4910.0,2,pass,,jduong@lbl.gov,xrf
(87)d35d,47.0,,135,74.0,2025-09-24 11:40:00,rigging,grape stem,grapes,cu,ppm,21.0,1,pass,,jduong@lbl.gov,xrf
(87)d7e5,47.0,,135,74.0,2025-09-24 11:40:00,rigging,grape stem,grapes,rb,ppm,33.0,3,pass,,jduong@lbl.gov,xrf
(87)db78,47.0,,135,74.0,2025-09-24 11:40:00,rigging,grape stem,grapes,fe,ppm,81.0,2,pass,,jduong@lbl.gov,xrf
(87)df40,47.0,,135,74.0,2025-09-24 11:40:00,rigging,grape stem,grapes,th,ppm,31.0,3,pass,,jduong@lbl.gov,xrf
(87)e23f,47.0,,135,74.0,2025-09-24 11:40:00,rigging,grape stem,grapes,k,ppm,19700.0,3,pass,,jduong@lbl.gov,xrf
(87)e351,47.0,,135,74.0,2025-09-24 11:40:00,rigging,grape stem,grapes,mn,ppm,123.0,1,pass,,jduong@lbl.gov,xrf
(87)eb8b,47.0,,135,74.0,2025-09-24 11:40:00,rigging,grape stem,grapes,fe,ppm,73.0,3,pass,,jduong@lbl.gov,xrf
(87)ed0c,47.0,,135,74.0,2025-09-24 11:40:00,rigging,grape stem,grapes,sr,ppm,66.0,1,pass,,jduong@lbl.gov,xrf
(87)f640,47.0,,135,74.0,2025-09-24 11:40:00,rigging,grape stem,grapes,ce,ppm,52.0,3,pass,,jduong@lbl.gov,xrf
(87)f6d3,47.0,,135,74.0,2025-09-24 11:40:00,rigging,grape stem,grapes,th,ppm,36.0,1,pass,,jduong@lbl.gov,xrf
(8f)08fc,47.0,,85,41.0,2025-08-07 11:45:00,rushes,peach screening waste,peaches,u,ppm,19.0,2,pass,,jduong@lbl.gov,xrf
(8f)0c29,47.0,,85,41.0,2025-08-07 11:45:00,rushes,peach screening waste,peaches,th,ppm,55.0,1,pass,,jduong@lbl.gov,xrf
(8f)0c55,47.0,,85,41.0,2025-08-07 11:45:00,rushes,peach screening waste,peaches,si,ppm,1980.0,1,pass,,jduong@lbl.gov,xrf
(8f)14ba,47.0,,85,41.0,2025-08-07 11:45:00,rushes,peach screening waste,peaches,sr,ppm,39.0,2,pass,,jduong@lbl.gov,xrf
(8f)2cab,47.0,,85,41.0,2025-08-07 11:45:00,rushes,peach screening waste,peaches,p,ppm,4220.0,2,pass,,jduong@lbl.gov,xrf
(8f)302e,47.0,,85,41.0,2025-08-07 11:45:00,rushes,peach screening waste,peaches,ca,ppm,5250.0,1,pass,,jduong@lbl.gov,xrf
(8f)329a,47.0,,85,41.0,2025-08-07 11:45:00,rushes,peach screening waste,peaches,mo,ppm,5.0,3,pass,,jduong@lbl.gov,xrf
(8f)38dd,47.0,,85,41.0,2025-08-07 11:45:00,rushes,peach screening waste,peaches,fe,ppm,2800.0,3,pass,,jduong@lbl.gov,xrf
(8f)3a24,47.0,,85,41.0,2025-08-07 11:45:00,rushes,peach screening waste,peaches,rb,ppm,12.0,1,pass,,jduong@lbl.gov,xrf
(8f)3ba3,47.0,,85,41.0,2025-08-07 11:45:00,rushes,peach screening waste,peaches,ba,ppm,28.0,3,pass,,jduong@lbl.gov,xrf
(8f)3be8,47.0,,85,41.0,2025-08-07 11:45:00,rushes,peach screening waste,peaches,ca,ppm,5300.0,3,pass,,jduong@lbl.gov,xrf
(8f)4054,47.0,,85,41.0,2025-08-07 11:45:00,rushes,peach screening waste,peaches,zr,ppm,4.0,2,pass,,jduong@lbl.gov,xrf
(8f)4744,47.0,,85,41.0,2025-08-07 11:45:00,rushes,peach screening waste,peaches,cu,ppm,43.0,2,pass,,jduong@lbl.gov,xrf
(8f)49ee,47.0,,85,41.0,2025-08-07 11:45:00,rushes,peach screening waste,peaches,cu,ppm,50.0,1,pass,,jduong@lbl.gov,xrf
(8f)4d52,47.0,,85,41.0,2025-08-07 11:45:00,rushes,peach screening waste,peaches,pb,ppm,4.0,1,pass,,jduong@lbl.gov,xrf
(8f)4d70,47.0,,85,41.0,2025-08-07 11:45:00,rushes,peach screening waste,peaches,rb,ppm,12.0,2,pass,,jduong@lbl.gov,xrf
(8f)581a,47.0,,85,41.0,2025-08-07 11:45:00,rushes,peach screening waste,peaches,sr,ppm,40.0,3,pass,,jduong@lbl.gov,xrf
(8f)5993,47.0,,85,41.0,2025-08-07 11:45:00,rushes,peach screening waste,peaches,rb,ppm,11.0,3,pass,,jduong@lbl.gov,xrf
(8f)5a35,47.0,,85,41.0,2025-08-07 11:45:00,rushes,peach screening waste,peaches,ba,ppm,34.0,2,pass,,jduong@lbl.gov,xrf
(8f)665b,47.0,,85,41.0,2025-08-07 11:45:00,rushes,peach screening waste,peaches,k,ppm,62400.0,2,pass,,jduong@lbl.gov,xrf
(8f)6733,47.0,,85,41.0,2025-08-07 11:45:00,rushes,peach screening waste,peaches,mo,ppm,8.0,2,pass,,jduong@lbl.gov,xrf
(8f)69f7,47.0,,85,41.0,2025-08-07 11:45:00,rushes,peach screening waste,peaches,p,ppm,3760.0,1,pass,,jduong@lbl.gov,xrf
(8f)6ca6,47.0,,85,41.0,2025-08-07 11:45:00,rushes,peach screening waste,peaches,fe,ppm,2800.0,1,pass,,jduong@lbl.gov,xrf
(8f)7d32,47.0,,85,41.0,2025-08-07 11:45:00,rushes,peach screening waste,peaches,al,ppm,3220.0,2,pass,,jduong@lbl.gov,xrf
(8f)8118,47.0,,85,41.0,2025-08-07 11:45:00,rushes,peach screening waste,peaches,k,ppm,62100.0,3,pass,,jduong@lbl.gov,xrf
(8f)8678,47.0,,85,41.0,2025-08-07 11:45:00,rushes,peach screening waste,peaches,mn,ppm,71.0,1,pass,,jduong@lbl.gov,xrf
(8f)984d,47.0,,85,41.0,2025-08-07 11:45:00,rushes,peach screening waste,peaches,ca,ppm,5380.0,2,pass,,jduong@lbl.gov,xrf
(8f)9c66,47.0,,85,41.0,2025-08-07 11:45:00,rushes,peach screening waste,peaches,la,ppm,34.0,3,pass,,jduong@lbl.gov,xrf
(8f)9f30,47.0,,85,41.0,2025-08-07 11:45:00,rushes,peach screening waste,peaches,mn,ppm,99.0,2,pass,,jduong@lbl.gov,xrf
(8f)a00f,47.0,,85,41.0,2025-08-07 11:45:00,rushes,peach screening waste,peaches,s,ppm,2280.0,1,pass,,jduong@lbl.gov,xrf
(8f)a6d1,47.0,,85,41.0,2025-08-07 11:45:00,rushes,peach screening waste,peaches,th,ppm,54.0,2,pass,,jduong@lbl.gov,xrf
(8f)a99e,47.0,,85,41.0,2025-08-07 11:45:00,rushes,peach screening waste,peaches,mo,ppm,7.0,1,pass,,jduong@lbl.gov,xrf
(8f)b2bd,47.0,,85,41.0,2025-08-07 11:45:00,rushes,peach screening waste,peaches,si,ppm,1990.0,2,pass,,jduong@lbl.gov,xrf
(8f)b5a3,47.0,,85,41.0,2025-08-07 11:45:00,rushes,peach screening waste,peaches,p,ppm,4160.0,3,pass,,jduong@lbl.gov,xrf
(8f)b662,47.0,,85,41.0,2025-08-07 11:45:00,rushes,peach screening waste,peaches,s,ppm,2240.0,3,pass,,jduong@lbl.gov,xrf
(8f)b8da,47.0,,85,41.0,2025-08-07 11:45:00,rushes,peach screening waste,peaches,al,ppm,3110.0,1,pass,,jduong@lbl.gov,xrf
(8f)c0c0,47.0,,85,41.0,2025-08-07 11:45:00,rushes,peach screening waste,peaches,cu,ppm,43.0,3,pass,,jduong@lbl.gov,xrf
(8f)c3c3,47.0,,85,41.0,2025-08-07 11:45:00,rushes,peach screening waste,peaches,pb,ppm,5.0,2,pass,,jduong@lbl.gov,xrf
(8f)cb32,47.0,,85,41.0,2025-08-07 11:45:00,rushes,peach screening waste,peaches,th,ppm,55.0,3,pass,,jduong@lbl.gov,xrf
(8f)d049,47.0,,85,41.0,2025-08-07 11:45:00,rushes,peach screening waste,peaches,u,ppm,14.0,3,pass,,jduong@lbl.gov,xrf
(8f)d2f3,47.0,,85,41.0,2025-08-07 11:45:00,rushes,peach screening waste,peaches,k,ppm,60800.0,1,pass,,jduong@lbl.gov,xrf
(8f)d405,47.0,,85,41.0,2025-08-07 11:45:00,rushes,peach screening waste,peaches,la,ppm,38.0,1,pass,,jduong@lbl.gov,xrf
(8f)d68b,47.0,,85,41.0,2025-08-07 11:45:00,rushes,peach screening waste,peaches,u,ppm,15.0,1,pass,,jduong@lbl.gov,xrf
(8f)d90c,47.0,,85,41.0,2025-08-07 11:45:00,rushes,peach screening waste,peaches,pb,ppm,6.0,3,pass,,jduong@lbl.gov,xrf
(8f)e00f,47.0,,85,41.0,2025-08-07 11:45:00,rushes,peach screening waste,peaches,zn,ppm,65.0,3,pass,,jduong@lbl.gov,xrf
(8f)e2af,47.0,,85,41.0,2025-08-07 11:45:00,rushes,peach screening waste,peaches,mn,ppm,79.0,3,pass,,jduong@lbl.gov,xrf
(8f)e679,47.0,,85,41.0,2025-08-07 11:45:00,rushes,peach screening waste,peaches,zn,ppm,64.0,1,pass,,jduong@lbl.gov,xrf
(8f)ea5f,47.0,,85,41.0,2025-08-07 11:45:00,rushes,peach screening waste,peaches,s,ppm,2420.0,2,pass,,jduong@lbl.gov,xrf
(8f)eaeb,47.0,,85,41.0,2025-08-07 11:45:00,rushes,peach screening waste,peaches,ba,ppm,36.0,1,pass,,jduong@lbl.gov,xrf
(8f)f12d,47.0,,85,41.0,2025-08-07 11:45:00,rushes,peach screening waste,peaches,sr,ppm,41.0,1,pass,,jduong@lbl.gov,xrf
(8f)f7a9,47.0,,85,41.0,2025-08-07 11:45:00,rushes,peach screening waste,peaches,fe,ppm,2770.0,2,pass,,jduong@lbl.gov,xrf
(8f)fcda,47.0,,85,41.0,2025-08-07 11:45:00,rushes,peach screening waste,peaches,zn,ppm,62.0,2,pass,,jduong@lbl.gov,xrf
(8f)fdda,47.0,,85,41.0,2025-08-07 11:45:00,rushes,peach screening waste,peaches,si,ppm,2100.0,3,pass,,jduong@lbl.gov,xrf
(8f)ff6e,47.0,,85,41.0,2025-08-07 11:45:00,rushes,peach screening waste,peaches,al,ppm,3120.0,3,pass,,jduong@lbl.gov,xrf
(91)0593,47.0,,158,87.0,2025-10-23 10:30:00,schooner,cotton stem mix,cotton,al,ppm,1890.0,1,pass,,jduong@lbl.gov,xrf
(91)0781,47.0,,158,87.0,2025-10-23 10:30:00,schooner,cotton stem mix,cotton,s,ppm,4670.0,1,pass,,jduong@lbl.gov,xrf
(91)0d4e,47.0,,158,87.0,2025-10-23 10:30:00,schooner,cotton stem mix,cotton,p,ppm,2230.0,3,pass,,jduong@lbl.gov,xrf
(91)185f,47.0,,158,87.0,2025-10-23 10:30:00,schooner,cotton stem mix,cotton,ti,ppm,236.0,1,pass,,jduong@lbl.gov,xrf
(91)1941,47.0,,158,87.0,2025-10-23 10:30:00,schooner,cotton stem mix,cotton,rb,ppm,15.0,1,pass,,jduong@lbl.gov,xrf
(91)19f8,47.0,,158,87.0,2025-10-23 10:30:00,schooner,cotton stem mix,cotton,sr,ppm,102.0,1,pass,,jduong@lbl.gov,xrf
(91)1a29,47.0,,158,87.0,2025-10-23 10:30:00,schooner,cotton stem mix,cotton,zn,ppm,26.0,3,pass,,jduong@lbl.gov,xrf
(91)1ab9,47.0,,158,87.0,2025-10-23 10:30:00,schooner,cotton stem mix,cotton,zn,ppm,23.0,1,pass,,jduong@lbl.gov,xrf
(91)1dca,47.0,,158,87.0,2025-10-23 10:30:00,schooner,cotton stem mix,cotton,sr,ppm,101.0,3,pass,,jduong@lbl.gov,xrf
(91)2459,47.0,,158,87.0,2025-10-23 10:30:00,schooner,cotton stem mix,cotton,mn,ppm,65.0,3,pass,,jduong@lbl.gov,xrf
(91)24e4,47.0,,158,87.0,2025-10-23 10:30:00,schooner,cotton stem mix,cotton,s,ppm,5620.0,2,pass,,jduong@lbl.gov,xrf
(91)3344,47.0,,158,87.0,2025-10-23 10:30:00,schooner,cotton stem mix,cotton,mg,ppm,9410.0,2,pass,,jduong@lbl.gov,xrf
(91)33f8,47.0,,158,87.0,2025-10-23 10:30:00,schooner,cotton stem mix,cotton,ce,ppm,52.0,3,pass,,jduong@lbl.gov,xrf
(91)3943,47.0,,158,87.0,2025-10-23 10:30:00,schooner,cotton stem mix,cotton,si,ppm,5920.0,1,pass,,jduong@lbl.gov,xrf
(91)3ae1,47.0,,158,87.0,2025-10-23 10:30:00,schooner,cotton stem mix,cotton,th,ppm,62.0,2,pass,,jduong@lbl.gov,xrf
(91)4f5f,47.0,,158,87.0,2025-10-23 10:30:00,schooner,cotton stem mix,cotton,si,ppm,7040.0,2,pass,,jduong@lbl.gov,xrf
(91)5162,47.0,,158,87.0,2025-10-23 10:30:00,schooner,cotton stem mix,cotton,u,ppm,20.0,3,pass,,jduong@lbl.gov,xrf
(91)51e5,47.0,,158,87.0,2025-10-23 10:30:00,schooner,cotton stem mix,cotton,ba,ppm,20.0,2,pass,,jduong@lbl.gov,xrf
(91)5b21,47.0,,158,87.0,2025-10-23 10:30:00,schooner,cotton stem mix,cotton,ce,ppm,49.0,2,pass,,jduong@lbl.gov,xrf
(91)5d86,47.0,,158,87.0,2025-10-23 10:30:00,schooner,cotton stem mix,cotton,rb,ppm,16.0,3,pass,,jduong@lbl.gov,xrf
(91)5e14,47.0,,158,87.0,2025-10-23 10:30:00,schooner,cotton stem mix,cotton,cu,ppm,16.0,2,pass,,jduong@lbl.gov,xrf
(91)632f,47.0,,158,87.0,2025-10-23 10:30:00,schooner,cotton stem mix,cotton,cu,ppm,16.0,1,pass,,jduong@lbl.gov,xrf
(91)6863,47.0,,158,87.0,2025-10-23 10:30:00,schooner,cotton stem mix,cotton,ba,ppm,24.0,1,pass,,jduong@lbl.gov,xrf
(91)6c24,47.0,,158,87.0,2025-10-23 10:30:00,schooner,cotton stem mix,cotton,ca,ppm,24100.0,2,pass,,jduong@lbl.gov,xrf
(91)70ce,47.0,,158,87.0,2025-10-23 10:30:00,schooner,cotton stem mix,cotton,mn,ppm,58.0,2,pass,,jduong@lbl.gov,xrf
(91)7a37,47.0,,158,87.0,2025-10-23 10:30:00,schooner,cotton stem mix,cotton,fe,ppm,860.0,1,pass,,jduong@lbl.gov,xrf
(91)7b02,47.0,,158,87.0,2025-10-23 10:30:00,schooner,cotton stem mix,cotton,k,ppm,35500.0,1,pass,,jduong@lbl.gov,xrf
(91)8197,47.0,,158,87.0,2025-10-23 10:30:00,schooner,cotton stem mix,cotton,ca,ppm,21100.0,1,pass,,jduong@lbl.gov,xrf
(91)94d9,47.0,,158,87.0,2025-10-23 10:30:00,schooner,cotton stem mix,cotton,th,ppm,63.0,3,pass,,jduong@lbl.gov,xrf
(91)9534,47.0,,158,87.0,2025-10-23 10:30:00,schooner,cotton stem mix,cotton,ba,ppm,26.0,3,pass,,jduong@lbl.gov,xrf
(91)98bb,47.0,,158,87.0,2025-10-23 10:30:00,schooner,cotton stem mix,cotton,p,ppm,2190.0,2,pass,,jduong@lbl.gov,xrf
(91)98c2,47.0,,158,87.0,2025-10-23 10:30:00,schooner,cotton stem mix,cotton,al,ppm,2180.0,3,pass,,jduong@lbl.gov,xrf
(91)a060,47.0,,158,87.0,2025-10-23 10:30:00,schooner,cotton stem mix,cotton,p,ppm,2180.0,1,pass,,jduong@lbl.gov,xrf
(91)a4bb,47.0,,158,87.0,2025-10-23 10:30:00,schooner,cotton stem mix,cotton,al,ppm,2060.0,2,pass,,jduong@lbl.gov,xrf
(91)a511,47.0,,158,87.0,2025-10-23 10:30:00,schooner,cotton stem mix,cotton,mg,ppm,7580.0,3,pass,,jduong@lbl.gov,xrf
(91)b1c9,47.0,,158,87.0,2025-10-23 10:30:00,schooner,cotton stem mix,cotton,mn,ppm,62.0,1,pass,,jduong@lbl.gov,xrf
(91)b2d9,47.0,,158,87.0,2025-10-23 10:30:00,schooner,cotton stem mix,cotton,k,ppm,34300.0,3,pass,,jduong@lbl.gov,xrf
(91)b448,47.0,,158,87.0,2025-10-23 10:30:00,schooner,cotton stem mix,cotton,s,ppm,5580.0,3,pass,,jduong@lbl.gov,xrf
(91)b55e,47.0,,158,87.0,2025-10-23 10:30:00,schooner,cotton stem mix,cotton,si,ppm,7370.0,3,pass,,jduong@lbl.gov,xrf
(91)b73b,47.0,,158,87.0,2025-10-23 10:30:00,schooner,cotton stem mix,cotton,fe,ppm,867.0,3,pass,,jduong@lbl.gov,xrf
(91)cf42,47.0,,158,87.0,2025-10-23 10:30:00,schooner,cotton stem mix,cotton,k,ppm,34100.0,2,pass,,jduong@lbl.gov,xrf
(91)cfd4,47.0,,158,87.0,2025-10-23 10:30:00,schooner,cotton stem mix,cotton,rb,ppm,16.0,2,pass,,jduong@lbl.gov,xrf
(91)d608,47.0,,158,87.0,2025-10-23 10:30:00,schooner,cotton stem mix,cotton,u,ppm,22.0,2,pass,,jduong@lbl.gov,xrf
(91)e39d,47.0,,158,87.0,2025-10-23 10:30:00,schooner,cotton stem mix,cotton,sr,ppm,100.0,2,pass,,jduong@lbl.gov,xrf
(91)e67a,47.0,,158,87.0,2025-10-23 10:30:00,schooner,cotton stem mix,cotton,th,ppm,59.0,1,pass,,jduong@lbl.gov,xrf
(91)e8df,47.0,,158,87.0,2025-10-23 10:30:00,schooner,cotton stem mix,cotton,zn,ppm,22.0,2,pass,,jduong@lbl.gov,xrf
(91)e940,47.0,,158,87.0,2025-10-23 10:30:00,schooner,cotton stem mix,cotton,cu,ppm,20.0,3,pass,,jduong@lbl.gov,xrf
(91)e95b,47.0,,158,87.0,2025-10-23 10:30:00,schooner,cotton stem mix,cotton,fe,ppm,868.0,2,pass,,jduong@lbl.gov,xrf
(91)eb41,47.0,,158,87.0,2025-10-23 10:30:00,schooner,cotton stem mix,cotton,u,ppm,17.0,1,pass,,jduong@lbl.gov,xrf
(91)eef8,47.0,,158,87.0,2025-10-23 10:30:00,schooner,cotton stem mix,cotton,ce,ppm,52.0,1,pass,,jduong@lbl.gov,xrf
(91)efc0,47.0,,158,87.0,2025-10-23 10:30:00,schooner,cotton stem mix,cotton,ca,ppm,24300.0,3,pass,,jduong@lbl.gov,xrf
(91)f07e,47.0,,158,87.0,2025-10-23 10:30:00,schooner,cotton stem mix,cotton,mg,ppm,6880.0,1,pass,,jduong@lbl.gov,xrf
(96)01af,47.0,,151,80.0,2025-10-09 11:10:00,sextant,rice hulls,rice,u,ppm,12.0,3,pass,,jduong@lbl.gov,xrf
(96)0608,47.0,,151,80.0,2025-10-09 11:10:00,sextant,rice hulls,rice,s,ppm,763.0,1,pass,,jduong@lbl.gov,xrf
(96)0792,47.0,,151,80.0,2025-10-09 11:10:00,sextant,rice hulls,rice,sr,ppm,5.0,2,pass,,jduong@lbl.gov,xrf
(96)0ae5,47.0,,151,80.0,2025-10-09 11:10:00,sextant,rice hulls,rice,ca,ppm,1160.0,2,pass,,jduong@lbl.gov,xrf
(96)0b23,47.0,,151,80.0,2025-10-09 11:10:00,sextant,rice hulls,rice,mn,ppm,401.0,3,pass,,jduong@lbl.gov,xrf
(96)1850,47.0,,151,80.0,2025-10-09 11:10:00,sextant,rice hulls,rice,s,ppm,721.0,2,pass,,jduong@lbl.gov,xrf
(96)1cd8,47.0,,151,80.0,2025-10-09 11:10:00,sextant,rice hulls,rice,si,ppm,160000.0,3,pass,,jduong@lbl.gov,xrf
(96)1ea9,47.0,,151,80.0,2025-10-09 11:10:00,sextant,rice hulls,rice,u,ppm,14.0,2,pass,,jduong@lbl.gov,xrf
(96)2953,47.0,,151,80.0,2025-10-09 11:10:00,sextant,rice hulls,rice,th,ppm,43.0,3,pass,,jduong@lbl.gov,xrf
(96)2f08,47.0,,151,80.0,2025-10-09 11:10:00,sextant,rice hulls,rice,mn,ppm,397.0,1,pass,,jduong@lbl.gov,xrf
(96)4256,47.0,,151,80.0,2025-10-09 11:10:00,sextant,rice hulls,rice,fe,ppm,167.0,2,pass,,jduong@lbl.gov,xrf
(96)4d0c,47.0,,151,80.0,2025-10-09 11:10:00,sextant,rice hulls,rice,ba,ppm,27.0,2,pass,,jduong@lbl.gov,xrf
(96)5046,47.0,,151,80.0,2025-10-09 11:10:00,sextant,rice hulls,rice,rb,ppm,19.0,1,pass,,jduong@lbl.gov,xrf
(96)519f,47.0,,151,80.0,2025-10-09 11:10:00,sextant,rice hulls,rice,rb,ppm,20.0,3,pass,,jduong@lbl.gov,xrf
(96)52ec,47.0,,151,80.0,2025-10-09 11:10:00,sextant,rice hulls,rice,sr,ppm,3.0,1,pass,,jduong@lbl.gov,xrf
(96)56ef,47.0,,151,80.0,2025-10-09 11:10:00,sextant,rice hulls,rice,fe,ppm,160.0,3,pass,,jduong@lbl.gov,xrf
(96)580a,47.0,,151,80.0,2025-10-09 11:10:00,sextant,rice hulls,rice,rb,ppm,18.0,2,pass,,jduong@lbl.gov,xrf
(96)5d93,47.0,,151,80.0,2025-10-09 11:10:00,sextant,rice hulls,rice,zn,ppm,30.0,2,pass,,jduong@lbl.gov,xrf
(96)5ec1,47.0,,151,80.0,2025-10-09 11:10:00,sextant,rice hulls,rice,p,ppm,876.0,3,pass,,jduong@lbl.gov,xrf
(96)5f14,47.0,,151,80.0,2025-10-09 11:10:00,sextant,rice hulls,rice,zn,ppm,28.0,1,pass,,jduong@lbl.gov,xrf
(96)5f1d,47.0,,151,80.0,2025-10-09 11:10:00,sextant,rice hulls,rice,k,ppm,8210.0,1,pass,,jduong@lbl.gov,xrf
(96)62f0,47.0,,151,80.0,2025-10-09 11:10:00,sextant,rice hulls,rice,pr,ppm,76.0,3,pass,,jduong@lbl.gov,xrf
(96)784a,47.0,,151,80.0,2025-10-09 11:10:00,sextant,rice hulls,rice,k,ppm,7780.0,3,pass,,jduong@lbl.gov,xrf
(96)7e83,47.0,,151,80.0,2025-10-09 11:10:00,sextant,rice hulls,rice,pr,ppm,80.0,2,pass,,jduong@lbl.gov,xrf
(96)8280,47.0,,151,80.0,2025-10-09 11:10:00,sextant,rice hulls,rice,cu,ppm,6.0,1,pass,,jduong@lbl.gov,xrf
(96)85ec,47.0,,151,80.0,2025-10-09 11:10:00,sextant,rice hulls,rice,cu,ppm,11.0,3,pass,,jduong@lbl.gov,xrf
(96)8dd6,47.0,,151,80.0,2025-10-09 11:10:00,sextant,rice hulls,rice,u,ppm,13.0,1,pass,,jduong@lbl.gov,xrf
(96)98cb,47.0,,151,80.0,2025-10-09 11:10:00,sextant,rice hulls,rice,mn,ppm,382.0,2,pass,,jduong@lbl.gov,xrf
(96)b45f,47.0,,151,80.0,2025-10-09 11:10:00,sextant,rice hulls,rice,sr,ppm,3.0,3,pass,,jduong@lbl.gov,xrf
(96)bae6,47.0,,151,80.0,2025-10-09 11:10:00,sextant,rice hulls,rice,si,ppm,152000.0,1,pass,,jduong@lbl.gov,xrf
(96)be54,47.0,,151,80.0,2025-10-09 11:10:00,sextant,rice hulls,rice,cu,ppm,9.0,2,pass,,jduong@lbl.gov,xrf
(96)c0f2,47.0,,151,80.0,2025-10-09 11:10:00,sextant,rice hulls,rice,th,ppm,44.0,1,pass,,jduong@lbl.gov,xrf
(96)c851,47.0,,151,80.0,2025-10-09 11:10:00,sextant,rice hulls,rice,ca,ppm,1150.0,3,pass,,jduong@lbl.gov,xrf
(96)c986,47.0,,151,80.0,2025-10-09 11:10:00,sextant,rice hulls,rice,ba,ppm,25.0,1,pass,,jduong@lbl.gov,xrf
(96)ccf6,47.0,,151,80.0,2025-10-09 11:10:00,sextant,rice hulls,rice,p,ppm,1060.0,1,pass,,jduong@lbl.gov,xrf
(96)d3a4,47.0,,151,80.0,2025-10-09 11:10:00,sextant,rice hulls,rice,si,ppm,161000.0,2,pass,,jduong@lbl.gov,xrf
(96)dac2,47.0,,151,80.0,2025-10-09 11:10:00,sextant,rice hulls,rice,k,ppm,7820.0,2,pass,,jduong@lbl.gov,xrf
(96)e05d,47.0,,151,80.0,2025-10-09 11:10:00,sextant,rice hulls,rice,ca,ppm,1210.0,1,pass,,jduong@lbl.gov,xrf
(96)e984,47.0,,151,80.0,2025-10-09 11:10:00,sextant,rice hulls,rice,fe,ppm,173.0,1,pass,,jduong@lbl.gov,xrf
(96)ea2c,47.0,,151,80.0,2025-10-09 11:10:00,sextant,rice hulls,rice,th,ppm,45.0,2,pass,,jduong@lbl.gov,xrf
(96)f1e5,47.0,,151,80.0,2025-10-09 11:10:00,sextant,rice hulls,rice,s,ppm,651.0,3,pass,,jduong@lbl.gov,xrf
(96)f340,47.0,,151,80.0,2025-10-09 11:10:00,sextant,rice hulls,rice,zn,ppm,29.0,3,pass,,jduong@lbl.gov,xrf
(96)f408,47.0,,151,80.0,2025-10-09 11:10:00,sextant,rice hulls,rice,p,ppm,887.0,2,pass,,jduong@lbl.gov,xrf
(99)0a57,46.0,,38,13.0,2024-11-21 12:10:00,vibrant,almond shells,almonds,sn,ppm,0.0,1,provisional,,xkang2@lbl.gov,xrf
(99)0a89,46.0,,38,13.0,2024-11-21 12:10:00,vibrant,almond shells,almonds,la,ppm,0.0,1,provisional,,xkang2@lbl.gov,xrf
(99)0dae,46.0,,38,13.0,2024-11-21 12:10:00,vibrant,almond shells,almonds,rb,ppm,12.0,1,provisional,,xkang2@lbl.gov,xrf
(99)170a,46.0,,38,13.0,2024-11-21 12:10:00,vibrant,almond shells,almonds,ce,ppm,51.0,1,provisional,,xkang2@lbl.gov,xrf
(99)1c59,46.0,,38,13.0,2024-11-21 12:10:00,vibrant,almond shells,almonds,si,ppm,19200.0,1,provisional,,xkang2@lbl.gov,xrf
(99)2ba3,46.0,,38,13.0,2024-11-21 12:10:00,vibrant,almond shells,almonds,cr,ppm,0.0,1,provisional,,xkang2@lbl.gov,xrf
(99)2ccc,46.0,,38,13.0,2024-11-21 12:10:00,vibrant,almond shells,almonds,as,ppm,0.0,1,provisional,,xkang2@lbl.gov,xrf
(99)334b,46.0,,38,13.0,2024-11-21 12:10:00,vibrant,almond shells,almonds,hg,ppm,0.0,1,provisional,,xkang2@lbl.gov,xrf
(99)3688,46.0,,38,13.0,2024-11-21 12:10:00,vibrant,almond shells,almonds,co,ppm,0.0,1,provisional,,xkang2@lbl.gov,xrf
(99)3dac,46.0,,38,13.0,2024-11-21 12:10:00,vibrant,almond shells,almonds,zr,ppm,0.0,1,provisional,,xkang2@lbl.gov,xrf
(99)419d,46.0,,38,13.0,2024-11-21 12:10:00,vibrant,almond shells,almonds,ba,ppm,0.0,1,provisional,,xkang2@lbl.gov,xrf
(99)4204,46.0,,38,13.0,2024-11-21 12:10:00,vibrant,almond shells,almonds,sr,ppm,19.0,1,provisional,,xkang2@lbl.gov,xrf
(99)4e1c,46.0,,38,13.0,2024-11-21 12:10:00,vibrant,almond shells,almonds,mo,ppm,0.0,1,provisional,,xkang2@lbl.gov,xrf
(99)5025,46.0,,38,13.0,2024-11-21 12:10:00,vibrant,almond shells,almonds,ti,ppm,382.0,1,provisional,,xkang2@lbl.gov,xrf
(99)54f5,46.0,,38,13.0,2024-11-21 12:10:00,vibrant,almond shells,almonds,se,ppm,0.0,1,provisional,,xkang2@lbl.gov,xrf
(99)6183,46.0,,38,13.0,2024-11-21 12:10:00,vibrant,almond shells,almonds,nb,ppm,0.0,1,provisional,,xkang2@lbl.gov,xrf
(99)61ce,46.0,,38,13.0,2024-11-21 12:10:00,vibrant,almond shells,almonds,ni,ppm,0.0,1,provisional,,xkang2@lbl.gov,xrf
(99)69cc,46.0,,38,13.0,2024-11-21 12:10:00,vibrant,almond shells,almonds,pb,ppm,5.0,1,provisional,,xkang2@lbl.gov,xrf
(99)6e06,46.0,,38,13.0,2024-11-21 12:10:00,vibrant,almond shells,almonds,pr,ppm,64.0,1,provisional,,xkang2@lbl.gov,xrf
(99)701a,46.0,,38,13.0,2024-11-21 12:10:00,vibrant,almond shells,almonds,ca,ppm,4710.0,1,provisional,,xkang2@lbl.gov,xrf
(99)7363,46.0,,38,13.0,2024-11-21 12:10:00,vibrant,almond shells,almonds,nd,ppm,98.0,1,provisional,,xkang2@lbl.gov,xrf
(99)7d3d,46.0,,38,13.0,2024-11-21 12:10:00,vibrant,almond shells,almonds,cu,ppm,14.0,1,provisional,,xkang2@lbl.gov,xrf
(99)7d66,46.0,,38,13.0,2024-11-21 12:10:00,vibrant,almond shells,almonds,v,ppm,0.0,1,provisional,,xkang2@lbl.gov,xrf
(99)9b2d,46.0,,38,13.0,2024-11-21 12:10:00,vibrant,almond shells,almonds,zn,ppm,28.0,1,provisional,,xkang2@lbl.gov,xrf
(99)a550,46.0,,38,13.0,2024-11-21 12:10:00,vibrant,almond shells,almonds,al,ppm,6290.0,1,provisional,,xkang2@lbl.gov,xrf
(99)ab09,46.0,,38,13.0,2024-11-21 12:10:00,vibrant,almond shells,almonds,mg,ppm,0.0,1,provisional,,xkang2@lbl.gov,xrf
(99)ab96,46.0,,38,13.0,2024-11-21 12:10:00,vibrant,almond shells,almonds,mn,ppm,38.0,1,provisional,,xkang2@lbl.gov,xrf
(99)ac31,46.0,,38,13.0,2024-11-21 12:10:00,vibrant,almond shells,almonds,bi,ppm,0.0,1,provisional,,xkang2@lbl.gov,xrf
(99)aebc,46.0,,38,13.0,2024-11-21 12:10:00,vibrant,almond shells,almonds,sb,ppm,0.0,1,provisional,,xkang2@lbl.gov,xrf
(99)b2d7,46.0,,38,13.0,2024-11-21 12:10:00,vibrant,almond shells,almonds,k,ppm,19500.0,1,provisional,,xkang2@lbl.gov,xrf
(99)bb44,46.0,,38,13.0,2024-11-21 12:10:00,vibrant,almond shells,almonds,y,ppm,0.0,1,provisional,,xkang2@lbl.gov,xrf
(99)c0f7,46.0,,38,13.0,2024-11-21 12:10:00,vibrant,almond shells,almonds,th,ppm,64.0,1,provisional,,xkang2@lbl.gov,xrf
(99)cc39,46.0,,38,13.0,2024-11-21 12:10:00,vibrant,almond shells,almonds,cd,ppm,0.0,1,provisional,,xkang2@lbl.gov,xrf
(99)d168,46.0,,38,13.0,2024-11-21 12:10:00,vibrant,almond shells,almonds,w,ppm,0.0,1,provisional,,xkang2@lbl.gov,xrf
(99)d19e,46.0,,38,13.0,2024-11-21 12:10:00,vibrant,almond shells,almonds,p,ppm,745.0,1,provisional,,xkang2@lbl.gov,xrf
(99)d794,46.0,,38,13.0,2024-11-21 12:10:00,vibrant,almond shells,almonds,fe,ppm,822.0,1,provisional,,xkang2@lbl.gov,xrf
(99)e65f,46.0,,38,13.0,2024-11-21 12:10:00,vibrant,almond shells,almonds,u,ppm,20.0,1,provisional,,xkang2@lbl.gov,xrf
(99)ee86,46.0,,38,13.0,2024-11-21 12:10:00,vibrant,almond shells,almonds,s,ppm,532.0,1,provisional,,xkang2@lbl.gov,xrf
(99)f094,46.0,,38,13.0,2024-11-21 12:10:00,vibrant,almond shells,almonds,ag,ppm,0.0,1,provisional,,xkang2@lbl.gov,xrf
(a0)0699,47.0,,165,93.0,2025-11-04 17:35:00,excellent,olive stems / leaves,olives - processing,k,ppm,13900.0,3,pass,,jduong@lbl.gov,xrf
(a0)0d8a,47.0,,165,93.0,2025-11-04 17:35:00,excellent,olive stems / leaves,olives - processing,fe,ppm,209.0,2,pass,,jduong@lbl.gov,xrf
(a0)103a,47.0,,165,93.0,2025-11-04 17:35:00,excellent,olive stems / leaves,olives - processing,mn,ppm,44.0,2,pass,,jduong@lbl.gov,xrf
(a0)160a,47.0,,165,93.0,2025-11-04 17:35:00,excellent,olive stems / leaves,olives - processing,ti,ppm,153.0,1,pass,,jduong@lbl.gov,xrf
(a0)17f2,47.0,,165,93.0,2025-11-04 17:35:00,excellent,olive stems / leaves,olives - processing,u,ppm,13.0,3,pass,,jduong@lbl.gov,xrf
(a0)1fc0,47.0,,165,93.0,2025-11-04 17:35:00,excellent,olive stems / leaves,olives - processing,si,ppm,1500.0,2,pass,,jduong@lbl.gov,xrf
(a0)207e,47.0,,165,93.0,2025-11-04 17:35:00,excellent,olive stems / leaves,olives - processing,mo,ppm,4.0,3,pass,,jduong@lbl.gov,xrf
(a0)21ce,47.0,,165,93.0,2025-11-04 17:35:00,excellent,olive stems / leaves,olives - processing,ca,ppm,6960.0,2,pass,,jduong@lbl.gov,xrf
(a0)2357,47.0,,165,93.0,2025-11-04 17:35:00,excellent,olive stems / leaves,olives - processing,sr,ppm,34.0,2,pass,,jduong@lbl.gov,xrf
(a0)27d1,47.0,,165,93.0,2025-11-04 17:35:00,excellent,olive stems / leaves,olives - processing,p,ppm,1530.0,3,pass,,jduong@lbl.gov,xrf
(a0)30bb,47.0,,165,93.0,2025-11-04 17:35:00,excellent,olive stems / leaves,olives - processing,k,ppm,13800.0,2,pass,,jduong@lbl.gov,xrf
(a0)30dd,47.0,,165,93.0,2025-11-04 17:35:00,excellent,olive stems / leaves,olives - processing,cu,ppm,87.0,1,pass,,jduong@lbl.gov,xrf
(a0)321b,47.0,,165,93.0,2025-11-04 17:35:00,excellent,olive stems / leaves,olives - processing,zn,ppm,34.0,2,pass,,jduong@lbl.gov,xrf
(a0)33b6,47.0,,165,93.0,2025-11-04 17:35:00,excellent,olive stems / leaves,olives - processing,p,ppm,1560.0,2,pass,,jduong@lbl.gov,xrf
(a0)37e6,47.0,,165,93.0,2025-11-04 17:35:00,excellent,olive stems / leaves,olives - processing,cu,ppm,90.0,3,pass,,jduong@lbl.gov,xrf
(a0)47ab,47.0,,165,93.0,2025-11-04 17:35:00,excellent,olive stems / leaves,olives - processing,u,ppm,13.0,2,pass,,jduong@lbl.gov,xrf
(a0)48a6,47.0,,165,93.0,2025-11-04 17:35:00,excellent,olive stems / leaves,olives - processing,k,ppm,13800.0,1,pass,,jduong@lbl.gov,xrf
(a0)4ac8,47.0,,165,93.0,2025-11-04 17:35:00,excellent,olive stems / leaves,olives - processing,s,ppm,1210.0,2,pass,,jduong@lbl.gov,xrf
(a0)522a,47.0,,165,93.0,2025-11-04 17:35:00,excellent,olive stems / leaves,olives - processing,s,ppm,1220.0,3,pass,,jduong@lbl.gov,xrf
(a0)5627,47.0,,165,93.0,2025-11-04 17:35:00,excellent,olive stems / leaves,olives - processing,ce,ppm,76.0,3,pass,,jduong@lbl.gov,xrf
(a0)5a5f,47.0,,165,93.0,2025-11-04 17:35:00,excellent,olive stems / leaves,olives - processing,fe,ppm,208.0,3,pass,,jduong@lbl.gov,xrf
(a0)6374,47.0,,165,93.0,2025-11-04 17:35:00,excellent,olive stems / leaves,olives - processing,rb,ppm,47.0,2,pass,,jduong@lbl.gov,xrf
(a0)6722,47.0,,165,93.0,2025-11-04 17:35:00,excellent,olive stems / leaves,olives - processing,ti,ppm,156.0,3,pass,,jduong@lbl.gov,xrf
(a0)6a7f,47.0,,165,93.0,2025-11-04 17:35:00,excellent,olive stems / leaves,olives - processing,zn,ppm,32.0,1,pass,,jduong@lbl.gov,xrf
(a0)6f72,47.0,,165,93.0,2025-11-04 17:35:00,excellent,olive stems / leaves,olives - processing,ca,ppm,6490.0,1,pass,,jduong@lbl.gov,xrf
(a0)6fa9,47.0,,165,93.0,2025-11-04 17:35:00,excellent,olive stems / leaves,olives - processing,fe,ppm,209.0,1,pass,,jduong@lbl.gov,xrf
(a0)771f,47.0,,165,93.0,2025-11-04 17:35:00,excellent,olive stems / leaves,olives - processing,mo,ppm,4.0,2,pass,,jduong@lbl.gov,xrf
(a0)7843,47.0,,165,93.0,2025-11-04 17:35:00,excellent,olive stems / leaves,olives - processing,zn,ppm,29.0,3,pass,,jduong@lbl.gov,xrf
(a0)7a26,47.0,,165,93.0,2025-11-04 17:35:00,excellent,olive stems / leaves,olives - processing,sr,ppm,34.0,3,pass,,jduong@lbl.gov,xrf
(a0)807c,47.0,,165,93.0,2025-11-04 17:35:00,excellent,olive stems / leaves,olives - processing,ce,ppm,63.0,1,pass,,jduong@lbl.gov,xrf
(a0)8087,47.0,,165,93.0,2025-11-04 17:35:00,excellent,olive stems / leaves,olives - processing,ti,ppm,162.0,2,pass,,jduong@lbl.gov,xrf
(a0)859b,47.0,,165,93.0,2025-11-04 17:35:00,excellent,olive stems / leaves,olives - processing,ca,ppm,6980.0,3,pass,,jduong@lbl.gov,xrf
(a0)85c6,47.0,,165,93.0,2025-11-04 17:35:00,excellent,olive stems / leaves,olives - processing,si,ppm,1850.0,1,pass,,jduong@lbl.gov,xrf
(a0)86de,47.0,,165,93.0,2025-11-04 17:35:00,excellent,olive stems / leaves,olives - processing,th,ppm,40.0,3,pass,,jduong@lbl.gov,xrf
(a0)8ef9,47.0,,165,93.0,2025-11-04 17:35:00,excellent,olive stems / leaves,olives - processing,ce,ppm,64.0,2,pass,,jduong@lbl.gov,xrf
(a0)904b,47.0,,165,93.0,2025-11-04 17:35:00,excellent,olive stems / leaves,olives - processing,u,ppm,14.0,1,pass,,jduong@lbl.gov,xrf
(a0)9410,47.0,,165,93.0,2025-11-04 17:35:00,excellent,olive stems / leaves,olives - processing,ba,ppm,37.0,2,pass,,jduong@lbl.gov,xrf
(a0)a1f6,47.0,,165,93.0,2025-11-04 17:35:00,excellent,olive stems / leaves,olives - processing,th,ppm,39.0,1,pass,,jduong@lbl.gov,xrf
(a0)a755,47.0,,165,93.0,2025-11-04 17:35:00,excellent,olive stems / leaves,olives - processing,mg,ppm,4260.0,3,pass,,jduong@lbl.gov,xrf
(a0)ad97,47.0,,165,93.0,2025-11-04 17:35:00,excellent,olive stems / leaves,olives - processing,sr,ppm,33.0,1,pass,,jduong@lbl.gov,xrf
(a0)ae85,47.0,,165,93.0,2025-11-04 17:35:00,excellent,olive stems / leaves,olives - processing,s,ppm,1120.0,1,pass,,jduong@lbl.gov,xrf
(a0)b72b,47.0,,165,93.0,2025-11-04 17:35:00,excellent,olive stems / leaves,olives - processing,mo,ppm,4.0,1,pass,,jduong@lbl.gov,xrf
(a0)c009,47.0,,165,93.0,2025-11-04 17:35:00,excellent,olive stems / leaves,olives - processing,p,ppm,1530.0,1,pass,,jduong@lbl.gov,xrf
(a0)c3e3,47.0,,165,93.0,2025-11-04 17:35:00,excellent,olive stems / leaves,olives - processing,si,ppm,1540.0,3,pass,,jduong@lbl.gov,xrf
(a0)c690,47.0,,165,93.0,2025-11-04 17:35:00,excellent,olive stems / leaves,olives - processing,la,ppm,52.0,2,pass,,jduong@lbl.gov,xrf
(a0)c9e0,47.0,,165,93.0,2025-11-04 17:35:00,excellent,olive stems / leaves,olives - processing,mg,ppm,3610.0,1,pass,,jduong@lbl.gov,xrf
(a0)d0fd,47.0,,165,93.0,2025-11-04 17:35:00,excellent,olive stems / leaves,olives - processing,ba,ppm,31.0,3,pass,,jduong@lbl.gov,xrf
(a0)d795,47.0,,165,93.0,2025-11-04 17:35:00,excellent,olive stems / leaves,olives - processing,mg,ppm,4660.0,2,pass,,jduong@lbl.gov,xrf
(a0)e544,47.0,,165,93.0,2025-11-04 17:35:00,excellent,olive stems / leaves,olives - processing,mn,ppm,21.0,1,pass,,jduong@lbl.gov,xrf
(a0)eca5,47.0,,165,93.0,2025-11-04 17:35:00,excellent,olive stems / leaves,olives - processing,rb,ppm,48.0,1,pass,,jduong@lbl.gov,xrf
(a0)ed80,47.0,,165,93.0,2025-11-04 17:35:00,excellent,olive stems / leaves,olives - processing,rb,ppm,46.0,3,pass,,jduong@lbl.gov,xrf
(a0)f5b5,47.0,,165,93.0,2025-11-04 17:35:00,excellent,olive stems / leaves,olives - processing,cu,ppm,91.0,2,pass,,jduong@lbl.gov,xrf
(a0)fbf9,47.0,,165,93.0,2025-11-04 17:35:00,excellent,olive stems / leaves,olives - processing,th,ppm,40.0,2,pass,,jduong@lbl.gov,xrf
(a0)fd19,47.0,,165,93.0,2025-11-04 17:35:00,excellent,olive stems / leaves,olives - processing,mn,ppm,39.0,3,pass,,jduong@lbl.gov,xrf
(a2)002d,47.0,,143,72.0,2025-09-19 11:05:00,tiny,almond shells,almonds,cu,ppm,14.0,3,pass,,jduong@lbl.gov,xrf
(a2)05da,47.0,,143,72.0,2025-09-19 11:05:00,tiny,almond shells,almonds,u,ppm,17.0,3,pass,,jduong@lbl.gov,xrf
(a2)0c6a,47.0,,143,72.0,2025-09-19 11:05:00,tiny,almond shells,almonds,si,ppm,4170.0,3,pass,,jduong@lbl.gov,xrf
(a2)123a,47.0,,143,72.0,2025-09-19 11:05:00,tiny,almond shells,almonds,si,ppm,4100.0,1,pass,,jduong@lbl.gov,xrf
(a2)13c1,47.0,,143,72.0,2025-09-19 11:05:00,tiny,almond shells,almonds,fe,ppm,349.0,1,pass,,jduong@lbl.gov,xrf
(a2)140b,47.0,,143,72.0,2025-09-19 11:05:00,tiny,almond shells,almonds,mn,ppm,39.0,2,pass,,jduong@lbl.gov,xrf
(a2)1bf3,47.0,,143,72.0,2025-09-19 11:05:00,tiny,almond shells,almonds,k,ppm,40600.0,2,pass,,jduong@lbl.gov,xrf
(a2)1c54,47.0,,143,72.0,2025-09-19 11:05:00,tiny,almond shells,almonds,ti,ppm,210.0,3,pass,,jduong@lbl.gov,xrf
(a2)1e20,47.0,,143,72.0,2025-09-19 11:05:00,tiny,almond shells,almonds,k,ppm,40500.0,3,pass,,jduong@lbl.gov,xrf
(a2)1e71,47.0,,143,72.0,2025-09-19 11:05:00,tiny,almond shells,almonds,sr,ppm,24.0,2,pass,,jduong@lbl.gov,xrf
(a2)203e,47.0,,143,72.0,2025-09-19 11:05:00,tiny,almond shells,almonds,u,ppm,15.0,2,pass,,jduong@lbl.gov,xrf
(a2)2648,47.0,,143,72.0,2025-09-19 11:05:00,tiny,almond shells,almonds,cu,ppm,13.0,2,pass,,jduong@lbl.gov,xrf
(a2)26f5,47.0,,143,72.0,2025-09-19 11:05:00,tiny,almond shells,almonds,p,ppm,1320.0,3,pass,,jduong@lbl.gov,xrf
(a2)2d46,47.0,,143,72.0,2025-09-19 11:05:00,tiny,almond shells,almonds,mn,ppm,37.0,3,pass,,jduong@lbl.gov,xrf
(a2)2f1a,47.0,,143,72.0,2025-09-19 11:05:00,tiny,almond shells,almonds,si,ppm,4280.0,2,pass,,jduong@lbl.gov,xrf
(a2)3726,47.0,,143,72.0,2025-09-19 11:05:00,tiny,almond shells,almonds,mn,ppm,48.0,1,pass,,jduong@lbl.gov,xrf
(a2)3ada,47.0,,143,72.0,2025-09-19 11:05:00,tiny,almond shells,almonds,al,ppm,1020.0,2,pass,,jduong@lbl.gov,xrf
(a2)3c76,47.0,,143,72.0,2025-09-19 11:05:00,tiny,almond shells,almonds,th,ppm,51.0,2,pass,,jduong@lbl.gov,xrf
(a2)409e,47.0,,143,72.0,2025-09-19 11:05:00,tiny,almond shells,almonds,zn,ppm,16.0,2,pass,,jduong@lbl.gov,xrf
(a2)4986,47.0,,143,72.0,2025-09-19 11:05:00,tiny,almond shells,almonds,ca,ppm,3200.0,2,pass,,jduong@lbl.gov,xrf
(a2)4b51,47.0,,143,72.0,2025-09-19 11:05:00,tiny,almond shells,almonds,ca,ppm,3130.0,3,pass,,jduong@lbl.gov,xrf
(a2)534d,47.0,,143,72.0,2025-09-19 11:05:00,tiny,almond shells,almonds,cu,ppm,13.0,1,pass,,jduong@lbl.gov,xrf
(a2)555d,47.0,,143,72.0,2025-09-19 11:05:00,tiny,almond shells,almonds,ca,ppm,3130.0,1,pass,,jduong@lbl.gov,xrf
(a2)5c98,47.0,,143,72.0,2025-09-19 11:05:00,tiny,almond shells,almonds,ti,ppm,246.0,1,pass,,jduong@lbl.gov,xrf
(a2)610c,47.0,,143,72.0,2025-09-19 11:05:00,tiny,almond shells,almonds,pb,ppm,4.0,2,pass,,jduong@lbl.gov,xrf
(a2)715a,47.0,,143,72.0,2025-09-19 11:05:00,tiny,almond shells,almonds,rb,ppm,18.0,1,pass,,jduong@lbl.gov,xrf
(a2)7349,47.0,,143,72.0,2025-09-19 11:05:00,tiny,almond shells,almonds,k,ppm,39400.0,1,pass,,jduong@lbl.gov,xrf
(a2)761b,47.0,,143,72.0,2025-09-19 11:05:00,tiny,almond shells,almonds,p,ppm,1410.0,2,pass,,jduong@lbl.gov,xrf
(a2)7a0d,47.0,,143,72.0,2025-09-19 11:05:00,tiny,almond shells,almonds,sr,ppm,23.0,3,pass,,jduong@lbl.gov,xrf
(a2)892f,47.0,,143,72.0,2025-09-19 11:05:00,tiny,almond shells,almonds,zn,ppm,15.0,1,pass,,jduong@lbl.gov,xrf
(a2)91a0,47.0,,143,72.0,2025-09-19 11:05:00,tiny,almond shells,almonds,s,ppm,610.0,1,pass,,jduong@lbl.gov,xrf
(a2)930e,47.0,,143,72.0,2025-09-19 11:05:00,tiny,almond shells,almonds,fe,ppm,343.0,2,pass,,jduong@lbl.gov,xrf
(a2)9b59,47.0,,143,72.0,2025-09-19 11:05:00,tiny,almond shells,almonds,s,ppm,587.0,3,pass,,jduong@lbl.gov,xrf
(a2)9c87,47.0,,143,72.0,2025-09-19 11:05:00,tiny,almond shells,almonds,th,ppm,54.0,1,pass,,jduong@lbl.gov,xrf
(a2)a207,47.0,,143,72.0,2025-09-19 11:05:00,tiny,almond shells,almonds,fe,ppm,377.0,3,pass,,jduong@lbl.gov,xrf
(a2)a6c3,47.0,,143,72.0,2025-09-19 11:05:00,tiny,almond shells,almonds,zn,ppm,18.0,3,pass,,jduong@lbl.gov,xrf
(a2)b31d,47.0,,143,72.0,2025-09-19 11:05:00,tiny,almond shells,almonds,rb,ppm,19.0,2,pass,,jduong@lbl.gov,xrf
(a2)bb0f,47.0,,143,72.0,2025-09-19 11:05:00,tiny,almond shells,almonds,u,ppm,13.0,1,pass,,jduong@lbl.gov,xrf
(a2)bf24,47.0,,143,72.0,2025-09-19 11:05:00,tiny,almond shells,almonds,p,ppm,1330.0,1,pass,,jduong@lbl.gov,xrf
(a2)c47b,47.0,,143,72.0,2025-09-19 11:05:00,tiny,almond shells,almonds,rb,ppm,17.0,3,pass,,jduong@lbl.gov,xrf
(a2)c72f,47.0,,143,72.0,2025-09-19 11:05:00,tiny,almond shells,almonds,pb,ppm,3.0,3,pass,,jduong@lbl.gov,xrf
(a2)d963,47.0,,143,72.0,2025-09-19 11:05:00,tiny,almond shells,almonds,th,ppm,48.0,3,pass,,jduong@lbl.gov,xrf
(a2)e179,47.0,,143,72.0,2025-09-19 11:05:00,tiny,almond shells,almonds,al,ppm,928.0,3,pass,,jduong@lbl.gov,xrf
(a2)e68b,47.0,,143,72.0,2025-09-19 11:05:00,tiny,almond shells,almonds,sr,ppm,23.0,1,pass,,jduong@lbl.gov,xrf
(a2)e84e,47.0,,143,72.0,2025-09-19 11:05:00,tiny,almond shells,almonds,s,ppm,598.0,2,pass,,jduong@lbl.gov,xrf
(a4)099a,47.0,,159,88.0,2025-10-23 10:30:00,schooner,cotton stem mix,cotton,mo,ppm,6.0,3,pass,,jduong@lbl.gov,xrf
(a4)0a2d,47.0,,159,88.0,2025-10-23 10:30:00,schooner,cotton stem mix,cotton,pr,ppm,63.0,1,pass,,jduong@lbl.gov,xrf
(a4)1086,47.0,,159,88.0,2025-10-23 10:30:00,schooner,cotton stem mix,cotton,al,ppm,4190.0,3,pass,,jduong@lbl.gov,xrf
(a4)1216,47.0,,159,88.0,2025-10-23 10:30:00,schooner,cotton stem mix,cotton,th,ppm,58.0,2,pass,,jduong@lbl.gov,xrf
(a4)1e79,47.0,,159,88.0,2025-10-23 10:30:00,schooner,cotton stem mix,cotton,rb,ppm,23.0,3,pass,,jduong@lbl.gov,xrf
(a4)24cb,47.0,,159,88.0,2025-10-23 10:30:00,schooner,cotton stem mix,cotton,zn,ppm,28.0,3,pass,,jduong@lbl.gov,xrf
(a4)2a66,47.0,,159,88.0,2025-10-23 10:30:00,schooner,cotton stem mix,cotton,k,ppm,36200.0,1,pass,,jduong@lbl.gov,xrf
(a4)2dcc,47.0,,159,88.0,2025-10-23 10:30:00,schooner,cotton stem mix,cotton,pb,ppm,6.0,1,pass,,jduong@lbl.gov,xrf
(a4)305b,47.0,,159,88.0,2025-10-23 10:30:00,schooner,cotton stem mix,cotton,p,ppm,1940.0,3,pass,,jduong@lbl.gov,xrf
(a4)3253,47.0,,159,88.0,2025-10-23 10:30:00,schooner,cotton stem mix,cotton,rb,ppm,22.0,2,pass,,jduong@lbl.gov,xrf
(a4)3408,47.0,,159,88.0,2025-10-23 10:30:00,schooner,cotton stem mix,cotton,mg,ppm,10500.0,2,pass,,jduong@lbl.gov,xrf
(a4)356e,47.0,,159,88.0,2025-10-23 10:30:00,schooner,cotton stem mix,cotton,si,ppm,12600.0,1,pass,,jduong@lbl.gov,xrf
(a4)3f8e,47.0,,159,88.0,2025-10-23 10:30:00,schooner,cotton stem mix,cotton,cu,ppm,14.0,2,pass,,jduong@lbl.gov,xrf
(a4)3fdb,47.0,,159,88.0,2025-10-23 10:30:00,schooner,cotton stem mix,cotton,y,ppm,9.0,1,pass,,jduong@lbl.gov,xrf
(a4)4252,47.0,,159,88.0,2025-10-23 10:30:00,schooner,cotton stem mix,cotton,k,ppm,36400.0,2,pass,,jduong@lbl.gov,xrf
(a4)4664,47.0,,159,88.0,2025-10-23 10:30:00,schooner,cotton stem mix,cotton,rb,ppm,23.0,1,pass,,jduong@lbl.gov,xrf
(a4)4dc4,47.0,,159,88.0,2025-10-23 10:30:00,schooner,cotton stem mix,cotton,s,ppm,4580.0,1,pass,,jduong@lbl.gov,xrf
(a4)5fda,47.0,,159,88.0,2025-10-23 10:30:00,schooner,cotton stem mix,cotton,mn,ppm,90.0,1,pass,,jduong@lbl.gov,xrf
(a4)6a3b,47.0,,159,88.0,2025-10-23 10:30:00,schooner,cotton stem mix,cotton,th,ppm,53.0,3,pass,,jduong@lbl.gov,xrf
(a4)6f16,47.0,,159,88.0,2025-10-23 10:30:00,schooner,cotton stem mix,cotton,ti,ppm,315.0,3,pass,,jduong@lbl.gov,xrf
(a4)6fbc,47.0,,159,88.0,2025-10-23 10:30:00,schooner,cotton stem mix,cotton,sr,ppm,106.0,2,pass,,jduong@lbl.gov,xrf
(a4)71f8,47.0,,159,88.0,2025-10-23 10:30:00,schooner,cotton stem mix,cotton,ce,ppm,41.0,3,pass,,jduong@lbl.gov,xrf
(a4)786b,47.0,,159,88.0,2025-10-23 10:30:00,schooner,cotton stem mix,cotton,s,ppm,4810.0,2,pass,,jduong@lbl.gov,xrf
(a4)7c64,47.0,,159,88.0,2025-10-23 10:30:00,schooner,cotton stem mix,cotton,u,ppm,19.0,3,pass,,jduong@lbl.gov,xrf
(a4)862f,47.0,,159,88.0,2025-10-23 10:30:00,schooner,cotton stem mix,cotton,s,ppm,4730.0,3,pass,,jduong@lbl.gov,xrf
(a4)8a90,47.0,,159,88.0,2025-10-23 10:30:00,schooner,cotton stem mix,cotton,p,ppm,1930.0,1,pass,,jduong@lbl.gov,xrf
(a4)8afa,47.0,,159,88.0,2025-10-23 10:30:00,schooner,cotton stem mix,cotton,mn,ppm,89.0,2,pass,,jduong@lbl.gov,xrf
(a4)8be4,47.0,,159,88.0,2025-10-23 10:30:00,schooner,cotton stem mix,cotton,sr,ppm,108.0,1,pass,,jduong@lbl.gov,xrf
(a4)8c17,47.0,,159,88.0,2025-10-23 10:30:00,schooner,cotton stem mix,cotton,sr,ppm,104.0,3,pass,,jduong@lbl.gov,xrf
(a4)92ee,47.0,,159,88.0,2025-10-23 10:30:00,schooner,cotton stem mix,cotton,fe,ppm,2240.0,2,pass,,jduong@lbl.gov,xrf
(a4)95e6,47.0,,159,88.0,2025-10-23 10:30:00,schooner,cotton stem mix,cotton,ce,ppm,43.0,2,pass,,jduong@lbl.gov,xrf
(a4)97ca,47.0,,159,88.0,2025-10-23 10:30:00,schooner,cotton stem mix,cotton,pb,ppm,6.0,2,pass,,jduong@lbl.gov,xrf
(a4)98bd,47.0,,159,88.0,2025-10-23 10:30:00,schooner,cotton stem mix,cotton,ti,ppm,413.0,2,pass,,jduong@lbl.gov,xrf
(a4)9dea,47.0,,159,88.0,2025-10-23 10:30:00,schooner,cotton stem mix,cotton,ba,ppm,39.0,3,pass,,jduong@lbl.gov,xrf
(a4)a140,47.0,,159,88.0,2025-10-23 10:30:00,schooner,cotton stem mix,cotton,ti,ppm,291.0,1,pass,,jduong@lbl.gov,xrf
(a4)a2d9,47.0,,159,88.0,2025-10-23 10:30:00,schooner,cotton stem mix,cotton,zn,ppm,26.0,1,pass,,jduong@lbl.gov,xrf
(a4)aa2f,47.0,,159,88.0,2025-10-23 10:30:00,schooner,cotton stem mix,cotton,mo,ppm,7.0,2,pass,,jduong@lbl.gov,xrf
(a4)ab26,47.0,,159,88.0,2025-10-23 10:30:00,schooner,cotton stem mix,cotton,la,ppm,37.0,1,pass,,jduong@lbl.gov,xrf
(a4)ae74,47.0,,159,88.0,2025-10-23 10:30:00,schooner,cotton stem mix,cotton,si,ppm,13700.0,2,pass,,jduong@lbl.gov,xrf
(a4)b096,47.0,,159,88.0,2025-10-23 10:30:00,schooner,cotton stem mix,cotton,la,ppm,35.0,3,pass,,jduong@lbl.gov,xrf
(a4)b186,47.0,,159,88.0,2025-10-23 10:30:00,schooner,cotton stem mix,cotton,cu,ppm,13.0,3,pass,,jduong@lbl.gov,xrf
(a4)b3ee,47.0,,159,88.0,2025-10-23 10:30:00,schooner,cotton stem mix,cotton,ba,ppm,32.0,2,pass,,jduong@lbl.gov,xrf
(a4)b44f,47.0,,159,88.0,2025-10-23 10:30:00,schooner,cotton stem mix,cotton,zn,ppm,21.0,2,pass,,jduong@lbl.gov,xrf
(a4)b5c5,47.0,,159,88.0,2025-10-23 10:30:00,schooner,cotton stem mix,cotton,mn,ppm,94.0,3,pass,,jduong@lbl.gov,xrf
(a4)b84a,47.0,,159,88.0,2025-10-23 10:30:00,schooner,cotton stem mix,cotton,y,ppm,7.0,2,pass,,jduong@lbl.gov,xrf
(a4)bdf4,47.0,,159,88.0,2025-10-23 10:30:00,schooner,cotton stem mix,cotton,u,ppm,21.0,2,pass,,jduong@lbl.gov,xrf
(a4)be17,47.0,,159,88.0,2025-10-23 10:30:00,schooner,cotton stem mix,cotton,al,ppm,3950.0,2,pass,,jduong@lbl.gov,xrf
(a4)be2e,47.0,,159,88.0,2025-10-23 10:30:00,schooner,cotton stem mix,cotton,fe,ppm,2180.0,1,pass,,jduong@lbl.gov,xrf
(a4)be7f,47.0,,159,88.0,2025-10-23 10:30:00,schooner,cotton stem mix,cotton,ca,ppm,20400.0,1,pass,,jduong@lbl.gov,xrf
(a4)c254,47.0,,159,88.0,2025-10-23 10:30:00,schooner,cotton stem mix,cotton,th,ppm,50.0,1,pass,,jduong@lbl.gov,xrf
(a4)c3da,47.0,,159,88.0,2025-10-23 10:30:00,schooner,cotton stem mix,cotton,cu,ppm,17.0,1,pass,,jduong@lbl.gov,xrf
(a4)c3ec,47.0,,159,88.0,2025-10-23 10:30:00,schooner,cotton stem mix,cotton,mg,ppm,8830.0,1,pass,,jduong@lbl.gov,xrf
(a4)ca06,47.0,,159,88.0,2025-10-23 10:30:00,schooner,cotton stem mix,cotton,fe,ppm,2230.0,3,pass,,jduong@lbl.gov,xrf
(a4)d518,47.0,,159,88.0,2025-10-23 10:30:00,schooner,cotton stem mix,cotton,ba,ppm,34.0,1,pass,,jduong@lbl.gov,xrf
(a4)dd6b,47.0,,159,88.0,2025-10-23 10:30:00,schooner,cotton stem mix,cotton,ca,ppm,21000.0,3,pass,,jduong@lbl.gov,xrf
(a4)de19,47.0,,159,88.0,2025-10-23 10:30:00,schooner,cotton stem mix,cotton,al,ppm,4570.0,1,pass,,jduong@lbl.gov,xrf
(a4)e0f6,47.0,,159,88.0,2025-10-23 10:30:00,schooner,cotton stem mix,cotton,pr,ppm,62.0,2,pass,,jduong@lbl.gov,xrf
(a4)e3a7,47.0,,159,88.0,2025-10-23 10:30:00,schooner,cotton stem mix,cotton,k,ppm,36200.0,3,pass,,jduong@lbl.gov,xrf
(a4)e3ab,47.0,,159,88.0,2025-10-23 10:30:00,schooner,cotton stem mix,cotton,si,ppm,13400.0,3,pass,,jduong@lbl.gov,xrf
(a4)e3e0,47.0,,159,88.0,2025-10-23 10:30:00,schooner,cotton stem mix,cotton,p,ppm,1940.0,2,pass,,jduong@lbl.gov,xrf
(a4)ed64,47.0,,159,88.0,2025-10-23 10:30:00,schooner,cotton stem mix,cotton,ca,ppm,21100.0,2,pass,,jduong@lbl.gov,xrf
(a4)f2f2,47.0,,159,88.0,2025-10-23 10:30:00,schooner,cotton stem mix,cotton,u,ppm,21.0,1,pass,,jduong@lbl.gov,xrf
(a4)f489,47.0,,159,88.0,2025-10-23 10:30:00,schooner,cotton stem mix,cotton,mg,ppm,8510.0,3,pass,,jduong@lbl.gov,xrf
(a4)f7ff,47.0,,159,88.0,2025-10-23 10:30:00,schooner,cotton stem mix,cotton,y,ppm,9.0,3,pass,,jduong@lbl.gov,xrf
(a5)0297,47.0,,162,69.0,2025-09-16 09:30:00,humorous,almond shells,almonds,mn,ppm,39.0,3,pass,,jduong@lbl.gov,xrf
(a5)0f76,47.0,,162,69.0,2025-09-16 09:30:00,humorous,almond shells,almonds,si,ppm,3580.0,3,pass,,jduong@lbl.gov,xrf
(a5)1206,47.0,,162,69.0,2025-09-16 09:30:00,humorous,almond shells,almonds,u,ppm,16.0,3,pass,,jduong@lbl.gov,xrf
(a5)129e,47.0,,162,69.0,2025-09-16 09:30:00,humorous,almond shells,almonds,ca,ppm,4000.0,3,pass,,jduong@lbl.gov,xrf
(a5)1efe,47.0,,162,69.0,2025-09-16 09:30:00,humorous,almond shells,almonds,sr,ppm,40.0,1,pass,,jduong@lbl.gov,xrf
(a5)227a,47.0,,162,69.0,2025-09-16 09:30:00,humorous,almond shells,almonds,k,ppm,35700.0,3,pass,,jduong@lbl.gov,xrf
(a5)22fd,47.0,,162,69.0,2025-09-16 09:30:00,humorous,almond shells,almonds,ca,ppm,4370.0,1,pass,,jduong@lbl.gov,xrf
(a5)2887,47.0,,162,69.0,2025-09-16 09:30:00,humorous,almond shells,almonds,ba,ppm,35.0,2,pass,,jduong@lbl.gov,xrf
(a5)2eba,47.0,,162,69.0,2025-09-16 09:30:00,humorous,almond shells,almonds,mn,ppm,40.0,2,pass,,jduong@lbl.gov,xrf
(a5)415d,47.0,,162,69.0,2025-09-16 09:30:00,humorous,almond shells,almonds,fe,ppm,294.0,1,pass,,jduong@lbl.gov,xrf
(a5)477b,47.0,,162,69.0,2025-09-16 09:30:00,humorous,almond shells,almonds,th,ppm,50.0,1,pass,,jduong@lbl.gov,xrf
(a5)4f7a,47.0,,162,69.0,2025-09-16 09:30:00,humorous,almond shells,almonds,cu,ppm,12.0,3,pass,,jduong@lbl.gov,xrf
(a5)5179,47.0,,162,69.0,2025-09-16 09:30:00,humorous,almond shells,almonds,u,ppm,16.0,2,pass,,jduong@lbl.gov,xrf
(a5)51ba,47.0,,162,69.0,2025-09-16 09:30:00,humorous,almond shells,almonds,fe,ppm,276.0,3,pass,,jduong@lbl.gov,xrf
(a5)62e9,47.0,,162,69.0,2025-09-16 09:30:00,humorous,almond shells,almonds,si,ppm,3630.0,1,pass,,jduong@lbl.gov,xrf
(a5)67f1,47.0,,162,69.0,2025-09-16 09:30:00,humorous,almond shells,almonds,fe,ppm,290.0,2,pass,,jduong@lbl.gov,xrf
(a5)6801,47.0,,162,69.0,2025-09-16 09:30:00,humorous,almond shells,almonds,u,ppm,16.0,1,pass,,jduong@lbl.gov,xrf
(a5)6f21,47.0,,162,69.0,2025-09-16 09:30:00,humorous,almond shells,almonds,sr,ppm,38.0,3,pass,,jduong@lbl.gov,xrf
(a5)757a,47.0,,162,69.0,2025-09-16 09:30:00,humorous,almond shells,almonds,s,ppm,590.0,2,pass,,jduong@lbl.gov,xrf
(a5)758e,47.0,,162,69.0,2025-09-16 09:30:00,humorous,almond shells,almonds,k,ppm,35800.0,2,pass,,jduong@lbl.gov,xrf
(a5)7c0c,47.0,,162,69.0,2025-09-16 09:30:00,humorous,almond shells,almonds,p,ppm,674.0,1,pass,,jduong@lbl.gov,xrf
(a5)8303,47.0,,162,69.0,2025-09-16 09:30:00,humorous,almond shells,almonds,zn,ppm,11.0,2,pass,,jduong@lbl.gov,xrf
(a5)887a,47.0,,162,69.0,2025-09-16 09:30:00,humorous,almond shells,almonds,th,ppm,49.0,2,pass,,jduong@lbl.gov,xrf
(a5)8a0e,47.0,,162,69.0,2025-09-16 09:30:00,humorous,almond shells,almonds,th,ppm,52.0,3,pass,,jduong@lbl.gov,xrf
(a5)91fa,47.0,,162,69.0,2025-09-16 09:30:00,humorous,almond shells,almonds,k,ppm,35200.0,1,pass,,jduong@lbl.gov,xrf
(a5)9997,47.0,,162,69.0,2025-09-16 09:30:00,humorous,almond shells,almonds,sr,ppm,38.0,2,pass,,jduong@lbl.gov,xrf
(a5)9e3f,47.0,,162,69.0,2025-09-16 09:30:00,humorous,almond shells,almonds,rb,ppm,27.0,1,pass,,jduong@lbl.gov,xrf
(a5)9f99,47.0,,162,69.0,2025-09-16 09:30:00,humorous,almond shells,almonds,zn,ppm,13.0,1,pass,,jduong@lbl.gov,xrf
(a5)a87e,47.0,,162,69.0,2025-09-16 09:30:00,humorous,almond shells,almonds,mn,ppm,47.0,1,pass,,jduong@lbl.gov,xrf
(a5)acb5,47.0,,162,69.0,2025-09-16 09:30:00,humorous,almond shells,almonds,rb,ppm,27.0,2,pass,,jduong@lbl.gov,xrf
(a5)b14b,47.0,,162,69.0,2025-09-16 09:30:00,humorous,almond shells,almonds,p,ppm,663.0,2,pass,,jduong@lbl.gov,xrf
(a5)b993,47.0,,162,69.0,2025-09-16 09:30:00,humorous,almond shells,almonds,zn,ppm,14.0,3,pass,,jduong@lbl.gov,xrf
(a5)ba12,47.0,,162,69.0,2025-09-16 09:30:00,humorous,almond shells,almonds,ba,ppm,28.0,3,pass,,jduong@lbl.gov,xrf
(a5)c629,47.0,,162,69.0,2025-09-16 09:30:00,humorous,almond shells,almonds,rb,ppm,28.0,3,pass,,jduong@lbl.gov,xrf
(a5)c7f7,47.0,,162,69.0,2025-09-16 09:30:00,humorous,almond shells,almonds,p,ppm,679.0,3,pass,,jduong@lbl.gov,xrf
(a5)c88e,47.0,,162,69.0,2025-09-16 09:30:00,humorous,almond shells,almonds,si,ppm,3580.0,2,pass,,jduong@lbl.gov,xrf
(a5)cc51,47.0,,162,69.0,2025-09-16 09:30:00,humorous,almond shells,almonds,ba,ppm,39.0,1,pass,,jduong@lbl.gov,xrf
(a5)cc8f,47.0,,162,69.0,2025-09-16 09:30:00,humorous,almond shells,almonds,ca,ppm,4040.0,2,pass,,jduong@lbl.gov,xrf
(a5)cefb,47.0,,162,69.0,2025-09-16 09:30:00,humorous,almond shells,almonds,ce,ppm,49.0,2,pass,,jduong@lbl.gov,xrf
(a5)d7cb,47.0,,162,69.0,2025-09-16 09:30:00,humorous,almond shells,almonds,s,ppm,509.0,1,pass,,jduong@lbl.gov,xrf
(a5)eacb,47.0,,162,69.0,2025-09-16 09:30:00,humorous,almond shells,almonds,cu,ppm,11.0,2,pass,,jduong@lbl.gov,xrf
(a5)f0fd,47.0,,162,69.0,2025-09-16 09:30:00,humorous,almond shells,almonds,ce,ppm,49.0,3,pass,,jduong@lbl.gov,xrf
(a5)f79c,47.0,,162,69.0,2025-09-16 09:30:00,humorous,almond shells,almonds,cu,ppm,14.0,1,pass,,jduong@lbl.gov,xrf
(a5)fb27,47.0,,162,69.0,2025-09-16 09:30:00,humorous,almond shells,almonds,s,ppm,528.0,3,pass,,jduong@lbl.gov,xrf
(a5)fcd1,47.0,,162,69.0,2025-09-16 09:30:00,humorous,almond shells,almonds,co,ppm,11.0,1,pass,,jduong@lbl.gov,xrf
(a8)0739,47.0,,161,68.0,2025-09-16 09:30:00,humorous,almond hulls,almonds,ce,ppm,73.0,3,pass,,jduong@lbl.gov,xrf
(a8)0d35,47.0,,161,68.0,2025-09-16 09:30:00,humorous,almond hulls,almonds,fe,ppm,388.0,3,pass,,jduong@lbl.gov,xrf
(a8)0d58,47.0,,161,68.0,2025-09-16 09:30:00,humorous,almond hulls,almonds,cu,ppm,8.0,3,pass,,jduong@lbl.gov,xrf
(a8)1462,47.0,,161,68.0,2025-09-16 09:30:00,humorous,almond hulls,almonds,ba,ppm,23.0,2,pass,,jduong@lbl.gov,xrf
(a8)1c96,47.0,,161,68.0,2025-09-16 09:30:00,humorous,almond hulls,almonds,pr,ppm,120.0,3,pass,,jduong@lbl.gov,xrf
(a8)21c5,47.0,,161,68.0,2025-09-16 09:30:00,humorous,almond hulls,almonds,si,ppm,3370.0,3,pass,,jduong@lbl.gov,xrf
(a8)2310,47.0,,161,68.0,2025-09-16 09:30:00,humorous,almond hulls,almonds,p,ppm,1200.0,2,pass,,jduong@lbl.gov,xrf
(a8)2557,47.0,,161,68.0,2025-09-16 09:30:00,humorous,almond hulls,almonds,mn,ppm,34.0,1,pass,,jduong@lbl.gov,xrf
(a8)2924,47.0,,161,68.0,2025-09-16 09:30:00,humorous,almond hulls,almonds,ba,ppm,27.0,3,pass,,jduong@lbl.gov,xrf
(a8)29d4,47.0,,161,68.0,2025-09-16 09:30:00,humorous,almond hulls,almonds,u,ppm,11.0,3,pass,,jduong@lbl.gov,xrf
(a8)29d6,47.0,,161,68.0,2025-09-16 09:30:00,humorous,almond hulls,almonds,ce,ppm,51.0,1,pass,,jduong@lbl.gov,xrf
(a8)2c1f,47.0,,161,68.0,2025-09-16 09:30:00,humorous,almond hulls,almonds,si,ppm,3190.0,1,pass,,jduong@lbl.gov,xrf
(a8)2c95,47.0,,161,68.0,2025-09-16 09:30:00,humorous,almond hulls,almonds,th,ppm,34.0,3,pass,,jduong@lbl.gov,xrf
(a8)3159,47.0,,161,68.0,2025-09-16 09:30:00,humorous,almond hulls,almonds,ca,ppm,2670.0,3,pass,,jduong@lbl.gov,xrf
(a8)316c,47.0,,161,68.0,2025-09-16 09:30:00,humorous,almond hulls,almonds,sr,ppm,15.0,1,pass,,jduong@lbl.gov,xrf
(a8)3708,47.0,,161,68.0,2025-09-16 09:30:00,humorous,almond hulls,almonds,mn,ppm,35.0,3,pass,,jduong@lbl.gov,xrf
(a8)3d19,47.0,,161,68.0,2025-09-16 09:30:00,humorous,almond hulls,almonds,pr,ppm,76.0,2,pass,,jduong@lbl.gov,xrf
(a8)3d90,47.0,,161,68.0,2025-09-16 09:30:00,humorous,almond hulls,almonds,th,ppm,36.0,2,pass,,jduong@lbl.gov,xrf
(a8)3f44,47.0,,161,68.0,2025-09-16 09:30:00,humorous,almond hulls,almonds,ca,ppm,2670.0,2,pass,,jduong@lbl.gov,xrf
(a8)40df,47.0,,161,68.0,2025-09-16 09:30:00,humorous,almond hulls,almonds,zn,ppm,13.0,3,pass,,jduong@lbl.gov,xrf
(a8)42c7,47.0,,161,68.0,2025-09-16 09:30:00,humorous,almond hulls,almonds,ti,ppm,206.0,3,pass,,jduong@lbl.gov,xrf
(a8)45bc,47.0,,161,68.0,2025-09-16 09:30:00,humorous,almond hulls,almonds,s,ppm,217.0,1,pass,,jduong@lbl.gov,xrf
(a8)45e9,47.0,,161,68.0,2025-09-16 09:30:00,humorous,almond hulls,almonds,ti,ppm,215.0,2,pass,,jduong@lbl.gov,xrf
(a8)4cf7,47.0,,161,68.0,2025-09-16 09:30:00,humorous,almond hulls,almonds,th,ppm,38.0,1,pass,,jduong@lbl.gov,xrf
(a8)5b0f,47.0,,161,68.0,2025-09-16 09:30:00,humorous,almond hulls,almonds,p,ppm,1140.0,1,pass,,jduong@lbl.gov,xrf
(a8)62d5,47.0,,161,68.0,2025-09-16 09:30:00,humorous,almond hulls,almonds,k,ppm,34000.0,2,pass,,jduong@lbl.gov,xrf
(a8)6307,47.0,,161,68.0,2025-09-16 09:30:00,humorous,almond hulls,almonds,zn,ppm,15.0,1,pass,,jduong@lbl.gov,xrf
(a8)6712,47.0,,161,68.0,2025-09-16 09:30:00,humorous,almond hulls,almonds,pr,ppm,71.0,1,pass,,jduong@lbl.gov,xrf
(a8)6be0,47.0,,161,68.0,2025-09-16 09:30:00,humorous,almond hulls,almonds,cu,ppm,12.0,1,pass,,jduong@lbl.gov,xrf
(a8)7443,47.0,,161,68.0,2025-09-16 09:30:00,humorous,almond hulls,almonds,k,ppm,33800.0,1,pass,,jduong@lbl.gov,xrf
(a8)8059,47.0,,161,68.0,2025-09-16 09:30:00,humorous,almond hulls,almonds,rb,ppm,10.0,1,pass,,jduong@lbl.gov,xrf
(a8)8165,47.0,,161,68.0,2025-09-16 09:30:00,humorous,almond hulls,almonds,sr,ppm,15.0,3,pass,,jduong@lbl.gov,xrf
(a8)873b,47.0,,161,68.0,2025-09-16 09:30:00,humorous,almond hulls,almonds,cu,ppm,9.0,2,pass,,jduong@lbl.gov,xrf
(a8)8ae6,47.0,,161,68.0,2025-09-16 09:30:00,humorous,almond hulls,almonds,u,ppm,11.0,1,pass,,jduong@lbl.gov,xrf
(a8)8c82,47.0,,161,68.0,2025-09-16 09:30:00,humorous,almond hulls,almonds,la,ppm,47.0,1,pass,,jduong@lbl.gov,xrf
(a8)93fd,47.0,,161,68.0,2025-09-16 09:30:00,humorous,almond hulls,almonds,rb,ppm,11.0,3,pass,,jduong@lbl.gov,xrf
(a8)9833,47.0,,161,68.0,2025-09-16 09:30:00,humorous,almond hulls,almonds,ce,ppm,48.0,2,pass,,jduong@lbl.gov,xrf
(a8)9b1b,47.0,,161,68.0,2025-09-16 09:30:00,humorous,almond hulls,almonds,mn,ppm,34.0,2,pass,,jduong@lbl.gov,xrf
(a8)a184,47.0,,161,68.0,2025-09-16 09:30:00,humorous,almond hulls,almonds,fe,ppm,382.0,2,pass,,jduong@lbl.gov,xrf
(a8)acb2,47.0,,161,68.0,2025-09-16 09:30:00,humorous,almond hulls,almonds,sr,ppm,15.0,2,pass,,jduong@lbl.gov,xrf
(a8)b257,47.0,,161,68.0,2025-09-16 09:30:00,humorous,almond hulls,almonds,s,ppm,260.0,2,pass,,jduong@lbl.gov,xrf
(a8)b268,47.0,,161,68.0,2025-09-16 09:30:00,humorous,almond hulls,almonds,la,ppm,39.0,2,pass,,jduong@lbl.gov,xrf
(a8)b75a,47.0,,161,68.0,2025-09-16 09:30:00,humorous,almond hulls,almonds,s,ppm,243.0,3,pass,,jduong@lbl.gov,xrf
(a8)bba7,47.0,,161,68.0,2025-09-16 09:30:00,humorous,almond hulls,almonds,u,ppm,12.0,2,pass,,jduong@lbl.gov,xrf
(a8)bcb1,47.0,,161,68.0,2025-09-16 09:30:00,humorous,almond hulls,almonds,k,ppm,34000.0,3,pass,,jduong@lbl.gov,xrf
(a8)c855,47.0,,161,68.0,2025-09-16 09:30:00,humorous,almond hulls,almonds,ba,ppm,25.0,1,pass,,jduong@lbl.gov,xrf
(a8)cc2d,47.0,,161,68.0,2025-09-16 09:30:00,humorous,almond hulls,almonds,si,ppm,3160.0,2,pass,,jduong@lbl.gov,xrf
(a8)d5a7,47.0,,161,68.0,2025-09-16 09:30:00,humorous,almond hulls,almonds,p,ppm,1160.0,3,pass,,jduong@lbl.gov,xrf
(a8)d840,47.0,,161,68.0,2025-09-16 09:30:00,humorous,almond hulls,almonds,fe,ppm,383.0,1,pass,,jduong@lbl.gov,xrf
(a8)da74,47.0,,161,68.0,2025-09-16 09:30:00,humorous,almond hulls,almonds,rb,ppm,11.0,2,pass,,jduong@lbl.gov,xrf
(a8)ddd7,47.0,,161,68.0,2025-09-16 09:30:00,humorous,almond hulls,almonds,zn,ppm,15.0,2,pass,,jduong@lbl.gov,xrf
(a8)ede9,47.0,,161,68.0,2025-09-16 09:30:00,humorous,almond hulls,almonds,ca,ppm,2600.0,1,pass,,jduong@lbl.gov,xrf
(b3)06f3,47.0,,149,76.0,2025-09-26 11:25:00,capstan,almond hulls,almonds,zn,ppm,14.0,1,pass,,jduong@lbl.gov,xrf
(b3)091e,47.0,,149,76.0,2025-09-26 11:25:00,capstan,almond hulls,almonds,zn,ppm,13.0,2,pass,,jduong@lbl.gov,xrf
(b3)0cf7,47.0,,149,76.0,2025-09-26 11:25:00,capstan,almond hulls,almonds,si,ppm,3720.0,3,pass,,jduong@lbl.gov,xrf
(b3)1b9a,47.0,,149,76.0,2025-09-26 11:25:00,capstan,almond hulls,almonds,zn,ppm,15.0,3,pass,,jduong@lbl.gov,xrf
(b3)1f12,47.0,,149,76.0,2025-09-26 11:25:00,capstan,almond hulls,almonds,p,ppm,1200.0,3,pass,,jduong@lbl.gov,xrf
(b3)2bb6,47.0,,149,76.0,2025-09-26 11:25:00,capstan,almond hulls,almonds,mo,ppm,4.0,1,pass,,jduong@lbl.gov,xrf
(b3)3281,47.0,,149,76.0,2025-09-26 11:25:00,capstan,almond hulls,almonds,u,ppm,12.0,1,pass,,jduong@lbl.gov,xrf
(b3)3a02,47.0,,149,76.0,2025-09-26 11:25:00,capstan,almond hulls,almonds,s,ppm,377.0,3,pass,,jduong@lbl.gov,xrf
(b3)3c75,47.0,,149,76.0,2025-09-26 11:25:00,capstan,almond hulls,almonds,th,ppm,37.0,2,pass,,jduong@lbl.gov,xrf
(b3)46dd,47.0,,149,76.0,2025-09-26 11:25:00,capstan,almond hulls,almonds,sr,ppm,22.0,1,pass,,jduong@lbl.gov,xrf
(b3)4c62,47.0,,149,76.0,2025-09-26 11:25:00,capstan,almond hulls,almonds,s,ppm,279.0,1,pass,,jduong@lbl.gov,xrf
(b3)51bb,47.0,,149,76.0,2025-09-26 11:25:00,capstan,almond hulls,almonds,fe,ppm,388.0,2,pass,,jduong@lbl.gov,xrf
(b3)5644,47.0,,149,76.0,2025-09-26 11:25:00,capstan,almond hulls,almonds,k,ppm,30000.0,1,pass,,jduong@lbl.gov,xrf
(b3)5795,47.0,,149,76.0,2025-09-26 11:25:00,capstan,almond hulls,almonds,cu,ppm,8.0,2,pass,,jduong@lbl.gov,xrf
(b3)5a3d,47.0,,149,76.0,2025-09-26 11:25:00,capstan,almond hulls,almonds,cu,ppm,9.0,1,pass,,jduong@lbl.gov,xrf
(b3)5fb0,47.0,,149,76.0,2025-09-26 11:25:00,capstan,almond hulls,almonds,ti,ppm,210.0,1,pass,,jduong@lbl.gov,xrf
(b3)6387,47.0,,149,76.0,2025-09-26 11:25:00,capstan,almond hulls,almonds,la,ppm,57.0,3,pass,,jduong@lbl.gov,xrf
(b3)6547,47.0,,149,76.0,2025-09-26 11:25:00,capstan,almond hulls,almonds,mn,ppm,53.0,3,pass,,jduong@lbl.gov,xrf
(b3)65d9,47.0,,149,76.0,2025-09-26 11:25:00,capstan,almond hulls,almonds,ca,ppm,3290.0,1,pass,,jduong@lbl.gov,xrf
(b3)6c91,47.0,,149,76.0,2025-09-26 11:25:00,capstan,almond hulls,almonds,rb,ppm,21.0,2,pass,,jduong@lbl.gov,xrf
(b3)7bc6,47.0,,149,76.0,2025-09-26 11:25:00,capstan,almond hulls,almonds,rb,ppm,21.0,1,pass,,jduong@lbl.gov,xrf
(b3)84a6,47.0,,149,76.0,2025-09-26 11:25:00,capstan,almond hulls,almonds,cu,ppm,10.0,3,pass,,jduong@lbl.gov,xrf
(b3)90f2,47.0,,149,76.0,2025-09-26 11:25:00,capstan,almond hulls,almonds,mn,ppm,39.0,2,pass,,jduong@lbl.gov,xrf
(b3)91ea,47.0,,149,76.0,2025-09-26 11:25:00,capstan,almond hulls,almonds,ca,ppm,3470.0,2,pass,,jduong@lbl.gov,xrf
(b3)a334,47.0,,149,76.0,2025-09-26 11:25:00,capstan,almond hulls,almonds,th,ppm,44.0,1,pass,,jduong@lbl.gov,xrf
(b3)a47c,47.0,,149,76.0,2025-09-26 11:25:00,capstan,almond hulls,almonds,p,ppm,1160.0,1,pass,,jduong@lbl.gov,xrf
(b3)a785,47.0,,149,76.0,2025-09-26 11:25:00,capstan,almond hulls,almonds,rb,ppm,20.0,3,pass,,jduong@lbl.gov,xrf
(b3)a7f9,47.0,,149,76.0,2025-09-26 11:25:00,capstan,almond hulls,almonds,k,ppm,31500.0,2,pass,,jduong@lbl.gov,xrf
(b3)ad09,47.0,,149,76.0,2025-09-26 11:25:00,capstan,almond hulls,almonds,u,ppm,15.0,3,pass,,jduong@lbl.gov,xrf
(b3)bac4,47.0,,149,76.0,2025-09-26 11:25:00,capstan,almond hulls,almonds,pr,ppm,102.0,1,pass,,jduong@lbl.gov,xrf
(b3)c2b0,47.0,,149,76.0,2025-09-26 11:25:00,capstan,almond hulls,almonds,u,ppm,13.0,2,pass,,jduong@lbl.gov,xrf
(b3)d2dc,47.0,,149,76.0,2025-09-26 11:25:00,capstan,almond hulls,almonds,la,ppm,54.0,1,pass,,jduong@lbl.gov,xrf
(b3)d35d,47.0,,149,76.0,2025-09-26 11:25:00,capstan,almond hulls,almonds,th,ppm,37.0,3,pass,,jduong@lbl.gov,xrf
(b3)d6be,47.0,,149,76.0,2025-09-26 11:25:00,capstan,almond hulls,almonds,s,ppm,306.0,2,pass,,jduong@lbl.gov,xrf
(b3)ddbc,47.0,,149,76.0,2025-09-26 11:25:00,capstan,almond hulls,almonds,ca,ppm,3550.0,3,pass,,jduong@lbl.gov,xrf
(b3)df55,47.0,,149,76.0,2025-09-26 11:25:00,capstan,almond hulls,almonds,fe,ppm,357.0,1,pass,,jduong@lbl.gov,xrf
(b3)e01a,47.0,,149,76.0,2025-09-26 11:25:00,capstan,almond hulls,almonds,p,ppm,1160.0,2,pass,,jduong@lbl.gov,xrf
(b3)e1f0,47.0,,149,76.0,2025-09-26 11:25:00,capstan,almond hulls,almonds,mn,ppm,36.0,1,pass,,jduong@lbl.gov,xrf
(b3)e59b,47.0,,149,76.0,2025-09-26 11:25:00,capstan,almond hulls,almonds,k,ppm,31700.0,3,pass,,jduong@lbl.gov,xrf
(b3)f043,47.0,,149,76.0,2025-09-26 11:25:00,capstan,almond hulls,almonds,mo,ppm,4.0,2,pass,,jduong@lbl.gov,xrf
(b3)f4a3,47.0,,149,76.0,2025-09-26 11:25:00,capstan,almond hulls,almonds,si,ppm,3620.0,2,pass,,jduong@lbl.gov,xrf
(b3)f4e1,47.0,,149,76.0,2025-09-26 11:25:00,capstan,almond hulls,almonds,sr,ppm,21.0,2,pass,,jduong@lbl.gov,xrf
(b3)f940,47.0,,149,76.0,2025-09-26 11:25:00,capstan,almond hulls,almonds,fe,ppm,401.0,3,pass,,jduong@lbl.gov,xrf
(b3)fb26,47.0,,149,76.0,2025-09-26 11:25:00,capstan,almond hulls,almonds,si,ppm,3660.0,1,pass,,jduong@lbl.gov,xrf
(b3)fda8,47.0,,149,76.0,2025-09-26 11:25:00,capstan,almond hulls,almonds,sr,ppm,21.0,3,pass,,jduong@lbl.gov,xrf
(b3)fe74,47.0,,149,76.0,2025-09-26 11:25:00,capstan,almond hulls,almonds,pr,ppm,110.0,2,pass,,jduong@lbl.gov,xrf
(b3)ff54,47.0,,149,76.0,2025-09-26 11:25:00,capstan,almond hulls,almonds,ti,ppm,173.0,2,pass,,jduong@lbl.gov,xrf
(b5)04e4,46.0,,40,15.0,2024-11-21 13:10:00,vibrant,almond branches,almonds,cr,ppm,0.0,1,provisional,,xkang2@lbl.gov,xrf
(b5)0654,46.0,,40,15.0,2024-11-21 13:10:00,vibrant,almond branches,almonds,mn,ppm,130.0,1,provisional,,xkang2@lbl.gov,xrf
(b5)0aed,46.0,,40,15.0,2024-11-21 13:10:00,vibrant,almond branches,almonds,ba,ppm,0.0,1,provisional,,xkang2@lbl.gov,xrf
(b5)11be,46.0,,40,15.0,2024-11-21 13:10:00,vibrant,almond branches,almonds,k,ppm,3630.0,1,provisional,,xkang2@lbl.gov,xrf
(b5)1277,46.0,,40,15.0,2024-11-21 13:10:00,vibrant,almond branches,almonds,sb,ppm,0.0,1,provisional,,xkang2@lbl.gov,xrf
(b5)15e4,46.0,,40,15.0,2024-11-21 13:10:00,vibrant,almond branches,almonds,pb,ppm,0.0,1,provisional,,xkang2@lbl.gov,xrf
(b5)1f10,46.0,,40,15.0,2024-11-21 13:10:00,vibrant,almond branches,almonds,se,ppm,0.0,1,provisional,,xkang2@lbl.gov,xrf
(b5)23e1,46.0,,40,15.0,2024-11-21 13:10:00,vibrant,almond branches,almonds,zr,ppm,0.0,1,provisional,,xkang2@lbl.gov,xrf
(b5)3118,46.0,,40,15.0,2024-11-21 13:10:00,vibrant,almond branches,almonds,nd,ppm,0.0,1,provisional,,xkang2@lbl.gov,xrf
(b5)33d6,46.0,,40,15.0,2024-11-21 13:10:00,vibrant,almond branches,almonds,si,ppm,15300.0,1,provisional,,xkang2@lbl.gov,xrf
(b5)3c39,46.0,,40,15.0,2024-11-21 13:10:00,vibrant,almond branches,almonds,ti,ppm,451.0,1,provisional,,xkang2@lbl.gov,xrf
(b5)5294,46.0,,40,15.0,2024-11-21 13:10:00,vibrant,almond branches,almonds,pr,ppm,46.0,1,provisional,,xkang2@lbl.gov,xrf
(b5)5484,46.0,,40,15.0,2024-11-21 13:10:00,vibrant,almond branches,almonds,mo,ppm,9.0,1,provisional,,xkang2@lbl.gov,xrf
(b5)561e,46.0,,40,15.0,2024-11-21 13:10:00,vibrant,almond branches,almonds,u,ppm,23.0,1,provisional,,xkang2@lbl.gov,xrf
(b5)57ab,46.0,,40,15.0,2024-11-21 13:10:00,vibrant,almond branches,almonds,s,ppm,767.0,1,provisional,,xkang2@lbl.gov,xrf
(b5)7051,46.0,,40,15.0,2024-11-21 13:10:00,vibrant,almond branches,almonds,p,ppm,808.0,1,provisional,,xkang2@lbl.gov,xrf
(b5)72a9,46.0,,40,15.0,2024-11-21 13:10:00,vibrant,almond branches,almonds,la,ppm,26.0,1,provisional,,xkang2@lbl.gov,xrf
(b5)79c1,46.0,,40,15.0,2024-11-21 13:10:00,vibrant,almond branches,almonds,fe,ppm,1030.0,1,provisional,,xkang2@lbl.gov,xrf
(b5)87f9,46.0,,40,15.0,2024-11-21 13:10:00,vibrant,almond branches,almonds,sr,ppm,91.0,1,provisional,,xkang2@lbl.gov,xrf
(b5)9018,46.0,,40,15.0,2024-11-21 13:10:00,vibrant,almond branches,almonds,cu,ppm,65.0,1,provisional,,xkang2@lbl.gov,xrf
(b5)9832,46.0,,40,15.0,2024-11-21 13:10:00,vibrant,almond branches,almonds,rb,ppm,0.0,1,provisional,,xkang2@lbl.gov,xrf
(b5)9dc6,46.0,,40,15.0,2024-11-21 13:10:00,vibrant,almond branches,almonds,ce,ppm,0.0,1,provisional,,xkang2@lbl.gov,xrf
(b5)a05e,46.0,,40,15.0,2024-11-21 13:10:00,vibrant,almond branches,almonds,al,ppm,5220.0,1,provisional,,xkang2@lbl.gov,xrf
(b5)a395,46.0,,40,15.0,2024-11-21 13:10:00,vibrant,almond branches,almonds,ni,ppm,0.0,1,provisional,,xkang2@lbl.gov,xrf
(b5)a427,46.0,,40,15.0,2024-11-21 13:10:00,vibrant,almond branches,almonds,mg,ppm,0.0,1,provisional,,xkang2@lbl.gov,xrf
(b5)afa1,46.0,,40,15.0,2024-11-21 13:10:00,vibrant,almond branches,almonds,ag,ppm,0.0,1,provisional,,xkang2@lbl.gov,xrf
(b5)c02f,46.0,,40,15.0,2024-11-21 13:10:00,vibrant,almond branches,almonds,y,ppm,0.0,1,provisional,,xkang2@lbl.gov,xrf
(b5)ce7d,46.0,,40,15.0,2024-11-21 13:10:00,vibrant,almond branches,almonds,co,ppm,0.0,1,provisional,,xkang2@lbl.gov,xrf
(b5)cfc0,46.0,,40,15.0,2024-11-21 13:10:00,vibrant,almond branches,almonds,v,ppm,0.0,1,provisional,,xkang2@lbl.gov,xrf
(b5)d2b3,46.0,,40,15.0,2024-11-21 13:10:00,vibrant,almond branches,almonds,zn,ppm,56.0,1,provisional,,xkang2@lbl.gov,xrf
(b5)d665,46.0,,40,15.0,2024-11-21 13:10:00,vibrant,almond branches,almonds,sn,ppm,0.0,1,provisional,,xkang2@lbl.gov,xrf
(b5)dbf8,46.0,,40,15.0,2024-11-21 13:10:00,vibrant,almond branches,almonds,th,ppm,66.0,1,provisional,,xkang2@lbl.gov,xrf
(b5)e102,46.0,,40,15.0,2024-11-21 13:10:00,vibrant,almond branches,almonds,as,ppm,0.0,1,provisional,,xkang2@lbl.gov,xrf
(b5)e902,46.0,,40,15.0,2024-11-21 13:10:00,vibrant,almond branches,almonds,hg,ppm,0.0,1,provisional,,xkang2@lbl.gov,xrf
(b5)eb3c,46.0,,40,15.0,2024-11-21 13:10:00,vibrant,almond branches,almonds,nb,ppm,0.0,1,provisional,,xkang2@lbl.gov,xrf
(b5)f7e9,46.0,,40,15.0,2024-11-21 13:10:00,vibrant,almond branches,almonds,cd,ppm,0.0,1,provisional,,xkang2@lbl.gov,xrf
(b5)fe59,46.0,,40,15.0,2024-11-21 13:10:00,vibrant,almond branches,almonds,bi,ppm,0.0,1,provisional,,xkang2@lbl.gov,xrf
(b5)fec1,46.0,,40,15.0,2024-11-21 13:10:00,vibrant,almond branches,almonds,ca,ppm,9940.0,1,provisional,,xkang2@lbl.gov,xrf
(b5)ffcd,46.0,,40,15.0,2024-11-21 13:10:00,vibrant,almond branches,almonds,w,ppm,0.0,1,provisional,,xkang2@lbl.gov,xrf
(b7)0cb2,47.0,,154,77.0,2025-09-26 11:30:00,capstan,almond hulls,almonds,si,ppm,2200.0,3,pass,,jduong@lbl.gov,xrf
(b7)0fed,47.0,,154,77.0,2025-09-26 11:30:00,capstan,almond hulls,almonds,zn,ppm,15.0,1,pass,,jduong@lbl.gov,xrf
(b7)1333,47.0,,154,77.0,2025-09-26 11:30:00,capstan,almond hulls,almonds,fe,ppm,225.0,1,pass,,jduong@lbl.gov,xrf
(b7)1cd7,47.0,,154,77.0,2025-09-26 11:30:00,capstan,almond hulls,almonds,cu,ppm,13.0,1,pass,,jduong@lbl.gov,xrf
(b7)2362,47.0,,154,77.0,2025-09-26 11:30:00,capstan,almond hulls,almonds,ca,ppm,2660.0,3,pass,,jduong@lbl.gov,xrf
(b7)2a0d,47.0,,154,77.0,2025-09-26 11:30:00,capstan,almond hulls,almonds,p,ppm,907.0,2,pass,,jduong@lbl.gov,xrf
(b7)2c0b,47.0,,154,77.0,2025-09-26 11:30:00,capstan,almond hulls,almonds,s,ppm,250.0,2,pass,,jduong@lbl.gov,xrf
(b7)30f5,47.0,,154,77.0,2025-09-26 11:30:00,capstan,almond hulls,almonds,mn,ppm,33.0,1,pass,,jduong@lbl.gov,xrf
(b7)35ae,47.0,,154,77.0,2025-09-26 11:30:00,capstan,almond hulls,almonds,mo,ppm,4.0,1,pass,,jduong@lbl.gov,xrf
(b7)37fe,47.0,,154,77.0,2025-09-26 11:30:00,capstan,almond hulls,almonds,th,ppm,42.0,2,pass,,jduong@lbl.gov,xrf
(b7)479c,47.0,,154,77.0,2025-09-26 11:30:00,capstan,almond hulls,almonds,fe,ppm,239.0,3,pass,,jduong@lbl.gov,xrf
(b7)4cd4,47.0,,154,77.0,2025-09-26 11:30:00,capstan,almond hulls,almonds,rb,ppm,24.0,3,pass,,jduong@lbl.gov,xrf
(b7)4e5c,47.0,,154,77.0,2025-09-26 11:30:00,capstan,almond hulls,almonds,p,ppm,907.0,1,pass,,jduong@lbl.gov,xrf
(b7)58c0,47.0,,154,77.0,2025-09-26 11:30:00,capstan,almond hulls,almonds,u,ppm,15.0,3,pass,,jduong@lbl.gov,xrf
(b7)6342,47.0,,154,77.0,2025-09-26 11:30:00,capstan,almond hulls,almonds,mn,ppm,36.0,3,pass,,jduong@lbl.gov,xrf
(b7)6aa0,47.0,,154,77.0,2025-09-26 11:30:00,capstan,almond hulls,almonds,sr,ppm,13.0,2,pass,,jduong@lbl.gov,xrf
(b7)7a43,47.0,,154,77.0,2025-09-26 11:30:00,capstan,almond hulls,almonds,ca,ppm,2780.0,1,pass,,jduong@lbl.gov,xrf
(b7)81fe,47.0,,154,77.0,2025-09-26 11:30:00,capstan,almond hulls,almonds,zn,ppm,16.0,2,pass,,jduong@lbl.gov,xrf
(b7)8304,47.0,,154,77.0,2025-09-26 11:30:00,capstan,almond hulls,almonds,cu,ppm,11.0,2,pass,,jduong@lbl.gov,xrf
(b7)8674,47.0,,154,77.0,2025-09-26 11:30:00,capstan,almond hulls,almonds,mn,ppm,32.0,2,pass,,jduong@lbl.gov,xrf
(b7)86a3,47.0,,154,77.0,2025-09-26 11:30:00,capstan,almond hulls,almonds,cu,ppm,16.0,3,pass,,jduong@lbl.gov,xrf
(b7)8fcb,47.0,,154,77.0,2025-09-26 11:30:00,capstan,almond hulls,almonds,ca,ppm,2710.0,2,pass,,jduong@lbl.gov,xrf
(b7)9b02,47.0,,154,77.0,2025-09-26 11:30:00,capstan,almond hulls,almonds,mo,ppm,5.0,2,pass,,jduong@lbl.gov,xrf
(b7)9cae,47.0,,154,77.0,2025-09-26 11:30:00,capstan,almond hulls,almonds,u,ppm,13.0,2,pass,,jduong@lbl.gov,xrf
(b7)9f1b,47.0,,154,77.0,2025-09-26 11:30:00,capstan,almond hulls,almonds,ba,ppm,23.0,2,pass,,jduong@lbl.gov,xrf
(b7)a876,47.0,,154,77.0,2025-09-26 11:30:00,capstan,almond hulls,almonds,sr,ppm,12.0,3,pass,,jduong@lbl.gov,xrf
(b7)ad04,47.0,,154,77.0,2025-09-26 11:30:00,capstan,almond hulls,almonds,s,ppm,227.0,1,pass,,jduong@lbl.gov,xrf
(b7)ad58,47.0,,154,77.0,2025-09-26 11:30:00,capstan,almond hulls,almonds,k,ppm,28700.0,1,pass,,jduong@lbl.gov,xrf
(b7)b12a,47.0,,154,77.0,2025-09-26 11:30:00,capstan,almond hulls,almonds,ba,ppm,24.0,3,pass,,jduong@lbl.gov,xrf
(b7)bb50,47.0,,154,77.0,2025-09-26 11:30:00,capstan,almond hulls,almonds,k,ppm,28700.0,3,pass,,jduong@lbl.gov,xrf
(b7)bc80,47.0,,154,77.0,2025-09-26 11:30:00,capstan,almond hulls,almonds,fe,ppm,228.0,2,pass,,jduong@lbl.gov,xrf
(b7)c595,47.0,,154,77.0,2025-09-26 11:30:00,capstan,almond hulls,almonds,rb,ppm,25.0,2,pass,,jduong@lbl.gov,xrf
(b7)c84c,47.0,,154,77.0,2025-09-26 11:30:00,capstan,almond hulls,almonds,s,ppm,221.0,3,pass,,jduong@lbl.gov,xrf
(b7)cf35,47.0,,154,77.0,2025-09-26 11:30:00,capstan,almond hulls,almonds,u,ppm,14.0,1,pass,,jduong@lbl.gov,xrf
(b7)d340,47.0,,154,77.0,2025-09-26 11:30:00,capstan,almond hulls,almonds,si,ppm,2160.0,1,pass,,jduong@lbl.gov,xrf
(b7)e3c3,47.0,,154,77.0,2025-09-26 11:30:00,capstan,almond hulls,almonds,si,ppm,2200.0,2,pass,,jduong@lbl.gov,xrf
(b7)e433,47.0,,154,77.0,2025-09-26 11:30:00,capstan,almond hulls,almonds,th,ppm,47.0,3,pass,,jduong@lbl.gov,xrf
(b7)e808,47.0,,154,77.0,2025-09-26 11:30:00,capstan,almond hulls,almonds,sr,ppm,14.0,1,pass,,jduong@lbl.gov,xrf
(b7)e81c,47.0,,154,77.0,2025-09-26 11:30:00,capstan,almond hulls,almonds,p,ppm,954.0,3,pass,,jduong@lbl.gov,xrf
(b7)ea76,47.0,,154,77.0,2025-09-26 11:30:00,capstan,almond hulls,almonds,k,ppm,28600.0,2,pass,,jduong@lbl.gov,xrf
(b7)ece7,47.0,,154,77.0,2025-09-26 11:30:00,capstan,almond hulls,almonds,rb,ppm,24.0,1,pass,,jduong@lbl.gov,xrf
(b7)f93c,47.0,,154,77.0,2025-09-26 11:30:00,capstan,almond hulls,almonds,th,ppm,41.0,1,pass,,jduong@lbl.gov,xrf
(b7)fb82,47.0,,154,77.0,2025-09-26 11:30:00,capstan,almond hulls,almonds,zn,ppm,14.0,3,pass,,jduong@lbl.gov,xrf
(b8)007a,47.0,,79,37.0,2025-06-30 12:30:00,possessive,alfalfa,hay - alfalfa,fe,ppm,357.0,3,pass,,jduong@lbl.gov,xrf
(b8)0440,47.0,,79,37.0,2025-06-30 12:30:00,possessive,alfalfa,hay - alfalfa,si,ppm,3450.0,2,pass,,jduong@lbl.gov,xrf
(b8)06c3,47.0,,79,37.0,2025-06-30 12:30:00,possessive,alfalfa,hay - alfalfa,rb,ppm,54.0,1,pass,,jduong@lbl.gov,xrf
(b8)0988,47.0,,79,37.0,2025-06-30 12:30:00,possessive,alfalfa,hay - alfalfa,th,ppm,64.0,3,pass,,jduong@lbl.gov,xrf
(b8)0a91,47.0,,79,37.0,2025-06-30 12:30:00,possessive,alfalfa,hay - alfalfa,zn,ppm,47.0,2,pass,,jduong@lbl.gov,xrf
(b8)0ebf,47.0,,79,37.0,2025-06-30 12:30:00,possessive,alfalfa,hay - alfalfa,rb,ppm,55.0,3,pass,,jduong@lbl.gov,xrf
(b8)1248,47.0,,79,37.0,2025-06-30 12:30:00,possessive,alfalfa,hay - alfalfa,s,ppm,4660.0,2,pass,,jduong@lbl.gov,xrf
(b8)19d4,47.0,,79,37.0,2025-06-30 12:30:00,possessive,alfalfa,hay - alfalfa,s,ppm,4630.0,3,pass,,jduong@lbl.gov,xrf
(b8)1fae,47.0,,79,37.0,2025-06-30 12:30:00,possessive,alfalfa,hay - alfalfa,ba,ppm,24.0,2,pass,,jduong@lbl.gov,xrf
(b8)2dc2,47.0,,79,37.0,2025-06-30 12:30:00,possessive,alfalfa,hay - alfalfa,cu,ppm,28.0,1,pass,,jduong@lbl.gov,xrf
(b8)350e,47.0,,79,37.0,2025-06-30 12:30:00,possessive,alfalfa,hay - alfalfa,mo,ppm,8.0,1,pass,,jduong@lbl.gov,xrf
(b8)3c73,47.0,,79,37.0,2025-06-30 12:30:00,possessive,alfalfa,hay - alfalfa,mo,ppm,6.0,3,pass,,jduong@lbl.gov,xrf
(b8)3eb9,47.0,,79,37.0,2025-06-30 12:30:00,possessive,alfalfa,hay - alfalfa,k,ppm,12800.0,2,pass,,jduong@lbl.gov,xrf
(b8)3ec9,47.0,,79,37.0,2025-06-30 12:30:00,possessive,alfalfa,hay - alfalfa,u,ppm,22.0,2,pass,,jduong@lbl.gov,xrf
(b8)40b7,47.0,,79,37.0,2025-06-30 12:30:00,possessive,alfalfa,hay - alfalfa,ti,ppm,238.0,2,pass,,jduong@lbl.gov,xrf
(b8)4742,47.0,,79,37.0,2025-06-30 12:30:00,possessive,alfalfa,hay - alfalfa,u,ppm,23.0,3,pass,,jduong@lbl.gov,xrf
(b8)4955,47.0,,79,37.0,2025-06-30 12:30:00,possessive,alfalfa,hay - alfalfa,p,ppm,3450.0,3,pass,,jduong@lbl.gov,xrf
(b8)560e,47.0,,79,37.0,2025-06-30 12:30:00,possessive,alfalfa,hay - alfalfa,ti,ppm,250.0,1,pass,,jduong@lbl.gov,xrf
(b8)5862,47.0,,79,37.0,2025-06-30 12:30:00,possessive,alfalfa,hay - alfalfa,mg,ppm,9330.0,1,pass,,jduong@lbl.gov,xrf
(b8)5bad,47.0,,79,37.0,2025-06-30 12:30:00,possessive,alfalfa,hay - alfalfa,th,ppm,61.0,2,pass,,jduong@lbl.gov,xrf
(b8)5cbc,47.0,,79,37.0,2025-06-30 12:30:00,possessive,alfalfa,hay - alfalfa,zn,ppm,45.0,3,pass,,jduong@lbl.gov,xrf
(b8)5ea6,47.0,,79,37.0,2025-06-30 12:30:00,possessive,alfalfa,hay - alfalfa,k,ppm,12800.0,1,pass,,jduong@lbl.gov,xrf
(b8)606a,47.0,,79,37.0,2025-06-30 12:30:00,possessive,alfalfa,hay - alfalfa,mg,ppm,12200.0,2,pass,,jduong@lbl.gov,xrf
(b8)62d8,47.0,,79,37.0,2025-06-30 12:30:00,possessive,alfalfa,hay - alfalfa,al,ppm,1220.0,3,pass,,jduong@lbl.gov,xrf
(b8)6c14,47.0,,79,37.0,2025-06-30 12:30:00,possessive,alfalfa,hay - alfalfa,k,ppm,12700.0,3,pass,,jduong@lbl.gov,xrf
(b8)71e0,47.0,,79,37.0,2025-06-30 12:30:00,possessive,alfalfa,hay - alfalfa,sr,ppm,122.0,2,pass,,jduong@lbl.gov,xrf
(b8)7489,47.0,,79,37.0,2025-06-30 12:30:00,possessive,alfalfa,hay - alfalfa,ba,ppm,19.0,3,pass,,jduong@lbl.gov,xrf
(b8)7790,47.0,,79,37.0,2025-06-30 12:30:00,possessive,alfalfa,hay - alfalfa,fe,ppm,376.0,1,pass,,jduong@lbl.gov,xrf
(b8)7fa1,47.0,,79,37.0,2025-06-30 12:30:00,possessive,alfalfa,hay - alfalfa,fe,ppm,397.0,2,pass,,jduong@lbl.gov,xrf
(b8)8129,47.0,,79,37.0,2025-06-30 12:30:00,possessive,alfalfa,hay - alfalfa,pb,ppm,5.0,2,pass,,jduong@lbl.gov,xrf
(b8)8b97,47.0,,79,37.0,2025-06-30 12:30:00,possessive,alfalfa,hay - alfalfa,ca,ppm,24700.0,3,pass,,jduong@lbl.gov,xrf
(b8)9254,47.0,,79,37.0,2025-06-30 12:30:00,possessive,alfalfa,hay - alfalfa,al,ppm,1320.0,1,pass,,jduong@lbl.gov,xrf
(b8)94d2,47.0,,79,37.0,2025-06-30 12:30:00,possessive,alfalfa,hay - alfalfa,pb,ppm,8.0,1,pass,,jduong@lbl.gov,xrf
(b8)9ba3,47.0,,79,37.0,2025-06-30 12:30:00,possessive,alfalfa,hay - alfalfa,rb,ppm,55.0,2,pass,,jduong@lbl.gov,xrf
(b8)9d48,47.0,,79,37.0,2025-06-30 12:30:00,possessive,alfalfa,hay - alfalfa,th,ppm,70.0,1,pass,,jduong@lbl.gov,xrf
(b8)9ee9,47.0,,79,37.0,2025-06-30 12:30:00,possessive,alfalfa,hay - alfalfa,si,ppm,4110.0,1,pass,,jduong@lbl.gov,xrf
(b8)a1e8,47.0,,79,37.0,2025-06-30 12:30:00,possessive,alfalfa,hay - alfalfa,cu,ppm,27.0,3,pass,,jduong@lbl.gov,xrf
(b8)acd9,47.0,,79,37.0,2025-06-30 12:30:00,possessive,alfalfa,hay - alfalfa,ca,ppm,24000.0,1,pass,,jduong@lbl.gov,xrf
(b8)b127,47.0,,79,37.0,2025-06-30 12:30:00,possessive,alfalfa,hay - alfalfa,ca,ppm,25100.0,2,pass,,jduong@lbl.gov,xrf
(b8)b2bf,47.0,,79,37.0,2025-06-30 12:30:00,possessive,alfalfa,hay - alfalfa,mg,ppm,12800.0,3,pass,,jduong@lbl.gov,xrf
(b8)b3df,47.0,,79,37.0,2025-06-30 12:30:00,possessive,alfalfa,hay - alfalfa,zn,ppm,45.0,1,pass,,jduong@lbl.gov,xrf
(b8)b5d1,47.0,,79,37.0,2025-06-30 12:30:00,possessive,alfalfa,hay - alfalfa,pb,ppm,5.0,3,pass,,jduong@lbl.gov,xrf
(b8)b956,47.0,,79,37.0,2025-06-30 12:30:00,possessive,alfalfa,hay - alfalfa,cu,ppm,22.0,2,pass,,jduong@lbl.gov,xrf
(b8)c11e,47.0,,79,37.0,2025-06-30 12:30:00,possessive,alfalfa,hay - alfalfa,ba,ppm,27.0,1,pass,,jduong@lbl.gov,xrf
(b8)c86b,47.0,,79,37.0,2025-06-30 12:30:00,possessive,alfalfa,hay - alfalfa,sr,ppm,117.0,1,pass,,jduong@lbl.gov,xrf
(b8)c943,47.0,,79,37.0,2025-06-30 12:30:00,possessive,alfalfa,hay - alfalfa,p,ppm,3200.0,1,pass,,jduong@lbl.gov,xrf
(b8)caa4,47.0,,79,37.0,2025-06-30 12:30:00,possessive,alfalfa,hay - alfalfa,p,ppm,3560.0,2,pass,,jduong@lbl.gov,xrf
(b8)cfcd,47.0,,79,37.0,2025-06-30 12:30:00,possessive,alfalfa,hay - alfalfa,la,ppm,35.0,2,pass,,jduong@lbl.gov,xrf
(b8)d196,47.0,,79,37.0,2025-06-30 12:30:00,possessive,alfalfa,hay - alfalfa,s,ppm,4290.0,1,pass,,jduong@lbl.gov,xrf
(b8)deb4,47.0,,79,37.0,2025-06-30 12:30:00,possessive,alfalfa,hay - alfalfa,mn,ppm,60.0,3,pass,,jduong@lbl.gov,xrf
(b8)dff0,47.0,,79,37.0,2025-06-30 12:30:00,possessive,alfalfa,hay - alfalfa,al,ppm,1560.0,2,pass,,jduong@lbl.gov,xrf
(b8)e0c0,47.0,,79,37.0,2025-06-30 12:30:00,possessive,alfalfa,hay - alfalfa,u,ppm,23.0,1,pass,,jduong@lbl.gov,xrf
(b8)e5e9,47.0,,79,37.0,2025-06-30 12:30:00,possessive,alfalfa,hay - alfalfa,si,ppm,3410.0,3,pass,,jduong@lbl.gov,xrf
(b8)f400,47.0,,79,37.0,2025-06-30 12:30:00,possessive,alfalfa,hay - alfalfa,la,ppm,39.0,1,pass,,jduong@lbl.gov,xrf
(b8)f752,47.0,,79,37.0,2025-06-30 12:30:00,possessive,alfalfa,hay - alfalfa,mn,ppm,92.0,2,pass,,jduong@lbl.gov,xrf
(b8)f769,47.0,,79,37.0,2025-06-30 12:30:00,possessive,alfalfa,hay - alfalfa,mn,ppm,78.0,1,pass,,jduong@lbl.gov,xrf
(b8)fe91,47.0,,79,37.0,2025-06-30 12:30:00,possessive,alfalfa,hay - alfalfa,sr,ppm,120.0,3,pass,,jduong@lbl.gov,xrf
(ba)0081,47.0,,164,92.0,2025-11-04 17:22:00,excellent,olive pomace,olives - processing,k,ppm,35600.0,2,pass,,jduong@lbl.gov,xrf
(ba)0261,47.0,,164,92.0,2025-11-04 17:22:00,excellent,olive pomace,olives - processing,s,ppm,1850.0,2,pass,,jduong@lbl.gov,xrf
(ba)08d2,47.0,,164,92.0,2025-11-04 17:22:00,excellent,olive pomace,olives - processing,zn,ppm,31.0,1,pass,,jduong@lbl.gov,xrf
(ba)08dc,47.0,,164,92.0,2025-11-04 17:22:00,excellent,olive pomace,olives - processing,fe,ppm,348.0,3,pass,,jduong@lbl.gov,xrf
(ba)1832,47.0,,164,92.0,2025-11-04 17:22:00,excellent,olive pomace,olives - processing,ca,ppm,2980.0,1,pass,,jduong@lbl.gov,xrf
(ba)200e,47.0,,164,92.0,2025-11-04 17:22:00,excellent,olive pomace,olives - processing,cu,ppm,36.0,3,pass,,jduong@lbl.gov,xrf
(ba)2010,47.0,,164,92.0,2025-11-04 17:22:00,excellent,olive pomace,olives - processing,k,ppm,35700.0,3,pass,,jduong@lbl.gov,xrf
(ba)272e,47.0,,164,92.0,2025-11-04 17:22:00,excellent,olive pomace,olives - processing,mn,ppm,29.0,3,pass,,jduong@lbl.gov,xrf
(ba)2d78,47.0,,164,92.0,2025-11-04 17:22:00,excellent,olive pomace,olives - processing,u,ppm,11.0,3,pass,,jduong@lbl.gov,xrf
(ba)2f0b,47.0,,164,92.0,2025-11-04 17:22:00,excellent,olive pomace,olives - processing,th,ppm,26.0,1,pass,,jduong@lbl.gov,xrf
(ba)3796,47.0,,164,92.0,2025-11-04 17:22:00,excellent,olive pomace,olives - processing,zn,ppm,33.0,3,pass,,jduong@lbl.gov,xrf
(ba)37b0,47.0,,164,92.0,2025-11-04 17:22:00,excellent,olive pomace,olives - processing,fe,ppm,349.0,2,pass,,jduong@lbl.gov,xrf
(ba)3dc6,47.0,,164,92.0,2025-11-04 17:22:00,excellent,olive pomace,olives - processing,mn,ppm,47.0,1,pass,,jduong@lbl.gov,xrf
(ba)418b,47.0,,164,92.0,2025-11-04 17:22:00,excellent,olive pomace,olives - processing,th,ppm,33.0,2,pass,,jduong@lbl.gov,xrf
(ba)440c,47.0,,164,92.0,2025-11-04 17:22:00,excellent,olive pomace,olives - processing,sr,ppm,15.0,1,pass,,jduong@lbl.gov,xrf
(ba)607e,47.0,,164,92.0,2025-11-04 17:22:00,excellent,olive pomace,olives - processing,pr,ppm,82.0,1,pass,,jduong@lbl.gov,xrf
(ba)7703,47.0,,164,92.0,2025-11-04 17:22:00,excellent,olive pomace,olives - processing,mg,ppm,5660.0,2,pass,,jduong@lbl.gov,xrf
(ba)7b5d,47.0,,164,92.0,2025-11-04 17:22:00,excellent,olive pomace,olives - processing,p,ppm,3200.0,3,pass,,jduong@lbl.gov,xrf
(ba)7ee4,47.0,,164,92.0,2025-11-04 17:22:00,excellent,olive pomace,olives - processing,th,ppm,30.0,3,pass,,jduong@lbl.gov,xrf
(ba)7eea,47.0,,164,92.0,2025-11-04 17:22:00,excellent,olive pomace,olives - processing,fe,ppm,358.0,1,pass,,jduong@lbl.gov,xrf
(ba)8565,47.0,,164,92.0,2025-11-04 17:22:00,excellent,olive pomace,olives - processing,mn,ppm,39.0,2,pass,,jduong@lbl.gov,xrf
(ba)8c78,47.0,,164,92.0,2025-11-04 17:22:00,excellent,olive pomace,olives - processing,sr,ppm,15.0,2,pass,,jduong@lbl.gov,xrf
(ba)8d27,47.0,,164,92.0,2025-11-04 17:22:00,excellent,olive pomace,olives - processing,si,ppm,7140.0,1,pass,,jduong@lbl.gov,xrf
(ba)9088,47.0,,164,92.0,2025-11-04 17:22:00,excellent,olive pomace,olives - processing,p,ppm,3120.0,1,pass,,jduong@lbl.gov,xrf
(ba)94a3,47.0,,164,92.0,2025-11-04 17:22:00,excellent,olive pomace,olives - processing,rb,ppm,38.0,2,pass,,jduong@lbl.gov,xrf
(ba)9588,47.0,,164,92.0,2025-11-04 17:22:00,excellent,olive pomace,olives - processing,mg,ppm,10800.0,3,pass,,jduong@lbl.gov,xrf
(ba)986c,47.0,,164,92.0,2025-11-04 17:22:00,excellent,olive pomace,olives - processing,cu,ppm,36.0,1,pass,,jduong@lbl.gov,xrf
(ba)a279,47.0,,164,92.0,2025-11-04 17:22:00,excellent,olive pomace,olives - processing,rb,ppm,39.0,1,pass,,jduong@lbl.gov,xrf
(ba)a48c,47.0,,164,92.0,2025-11-04 17:22:00,excellent,olive pomace,olives - processing,u,ppm,10.0,1,pass,,jduong@lbl.gov,xrf
(ba)a7dd,47.0,,164,92.0,2025-11-04 17:22:00,excellent,olive pomace,olives - processing,ca,ppm,2940.0,2,pass,,jduong@lbl.gov,xrf
(ba)abb8,47.0,,164,92.0,2025-11-04 17:22:00,excellent,olive pomace,olives - processing,k,ppm,35800.0,1,pass,,jduong@lbl.gov,xrf
(ba)ade5,47.0,,164,92.0,2025-11-04 17:22:00,excellent,olive pomace,olives - processing,rb,ppm,38.0,3,pass,,jduong@lbl.gov,xrf
(ba)b832,47.0,,164,92.0,2025-11-04 17:22:00,excellent,olive pomace,olives - processing,sr,ppm,14.0,3,pass,,jduong@lbl.gov,xrf
(ba)b95d,47.0,,164,92.0,2025-11-04 17:22:00,excellent,olive pomace,olives - processing,si,ppm,7110.0,2,pass,,jduong@lbl.gov,xrf
(ba)b9e1,47.0,,164,92.0,2025-11-04 17:22:00,excellent,olive pomace,olives - processing,p,ppm,3180.0,2,pass,,jduong@lbl.gov,xrf
(ba)c244,47.0,,164,92.0,2025-11-04 17:22:00,excellent,olive pomace,olives - processing,mg,ppm,7820.0,1,pass,,jduong@lbl.gov,xrf
(ba)c2d2,47.0,,164,92.0,2025-11-04 17:22:00,excellent,olive pomace,olives - processing,u,ppm,10.0,2,pass,,jduong@lbl.gov,xrf
(ba)d0cb,47.0,,164,92.0,2025-11-04 17:22:00,excellent,olive pomace,olives - processing,cu,ppm,35.0,2,pass,,jduong@lbl.gov,xrf
(ba)d0df,47.0,,164,92.0,2025-11-04 17:22:00,excellent,olive pomace,olives - processing,ca,ppm,2960.0,3,pass,,jduong@lbl.gov,xrf
(ba)d20c,47.0,,164,92.0,2025-11-04 17:22:00,excellent,olive pomace,olives - processing,s,ppm,1830.0,3,pass,,jduong@lbl.gov,xrf
(ba)d2ed,47.0,,164,92.0,2025-11-04 17:22:00,excellent,olive pomace,olives - processing,pr,ppm,117.0,3,pass,,jduong@lbl.gov,xrf
(ba)e714,47.0,,164,92.0,2025-11-04 17:22:00,excellent,olive pomace,olives - processing,s,ppm,1850.0,1,pass,,jduong@lbl.gov,xrf
(ba)eb0a,47.0,,164,92.0,2025-11-04 17:22:00,excellent,olive pomace,olives - processing,si,ppm,7110.0,3,pass,,jduong@lbl.gov,xrf
(ba)eb4f,47.0,,164,92.0,2025-11-04 17:22:00,excellent,olive pomace,olives - processing,ce,ppm,82.0,3,pass,,jduong@lbl.gov,xrf
(ba)f494,47.0,,164,92.0,2025-11-04 17:22:00,excellent,olive pomace,olives - processing,ce,ppm,53.0,1,pass,,jduong@lbl.gov,xrf
(ba)fc66,47.0,,164,92.0,2025-11-04 17:22:00,excellent,olive pomace,olives - processing,zn,ppm,30.0,2,pass,,jduong@lbl.gov,xrf
(bc)08ae,47.0,,124,59.0,2025-08-27 12:35:00,rigging,spent oak chips,grapes,k,ppm,11400.0,3,pass,,jduong@lbl.gov,xrf
(bc)19cb,47.0,,124,59.0,2025-08-27 12:35:00,rigging,spent oak chips,grapes,s,ppm,2260.0,2,pass,,jduong@lbl.gov,xrf
(bc)1c20,47.0,,124,59.0,2025-08-27 12:35:00,rigging,spent oak chips,grapes,mn,ppm,53.0,2,pass,,jduong@lbl.gov,xrf
(bc)246b,47.0,,124,59.0,2025-08-27 12:35:00,rigging,spent oak chips,grapes,pb,ppm,3.0,2,pass,,jduong@lbl.gov,xrf
(bc)262e,47.0,,124,59.0,2025-08-27 12:35:00,rigging,spent oak chips,grapes,ba,ppm,21.0,3,pass,,jduong@lbl.gov,xrf
(bc)2dd6,47.0,,124,59.0,2025-08-27 12:35:00,rigging,spent oak chips,grapes,la,ppm,31.0,3,pass,,jduong@lbl.gov,xrf
(bc)2e19,47.0,,124,59.0,2025-08-27 12:35:00,rigging,spent oak chips,grapes,la,ppm,39.0,1,pass,,jduong@lbl.gov,xrf
(bc)40ae,47.0,,124,59.0,2025-08-27 12:35:00,rigging,spent oak chips,grapes,s,ppm,2300.0,3,pass,,jduong@lbl.gov,xrf
(bc)45a2,47.0,,124,59.0,2025-08-27 12:35:00,rigging,spent oak chips,grapes,si,ppm,459.0,2,pass,,jduong@lbl.gov,xrf
(bc)4833,47.0,,124,59.0,2025-08-27 12:35:00,rigging,spent oak chips,grapes,u,ppm,20.0,1,pass,,jduong@lbl.gov,xrf
(bc)4aba,47.0,,124,59.0,2025-08-27 12:35:00,rigging,spent oak chips,grapes,th,ppm,72.0,3,pass,,jduong@lbl.gov,xrf
(bc)4f9d,47.0,,124,59.0,2025-08-27 12:35:00,rigging,spent oak chips,grapes,si,ppm,548.0,3,pass,,jduong@lbl.gov,xrf
(bc)4fa7,47.0,,124,59.0,2025-08-27 12:35:00,rigging,spent oak chips,grapes,ba,ppm,17.0,1,pass,,jduong@lbl.gov,xrf
(bc)554b,47.0,,124,59.0,2025-08-27 12:35:00,rigging,spent oak chips,grapes,th,ppm,65.0,2,pass,,jduong@lbl.gov,xrf
(bc)5d08,47.0,,124,59.0,2025-08-27 12:35:00,rigging,spent oak chips,grapes,s,ppm,2340.0,1,pass,,jduong@lbl.gov,xrf
(bc)5f09,47.0,,124,59.0,2025-08-27 12:35:00,rigging,spent oak chips,grapes,ca,ppm,920.0,1,pass,,jduong@lbl.gov,xrf
(bc)614a,47.0,,124,59.0,2025-08-27 12:35:00,rigging,spent oak chips,grapes,mn,ppm,39.0,1,pass,,jduong@lbl.gov,xrf
(bc)643a,47.0,,124,59.0,2025-08-27 12:35:00,rigging,spent oak chips,grapes,ba,ppm,22.0,2,pass,,jduong@lbl.gov,xrf
(bc)6562,47.0,,124,59.0,2025-08-27 12:35:00,rigging,spent oak chips,grapes,k,ppm,11200.0,1,pass,,jduong@lbl.gov,xrf
(bc)6dfc,47.0,,124,59.0,2025-08-27 12:35:00,rigging,spent oak chips,grapes,u,ppm,22.0,2,pass,,jduong@lbl.gov,xrf
(bc)7131,47.0,,124,59.0,2025-08-27 12:35:00,rigging,spent oak chips,grapes,cu,ppm,12.0,1,pass,,jduong@lbl.gov,xrf
(bc)7210,47.0,,124,59.0,2025-08-27 12:35:00,rigging,spent oak chips,grapes,si,ppm,708.0,1,pass,,jduong@lbl.gov,xrf
(bc)7dbc,47.0,,124,59.0,2025-08-27 12:35:00,rigging,spent oak chips,grapes,rb,ppm,11.0,1,pass,,jduong@lbl.gov,xrf
(bc)82f6,47.0,,124,59.0,2025-08-27 12:35:00,rigging,spent oak chips,grapes,th,ppm,62.0,1,pass,,jduong@lbl.gov,xrf
(bc)84c7,47.0,,124,59.0,2025-08-27 12:35:00,rigging,spent oak chips,grapes,sr,ppm,4.0,1,pass,,jduong@lbl.gov,xrf
(bc)8881,47.0,,124,59.0,2025-08-27 12:35:00,rigging,spent oak chips,grapes,rb,ppm,11.0,2,pass,,jduong@lbl.gov,xrf
(bc)8a70,47.0,,124,59.0,2025-08-27 12:35:00,rigging,spent oak chips,grapes,k,ppm,11300.0,2,pass,,jduong@lbl.gov,xrf
(bc)8b3d,47.0,,124,59.0,2025-08-27 12:35:00,rigging,spent oak chips,grapes,mn,ppm,28.0,3,pass,,jduong@lbl.gov,xrf
(bc)90fe,47.0,,124,59.0,2025-08-27 12:35:00,rigging,spent oak chips,grapes,fe,ppm,121.0,2,pass,,jduong@lbl.gov,xrf
(bc)9af2,47.0,,124,59.0,2025-08-27 12:35:00,rigging,spent oak chips,grapes,fe,ppm,101.0,3,pass,,jduong@lbl.gov,xrf
(bc)a577,47.0,,124,59.0,2025-08-27 12:35:00,rigging,spent oak chips,grapes,pb,ppm,4.0,3,pass,,jduong@lbl.gov,xrf
(bc)a5c5,47.0,,124,59.0,2025-08-27 12:35:00,rigging,spent oak chips,grapes,rb,ppm,10.0,3,pass,,jduong@lbl.gov,xrf
(bc)a7af,47.0,,124,59.0,2025-08-27 12:35:00,rigging,spent oak chips,grapes,sr,ppm,2.0,2,pass,,jduong@lbl.gov,xrf
(bc)b420,47.0,,124,59.0,2025-08-27 12:35:00,rigging,spent oak chips,grapes,p,ppm,424.0,2,pass,,jduong@lbl.gov,xrf
(bc)b542,47.0,,124,59.0,2025-08-27 12:35:00,rigging,spent oak chips,grapes,ca,ppm,903.0,2,pass,,jduong@lbl.gov,xrf
(bc)b723,47.0,,124,59.0,2025-08-27 12:35:00,rigging,spent oak chips,grapes,zn,ppm,8.0,1,pass,,jduong@lbl.gov,xrf
(bc)bda1,47.0,,124,59.0,2025-08-27 12:35:00,rigging,spent oak chips,grapes,sr,ppm,4.0,3,pass,,jduong@lbl.gov,xrf
(bc)c509,47.0,,124,59.0,2025-08-27 12:35:00,rigging,spent oak chips,grapes,ca,ppm,969.0,3,pass,,jduong@lbl.gov,xrf
(bc)cd62,47.0,,124,59.0,2025-08-27 12:35:00,rigging,spent oak chips,grapes,fe,ppm,118.0,1,pass,,jduong@lbl.gov,xrf
(bc)d0e7,47.0,,124,59.0,2025-08-27 12:35:00,rigging,spent oak chips,grapes,p,ppm,453.0,3,pass,,jduong@lbl.gov,xrf
(bc)d30c,47.0,,124,59.0,2025-08-27 12:35:00,rigging,spent oak chips,grapes,cu,ppm,9.0,2,pass,,jduong@lbl.gov,xrf
(bc)d797,47.0,,124,59.0,2025-08-27 12:35:00,rigging,spent oak chips,grapes,p,ppm,464.0,1,pass,,jduong@lbl.gov,xrf
(bc)e748,47.0,,124,59.0,2025-08-27 12:35:00,rigging,spent oak chips,grapes,cu,ppm,11.0,3,pass,,jduong@lbl.gov,xrf
(bc)f2df,47.0,,124,59.0,2025-08-27 12:35:00,rigging,spent oak chips,grapes,zn,ppm,7.0,3,pass,,jduong@lbl.gov,xrf
(bc)f6ff,47.0,,124,59.0,2025-08-27 12:35:00,rigging,spent oak chips,grapes,u,ppm,21.0,3,pass,,jduong@lbl.gov,xrf
(bc)f816,47.0,,124,59.0,2025-08-27 12:35:00,rigging,spent oak chips,grapes,zn,ppm,9.0,2,pass,,jduong@lbl.gov,xrf
(be)00cc,47.0,,156,82.0,2025-10-11 11:00:00,possessive,corn stover whole,corn - all,zn,ppm,108.0,1,pass,,jduong@lbl.gov,xrf
(be)01e4,47.0,,156,82.0,2025-10-11 11:00:00,possessive,corn stover whole,corn - all,nd,ppm,120.0,3,pass,,jduong@lbl.gov,xrf
(be)04d5,47.0,,156,82.0,2025-10-11 11:00:00,possessive,corn stover whole,corn - all,p,ppm,1890.0,2,pass,,jduong@lbl.gov,xrf
(be)0732,47.0,,122,56.0,2025-08-27 12:35:00,rigging,spent oak chips,grapes,pb,ppm,4.0,2,pass,,jduong@lbl.gov,xrf
(be)0883,47.0,,156,82.0,2025-10-11 11:00:00,possessive,corn stover whole,corn - all,u,ppm,24.0,3,pass,,jduong@lbl.gov,xrf
(be)0c95,47.0,,156,82.0,2025-10-11 11:00:00,possessive,corn stover whole,corn - all,ce,ppm,36.0,1,pass,,jduong@lbl.gov,xrf
(be)10ee,47.0,,156,82.0,2025-10-11 11:00:00,possessive,corn stover whole,corn - all,p,ppm,1800.0,3,pass,,jduong@lbl.gov,xrf
(be)1441,47.0,,156,82.0,2025-10-11 11:00:00,possessive,corn stover whole,corn - all,fe,ppm,4400.0,1,pass,,jduong@lbl.gov,xrf
(be)1553,47.0,,122,56.0,2025-08-27 12:35:00,rigging,spent oak chips,grapes,ca,ppm,928.0,3,pass,,jduong@lbl.gov,xrf
(be)186d,47.0,,122,56.0,2025-08-27 12:35:00,rigging,spent oak chips,grapes,cu,ppm,9.0,2,pass,,jduong@lbl.gov,xrf
(be)1955,47.0,,122,56.0,2025-08-27 12:35:00,rigging,spent oak chips,grapes,cu,ppm,5.0,1,pass,,jduong@lbl.gov,xrf
(be)1cfe,47.0,,122,56.0,2025-08-27 12:35:00,rigging,spent oak chips,grapes,mn,ppm,33.0,2,pass,,jduong@lbl.gov,xrf
(be)1f2f,47.0,,156,82.0,2025-10-11 11:00:00,possessive,corn stover whole,corn - all,sr,ppm,37.0,2,pass,,jduong@lbl.gov,xrf
(be)1f81,47.0,,122,56.0,2025-08-27 12:35:00,rigging,spent oak chips,grapes,k,ppm,8580.0,1,pass,,jduong@lbl.gov,xrf
(be)2148,47.0,,156,82.0,2025-10-11 11:00:00,possessive,corn stover whole,corn - all,s,ppm,1690.0,2,pass,,jduong@lbl.gov,xrf
(be)236c,47.0,,156,82.0,2025-10-11 11:00:00,possessive,corn stover whole,corn - all,pr,ppm,63.0,1,pass,,jduong@lbl.gov,xrf
(be)2404,47.0,,122,56.0,2025-08-27 12:35:00,rigging,spent oak chips,grapes,zn,ppm,11.0,1,pass,,jduong@lbl.gov,xrf
(be)24c7,47.0,,122,56.0,2025-08-27 12:35:00,rigging,spent oak chips,grapes,u,ppm,17.0,3,pass,,jduong@lbl.gov,xrf
(be)2718,47.0,,156,82.0,2025-10-11 11:00:00,possessive,corn stover whole,corn - all,rb,ppm,23.0,3,pass,,jduong@lbl.gov,xrf
(be)273f,47.0,,122,56.0,2025-08-27 12:35:00,rigging,spent oak chips,grapes,pr,ppm,123.0,3,pass,,jduong@lbl.gov,xrf
(be)29ea,47.0,,122,56.0,2025-08-27 12:35:00,rigging,spent oak chips,grapes,rb,ppm,10.0,2,pass,,jduong@lbl.gov,xrf
(be)2bc8,47.0,,122,56.0,2025-08-27 12:35:00,rigging,spent oak chips,grapes,mn,ppm,24.0,3,pass,,jduong@lbl.gov,xrf
(be)2cd8,47.0,,122,56.0,2025-08-27 12:35:00,rigging,spent oak chips,grapes,pb,ppm,4.0,1,pass,,jduong@lbl.gov,xrf
(be)2e9d,47.0,,156,82.0,2025-10-11 11:00:00,possessive,corn stover whole,corn - all,mg,ppm,13800.0,3,pass,,jduong@lbl.gov,xrf
(be)31c0,47.0,,156,82.0,2025-10-11 11:00:00,possessive,corn stover whole,corn - all,s,ppm,1550.0,1,pass,,jduong@lbl.gov,xrf
(be)321d,47.0,,156,82.0,2025-10-11 11:00:00,possessive,corn stover whole,corn - all,th,ppm,71.0,2,pass,,jduong@lbl.gov,xrf
(be)3619,47.0,,122,56.0,2025-08-27 12:35:00,rigging,spent oak chips,grapes,zn,ppm,12.0,3,pass,,jduong@lbl.gov,xrf
(be)37de,47.0,,156,82.0,2025-10-11 11:00:00,possessive,corn stover whole,corn - all,th,ppm,73.0,1,pass,,jduong@lbl.gov,xrf
(be)3a50,47.0,,156,82.0,2025-10-11 11:00:00,possessive,corn stover whole,corn - all,si,ppm,39400.0,3,pass,,jduong@lbl.gov,xrf
(be)3af1,47.0,,156,82.0,2025-10-11 11:00:00,possessive,corn stover whole,corn - all,zn,ppm,115.0,2,pass,,jduong@lbl.gov,xrf
(be)3c81,47.0,,156,82.0,2025-10-11 11:00:00,possessive,corn stover whole,corn - all,ti,ppm,623.0,2,pass,,jduong@lbl.gov,xrf
(be)3d4d,47.0,,156,82.0,2025-10-11 11:00:00,possessive,corn stover whole,corn - all,th,ppm,78.0,3,pass,,jduong@lbl.gov,xrf
(be)3d58,47.0,,156,82.0,2025-10-11 11:00:00,possessive,corn stover whole,corn - all,si,ppm,39300.0,2,pass,,jduong@lbl.gov,xrf
(be)3e56,47.0,,122,56.0,2025-08-27 12:35:00,rigging,spent oak chips,grapes,cu,ppm,10.0,3,pass,,jduong@lbl.gov,xrf
(be)4380,47.0,,156,82.0,2025-10-11 11:00:00,possessive,corn stover whole,corn - all,pr,ppm,64.0,2,pass,,jduong@lbl.gov,xrf
(be)4403,47.0,,122,56.0,2025-08-27 12:35:00,rigging,spent oak chips,grapes,ba,ppm,22.0,3,pass,,jduong@lbl.gov,xrf
(be)46be,47.0,,156,82.0,2025-10-11 11:00:00,possessive,corn stover whole,corn - all,k,ppm,27700.0,2,pass,,jduong@lbl.gov,xrf
(be)47e6,47.0,,156,82.0,2025-10-11 11:00:00,possessive,corn stover whole,corn - all,al,ppm,11300.0,1,pass,,jduong@lbl.gov,xrf
(be)4ef0,47.0,,156,82.0,2025-10-11 11:00:00,possessive,corn stover whole,corn - all,nd,ppm,70.0,1,pass,,jduong@lbl.gov,xrf
(be)52f8,47.0,,156,82.0,2025-10-11 11:00:00,possessive,corn stover whole,corn - all,u,ppm,27.0,1,pass,,jduong@lbl.gov,xrf
(be)5311,47.0,,156,82.0,2025-10-11 11:00:00,possessive,corn stover whole,corn - all,pr,ppm,50.0,3,pass,,jduong@lbl.gov,xrf
(be)5373,47.0,,156,82.0,2025-10-11 11:00:00,possessive,corn stover whole,corn - all,s,ppm,1840.0,3,pass,,jduong@lbl.gov,xrf
(be)55ec,47.0,,156,82.0,2025-10-11 11:00:00,possessive,corn stover whole,corn - all,ce,ppm,33.0,3,pass,,jduong@lbl.gov,xrf
(be)5a0f,47.0,,122,56.0,2025-08-27 12:35:00,rigging,spent oak chips,grapes,s,ppm,2110.0,1,pass,,jduong@lbl.gov,xrf
(be)5a1e,47.0,,156,82.0,2025-10-11 11:00:00,possessive,corn stover whole,corn - all,u,ppm,25.0,2,pass,,jduong@lbl.gov,xrf
(be)5d48,47.0,,122,56.0,2025-08-27 12:35:00,rigging,spent oak chips,grapes,ce,ppm,61.0,1,pass,,jduong@lbl.gov,xrf
(be)5e1d,47.0,,122,56.0,2025-08-27 12:35:00,rigging,spent oak chips,grapes,ba,ppm,21.0,2,pass,,jduong@lbl.gov,xrf
(be)608b,47.0,,122,56.0,2025-08-27 12:35:00,rigging,spent oak chips,grapes,u,ppm,16.0,2,pass,,jduong@lbl.gov,xrf
(be)60d4,47.0,,156,82.0,2025-10-11 11:00:00,possessive,corn stover whole,corn - all,mn,ppm,179.0,1,pass,,jduong@lbl.gov,xrf
(be)6344,47.0,,122,56.0,2025-08-27 12:35:00,rigging,spent oak chips,grapes,mn,ppm,22.0,1,pass,,jduong@lbl.gov,xrf
(be)645f,47.0,,122,56.0,2025-08-27 12:35:00,rigging,spent oak chips,grapes,zn,ppm,13.0,2,pass,,jduong@lbl.gov,xrf
(be)6834,47.0,,122,56.0,2025-08-27 12:35:00,rigging,spent oak chips,grapes,k,ppm,9000.0,3,pass,,jduong@lbl.gov,xrf
(be)68e6,47.0,,156,82.0,2025-10-11 11:00:00,possessive,corn stover whole,corn - all,cu,ppm,26.0,2,pass,,jduong@lbl.gov,xrf
(be)6aea,47.0,,156,82.0,2025-10-11 11:00:00,possessive,corn stover whole,corn - all,zr,ppm,6.0,2,pass,,jduong@lbl.gov,xrf
(be)6e03,47.0,,122,56.0,2025-08-27 12:35:00,rigging,spent oak chips,grapes,mo,ppm,6.0,1,pass,,jduong@lbl.gov,xrf
(be)6ed6,47.0,,156,82.0,2025-10-11 11:00:00,possessive,corn stover whole,corn - all,ca,ppm,8270.0,1,pass,,jduong@lbl.gov,xrf
(be)709f,47.0,,156,82.0,2025-10-11 11:00:00,possessive,corn stover whole,corn - all,sr,ppm,37.0,3,pass,,jduong@lbl.gov,xrf
(be)70ad,47.0,,122,56.0,2025-08-27 12:35:00,rigging,spent oak chips,grapes,p,ppm,456.0,3,pass,,jduong@lbl.gov,xrf
(be)71bd,47.0,,122,56.0,2025-08-27 12:35:00,rigging,spent oak chips,grapes,rb,ppm,11.0,3,pass,,jduong@lbl.gov,xrf
(be)7255,47.0,,156,82.0,2025-10-11 11:00:00,possessive,corn stover whole,corn - all,sr,ppm,36.0,1,pass,,jduong@lbl.gov,xrf
(be)73ee,47.0,,156,82.0,2025-10-11 11:00:00,possessive,corn stover whole,corn - all,ba,ppm,17.0,2,pass,,jduong@lbl.gov,xrf
(be)7a8b,47.0,,122,56.0,2025-08-27 12:35:00,rigging,spent oak chips,grapes,fe,ppm,56.0,1,pass,,jduong@lbl.gov,xrf
(be)7e3d,47.0,,156,82.0,2025-10-11 11:00:00,possessive,corn stover whole,corn - all,si,ppm,39500.0,1,pass,,jduong@lbl.gov,xrf
(be)88df,47.0,,156,82.0,2025-10-11 11:00:00,possessive,corn stover whole,corn - all,cu,ppm,27.0,3,pass,,jduong@lbl.gov,xrf
(be)8e9c,47.0,,156,82.0,2025-10-11 11:00:00,possessive,corn stover whole,corn - all,la,ppm,27.0,3,pass,,jduong@lbl.gov,xrf
(be)91d2,47.0,,156,82.0,2025-10-11 11:00:00,possessive,corn stover whole,corn - all,pb,ppm,9.0,3,pass,,jduong@lbl.gov,xrf
(be)931d,47.0,,156,82.0,2025-10-11 11:00:00,possessive,corn stover whole,corn - all,p,ppm,1600.0,1,pass,,jduong@lbl.gov,xrf
(be)9a38,47.0,,156,82.0,2025-10-11 11:00:00,possessive,corn stover whole,corn - all,rb,ppm,22.0,1,pass,,jduong@lbl.gov,xrf
(be)9ba2,47.0,,156,82.0,2025-10-11 11:00:00,possessive,corn stover whole,corn - all,cu,ppm,16.0,1,pass,,jduong@lbl.gov,xrf
(be)9c2a,47.0,,122,56.0,2025-08-27 12:35:00,rigging,spent oak chips,grapes,mo,ppm,6.0,3,pass,,jduong@lbl.gov,xrf
(be)9fb4,47.0,,122,56.0,2025-08-27 12:35:00,rigging,spent oak chips,grapes,s,ppm,2190.0,3,pass,,jduong@lbl.gov,xrf
(be)a0f9,47.0,,156,82.0,2025-10-11 11:00:00,possessive,corn stover whole,corn - all,k,ppm,27600.0,3,pass,,jduong@lbl.gov,xrf
(be)a228,47.0,,122,56.0,2025-08-27 12:35:00,rigging,spent oak chips,grapes,rb,ppm,10.0,1,pass,,jduong@lbl.gov,xrf
(be)a2b0,47.0,,156,82.0,2025-10-11 11:00:00,possessive,corn stover whole,corn - all,ce,ppm,42.0,2,pass,,jduong@lbl.gov,xrf
(be)ad80,47.0,,156,82.0,2025-10-11 11:00:00,possessive,corn stover whole,corn - all,al,ppm,10800.0,3,pass,,jduong@lbl.gov,xrf
(be)ae58,47.0,,122,56.0,2025-08-27 12:35:00,rigging,spent oak chips,grapes,sr,ppm,6.0,3,pass,,jduong@lbl.gov,xrf
(be)aeea,47.0,,122,56.0,2025-08-27 12:35:00,rigging,spent oak chips,grapes,p,ppm,455.0,2,pass,,jduong@lbl.gov,xrf
(be)b376,47.0,,122,56.0,2025-08-27 12:35:00,rigging,spent oak chips,grapes,pr,ppm,88.0,2,pass,,jduong@lbl.gov,xrf
(be)b4fc,47.0,,156,82.0,2025-10-11 11:00:00,possessive,corn stover whole,corn - all,pb,ppm,8.0,2,pass,,jduong@lbl.gov,xrf
(be)b719,47.0,,122,56.0,2025-08-27 12:35:00,rigging,spent oak chips,grapes,th,ppm,62.0,1,pass,,jduong@lbl.gov,xrf
(be)bdb7,47.0,,122,56.0,2025-08-27 12:35:00,rigging,spent oak chips,grapes,sr,ppm,6.0,2,pass,,jduong@lbl.gov,xrf
(be)c08e,47.0,,156,82.0,2025-10-11 11:00:00,possessive,corn stover whole,corn - all,zn,ppm,112.0,3,pass,,jduong@lbl.gov,xrf
(be)c145,47.0,,156,82.0,2025-10-11 11:00:00,possessive,corn stover whole,corn - all,la,ppm,30.0,2,pass,,jduong@lbl.gov,xrf
(be)c29a,47.0,,156,82.0,2025-10-11 11:00:00,possessive,corn stover whole,corn - all,mg,ppm,10100.0,2,pass,,jduong@lbl.gov,xrf
(be)cb2c,47.0,,122,56.0,2025-08-27 12:35:00,rigging,spent oak chips,grapes,s,ppm,2210.0,2,pass,,jduong@lbl.gov,xrf
(be)cb37,47.0,,156,82.0,2025-10-11 11:00:00,possessive,corn stover whole,corn - all,fe,ppm,4410.0,2,pass,,jduong@lbl.gov,xrf
(be)cbe5,47.0,,122,56.0,2025-08-27 12:35:00,rigging,spent oak chips,grapes,ca,ppm,973.0,1,pass,,jduong@lbl.gov,xrf
(be)cd1f,47.0,,156,82.0,2025-10-11 11:00:00,possessive,corn stover whole,corn - all,k,ppm,28500.0,1,pass,,jduong@lbl.gov,xrf
(be)ce27,47.0,,122,56.0,2025-08-27 12:35:00,rigging,spent oak chips,grapes,th,ppm,61.0,2,pass,,jduong@lbl.gov,xrf
(be)cefc,47.0,,122,56.0,2025-08-27 12:35:00,rigging,spent oak chips,grapes,ca,ppm,982.0,2,pass,,jduong@lbl.gov,xrf
(be)cff5,47.0,,156,82.0,2025-10-11 11:00:00,possessive,corn stover whole,corn - all,ca,ppm,9020.0,2,pass,,jduong@lbl.gov,xrf
(be)d078,47.0,,156,82.0,2025-10-11 11:00:00,possessive,corn stover whole,corn - all,pb,ppm,7.0,1,pass,,jduong@lbl.gov,xrf
(be)d183,47.0,,156,82.0,2025-10-11 11:00:00,possessive,corn stover whole,corn - all,rb,ppm,23.0,2,pass,,jduong@lbl.gov,xrf
(be)d206,47.0,,122,56.0,2025-08-27 12:35:00,rigging,spent oak chips,grapes,sr,ppm,5.0,1,pass,,jduong@lbl.gov,xrf
(be)d31b,47.0,,156,82.0,2025-10-11 11:00:00,possessive,corn stover whole,corn - all,zr,ppm,8.0,3,pass,,jduong@lbl.gov,xrf
(be)d433,47.0,,122,56.0,2025-08-27 12:35:00,rigging,spent oak chips,grapes,si,ppm,789.0,1,pass,,jduong@lbl.gov,xrf
(be)d4cd,47.0,,156,82.0,2025-10-11 11:00:00,possessive,corn stover whole,corn - all,fe,ppm,4380.0,3,pass,,jduong@lbl.gov,xrf
(be)d649,47.0,,122,56.0,2025-08-27 12:35:00,rigging,spent oak chips,grapes,th,ppm,56.0,3,pass,,jduong@lbl.gov,xrf
(be)d6c1,47.0,,122,56.0,2025-08-27 12:35:00,rigging,spent oak chips,grapes,si,ppm,775.0,2,pass,,jduong@lbl.gov,xrf
(be)d70b,47.0,,156,82.0,2025-10-11 11:00:00,possessive,corn stover whole,corn - all,ba,ppm,24.0,1,pass,,jduong@lbl.gov,xrf
(be)d7b1,47.0,,122,56.0,2025-08-27 12:35:00,rigging,spent oak chips,grapes,ce,ppm,87.0,2,pass,,jduong@lbl.gov,xrf
(be)da16,47.0,,156,82.0,2025-10-11 11:00:00,possessive,corn stover whole,corn - all,ca,ppm,9050.0,3,pass,,jduong@lbl.gov,xrf
(be)da34,47.0,,156,82.0,2025-10-11 11:00:00,possessive,corn stover whole,corn - all,al,ppm,11100.0,2,pass,,jduong@lbl.gov,xrf
(be)daf7,47.0,,156,82.0,2025-10-11 11:00:00,possessive,corn stover whole,corn - all,ti,ppm,555.0,3,pass,,jduong@lbl.gov,xrf
(be)de63,47.0,,122,56.0,2025-08-27 12:35:00,rigging,spent oak chips,grapes,fe,ppm,58.0,3,pass,,jduong@lbl.gov,xrf
(be)e133,47.0,,156,82.0,2025-10-11 11:00:00,possessive,corn stover whole,corn - all,mn,ppm,185.0,2,pass,,jduong@lbl.gov,xrf
(be)e154,47.0,,122,56.0,2025-08-27 12:35:00,rigging,spent oak chips,grapes,si,ppm,840.0,3,pass,,jduong@lbl.gov,xrf
(be)e28c,47.0,,122,56.0,2025-08-27 12:35:00,rigging,spent oak chips,grapes,k,ppm,9060.0,2,pass,,jduong@lbl.gov,xrf
(be)e32d,47.0,,122,56.0,2025-08-27 12:35:00,rigging,spent oak chips,grapes,fe,ppm,71.0,2,pass,,jduong@lbl.gov,xrf
(be)e507,47.0,,156,82.0,2025-10-11 11:00:00,possessive,corn stover whole,corn - all,zr,ppm,7.0,1,pass,,jduong@lbl.gov,xrf
(be)e509,47.0,,156,82.0,2025-10-11 11:00:00,possessive,corn stover whole,corn - all,mn,ppm,216.0,3,pass,,jduong@lbl.gov,xrf
(be)e5f1,47.0,,156,82.0,2025-10-11 11:00:00,possessive,corn stover whole,corn - all,ba,ppm,25.0,3,pass,,jduong@lbl.gov,xrf
(be)e69c,47.0,,122,56.0,2025-08-27 12:35:00,rigging,spent oak chips,grapes,pb,ppm,4.0,3,pass,,jduong@lbl.gov,xrf
(be)e958,47.0,,156,82.0,2025-10-11 11:00:00,possessive,corn stover whole,corn - all,mg,ppm,11400.0,1,pass,,jduong@lbl.gov,xrf
(be)ed67,47.0,,122,56.0,2025-08-27 12:35:00,rigging,spent oak chips,grapes,p,ppm,411.0,1,pass,,jduong@lbl.gov,xrf
(be)f383,47.0,,122,56.0,2025-08-27 12:35:00,rigging,spent oak chips,grapes,u,ppm,20.0,1,pass,,jduong@lbl.gov,xrf
(be)f78a,47.0,,156,82.0,2025-10-11 11:00:00,possessive,corn stover whole,corn - all,ti,ppm,699.0,1,pass,,jduong@lbl.gov,xrf
(be)ffb7,47.0,,156,82.0,2025-10-11 11:00:00,possessive,corn stover whole,corn - all,nd,ppm,94.0,2,pass,,jduong@lbl.gov,xrf
(c0)00a9,47.0,,133,62.0,2025-09-03 09:10:00,stuntman,pistachio hulls,pistachios,sr,ppm,45.0,1,pass,,jduong@lbl.gov,xrf
(c0)01f2,47.0,,133,62.0,2025-09-03 09:10:00,stuntman,pistachio hulls,pistachios,fe,ppm,525.0,1,pass,,jduong@lbl.gov,xrf
(c0)05c3,47.0,,133,62.0,2025-09-03 09:10:00,stuntman,pistachio hulls,pistachios,p,ppm,1160.0,2,pass,,jduong@lbl.gov,xrf
(c0)096a,47.0,,133,62.0,2025-09-03 09:10:00,stuntman,pistachio hulls,pistachios,rb,ppm,17.0,2,pass,,jduong@lbl.gov,xrf
(c0)1562,47.0,,133,62.0,2025-09-03 09:10:00,stuntman,pistachio hulls,pistachios,p,ppm,1190.0,3,pass,,jduong@lbl.gov,xrf
(c0)1893,47.0,,133,62.0,2025-09-03 09:10:00,stuntman,pistachio hulls,pistachios,mn,ppm,55.0,1,pass,,jduong@lbl.gov,xrf
(c0)1b7d,47.0,,133,62.0,2025-09-03 09:10:00,stuntman,pistachio hulls,pistachios,ca,ppm,6870.0,3,pass,,jduong@lbl.gov,xrf
(c0)1ced,47.0,,133,62.0,2025-09-03 09:10:00,stuntman,pistachio hulls,pistachios,sr,ppm,46.0,2,pass,,jduong@lbl.gov,xrf
(c0)229f,47.0,,133,62.0,2025-09-03 09:10:00,stuntman,pistachio hulls,pistachios,rb,ppm,16.0,3,pass,,jduong@lbl.gov,xrf
(c0)2661,47.0,,133,62.0,2025-09-03 09:10:00,stuntman,pistachio hulls,pistachios,mn,ppm,36.0,2,pass,,jduong@lbl.gov,xrf
(c0)2a62,47.0,,133,62.0,2025-09-03 09:10:00,stuntman,pistachio hulls,pistachios,nd,ppm,96.0,3,pass,,jduong@lbl.gov,xrf
(c0)2adb,47.0,,133,62.0,2025-09-03 09:10:00,stuntman,pistachio hulls,pistachios,pr,ppm,83.0,3,pass,,jduong@lbl.gov,xrf
(c0)2d99,47.0,,133,62.0,2025-09-03 09:10:00,stuntman,pistachio hulls,pistachios,zn,ppm,25.0,2,pass,,jduong@lbl.gov,xrf
(c0)31fc,47.0,,133,62.0,2025-09-03 09:10:00,stuntman,pistachio hulls,pistachios,si,ppm,1520.0,3,pass,,jduong@lbl.gov,xrf
(c0)3368,47.0,,133,62.0,2025-09-03 09:10:00,stuntman,pistachio hulls,pistachios,ca,ppm,7350.0,2,pass,,jduong@lbl.gov,xrf
(c0)3ebc,47.0,,133,62.0,2025-09-03 09:10:00,stuntman,pistachio hulls,pistachios,k,ppm,33000.0,3,pass,,jduong@lbl.gov,xrf
(c0)3f63,47.0,,133,62.0,2025-09-03 09:10:00,stuntman,pistachio hulls,pistachios,fe,ppm,493.0,3,pass,,jduong@lbl.gov,xrf
(c0)490e,47.0,,133,62.0,2025-09-03 09:10:00,stuntman,pistachio hulls,pistachios,k,ppm,33400.0,1,pass,,jduong@lbl.gov,xrf
(c0)4f88,47.0,,133,62.0,2025-09-03 09:10:00,stuntman,pistachio hulls,pistachios,si,ppm,1590.0,2,pass,,jduong@lbl.gov,xrf
(c0)5e43,47.0,,133,62.0,2025-09-03 09:10:00,stuntman,pistachio hulls,pistachios,nd,ppm,95.0,1,pass,,jduong@lbl.gov,xrf
(c0)5f78,47.0,,133,62.0,2025-09-03 09:10:00,stuntman,pistachio hulls,pistachios,u,ppm,15.0,1,pass,,jduong@lbl.gov,xrf
(c0)65fa,47.0,,133,62.0,2025-09-03 09:10:00,stuntman,pistachio hulls,pistachios,fe,ppm,531.0,2,pass,,jduong@lbl.gov,xrf
(c0)6630,47.0,,133,62.0,2025-09-03 09:10:00,stuntman,pistachio hulls,pistachios,th,ppm,48.0,1,pass,,jduong@lbl.gov,xrf
(c0)6652,47.0,,133,62.0,2025-09-03 09:10:00,stuntman,pistachio hulls,pistachios,s,ppm,2010.0,3,pass,,jduong@lbl.gov,xrf
(c0)6e28,47.0,,133,62.0,2025-09-03 09:10:00,stuntman,pistachio hulls,pistachios,rb,ppm,17.0,1,pass,,jduong@lbl.gov,xrf
(c0)6fcc,47.0,,133,62.0,2025-09-03 09:10:00,stuntman,pistachio hulls,pistachios,th,ppm,52.0,2,pass,,jduong@lbl.gov,xrf
(c0)8140,47.0,,133,62.0,2025-09-03 09:10:00,stuntman,pistachio hulls,pistachios,th,ppm,42.0,3,pass,,jduong@lbl.gov,xrf
(c0)8d08,47.0,,133,62.0,2025-09-03 09:10:00,stuntman,pistachio hulls,pistachios,s,ppm,1980.0,2,pass,,jduong@lbl.gov,xrf
(c0)acc3,47.0,,133,62.0,2025-09-03 09:10:00,stuntman,pistachio hulls,pistachios,si,ppm,1420.0,1,pass,,jduong@lbl.gov,xrf
(c0)b16d,47.0,,133,62.0,2025-09-03 09:10:00,stuntman,pistachio hulls,pistachios,cu,ppm,23.0,2,pass,,jduong@lbl.gov,xrf
(c0)be79,47.0,,133,62.0,2025-09-03 09:10:00,stuntman,pistachio hulls,pistachios,p,ppm,1210.0,1,pass,,jduong@lbl.gov,xrf
(c0)c33e,47.0,,133,62.0,2025-09-03 09:10:00,stuntman,pistachio hulls,pistachios,zn,ppm,26.0,3,pass,,jduong@lbl.gov,xrf
(c0)cc52,47.0,,133,62.0,2025-09-03 09:10:00,stuntman,pistachio hulls,pistachios,cu,ppm,22.0,1,pass,,jduong@lbl.gov,xrf
(c0)d568,47.0,,133,62.0,2025-09-03 09:10:00,stuntman,pistachio hulls,pistachios,sr,ppm,47.0,3,pass,,jduong@lbl.gov,xrf
(c0)d6b9,47.0,,133,62.0,2025-09-03 09:10:00,stuntman,pistachio hulls,pistachios,cu,ppm,19.0,3,pass,,jduong@lbl.gov,xrf
(c0)dd8b,47.0,,133,62.0,2025-09-03 09:10:00,stuntman,pistachio hulls,pistachios,pr,ppm,93.0,1,pass,,jduong@lbl.gov,xrf
(c0)de33,47.0,,133,62.0,2025-09-03 09:10:00,stuntman,pistachio hulls,pistachios,u,ppm,15.0,3,pass,,jduong@lbl.gov,xrf
(c0)de77,47.0,,133,62.0,2025-09-03 09:10:00,stuntman,pistachio hulls,pistachios,k,ppm,33300.0,2,pass,,jduong@lbl.gov,xrf
(c0)dfc4,47.0,,133,62.0,2025-09-03 09:10:00,stuntman,pistachio hulls,pistachios,u,ppm,16.0,2,pass,,jduong@lbl.gov,xrf
(c0)e129,47.0,,133,62.0,2025-09-03 09:10:00,stuntman,pistachio hulls,pistachios,ca,ppm,6820.0,1,pass,,jduong@lbl.gov,xrf
(c0)e56a,47.0,,133,62.0,2025-09-03 09:10:00,stuntman,pistachio hulls,pistachios,mn,ppm,30.0,3,pass,,jduong@lbl.gov,xrf
(c0)fa23,47.0,,133,62.0,2025-09-03 09:10:00,stuntman,pistachio hulls,pistachios,s,ppm,2030.0,1,pass,,jduong@lbl.gov,xrf
(c0)faea,47.0,,133,62.0,2025-09-03 09:10:00,stuntman,pistachio hulls,pistachios,zn,ppm,26.0,1,pass,,jduong@lbl.gov,xrf
(ca)10cd,47.0,,155,81.0,2025-10-11 10:00:00,possessive,rice straw,rice,u,ppm,18.0,2,pass,,jduong@lbl.gov,xrf
(ca)2363,47.0,,155,81.0,2025-10-11 10:00:00,possessive,rice straw,rice,k,ppm,31500.0,1,pass,,jduong@lbl.gov,xrf
(ca)2929,47.0,,155,81.0,2025-10-11 10:00:00,possessive,rice straw,rice,th,ppm,67.0,2,pass,,jduong@lbl.gov,xrf
(ca)360b,47.0,,155,81.0,2025-10-11 10:00:00,possessive,rice straw,rice,s,ppm,2400.0,3,pass,,jduong@lbl.gov,xrf
(ca)3684,47.0,,155,81.0,2025-10-11 10:00:00,possessive,rice straw,rice,pb,ppm,5.0,3,pass,,jduong@lbl.gov,xrf
(ca)3de4,47.0,,155,81.0,2025-10-11 10:00:00,possessive,rice straw,rice,cu,ppm,10.0,1,pass,,jduong@lbl.gov,xrf
(ca)4da8,47.0,,155,81.0,2025-10-11 10:00:00,possessive,rice straw,rice,ca,ppm,6970.0,3,pass,,jduong@lbl.gov,xrf
(ca)4de6,47.0,,155,81.0,2025-10-11 10:00:00,possessive,rice straw,rice,pb,ppm,5.0,2,pass,,jduong@lbl.gov,xrf
(ca)4e6a,47.0,,155,81.0,2025-10-11 10:00:00,possessive,rice straw,rice,mg,ppm,5900.0,3,pass,,jduong@lbl.gov,xrf
(ca)53a9,47.0,,155,81.0,2025-10-11 10:00:00,possessive,rice straw,rice,cu,ppm,12.0,2,pass,,jduong@lbl.gov,xrf
(ca)55c0,47.0,,155,81.0,2025-10-11 10:00:00,possessive,rice straw,rice,ca,ppm,6930.0,1,pass,,jduong@lbl.gov,xrf
(ca)5e4c,47.0,,155,81.0,2025-10-11 10:00:00,possessive,rice straw,rice,p,ppm,2200.0,2,pass,,jduong@lbl.gov,xrf
(ca)619c,47.0,,155,81.0,2025-10-11 10:00:00,possessive,rice straw,rice,s,ppm,2360.0,1,pass,,jduong@lbl.gov,xrf
(ca)621b,47.0,,155,81.0,2025-10-11 10:00:00,possessive,rice straw,rice,zn,ppm,56.0,2,pass,,jduong@lbl.gov,xrf
(ca)6373,47.0,,155,81.0,2025-10-11 10:00:00,possessive,rice straw,rice,ce,ppm,42.0,2,pass,,jduong@lbl.gov,xrf
(ca)64ab,47.0,,155,81.0,2025-10-11 10:00:00,possessive,rice straw,rice,si,ppm,88000.0,3,pass,,jduong@lbl.gov,xrf
(ca)6a81,47.0,,155,81.0,2025-10-11 10:00:00,possessive,rice straw,rice,s,ppm,2270.0,2,pass,,jduong@lbl.gov,xrf
(ca)6e9c,47.0,,155,81.0,2025-10-11 10:00:00,possessive,rice straw,rice,th,ppm,66.0,3,pass,,jduong@lbl.gov,xrf
(ca)6f27,47.0,,155,81.0,2025-10-11 10:00:00,possessive,rice straw,rice,ca,ppm,7030.0,2,pass,,jduong@lbl.gov,xrf
(ca)7a2f,47.0,,155,81.0,2025-10-11 10:00:00,possessive,rice straw,rice,p,ppm,2210.0,3,pass,,jduong@lbl.gov,xrf
(ca)7b51,47.0,,155,81.0,2025-10-11 10:00:00,possessive,rice straw,rice,mn,ppm,1380.0,1,pass,,jduong@lbl.gov,xrf
(ca)7bb3,47.0,,155,81.0,2025-10-11 10:00:00,possessive,rice straw,rice,mn,ppm,1360.0,3,pass,,jduong@lbl.gov,xrf
(ca)7d23,47.0,,155,81.0,2025-10-11 10:00:00,possessive,rice straw,rice,sr,ppm,19.0,2,pass,,jduong@lbl.gov,xrf
(ca)81ce,47.0,,155,81.0,2025-10-11 10:00:00,possessive,rice straw,rice,zn,ppm,54.0,3,pass,,jduong@lbl.gov,xrf
(ca)862e,47.0,,155,81.0,2025-10-11 10:00:00,possessive,rice straw,rice,mo,ppm,33.0,3,pass,,jduong@lbl.gov,xrf
(ca)87b6,47.0,,155,81.0,2025-10-11 10:00:00,possessive,rice straw,rice,u,ppm,22.0,1,pass,,jduong@lbl.gov,xrf
(ca)8bb3,47.0,,155,81.0,2025-10-11 10:00:00,possessive,rice straw,rice,p,ppm,2050.0,1,pass,,jduong@lbl.gov,xrf
(ca)8c5c,47.0,,155,81.0,2025-10-11 10:00:00,possessive,rice straw,rice,si,ppm,86700.0,2,pass,,jduong@lbl.gov,xrf
(ca)8fe9,47.0,,155,81.0,2025-10-11 10:00:00,possessive,rice straw,rice,fe,ppm,393.0,2,pass,,jduong@lbl.gov,xrf
(ca)95a1,47.0,,155,81.0,2025-10-11 10:00:00,possessive,rice straw,rice,mn,ppm,1370.0,2,pass,,jduong@lbl.gov,xrf
(ca)9799,47.0,,155,81.0,2025-10-11 10:00:00,possessive,rice straw,rice,ce,ppm,50.0,3,pass,,jduong@lbl.gov,xrf
(ca)9c69,47.0,,155,81.0,2025-10-11 10:00:00,possessive,rice straw,rice,mo,ppm,31.0,2,pass,,jduong@lbl.gov,xrf
(ca)9ca4,47.0,,155,81.0,2025-10-11 10:00:00,possessive,rice straw,rice,sr,ppm,22.0,1,pass,,jduong@lbl.gov,xrf
(ca)9cbb,47.0,,155,81.0,2025-10-11 10:00:00,possessive,rice straw,rice,cu,ppm,10.0,3,pass,,jduong@lbl.gov,xrf
(ca)9e64,47.0,,155,81.0,2025-10-11 10:00:00,possessive,rice straw,rice,fe,ppm,362.0,3,pass,,jduong@lbl.gov,xrf
(ca)a5ac,47.0,,155,81.0,2025-10-11 10:00:00,possessive,rice straw,rice,mo,ppm,31.0,1,pass,,jduong@lbl.gov,xrf
(ca)b1a3,47.0,,155,81.0,2025-10-11 10:00:00,possessive,rice straw,rice,fe,ppm,405.0,1,pass,,jduong@lbl.gov,xrf
(ca)bd42,47.0,,155,81.0,2025-10-11 10:00:00,possessive,rice straw,rice,rb,ppm,4.0,1,pass,,jduong@lbl.gov,xrf
(ca)c433,47.0,,155,81.0,2025-10-11 10:00:00,possessive,rice straw,rice,k,ppm,32700.0,2,pass,,jduong@lbl.gov,xrf
(ca)c874,47.0,,155,81.0,2025-10-11 10:00:00,possessive,rice straw,rice,sr,ppm,22.0,3,pass,,jduong@lbl.gov,xrf
(ca)c976,47.0,,155,81.0,2025-10-11 10:00:00,possessive,rice straw,rice,rb,ppm,4.0,2,pass,,jduong@lbl.gov,xrf
(ca)d8fa,47.0,,155,81.0,2025-10-11 10:00:00,possessive,rice straw,rice,th,ppm,71.0,1,pass,,jduong@lbl.gov,xrf
(ca)db5e,47.0,,155,81.0,2025-10-11 10:00:00,possessive,rice straw,rice,mg,ppm,7890.0,1,pass,,jduong@lbl.gov,xrf
(ca)de5b,47.0,,155,81.0,2025-10-11 10:00:00,possessive,rice straw,rice,rb,ppm,5.0,3,pass,,jduong@lbl.gov,xrf
(ca)dee4,47.0,,155,81.0,2025-10-11 10:00:00,possessive,rice straw,rice,k,ppm,32900.0,3,pass,,jduong@lbl.gov,xrf
(ca)eb21,47.0,,155,81.0,2025-10-11 10:00:00,possessive,rice straw,rice,u,ppm,16.0,3,pass,,jduong@lbl.gov,xrf
(ca)f74a,47.0,,155,81.0,2025-10-11 10:00:00,possessive,rice straw,rice,zn,ppm,58.0,1,pass,,jduong@lbl.gov,xrf
(ca)fdff,47.0,,155,81.0,2025-10-11 10:00:00,possessive,rice straw,rice,si,ppm,88900.0,1,pass,,jduong@lbl.gov,xrf
(cd)0261,46.0,,39,14.0,2024-11-21 12:40:00,vibrant,almond hulls,almonds,cr,ppm,0.0,1,provisional,,xkang2@lbl.gov,xrf
(cd)16ec,46.0,,39,14.0,2024-11-21 12:40:00,vibrant,almond hulls,almonds,sn,ppm,0.0,1,provisional,,xkang2@lbl.gov,xrf
(cd)1ad7,46.0,,39,14.0,2024-11-21 12:40:00,vibrant,almond hulls,almonds,u,ppm,13.0,1,provisional,,xkang2@lbl.gov,xrf
(cd)2109,46.0,,39,14.0,2024-11-21 12:40:00,vibrant,almond hulls,almonds,s,ppm,421.0,1,provisional,,xkang2@lbl.gov,xrf
(cd)241e,46.0,,39,14.0,2024-11-21 12:40:00,vibrant,almond hulls,almonds,ni,ppm,0.0,1,provisional,,xkang2@lbl.gov,xrf
(cd)3b14,46.0,,39,14.0,2024-11-21 12:40:00,vibrant,almond hulls,almonds,rb,ppm,22.0,1,provisional,,xkang2@lbl.gov,xrf
(cd)3bd1,46.0,,39,14.0,2024-11-21 12:40:00,vibrant,almond hulls,almonds,ce,ppm,50.0,1,provisional,,xkang2@lbl.gov,xrf
(cd)3c87,46.0,,39,14.0,2024-11-21 12:40:00,vibrant,almond hulls,almonds,p,ppm,388.0,1,provisional,,xkang2@lbl.gov,xrf
(cd)4015,46.0,,39,14.0,2024-11-21 12:40:00,vibrant,almond hulls,almonds,co,ppm,0.0,1,provisional,,xkang2@lbl.gov,xrf
(cd)47e4,46.0,,39,14.0,2024-11-21 12:40:00,vibrant,almond hulls,almonds,zn,ppm,16.0,1,provisional,,xkang2@lbl.gov,xrf
(cd)4c8c,46.0,,39,14.0,2024-11-21 12:40:00,vibrant,almond hulls,almonds,nd,ppm,108.0,1,provisional,,xkang2@lbl.gov,xrf
(cd)5c10,46.0,,39,14.0,2024-11-21 12:40:00,vibrant,almond hulls,almonds,sb,ppm,0.0,1,provisional,,xkang2@lbl.gov,xrf
(cd)5fea,46.0,,39,14.0,2024-11-21 12:40:00,vibrant,almond hulls,almonds,si,ppm,12400.0,1,provisional,,xkang2@lbl.gov,xrf
(cd)637a,46.0,,39,14.0,2024-11-21 12:40:00,vibrant,almond hulls,almonds,pb,ppm,0.0,1,provisional,,xkang2@lbl.gov,xrf
(cd)6989,46.0,,39,14.0,2024-11-21 12:40:00,vibrant,almond hulls,almonds,la,ppm,44.0,1,provisional,,xkang2@lbl.gov,xrf
(cd)7b22,46.0,,39,14.0,2024-11-21 12:40:00,vibrant,almond hulls,almonds,ti,ppm,245.0,1,provisional,,xkang2@lbl.gov,xrf
(cd)80be,46.0,,39,14.0,2024-11-21 12:40:00,vibrant,almond hulls,almonds,ba,ppm,39.0,1,provisional,,xkang2@lbl.gov,xrf
(cd)83c2,46.0,,39,14.0,2024-11-21 12:40:00,vibrant,almond hulls,almonds,mg,ppm,0.0,1,provisional,,xkang2@lbl.gov,xrf
(cd)8595,46.0,,39,14.0,2024-11-21 12:40:00,vibrant,almond hulls,almonds,se,ppm,0.0,1,provisional,,xkang2@lbl.gov,xrf
(cd)86af,46.0,,39,14.0,2024-11-21 12:40:00,vibrant,almond hulls,almonds,w,ppm,0.0,1,provisional,,xkang2@lbl.gov,xrf
(cd)88bb,46.0,,39,14.0,2024-11-21 12:40:00,vibrant,almond hulls,almonds,al,ppm,4670.0,1,provisional,,xkang2@lbl.gov,xrf
(cd)8987,46.0,,39,14.0,2024-11-21 12:40:00,vibrant,almond hulls,almonds,k,ppm,18600.0,1,provisional,,xkang2@lbl.gov,xrf
(cd)8d06,46.0,,39,14.0,2024-11-21 12:40:00,vibrant,almond hulls,almonds,as,ppm,0.0,1,provisional,,xkang2@lbl.gov,xrf
(cd)94ad,46.0,,39,14.0,2024-11-21 12:40:00,vibrant,almond hulls,almonds,ca,ppm,5000.0,1,provisional,,xkang2@lbl.gov,xrf
(cd)96e1,46.0,,39,14.0,2024-11-21 12:40:00,vibrant,almond hulls,almonds,cd,ppm,0.0,1,provisional,,xkang2@lbl.gov,xrf
(cd)a84c,46.0,,39,14.0,2024-11-21 12:40:00,vibrant,almond hulls,almonds,cu,ppm,7.0,1,provisional,,xkang2@lbl.gov,xrf
(cd)a9a9,46.0,,39,14.0,2024-11-21 12:40:00,vibrant,almond hulls,almonds,th,ppm,45.0,1,provisional,,xkang2@lbl.gov,xrf
(cd)aac9,46.0,,39,14.0,2024-11-21 12:40:00,vibrant,almond hulls,almonds,pr,ppm,0.0,1,provisional,,xkang2@lbl.gov,xrf
(cd)abcf,46.0,,39,14.0,2024-11-21 12:40:00,vibrant,almond hulls,almonds,mo,ppm,5.0,1,provisional,,xkang2@lbl.gov,xrf
(cd)b386,46.0,,39,14.0,2024-11-21 12:40:00,vibrant,almond hulls,almonds,mn,ppm,40.0,1,provisional,,xkang2@lbl.gov,xrf
(cd)baa3,46.0,,39,14.0,2024-11-21 12:40:00,vibrant,almond hulls,almonds,y,ppm,0.0,1,provisional,,xkang2@lbl.gov,xrf
(cd)c437,46.0,,39,14.0,2024-11-21 12:40:00,vibrant,almond hulls,almonds,fe,ppm,265.0,1,provisional,,xkang2@lbl.gov,xrf
(cd)ce6f,46.0,,39,14.0,2024-11-21 12:40:00,vibrant,almond hulls,almonds,nb,ppm,0.0,1,provisional,,xkang2@lbl.gov,xrf
(cd)d122,46.0,,39,14.0,2024-11-21 12:40:00,vibrant,almond hulls,almonds,hg,ppm,0.0,1,provisional,,xkang2@lbl.gov,xrf
(cd)d996,46.0,,39,14.0,2024-11-21 12:40:00,vibrant,almond hulls,almonds,ag,ppm,0.0,1,provisional,,xkang2@lbl.gov,xrf
(cd)e053,46.0,,39,14.0,2024-11-21 12:40:00,vibrant,almond hulls,almonds,sr,ppm,30.0,1,provisional,,xkang2@lbl.gov,xrf
(cd)eb36,46.0,,39,14.0,2024-11-21 12:40:00,vibrant,almond hulls,almonds,v,ppm,0.0,1,provisional,,xkang2@lbl.gov,xrf
(cd)ed0a,46.0,,39,14.0,2024-11-21 12:40:00,vibrant,almond hulls,almonds,zr,ppm,0.0,1,provisional,,xkang2@lbl.gov,xrf
(cd)efa3,46.0,,39,14.0,2024-11-21 12:40:00,vibrant,almond hulls,almonds,bi,ppm,0.0,1,provisional,,xkang2@lbl.gov,xrf
(ce)0f59,47.0,,157,84.0,2025-10-13 11:30:00,schooner,cotton stem mix,cotton,ba,ppm,21.0,3,pass,,jduong@lbl.gov,xrf
(ce)1138,47.0,,157,84.0,2025-10-13 11:30:00,schooner,cotton stem mix,cotton,ca,ppm,16800.0,1,pass,,jduong@lbl.gov,xrf
(ce)14cf,47.0,,157,84.0,2025-10-13 11:30:00,schooner,cotton stem mix,cotton,ba,ppm,18.0,1,pass,,jduong@lbl.gov,xrf
(ce)16c2,47.0,,157,84.0,2025-10-13 11:30:00,schooner,cotton stem mix,cotton,ti,ppm,314.0,3,pass,,jduong@lbl.gov,xrf
(ce)1a9a,47.0,,157,84.0,2025-10-13 11:30:00,schooner,cotton stem mix,cotton,s,ppm,4060.0,3,pass,,jduong@lbl.gov,xrf
(ce)1b84,47.0,,157,84.0,2025-10-13 11:30:00,schooner,cotton stem mix,cotton,s,ppm,4100.0,1,pass,,jduong@lbl.gov,xrf
(ce)2246,47.0,,157,84.0,2025-10-13 11:30:00,schooner,cotton stem mix,cotton,pb,ppm,5.0,2,pass,,jduong@lbl.gov,xrf
(ce)262e,47.0,,157,84.0,2025-10-13 11:30:00,schooner,cotton stem mix,cotton,fe,ppm,1750.0,3,pass,,jduong@lbl.gov,xrf
(ce)283f,47.0,,157,84.0,2025-10-13 11:30:00,schooner,cotton stem mix,cotton,ba,ppm,42.0,2,pass,,jduong@lbl.gov,xrf
(ce)2bc8,47.0,,157,84.0,2025-10-13 11:30:00,schooner,cotton stem mix,cotton,zn,ppm,26.0,1,pass,,jduong@lbl.gov,xrf
(ce)2c00,47.0,,157,84.0,2025-10-13 11:30:00,schooner,cotton stem mix,cotton,sr,ppm,67.0,2,pass,,jduong@lbl.gov,xrf
(ce)364d,47.0,,157,84.0,2025-10-13 11:30:00,schooner,cotton stem mix,cotton,mn,ppm,60.0,3,pass,,jduong@lbl.gov,xrf
(ce)435b,47.0,,157,84.0,2025-10-13 11:30:00,schooner,cotton stem mix,cotton,cu,ppm,13.0,3,pass,,jduong@lbl.gov,xrf
(ce)45ea,47.0,,157,84.0,2025-10-13 11:30:00,schooner,cotton stem mix,cotton,mn,ppm,50.0,2,pass,,jduong@lbl.gov,xrf
(ce)4ad0,47.0,,157,84.0,2025-10-13 11:30:00,schooner,cotton stem mix,cotton,u,ppm,19.0,2,pass,,jduong@lbl.gov,xrf
(ce)549d,47.0,,157,84.0,2025-10-13 11:30:00,schooner,cotton stem mix,cotton,pr,ppm,57.0,2,pass,,jduong@lbl.gov,xrf
(ce)6638,47.0,,157,84.0,2025-10-13 11:30:00,schooner,cotton stem mix,cotton,fe,ppm,1700.0,2,pass,,jduong@lbl.gov,xrf
(ce)6921,47.0,,157,84.0,2025-10-13 11:30:00,schooner,cotton stem mix,cotton,cu,ppm,13.0,2,pass,,jduong@lbl.gov,xrf
(ce)6995,47.0,,157,84.0,2025-10-13 11:30:00,schooner,cotton stem mix,cotton,k,ppm,21900.0,3,pass,,jduong@lbl.gov,xrf
(ce)6abf,47.0,,157,84.0,2025-10-13 11:30:00,schooner,cotton stem mix,cotton,pr,ppm,53.0,1,pass,,jduong@lbl.gov,xrf
(ce)6b10,47.0,,157,84.0,2025-10-13 11:30:00,schooner,cotton stem mix,cotton,p,ppm,1320.0,1,pass,,jduong@lbl.gov,xrf
(ce)7551,47.0,,157,84.0,2025-10-13 11:30:00,schooner,cotton stem mix,cotton,si,ppm,7380.0,3,pass,,jduong@lbl.gov,xrf
(ce)7760,47.0,,157,84.0,2025-10-13 11:30:00,schooner,cotton stem mix,cotton,si,ppm,6850.0,2,pass,,jduong@lbl.gov,xrf
(ce)79f4,47.0,,157,84.0,2025-10-13 11:30:00,schooner,cotton stem mix,cotton,ca,ppm,16800.0,3,pass,,jduong@lbl.gov,xrf
(ce)7b74,47.0,,157,84.0,2025-10-13 11:30:00,schooner,cotton stem mix,cotton,si,ppm,7100.0,1,pass,,jduong@lbl.gov,xrf
(ce)8b7b,47.0,,157,84.0,2025-10-13 11:30:00,schooner,cotton stem mix,cotton,zn,ppm,24.0,2,pass,,jduong@lbl.gov,xrf
(ce)8e95,47.0,,157,84.0,2025-10-13 11:30:00,schooner,cotton stem mix,cotton,p,ppm,1340.0,3,pass,,jduong@lbl.gov,xrf
(ce)90c5,47.0,,157,84.0,2025-10-13 11:30:00,schooner,cotton stem mix,cotton,rb,ppm,22.0,2,pass,,jduong@lbl.gov,xrf
(ce)935b,47.0,,157,84.0,2025-10-13 11:30:00,schooner,cotton stem mix,cotton,mg,ppm,9650.0,3,pass,,jduong@lbl.gov,xrf
(ce)9453,47.0,,157,84.0,2025-10-13 11:30:00,schooner,cotton stem mix,cotton,rb,ppm,21.0,1,pass,,jduong@lbl.gov,xrf
(ce)9620,47.0,,157,84.0,2025-10-13 11:30:00,schooner,cotton stem mix,cotton,al,ppm,2810.0,2,pass,,jduong@lbl.gov,xrf
(ce)a0bd,47.0,,157,84.0,2025-10-13 11:30:00,schooner,cotton stem mix,cotton,al,ppm,2610.0,1,pass,,jduong@lbl.gov,xrf
(ce)a60d,47.0,,157,84.0,2025-10-13 11:30:00,schooner,cotton stem mix,cotton,ti,ppm,330.0,2,pass,,jduong@lbl.gov,xrf
(ce)a9ae,47.0,,157,84.0,2025-10-13 11:30:00,schooner,cotton stem mix,cotton,k,ppm,21800.0,2,pass,,jduong@lbl.gov,xrf
(ce)aa10,47.0,,157,84.0,2025-10-13 11:30:00,schooner,cotton stem mix,cotton,th,ppm,66.0,2,pass,,jduong@lbl.gov,xrf
(ce)b28e,47.0,,157,84.0,2025-10-13 11:30:00,schooner,cotton stem mix,cotton,p,ppm,1290.0,2,pass,,jduong@lbl.gov,xrf
(ce)b51c,47.0,,157,84.0,2025-10-13 11:30:00,schooner,cotton stem mix,cotton,u,ppm,21.0,3,pass,,jduong@lbl.gov,xrf
(ce)bc3f,47.0,,157,84.0,2025-10-13 11:30:00,schooner,cotton stem mix,cotton,sr,ppm,71.0,1,pass,,jduong@lbl.gov,xrf
(ce)c367,47.0,,157,84.0,2025-10-13 11:30:00,schooner,cotton stem mix,cotton,al,ppm,2250.0,3,pass,,jduong@lbl.gov,xrf
(ce)c419,47.0,,157,84.0,2025-10-13 11:30:00,schooner,cotton stem mix,cotton,zn,ppm,27.0,3,pass,,jduong@lbl.gov,xrf
(ce)c780,47.0,,157,84.0,2025-10-13 11:30:00,schooner,cotton stem mix,cotton,s,ppm,3990.0,2,pass,,jduong@lbl.gov,xrf
(ce)cafa,47.0,,157,84.0,2025-10-13 11:30:00,schooner,cotton stem mix,cotton,ti,ppm,236.0,1,pass,,jduong@lbl.gov,xrf
(ce)cc54,47.0,,157,84.0,2025-10-13 11:30:00,schooner,cotton stem mix,cotton,u,ppm,23.0,1,pass,,jduong@lbl.gov,xrf
(ce)d4a4,47.0,,157,84.0,2025-10-13 11:30:00,schooner,cotton stem mix,cotton,rb,ppm,23.0,3,pass,,jduong@lbl.gov,xrf
(ce)d9f9,47.0,,157,84.0,2025-10-13 11:30:00,schooner,cotton stem mix,cotton,mg,ppm,7090.0,2,pass,,jduong@lbl.gov,xrf
(ce)da9a,47.0,,157,84.0,2025-10-13 11:30:00,schooner,cotton stem mix,cotton,mn,ppm,74.0,1,pass,,jduong@lbl.gov,xrf
(ce)de24,47.0,,157,84.0,2025-10-13 11:30:00,schooner,cotton stem mix,cotton,fe,ppm,1680.0,1,pass,,jduong@lbl.gov,xrf
(ce)ea82,47.0,,157,84.0,2025-10-13 11:30:00,schooner,cotton stem mix,cotton,ca,ppm,16700.0,2,pass,,jduong@lbl.gov,xrf
(ce)ec8d,47.0,,157,84.0,2025-10-13 11:30:00,schooner,cotton stem mix,cotton,sr,ppm,68.0,3,pass,,jduong@lbl.gov,xrf
(ce)f488,47.0,,157,84.0,2025-10-13 11:30:00,schooner,cotton stem mix,cotton,th,ppm,65.0,1,pass,,jduong@lbl.gov,xrf
(ce)fa1a,47.0,,157,84.0,2025-10-13 11:30:00,schooner,cotton stem mix,cotton,cu,ppm,16.0,1,pass,,jduong@lbl.gov,xrf
(ce)fbcf,47.0,,157,84.0,2025-10-13 11:30:00,schooner,cotton stem mix,cotton,th,ppm,69.0,3,pass,,jduong@lbl.gov,xrf
(ce)fe76,47.0,,157,84.0,2025-10-13 11:30:00,schooner,cotton stem mix,cotton,k,ppm,21900.0,1,pass,,jduong@lbl.gov,xrf
(d2)002d,45.0,,24,9.0,2024-11-10 15:20:00,maplewood,spent yeast,grapes,mo,ppm,5.0,1,provisional,,xkang2@lbl.gov,xrf
(d2)175e,45.0,,24,9.0,2024-11-10 15:20:00,maplewood,spent yeast,grapes,mg,ppm,0.0,1,provisional,,xkang2@lbl.gov,xrf
(d2)29e0,45.0,,24,9.0,2024-11-10 15:20:00,maplewood,spent yeast,grapes,p,ppm,1270.0,1,provisional,,xkang2@lbl.gov,xrf
(d2)2b5f,45.0,,24,9.0,2024-11-10 15:20:00,maplewood,spent yeast,grapes,si,ppm,1390.0,1,provisional,,xkang2@lbl.gov,xrf
(d2)2f9f,45.0,,24,9.0,2024-11-10 15:20:00,maplewood,spent yeast,grapes,ce,ppm,0.0,1,provisional,,xkang2@lbl.gov,xrf
(d2)324c,45.0,,24,9.0,2024-11-10 15:20:00,maplewood,spent yeast,grapes,ni,ppm,0.0,1,provisional,,xkang2@lbl.gov,xrf
(d2)36f7,45.0,,24,9.0,2024-11-10 15:20:00,maplewood,spent yeast,grapes,s,ppm,744.0,1,provisional,,xkang2@lbl.gov,xrf
(d2)3fd7,45.0,,24,9.0,2024-11-10 15:20:00,maplewood,spent yeast,grapes,pb,ppm,0.0,1,provisional,,xkang2@lbl.gov,xrf
(d2)5acf,45.0,,24,9.0,2024-11-10 15:20:00,maplewood,spent yeast,grapes,pr,ppm,0.0,1,provisional,,xkang2@lbl.gov,xrf
(d2)6046,45.0,,24,9.0,2024-11-10 15:20:00,maplewood,spent yeast,grapes,sb,ppm,0.0,1,provisional,,xkang2@lbl.gov,xrf
(d2)6235,45.0,,24,9.0,2024-11-10 15:20:00,maplewood,spent yeast,grapes,hg,ppm,0.0,1,provisional,,xkang2@lbl.gov,xrf
(d2)6a0f,45.0,,24,9.0,2024-11-10 15:20:00,maplewood,spent yeast,grapes,cd,ppm,0.0,1,provisional,,xkang2@lbl.gov,xrf
(d2)6ee0,45.0,,24,9.0,2024-11-10 15:20:00,maplewood,spent yeast,grapes,nb,ppm,0.0,1,provisional,,xkang2@lbl.gov,xrf
(d2)72c6,45.0,,24,9.0,2024-11-10 15:20:00,maplewood,spent yeast,grapes,ti,ppm,0.0,1,provisional,,xkang2@lbl.gov,xrf
(d2)7416,45.0,,24,9.0,2024-11-10 15:20:00,maplewood,spent yeast,grapes,fe,ppm,233.0,1,provisional,,xkang2@lbl.gov,xrf
(d2)751e,45.0,,24,9.0,2024-11-10 15:20:00,maplewood,spent yeast,grapes,y,ppm,0.0,1,provisional,,xkang2@lbl.gov,xrf
(d2)7b33,45.0,,24,9.0,2024-11-10 15:20:00,maplewood,spent yeast,grapes,sr,ppm,8.0,1,provisional,,xkang2@lbl.gov,xrf
(d2)7db4,45.0,,24,9.0,2024-11-10 15:20:00,maplewood,spent yeast,grapes,zr,ppm,5.0,1,provisional,,xkang2@lbl.gov,xrf
(d2)7f98,45.0,,24,9.0,2024-11-10 15:20:00,maplewood,spent yeast,grapes,ba,ppm,0.0,1,provisional,,xkang2@lbl.gov,xrf
(d2)8e9a,45.0,,24,9.0,2024-11-10 15:20:00,maplewood,spent yeast,grapes,nd,ppm,0.0,1,provisional,,xkang2@lbl.gov,xrf
(d2)8ff2,45.0,,24,9.0,2024-11-10 15:20:00,maplewood,spent yeast,grapes,ag,ppm,0.0,1,provisional,,xkang2@lbl.gov,xrf
(d2)9354,45.0,,24,9.0,2024-11-10 15:20:00,maplewood,spent yeast,grapes,th,ppm,8.0,1,provisional,,xkang2@lbl.gov,xrf
(d2)94ce,45.0,,24,9.0,2024-11-10 15:20:00,maplewood,spent yeast,grapes,as,ppm,0.0,1,provisional,,xkang2@lbl.gov,xrf
(d2)99d5,45.0,,24,9.0,2024-11-10 15:20:00,maplewood,spent yeast,grapes,ca,ppm,1440.0,1,provisional,,xkang2@lbl.gov,xrf
(d2)9c6d,45.0,,24,9.0,2024-11-10 15:20:00,maplewood,spent yeast,grapes,mn,ppm,34.0,1,provisional,,xkang2@lbl.gov,xrf
(d2)9ee4,45.0,,24,9.0,2024-11-10 15:20:00,maplewood,spent yeast,grapes,rb,ppm,20.0,1,provisional,,xkang2@lbl.gov,xrf
(d2)b754,45.0,,24,9.0,2024-11-10 15:20:00,maplewood,spent yeast,grapes,sn,ppm,0.0,1,provisional,,xkang2@lbl.gov,xrf
(d2)be0d,45.0,,24,9.0,2024-11-10 15:20:00,maplewood,spent yeast,grapes,al,ppm,0.0,1,provisional,,xkang2@lbl.gov,xrf
(d2)c3b1,45.0,,24,9.0,2024-11-10 15:20:00,maplewood,spent yeast,grapes,cu,ppm,11.0,1,provisional,,xkang2@lbl.gov,xrf
(d2)c42d,45.0,,24,9.0,2024-11-10 15:20:00,maplewood,spent yeast,grapes,co,ppm,0.0,1,provisional,,xkang2@lbl.gov,xrf
(d2)c6c1,45.0,,24,9.0,2024-11-10 15:20:00,maplewood,spent yeast,grapes,se,ppm,0.0,1,provisional,,xkang2@lbl.gov,xrf
(d2)c86d,45.0,,24,9.0,2024-11-10 15:20:00,maplewood,spent yeast,grapes,cr,ppm,0.0,1,provisional,,xkang2@lbl.gov,xrf
(d2)cd3c,45.0,,24,9.0,2024-11-10 15:20:00,maplewood,spent yeast,grapes,v,ppm,0.0,1,provisional,,xkang2@lbl.gov,xrf
(d2)d1bd,45.0,,24,9.0,2024-11-10 15:20:00,maplewood,spent yeast,grapes,bi,ppm,0.0,1,provisional,,xkang2@lbl.gov,xrf
(d2)d7ad,45.0,,24,9.0,2024-11-10 15:20:00,maplewood,spent yeast,grapes,la,ppm,0.0,1,provisional,,xkang2@lbl.gov,xrf
(d2)d81d,45.0,,24,9.0,2024-11-10 15:20:00,maplewood,spent yeast,grapes,k,ppm,28700.0,1,provisional,,xkang2@lbl.gov,xrf
(d2)dd3a,45.0,,24,9.0,2024-11-10 15:20:00,maplewood,spent yeast,grapes,u,ppm,3.0,1,provisional,,xkang2@lbl.gov,xrf
(d2)dfe3,45.0,,24,9.0,2024-11-10 15:20:00,maplewood,spent yeast,grapes,w,ppm,0.0,1,provisional,,xkang2@lbl.gov,xrf
(d2)f193,45.0,,24,9.0,2024-11-10 15:20:00,maplewood,spent yeast,grapes,zn,ppm,17.0,1,provisional,,xkang2@lbl.gov,xrf
(d4)03db,47.0,,131,64.0,2025-09-03 12:00:00,tripod,pistachio stems & leaves,pistachios,sr,ppm,71.0,1,pass,,jduong@lbl.gov,xrf
(d4)072e,47.0,,131,64.0,2025-09-03 12:00:00,tripod,pistachio stems & leaves,pistachios,rb,ppm,50.0,2,pass,,jduong@lbl.gov,xrf
(d4)0b14,47.0,,131,64.0,2025-09-03 12:00:00,tripod,pistachio stems & leaves,pistachios,la,ppm,48.0,1,pass,,jduong@lbl.gov,xrf
(d4)0bd9,47.0,,131,64.0,2025-09-03 12:00:00,tripod,pistachio stems & leaves,pistachios,rb,ppm,52.0,1,pass,,jduong@lbl.gov,xrf
(d4)0e68,47.0,,131,64.0,2025-09-03 12:00:00,tripod,pistachio stems & leaves,pistachios,cu,ppm,16.0,2,pass,,jduong@lbl.gov,xrf
(d4)18f1,47.0,,131,64.0,2025-09-03 12:00:00,tripod,pistachio stems & leaves,pistachios,p,ppm,2720.0,2,pass,,jduong@lbl.gov,xrf
(d4)1bc6,47.0,,131,64.0,2025-09-03 12:00:00,tripod,pistachio stems & leaves,pistachios,sr,ppm,63.0,3,pass,,jduong@lbl.gov,xrf
(d4)1ed9,47.0,,131,64.0,2025-09-03 12:00:00,tripod,pistachio stems & leaves,pistachios,u,ppm,12.0,3,pass,,jduong@lbl.gov,xrf
(d4)2422,47.0,,131,64.0,2025-09-03 12:00:00,tripod,pistachio stems & leaves,pistachios,p,ppm,2700.0,3,pass,,jduong@lbl.gov,xrf
(d4)2876,47.0,,131,64.0,2025-09-03 12:00:00,tripod,pistachio stems & leaves,pistachios,ti,ppm,171.0,1,pass,,jduong@lbl.gov,xrf
(d4)2d2f,47.0,,131,64.0,2025-09-03 12:00:00,tripod,pistachio stems & leaves,pistachios,k,ppm,29600.0,3,pass,,jduong@lbl.gov,xrf
(d4)338b,47.0,,131,64.0,2025-09-03 12:00:00,tripod,pistachio stems & leaves,pistachios,zn,ppm,34.0,2,pass,,jduong@lbl.gov,xrf
(d4)3605,47.0,,131,64.0,2025-09-03 12:00:00,tripod,pistachio stems & leaves,pistachios,k,ppm,29800.0,1,pass,,jduong@lbl.gov,xrf
(d4)420b,47.0,,131,64.0,2025-09-03 12:00:00,tripod,pistachio stems & leaves,pistachios,u,ppm,11.0,1,pass,,jduong@lbl.gov,xrf
(d4)4dae,47.0,,131,64.0,2025-09-03 12:00:00,tripod,pistachio stems & leaves,pistachios,ba,ppm,33.0,1,pass,,jduong@lbl.gov,xrf
(d4)4e1d,47.0,,131,64.0,2025-09-03 12:00:00,tripod,pistachio stems & leaves,pistachios,mg,ppm,6350.0,1,pass,,jduong@lbl.gov,xrf
(d4)55f7,47.0,,131,64.0,2025-09-03 12:00:00,tripod,pistachio stems & leaves,pistachios,mg,ppm,7650.0,3,pass,,jduong@lbl.gov,xrf
(d4)5ded,47.0,,131,64.0,2025-09-03 12:00:00,tripod,pistachio stems & leaves,pistachios,s,ppm,2280.0,1,pass,,jduong@lbl.gov,xrf
(d4)5e0a,47.0,,131,64.0,2025-09-03 12:00:00,tripod,pistachio stems & leaves,pistachios,cu,ppm,17.0,3,pass,,jduong@lbl.gov,xrf
(d4)61db,47.0,,131,64.0,2025-09-03 12:00:00,tripod,pistachio stems & leaves,pistachios,ce,ppm,49.0,3,pass,,jduong@lbl.gov,xrf
(d4)64ba,47.0,,131,64.0,2025-09-03 12:00:00,tripod,pistachio stems & leaves,pistachios,si,ppm,2730.0,1,pass,,jduong@lbl.gov,xrf
(d4)76d9,47.0,,131,64.0,2025-09-03 12:00:00,tripod,pistachio stems & leaves,pistachios,la,ppm,52.0,2,pass,,jduong@lbl.gov,xrf
(d4)7724,47.0,,131,64.0,2025-09-03 12:00:00,tripod,pistachio stems & leaves,pistachios,u,ppm,14.0,2,pass,,jduong@lbl.gov,xrf
(d4)7d65,47.0,,131,64.0,2025-09-03 12:00:00,tripod,pistachio stems & leaves,pistachios,fe,ppm,430.0,2,pass,,jduong@lbl.gov,xrf
(d4)7e04,47.0,,131,64.0,2025-09-03 12:00:00,tripod,pistachio stems & leaves,pistachios,th,ppm,35.0,3,pass,,jduong@lbl.gov,xrf
(d4)8033,47.0,,131,64.0,2025-09-03 12:00:00,tripod,pistachio stems & leaves,pistachios,ce,ppm,91.0,2,pass,,jduong@lbl.gov,xrf
(d4)9a5c,47.0,,131,64.0,2025-09-03 12:00:00,tripod,pistachio stems & leaves,pistachios,th,ppm,35.0,1,pass,,jduong@lbl.gov,xrf
(d4)9a61,47.0,,131,64.0,2025-09-03 12:00:00,tripod,pistachio stems & leaves,pistachios,mn,ppm,78.0,3,pass,,jduong@lbl.gov,xrf
(d4)9b38,47.0,,131,64.0,2025-09-03 12:00:00,tripod,pistachio stems & leaves,pistachios,la,ppm,42.0,3,pass,,jduong@lbl.gov,xrf
(d4)b0a4,47.0,,131,64.0,2025-09-03 12:00:00,tripod,pistachio stems & leaves,pistachios,mg,ppm,7760.0,2,pass,,jduong@lbl.gov,xrf
(d4)b52c,47.0,,131,64.0,2025-09-03 12:00:00,tripod,pistachio stems & leaves,pistachios,si,ppm,2280.0,2,pass,,jduong@lbl.gov,xrf
(d4)b9a5,47.0,,131,64.0,2025-09-03 12:00:00,tripod,pistachio stems & leaves,pistachios,mn,ppm,73.0,2,pass,,jduong@lbl.gov,xrf
(d4)bbf8,47.0,,131,64.0,2025-09-03 12:00:00,tripod,pistachio stems & leaves,pistachios,ca,ppm,19100.0,3,pass,,jduong@lbl.gov,xrf
(d4)bd05,47.0,,131,64.0,2025-09-03 12:00:00,tripod,pistachio stems & leaves,pistachios,mn,ppm,77.0,1,pass,,jduong@lbl.gov,xrf
(d4)bd16,47.0,,131,64.0,2025-09-03 12:00:00,tripod,pistachio stems & leaves,pistachios,ti,ppm,225.0,2,pass,,jduong@lbl.gov,xrf
(d4)c26b,47.0,,131,64.0,2025-09-03 12:00:00,tripod,pistachio stems & leaves,pistachios,ca,ppm,23100.0,1,pass,,jduong@lbl.gov,xrf
(d4)c69e,47.0,,131,64.0,2025-09-03 12:00:00,tripod,pistachio stems & leaves,pistachios,p,ppm,2660.0,1,pass,,jduong@lbl.gov,xrf
(d4)c851,47.0,,131,64.0,2025-09-03 12:00:00,tripod,pistachio stems & leaves,pistachios,sr,ppm,64.0,2,pass,,jduong@lbl.gov,xrf
(d4)cafe,47.0,,131,64.0,2025-09-03 12:00:00,tripod,pistachio stems & leaves,pistachios,s,ppm,2410.0,2,pass,,jduong@lbl.gov,xrf
(d4)d0e1,47.0,,131,64.0,2025-09-03 12:00:00,tripod,pistachio stems & leaves,pistachios,ti,ppm,277.0,3,pass,,jduong@lbl.gov,xrf
(d4)d36b,47.0,,131,64.0,2025-09-03 12:00:00,tripod,pistachio stems & leaves,pistachios,zn,ppm,34.0,1,pass,,jduong@lbl.gov,xrf
(d4)da23,47.0,,131,64.0,2025-09-03 12:00:00,tripod,pistachio stems & leaves,pistachios,s,ppm,2320.0,3,pass,,jduong@lbl.gov,xrf
(d4)dbe3,47.0,,131,64.0,2025-09-03 12:00:00,tripod,pistachio stems & leaves,pistachios,ba,ppm,50.0,2,pass,,jduong@lbl.gov,xrf
(d4)dd86,47.0,,131,64.0,2025-09-03 12:00:00,tripod,pistachio stems & leaves,pistachios,th,ppm,38.0,2,pass,,jduong@lbl.gov,xrf
(d4)de8c,47.0,,131,64.0,2025-09-03 12:00:00,tripod,pistachio stems & leaves,pistachios,ca,ppm,19300.0,2,pass,,jduong@lbl.gov,xrf
(d4)e051,47.0,,131,64.0,2025-09-03 12:00:00,tripod,pistachio stems & leaves,pistachios,cu,ppm,19.0,1,pass,,jduong@lbl.gov,xrf
(d4)e384,47.0,,131,64.0,2025-09-03 12:00:00,tripod,pistachio stems & leaves,pistachios,ba,ppm,34.0,3,pass,,jduong@lbl.gov,xrf
(d4)e51b,47.0,,131,64.0,2025-09-03 12:00:00,tripod,pistachio stems & leaves,pistachios,rb,ppm,52.0,3,pass,,jduong@lbl.gov,xrf
(d4)f5aa,47.0,,131,64.0,2025-09-03 12:00:00,tripod,pistachio stems & leaves,pistachios,fe,ppm,486.0,1,pass,,jduong@lbl.gov,xrf
(d4)f6c8,47.0,,131,64.0,2025-09-03 12:00:00,tripod,pistachio stems & leaves,pistachios,fe,ppm,449.0,3,pass,,jduong@lbl.gov,xrf
(d4)f884,47.0,,131,64.0,2025-09-03 12:00:00,tripod,pistachio stems & leaves,pistachios,k,ppm,29800.0,2,pass,,jduong@lbl.gov,xrf
(d4)fd22,47.0,,131,64.0,2025-09-03 12:00:00,tripod,pistachio stems & leaves,pistachios,si,ppm,2460.0,3,pass,,jduong@lbl.gov,xrf
(d4)fecf,47.0,,131,64.0,2025-09-03 12:00:00,tripod,pistachio stems & leaves,pistachios,zn,ppm,36.0,3,pass,,jduong@lbl.gov,xrf
(d6)0264,47.0,,116,54.0,2025-08-27 12:15:00,rigging,grape pomace,grapes,u,ppm,17.0,1,pass,,jduong@lbl.gov,xrf
(d6)054d,47.0,,116,54.0,2025-08-27 12:15:00,rigging,grape pomace,grapes,s,ppm,2460.0,2,pass,,jduong@lbl.gov,xrf
(d6)0612,47.0,,116,54.0,2025-08-27 12:15:00,rigging,grape pomace,grapes,rb,ppm,21.0,1,pass,,jduong@lbl.gov,xrf
(d6)0aba,47.0,,116,54.0,2025-08-27 12:15:00,rigging,grape pomace,grapes,sr,ppm,38.0,3,pass,,jduong@lbl.gov,xrf
(d6)2297,47.0,,116,54.0,2025-08-27 12:15:00,rigging,grape pomace,grapes,fe,ppm,190.0,2,pass,,jduong@lbl.gov,xrf
(d6)27ed,47.0,,116,54.0,2025-08-27 12:15:00,rigging,grape pomace,grapes,sr,ppm,38.0,2,pass,,jduong@lbl.gov,xrf
(d6)2fcf,47.0,,116,54.0,2025-08-27 12:15:00,rigging,grape pomace,grapes,fe,ppm,180.0,3,pass,,jduong@lbl.gov,xrf
(d6)3037,47.0,,116,54.0,2025-08-27 12:15:00,rigging,grape pomace,grapes,rb,ppm,22.0,2,pass,,jduong@lbl.gov,xrf
(d6)39b5,47.0,,116,54.0,2025-08-27 12:15:00,rigging,grape pomace,grapes,p,ppm,2700.0,1,pass,,jduong@lbl.gov,xrf
(d6)3f05,47.0,,116,54.0,2025-08-27 12:15:00,rigging,grape pomace,grapes,cu,ppm,18.0,2,pass,,jduong@lbl.gov,xrf
(d6)3fe4,47.0,,116,54.0,2025-08-27 12:15:00,rigging,grape pomace,grapes,si,ppm,1680.0,3,pass,,jduong@lbl.gov,xrf
(d6)4c8c,47.0,,116,54.0,2025-08-27 12:15:00,rigging,grape pomace,grapes,th,ppm,45.0,1,pass,,jduong@lbl.gov,xrf
(d6)52bb,47.0,,116,54.0,2025-08-27 12:15:00,rigging,grape pomace,grapes,cu,ppm,22.0,3,pass,,jduong@lbl.gov,xrf
(d6)6143,47.0,,116,54.0,2025-08-27 12:15:00,rigging,grape pomace,grapes,rb,ppm,21.0,3,pass,,jduong@lbl.gov,xrf
(d6)64af,47.0,,116,54.0,2025-08-27 12:15:00,rigging,grape pomace,grapes,zn,ppm,21.0,2,pass,,jduong@lbl.gov,xrf
(d6)6855,47.0,,116,54.0,2025-08-27 12:15:00,rigging,grape pomace,grapes,th,ppm,51.0,3,pass,,jduong@lbl.gov,xrf
(d6)686c,47.0,,116,54.0,2025-08-27 12:15:00,rigging,grape pomace,grapes,s,ppm,2410.0,3,pass,,jduong@lbl.gov,xrf
(d6)716e,47.0,,116,54.0,2025-08-27 12:15:00,rigging,grape pomace,grapes,fe,ppm,195.0,1,pass,,jduong@lbl.gov,xrf
(d6)755e,47.0,,116,54.0,2025-08-27 12:15:00,rigging,grape pomace,grapes,ba,ppm,43.0,2,pass,,jduong@lbl.gov,xrf
(d6)76d7,47.0,,116,54.0,2025-08-27 12:15:00,rigging,grape pomace,grapes,si,ppm,2320.0,2,pass,,jduong@lbl.gov,xrf
(d6)7c46,47.0,,116,54.0,2025-08-27 12:15:00,rigging,grape pomace,grapes,mn,ppm,52.0,1,pass,,jduong@lbl.gov,xrf
(d6)837b,47.0,,116,54.0,2025-08-27 12:15:00,rigging,grape pomace,grapes,ca,ppm,4990.0,3,pass,,jduong@lbl.gov,xrf
(d6)8555,47.0,,116,54.0,2025-08-27 12:15:00,rigging,grape pomace,grapes,k,ppm,9540.0,2,pass,,jduong@lbl.gov,xrf
(d6)8bbf,47.0,,116,54.0,2025-08-27 12:15:00,rigging,grape pomace,grapes,k,ppm,9290.0,1,pass,,jduong@lbl.gov,xrf
(d6)9c4c,47.0,,116,54.0,2025-08-27 12:15:00,rigging,grape pomace,grapes,ca,ppm,4910.0,1,pass,,jduong@lbl.gov,xrf
(d6)9ea0,47.0,,116,54.0,2025-08-27 12:15:00,rigging,grape pomace,grapes,la,ppm,45.0,1,pass,,jduong@lbl.gov,xrf
(d6)a2fc,47.0,,116,54.0,2025-08-27 12:15:00,rigging,grape pomace,grapes,p,ppm,2840.0,2,pass,,jduong@lbl.gov,xrf
(d6)a9d3,47.0,,116,54.0,2025-08-27 12:15:00,rigging,grape pomace,grapes,ca,ppm,5130.0,2,pass,,jduong@lbl.gov,xrf
(d6)aa9c,47.0,,116,54.0,2025-08-27 12:15:00,rigging,grape pomace,grapes,zn,ppm,22.0,1,pass,,jduong@lbl.gov,xrf
(d6)b47f,47.0,,116,54.0,2025-08-27 12:15:00,rigging,grape pomace,grapes,si,ppm,2220.0,1,pass,,jduong@lbl.gov,xrf
(d6)b6ae,47.0,,116,54.0,2025-08-27 12:15:00,rigging,grape pomace,grapes,u,ppm,16.0,2,pass,,jduong@lbl.gov,xrf
(d6)c135,47.0,,116,54.0,2025-08-27 12:15:00,rigging,grape pomace,grapes,ba,ppm,33.0,3,pass,,jduong@lbl.gov,xrf
(d6)c576,47.0,,116,54.0,2025-08-27 12:15:00,rigging,grape pomace,grapes,s,ppm,2340.0,1,pass,,jduong@lbl.gov,xrf
(d6)c63c,47.0,,116,54.0,2025-08-27 12:15:00,rigging,grape pomace,grapes,la,ppm,48.0,2,pass,,jduong@lbl.gov,xrf
(d6)cabd,47.0,,116,54.0,2025-08-27 12:15:00,rigging,grape pomace,grapes,cu,ppm,14.0,1,pass,,jduong@lbl.gov,xrf
(d6)cdec,47.0,,116,54.0,2025-08-27 12:15:00,rigging,grape pomace,grapes,sr,ppm,40.0,1,pass,,jduong@lbl.gov,xrf
(d6)d115,47.0,,116,54.0,2025-08-27 12:15:00,rigging,grape pomace,grapes,k,ppm,9650.0,3,pass,,jduong@lbl.gov,xrf
(d6)d6dd,47.0,,116,54.0,2025-08-27 12:15:00,rigging,grape pomace,grapes,u,ppm,16.0,3,pass,,jduong@lbl.gov,xrf
(d6)d90b,47.0,,116,54.0,2025-08-27 12:15:00,rigging,grape pomace,grapes,p,ppm,2740.0,3,pass,,jduong@lbl.gov,xrf
(d6)dd9f,47.0,,116,54.0,2025-08-27 12:15:00,rigging,grape pomace,grapes,mn,ppm,59.0,2,pass,,jduong@lbl.gov,xrf
(d6)ddd8,47.0,,116,54.0,2025-08-27 12:15:00,rigging,grape pomace,grapes,zn,ppm,23.0,3,pass,,jduong@lbl.gov,xrf
(d6)ebfb,47.0,,116,54.0,2025-08-27 12:15:00,rigging,grape pomace,grapes,mn,ppm,46.0,3,pass,,jduong@lbl.gov,xrf
(d6)fdd3,47.0,,116,54.0,2025-08-27 12:15:00,rigging,grape pomace,grapes,th,ppm,44.0,2,pass,,jduong@lbl.gov,xrf
(da)0531,47.0,,82,38.0,2025-06-30 13:00:00,wardrobe,wheat straw,winter wheat,rb,ppm,59.0,3,pass,,jduong@lbl.gov,xrf
(da)0b06,47.0,,153,85.0,2025-10-21 15:10:00,tripod,pistachio shells,pistachios,ca,ppm,744.0,3,pass,,jduong@lbl.gov,xrf
(da)0b98,47.0,,153,85.0,2025-10-21 15:10:00,tripod,pistachio shells,pistachios,cu,ppm,6.0,3,pass,,jduong@lbl.gov,xrf
(da)0c12,47.0,,82,38.0,2025-06-30 13:00:00,wardrobe,wheat straw,winter wheat,ba,ppm,25.0,2,pass,,jduong@lbl.gov,xrf
(da)0ed7,47.0,,82,38.0,2025-06-30 13:00:00,wardrobe,wheat straw,winter wheat,th,ppm,73.0,2,pass,,jduong@lbl.gov,xrf
(da)12c5,47.0,,153,85.0,2025-10-21 15:10:00,tripod,pistachio shells,pistachios,ce,ppm,51.0,2,pass,,jduong@lbl.gov,xrf
(da)198d,47.0,,82,38.0,2025-06-30 13:00:00,wardrobe,wheat straw,winter wheat,al,ppm,1620.0,2,pass,,jduong@lbl.gov,xrf
(da)1b52,47.0,,82,38.0,2025-06-30 13:00:00,wardrobe,wheat straw,winter wheat,p,ppm,1290.0,2,pass,,jduong@lbl.gov,xrf
(da)1c17,47.0,,82,38.0,2025-06-30 13:00:00,wardrobe,wheat straw,winter wheat,mo,ppm,10.0,2,pass,,jduong@lbl.gov,xrf
(da)1e2a,47.0,,153,85.0,2025-10-21 15:10:00,tripod,pistachio shells,pistachios,zn,ppm,5.0,2,pass,,jduong@lbl.gov,xrf
(da)2022,47.0,,82,38.0,2025-06-30 13:00:00,wardrobe,wheat straw,winter wheat,th,ppm,73.0,3,pass,,jduong@lbl.gov,xrf
(da)270d,47.0,,82,38.0,2025-06-30 13:00:00,wardrobe,wheat straw,winter wheat,cu,ppm,12.0,1,pass,,jduong@lbl.gov,xrf
(da)2796,47.0,,82,38.0,2025-06-30 13:00:00,wardrobe,wheat straw,winter wheat,zn,ppm,27.0,2,pass,,jduong@lbl.gov,xrf
(da)2d9f,47.0,,153,85.0,2025-10-21 15:10:00,tripod,pistachio shells,pistachios,cu,ppm,6.0,1,pass,,jduong@lbl.gov,xrf
(da)322a,47.0,,82,38.0,2025-06-30 13:00:00,wardrobe,wheat straw,winter wheat,u,ppm,23.0,3,pass,,jduong@lbl.gov,xrf
(da)357c,47.0,,82,38.0,2025-06-30 13:00:00,wardrobe,wheat straw,winter wheat,al,ppm,1530.0,1,pass,,jduong@lbl.gov,xrf
(da)35c4,47.0,,82,38.0,2025-06-30 13:00:00,wardrobe,wheat straw,winter wheat,pb,ppm,6.0,1,pass,,jduong@lbl.gov,xrf
(da)3776,47.0,,82,38.0,2025-06-30 13:00:00,wardrobe,wheat straw,winter wheat,ca,ppm,5770.0,1,pass,,jduong@lbl.gov,xrf
(da)3986,47.0,,153,85.0,2025-10-21 15:10:00,tripod,pistachio shells,pistachios,mn,ppm,24.0,3,pass,,jduong@lbl.gov,xrf
(da)39e4,47.0,,82,38.0,2025-06-30 13:00:00,wardrobe,wheat straw,winter wheat,mo,ppm,11.0,1,pass,,jduong@lbl.gov,xrf
(da)3a75,47.0,,153,85.0,2025-10-21 15:10:00,tripod,pistachio shells,pistachios,cu,ppm,5.0,2,pass,,jduong@lbl.gov,xrf
(da)3b5c,47.0,,153,85.0,2025-10-21 15:10:00,tripod,pistachio shells,pistachios,s,ppm,318.0,2,pass,,jduong@lbl.gov,xrf
(da)3ef9,47.0,,153,85.0,2025-10-21 15:10:00,tripod,pistachio shells,pistachios,zn,ppm,6.0,1,pass,,jduong@lbl.gov,xrf
(da)41e0,47.0,,153,85.0,2025-10-21 15:10:00,tripod,pistachio shells,pistachios,fe,ppm,19.0,3,pass,,jduong@lbl.gov,xrf
(da)43d9,47.0,,82,38.0,2025-06-30 13:00:00,wardrobe,wheat straw,winter wheat,si,ppm,66800.0,3,pass,,jduong@lbl.gov,xrf
(da)4458,47.0,,82,38.0,2025-06-30 13:00:00,wardrobe,wheat straw,winter wheat,zn,ppm,30.0,3,pass,,jduong@lbl.gov,xrf
(da)47b8,47.0,,82,38.0,2025-06-30 13:00:00,wardrobe,wheat straw,winter wheat,k,ppm,38800.0,3,pass,,jduong@lbl.gov,xrf
(da)4a0a,47.0,,82,38.0,2025-06-30 13:00:00,wardrobe,wheat straw,winter wheat,rb,ppm,52.0,1,pass,,jduong@lbl.gov,xrf
(da)4b37,47.0,,153,85.0,2025-10-21 15:10:00,tripod,pistachio shells,pistachios,ba,ppm,23.0,2,pass,,jduong@lbl.gov,xrf
(da)4c31,47.0,,153,85.0,2025-10-21 15:10:00,tripod,pistachio shells,pistachios,p,ppm,347.0,1,pass,,jduong@lbl.gov,xrf
(da)4eeb,47.0,,82,38.0,2025-06-30 13:00:00,wardrobe,wheat straw,winter wheat,s,ppm,3060.0,3,pass,,jduong@lbl.gov,xrf
(da)4f76,47.0,,153,85.0,2025-10-21 15:10:00,tripod,pistachio shells,pistachios,mo,ppm,4.0,2,pass,,jduong@lbl.gov,xrf
(da)571b,47.0,,153,85.0,2025-10-21 15:10:00,tripod,pistachio shells,pistachios,fe,ppm,15.0,1,pass,,jduong@lbl.gov,xrf
(da)57a9,47.0,,153,85.0,2025-10-21 15:10:00,tripod,pistachio shells,pistachios,mn,ppm,17.0,1,pass,,jduong@lbl.gov,xrf
(da)59ab,47.0,,153,85.0,2025-10-21 15:10:00,tripod,pistachio shells,pistachios,si,ppm,296.0,1,pass,,jduong@lbl.gov,xrf
(da)5d68,47.0,,153,85.0,2025-10-21 15:10:00,tripod,pistachio shells,pistachios,rb,ppm,2.0,3,pass,,jduong@lbl.gov,xrf
(da)606e,47.0,,153,85.0,2025-10-21 15:10:00,tripod,pistachio shells,pistachios,th,ppm,48.0,1,pass,,jduong@lbl.gov,xrf
(da)61cb,47.0,,82,38.0,2025-06-30 13:00:00,wardrobe,wheat straw,winter wheat,ti,ppm,315.0,2,pass,,jduong@lbl.gov,xrf
(da)62a1,47.0,,82,38.0,2025-06-30 13:00:00,wardrobe,wheat straw,winter wheat,u,ppm,23.0,2,pass,,jduong@lbl.gov,xrf
(da)6516,47.0,,153,85.0,2025-10-21 15:10:00,tripod,pistachio shells,pistachios,rb,ppm,1.0,2,pass,,jduong@lbl.gov,xrf
(da)6931,47.0,,153,85.0,2025-10-21 15:10:00,tripod,pistachio shells,pistachios,s,ppm,3410.0,1,pass,,jduong@lbl.gov,xrf
(da)6aa7,47.0,,153,85.0,2025-10-21 15:10:00,tripod,pistachio shells,pistachios,al,ppm,544.0,2,pass,,jduong@lbl.gov,xrf
(da)7146,47.0,,82,38.0,2025-06-30 13:00:00,wardrobe,wheat straw,winter wheat,u,ppm,21.0,1,pass,,jduong@lbl.gov,xrf
(da)7524,47.0,,82,38.0,2025-06-30 13:00:00,wardrobe,wheat straw,winter wheat,ti,ppm,285.0,1,pass,,jduong@lbl.gov,xrf
(da)766d,47.0,,153,85.0,2025-10-21 15:10:00,tripod,pistachio shells,pistachios,k,ppm,778.0,1,pass,,jduong@lbl.gov,xrf
(da)79f2,47.0,,82,38.0,2025-06-30 13:00:00,wardrobe,wheat straw,winter wheat,rb,ppm,53.0,2,pass,,jduong@lbl.gov,xrf
(da)7f44,47.0,,82,38.0,2025-06-30 13:00:00,wardrobe,wheat straw,winter wheat,zn,ppm,25.0,1,pass,,jduong@lbl.gov,xrf
(da)82ee,47.0,,153,85.0,2025-10-21 15:10:00,tripod,pistachio shells,pistachios,rb,ppm,3.0,1,pass,,jduong@lbl.gov,xrf
(da)850e,47.0,,153,85.0,2025-10-21 15:10:00,tripod,pistachio shells,pistachios,la,ppm,40.0,2,pass,,jduong@lbl.gov,xrf
(da)89ee,47.0,,82,38.0,2025-06-30 13:00:00,wardrobe,wheat straw,winter wheat,si,ppm,65200.0,2,pass,,jduong@lbl.gov,xrf
(da)8e26,47.0,,82,38.0,2025-06-30 13:00:00,wardrobe,wheat straw,winter wheat,k,ppm,38800.0,1,pass,,jduong@lbl.gov,xrf
(da)8ead,47.0,,153,85.0,2025-10-21 15:10:00,tripod,pistachio shells,pistachios,mo,ppm,6.0,1,pass,,jduong@lbl.gov,xrf
(da)9161,47.0,,82,38.0,2025-06-30 13:00:00,wardrobe,wheat straw,winter wheat,al,ppm,2160.0,3,pass,,jduong@lbl.gov,xrf
(da)92c4,47.0,,82,38.0,2025-06-30 13:00:00,wardrobe,wheat straw,winter wheat,mo,ppm,9.0,3,pass,,jduong@lbl.gov,xrf
(da)92ec,47.0,,82,38.0,2025-06-30 13:00:00,wardrobe,wheat straw,winter wheat,mn,ppm,111.0,3,pass,,jduong@lbl.gov,xrf
(da)939f,47.0,,153,85.0,2025-10-21 15:10:00,tripod,pistachio shells,pistachios,ca,ppm,743.0,2,pass,,jduong@lbl.gov,xrf
(da)93db,47.0,,153,85.0,2025-10-21 15:10:00,tripod,pistachio shells,pistachios,ce,ppm,72.0,1,pass,,jduong@lbl.gov,xrf
(da)981f,47.0,,82,38.0,2025-06-30 13:00:00,wardrobe,wheat straw,winter wheat,fe,ppm,892.0,3,pass,,jduong@lbl.gov,xrf
(da)99ec,47.0,,153,85.0,2025-10-21 15:10:00,tripod,pistachio shells,pistachios,ca,ppm,174.0,1,pass,,jduong@lbl.gov,xrf
(da)9a02,47.0,,82,38.0,2025-06-30 13:00:00,wardrobe,wheat straw,winter wheat,cu,ppm,12.0,2,pass,,jduong@lbl.gov,xrf
(da)9c26,47.0,,153,85.0,2025-10-21 15:10:00,tripod,pistachio shells,pistachios,al,ppm,451.0,1,pass,,jduong@lbl.gov,xrf
(da)9d3c,47.0,,82,38.0,2025-06-30 13:00:00,wardrobe,wheat straw,winter wheat,sr,ppm,23.0,3,pass,,jduong@lbl.gov,xrf
(da)9ddc,47.0,,153,85.0,2025-10-21 15:10:00,tripod,pistachio shells,pistachios,s,ppm,331.0,3,pass,,jduong@lbl.gov,xrf
(da)a30e,47.0,,82,38.0,2025-06-30 13:00:00,wardrobe,wheat straw,winter wheat,sr,ppm,23.0,2,pass,,jduong@lbl.gov,xrf
(da)a318,47.0,,153,85.0,2025-10-21 15:10:00,tripod,pistachio shells,pistachios,si,ppm,762.0,3,pass,,jduong@lbl.gov,xrf
(da)a4aa,47.0,,82,38.0,2025-06-30 13:00:00,wardrobe,wheat straw,winter wheat,ca,ppm,6180.0,3,pass,,jduong@lbl.gov,xrf
(da)a637,47.0,,153,85.0,2025-10-21 15:10:00,tripod,pistachio shells,pistachios,la,ppm,38.0,1,pass,,jduong@lbl.gov,xrf
(da)a6b1,47.0,,82,38.0,2025-06-30 13:00:00,wardrobe,wheat straw,winter wheat,fe,ppm,834.0,2,pass,,jduong@lbl.gov,xrf
(da)a6ec,47.0,,153,85.0,2025-10-21 15:10:00,tripod,pistachio shells,pistachios,u,ppm,13.0,1,pass,,jduong@lbl.gov,xrf
(da)ab11,47.0,,153,85.0,2025-10-21 15:10:00,tripod,pistachio shells,pistachios,si,ppm,814.0,2,pass,,jduong@lbl.gov,xrf
(da)af45,47.0,,82,38.0,2025-06-30 13:00:00,wardrobe,wheat straw,winter wheat,sr,ppm,23.0,1,pass,,jduong@lbl.gov,xrf
(da)b117,47.0,,153,85.0,2025-10-21 15:10:00,tripod,pistachio shells,pistachios,th,ppm,43.0,3,pass,,jduong@lbl.gov,xrf
(da)b495,47.0,,82,38.0,2025-06-30 13:00:00,wardrobe,wheat straw,winter wheat,mn,ppm,103.0,2,pass,,jduong@lbl.gov,xrf
(da)b528,47.0,,82,38.0,2025-06-30 13:00:00,wardrobe,wheat straw,winter wheat,p,ppm,1340.0,1,pass,,jduong@lbl.gov,xrf
(da)b707,47.0,,153,85.0,2025-10-21 15:10:00,tripod,pistachio shells,pistachios,u,ppm,14.0,3,pass,,jduong@lbl.gov,xrf
(da)ba22,47.0,,153,85.0,2025-10-21 15:10:00,tripod,pistachio shells,pistachios,zn,ppm,7.0,3,pass,,jduong@lbl.gov,xrf
(da)bb41,47.0,,153,85.0,2025-10-21 15:10:00,tripod,pistachio shells,pistachios,mn,ppm,25.0,2,pass,,jduong@lbl.gov,xrf
(da)bdee,47.0,,153,85.0,2025-10-21 15:10:00,tripod,pistachio shells,pistachios,al,ppm,656.0,3,pass,,jduong@lbl.gov,xrf
(da)be82,47.0,,82,38.0,2025-06-30 13:00:00,wardrobe,wheat straw,winter wheat,s,ppm,3110.0,2,pass,,jduong@lbl.gov,xrf
(da)c2cf,47.0,,82,38.0,2025-06-30 13:00:00,wardrobe,wheat straw,winter wheat,fe,ppm,938.0,1,pass,,jduong@lbl.gov,xrf
(da)c32b,47.0,,153,85.0,2025-10-21 15:10:00,tripod,pistachio shells,pistachios,k,ppm,4190.0,2,pass,,jduong@lbl.gov,xrf
(da)c3ff,47.0,,153,85.0,2025-10-21 15:10:00,tripod,pistachio shells,pistachios,k,ppm,4220.0,3,pass,,jduong@lbl.gov,xrf
(da)c60a,47.0,,82,38.0,2025-06-30 13:00:00,wardrobe,wheat straw,winter wheat,cu,ppm,14.0,3,pass,,jduong@lbl.gov,xrf
(da)caca,47.0,,82,38.0,2025-06-30 13:00:00,wardrobe,wheat straw,winter wheat,th,ppm,79.0,1,pass,,jduong@lbl.gov,xrf
(da)d0cc,47.0,,82,38.0,2025-06-30 13:00:00,wardrobe,wheat straw,winter wheat,ba,ppm,25.0,1,pass,,jduong@lbl.gov,xrf
(da)d588,47.0,,82,38.0,2025-06-30 13:00:00,wardrobe,wheat straw,winter wheat,si,ppm,59700.0,1,pass,,jduong@lbl.gov,xrf
(da)d622,47.0,,82,38.0,2025-06-30 13:00:00,wardrobe,wheat straw,winter wheat,ca,ppm,6170.0,2,pass,,jduong@lbl.gov,xrf
(da)d9d7,47.0,,153,85.0,2025-10-21 15:10:00,tripod,pistachio shells,pistachios,p,ppm,304.0,3,pass,,jduong@lbl.gov,xrf
(da)da10,47.0,,82,38.0,2025-06-30 13:00:00,wardrobe,wheat straw,winter wheat,s,ppm,2780.0,1,pass,,jduong@lbl.gov,xrf
(da)e024,47.0,,153,85.0,2025-10-21 15:10:00,tripod,pistachio shells,pistachios,ba,ppm,30.0,1,pass,,jduong@lbl.gov,xrf
(da)e4be,47.0,,82,38.0,2025-06-30 13:00:00,wardrobe,wheat straw,winter wheat,p,ppm,1300.0,3,pass,,jduong@lbl.gov,xrf
(da)e8db,47.0,,153,85.0,2025-10-21 15:10:00,tripod,pistachio shells,pistachios,u,ppm,13.0,2,pass,,jduong@lbl.gov,xrf
(da)e97d,47.0,,82,38.0,2025-06-30 13:00:00,wardrobe,wheat straw,winter wheat,pb,ppm,5.0,2,pass,,jduong@lbl.gov,xrf
(da)eb64,47.0,,82,38.0,2025-06-30 13:00:00,wardrobe,wheat straw,winter wheat,k,ppm,39700.0,2,pass,,jduong@lbl.gov,xrf
(da)f06c,47.0,,153,85.0,2025-10-21 15:10:00,tripod,pistachio shells,pistachios,th,ppm,44.0,2,pass,,jduong@lbl.gov,xrf
(da)f16c,47.0,,153,85.0,2025-10-21 15:10:00,tripod,pistachio shells,pistachios,p,ppm,330.0,2,pass,,jduong@lbl.gov,xrf
(da)fa17,47.0,,82,38.0,2025-06-30 13:00:00,wardrobe,wheat straw,winter wheat,mn,ppm,85.0,1,pass,,jduong@lbl.gov,xrf
(ed)054d,47.0,,78,35.0,2025-06-30 11:45:00,possessive,alfalfa,hay - alfalfa,al,ppm,1410.0,3,pass,,jduong@lbl.gov,xrf
(ed)057d,47.0,,78,35.0,2025-06-30 11:45:00,possessive,alfalfa,hay - alfalfa,mo,ppm,5.0,3,pass,,jduong@lbl.gov,xrf
(ed)0c65,47.0,,109,115.0,,,grape pomace,grapes,k,ppm,19600.0,1,pass,,jduong@lbl.gov,xrf
(ed)0cb7,47.0,,109,115.0,,,grape pomace,grapes,la,ppm,62.0,3,pass,,jduong@lbl.gov,xrf
(ed)0cd3,47.0,,78,35.0,2025-06-30 11:45:00,possessive,alfalfa,hay - alfalfa,sr,ppm,110.0,1,pass,,jduong@lbl.gov,xrf
(ed)0eab,47.0,,109,115.0,,,grape pomace,grapes,rb,ppm,8.0,2,pass,,jduong@lbl.gov,xrf
(ed)1292,47.0,,109,115.0,,,grape pomace,grapes,th,ppm,44.0,3,pass,,jduong@lbl.gov,xrf
(ed)13de,47.0,,109,115.0,,,grape pomace,grapes,rb,ppm,8.0,3,pass,,jduong@lbl.gov,xrf
(ed)1429,47.0,,78,35.0,2025-06-30 11:45:00,possessive,alfalfa,hay - alfalfa,mn,ppm,46.0,3,pass,,jduong@lbl.gov,xrf
(ed)1827,47.0,,78,35.0,2025-06-30 11:45:00,possessive,alfalfa,hay - alfalfa,u,ppm,23.0,1,pass,,jduong@lbl.gov,xrf
(ed)1d32,47.0,,109,115.0,,,grape pomace,grapes,mo,ppm,7.0,3,pass,,jduong@lbl.gov,xrf
(ed)1ed9,47.0,,78,35.0,2025-06-30 11:45:00,possessive,alfalfa,hay - alfalfa,si,ppm,3440.0,3,pass,,jduong@lbl.gov,xrf
(ed)2185,47.0,,109,115.0,,,grape pomace,grapes,u,ppm,14.0,1,pass,,jduong@lbl.gov,xrf
(ed)22a6,47.0,,78,35.0,2025-06-30 11:45:00,possessive,alfalfa,hay - alfalfa,cu,ppm,23.0,1,pass,,jduong@lbl.gov,xrf
(ed)2472,47.0,,109,115.0,,,grape pomace,grapes,la,ppm,44.0,1,pass,,jduong@lbl.gov,xrf
(ed)2551,47.0,,109,115.0,,,grape pomace,grapes,ca,ppm,6640.0,3,pass,,jduong@lbl.gov,xrf
(ed)2789,47.0,,78,35.0,2025-06-30 11:45:00,possessive,alfalfa,hay - alfalfa,pb,ppm,4.0,2,pass,,jduong@lbl.gov,xrf
(ed)2c2c,47.0,,78,35.0,2025-06-30 11:45:00,possessive,alfalfa,hay - alfalfa,s,ppm,4180.0,3,pass,,jduong@lbl.gov,xrf
(ed)2f4e,47.0,,109,115.0,,,grape pomace,grapes,p,ppm,3290.0,3,pass,,jduong@lbl.gov,xrf
(ed)32b6,47.0,,109,115.0,,,grape pomace,grapes,mn,ppm,37.0,1,pass,,jduong@lbl.gov,xrf
(ed)34e4,47.0,,109,115.0,,,grape pomace,grapes,mn,ppm,52.0,2,pass,,jduong@lbl.gov,xrf
(ed)37fc,47.0,,109,115.0,,,grape pomace,grapes,mo,ppm,4.0,2,pass,,jduong@lbl.gov,xrf
(ed)3abc,47.0,,109,115.0,,,grape pomace,grapes,fe,ppm,387.0,2,pass,,jduong@lbl.gov,xrf
(ed)4181,47.0,,109,115.0,,,grape pomace,grapes,ce,ppm,65.0,3,pass,,jduong@lbl.gov,xrf
(ed)41cb,47.0,,109,115.0,,,grape pomace,grapes,ca,ppm,6850.0,1,pass,,jduong@lbl.gov,xrf
(ed)43e1,47.0,,78,35.0,2025-06-30 11:45:00,possessive,alfalfa,hay - alfalfa,mg,ppm,12700.0,2,pass,,jduong@lbl.gov,xrf
(ed)45e3,47.0,,109,115.0,,,grape pomace,grapes,cu,ppm,24.0,3,pass,,jduong@lbl.gov,xrf
(ed)49b0,47.0,,109,115.0,,,grape pomace,grapes,cu,ppm,22.0,1,pass,,jduong@lbl.gov,xrf
(ed)4a9f,47.0,,78,35.0,2025-06-30 11:45:00,possessive,alfalfa,hay - alfalfa,si,ppm,4020.0,2,pass,,jduong@lbl.gov,xrf
(ed)4efd,47.0,,78,35.0,2025-06-30 11:45:00,possessive,alfalfa,hay - alfalfa,al,ppm,1800.0,1,pass,,jduong@lbl.gov,xrf
(ed)4fa6,47.0,,78,35.0,2025-06-30 11:45:00,possessive,alfalfa,hay - alfalfa,ba,ppm,24.0,3,pass,,jduong@lbl.gov,xrf
(ed)5160,47.0,,109,115.0,,,grape pomace,grapes,mn,ppm,46.0,3,pass,,jduong@lbl.gov,xrf
(ed)523f,47.0,,78,35.0,2025-06-30 11:45:00,possessive,alfalfa,hay - alfalfa,al,ppm,1660.0,2,pass,,jduong@lbl.gov,xrf
(ed)53ff,47.0,,78,35.0,2025-06-30 11:45:00,possessive,alfalfa,hay - alfalfa,sr,ppm,110.0,2,pass,,jduong@lbl.gov,xrf
(ed)5501,47.0,,78,35.0,2025-06-30 11:45:00,possessive,alfalfa,hay - alfalfa,zn,ppm,42.0,1,pass,,jduong@lbl.gov,xrf
(ed)56d3,47.0,,109,115.0,,,grape pomace,grapes,k,ppm,19000.0,3,pass,,jduong@lbl.gov,xrf
(ed)5845,47.0,,109,115.0,,,grape pomace,grapes,p,ppm,3300.0,2,pass,,jduong@lbl.gov,xrf
(ed)5c14,47.0,,109,115.0,,,grape pomace,grapes,si,ppm,2730.0,3,pass,,jduong@lbl.gov,xrf
(ed)627d,47.0,,78,35.0,2025-06-30 11:45:00,possessive,alfalfa,hay - alfalfa,rb,ppm,55.0,3,pass,,jduong@lbl.gov,xrf
(ed)6371,47.0,,109,115.0,,,grape pomace,grapes,ba,ppm,26.0,1,pass,,jduong@lbl.gov,xrf
(ed)63ef,47.0,,78,35.0,2025-06-30 11:45:00,possessive,alfalfa,hay - alfalfa,ba,ppm,28.0,2,pass,,jduong@lbl.gov,xrf
(ed)653f,47.0,,109,115.0,,,grape pomace,grapes,ba,ppm,33.0,2,pass,,jduong@lbl.gov,xrf
(ed)6849,47.0,,109,115.0,,,grape pomace,grapes,k,ppm,19100.0,2,pass,,jduong@lbl.gov,xrf
(ed)6d70,47.0,,109,115.0,,,grape pomace,grapes,fe,ppm,366.0,1,pass,,jduong@lbl.gov,xrf
(ed)6da1,47.0,,78,35.0,2025-06-30 11:45:00,possessive,alfalfa,hay - alfalfa,mg,ppm,11700.0,1,pass,,jduong@lbl.gov,xrf
(ed)6ec0,47.0,,78,35.0,2025-06-30 11:45:00,possessive,alfalfa,hay - alfalfa,s,ppm,4550.0,2,pass,,jduong@lbl.gov,xrf
(ed)6f85,47.0,,78,35.0,2025-06-30 11:45:00,possessive,alfalfa,hay - alfalfa,zn,ppm,44.0,3,pass,,jduong@lbl.gov,xrf
(ed)7102,47.0,,109,115.0,,,grape pomace,grapes,sr,ppm,33.0,3,pass,,jduong@lbl.gov,xrf
(ed)7301,47.0,,78,35.0,2025-06-30 11:45:00,possessive,alfalfa,hay - alfalfa,th,ppm,60.0,1,pass,,jduong@lbl.gov,xrf
(ed)77f7,47.0,,109,115.0,,,grape pomace,grapes,s,ppm,2730.0,3,pass,,jduong@lbl.gov,xrf
(ed)7a9a,47.0,,109,115.0,,,grape pomace,grapes,ce,ppm,61.0,1,pass,,jduong@lbl.gov,xrf
(ed)7c69,47.0,,109,115.0,,,grape pomace,grapes,s,ppm,2740.0,2,pass,,jduong@lbl.gov,xrf
(ed)7d94,47.0,,109,115.0,,,grape pomace,grapes,pr,ppm,72.0,1,pass,,jduong@lbl.gov,xrf
(ed)83de,47.0,,78,35.0,2025-06-30 11:45:00,possessive,alfalfa,hay - alfalfa,mo,ppm,11.0,2,pass,,jduong@lbl.gov,xrf
(ed)8974,47.0,,78,35.0,2025-06-30 11:45:00,possessive,alfalfa,hay - alfalfa,cu,ppm,20.0,2,pass,,jduong@lbl.gov,xrf
(ed)8b54,47.0,,78,35.0,2025-06-30 11:45:00,possessive,alfalfa,hay - alfalfa,k,ppm,15700.0,1,pass,,jduong@lbl.gov,xrf
(ed)8dd0,47.0,,109,115.0,,,grape pomace,grapes,si,ppm,2800.0,1,pass,,jduong@lbl.gov,xrf
(ed)959a,47.0,,78,35.0,2025-06-30 11:45:00,possessive,alfalfa,hay - alfalfa,ba,ppm,25.0,1,pass,,jduong@lbl.gov,xrf
(ed)9622,47.0,,109,115.0,,,grape pomace,grapes,fe,ppm,377.0,3,pass,,jduong@lbl.gov,xrf
(ed)99fb,47.0,,78,35.0,2025-06-30 11:45:00,possessive,alfalfa,hay - alfalfa,k,ppm,15500.0,3,pass,,jduong@lbl.gov,xrf
(ed)9a25,47.0,,109,115.0,,,grape pomace,grapes,rb,ppm,8.0,1,pass,,jduong@lbl.gov,xrf
(ed)9b50,47.0,,109,115.0,,,grape pomace,grapes,cu,ppm,24.0,2,pass,,jduong@lbl.gov,xrf
(ed)9ba1,47.0,,109,115.0,,,grape pomace,grapes,zn,ppm,26.0,3,pass,,jduong@lbl.gov,xrf
(ed)9e36,47.0,,78,35.0,2025-06-30 11:45:00,possessive,alfalfa,hay - alfalfa,rb,ppm,56.0,1,pass,,jduong@lbl.gov,xrf
(ed)9e61,47.0,,78,35.0,2025-06-30 11:45:00,possessive,alfalfa,hay - alfalfa,th,ppm,52.0,2,pass,,jduong@lbl.gov,xrf
(ed)9e66,47.0,,78,35.0,2025-06-30 11:45:00,possessive,alfalfa,hay - alfalfa,u,ppm,19.0,3,pass,,jduong@lbl.gov,xrf
(ed)9efb,47.0,,78,35.0,2025-06-30 11:45:00,possessive,alfalfa,hay - alfalfa,rb,ppm,55.0,2,pass,,jduong@lbl.gov,xrf
(ed)a8cd,47.0,,78,35.0,2025-06-30 11:45:00,possessive,alfalfa,hay - alfalfa,mo,ppm,9.0,1,pass,,jduong@lbl.gov,xrf
(ed)a9be,47.0,,109,115.0,,,grape pomace,grapes,p,ppm,3410.0,1,pass,,jduong@lbl.gov,xrf
(ed)a9f6,47.0,,78,35.0,2025-06-30 11:45:00,possessive,alfalfa,hay - alfalfa,mn,ppm,58.0,2,pass,,jduong@lbl.gov,xrf
(ed)aa21,47.0,,78,35.0,2025-06-30 11:45:00,possessive,alfalfa,hay - alfalfa,k,ppm,16500.0,2,pass,,jduong@lbl.gov,xrf
(ed)aaae,47.0,,109,115.0,,,grape pomace,grapes,sr,ppm,33.0,1,pass,,jduong@lbl.gov,xrf
(ed)ae4b,47.0,,109,115.0,,,grape pomace,grapes,si,ppm,2660.0,2,pass,,jduong@lbl.gov,xrf
(ed)af66,47.0,,78,35.0,2025-06-30 11:45:00,possessive,alfalfa,hay - alfalfa,u,ppm,17.0,2,pass,,jduong@lbl.gov,xrf
(ed)af6e,47.0,,78,35.0,2025-06-30 11:45:00,possessive,alfalfa,hay - alfalfa,th,ppm,57.0,3,pass,,jduong@lbl.gov,xrf
(ed)b7e9,47.0,,78,35.0,2025-06-30 11:45:00,possessive,alfalfa,hay - alfalfa,ca,ppm,21900.0,3,pass,,jduong@lbl.gov,xrf
(ed)bec3,47.0,,78,35.0,2025-06-30 11:45:00,possessive,alfalfa,hay - alfalfa,s,ppm,4230.0,1,pass,,jduong@lbl.gov,xrf
(ed)bed2,47.0,,109,115.0,,,grape pomace,grapes,zn,ppm,23.0,1,pass,,jduong@lbl.gov,xrf
(ed)c28c,47.0,,78,35.0,2025-06-30 11:45:00,possessive,alfalfa,hay - alfalfa,ca,ppm,24300.0,2,pass,,jduong@lbl.gov,xrf
(ed)c293,47.0,,78,35.0,2025-06-30 11:45:00,possessive,alfalfa,hay - alfalfa,mg,ppm,10100.0,3,pass,,jduong@lbl.gov,xrf
(ed)c57d,47.0,,78,35.0,2025-06-30 11:45:00,possessive,alfalfa,hay - alfalfa,p,ppm,3900.0,2,pass,,jduong@lbl.gov,xrf
(ed)c8fb,47.0,,78,35.0,2025-06-30 11:45:00,possessive,alfalfa,hay - alfalfa,fe,ppm,407.0,2,pass,,jduong@lbl.gov,xrf
(ed)cb57,47.0,,109,115.0,,,grape pomace,grapes,s,ppm,2880.0,1,pass,,jduong@lbl.gov,xrf
(ed)cb6f,47.0,,109,115.0,,,grape pomace,grapes,u,ppm,13.0,2,pass,,jduong@lbl.gov,xrf
(ed)cc77,47.0,,109,115.0,,,grape pomace,grapes,ca,ppm,6650.0,2,pass,,jduong@lbl.gov,xrf
(ed)cf7f,47.0,,78,35.0,2025-06-30 11:45:00,possessive,alfalfa,hay - alfalfa,zn,ppm,43.0,2,pass,,jduong@lbl.gov,xrf
(ed)d1ee,47.0,,78,35.0,2025-06-30 11:45:00,possessive,alfalfa,hay - alfalfa,mn,ppm,51.0,1,pass,,jduong@lbl.gov,xrf
(ed)de76,47.0,,78,35.0,2025-06-30 11:45:00,possessive,alfalfa,hay - alfalfa,ca,ppm,23400.0,1,pass,,jduong@lbl.gov,xrf
(ed)df9e,47.0,,109,115.0,,,grape pomace,grapes,pr,ppm,100.0,3,pass,,jduong@lbl.gov,xrf
(ed)e038,47.0,,109,115.0,,,grape pomace,grapes,u,ppm,13.0,3,pass,,jduong@lbl.gov,xrf
(ed)e198,47.0,,78,35.0,2025-06-30 11:45:00,possessive,alfalfa,hay - alfalfa,p,ppm,3800.0,3,pass,,jduong@lbl.gov,xrf
(ed)e231,47.0,,78,35.0,2025-06-30 11:45:00,possessive,alfalfa,hay - alfalfa,cu,ppm,23.0,3,pass,,jduong@lbl.gov,xrf
(ed)e65c,47.0,,109,115.0,,,grape pomace,grapes,sr,ppm,33.0,2,pass,,jduong@lbl.gov,xrf
(ed)ebbd,47.0,,109,115.0,,,grape pomace,grapes,th,ppm,40.0,1,pass,,jduong@lbl.gov,xrf
(ed)ec76,47.0,,78,35.0,2025-06-30 11:45:00,possessive,alfalfa,hay - alfalfa,sr,ppm,105.0,3,pass,,jduong@lbl.gov,xrf
(ed)ee03,47.0,,78,35.0,2025-06-30 11:45:00,possessive,alfalfa,hay - alfalfa,pb,ppm,4.0,1,pass,,jduong@lbl.gov,xrf
(ed)eeff,47.0,,78,35.0,2025-06-30 11:45:00,possessive,alfalfa,hay - alfalfa,fe,ppm,404.0,1,pass,,jduong@lbl.gov,xrf
(ed)f1bc,47.0,,109,115.0,,,grape pomace,grapes,zn,ppm,25.0,2,pass,,jduong@lbl.gov,xrf
(ed)f255,47.0,,109,115.0,,,grape pomace,grapes,ba,ppm,36.0,3,pass,,jduong@lbl.gov,xrf
(ed)f290,47.0,,78,35.0,2025-06-30 11:45:00,possessive,alfalfa,hay - alfalfa,p,ppm,3730.0,1,pass,,jduong@lbl.gov,xrf
(ed)f740,47.0,,78,35.0,2025-06-30 11:45:00,possessive,alfalfa,hay - alfalfa,si,ppm,3770.0,1,pass,,jduong@lbl.gov,xrf
(ed)f900,47.0,,78,35.0,2025-06-30 11:45:00,possessive,alfalfa,hay - alfalfa,pb,ppm,4.0,3,pass,,jduong@lbl.gov,xrf
(ed)f93e,47.0,,78,35.0,2025-06-30 11:45:00,possessive,alfalfa,hay - alfalfa,fe,ppm,405.0,3,pass,,jduong@lbl.gov,xrf
(ed)fc33,47.0,,109,115.0,,,grape pomace,grapes,th,ppm,39.0,2,pass,,jduong@lbl.gov,xrf
(f2)0fde,47.0,,132,63.0,2025-09-03 12:00:00,tripod,pistachio hulls,pistachios,mn,ppm,32.0,2,pass,,jduong@lbl.gov,xrf
(f2)15c2,47.0,,132,63.0,2025-09-03 12:00:00,tripod,pistachio hulls,pistachios,u,ppm,5.0,3,pass,,jduong@lbl.gov,xrf
(f2)1836,47.0,,132,63.0,2025-09-03 12:00:00,tripod,pistachio hulls,pistachios,cu,ppm,15.0,1,pass,,jduong@lbl.gov,xrf
(f2)1f9e,47.0,,132,63.0,2025-09-03 12:00:00,tripod,pistachio hulls,pistachios,ca,ppm,4440.0,2,pass,,jduong@lbl.gov,xrf
(f2)2038,47.0,,132,63.0,2025-09-03 12:00:00,tripod,pistachio hulls,pistachios,zn,ppm,22.0,2,pass,,jduong@lbl.gov,xrf
(f2)2569,47.0,,132,63.0,2025-09-03 12:00:00,tripod,pistachio hulls,pistachios,rb,ppm,151.0,3,pass,,jduong@lbl.gov,xrf
(f2)2cbe,47.0,,132,63.0,2025-09-03 12:00:00,tripod,pistachio hulls,pistachios,ba,ppm,38.0,2,pass,,jduong@lbl.gov,xrf
(f2)2ec0,47.0,,132,63.0,2025-09-03 12:00:00,tripod,pistachio hulls,pistachios,mo,ppm,3.0,2,pass,,jduong@lbl.gov,xrf
(f2)3976,47.0,,132,63.0,2025-09-03 12:00:00,tripod,pistachio hulls,pistachios,mn,ppm,42.0,3,pass,,jduong@lbl.gov,xrf
(f2)39f7,47.0,,132,63.0,2025-09-03 12:00:00,tripod,pistachio hulls,pistachios,s,ppm,2980.0,3,pass,,jduong@lbl.gov,xrf
(f2)3a58,47.0,,132,63.0,2025-09-03 12:00:00,tripod,pistachio hulls,pistachios,th,ppm,12.0,2,pass,,jduong@lbl.gov,xrf
(f2)3f1d,47.0,,132,63.0,2025-09-03 12:00:00,tripod,pistachio hulls,pistachios,s,ppm,2890.0,1,pass,,jduong@lbl.gov,xrf
(f2)5026,47.0,,132,63.0,2025-09-03 12:00:00,tripod,pistachio hulls,pistachios,si,ppm,1340.0,3,pass,,jduong@lbl.gov,xrf
(f2)51e3,47.0,,132,63.0,2025-09-03 12:00:00,tripod,pistachio hulls,pistachios,fe,ppm,372.0,3,pass,,jduong@lbl.gov,xrf
(f2)6850,47.0,,132,63.0,2025-09-03 12:00:00,tripod,pistachio hulls,pistachios,th,ppm,12.0,1,pass,,jduong@lbl.gov,xrf
(f2)6bb5,47.0,,132,63.0,2025-09-03 12:00:00,tripod,pistachio hulls,pistachios,th,ppm,14.0,3,pass,,jduong@lbl.gov,xrf
(f2)6c3e,47.0,,132,63.0,2025-09-03 12:00:00,tripod,pistachio hulls,pistachios,sr,ppm,21.0,1,pass,,jduong@lbl.gov,xrf
(f2)712c,47.0,,132,63.0,2025-09-03 12:00:00,tripod,pistachio hulls,pistachios,ce,ppm,79.0,2,pass,,jduong@lbl.gov,xrf
(f2)7acf,47.0,,132,63.0,2025-09-03 12:00:00,tripod,pistachio hulls,pistachios,k,ppm,79100.0,2,pass,,jduong@lbl.gov,xrf
(f2)7c16,47.0,,132,63.0,2025-09-03 12:00:00,tripod,pistachio hulls,pistachios,u,ppm,6.0,1,pass,,jduong@lbl.gov,xrf
(f2)7fa0,47.0,,132,63.0,2025-09-03 12:00:00,tripod,pistachio hulls,pistachios,cu,ppm,9.0,2,pass,,jduong@lbl.gov,xrf
(f2)85e3,47.0,,132,63.0,2025-09-03 12:00:00,tripod,pistachio hulls,pistachios,zn,ppm,24.0,1,pass,,jduong@lbl.gov,xrf
(f2)8c75,47.0,,132,63.0,2025-09-03 12:00:00,tripod,pistachio hulls,pistachios,ca,ppm,4460.0,3,pass,,jduong@lbl.gov,xrf
(f2)8e81,47.0,,132,63.0,2025-09-03 12:00:00,tripod,pistachio hulls,pistachios,si,ppm,1210.0,2,pass,,jduong@lbl.gov,xrf
(f2)9299,47.0,,132,63.0,2025-09-03 12:00:00,tripod,pistachio hulls,pistachios,ba,ppm,30.0,1,pass,,jduong@lbl.gov,xrf
(f2)9812,47.0,,132,63.0,2025-09-03 12:00:00,tripod,pistachio hulls,pistachios,la,ppm,64.0,2,pass,,jduong@lbl.gov,xrf
(f2)9d83,47.0,,132,63.0,2025-09-03 12:00:00,tripod,pistachio hulls,pistachios,sr,ppm,21.0,3,pass,,jduong@lbl.gov,xrf
(f2)a535,47.0,,132,63.0,2025-09-03 12:00:00,tripod,pistachio hulls,pistachios,k,ppm,78800.0,3,pass,,jduong@lbl.gov,xrf
(f2)a6d6,47.0,,132,63.0,2025-09-03 12:00:00,tripod,pistachio hulls,pistachios,k,ppm,77300.0,1,pass,,jduong@lbl.gov,xrf
(f2)a82f,47.0,,132,63.0,2025-09-03 12:00:00,tripod,pistachio hulls,pistachios,zn,ppm,22.0,3,pass,,jduong@lbl.gov,xrf
(f2)aa25,47.0,,132,63.0,2025-09-03 12:00:00,tripod,pistachio hulls,pistachios,p,ppm,1840.0,2,pass,,jduong@lbl.gov,xrf
(f2)b13f,47.0,,132,63.0,2025-09-03 12:00:00,tripod,pistachio hulls,pistachios,sr,ppm,21.0,2,pass,,jduong@lbl.gov,xrf
(f2)b655,47.0,,132,63.0,2025-09-03 12:00:00,tripod,pistachio hulls,pistachios,p,ppm,1940.0,3,pass,,jduong@lbl.gov,xrf
(f2)b7aa,47.0,,132,63.0,2025-09-03 12:00:00,tripod,pistachio hulls,pistachios,u,ppm,6.0,2,pass,,jduong@lbl.gov,xrf
(f2)b842,47.0,,132,63.0,2025-09-03 12:00:00,tripod,pistachio hulls,pistachios,mn,ppm,26.0,1,pass,,jduong@lbl.gov,xrf
(f2)bba9,47.0,,132,63.0,2025-09-03 12:00:00,tripod,pistachio hulls,pistachios,ca,ppm,4590.0,1,pass,,jduong@lbl.gov,xrf
(f2)bcbf,47.0,,132,63.0,2025-09-03 12:00:00,tripod,pistachio hulls,pistachios,la,ppm,73.0,3,pass,,jduong@lbl.gov,xrf
(f2)c584,47.0,,132,63.0,2025-09-03 12:00:00,tripod,pistachio hulls,pistachios,ba,ppm,49.0,3,pass,,jduong@lbl.gov,xrf
(f2)d1ae,47.0,,132,63.0,2025-09-03 12:00:00,tripod,pistachio hulls,pistachios,cu,ppm,19.0,3,pass,,jduong@lbl.gov,xrf
(f2)d306,47.0,,132,63.0,2025-09-03 12:00:00,tripod,pistachio hulls,pistachios,p,ppm,1860.0,1,pass,,jduong@lbl.gov,xrf
(f2)dc55,47.0,,132,63.0,2025-09-03 12:00:00,tripod,pistachio hulls,pistachios,fe,ppm,366.0,1,pass,,jduong@lbl.gov,xrf
(f2)e1d2,47.0,,132,63.0,2025-09-03 12:00:00,tripod,pistachio hulls,pistachios,s,ppm,2960.0,2,pass,,jduong@lbl.gov,xrf
(f2)f021,47.0,,132,63.0,2025-09-03 12:00:00,tripod,pistachio hulls,pistachios,si,ppm,1160.0,1,pass,,jduong@lbl.gov,xrf
(f2)f6fb,47.0,,132,63.0,2025-09-03 12:00:00,tripod,pistachio hulls,pistachios,fe,ppm,364.0,2,pass,,jduong@lbl.gov,xrf
(f2)f88d,47.0,,132,63.0,2025-09-03 12:00:00,tripod,pistachio hulls,pistachios,ce,ppm,79.0,3,pass,,jduong@lbl.gov,xrf
(f2)fbfd,47.0,,132,63.0,2025-09-03 12:00:00,tripod,pistachio hulls,pistachios,rb,ppm,150.0,2,pass,,jduong@lbl.gov,xrf
(f2)fc97,47.0,,132,63.0,2025-09-03 12:00:00,tripod,pistachio hulls,pistachios,rb,ppm,151.0,1,pass,,jduong@lbl.gov,xrf
(f6)078b,47.0,,83,39.0,2025-08-07 11:15:00,rushes,peach seeds,peaches,mn,ppm,28.0,3,pass,,jduong@lbl.gov,xrf
(f6)07f5,47.0,,83,39.0,2025-08-07 11:15:00,rushes,peach seeds,peaches,mo,ppm,4.0,3,pass,,jduong@lbl.gov,xrf
(f6)0a10,47.0,,83,39.0,2025-08-07 11:15:00,rushes,peach seeds,peaches,al,ppm,552.0,3,pass,,jduong@lbl.gov,xrf
(f6)0a1e,47.0,,83,39.0,2025-08-07 11:15:00,rushes,peach seeds,peaches,k,ppm,6930.0,2,pass,,jduong@lbl.gov,xrf
(f6)0bd0,47.0,,83,39.0,2025-08-07 11:15:00,rushes,peach seeds,peaches,si,ppm,209.0,2,pass,,jduong@lbl.gov,xrf
(f6)10ee,47.0,,83,39.0,2025-08-07 11:15:00,rushes,peach seeds,peaches,p,ppm,1680.0,3,pass,,jduong@lbl.gov,xrf
(f6)15fb,47.0,,83,39.0,2025-08-07 11:15:00,rushes,peach seeds,peaches,zn,ppm,12.0,1,pass,,jduong@lbl.gov,xrf
(f6)1c49,47.0,,83,39.0,2025-08-07 11:15:00,rushes,peach seeds,peaches,cu,ppm,12.0,2,pass,,jduong@lbl.gov,xrf
(f6)22ce,47.0,,83,39.0,2025-08-07 11:15:00,rushes,peach seeds,peaches,cu,ppm,12.0,3,pass,,jduong@lbl.gov,xrf
(f6)268d,47.0,,83,39.0,2025-08-07 11:15:00,rushes,peach seeds,peaches,si,ppm,288.0,1,pass,,jduong@lbl.gov,xrf
(f6)2b0f,47.0,,83,39.0,2025-08-07 11:15:00,rushes,peach seeds,peaches,k,ppm,7030.0,3,pass,,jduong@lbl.gov,xrf
(f6)2f04,47.0,,83,39.0,2025-08-07 11:15:00,rushes,peach seeds,peaches,s,ppm,719.0,3,pass,,jduong@lbl.gov,xrf
(f6)2fce,47.0,,83,39.0,2025-08-07 11:15:00,rushes,peach seeds,peaches,ca,ppm,602.0,1,pass,,jduong@lbl.gov,xrf
(f6)3a1f,47.0,,83,39.0,2025-08-07 11:15:00,rushes,peach seeds,peaches,al,ppm,524.0,2,pass,,jduong@lbl.gov,xrf
(f6)42a4,47.0,,83,39.0,2025-08-07 11:15:00,rushes,peach seeds,peaches,ca,ppm,612.0,3,pass,,jduong@lbl.gov,xrf
(f6)64c0,47.0,,83,39.0,2025-08-07 11:15:00,rushes,peach seeds,peaches,s,ppm,693.0,2,pass,,jduong@lbl.gov,xrf
(f6)7cdc,47.0,,83,39.0,2025-08-07 11:15:00,rushes,peach seeds,peaches,fe,ppm,48.0,1,pass,,jduong@lbl.gov,xrf
(f6)82cf,47.0,,83,39.0,2025-08-07 11:15:00,rushes,peach seeds,peaches,th,ppm,46.0,2,pass,,jduong@lbl.gov,xrf
(f6)875c,47.0,,83,39.0,2025-08-07 11:15:00,rushes,peach seeds,peaches,p,ppm,1640.0,2,pass,,jduong@lbl.gov,xrf
(f6)88f9,47.0,,83,39.0,2025-08-07 11:15:00,rushes,peach seeds,peaches,u,ppm,14.0,3,pass,,jduong@lbl.gov,xrf
(f6)92de,47.0,,83,39.0,2025-08-07 11:15:00,rushes,peach seeds,peaches,k,ppm,7480.0,1,pass,,jduong@lbl.gov,xrf
(f6)967a,47.0,,83,39.0,2025-08-07 11:15:00,rushes,peach seeds,peaches,mn,ppm,31.0,2,pass,,jduong@lbl.gov,xrf
(f6)9ae8,47.0,,83,39.0,2025-08-07 11:15:00,rushes,peach seeds,peaches,si,ppm,261.0,3,pass,,jduong@lbl.gov,xrf
(f6)9bb6,47.0,,83,39.0,2025-08-07 11:15:00,rushes,peach seeds,peaches,u,ppm,12.0,1,pass,,jduong@lbl.gov,xrf
(f6)9dd5,47.0,,83,39.0,2025-08-07 11:15:00,rushes,peach seeds,peaches,th,ppm,45.0,1,pass,,jduong@lbl.gov,xrf
(f6)a377,47.0,,83,39.0,2025-08-07 11:15:00,rushes,peach seeds,peaches,s,ppm,739.0,1,pass,,jduong@lbl.gov,xrf
(f6)b01d,47.0,,83,39.0,2025-08-07 11:15:00,rushes,peach seeds,peaches,fe,ppm,46.0,2,pass,,jduong@lbl.gov,xrf
(f6)b039,47.0,,83,39.0,2025-08-07 11:15:00,rushes,peach seeds,peaches,ca,ppm,619.0,2,pass,,jduong@lbl.gov,xrf
(f6)b1f1,47.0,,83,39.0,2025-08-07 11:15:00,rushes,peach seeds,peaches,fe,ppm,47.0,3,pass,,jduong@lbl.gov,xrf
(f6)c482,47.0,,83,39.0,2025-08-07 11:15:00,rushes,peach seeds,peaches,mo,ppm,4.0,1,pass,,jduong@lbl.gov,xrf
(f6)cd6c,47.0,,83,39.0,2025-08-07 11:15:00,rushes,peach seeds,peaches,mo,ppm,4.0,2,pass,,jduong@lbl.gov,xrf
(f6)dbed,47.0,,83,39.0,2025-08-07 11:15:00,rushes,peach seeds,peaches,ti,ppm,154.0,2,pass,,jduong@lbl.gov,xrf
(f6)f3c0,47.0,,83,39.0,2025-08-07 11:15:00,rushes,peach seeds,peaches,th,ppm,48.0,3,pass,,jduong@lbl.gov,xrf
(f6)f64f,47.0,,83,39.0,2025-08-07 11:15:00,rushes,peach seeds,peaches,p,ppm,1730.0,1,pass,,jduong@lbl.gov,xrf
(f6)f773,47.0,,83,39.0,2025-08-07 11:15:00,rushes,peach seeds,peaches,zn,ppm,12.0,2,pass,,jduong@lbl.gov,xrf
(f6)f791,47.0,,83,39.0,2025-08-07 11:15:00,rushes,peach seeds,peaches,cu,ppm,13.0,1,pass,,jduong@lbl.gov,xrf
(f6)f7da,47.0,,83,39.0,2025-08-07 11:15:00,rushes,peach seeds,peaches,zn,ppm,12.0,3,pass,,jduong@lbl.gov,xrf
(f6)fe93,47.0,,83,39.0,2025-08-07 11:15:00,rushes,peach seeds,peaches,mn,ppm,30.0,1,pass,,jduong@lbl.gov,xrf
(f7)0cd3,47.0,,86,42.0,2025-08-07 12:00:00,rushes,peach stems / leaves,peaches,mg,ppm,8590.0,3,pass,,jduong@lbl.gov,xrf
(f7)1f1a,47.0,,86,42.0,2025-08-07 12:00:00,rushes,peach stems / leaves,peaches,ca,ppm,36400.0,1,pass,,jduong@lbl.gov,xrf
(f7)2537,47.0,,86,42.0,2025-08-07 12:00:00,rushes,peach stems / leaves,peaches,k,ppm,38600.0,3,pass,,jduong@lbl.gov,xrf
(f7)2cbd,47.0,,86,42.0,2025-08-07 12:00:00,rushes,peach stems / leaves,peaches,p,ppm,2210.0,3,pass,,jduong@lbl.gov,xrf
(f7)2e0e,47.0,,86,42.0,2025-08-07 12:00:00,rushes,peach stems / leaves,peaches,s,ppm,3200.0,3,pass,,jduong@lbl.gov,xrf
(f7)2e17,47.0,,86,42.0,2025-08-07 12:00:00,rushes,peach stems / leaves,peaches,si,ppm,8980.0,3,pass,,jduong@lbl.gov,xrf
(f7)32df,47.0,,86,42.0,2025-08-07 12:00:00,rushes,peach stems / leaves,peaches,y,ppm,8.0,2,pass,,jduong@lbl.gov,xrf
(f7)3e14,47.0,,86,42.0,2025-08-07 12:00:00,rushes,peach stems / leaves,peaches,mg,ppm,7710.0,1,pass,,jduong@lbl.gov,xrf
(f7)4179,47.0,,86,42.0,2025-08-07 12:00:00,rushes,peach stems / leaves,peaches,cu,ppm,65.0,1,pass,,jduong@lbl.gov,xrf
(f7)428a,47.0,,86,42.0,2025-08-07 12:00:00,rushes,peach stems / leaves,peaches,u,ppm,14.0,2,pass,,jduong@lbl.gov,xrf
(f7)44ed,47.0,,86,42.0,2025-08-07 12:00:00,rushes,peach stems / leaves,peaches,k,ppm,39100.0,1,pass,,jduong@lbl.gov,xrf
(f7)4585,47.0,,86,42.0,2025-08-07 12:00:00,rushes,peach stems / leaves,peaches,ti,ppm,340.0,2,pass,,jduong@lbl.gov,xrf
(f7)483c,47.0,,86,42.0,2025-08-07 12:00:00,rushes,peach stems / leaves,peaches,p,ppm,2190.0,2,pass,,jduong@lbl.gov,xrf
(f7)4974,47.0,,86,42.0,2025-08-07 12:00:00,rushes,peach stems / leaves,peaches,si,ppm,9200.0,2,pass,,jduong@lbl.gov,xrf
(f7)5426,47.0,,86,42.0,2025-08-07 12:00:00,rushes,peach stems / leaves,peaches,al,ppm,2110.0,3,pass,,jduong@lbl.gov,xrf
(f7)58ee,47.0,,86,42.0,2025-08-07 12:00:00,rushes,peach stems / leaves,peaches,rb,ppm,15.0,3,pass,,jduong@lbl.gov,xrf
(f7)5c90,47.0,,86,42.0,2025-08-07 12:00:00,rushes,peach stems / leaves,peaches,s,ppm,3090.0,1,pass,,jduong@lbl.gov,xrf
(f7)5f04,47.0,,86,42.0,2025-08-07 12:00:00,rushes,peach stems / leaves,peaches,sr,ppm,222.0,1,pass,,jduong@lbl.gov,xrf
(f7)62d2,47.0,,86,42.0,2025-08-07 12:00:00,rushes,peach stems / leaves,peaches,pb,ppm,4.0,3,pass,,jduong@lbl.gov,xrf
(f7)6772,47.0,,86,42.0,2025-08-07 12:00:00,rushes,peach stems / leaves,peaches,fe,ppm,1400.0,1,pass,,jduong@lbl.gov,xrf
(f7)698c,47.0,,86,42.0,2025-08-07 12:00:00,rushes,peach stems / leaves,peaches,mn,ppm,182.0,2,pass,,jduong@lbl.gov,xrf
(f7)6991,47.0,,86,42.0,2025-08-07 12:00:00,rushes,peach stems / leaves,peaches,rb,ppm,12.0,1,pass,,jduong@lbl.gov,xrf
(f7)746f,47.0,,86,42.0,2025-08-07 12:00:00,rushes,peach stems / leaves,peaches,y,ppm,10.0,3,pass,,jduong@lbl.gov,xrf
(f7)74bc,47.0,,86,42.0,2025-08-07 12:00:00,rushes,peach stems / leaves,peaches,mn,ppm,158.0,3,pass,,jduong@lbl.gov,xrf
(f7)7693,47.0,,86,42.0,2025-08-07 12:00:00,rushes,peach stems / leaves,peaches,p,ppm,2110.0,1,pass,,jduong@lbl.gov,xrf
(f7)796e,47.0,,86,42.0,2025-08-07 12:00:00,rushes,peach stems / leaves,peaches,zn,ppm,90.0,3,pass,,jduong@lbl.gov,xrf
(f7)7f64,47.0,,86,42.0,2025-08-07 12:00:00,rushes,peach stems / leaves,peaches,th,ppm,36.0,3,pass,,jduong@lbl.gov,xrf
(f7)80da,47.0,,86,42.0,2025-08-07 12:00:00,rushes,peach stems / leaves,peaches,zn,ppm,84.0,1,pass,,jduong@lbl.gov,xrf
(f7)815b,47.0,,86,42.0,2025-08-07 12:00:00,rushes,peach stems / leaves,peaches,y,ppm,6.0,1,pass,,jduong@lbl.gov,xrf
(f7)87f7,47.0,,86,42.0,2025-08-07 12:00:00,rushes,peach stems / leaves,peaches,cu,ppm,66.0,3,pass,,jduong@lbl.gov,xrf
(f7)8890,47.0,,86,42.0,2025-08-07 12:00:00,rushes,peach stems / leaves,peaches,sr,ppm,213.0,3,pass,,jduong@lbl.gov,xrf
(f7)8919,47.0,,86,42.0,2025-08-07 12:00:00,rushes,peach stems / leaves,peaches,al,ppm,1410.0,1,pass,,jduong@lbl.gov,xrf
(f7)919b,47.0,,86,42.0,2025-08-07 12:00:00,rushes,peach stems / leaves,peaches,rb,ppm,14.0,2,pass,,jduong@lbl.gov,xrf
(f7)9249,47.0,,86,42.0,2025-08-07 12:00:00,rushes,peach stems / leaves,peaches,cu,ppm,72.0,2,pass,,jduong@lbl.gov,xrf
(f7)9258,47.0,,86,42.0,2025-08-07 12:00:00,rushes,peach stems / leaves,peaches,mn,ppm,152.0,1,pass,,jduong@lbl.gov,xrf
(f7)98da,47.0,,86,42.0,2025-08-07 12:00:00,rushes,peach stems / leaves,peaches,ba,ppm,69.0,3,pass,,jduong@lbl.gov,xrf
(f7)a238,47.0,,86,42.0,2025-08-07 12:00:00,rushes,peach stems / leaves,peaches,th,ppm,38.0,2,pass,,jduong@lbl.gov,xrf
(f7)af8a,47.0,,86,42.0,2025-08-07 12:00:00,rushes,peach stems / leaves,peaches,al,ppm,2500.0,2,pass,,jduong@lbl.gov,xrf
(f7)b000,47.0,,86,42.0,2025-08-07 12:00:00,rushes,peach stems / leaves,peaches,mg,ppm,8220.0,2,pass,,jduong@lbl.gov,xrf
(f7)b1d2,47.0,,86,42.0,2025-08-07 12:00:00,rushes,peach stems / leaves,peaches,sr,ppm,214.0,2,pass,,jduong@lbl.gov,xrf
(f7)b2f5,47.0,,86,42.0,2025-08-07 12:00:00,rushes,peach stems / leaves,peaches,u,ppm,14.0,1,pass,,jduong@lbl.gov,xrf
(f7)be18,47.0,,86,42.0,2025-08-07 12:00:00,rushes,peach stems / leaves,peaches,th,ppm,41.0,1,pass,,jduong@lbl.gov,xrf
(f7)be80,47.0,,86,42.0,2025-08-07 12:00:00,rushes,peach stems / leaves,peaches,pb,ppm,4.0,1,pass,,jduong@lbl.gov,xrf
(f7)c530,47.0,,86,42.0,2025-08-07 12:00:00,rushes,peach stems / leaves,peaches,u,ppm,14.0,3,pass,,jduong@lbl.gov,xrf
(f7)c68a,47.0,,86,42.0,2025-08-07 12:00:00,rushes,peach stems / leaves,peaches,ba,ppm,77.0,2,pass,,jduong@lbl.gov,xrf
(f7)c6c0,47.0,,86,42.0,2025-08-07 12:00:00,rushes,peach stems / leaves,peaches,k,ppm,38400.0,2,pass,,jduong@lbl.gov,xrf
(f7)d0e0,47.0,,86,42.0,2025-08-07 12:00:00,rushes,peach stems / leaves,peaches,ti,ppm,239.0,1,pass,,jduong@lbl.gov,xrf
(f7)d34b,47.0,,86,42.0,2025-08-07 12:00:00,rushes,peach stems / leaves,peaches,ba,ppm,55.0,1,pass,,jduong@lbl.gov,xrf
(f7)d64e,47.0,,86,42.0,2025-08-07 12:00:00,rushes,peach stems / leaves,peaches,fe,ppm,1760.0,3,pass,,jduong@lbl.gov,xrf
(f7)e141,47.0,,86,42.0,2025-08-07 12:00:00,rushes,peach stems / leaves,peaches,ca,ppm,35800.0,3,pass,,jduong@lbl.gov,xrf
(f7)ed51,47.0,,86,42.0,2025-08-07 12:00:00,rushes,peach stems / leaves,peaches,si,ppm,7870.0,1,pass,,jduong@lbl.gov,xrf
(f7)f95a,47.0,,86,42.0,2025-08-07 12:00:00,rushes,peach stems / leaves,peaches,zn,ppm,84.0,2,pass,,jduong@lbl.gov,xrf
(f7)fa2c,47.0,,86,42.0,2025-08-07 12:00:00,rushes,peach stems / leaves,peaches,ca,ppm,35700.0,2,pass,,jduong@lbl.gov,xrf
(f7)fcc7,47.0,,86,42.0,2025-08-07 12:00:00,rushes,peach stems / leaves,peaches,fe,ppm,1810.0,2,pass,,jduong@lbl.gov,xrf
(f7)ffc2,47.0,,86,42.0,2025-08-07 12:00:00,rushes,peach stems / leaves,peaches,s,ppm,3140.0,2,pass,,jduong@lbl.gov,xrf
(03)0e23,42.0,,50,17.0,2024-11-21 15:40:00,tiny,almond hulls,almonds,na,ppm,-35.6,1,pass,,mduran@lbl.gov,icp
(03)2293,42.0,,50,17.0,2024-11-21 15:40:00,tiny,almond hulls,almonds,s,ppm,260.0,2,pass,,mduran@lbl.gov,icp
(03)22e3,42.0,,50,17.0,2024-11-21 15:40:00,tiny,almond hulls,almonds,fe,ppm,17.8,1,pass,,mduran@lbl.gov,icp
(03)3939,42.0,,50,17.0,2024-11-21 15:40:00,tiny,almond hulls,almonds,mn,ppm,14.0,1,pass,,mduran@lbl.gov,icp
(03)3ba3,42.0,,50,17.0,2024-11-21 15:40:00,tiny,almond hulls,almonds,k,ppm,22100.0,2,pass,,mduran@lbl.gov,icp
(03)4572,42.0,,50,17.0,2024-11-21 15:40:00,tiny,almond hulls,almonds,mg,ppm,669.0,1,pass,,mduran@lbl.gov,icp
(03)4fce,42.0,,50,17.0,2024-11-21 15:40:00,tiny,almond hulls,almonds,nd,ppm,7.0,2,pass,,mduran@lbl.gov,icp
(03)5a50,42.0,,50,17.0,2024-11-21 15:40:00,tiny,almond hulls,almonds,ti,ppm,0.0,1,pass,,mduran@lbl.gov,icp
(03)623d,42.0,,50,17.0,2024-11-21 15:40:00,tiny,almond hulls,almonds,na,ppm,-227.0,2,pass,,mduran@lbl.gov,icp
(03)663f,42.0,,50,17.0,2024-11-21 15:40:00,tiny,almond hulls,almonds,si,ppm,17.8,1,pass,,mduran@lbl.gov,icp
(03)66c1,42.0,,50,17.0,2024-11-21 15:40:00,tiny,almond hulls,almonds,mg,ppm,712.0,2,pass,,mduran@lbl.gov,icp
(03)6da0,42.0,,50,17.0,2024-11-21 15:40:00,tiny,almond hulls,almonds,cu,ppm,11.0,2,pass,,mduran@lbl.gov,icp
(03)6f2d,42.0,,50,17.0,2024-11-21 15:40:00,tiny,almond hulls,almonds,p,ppm,697.0,2,pass,,mduran@lbl.gov,icp
(03)73d1,42.0,,50,17.0,2024-11-21 15:40:00,tiny,almond hulls,almonds,mn,ppm,15.0,2,pass,,mduran@lbl.gov,icp
(03)788f,42.0,,50,17.0,2024-11-21 15:40:00,tiny,almond hulls,almonds,ca,ppm,1620.0,2,pass,,mduran@lbl.gov,icp
(03)79be,42.0,,50,17.0,2024-11-21 15:40:00,tiny,almond hulls,almonds,al,ppm,14.0,2,pass,,mduran@lbl.gov,icp
(03)7b1c,42.0,,50,17.0,2024-11-21 15:40:00,tiny,almond hulls,almonds,k,ppm,21400.0,1,pass,,mduran@lbl.gov,icp
(03)7d30,42.0,,50,17.0,2024-11-21 15:40:00,tiny,almond hulls,almonds,zn,ppm,7.34,2,pass,,mduran@lbl.gov,icp
(03)8b1e,42.0,,50,17.0,2024-11-21 15:40:00,tiny,almond hulls,almonds,ca,ppm,1580.0,1,pass,,mduran@lbl.gov,icp
(03)8d5f,42.0,,50,17.0,2024-11-21 15:40:00,tiny,almond hulls,almonds,al,ppm,14.0,1,pass,,mduran@lbl.gov,icp
(03)9388,42.0,,50,17.0,2024-11-21 15:40:00,tiny,almond hulls,almonds,cu,ppm,11.0,1,pass,,mduran@lbl.gov,icp
(03)9d86,42.0,,50,17.0,2024-11-21 15:40:00,tiny,almond hulls,almonds,p,ppm,669.0,1,pass,,mduran@lbl.gov,icp
(03)a5bc,42.0,,50,17.0,2024-11-21 15:40:00,tiny,almond hulls,almonds,s,ppm,249.0,1,pass,,mduran@lbl.gov,icp
(03)a5d0,42.0,,50,17.0,2024-11-21 15:40:00,tiny,almond hulls,almonds,ti,ppm,0.0,2,pass,,mduran@lbl.gov,icp
(03)d3bd,42.0,,50,17.0,2024-11-21 15:40:00,tiny,almond hulls,almonds,fe,ppm,18.3,2,pass,,mduran@lbl.gov,icp
(03)d962,42.0,,50,17.0,2024-11-21 15:40:00,tiny,almond hulls,almonds,zn,ppm,7.11,1,pass,,mduran@lbl.gov,icp
(03)df48,42.0,,50,17.0,2024-11-21 15:40:00,tiny,almond hulls,almonds,nd,ppm,7.0,1,pass,,mduran@lbl.gov,icp
(03)f5d8,42.0,,50,17.0,2024-11-21 15:40:00,tiny,almond hulls,almonds,si,ppm,18.3,2,pass,,mduran@lbl.gov,icp
(0d)0c19,42.0,,52,27.0,2025-01-08 09:15:00,hairpin,sargassum,sargassum,ca,ppm,41900.0,1,pass,,mduran@lbl.gov,icp
(0d)0e8c,42.0,,52,27.0,2025-01-08 09:15:00,hairpin,sargassum,sargassum,ti,ppm,0.0,1,pass,,mduran@lbl.gov,icp
(0d)1940,42.0,,52,27.0,2025-01-08 09:15:00,hairpin,sargassum,sargassum,al,ppm,147.0,2,pass,,mduran@lbl.gov,icp
(0d)214e,42.0,,52,27.0,2025-01-08 09:15:00,hairpin,sargassum,sargassum,al,ppm,102.0,1,pass,,mduran@lbl.gov,icp
(0d)2a8a,42.0,,52,27.0,2025-01-08 09:15:00,hairpin,sargassum,sargassum,s,ppm,11400.0,2,pass,,mduran@lbl.gov,icp
(0d)2c69,42.0,,52,27.0,2025-01-08 09:15:00,hairpin,sargassum,sargassum,si,ppm,10.8,2,pass,,mduran@lbl.gov,icp
(0d)2df7,42.0,,52,27.0,2025-01-08 09:15:00,hairpin,sargassum,sargassum,mn,ppm,32.0,1,pass,,mduran@lbl.gov,icp
(0d)56b6,42.0,,52,27.0,2025-01-08 09:15:00,hairpin,sargassum,sargassum,mg,ppm,9200.0,2,pass,,mduran@lbl.gov,icp
(0d)6699,42.0,,52,27.0,2025-01-08 09:15:00,hairpin,sargassum,sargassum,p,ppm,729.0,2,pass,,mduran@lbl.gov,icp
(0d)7039,42.0,,52,27.0,2025-01-08 09:15:00,hairpin,sargassum,sargassum,mn,ppm,32.3,2,pass,,mduran@lbl.gov,icp
(0d)72ba,42.0,,52,27.0,2025-01-08 09:15:00,hairpin,sargassum,sargassum,nd,ppm,72.0,2,pass,,mduran@lbl.gov,icp
(0d)754b,42.0,,52,27.0,2025-01-08 09:15:00,hairpin,sargassum,sargassum,cu,ppm,11.0,1,pass,,mduran@lbl.gov,icp
(0d)9293,42.0,,52,27.0,2025-01-08 09:15:00,hairpin,sargassum,sargassum,k,ppm,48200.0,1,pass,,mduran@lbl.gov,icp
(0d)9ac9,42.0,,52,27.0,2025-01-08 09:15:00,hairpin,sargassum,sargassum,fe,ppm,251.0,1,pass,,mduran@lbl.gov,icp
(0d)9b36,42.0,,52,27.0,2025-01-08 09:15:00,hairpin,sargassum,sargassum,p,ppm,1010.0,1,pass,,mduran@lbl.gov,icp
(0d)a571,42.0,,52,27.0,2025-01-08 09:15:00,hairpin,sargassum,sargassum,nd,ppm,68.0,1,pass,,mduran@lbl.gov,icp
(0d)a64a,42.0,,52,27.0,2025-01-08 09:15:00,hairpin,sargassum,sargassum,s,ppm,11300.0,1,pass,,mduran@lbl.gov,icp
(0d)c2e6,42.0,,52,27.0,2025-01-08 09:15:00,hairpin,sargassum,sargassum,na,ppm,15900.0,1,pass,,mduran@lbl.gov,icp
(0d)c35c,42.0,,52,27.0,2025-01-08 09:15:00,hairpin,sargassum,sargassum,mg,ppm,9200.0,1,pass,,mduran@lbl.gov,icp
(0d)cbba,42.0,,52,27.0,2025-01-08 09:15:00,hairpin,sargassum,sargassum,fe,ppm,234.0,2,pass,,mduran@lbl.gov,icp
(0d)ce2e,42.0,,52,27.0,2025-01-08 09:15:00,hairpin,sargassum,sargassum,ca,ppm,42100.0,2,pass,,mduran@lbl.gov,icp
(0d)d418,42.0,,52,27.0,2025-01-08 09:15:00,hairpin,sargassum,sargassum,cu,ppm,11.0,2,pass,,mduran@lbl.gov,icp
(0d)daf7,42.0,,52,27.0,2025-01-08 09:15:00,hairpin,sargassum,sargassum,zn,ppm,17.9,2,pass,,mduran@lbl.gov,icp
(0d)db11,42.0,,52,27.0,2025-01-08 09:15:00,hairpin,sargassum,sargassum,si,ppm,10.8,1,pass,,mduran@lbl.gov,icp
(0d)e39e,42.0,,52,27.0,2025-01-08 09:15:00,hairpin,sargassum,sargassum,ti,ppm,0.0,2,pass,,mduran@lbl.gov,icp
(0d)f63e,42.0,,52,27.0,2025-01-08 09:15:00,hairpin,sargassum,sargassum,zn,ppm,14.4,1,pass,,mduran@lbl.gov,icp
(13)0a0b,42.0,,70,24.0,2024-12-16 00:00:00,humorous,almond shells,almonds,na,ppm,-211.0,2,pass,,mduran@lbl.gov,icp
(13)0ae7,42.0,,70,24.0,2024-12-16 00:00:00,humorous,almond shells,almonds,nd,ppm,7.16,1,pass,,mduran@lbl.gov,icp
(13)0e1f,42.0,,70,24.0,2024-12-16 00:00:00,humorous,almond shells,almonds,s,ppm,204.0,1,pass,,mduran@lbl.gov,icp
(13)114d,42.0,,70,24.0,2024-12-16 00:00:00,humorous,almond shells,almonds,cu,ppm,10.7,2,pass,,mduran@lbl.gov,icp
(13)172d,42.0,,70,24.0,2024-12-16 00:00:00,humorous,almond shells,almonds,ti,ppm,0.0,1,pass,,mduran@lbl.gov,icp
(13)1c96,43.0,,70,24.0,2024-12-16 00:00:00,humorous,almond shells,almonds,k,pc,1.76,1,pass,,,icp
(13)1d63,42.0,,70,24.0,2024-12-16 00:00:00,humorous,almond shells,almonds,p,ppm,447.0,2,pass,,mduran@lbl.gov,icp
(13)2172,42.0,,70,24.0,2024-12-16 00:00:00,humorous,almond shells,almonds,mn,ppm,10.7,2,pass,,mduran@lbl.gov,icp
(13)2602,42.0,,70,24.0,2024-12-16 00:00:00,humorous,almond shells,almonds,p,ppm,691.0,1,pass,,mduran@lbl.gov,icp
(13)29e3,42.0,,70,24.0,2024-12-16 00:00:00,humorous,almond shells,almonds,si,ppm,18.0,1,pass,,mduran@lbl.gov,icp
(13)3289,42.0,,70,24.0,2024-12-16 00:00:00,humorous,almond shells,almonds,al,ppm,21.5,1,pass,,mduran@lbl.gov,icp
(13)372c,43.0,,70,24.0,2024-12-16 00:00:00,humorous,almond shells,almonds,cu,ppm,7.8,1,pass,,,icp
(13)3b41,43.0,,70,24.0,2024-12-16 00:00:00,humorous,almond shells,almonds,mn,ppm,14.7,1,pass,,,icp
(13)4fe7,42.0,,70,24.0,2024-12-16 00:00:00,humorous,almond shells,almonds,nd,ppm,7.15,2,pass,,mduran@lbl.gov,icp
(13)5348,43.0,,70,24.0,2024-12-16 00:00:00,humorous,almond shells,almonds,ca,pc,0.278,1,pass,,,icp
(13)69ab,42.0,,70,24.0,2024-12-16 00:00:00,humorous,almond shells,almonds,mg,ppm,595.0,1,pass,,mduran@lbl.gov,icp
(13)7a99,42.0,,70,24.0,2024-12-16 00:00:00,humorous,almond shells,almonds,mg,ppm,561.0,2,pass,,mduran@lbl.gov,icp
(13)7dab,42.0,,70,24.0,2024-12-16 00:00:00,humorous,almond shells,almonds,fe,ppm,14.0,2,pass,,mduran@lbl.gov,icp
(13)8909,42.0,,70,24.0,2024-12-16 00:00:00,humorous,almond shells,almonds,na,ppm,-179.0,1,pass,,mduran@lbl.gov,icp
(13)8f20,42.0,,70,24.0,2024-12-16 00:00:00,humorous,almond shells,almonds,k,ppm,12300.0,2,pass,,mduran@lbl.gov,icp
(13)92d7,42.0,,70,24.0,2024-12-16 00:00:00,humorous,almond shells,almonds,ti,ppm,0.0,2,pass,,mduran@lbl.gov,icp
(13)95ce,43.0,,70,24.0,2024-12-16 00:00:00,humorous,almond shells,almonds,zn,ppm,7.1,1,pass,,,icp
(13)9b73,42.0,,70,24.0,2024-12-16 00:00:00,humorous,almond shells,almonds,k,ppm,12800.0,1,pass,,mduran@lbl.gov,icp
(13)a199,42.0,,70,24.0,2024-12-16 00:00:00,humorous,almond shells,almonds,zn,ppm,4.0,2,pass,,mduran@lbl.gov,icp
(13)afc2,43.0,,70,24.0,2024-12-16 00:00:00,humorous,almond shells,almonds,b,ppm,57.6,1,pass,,,icp
(13)b12f,42.0,,70,24.0,2024-12-16 00:00:00,humorous,almond shells,almonds,cu,ppm,10.7,1,pass,,mduran@lbl.gov,icp
(13)bd21,42.0,,70,24.0,2024-12-16 00:00:00,humorous,almond shells,almonds,zn,ppm,4.0,1,pass,,mduran@lbl.gov,icp
(13)bf42,43.0,,70,24.0,2024-12-16 00:00:00,humorous,almond shells,almonds,mg,pc,0.078,1,pass,,,icp
(13)c159,42.0,,70,24.0,2024-12-16 00:00:00,humorous,almond shells,almonds,fe,ppm,14.0,1,pass,,mduran@lbl.gov,icp
(13)c1b2,42.0,,70,24.0,2024-12-16 00:00:00,humorous,almond shells,almonds,al,ppm,71.5,2,pass,,mduran@lbl.gov,icp
(13)cb09,42.0,,70,24.0,2024-12-16 00:00:00,humorous,almond shells,almonds,si,ppm,18.0,2,pass,,mduran@lbl.gov,icp
(13)cbe1,42.0,,70,24.0,2024-12-16 00:00:00,humorous,almond shells,almonds,mn,ppm,10.7,1,pass,,mduran@lbl.gov,icp
(13)d222,43.0,,70,24.0,2024-12-16 00:00:00,humorous,almond shells,almonds,fe,ppm,350.0,1,pass,,,icp
(13)d35c,42.0,,70,24.0,2024-12-16 00:00:00,humorous,almond shells,almonds,ca,ppm,1980.0,1,pass,,mduran@lbl.gov,icp
(13)d7b7,43.0,,70,24.0,2024-12-16 00:00:00,humorous,almond shells,almonds,p,pc,0.083,1,pass,,,icp
(13)dc71,42.0,,70,24.0,2024-12-16 00:00:00,humorous,almond shells,almonds,ca,ppm,1830.0,2,pass,,mduran@lbl.gov,icp
(13)e7cd,42.0,,70,24.0,2024-12-16 00:00:00,humorous,almond shells,almonds,s,ppm,189.0,2,pass,,mduran@lbl.gov,icp
(13)f8c4,43.0,,70,24.0,2024-12-16 00:00:00,humorous,almond shells,almonds,s,ppm,270.0,1,pass,,,icp
(15)0a77,43.0,,71,25.0,2024-12-16 00:00:00,humorous,almond hulls,almonds,p,pc,0.101,1,pass,,,icp
(15)0bdb,43.0,,71,25.0,2024-12-16 00:00:00,humorous,almond hulls,almonds,k,pc,2.97,1,pass,,,icp
(15)0d58,42.0,,71,25.0,2024-12-16 00:00:00,humorous,almond hulls,almonds,fe,ppm,14.4,1,pass,,mduran@lbl.gov,icp
(15)1188,43.0,,71,25.0,2024-12-16 00:00:00,humorous,almond hulls,almonds,mn,ppm,12.0,1,pass,,,icp
(15)143c,42.0,,71,25.0,2024-12-16 00:00:00,humorous,almond hulls,almonds,mg,ppm,918.0,2,pass,,mduran@lbl.gov,icp
(15)1a20,43.0,,71,25.0,2024-12-16 00:00:00,humorous,almond hulls,almonds,cu,ppm,4.6,2,pass,,,icp
(15)1b12,42.0,,71,25.0,2024-12-16 00:00:00,humorous,almond hulls,almonds,al,ppm,18.0,1,pass,,mduran@lbl.gov,icp
(15)1cdf,42.0,,71,25.0,2024-12-16 00:00:00,humorous,almond hulls,almonds,cu,ppm,4.0,1,pass,,mduran@lbl.gov,icp
(15)1f4f,42.0,,71,25.0,2024-12-16 00:00:00,humorous,almond hulls,almonds,nd,ppm,4.0,1,pass,,mduran@lbl.gov,icp
(15)2d9a,43.0,,71,25.0,2024-12-16 00:00:00,humorous,almond hulls,almonds,p,pc,0.1,1,pass,,,icp
(15)2f25,43.0,,71,25.0,2024-12-16 00:00:00,humorous,almond hulls,almonds,s,ppm,300.0,1,pass,,,icp
(15)33ce,43.0,,71,25.0,2024-12-16 00:00:00,humorous,almond hulls,almonds,zn,ppm,5.1,1,pass,,,icp
(15)3438,42.0,,71,25.0,2024-12-16 00:00:00,humorous,almond hulls,almonds,mg,ppm,889.0,1,pass,,mduran@lbl.gov,icp
(15)34ab,43.0,,71,25.0,2024-12-16 00:00:00,humorous,almond hulls,almonds,mg,pc,0.106,1,pass,,,icp
(15)3818,43.0,,71,25.0,2024-12-16 00:00:00,humorous,almond hulls,almonds,mn,ppm,12.5,1,pass,,,icp
(15)3909,42.0,,71,25.0,2024-12-16 00:00:00,humorous,almond hulls,almonds,mn,ppm,11.0,1,pass,,mduran@lbl.gov,icp
(15)391b,42.0,,71,25.0,2024-12-16 00:00:00,humorous,almond hulls,almonds,ti,ppm,0.0,1,pass,,mduran@lbl.gov,icp
(15)3b00,43.0,,71,25.0,2024-12-16 00:00:00,humorous,almond hulls,almonds,zn,ppm,4.9,1,pass,,,icp
(15)4668,43.0,,71,25.0,2024-12-16 00:00:00,humorous,almond hulls,almonds,k,pc,3.06,1,pass,,,icp
(15)47bb,42.0,,71,25.0,2024-12-16 00:00:00,humorous,almond hulls,almonds,ti,ppm,0.0,2,pass,,mduran@lbl.gov,icp
(15)4ba1,43.0,,71,25.0,2024-12-16 00:00:00,humorous,almond hulls,almonds,s,ppm,310.0,1,pass,,,icp
(15)5ad4,42.0,,71,25.0,2024-12-16 00:00:00,humorous,almond hulls,almonds,k,ppm,24100.0,1,pass,,mduran@lbl.gov,icp
(15)5d69,42.0,,71,25.0,2024-12-16 00:00:00,humorous,almond hulls,almonds,zn,ppm,3.59,2,pass,,mduran@lbl.gov,icp
(15)6272,43.0,,71,25.0,2024-12-16 00:00:00,humorous,almond hulls,almonds,ca,pc,0.24,1,pass,,,icp
(15)62e3,42.0,,71,25.0,2024-12-16 00:00:00,humorous,almond hulls,almonds,mn,ppm,10.8,2,pass,,mduran@lbl.gov,icp
(15)68af,42.0,,71,25.0,2024-12-16 00:00:00,humorous,almond hulls,almonds,p,ppm,1130.0,1,pass,,mduran@lbl.gov,icp
(15)69a9,42.0,,71,25.0,2024-12-16 00:00:00,humorous,almond hulls,almonds,si,ppm,21.6,1,pass,,mduran@lbl.gov,icp
(15)6d1e,42.0,,71,25.0,2024-12-16 00:00:00,humorous,almond hulls,almonds,na,ppm,36.0,1,pass,,mduran@lbl.gov,icp
(15)710f,43.0,,71,25.0,2024-12-16 00:00:00,humorous,almond hulls,almonds,mg,pc,0.106,1,pass,,,icp
(15)89d8,42.0,,71,25.0,2024-12-16 00:00:00,humorous,almond hulls,almonds,nd,ppm,11.0,2,pass,,mduran@lbl.gov,icp
(15)9524,42.0,,71,25.0,2024-12-16 00:00:00,humorous,almond hulls,almonds,p,ppm,773.0,2,pass,,mduran@lbl.gov,icp
(15)97a0,42.0,,71,25.0,2024-12-16 00:00:00,humorous,almond hulls,almonds,s,ppm,302.0,2,pass,,mduran@lbl.gov,icp
(15)99c1,43.0,,71,25.0,2024-12-16 00:00:00,humorous,almond hulls,almonds,ca,pc,0.245,1,pass,,,icp
(15)9ec4,42.0,,71,25.0,2024-12-16 00:00:00,humorous,almond hulls,almonds,zn,ppm,3.6,1,pass,,mduran@lbl.gov,icp
(15)a295,42.0,,71,25.0,2024-12-16 00:00:00,humorous,almond hulls,almonds,ca,ppm,2100.0,1,pass,,mduran@lbl.gov,icp
(15)a6f9,43.0,,71,25.0,2024-12-16 00:00:00,humorous,almond hulls,almonds,cu,ppm,4.9,1,pass,,,icp
(15)a897,43.0,,71,25.0,2024-12-16 00:00:00,humorous,almond hulls,almonds,b,ppm,137.0,1,pass,,,icp
(15)aca2,43.0,,71,25.0,2024-12-16 00:00:00,humorous,almond hulls,almonds,fe,ppm,137.0,1,pass,,,icp
(15)b384,42.0,,71,25.0,2024-12-16 00:00:00,humorous,almond hulls,almonds,cu,ppm,11.0,2,pass,,mduran@lbl.gov,icp
(15)c0c8,42.0,,71,25.0,2024-12-16 00:00:00,humorous,almond hulls,almonds,fe,ppm,14.4,2,pass,,mduran@lbl.gov,icp
(15)c67f,42.0,,71,25.0,2024-12-16 00:00:00,humorous,almond hulls,almonds,al,ppm,14.0,2,pass,,mduran@lbl.gov,icp
(15)caec,43.0,,71,25.0,2024-12-16 00:00:00,humorous,almond hulls,almonds,fe,ppm,136.0,1,pass,,,icp
(15)eaf2,42.0,,71,25.0,2024-12-16 00:00:00,humorous,almond hulls,almonds,ca,ppm,1960.0,2,pass,,mduran@lbl.gov,icp
(15)ee96,43.0,,71,25.0,2024-12-16 00:00:00,humorous,almond hulls,almonds,b,ppm,137.0,1,pass,,,icp
(15)ef17,42.0,,71,25.0,2024-12-16 00:00:00,humorous,almond hulls,almonds,si,ppm,21.6,2,pass,,mduran@lbl.gov,icp
(15)f921,42.0,,71,25.0,2024-12-16 00:00:00,humorous,almond hulls,almonds,s,ppm,281.0,1,pass,,mduran@lbl.gov,icp
(1a)05f3,42.0,,56,23.0,2024-12-05 13:30:00,tackle,sweet potato culls,sweet potatoes,mn,ppm,10.7,1,pass,,mduran@lbl.gov,icp
(1a)0653,42.0,,56,23.0,2024-12-05 13:30:00,tackle,sweet potato culls,sweet potatoes,cu,ppm,10.7,1,pass,,mduran@lbl.gov,icp
(1a)06f7,43.0,,56,23.0,2024-12-05 13:30:00,tackle,sweet potato culls,sweet potatoes,p,pc,0.298,1,pass,,,icp
(1a)0b9e,42.0,,56,23.0,2024-12-05 13:30:00,tackle,sweet potato culls,sweet potatoes,fe,ppm,18.0,2,pass,,mduran@lbl.gov,icp
(1a)134c,42.0,,56,23.0,2024-12-05 13:30:00,tackle,sweet potato culls,sweet potatoes,na,ppm,1140.0,1,pass,,mduran@lbl.gov,icp
(1a)2084,42.0,,56,23.0,2024-12-05 13:30:00,tackle,sweet potato culls,sweet potatoes,na,ppm,1250.0,2,pass,,mduran@lbl.gov,icp
(1a)20a4,42.0,,56,23.0,2024-12-05 13:30:00,tackle,sweet potato culls,sweet potatoes,al,ppm,14.3,1,pass,,mduran@lbl.gov,icp
(1a)2761,42.0,,56,23.0,2024-12-05 13:30:00,tackle,sweet potato culls,sweet potatoes,ti,ppm,0.0,2,pass,,mduran@lbl.gov,icp
(1a)3486,42.0,,56,23.0,2024-12-05 13:30:00,tackle,sweet potato culls,sweet potatoes,ca,ppm,2630.0,2,pass,,mduran@lbl.gov,icp
(1a)3c63,42.0,,56,23.0,2024-12-05 13:30:00,tackle,sweet potato culls,sweet potatoes,mg,ppm,1190.0,2,pass,,mduran@lbl.gov,icp
(1a)3e02,42.0,,56,23.0,2024-12-05 13:30:00,tackle,sweet potato culls,sweet potatoes,ca,ppm,2590.0,1,pass,,mduran@lbl.gov,icp
(1a)4714,42.0,,56,23.0,2024-12-05 13:30:00,tackle,sweet potato culls,sweet potatoes,nd,ppm,10.7,2,pass,,mduran@lbl.gov,icp
(1a)4aab,42.0,,56,23.0,2024-12-05 13:30:00,tackle,sweet potato culls,sweet potatoes,p,ppm,2240.0,1,pass,,mduran@lbl.gov,icp
(1a)52cd,43.0,,56,23.0,2024-12-05 13:30:00,tackle,sweet potato culls,sweet potatoes,fe,ppm,76.5,1,pass,,,icp
(1a)58c0,42.0,,56,23.0,2024-12-05 13:30:00,tackle,sweet potato culls,sweet potatoes,ti,ppm,0.0,1,pass,,mduran@lbl.gov,icp
(1a)5b61,42.0,,56,23.0,2024-12-05 13:30:00,tackle,sweet potato culls,sweet potatoes,si,ppm,25.0,1,pass,,mduran@lbl.gov,icp
(1a)60e1,42.0,,56,23.0,2024-12-05 13:30:00,tackle,sweet potato culls,sweet potatoes,k,ppm,15200.0,2,pass,,mduran@lbl.gov,icp
(1a)746d,42.0,,56,23.0,2024-12-05 13:30:00,tackle,sweet potato culls,sweet potatoes,nd,ppm,10.7,1,pass,,mduran@lbl.gov,icp
(1a)74ef,43.0,,56,23.0,2024-12-05 13:30:00,tackle,sweet potato culls,sweet potatoes,cu,ppm,7.2,1,pass,,,icp
(1a)82b1,42.0,,56,23.0,2024-12-05 13:30:00,tackle,sweet potato culls,sweet potatoes,zn,ppm,14.0,2,pass,,mduran@lbl.gov,icp
(1a)8623,43.0,,56,23.0,2024-12-05 13:30:00,tackle,sweet potato culls,sweet potatoes,mn,ppm,15.6,1,pass,,,icp
(1a)8710,43.0,,56,23.0,2024-12-05 13:30:00,tackle,sweet potato culls,sweet potatoes,b,ppm,9.1,1,pass,,,icp
(1a)8da6,42.0,,56,23.0,2024-12-05 13:30:00,tackle,sweet potato culls,sweet potatoes,zn,ppm,14.0,1,pass,,mduran@lbl.gov,icp
(1a)913a,42.0,,56,23.0,2024-12-05 13:30:00,tackle,sweet potato culls,sweet potatoes,mn,ppm,10.7,2,pass,,mduran@lbl.gov,icp
(1a)9379,42.0,,56,23.0,2024-12-05 13:30:00,tackle,sweet potato culls,sweet potatoes,cu,ppm,10.7,2,pass,,mduran@lbl.gov,icp
(1a)98a1,42.0,,56,23.0,2024-12-05 13:30:00,tackle,sweet potato culls,sweet potatoes,mg,ppm,1160.0,1,pass,,mduran@lbl.gov,icp
(1a)a865,43.0,,56,23.0,2024-12-05 13:30:00,tackle,sweet potato culls,sweet potatoes,ca,pc,0.331,1,pass,,,icp
(1a)b722,42.0,,56,23.0,2024-12-05 13:30:00,tackle,sweet potato culls,sweet potatoes,p,ppm,3230.0,2,pass,,mduran@lbl.gov,icp
(1a)ba95,42.0,,56,23.0,2024-12-05 13:30:00,tackle,sweet potato culls,sweet potatoes,al,ppm,10.7,2,pass,,mduran@lbl.gov,icp
(1a)bc49,43.0,,56,23.0,2024-12-05 13:30:00,tackle,sweet potato culls,sweet potatoes,zn,ppm,16.4,1,pass,,,icp
(1a)c1f1,43.0,,56,23.0,2024-12-05 13:30:00,tackle,sweet potato culls,sweet potatoes,s,ppm,1260.0,1,pass,,,icp
(1a)c493,42.0,,56,23.0,2024-12-05 13:30:00,tackle,sweet potato culls,sweet potatoes,fe,ppm,18.0,1,pass,,mduran@lbl.gov,icp
(1a)cc50,42.0,,56,23.0,2024-12-05 13:30:00,tackle,sweet potato culls,sweet potatoes,k,ppm,15000.0,1,pass,,mduran@lbl.gov,icp
(1a)da9e,42.0,,56,23.0,2024-12-05 13:30:00,tackle,sweet potato culls,sweet potatoes,si,ppm,25.0,2,pass,,mduran@lbl.gov,icp
(1a)dc80,42.0,,56,23.0,2024-12-05 13:30:00,tackle,sweet potato culls,sweet potatoes,s,ppm,1080.0,1,pass,,mduran@lbl.gov,icp
(1a)ec63,43.0,,56,23.0,2024-12-05 13:30:00,tackle,sweet potato culls,sweet potatoes,k,pc,1.99,1,pass,,,icp
(1a)f84c,42.0,,56,23.0,2024-12-05 13:30:00,tackle,sweet potato culls,sweet potatoes,s,ppm,1040.0,2,pass,,mduran@lbl.gov,icp
(1a)fbc9,43.0,,56,23.0,2024-12-05 13:30:00,tackle,sweet potato culls,sweet potatoes,mg,pc,0.14,1,pass,,,icp
(1b)02df,42.0,,64,6.0,2024-10-25 10:30:00,ebony,grape pomace,grapes,na,ppm,-244.0,2,pass,,mduran@lbl.gov,icp
(1b)1a06,43.0,,64,6.0,2024-10-25 10:30:00,ebony,grape pomace,grapes,mn,ppm,8.2,1,pass,,,icp
(1b)1acc,42.0,,64,6.0,2024-10-25 10:30:00,ebony,grape pomace,grapes,ti,ppm,4.0,1,pass,,mduran@lbl.gov,icp
(1b)21a6,42.0,,64,6.0,2024-10-25 10:30:00,ebony,grape pomace,grapes,si,ppm,28.5,2,pass,,mduran@lbl.gov,icp
(1b)2a97,42.0,,64,6.0,2024-10-25 10:30:00,ebony,grape pomace,grapes,al,ppm,18.0,2,pass,,mduran@lbl.gov,icp
(1b)3a5f,42.0,,64,6.0,2024-10-25 10:30:00,ebony,grape pomace,grapes,ti,ppm,4.0,2,pass,,mduran@lbl.gov,icp
(1b)3c04,43.0,,64,6.0,2024-10-25 10:30:00,ebony,grape pomace,grapes,p,pc,0.237,1,pass,,,icp
(1b)3c7f,42.0,,64,6.0,2024-10-25 10:30:00,ebony,grape pomace,grapes,zn,ppm,10.7,2,pass,,mduran@lbl.gov,icp
(1b)42db,43.0,,64,6.0,2024-10-25 10:30:00,ebony,grape pomace,grapes,fe,ppm,176.0,1,pass,,,icp
(1b)4805,42.0,,64,6.0,2024-10-25 10:30:00,ebony,grape pomace,grapes,al,ppm,18.0,1,pass,,mduran@lbl.gov,icp
(1b)4c23,42.0,,64,6.0,2024-10-25 10:30:00,ebony,grape pomace,grapes,p,ppm,1970.0,1,pass,,mduran@lbl.gov,icp
(1b)5342,43.0,,64,6.0,2024-10-25 10:30:00,ebony,grape pomace,grapes,mg,pc,0.098,1,pass,,,icp
(1b)53df,42.0,,64,6.0,2024-10-25 10:30:00,ebony,grape pomace,grapes,mg,ppm,839.0,1,pass,,mduran@lbl.gov,icp
(1b)6040,43.0,,64,6.0,2024-10-25 10:30:00,ebony,grape pomace,grapes,k,pc,2.83,1,pass,,,icp
(1b)63de,42.0,,64,6.0,2024-10-25 10:30:00,ebony,grape pomace,grapes,ca,ppm,2790.0,1,pass,,mduran@lbl.gov,icp
(1b)67a8,42.0,,64,6.0,2024-10-25 10:30:00,ebony,grape pomace,grapes,fe,ppm,10.7,1,pass,,mduran@lbl.gov,icp
(1b)6ca8,42.0,,64,6.0,2024-10-25 10:30:00,ebony,grape pomace,grapes,fe,ppm,14.2,2,pass,,mduran@lbl.gov,icp
(1b)75d7,42.0,,64,6.0,2024-10-25 10:30:00,ebony,grape pomace,grapes,nd,ppm,7.0,1,pass,,mduran@lbl.gov,icp
(1b)764e,42.0,,64,6.0,2024-10-25 10:30:00,ebony,grape pomace,grapes,zn,ppm,14.2,1,pass,,mduran@lbl.gov,icp
(1b)7bd5,43.0,,64,6.0,2024-10-25 10:30:00,ebony,grape pomace,grapes,zn,ppm,11.5,1,pass,,,icp
(1b)7f08,42.0,,64,6.0,2024-10-25 10:30:00,ebony,grape pomace,grapes,mn,ppm,7.0,1,pass,,mduran@lbl.gov,icp
(1b)82c1,42.0,,64,6.0,2024-10-25 10:30:00,ebony,grape pomace,grapes,cu,ppm,7.0,2,pass,,mduran@lbl.gov,icp
(1b)8f5f,43.0,,64,6.0,2024-10-25 10:30:00,ebony,grape pomace,grapes,b,ppm,42.1,1,pass,,,icp
(1b)9c2d,42.0,,64,6.0,2024-10-25 10:30:00,ebony,grape pomace,grapes,ca,ppm,2740.0,2,pass,,mduran@lbl.gov,icp
(1b)ae11,42.0,,64,6.0,2024-10-25 10:30:00,ebony,grape pomace,grapes,na,ppm,-237.0,1,pass,,mduran@lbl.gov,icp
(1b)b586,42.0,,64,6.0,2024-10-25 10:30:00,ebony,grape pomace,grapes,s,ppm,921.0,2,pass,,mduran@lbl.gov,icp
(1b)be05,42.0,,64,6.0,2024-10-25 10:30:00,ebony,grape pomace,grapes,k,ppm,21600.0,2,pass,,mduran@lbl.gov,icp
(1b)c1da,42.0,,64,6.0,2024-10-25 10:30:00,ebony,grape pomace,grapes,mn,ppm,7.0,2,pass,,mduran@lbl.gov,icp
(1b)c568,42.0,,64,6.0,2024-10-25 10:30:00,ebony,grape pomace,grapes,s,ppm,1000.0,1,pass,,mduran@lbl.gov,icp
(1b)c8e3,42.0,,64,6.0,2024-10-25 10:30:00,ebony,grape pomace,grapes,mg,ppm,842.0,2,pass,,mduran@lbl.gov,icp
(1b)d08e,42.0,,64,6.0,2024-10-25 10:30:00,ebony,grape pomace,grapes,p,ppm,1700.0,2,pass,,mduran@lbl.gov,icp
(1b)d689,43.0,,64,6.0,2024-10-25 10:30:00,ebony,grape pomace,grapes,s,ppm,1240.0,1,pass,,,icp
(1b)dac7,42.0,,64,6.0,2024-10-25 10:30:00,ebony,grape pomace,grapes,cu,ppm,11.0,1,pass,,mduran@lbl.gov,icp
(1b)debc,42.0,,64,6.0,2024-10-25 10:30:00,ebony,grape pomace,grapes,nd,ppm,7.0,2,pass,,mduran@lbl.gov,icp
(1b)e74e,42.0,,64,6.0,2024-10-25 10:30:00,ebony,grape pomace,grapes,si,ppm,24.8,1,pass,,mduran@lbl.gov,icp
(1b)ed0c,43.0,,64,6.0,2024-10-25 10:30:00,ebony,grape pomace,grapes,cu,ppm,9.4,1,pass,,,icp
(1b)f0fa,43.0,,64,6.0,2024-10-25 10:30:00,ebony,grape pomace,grapes,ca,pc,0.343,1,pass,,,icp
(1b)f250,42.0,,64,6.0,2024-10-25 10:30:00,ebony,grape pomace,grapes,k,ppm,22000.0,1,pass,,mduran@lbl.gov,icp
(24)046c,42.0,,49,16.0,2024-11-21 15:10:00,tiny,almond shells,almonds,al,ppm,40.0,1,pass,,mduran@lbl.gov,icp
(24)09a9,42.0,,49,16.0,2024-11-21 15:10:00,tiny,almond shells,almonds,zn,ppm,10.7,1,pass,,mduran@lbl.gov,icp
(24)0a68,42.0,,49,16.0,2024-11-21 15:10:00,tiny,almond shells,almonds,ca,ppm,3560.0,2,pass,,mduran@lbl.gov,icp
(24)0fd0,42.0,,49,16.0,2024-11-21 15:10:00,tiny,almond shells,almonds,si,ppm,14.2,2,pass,,mduran@lbl.gov,icp
(24)2598,42.0,,49,16.0,2024-11-21 15:10:00,tiny,almond shells,almonds,fe,ppm,46.5,2,pass,,mduran@lbl.gov,icp
(24)25f6,42.0,,49,16.0,2024-11-21 15:10:00,tiny,almond shells,almonds,ti,ppm,0.0,1,pass,,mduran@lbl.gov,icp
(24)264d,42.0,,49,16.0,2024-11-21 15:10:00,tiny,almond shells,almonds,k,ppm,21400.0,2,pass,,mduran@lbl.gov,icp
(24)2a93,42.0,,49,16.0,2024-11-21 15:10:00,tiny,almond shells,almonds,fe,ppm,50.8,1,pass,,mduran@lbl.gov,icp
(24)48aa,42.0,,49,16.0,2024-11-21 15:10:00,tiny,almond shells,almonds,al,ppm,39.0,2,pass,,mduran@lbl.gov,icp
(24)4cc3,42.0,,49,16.0,2024-11-21 15:10:00,tiny,almond shells,almonds,p,ppm,872.0,1,pass,,mduran@lbl.gov,icp
(24)4f15,42.0,,49,16.0,2024-11-21 15:10:00,tiny,almond shells,almonds,p,ppm,847.0,2,pass,,mduran@lbl.gov,icp
(24)6339,42.0,,49,16.0,2024-11-21 15:10:00,tiny,almond shells,almonds,nd,ppm,11.0,1,pass,,mduran@lbl.gov,icp
(24)755c,42.0,,49,16.0,2024-11-21 15:10:00,tiny,almond shells,almonds,mn,ppm,14.0,1,pass,,mduran@lbl.gov,icp
(24)8df9,42.0,,49,16.0,2024-11-21 15:10:00,tiny,almond shells,almonds,k,ppm,20700.0,1,pass,,mduran@lbl.gov,icp
(24)95c2,42.0,,49,16.0,2024-11-21 15:10:00,tiny,almond shells,almonds,na,ppm,111.0,1,pass,,mduran@lbl.gov,icp
(24)9d6c,42.0,,49,16.0,2024-11-21 15:10:00,tiny,almond shells,almonds,zn,ppm,10.7,2,pass,,mduran@lbl.gov,icp
(24)9f55,42.0,,49,16.0,2024-11-21 15:10:00,tiny,almond shells,almonds,ca,ppm,3460.0,1,pass,,mduran@lbl.gov,icp
(24)a0f9,42.0,,49,16.0,2024-11-21 15:10:00,tiny,almond shells,almonds,cu,ppm,7.0,1,pass,,mduran@lbl.gov,icp
(24)ab4b,42.0,,49,16.0,2024-11-21 15:10:00,tiny,almond shells,almonds,mg,ppm,650.0,1,pass,,mduran@lbl.gov,icp
(24)b7bb,42.0,,49,16.0,2024-11-21 15:10:00,tiny,almond shells,almonds,mg,ppm,651.0,2,pass,,mduran@lbl.gov,icp
(24)b91f,42.0,,49,16.0,2024-11-21 15:10:00,tiny,almond shells,almonds,cu,ppm,11.0,2,pass,,mduran@lbl.gov,icp
(24)b999,42.0,,49,16.0,2024-11-21 15:10:00,tiny,almond shells,almonds,mn,ppm,14.0,2,pass,,mduran@lbl.gov,icp
(24)bad4,42.0,,49,16.0,2024-11-21 15:10:00,tiny,almond shells,almonds,s,ppm,336.0,1,pass,,mduran@lbl.gov,icp
(24)cf04,42.0,,49,16.0,2024-11-21 15:10:00,tiny,almond shells,almonds,na,ppm,118.0,2,pass,,mduran@lbl.gov,icp
(24)eec2,42.0,,49,16.0,2024-11-21 15:10:00,tiny,almond shells,almonds,nd,ppm,11.0,2,pass,,mduran@lbl.gov,icp
(24)ef9f,42.0,,49,16.0,2024-11-21 15:10:00,tiny,almond shells,almonds,si,ppm,17.9,1,pass,,mduran@lbl.gov,icp
(24)effa,42.0,,49,16.0,2024-11-21 15:10:00,tiny,almond shells,almonds,ti,ppm,0.0,2,pass,,mduran@lbl.gov,icp
(24)fade,42.0,,49,16.0,2024-11-21 15:10:00,tiny,almond shells,almonds,s,ppm,343.0,2,pass,,mduran@lbl.gov,icp
(26)005d,42.0,,59,3.0,2024-09-24 11:40:00,oakleaf,tomato pomace,tomatoes for processing,nd,ppm,3.48,1,pass,,mduran@lbl.gov,icp
(26)02fc,42.0,,59,3.0,2024-09-24 11:40:00,oakleaf,tomato pomace,tomatoes for processing,mg,ppm,2250.0,1,pass,,mduran@lbl.gov,icp
(26)03d6,42.0,,59,3.0,2024-09-24 11:40:00,oakleaf,tomato pomace,tomatoes for processing,al,ppm,3.48,2,pass,,mduran@lbl.gov,icp
(26)058b,42.0,,59,3.0,2024-09-24 11:40:00,oakleaf,tomato pomace,tomatoes for processing,p,ppm,3650.0,1,pass,,mduran@lbl.gov,icp
(26)0be0,42.0,,59,3.0,2024-09-24 11:40:00,oakleaf,tomato pomace,tomatoes for processing,s,ppm,1530.0,2,pass,,mduran@lbl.gov,icp
(26)0e8c,42.0,,59,3.0,2024-09-24 11:40:00,oakleaf,tomato pomace,tomatoes for processing,mg,ppm,2180.0,2,pass,,mduran@lbl.gov,icp
(26)1f5e,43.0,,59,3.0,2024-09-24 11:40:00,oakleaf,tomato pomace,tomatoes for processing,zn,ppm,31.9,1,pass,,,icp
(26)2416,42.0,,59,3.0,2024-09-24 11:40:00,oakleaf,tomato pomace,tomatoes for processing,ca,ppm,1620.0,1,pass,internal_std_results,mduran@lbl.gov,icp
(26)2be5,43.0,,59,3.0,2024-09-24 11:40:00,oakleaf,tomato pomace,tomatoes for processing,mg,pc,0.221,1,pass,,,icp
(26)34ce,42.0,,59,3.0,2024-09-24 11:40:00,oakleaf,tomato pomace,tomatoes for processing,k,ppm,6300.0,1,pass,,mduran@lbl.gov,icp
(26)3c0c,43.0,,59,3.0,2024-09-24 11:40:00,oakleaf,tomato pomace,tomatoes for processing,k,pc,0.66,1,pass,,,icp
(26)4371,42.0,,59,3.0,2024-09-24 11:40:00,oakleaf,tomato pomace,tomatoes for processing,al,ppm,3.0,1,pass,internal standards serve as the primary qc check. internal_std_results,mduran@lbl.gov,icp
(26)4490,42.0,,59,3.0,2024-09-24 11:40:00,oakleaf,tomato pomace,tomatoes for processing,cu,ppm,10.5,2,pass,,mduran@lbl.gov,icp
(26)4709,42.0,,59,3.0,2024-09-24 11:40:00,oakleaf,tomato pomace,tomatoes for processing,p,ppm,2960.0,2,pass,,mduran@lbl.gov,icp
(26)6427,42.0,,59,3.0,2024-09-24 11:40:00,oakleaf,tomato pomace,tomatoes for processing,si,ppm,7.0,2,pass,,mduran@lbl.gov,icp
(26)6b6b,42.0,,59,3.0,2024-09-24 11:40:00,oakleaf,tomato pomace,tomatoes for processing,nd,ppm,3.55,2,pass,,mduran@lbl.gov,icp
(26)6fd6,42.0,,59,3.0,2024-09-24 11:40:00,oakleaf,tomato pomace,tomatoes for processing,zn,ppm,31.0,1,pass,,mduran@lbl.gov,icp
(26)7272,42.0,,59,3.0,2024-09-24 11:40:00,oakleaf,tomato pomace,tomatoes for processing,ti,ppm,3.48,1,pass,,mduran@lbl.gov,icp
(26)7eeb,42.0,,59,3.0,2024-09-24 11:40:00,oakleaf,tomato pomace,tomatoes for processing,k,ppm,5820.0,2,pass,,mduran@lbl.gov,icp
(26)8804,42.0,,59,3.0,2024-09-24 11:40:00,oakleaf,tomato pomace,tomatoes for processing,na,ppm,780.0,1,pass,,mduran@lbl.gov,icp
(26)93cd,43.0,,59,3.0,2024-09-24 11:40:00,oakleaf,tomato pomace,tomatoes for processing,ca,pc,0.15,1,pass,,,icp
(26)9bb8,42.0,,59,3.0,2024-09-24 11:40:00,oakleaf,tomato pomace,tomatoes for processing,mn,ppm,32.0,2,pass,,mduran@lbl.gov,icp
(26)9c15,42.0,,59,3.0,2024-09-24 11:40:00,oakleaf,tomato pomace,tomatoes for processing,si,ppm,10.0,1,pass,,mduran@lbl.gov,icp
(26)a23d,42.0,,59,3.0,2024-09-24 11:40:00,oakleaf,tomato pomace,tomatoes for processing,zn,ppm,43.0,2,pass,,mduran@lbl.gov,icp
(26)a2ec,43.0,,59,3.0,2024-09-24 11:40:00,oakleaf,tomato pomace,tomatoes for processing,cu,ppm,8.1,1,pass,,,icp
(26)c5a6,42.0,,59,3.0,2024-09-24 11:40:00,oakleaf,tomato pomace,tomatoes for processing,na,ppm,750.0,2,pass,,mduran@lbl.gov,icp
(26)d58c,43.0,,59,3.0,2024-09-24 11:40:00,oakleaf,tomato pomace,tomatoes for processing,fe,ppm,89.2,1,pass,,,icp
(26)dd79,42.0,,59,3.0,2024-09-24 11:40:00,oakleaf,tomato pomace,tomatoes for processing,s,ppm,1550.0,1,pass,,mduran@lbl.gov,icp
(26)de89,42.0,,59,3.0,2024-09-24 11:40:00,oakleaf,tomato pomace,tomatoes for processing,ca,ppm,1460.0,2,pass,,mduran@lbl.gov,icp
(26)e3e3,43.0,,59,3.0,2024-09-24 11:40:00,oakleaf,tomato pomace,tomatoes for processing,b,ppm,13.5,1,pass,,,icp
(26)e86a,42.0,,59,3.0,2024-09-24 11:40:00,oakleaf,tomato pomace,tomatoes for processing,fe,ppm,10.0,2,pass,,mduran@lbl.gov,icp
(26)e8f5,42.0,,59,3.0,2024-09-24 11:40:00,oakleaf,tomato pomace,tomatoes for processing,cu,ppm,10.0,1,pass,,mduran@lbl.gov,icp
(26)ebe2,43.0,,59,3.0,2024-09-24 11:40:00,oakleaf,tomato pomace,tomatoes for processing,mn,ppm,37.4,1,pass,,,icp
(26)f18a,42.0,,59,3.0,2024-09-24 11:40:00,oakleaf,tomato pomace,tomatoes for processing,mn,ppm,38.0,1,pass,,mduran@lbl.gov,icp
(26)f5fa,43.0,,59,3.0,2024-09-24 11:40:00,oakleaf,tomato pomace,tomatoes for processing,p,pc,0.362,1,pass,,,icp
(26)f767,43.0,,59,3.0,2024-09-24 11:40:00,oakleaf,tomato pomace,tomatoes for processing,s,ppm,1710.0,1,pass,,,icp
(26)f95b,42.0,,59,3.0,2024-09-24 11:40:00,oakleaf,tomato pomace,tomatoes for processing,fe,ppm,13.9,1,pass,,mduran@lbl.gov,icp
(26)fa46,42.0,,59,3.0,2024-09-24 11:40:00,oakleaf,tomato pomace,tomatoes for processing,ti,ppm,3.55,2,pass,,mduran@lbl.gov,icp
(31)0574,42.0,,48,14.0,2024-11-21 12:40:00,vibrant,almond hulls,almonds,na,ppm,-220.0,2,pass,,mduran@lbl.gov,icp
(31)09a4,42.0,,48,14.0,2024-11-21 12:40:00,vibrant,almond hulls,almonds,al,ppm,11.0,1,pass,,mduran@lbl.gov,icp
(31)0bc6,42.0,,48,14.0,2024-11-21 12:40:00,vibrant,almond hulls,almonds,fe,ppm,10.7,1,pass,,mduran@lbl.gov,icp
(31)131f,42.0,,48,14.0,2024-11-21 12:40:00,vibrant,almond hulls,almonds,zn,ppm,3.66,1,pass,,mduran@lbl.gov,icp
(31)2103,42.0,,48,14.0,2024-11-21 12:40:00,vibrant,almond hulls,almonds,k,ppm,16400.0,1,pass,,mduran@lbl.gov,icp
(31)3951,42.0,,48,14.0,2024-11-21 12:40:00,vibrant,almond hulls,almonds,s,ppm,234.0,2,pass,,mduran@lbl.gov,icp
(31)3a96,42.0,,48,14.0,2024-11-21 12:40:00,vibrant,almond hulls,almonds,mn,ppm,7.0,2,pass,,mduran@lbl.gov,icp
(31)4f76,42.0,,48,14.0,2024-11-21 12:40:00,vibrant,almond hulls,almonds,mn,ppm,7.0,1,pass,,mduran@lbl.gov,icp
(31)53ad,42.0,,48,14.0,2024-11-21 12:40:00,vibrant,almond hulls,almonds,si,ppm,18.0,2,pass,,mduran@lbl.gov,icp
(31)650f,42.0,,48,14.0,2024-11-21 12:40:00,vibrant,almond hulls,almonds,na,ppm,-47.6,1,pass,,mduran@lbl.gov,icp
(31)6866,42.0,,48,14.0,2024-11-21 12:40:00,vibrant,almond hulls,almonds,zn,ppm,3.6,2,pass,,mduran@lbl.gov,icp
(31)6f58,42.0,,48,14.0,2024-11-21 12:40:00,vibrant,almond hulls,almonds,ti,ppm,0.0,1,pass,,mduran@lbl.gov,icp
(31)738d,42.0,,48,14.0,2024-11-21 12:40:00,vibrant,almond hulls,almonds,al,ppm,15.0,2,pass,,mduran@lbl.gov,icp
(31)9be8,42.0,,48,14.0,2024-11-21 12:40:00,vibrant,almond hulls,almonds,p,ppm,549.0,2,pass,,mduran@lbl.gov,icp
(31)a87c,42.0,,48,14.0,2024-11-21 12:40:00,vibrant,almond hulls,almonds,k,ppm,18800.0,2,pass,,mduran@lbl.gov,icp
(31)b221,42.0,,48,14.0,2024-11-21 12:40:00,vibrant,almond hulls,almonds,fe,ppm,14.6,2,pass,,mduran@lbl.gov,icp
(31)ba4f,42.0,,48,14.0,2024-11-21 12:40:00,vibrant,almond hulls,almonds,ca,ppm,1550.0,1,pass,,mduran@lbl.gov,icp
(31)baff,42.0,,48,14.0,2024-11-21 12:40:00,vibrant,almond hulls,almonds,ti,ppm,0.0,2,pass,,mduran@lbl.gov,icp
(31)c567,42.0,,48,14.0,2024-11-21 12:40:00,vibrant,almond hulls,almonds,mg,ppm,1020.0,1,pass,,mduran@lbl.gov,icp
(31)c6dd,42.0,,48,14.0,2024-11-21 12:40:00,vibrant,almond hulls,almonds,cu,ppm,7.0,1,pass,,mduran@lbl.gov,icp
(31)c8c1,42.0,,48,14.0,2024-11-21 12:40:00,vibrant,almond hulls,almonds,cu,ppm,7.0,2,pass,,mduran@lbl.gov,icp
(31)cd71,42.0,,48,14.0,2024-11-21 12:40:00,vibrant,almond hulls,almonds,mg,ppm,1110.0,2,pass,,mduran@lbl.gov,icp
(31)cdbe,42.0,,48,14.0,2024-11-21 12:40:00,vibrant,almond hulls,almonds,nd,ppm,7.0,1,pass,,mduran@lbl.gov,icp
(31)e17b,42.0,,48,14.0,2024-11-21 12:40:00,vibrant,almond hulls,almonds,ca,ppm,1690.0,2,pass,,mduran@lbl.gov,icp
(31)f463,42.0,,48,14.0,2024-11-21 12:40:00,vibrant,almond hulls,almonds,p,ppm,468.0,1,pass,,mduran@lbl.gov,icp
(31)fb32,42.0,,48,14.0,2024-11-21 12:40:00,vibrant,almond hulls,almonds,s,ppm,172.0,1,pass,,mduran@lbl.gov,icp
(31)fdcb,42.0,,48,14.0,2024-11-21 12:40:00,vibrant,almond hulls,almonds,nd,ppm,4.0,2,pass,,mduran@lbl.gov,icp
(31)ff2f,42.0,,48,14.0,2024-11-21 12:40:00,vibrant,almond hulls,almonds,si,ppm,11.0,1,pass,,mduran@lbl.gov,icp
(37)0f49,42.0,,47,13.0,2024-11-21 12:10:00,vibrant,almond shells,almonds,s,ppm,200.0,1,pass,,mduran@lbl.gov,icp
(37)1595,42.0,,47,13.0,2024-11-21 12:10:00,vibrant,almond shells,almonds,cu,ppm,11.0,2,pass,,mduran@lbl.gov,icp
(37)19cb,42.0,,47,13.0,2024-11-21 12:10:00,vibrant,almond shells,almonds,k,ppm,15800.0,1,pass,,mduran@lbl.gov,icp
(37)2251,42.0,,47,13.0,2024-11-21 12:10:00,vibrant,almond shells,almonds,mg,ppm,574.0,1,pass,,mduran@lbl.gov,icp
(37)2367,42.0,,47,13.0,2024-11-21 12:10:00,vibrant,almond shells,almonds,zn,ppm,7.16,2,pass,,mduran@lbl.gov,icp
(37)2bb7,42.0,,47,13.0,2024-11-21 12:10:00,vibrant,almond shells,almonds,mn,ppm,11.0,2,pass,,mduran@lbl.gov,icp
(37)367a,42.0,,47,13.0,2024-11-21 12:10:00,vibrant,almond shells,almonds,si,ppm,14.3,2,pass,,mduran@lbl.gov,icp
(37)392a,42.0,,47,13.0,2024-11-21 12:10:00,vibrant,almond shells,almonds,nd,ppm,7.0,2,pass,,mduran@lbl.gov,icp
(37)3b21,42.0,,47,13.0,2024-11-21 12:10:00,vibrant,almond shells,almonds,al,ppm,18.0,2,pass,,mduran@lbl.gov,icp
(37)3d0c,42.0,,47,13.0,2024-11-21 12:10:00,vibrant,almond shells,almonds,nd,ppm,7.0,1,pass,,mduran@lbl.gov,icp
(37)4398,42.0,,47,13.0,2024-11-21 12:10:00,vibrant,almond shells,almonds,fe,ppm,21.5,2,pass,,mduran@lbl.gov,icp
(37)461d,42.0,,47,13.0,2024-11-21 12:10:00,vibrant,almond shells,almonds,s,ppm,233.0,2,pass,,mduran@lbl.gov,icp
(37)468a,42.0,,47,13.0,2024-11-21 12:10:00,vibrant,almond shells,almonds,zn,ppm,7.14,1,pass,,mduran@lbl.gov,icp
(37)5308,42.0,,47,13.0,2024-11-21 12:10:00,vibrant,almond shells,almonds,cu,ppm,11.0,1,pass,,mduran@lbl.gov,icp
(37)5698,42.0,,47,13.0,2024-11-21 12:10:00,vibrant,almond shells,almonds,na,ppm,-211.0,1,pass,,mduran@lbl.gov,icp
(37)76b0,42.0,,47,13.0,2024-11-21 12:10:00,vibrant,almond shells,almonds,ca,ppm,1950.0,2,pass,,mduran@lbl.gov,icp
(37)7905,42.0,,47,13.0,2024-11-21 12:10:00,vibrant,almond shells,almonds,na,ppm,-240.0,2,pass,,mduran@lbl.gov,icp
(37)7d17,42.0,,47,13.0,2024-11-21 12:10:00,vibrant,almond shells,almonds,ti,ppm,0.0,2,pass,,mduran@lbl.gov,icp
(37)8870,42.0,,47,13.0,2024-11-21 12:10:00,vibrant,almond shells,almonds,k,ppm,15800.0,2,pass,,mduran@lbl.gov,icp
(37)b44a,42.0,,47,13.0,2024-11-21 12:10:00,vibrant,almond shells,almonds,mn,ppm,7.0,1,pass,,mduran@lbl.gov,icp
(37)b72c,42.0,,47,13.0,2024-11-21 12:10:00,vibrant,almond shells,almonds,si,ppm,14.3,1,pass,,mduran@lbl.gov,icp
(37)cb2d,42.0,,47,13.0,2024-11-21 12:10:00,vibrant,almond shells,almonds,al,ppm,14.0,1,pass,,mduran@lbl.gov,icp
(37)d417,42.0,,47,13.0,2024-11-21 12:10:00,vibrant,almond shells,almonds,p,ppm,557.0,1,pass,,mduran@lbl.gov,icp
(37)db27,42.0,,47,13.0,2024-11-21 12:10:00,vibrant,almond shells,almonds,p,ppm,602.0,2,pass,,mduran@lbl.gov,icp
(37)e3ae,42.0,,47,13.0,2024-11-21 12:10:00,vibrant,almond shells,almonds,ca,ppm,1850.0,1,pass,,mduran@lbl.gov,icp
(37)ebd4,42.0,,47,13.0,2024-11-21 12:10:00,vibrant,almond shells,almonds,ti,ppm,4.0,1,pass,,mduran@lbl.gov,icp
(37)f74f,42.0,,47,13.0,2024-11-21 12:10:00,vibrant,almond shells,almonds,fe,ppm,28.5,1,pass,,mduran@lbl.gov,icp
(37)fd13,42.0,,47,13.0,2024-11-21 12:10:00,vibrant,almond shells,almonds,mg,ppm,577.0,2,pass,,mduran@lbl.gov,icp
(4d)074c,42.0,,55,22.0,2024-11-26 11:10:00,energetic,walnut tree sticks,walnuts,cu,ppm,32.3,1,pass,,mduran@lbl.gov,icp
(4d)0fb1,42.0,,55,22.0,2024-11-26 11:10:00,energetic,walnut tree sticks,walnuts,nd,ppm,28.8,2,pass,,mduran@lbl.gov,icp
(4d)1916,42.0,,55,22.0,2024-11-26 11:10:00,energetic,walnut tree sticks,walnuts,na,ppm,7.0,1,pass,,mduran@lbl.gov,icp
(4d)35b1,42.0,,55,22.0,2024-11-26 11:10:00,energetic,walnut tree sticks,walnuts,mg,ppm,1250.0,1,pass,,mduran@lbl.gov,icp
(4d)404e,42.0,,55,22.0,2024-11-26 11:10:00,energetic,walnut tree sticks,walnuts,p,ppm,533.0,2,pass,,mduran@lbl.gov,icp
(4d)4e30,42.0,,55,22.0,2024-11-26 11:10:00,energetic,walnut tree sticks,walnuts,mn,ppm,28.7,1,pass,,mduran@lbl.gov,icp
(4d)59ef,42.0,,55,22.0,2024-11-26 11:10:00,energetic,walnut tree sticks,walnuts,fe,ppm,29.0,1,pass,,mduran@lbl.gov,icp
(4d)6c47,42.0,,55,22.0,2024-11-26 11:10:00,energetic,walnut tree sticks,walnuts,k,ppm,4430.0,2,pass,,mduran@lbl.gov,icp
(4d)7deb,42.0,,55,22.0,2024-11-26 11:10:00,energetic,walnut tree sticks,walnuts,p,ppm,374.0,1,pass,,mduran@lbl.gov,icp
(4d)8c1b,42.0,,55,22.0,2024-11-26 11:10:00,energetic,walnut tree sticks,walnuts,zn,ppm,11.0,2,pass,,mduran@lbl.gov,icp
(4d)9f8d,42.0,,55,22.0,2024-11-26 11:10:00,energetic,walnut tree sticks,walnuts,ti,ppm,3.6,2,pass,,mduran@lbl.gov,icp
(4d)a0e1,42.0,,55,22.0,2024-11-26 11:10:00,energetic,walnut tree sticks,walnuts,ti,ppm,3.59,1,pass,,mduran@lbl.gov,icp
(4d)a55b,42.0,,55,22.0,2024-11-26 11:10:00,energetic,walnut tree sticks,walnuts,mg,ppm,1330.0,2,pass,,mduran@lbl.gov,icp
(4d)a81d,42.0,,55,22.0,2024-11-26 11:10:00,energetic,walnut tree sticks,walnuts,si,ppm,7.0,2,pass,,mduran@lbl.gov,icp
(4d)a981,42.0,,55,22.0,2024-11-26 11:10:00,energetic,walnut tree sticks,walnuts,s,ppm,659.0,2,pass,,mduran@lbl.gov,icp
(4d)b119,42.0,,55,22.0,2024-11-26 11:10:00,energetic,walnut tree sticks,walnuts,na,ppm,11.0,2,pass,,mduran@lbl.gov,icp
(4d)bf48,42.0,,55,22.0,2024-11-26 11:10:00,energetic,walnut tree sticks,walnuts,ca,ppm,18100.0,2,pass,,mduran@lbl.gov,icp
(4d)bf78,42.0,,55,22.0,2024-11-26 11:10:00,energetic,walnut tree sticks,walnuts,mn,ppm,32.4,2,pass,,mduran@lbl.gov,icp
(4d)c6b5,42.0,,55,22.0,2024-11-26 11:10:00,energetic,walnut tree sticks,walnuts,k,ppm,4220.0,1,pass,,mduran@lbl.gov,icp
(4d)d24e,42.0,,55,22.0,2024-11-26 11:10:00,energetic,walnut tree sticks,walnuts,si,ppm,14.0,1,pass,,mduran@lbl.gov,icp
(4d)d27b,42.0,,55,22.0,2024-11-26 11:10:00,energetic,walnut tree sticks,walnuts,fe,ppm,25.0,2,pass,,mduran@lbl.gov,icp
(4d)e3d2,42.0,,55,22.0,2024-11-26 11:10:00,energetic,walnut tree sticks,walnuts,al,ppm,25.2,1,pass,,mduran@lbl.gov,icp
(4d)e436,42.0,,55,22.0,2024-11-26 11:10:00,energetic,walnut tree sticks,walnuts,nd,ppm,28.7,1,pass,,mduran@lbl.gov,icp
(4d)ecfd,42.0,,55,22.0,2024-11-26 11:10:00,energetic,walnut tree sticks,walnuts,s,ppm,575.0,1,pass,,mduran@lbl.gov,icp
(4d)f005,42.0,,55,22.0,2024-11-26 11:10:00,energetic,walnut tree sticks,walnuts,al,ppm,28.7,2,pass,,mduran@lbl.gov,icp
(4d)f507,42.0,,55,22.0,2024-11-26 11:10:00,energetic,walnut tree sticks,walnuts,zn,ppm,7.0,1,pass,,mduran@lbl.gov,icp
(4d)f632,42.0,,55,22.0,2024-11-26 11:10:00,energetic,walnut tree sticks,walnuts,ca,ppm,16800.0,1,pass,,mduran@lbl.gov,icp
(4d)f8c3,42.0,,55,22.0,2024-11-26 11:10:00,energetic,walnut tree sticks,walnuts,cu,ppm,35.9,2,pass,,mduran@lbl.gov,icp
(69)0335,42.0,,60,2.0,2024-09-21 09:00:00,pinecrest,tomato pomace,tomatoes for processing,nd,ppm,7.11,1,pass,,mduran@lbl.gov,icp
(69)0acb,43.0,,60,2.0,2024-09-21 09:00:00,pinecrest,tomato pomace,tomatoes for processing,ca,pc,0.248,1,pass,,,icp
(69)0f35,42.0,,60,2.0,2024-09-21 09:00:00,pinecrest,tomato pomace,tomatoes for processing,k,ppm,21000.0,2,pass,,mduran@lbl.gov,icp
(69)1a06,42.0,,60,2.0,2024-09-21 09:00:00,pinecrest,tomato pomace,tomatoes for processing,p,ppm,2540.0,1,pass,,mduran@lbl.gov,icp
(69)1bde,42.0,,60,2.0,2024-09-21 09:00:00,pinecrest,tomato pomace,tomatoes for processing,mn,ppm,17.8,1,pass,,mduran@lbl.gov,icp
(69)1c7d,43.0,,60,2.0,2024-09-21 09:00:00,pinecrest,tomato pomace,tomatoes for processing,mg,pc,0.164,1,pass,,,icp
(69)270a,42.0,,60,2.0,2024-09-21 09:00:00,pinecrest,tomato pomace,tomatoes for processing,zn,ppm,22.0,2,pass,,mduran@lbl.gov,icp
(69)2c93,42.0,,60,2.0,2024-09-21 09:00:00,pinecrest,tomato pomace,tomatoes for processing,p,ppm,2620.0,2,pass,,mduran@lbl.gov,icp
(69)2eb3,43.0,,60,2.0,2024-09-21 09:00:00,pinecrest,tomato pomace,tomatoes for processing,cu,ppm,16.8,1,pass,,,icp
(69)311c,42.0,,60,2.0,2024-09-21 09:00:00,pinecrest,tomato pomace,tomatoes for processing,ti,ppm,3.65,1,pass,,mduran@lbl.gov,icp
(69)3138,42.0,,60,2.0,2024-09-21 09:00:00,pinecrest,tomato pomace,tomatoes for processing,mg,ppm,1730.0,2,pass,,mduran@lbl.gov,icp
(69)370e,43.0,,60,2.0,2024-09-21 09:00:00,pinecrest,tomato pomace,tomatoes for processing,s,ppm,1610.0,1,pass,,,icp
(69)3b52,42.0,,60,2.0,2024-09-21 09:00:00,pinecrest,tomato pomace,tomatoes for processing,al,ppm,17.8,1,pass,,mduran@lbl.gov,icp
(69)46ef,43.0,,60,2.0,2024-09-21 09:00:00,pinecrest,tomato pomace,tomatoes for processing,p,pc,0.259,1,pass,,,icp
(69)5280,42.0,,60,2.0,2024-09-21 09:00:00,pinecrest,tomato pomace,tomatoes for processing,na,ppm,1530.0,2,pass,,mduran@lbl.gov,icp
(69)5cdc,42.0,,60,2.0,2024-09-21 09:00:00,pinecrest,tomato pomace,tomatoes for processing,ti,ppm,3.65,2,pass,,mduran@lbl.gov,icp
(69)632c,42.0,,60,2.0,2024-09-21 09:00:00,pinecrest,tomato pomace,tomatoes for processing,s,ppm,1660.0,1,pass,,mduran@lbl.gov,icp
(69)66e5,42.0,,60,2.0,2024-09-21 09:00:00,pinecrest,tomato pomace,tomatoes for processing,ca,ppm,2570.0,1,pass,,mduran@lbl.gov,icp
(69)6873,42.0,,60,2.0,2024-09-21 09:00:00,pinecrest,tomato pomace,tomatoes for processing,zn,ppm,22.0,1,pass,,mduran@lbl.gov,icp
(69)7ba0,42.0,,60,2.0,2024-09-21 09:00:00,pinecrest,tomato pomace,tomatoes for processing,mg,ppm,1550.0,1,pass,,mduran@lbl.gov,icp
(69)8315,42.0,,60,2.0,2024-09-21 09:00:00,pinecrest,tomato pomace,tomatoes for processing,cu,ppm,14.6,2,pass,,mduran@lbl.gov,icp
(69)938e,43.0,,60,2.0,2024-09-21 09:00:00,pinecrest,tomato pomace,tomatoes for processing,b,ppm,14.6,1,pass,,,icp
(69)a5f5,42.0,,60,2.0,2024-09-21 09:00:00,pinecrest,tomato pomace,tomatoes for processing,fe,ppm,7.0,1,pass,,mduran@lbl.gov,icp
(69)a649,43.0,,60,2.0,2024-09-21 09:00:00,pinecrest,tomato pomace,tomatoes for processing,k,pc,2.06,1,pass,,,icp
(69)aa3d,42.0,,60,2.0,2024-09-21 09:00:00,pinecrest,tomato pomace,tomatoes for processing,nd,ppm,7.31,2,pass,,mduran@lbl.gov,icp
(69)bf28,42.0,,60,2.0,2024-09-21 09:00:00,pinecrest,tomato pomace,tomatoes for processing,fe,ppm,7.0,2,pass,,mduran@lbl.gov,icp
(69)bfca,42.0,,60,2.0,2024-09-21 09:00:00,pinecrest,tomato pomace,tomatoes for processing,al,ppm,14.6,2,pass,,mduran@lbl.gov,icp
(69)c905,42.0,,60,2.0,2024-09-21 09:00:00,pinecrest,tomato pomace,tomatoes for processing,si,ppm,15.0,1,pass,,mduran@lbl.gov,icp
(69)daf6,42.0,,60,2.0,2024-09-21 09:00:00,pinecrest,tomato pomace,tomatoes for processing,cu,ppm,14.2,1,pass,,mduran@lbl.gov,icp
(69)dca7,42.0,,60,2.0,2024-09-21 09:00:00,pinecrest,tomato pomace,tomatoes for processing,si,ppm,11.0,2,pass,,mduran@lbl.gov,icp
(69)dd28,42.0,,60,2.0,2024-09-21 09:00:00,pinecrest,tomato pomace,tomatoes for processing,mn,ppm,18.3,2,pass,,mduran@lbl.gov,icp
(69)e3ed,42.0,,60,2.0,2024-09-21 09:00:00,pinecrest,tomato pomace,tomatoes for processing,s,ppm,1690.0,2,pass,,mduran@lbl.gov,icp
(69)e99c,43.0,,60,2.0,2024-09-21 09:00:00,pinecrest,tomato pomace,tomatoes for processing,mn,ppm,19.8,1,pass,,,icp
(69)eb00,42.0,,60,2.0,2024-09-21 09:00:00,pinecrest,tomato pomace,tomatoes for processing,na,ppm,1440.0,1,pass,,mduran@lbl.gov,icp
(69)f2b1,42.0,,60,2.0,2024-09-21 09:00:00,pinecrest,tomato pomace,tomatoes for processing,ca,ppm,2730.0,2,pass,,mduran@lbl.gov,icp
(69)f3fc,43.0,,60,2.0,2024-09-21 09:00:00,pinecrest,tomato pomace,tomatoes for processing,fe,ppm,61.2,1,pass,,,icp
(69)f50e,43.0,,60,2.0,2024-09-21 09:00:00,pinecrest,tomato pomace,tomatoes for processing,zn,ppm,27.9,1,pass,,,icp
(69)fb3a,42.0,,60,2.0,2024-09-21 09:00:00,pinecrest,tomato pomace,tomatoes for processing,k,ppm,20300.0,1,pass,,mduran@lbl.gov,icp
(6d)03ea,43.0,,61,1.0,2024-09-09 15:00:00,riverstone,tomato pomace,tomatoes for processing,ca,pc,0.21,1,pass,,,icp
(6d)0f9b,42.0,,61,1.0,2024-09-09 15:00:00,riverstone,tomato pomace,tomatoes for processing,ca,ppm,1450.0,1,pass,,mduran@lbl.gov,icp
(6d)1524,42.0,,61,1.0,2024-09-09 15:00:00,riverstone,tomato pomace,tomatoes for processing,mn,ppm,40.4,1,pass,,mduran@lbl.gov,icp
(6d)1b10,43.0,,61,1.0,2024-09-09 15:00:00,riverstone,tomato pomace,tomatoes for processing,zn,ppm,25.5,1,pass,,,icp
(6d)1f4c,43.0,,61,1.0,2024-09-09 15:00:00,riverstone,tomato pomace,tomatoes for processing,mg,pc,0.257,1,pass,,,icp
(6d)241f,42.0,,61,1.0,2024-09-09 15:00:00,riverstone,tomato pomace,tomatoes for processing,s,ppm,1520.0,2,pass,,mduran@lbl.gov,icp
(6d)2b35,42.0,,61,1.0,2024-09-09 15:00:00,riverstone,tomato pomace,tomatoes for processing,nd,ppm,3.68,1,pass,,mduran@lbl.gov,icp
(6d)3256,42.0,,61,1.0,2024-09-09 15:00:00,riverstone,tomato pomace,tomatoes for processing,s,ppm,1590.0,1,pass,,mduran@lbl.gov,icp
(6d)3a3a,43.0,,61,1.0,2024-09-09 15:00:00,riverstone,tomato pomace,tomatoes for processing,cu,ppm,6.9,2,pass,,,icp
(6d)3de6,43.0,,61,1.0,2024-09-09 15:00:00,riverstone,tomato pomace,tomatoes for processing,b,ppm,13.0,1,pass,,,icp
(6d)3e18,42.0,,61,1.0,2024-09-09 15:00:00,riverstone,tomato pomace,tomatoes for processing,na,ppm,232.0,2,pass,,mduran@lbl.gov,icp
(6d)4e82,42.0,,61,1.0,2024-09-09 15:00:00,riverstone,tomato pomace,tomatoes for processing,p,ppm,4120.0,1,pass,,mduran@lbl.gov,icp
(6d)5bbd,42.0,,61,1.0,2024-09-09 15:00:00,riverstone,tomato pomace,tomatoes for processing,fe,ppm,15.0,1,pass,,mduran@lbl.gov,icp
(6d)5e4b,43.0,,61,1.0,2024-09-09 15:00:00,riverstone,tomato pomace,tomatoes for processing,p,pc,0.449,1,pass,,,icp
(6d)5e91,42.0,,61,1.0,2024-09-09 15:00:00,riverstone,tomato pomace,tomatoes for processing,cu,ppm,11.0,2,pass,,mduran@lbl.gov,icp
(6d)6274,42.0,,61,1.0,2024-09-09 15:00:00,riverstone,tomato pomace,tomatoes for processing,mn,ppm,39.9,2,pass,,mduran@lbl.gov,icp
(6d)666a,43.0,,61,1.0,2024-09-09 15:00:00,riverstone,tomato pomace,tomatoes for processing,fe,ppm,82.6,1,pass,,,icp
(6d)70ec,43.0,,61,1.0,2024-09-09 15:00:00,riverstone,tomato pomace,tomatoes for processing,fe,ppm,82.6,1,pass,,,icp
(6d)7264,43.0,,61,1.0,2024-09-09 15:00:00,riverstone,tomato pomace,tomatoes for processing,mn,ppm,42.1,1,pass,,,icp
(6d)7f96,43.0,,61,1.0,2024-09-09 15:00:00,riverstone,tomato pomace,tomatoes for processing,s,ppm,1840.0,1,pass,,,icp
(6d)93ec,43.0,,61,1.0,2024-09-09 15:00:00,riverstone,tomato pomace,tomatoes for processing,zn,ppm,24.8,1,pass,,,icp
(6d)a021,42.0,,61,1.0,2024-09-09 15:00:00,riverstone,tomato pomace,tomatoes for processing,k,ppm,6820.0,2,pass,,mduran@lbl.gov,icp
(6d)a2d8,42.0,,61,1.0,2024-09-09 15:00:00,riverstone,tomato pomace,tomatoes for processing,nd,ppm,0.0,2,pass,,mduran@lbl.gov,icp
(6d)a343,42.0,,61,1.0,2024-09-09 15:00:00,riverstone,tomato pomace,tomatoes for processing,zn,ppm,22.0,2,pass,,mduran@lbl.gov,icp
(6d)a6af,42.0,,61,1.0,2024-09-09 15:00:00,riverstone,tomato pomace,tomatoes for processing,mg,ppm,2560.0,1,pass,,mduran@lbl.gov,icp
(6d)aaea,43.0,,61,1.0,2024-09-09 15:00:00,riverstone,tomato pomace,tomatoes for processing,p,pc,0.456,1,pass,,,icp
(6d)b868,42.0,,61,1.0,2024-09-09 15:00:00,riverstone,tomato pomace,tomatoes for processing,ti,ppm,3.63,2,pass,,mduran@lbl.gov,icp
(6d)bf16,42.0,,61,1.0,2024-09-09 15:00:00,riverstone,tomato pomace,tomatoes for processing,p,ppm,3830.0,2,pass,,mduran@lbl.gov,icp
(6d)bf8e,42.0,,61,1.0,2024-09-09 15:00:00,riverstone,tomato pomace,tomatoes for processing,al,ppm,7.35,2,pass,,mduran@lbl.gov,icp
(6d)c20a,43.0,,61,1.0,2024-09-09 15:00:00,riverstone,tomato pomace,tomatoes for processing,mn,ppm,41.7,1,pass,,,icp
(6d)c36c,43.0,,61,1.0,2024-09-09 15:00:00,riverstone,tomato pomace,tomatoes for processing,k,pc,0.78,1,pass,,,icp
(6d)c547,42.0,,61,1.0,2024-09-09 15:00:00,riverstone,tomato pomace,tomatoes for processing,si,ppm,7.0,2,pass,,mduran@lbl.gov,icp
(6d)c741,42.0,,61,1.0,2024-09-09 15:00:00,riverstone,tomato pomace,tomatoes for processing,na,ppm,232.0,1,pass,,mduran@lbl.gov,icp
(6d)d188,43.0,,61,1.0,2024-09-09 15:00:00,riverstone,tomato pomace,tomatoes for processing,k,pc,0.79,1,pass,,,icp
(6d)d2e2,42.0,,61,1.0,2024-09-09 15:00:00,riverstone,tomato pomace,tomatoes for processing,k,ppm,6920.0,1,pass,,mduran@lbl.gov,icp
(6d)d64e,42.0,,61,1.0,2024-09-09 15:00:00,riverstone,tomato pomace,tomatoes for processing,al,ppm,7.31,1,pass,,mduran@lbl.gov,icp
(6d)d68e,42.0,,61,1.0,2024-09-09 15:00:00,riverstone,tomato pomace,tomatoes for processing,ti,ppm,3.68,1,pass,,mduran@lbl.gov,icp
(6d)d7af,43.0,,61,1.0,2024-09-09 15:00:00,riverstone,tomato pomace,tomatoes for processing,b,ppm,13.5,1,pass,,,icp
(6d)d8e9,43.0,,61,1.0,2024-09-09 15:00:00,riverstone,tomato pomace,tomatoes for processing,cu,ppm,6.7,1,pass,,,icp
(6d)db6e,42.0,,61,1.0,2024-09-09 15:00:00,riverstone,tomato pomace,tomatoes for processing,mg,ppm,2440.0,2,pass,,mduran@lbl.gov,icp
(6d)dc09,42.0,,61,1.0,2024-09-09 15:00:00,riverstone,tomato pomace,tomatoes for processing,cu,ppm,11.0,1,pass,,mduran@lbl.gov,icp
(6d)e672,43.0,,61,1.0,2024-09-09 15:00:00,riverstone,tomato pomace,tomatoes for processing,mg,pc,0.255,1,pass,,,icp
(6d)e90a,42.0,,61,1.0,2024-09-09 15:00:00,riverstone,tomato pomace,tomatoes for processing,fe,ppm,15.0,2,pass,,mduran@lbl.gov,icp
(6d)f379,42.0,,61,1.0,2024-09-09 15:00:00,riverstone,tomato pomace,tomatoes for processing,zn,ppm,26.0,1,pass,,mduran@lbl.gov,icp
(6d)f5ad,43.0,,61,1.0,2024-09-09 15:00:00,riverstone,tomato pomace,tomatoes for processing,ca,pc,0.208,1,pass,,,icp
(6d)f6fd,42.0,,61,1.0,2024-09-09 15:00:00,riverstone,tomato pomace,tomatoes for processing,ca,ppm,1510.0,2,pass,,mduran@lbl.gov,icp
(6d)f755,43.0,,61,1.0,2024-09-09 15:00:00,riverstone,tomato pomace,tomatoes for processing,s,ppm,1870.0,1,pass,,,icp
(6d)fda3,42.0,,61,1.0,2024-09-09 15:00:00,riverstone,tomato pomace,tomatoes for processing,si,ppm,7.0,1,pass,,mduran@lbl.gov,icp
(7e)0351,42.0,,51,18.0,2024-11-21 16:10:00,tiny,almond shells and hulls mix,almonds,ti,ppm,3.59,1,pass,,mduran@lbl.gov,icp
(7e)0b8a,42.0,,51,18.0,2024-11-21 16:10:00,tiny,almond shells and hulls mix,almonds,si,ppm,18.0,1,pass,,mduran@lbl.gov,icp
(7e)15f1,43.0,,51,18.0,2024-11-21 16:10:00,tiny,almond shells and hulls mix,almonds,zn,ppm,6.6,1,pass,,,icp
(7e)164d,42.0,,51,18.0,2024-11-21 16:10:00,tiny,almond shells and hulls mix,almonds,mn,ppm,10.8,2,pass,,mduran@lbl.gov,icp
(7e)3028,43.0,,51,18.0,2024-11-21 16:10:00,tiny,almond shells and hulls mix,almonds,cu,ppm,4.5,1,pass,,,icp
(7e)3534,43.0,,51,18.0,2024-11-21 16:10:00,tiny,almond shells and hulls mix,almonds,s,ppm,410.0,1,pass,,,icp
(7e)359b,42.0,,51,18.0,2024-11-21 16:10:00,tiny,almond shells and hulls mix,almonds,mg,ppm,862.0,2,pass,,mduran@lbl.gov,icp
(7e)39f9,43.0,,51,18.0,2024-11-21 16:10:00,tiny,almond shells and hulls mix,almonds,k,pc,3.23,1,pass,,,icp
(7e)41d7,42.0,,51,18.0,2024-11-21 16:10:00,tiny,almond shells and hulls mix,almonds,zn,ppm,7.0,1,pass,,mduran@lbl.gov,icp
(7e)430f,42.0,,51,18.0,2024-11-21 16:10:00,tiny,almond shells and hulls mix,almonds,si,ppm,18.0,2,pass,,mduran@lbl.gov,icp
(7e)4e48,43.0,,51,18.0,2024-11-21 16:10:00,tiny,almond shells and hulls mix,almonds,mn,ppm,11.2,1,pass,,,icp
(7e)5808,42.0,,51,18.0,2024-11-21 16:10:00,tiny,almond shells and hulls mix,almonds,mn,ppm,11.0,1,pass,,mduran@lbl.gov,icp
(7e)58e7,42.0,,51,18.0,2024-11-21 16:10:00,tiny,almond shells and hulls mix,almonds,ti,ppm,0.0,2,pass,,mduran@lbl.gov,icp
(7e)5ab3,42.0,,51,18.0,2024-11-21 16:10:00,tiny,almond shells and hulls mix,almonds,k,ppm,25000.0,2,pass,,mduran@lbl.gov,icp
(7e)6862,42.0,,51,18.0,2024-11-21 16:10:00,tiny,almond shells and hulls mix,almonds,ca,ppm,1950.0,1,pass,,mduran@lbl.gov,icp
(7e)73ad,42.0,,51,18.0,2024-11-21 16:10:00,tiny,almond shells and hulls mix,almonds,cu,ppm,7.18,2,pass,,mduran@lbl.gov,icp
(7e)7450,42.0,,51,18.0,2024-11-21 16:10:00,tiny,almond shells and hulls mix,almonds,p,ppm,994.0,2,pass,,mduran@lbl.gov,icp
(7e)74b0,42.0,,51,18.0,2024-11-21 16:10:00,tiny,almond shells and hulls mix,almonds,k,ppm,25900.0,1,pass,,mduran@lbl.gov,icp
(7e)882e,42.0,,51,18.0,2024-11-21 16:10:00,tiny,almond shells and hulls mix,almonds,p,ppm,951.0,1,pass,,mduran@lbl.gov,icp
(7e)94cb,42.0,,51,18.0,2024-11-21 16:10:00,tiny,almond shells and hulls mix,almonds,cu,ppm,7.0,1,pass,,mduran@lbl.gov,icp
(7e)9642,42.0,,51,18.0,2024-11-21 16:10:00,tiny,almond shells and hulls mix,almonds,al,ppm,15.0,1,pass,,mduran@lbl.gov,icp
(7e)a6fd,43.0,,51,18.0,2024-11-21 16:10:00,tiny,almond shells and hulls mix,almonds,p,pc,0.131,1,pass,,,icp
(7e)af60,42.0,,51,18.0,2024-11-21 16:10:00,tiny,almond shells and hulls mix,almonds,s,ppm,355.0,2,pass,,mduran@lbl.gov,icp
(7e)afa8,43.0,,51,18.0,2024-11-21 16:10:00,tiny,almond shells and hulls mix,almonds,mg,pc,0.097,1,pass,,,icp
(7e)be3e,42.0,,51,18.0,2024-11-21 16:10:00,tiny,almond shells and hulls mix,almonds,fe,ppm,18.0,2,pass,,mduran@lbl.gov,icp
(7e)bedc,42.0,,51,18.0,2024-11-21 16:10:00,tiny,almond shells and hulls mix,almonds,na,ppm,-201.0,1,pass,,mduran@lbl.gov,icp
(7e)bfad,42.0,,51,18.0,2024-11-21 16:10:00,tiny,almond shells and hulls mix,almonds,s,ppm,291.0,1,pass,,mduran@lbl.gov,icp
(7e)c289,42.0,,51,18.0,2024-11-21 16:10:00,tiny,almond shells and hulls mix,almonds,nd,ppm,7.18,1,pass,,mduran@lbl.gov,icp
(7e)c2b2,43.0,,51,18.0,2024-11-21 16:10:00,tiny,almond shells and hulls mix,almonds,fe,ppm,108.0,1,pass,,,icp
(7e)c85c,43.0,,51,18.0,2024-11-21 16:10:00,tiny,almond shells and hulls mix,almonds,ca,pc,0.243,1,pass,,,icp
(7e)cd3c,42.0,,51,18.0,2024-11-21 16:10:00,tiny,almond shells and hulls mix,almonds,nd,ppm,10.8,2,pass,,mduran@lbl.gov,icp
(7e)d9c3,42.0,,51,18.0,2024-11-21 16:10:00,tiny,almond shells and hulls mix,almonds,mg,ppm,825.0,1,pass,,mduran@lbl.gov,icp
(7e)e7ed,43.0,,51,18.0,2024-11-21 16:10:00,tiny,almond shells and hulls mix,almonds,b,ppm,105.0,1,pass,,,icp
(7e)f123,42.0,,51,18.0,2024-11-21 16:10:00,tiny,almond shells and hulls mix,almonds,zn,ppm,7.0,2,pass,,mduran@lbl.gov,icp
(7e)f38d,42.0,,51,18.0,2024-11-21 16:10:00,tiny,almond shells and hulls mix,almonds,ca,ppm,2060.0,2,pass,,mduran@lbl.gov,icp
(7e)f741,42.0,,51,18.0,2024-11-21 16:10:00,tiny,almond shells and hulls mix,almonds,na,ppm,4.0,2,pass,,mduran@lbl.gov,icp
(7e)f9c3,42.0,,51,18.0,2024-11-21 16:10:00,tiny,almond shells and hulls mix,almonds,al,ppm,14.4,2,pass,,mduran@lbl.gov,icp
(7e)fd9c,42.0,,51,18.0,2024-11-21 16:10:00,tiny,almond shells and hulls mix,almonds,fe,ppm,18.3,1,pass,,mduran@lbl.gov,icp
(82)076c,42.0,,57,20.0,2024-11-21 18:10:00,energetic,walnut shells,walnuts,na,ppm,-71.0,2,pass,,mduran@lbl.gov,icp
(82)0fde,42.0,,57,20.0,2024-11-21 18:10:00,energetic,walnut shells,walnuts,fe,ppm,11.0,1,pass,,mduran@lbl.gov,icp
(82)164b,42.0,,57,20.0,2024-11-21 18:10:00,energetic,walnut shells,walnuts,mg,ppm,246.0,2,pass,,mduran@lbl.gov,icp
(82)1d32,42.0,,57,20.0,2024-11-21 18:10:00,energetic,walnut shells,walnuts,mn,ppm,7.12,2,pass,,mduran@lbl.gov,icp
(82)239d,42.0,,57,20.0,2024-11-21 18:10:00,energetic,walnut shells,walnuts,s,ppm,157.0,1,pass,,mduran@lbl.gov,icp
(82)23ac,42.0,,57,20.0,2024-11-21 18:10:00,energetic,walnut shells,walnuts,al,ppm,7.12,1,pass,,mduran@lbl.gov,icp
(82)23f5,42.0,,57,20.0,2024-11-21 18:10:00,energetic,walnut shells,walnuts,zn,ppm,4.0,1,pass,,mduran@lbl.gov,icp
(82)2b22,43.0,,57,20.0,2024-11-21 18:10:00,energetic,walnut shells,walnuts,s,ppm,160.0,1,pass,,,icp
(82)3c72,42.0,,57,20.0,2024-11-21 18:10:00,energetic,walnut shells,walnuts,al,ppm,7.12,2,pass,,mduran@lbl.gov,icp
(82)3e60,42.0,,57,20.0,2024-11-21 18:10:00,energetic,walnut shells,walnuts,cu,ppm,7.12,2,pass,,mduran@lbl.gov,icp
(82)495e,42.0,,57,20.0,2024-11-21 18:10:00,energetic,walnut shells,walnuts,ca,ppm,1820.0,2,pass,,mduran@lbl.gov,icp
(82)4c54,42.0,,57,20.0,2024-11-21 18:10:00,energetic,walnut shells,walnuts,nd,ppm,7.12,1,pass,,mduran@lbl.gov,icp
(82)58d3,43.0,,57,20.0,2024-11-21 18:10:00,energetic,walnut shells,walnuts,b,ppm,10.1,1,pass,,,icp
(82)65b1,42.0,,57,20.0,2024-11-21 18:10:00,energetic,walnut shells,walnuts,ca,ppm,1720.0,1,pass,,mduran@lbl.gov,icp
(82)68b9,42.0,,57,20.0,2024-11-21 18:10:00,energetic,walnut shells,walnuts,nd,ppm,7.12,2,pass,,mduran@lbl.gov,icp
(82)695f,43.0,,57,20.0,2024-11-21 18:10:00,energetic,walnut shells,walnuts,zn,ppm,3.7,1,pass,,,icp
(82)6d2a,43.0,,57,20.0,2024-11-21 18:10:00,energetic,walnut shells,walnuts,mg,pc,0.026,1,pass,,,icp
(82)79e1,42.0,,57,20.0,2024-11-21 18:10:00,energetic,walnut shells,walnuts,cu,ppm,7.12,1,pass,,mduran@lbl.gov,icp
(82)8270,43.0,,57,20.0,2024-11-21 18:10:00,energetic,walnut shells,walnuts,cu,ppm,4.4,1,pass,,,icp
(82)88f8,42.0,,57,20.0,2024-11-21 18:10:00,energetic,walnut shells,walnuts,k,ppm,3110.0,1,pass,,mduran@lbl.gov,icp
(82)922e,42.0,,57,20.0,2024-11-21 18:10:00,energetic,walnut shells,walnuts,ti,ppm,0.0,1,pass,,mduran@lbl.gov,icp
(82)9346,42.0,,57,20.0,2024-11-21 18:10:00,energetic,walnut shells,walnuts,na,ppm,-75.0,1,pass,,mduran@lbl.gov,icp
(82)9606,42.0,,57,20.0,2024-11-21 18:10:00,energetic,walnut shells,walnuts,p,ppm,235.0,2,pass,,mduran@lbl.gov,icp
(82)a012,42.0,,57,20.0,2024-11-21 18:10:00,energetic,walnut shells,walnuts,k,ppm,3220.0,2,pass,,mduran@lbl.gov,icp
(82)afdc,42.0,,57,20.0,2024-11-21 18:10:00,energetic,walnut shells,walnuts,zn,ppm,4.0,2,pass,,mduran@lbl.gov,icp
(82)cb5f,43.0,,57,20.0,2024-11-21 18:10:00,energetic,walnut shells,walnuts,fe,ppm,40.3,1,pass,,,icp
(82)cdf1,42.0,,57,20.0,2024-11-21 18:10:00,energetic,walnut shells,walnuts,si,ppm,11.0,2,pass,,mduran@lbl.gov,icp
(82)cf5e,42.0,,57,20.0,2024-11-21 18:10:00,energetic,walnut shells,walnuts,p,ppm,174.0,1,pass,,mduran@lbl.gov,icp
(82)d27c,43.0,,57,20.0,2024-11-21 18:10:00,energetic,walnut shells,walnuts,p,pc,0.025,1,pass,,,icp
(82)decd,42.0,,57,20.0,2024-11-21 18:10:00,energetic,walnut shells,walnuts,ti,ppm,0.0,2,pass,,mduran@lbl.gov,icp
(82)e62c,42.0,,57,20.0,2024-11-21 18:10:00,energetic,walnut shells,walnuts,fe,ppm,14.0,2,pass,,mduran@lbl.gov,icp
(82)e6c1,42.0,,57,20.0,2024-11-21 18:10:00,energetic,walnut shells,walnuts,si,ppm,11.0,1,pass,,mduran@lbl.gov,icp
(82)eb51,43.0,,57,20.0,2024-11-21 18:10:00,energetic,walnut shells,walnuts,k,pc,0.38,1,pass,,,icp
(82)ef17,42.0,,57,20.0,2024-11-21 18:10:00,energetic,walnut shells,walnuts,s,ppm,157.0,2,pass,,mduran@lbl.gov,icp
(82)ef91,42.0,,57,20.0,2024-11-21 18:10:00,energetic,walnut shells,walnuts,mn,ppm,7.12,1,pass,,mduran@lbl.gov,icp
(82)f33c,43.0,,57,20.0,2024-11-21 18:10:00,energetic,walnut shells,walnuts,ca,pc,0.208,1,pass,,,icp
(82)f40b,42.0,,57,20.0,2024-11-21 18:10:00,energetic,walnut shells,walnuts,mg,ppm,224.0,1,pass,,mduran@lbl.gov,icp
(82)f68d,43.0,,57,20.0,2024-11-21 18:10:00,energetic,walnut shells,walnuts,mn,ppm,5.6,1,pass,,,icp
(a0)02fb,42.0,,72,26.0,2024-12-16 00:00:00,humorous,almond branches,almonds,s,ppm,313.0,2,pass,,mduran@lbl.gov,icp
(a0)0acc,42.0,,72,26.0,2024-12-16 00:00:00,humorous,almond branches,almonds,zn,ppm,14.6,2,pass,,mduran@lbl.gov,icp
(a0)0eff,42.0,,72,26.0,2024-12-16 00:00:00,humorous,almond branches,almonds,ti,ppm,0.0,1,pass,,mduran@lbl.gov,icp
(a0)1253,42.0,,72,26.0,2024-12-16 00:00:00,humorous,almond branches,almonds,mg,ppm,862.0,1,pass,,mduran@lbl.gov,icp
(a0)2550,42.0,,72,26.0,2024-12-16 00:00:00,humorous,almond branches,almonds,al,ppm,22.0,2,pass,,mduran@lbl.gov,icp
(a0)2c2d,42.0,,72,26.0,2024-12-16 00:00:00,humorous,almond branches,almonds,fe,ppm,43.1,1,pass,,mduran@lbl.gov,icp
(a0)2f1d,42.0,,72,26.0,2024-12-16 00:00:00,humorous,almond branches,almonds,p,ppm,187.0,1,pass,,mduran@lbl.gov,icp
(a0)37cf,42.0,,72,26.0,2024-12-16 00:00:00,humorous,almond branches,almonds,si,ppm,14.4,1,pass,,mduran@lbl.gov,icp
(a0)5bd4,42.0,,72,26.0,2024-12-16 00:00:00,humorous,almond branches,almonds,nd,ppm,14.0,1,pass,,mduran@lbl.gov,icp
(a0)6385,42.0,,72,26.0,2024-12-16 00:00:00,humorous,almond branches,almonds,fe,ppm,40.0,2,pass,,mduran@lbl.gov,icp
(a0)76a1,42.0,,72,26.0,2024-12-16 00:00:00,humorous,almond branches,almonds,si,ppm,14.6,2,pass,,mduran@lbl.gov,icp
(a0)7b53,42.0,,72,26.0,2024-12-16 00:00:00,humorous,almond branches,almonds,cu,ppm,14.0,1,pass,,mduran@lbl.gov,icp
(a0)9046,42.0,,72,26.0,2024-12-16 00:00:00,humorous,almond branches,almonds,p,ppm,182.0,2,pass,,mduran@lbl.gov,icp
(a0)95fd,42.0,,72,26.0,2024-12-16 00:00:00,humorous,almond branches,almonds,mn,ppm,25.0,1,pass,,mduran@lbl.gov,icp
(a0)96a6,42.0,,72,26.0,2024-12-16 00:00:00,humorous,almond branches,almonds,mg,ppm,786.0,2,pass,,mduran@lbl.gov,icp
(a0)98ff,42.0,,72,26.0,2024-12-16 00:00:00,humorous,almond branches,almonds,nd,ppm,15.0,2,pass,,mduran@lbl.gov,icp
(a0)9bfb,42.0,,72,26.0,2024-12-16 00:00:00,humorous,almond branches,almonds,al,ppm,29.0,1,pass,,mduran@lbl.gov,icp
(a0)9e7e,42.0,,72,26.0,2024-12-16 00:00:00,humorous,almond branches,almonds,k,ppm,2250.0,1,pass,,mduran@lbl.gov,icp
(a0)badc,42.0,,72,26.0,2024-12-16 00:00:00,humorous,almond branches,almonds,s,ppm,226.0,1,pass,,mduran@lbl.gov,icp
(a0)bb43,42.0,,72,26.0,2024-12-16 00:00:00,humorous,almond branches,almonds,mn,ppm,25.5,2,pass,,mduran@lbl.gov,icp
(a0)bbfb,42.0,,72,26.0,2024-12-16 00:00:00,humorous,almond branches,almonds,zn,ppm,18.2,1,pass,,mduran@lbl.gov,icp
(a0)c48e,42.0,,72,26.0,2024-12-16 00:00:00,humorous,almond branches,almonds,ca,ppm,6210.0,2,pass,,mduran@lbl.gov,icp
(a0)c916,42.0,,72,26.0,2024-12-16 00:00:00,humorous,almond branches,almonds,ca,ppm,6540.0,1,pass,,mduran@lbl.gov,icp
(a0)cf4c,42.0,,72,26.0,2024-12-16 00:00:00,humorous,almond branches,almonds,ti,ppm,4.0,2,pass,,mduran@lbl.gov,icp
(a0)d8d7,42.0,,72,26.0,2024-12-16 00:00:00,humorous,almond branches,almonds,na,ppm,-212.0,1,pass,,mduran@lbl.gov,icp
(a0)f31c,42.0,,72,26.0,2024-12-16 00:00:00,humorous,almond branches,almonds,cu,ppm,18.0,2,pass,,mduran@lbl.gov,icp
(ad)1173,42.0,,63,8.0,2024-11-10 15:10:00,maplewood,grape stem,grapes,mn,ppm,94.8,1,pass,,mduran@lbl.gov,icp
(ad)219a,42.0,,63,8.0,2024-11-10 15:10:00,maplewood,grape stem,grapes,s,ppm,696.0,1,pass,,mduran@lbl.gov,icp
(ad)30cb,42.0,,63,8.0,2024-11-10 15:10:00,maplewood,grape stem,grapes,al,ppm,10.9,2,pass,,mduran@lbl.gov,icp
(ad)30cd,42.0,,63,8.0,2024-11-10 15:10:00,maplewood,grape stem,grapes,zn,ppm,11.0,1,pass,,mduran@lbl.gov,icp
(ad)3f87,42.0,,63,8.0,2024-11-10 15:10:00,maplewood,grape stem,grapes,ca,ppm,6610.0,2,pass,,mduran@lbl.gov,icp
(ad)5782,42.0,,63,8.0,2024-11-10 15:10:00,maplewood,grape stem,grapes,ca,ppm,6440.0,1,pass,,mduran@lbl.gov,icp
(ad)63a0,42.0,,63,8.0,2024-11-10 15:10:00,maplewood,grape stem,grapes,mg,ppm,1820.0,2,pass,,mduran@lbl.gov,icp
(ad)659a,42.0,,63,8.0,2024-11-10 15:10:00,maplewood,grape stem,grapes,si,ppm,36.0,1,pass,,mduran@lbl.gov,icp
(ad)6b2a,42.0,,63,8.0,2024-11-10 15:10:00,maplewood,grape stem,grapes,si,ppm,37.0,2,pass,,mduran@lbl.gov,icp
(ad)7270,42.0,,63,8.0,2024-11-10 15:10:00,maplewood,grape stem,grapes,cu,ppm,7.29,1,pass,,mduran@lbl.gov,icp
(ad)8054,42.0,,63,8.0,2024-11-10 15:10:00,maplewood,grape stem,grapes,nd,ppm,11.0,2,pass,,mduran@lbl.gov,icp
(ad)8b5a,42.0,,63,8.0,2024-11-10 15:10:00,maplewood,grape stem,grapes,zn,ppm,11.0,2,pass,,mduran@lbl.gov,icp
(ad)9237,42.0,,63,8.0,2024-11-10 15:10:00,maplewood,grape stem,grapes,s,ppm,684.0,2,pass,,mduran@lbl.gov,icp
(ad)935b,42.0,,63,8.0,2024-11-10 15:10:00,maplewood,grape stem,grapes,ti,ppm,3.65,1,pass,,mduran@lbl.gov,icp
(ad)a848,42.0,,63,8.0,2024-11-10 15:10:00,maplewood,grape stem,grapes,na,ppm,37.0,2,pass,,mduran@lbl.gov,icp
(ad)b49f,42.0,,63,8.0,2024-11-10 15:10:00,maplewood,grape stem,grapes,mn,ppm,98.4,2,pass,,mduran@lbl.gov,icp
(ad)b7d9,42.0,,63,8.0,2024-11-10 15:10:00,maplewood,grape stem,grapes,al,ppm,7.4,1,pass,,mduran@lbl.gov,icp
(ad)b846,42.0,,63,8.0,2024-11-10 15:10:00,maplewood,grape stem,grapes,ti,ppm,3.68,2,pass,,mduran@lbl.gov,icp
(ad)c0ac,42.0,,63,8.0,2024-11-10 15:10:00,maplewood,grape stem,grapes,k,ppm,31500.0,2,pass,,mduran@lbl.gov,icp
(ad)c66a,42.0,,63,8.0,2024-11-10 15:10:00,maplewood,grape stem,grapes,mg,ppm,1670.0,1,pass,,mduran@lbl.gov,icp
(ad)cb5c,42.0,,63,8.0,2024-11-10 15:10:00,maplewood,grape stem,grapes,na,ppm,44.0,1,pass,,mduran@lbl.gov,icp
(ad)d198,42.0,,63,8.0,2024-11-10 15:10:00,maplewood,grape stem,grapes,fe,ppm,26.0,1,pass,,mduran@lbl.gov,icp
(ad)d3d6,42.0,,63,8.0,2024-11-10 15:10:00,maplewood,grape stem,grapes,cu,ppm,7.29,2,pass,,mduran@lbl.gov,icp
(ad)d9e1,42.0,,63,8.0,2024-11-10 15:10:00,maplewood,grape stem,grapes,nd,ppm,10.9,1,pass,,mduran@lbl.gov,icp
(ad)e440,42.0,,63,8.0,2024-11-10 15:10:00,maplewood,grape stem,grapes,p,ppm,3200.0,2,pass,,mduran@lbl.gov,icp
(ad)e801,42.0,,63,8.0,2024-11-10 15:10:00,maplewood,grape stem,grapes,p,ppm,3070.0,1,pass,,mduran@lbl.gov,icp
(ad)eaf3,42.0,,63,8.0,2024-11-10 15:10:00,maplewood,grape stem,grapes,fe,ppm,36.0,2,pass,,mduran@lbl.gov,icp
(ad)ec60,42.0,,63,8.0,2024-11-10 15:10:00,maplewood,grape stem,grapes,k,ppm,30100.0,1,pass,,mduran@lbl.gov,icp
(b8)17c4,43.0,,316,,,,#n/a,,s,ppm,2890.0,1,pass,,,icp
(b8)479d,43.0,,316,,,,#n/a,,mg,pc,0.353,1,pass,,,icp
(b8)4d87,43.0,,316,,,,#n/a,,k,pc,1.07,1,pass,,,icp
(b8)5537,43.0,,316,,,,#n/a,,p,pc,0.25,1,pass,,,icp
(b8)5e55,43.0,,316,,,,#n/a,,cu,ppm,8.5,1,pass,,,icp
(b8)64d0,43.0,,316,,,,#n/a,,mn,ppm,26.2,1,pass,,,icp
(b8)8bc2,43.0,,316,,,,#n/a,,b,ppm,44.8,1,pass,,,icp
(b8)a1f0,43.0,,316,,,,#n/a,,fe,ppm,203.0,1,pass,,,icp
(b8)a6cc,43.0,,316,,,,#n/a,,ca,pc,1.73,1,pass,,,icp
(b8)ea68,43.0,,316,,,,#n/a,,zn,ppm,20.1,1,pass,,,icp
(c1)1342,42.0,,54,19.0,2024-11-21 16:10:00,popular,almond woodchips,almonds,si,ppm,14.0,1,pass,,mduran@lbl.gov,icp
(c1)1cb9,42.0,,54,19.0,2024-11-21 16:10:00,popular,almond woodchips,almonds,al,ppm,25.2,1,pass,,mduran@lbl.gov,icp
(c1)2be4,42.0,,54,19.0,2024-11-21 16:10:00,popular,almond woodchips,almonds,cu,ppm,10.8,1,pass,,mduran@lbl.gov,icp
(c1)4541,42.0,,54,19.0,2024-11-21 16:10:00,popular,almond woodchips,almonds,cu,ppm,3.58,2,pass,,mduran@lbl.gov,icp
(c1)4814,42.0,,54,19.0,2024-11-21 16:10:00,popular,almond woodchips,almonds,mg,ppm,587.0,1,pass,,mduran@lbl.gov,icp
(c1)4a7e,42.0,,54,19.0,2024-11-21 16:10:00,popular,almond woodchips,almonds,ca,ppm,3310.0,1,pass,,mduran@lbl.gov,icp
(c1)5298,42.0,,54,19.0,2024-11-21 16:10:00,popular,almond woodchips,almonds,mn,ppm,14.3,2,pass,,mduran@lbl.gov,icp
(c1)5b24,42.0,,54,19.0,2024-11-21 16:10:00,popular,almond woodchips,almonds,fe,ppm,14.0,2,pass,,mduran@lbl.gov,icp
(c1)5cee,42.0,,54,19.0,2024-11-21 16:10:00,popular,almond woodchips,almonds,p,ppm,322.0,1,pass,,mduran@lbl.gov,icp
(c1)5d99,42.0,,54,19.0,2024-11-21 16:10:00,popular,almond woodchips,almonds,ti,ppm,3.58,1,pass,,mduran@lbl.gov,icp
(c1)6122,42.0,,54,19.0,2024-11-21 16:10:00,popular,almond woodchips,almonds,ca,ppm,3330.0,2,pass,,mduran@lbl.gov,icp
(c1)6318,42.0,,54,19.0,2024-11-21 16:10:00,popular,almond woodchips,almonds,mg,ppm,570.0,2,pass,,mduran@lbl.gov,icp
(c1)769e,42.0,,54,19.0,2024-11-21 16:10:00,popular,almond woodchips,almonds,p,ppm,305.0,2,pass,,mduran@lbl.gov,icp
(c1)7704,42.0,,54,19.0,2024-11-21 16:10:00,popular,almond woodchips,almonds,nd,ppm,10.8,1,pass,,mduran@lbl.gov,icp
(c1)7b20,42.0,,54,19.0,2024-11-21 16:10:00,popular,almond woodchips,almonds,na,ppm,-215.0,2,pass,,mduran@lbl.gov,icp
(c1)9129,42.0,,54,19.0,2024-11-21 16:10:00,popular,almond woodchips,almonds,s,ppm,215.0,1,pass,,mduran@lbl.gov,icp
(c1)9d9e,42.0,,54,19.0,2024-11-21 16:10:00,popular,almond woodchips,almonds,al,ppm,25.1,2,pass,,mduran@lbl.gov,icp
(c1)af7b,42.0,,54,19.0,2024-11-21 16:10:00,popular,almond woodchips,almonds,ti,ppm,0.0,2,pass,,mduran@lbl.gov,icp
(c1)bebd,42.0,,54,19.0,2024-11-21 16:10:00,popular,almond woodchips,almonds,mn,ppm,18.0,1,pass,,mduran@lbl.gov,icp
(c1)c793,42.0,,54,19.0,2024-11-21 16:10:00,popular,almond woodchips,almonds,zn,ppm,14.0,2,pass,,mduran@lbl.gov,icp
(c1)d48e,42.0,,54,19.0,2024-11-21 16:10:00,popular,almond woodchips,almonds,s,ppm,197.0,2,pass,,mduran@lbl.gov,icp
(c1)dc4e,42.0,,54,19.0,2024-11-21 16:10:00,popular,almond woodchips,almonds,nd,ppm,10.7,2,pass,,mduran@lbl.gov,icp
(c1)dc64,42.0,,54,19.0,2024-11-21 16:10:00,popular,almond woodchips,almonds,zn,ppm,11.0,1,pass,,mduran@lbl.gov,icp
(c1)dc6d,42.0,,54,19.0,2024-11-21 16:10:00,popular,almond woodchips,almonds,na,ppm,-212.0,1,pass,,mduran@lbl.gov,icp
(c1)dedf,42.0,,54,19.0,2024-11-21 16:10:00,popular,almond woodchips,almonds,k,ppm,2350.0,2,pass,,mduran@lbl.gov,icp
(c1)e22c,42.0,,54,19.0,2024-11-21 16:10:00,popular,almond woodchips,almonds,fe,ppm,14.0,1,pass,,mduran@lbl.gov,icp
(c1)e6c2,42.0,,54,19.0,2024-11-21 16:10:00,popular,almond woodchips,almonds,si,ppm,14.0,2,pass,,mduran@lbl.gov,icp
(c1)ec38,42.0,,54,19.0,2024-11-21 16:10:00,popular,almond woodchips,almonds,k,ppm,2010.0,1,pass,,mduran@lbl.gov,icp
(c4)2faf,42.0,,29,11.0,2024-11-10 15:40:00,maplewood,unused oak stick,grapes,ti,ppm,4.0,2,pass,,mduran@lbl.gov,icp
(c4)3268,42.0,,29,11.0,2024-11-10 15:40:00,maplewood,unused oak stick,grapes,na,ppm,-60.9,2,pass,,mduran@lbl.gov,icp
(c4)39b8,42.0,,29,11.0,2024-11-10 15:40:00,maplewood,unused oak stick,grapes,cu,ppm,4.0,2,pass,,mduran@lbl.gov,icp
(c4)44ec,42.0,,29,11.0,2024-11-10 15:40:00,maplewood,unused oak stick,grapes,fe,ppm,2440.0,1,pass,,mduran@lbl.gov,icp
(c4)4583,42.0,,29,11.0,2024-11-10 15:40:00,maplewood,unused oak stick,grapes,s,ppm,1140.0,1,pass,,mduran@lbl.gov,icp
(c4)50b8,42.0,,29,11.0,2024-11-10 15:40:00,maplewood,unused oak stick,grapes,ti,ppm,14.0,1,pass,,mduran@lbl.gov,icp
(c4)52fc,42.0,,29,11.0,2024-11-10 15:40:00,maplewood,unused oak stick,grapes,k,ppm,476.0,2,pass,,mduran@lbl.gov,icp
(c4)5595,42.0,,29,11.0,2024-11-10 15:40:00,maplewood,unused oak stick,grapes,mg,ppm,7.16,2,pass,,mduran@lbl.gov,icp
(c4)5746,42.0,,29,11.0,2024-11-10 15:40:00,maplewood,unused oak stick,grapes,ca,ppm,12900.0,1,pass,,mduran@lbl.gov,icp
(c4)5b72,42.0,,29,11.0,2024-11-10 15:40:00,maplewood,unused oak stick,grapes,zn,ppm,0.0,2,pass,,mduran@lbl.gov,icp
(c4)61a1,42.0,,29,11.0,2024-11-10 15:40:00,maplewood,unused oak stick,grapes,p,ppm,703.0,1,pass,,mduran@lbl.gov,icp
(c4)63db,42.0,,29,11.0,2024-11-10 15:40:00,maplewood,unused oak stick,grapes,nd,ppm,0.0,2,pass,,mduran@lbl.gov,icp
(c4)6bc3,42.0,,29,11.0,2024-11-10 15:40:00,maplewood,unused oak stick,grapes,zn,ppm,21.5,1,pass,,mduran@lbl.gov,icp
(c4)6df2,42.0,,29,11.0,2024-11-10 15:40:00,maplewood,unused oak stick,grapes,nd,ppm,25.2,1,pass,,mduran@lbl.gov,icp
(c4)7fed,42.0,,29,11.0,2024-11-10 15:40:00,maplewood,unused oak stick,grapes,fe,ppm,14.3,2,pass,,mduran@lbl.gov,icp
(c4)872f,42.0,,29,11.0,2024-11-10 15:40:00,maplewood,unused oak stick,grapes,na,ppm,40.0,1,pass,,mduran@lbl.gov,icp
(c4)883d,42.0,,29,11.0,2024-11-10 15:40:00,maplewood,unused oak stick,grapes,si,ppm,17.9,2,pass,,mduran@lbl.gov,icp
(c4)8cfc,42.0,,29,11.0,2024-11-10 15:40:00,maplewood,unused oak stick,grapes,mn,ppm,93.7,1,pass,,mduran@lbl.gov,icp
(c4)9264,42.0,,29,11.0,2024-11-10 15:40:00,maplewood,unused oak stick,grapes,si,ppm,21.6,1,pass,,mduran@lbl.gov,icp
(c4)963a,42.0,,29,11.0,2024-11-10 15:40:00,maplewood,unused oak stick,grapes,p,ppm,35.8,2,pass,,mduran@lbl.gov,icp
(c4)a1e8,42.0,,29,11.0,2024-11-10 15:40:00,maplewood,unused oak stick,grapes,al,ppm,4.0,2,pass,,mduran@lbl.gov,icp
(c4)abca,42.0,,29,11.0,2024-11-10 15:40:00,maplewood,unused oak stick,grapes,ca,ppm,301.0,2,pass,,mduran@lbl.gov,icp
(c4)d16e,42.0,,29,11.0,2024-11-10 15:40:00,maplewood,unused oak stick,grapes,al,ppm,461.0,1,pass,,mduran@lbl.gov,icp
(c4)d22c,42.0,,29,11.0,2024-11-10 15:40:00,maplewood,unused oak stick,grapes,k,ppm,17200.0,1,pass,,mduran@lbl.gov,icp
(c4)d6f1,42.0,,29,11.0,2024-11-10 15:40:00,maplewood,unused oak stick,grapes,s,ppm,90.0,2,pass,,mduran@lbl.gov,icp
(c4)e1f9,42.0,,29,11.0,2024-11-10 15:40:00,maplewood,unused oak stick,grapes,cu,ppm,18.0,1,pass,,mduran@lbl.gov,icp
(c4)e785,42.0,,29,11.0,2024-11-10 15:40:00,maplewood,unused oak stick,grapes,mn,ppm,21.0,2,pass,,mduran@lbl.gov,icp
(c4)eb3d,42.0,,29,11.0,2024-11-10 15:40:00,maplewood,unused oak stick,grapes,mg,ppm,1200.0,1,pass,,mduran@lbl.gov,icp
(c5)00fd,43.0,,27,10.0,2024-11-10 15:30:00,maplewood,spent oak chips,grapes,cu,ppm,1.6,1,pass,,,icp
(c5)156c,42.0,,27,10.0,2024-11-10 15:30:00,maplewood,spent oak chips,grapes,ti,ppm,3.6,2,pass,,mduran@lbl.gov,icp
(c5)2114,42.0,,27,10.0,2024-11-10 15:30:00,maplewood,spent oak chips,grapes,ca,ppm,391.0,2,pass,,mduran@lbl.gov,icp
(c5)27c0,43.0,,27,10.0,2024-11-10 15:30:00,maplewood,spent oak chips,grapes,zn,ppm,1.4,1,pass,,,icp
(c5)3783,42.0,,27,10.0,2024-11-10 15:30:00,maplewood,spent oak chips,grapes,mg,ppm,72.0,2,pass,,mduran@lbl.gov,icp
(c5)3ac3,42.0,,27,10.0,2024-11-10 15:30:00,maplewood,spent oak chips,grapes,al,ppm,3.59,2,pass,,mduran@lbl.gov,icp
(c5)41af,42.0,,27,10.0,2024-11-10 15:30:00,maplewood,spent oak chips,grapes,cu,ppm,3.61,1,pass,,mduran@lbl.gov,icp
(c5)45b4,43.0,,27,10.0,2024-11-10 15:30:00,maplewood,spent oak chips,grapes,b,ppm,22.9,1,pass,,,icp
(c5)5291,42.0,,27,10.0,2024-11-10 15:30:00,maplewood,spent oak chips,grapes,nd,ppm,3.6,2,pass,,mduran@lbl.gov,icp
(c5)550e,42.0,,27,10.0,2024-11-10 15:30:00,maplewood,spent oak chips,grapes,na,ppm,-50.0,1,pass,,mduran@lbl.gov,icp
(c5)6b8a,42.0,,27,10.0,2024-11-10 15:30:00,maplewood,spent oak chips,grapes,al,ppm,10.8,1,pass,,mduran@lbl.gov,icp
(c5)7eb3,43.0,,27,10.0,2024-11-10 15:30:00,maplewood,spent oak chips,grapes,p,pc,0.018,1,pass,,,icp
(c5)7f8a,42.0,,27,10.0,2024-11-10 15:30:00,maplewood,spent oak chips,grapes,si,ppm,18.0,1,pass,,mduran@lbl.gov,icp
(c5)841d,42.0,,27,10.0,2024-11-10 15:30:00,maplewood,spent oak chips,grapes,cu,ppm,3.59,2,pass,,mduran@lbl.gov,icp
(c5)923c,42.0,,27,10.0,2024-11-10 15:30:00,maplewood,spent oak chips,grapes,k,ppm,1280.0,1,pass,,mduran@lbl.gov,icp
(c5)9575,43.0,,27,10.0,2024-11-10 15:30:00,maplewood,spent oak chips,grapes,s,ppm,710.0,1,pass,,,icp
(c5)97d9,42.0,,27,10.0,2024-11-10 15:30:00,maplewood,spent oak chips,grapes,zn,ppm,0.0,2,pass,,mduran@lbl.gov,icp
(c5)996f,43.0,,27,10.0,2024-11-10 15:30:00,maplewood,spent oak chips,grapes,mn,ppm,16.7,1,pass,,,icp
(c5)9c69,43.0,,27,10.0,2024-11-10 15:30:00,maplewood,spent oak chips,grapes,k,pc,0.22,1,pass,,,icp
(c5)a0b9,42.0,,27,10.0,2024-11-10 15:30:00,maplewood,spent oak chips,grapes,ca,ppm,393.0,1,pass,,mduran@lbl.gov,icp
(c5)a1e2,42.0,,27,10.0,2024-11-10 15:30:00,maplewood,spent oak chips,grapes,fe,ppm,47.0,2,pass,,mduran@lbl.gov,icp
(c5)a714,42.0,,27,10.0,2024-11-10 15:30:00,maplewood,spent oak chips,grapes,mg,ppm,72.0,1,pass,,mduran@lbl.gov,icp
(c5)b4b2,42.0,,27,10.0,2024-11-10 15:30:00,maplewood,spent oak chips,grapes,s,ppm,569.0,2,pass,,mduran@lbl.gov,icp
(c5)bcb4,43.0,,27,10.0,2024-11-10 15:30:00,maplewood,spent oak chips,grapes,ca,pc,0.049,1,pass,,,icp
(c5)c0f2,42.0,,27,10.0,2024-11-10 15:30:00,maplewood,spent oak chips,grapes,p,ppm,166.0,2,pass,,mduran@lbl.gov,icp
(c5)c527,43.0,,27,10.0,2024-11-10 15:30:00,maplewood,spent oak chips,grapes,fe,ppm,82.9,1,pass,,,icp
(c5)c850,42.0,,27,10.0,2024-11-10 15:30:00,maplewood,spent oak chips,grapes,mn,ppm,14.3,1,pass,,mduran@lbl.gov,icp
(c5)d256,42.0,,27,10.0,2024-11-10 15:30:00,maplewood,spent oak chips,grapes,nd,ppm,3.59,1,pass,,mduran@lbl.gov,icp
(c5)d5a5,42.0,,27,10.0,2024-11-10 15:30:00,maplewood,spent oak chips,grapes,s,ppm,592.0,1,pass,,mduran@lbl.gov,icp
(c5)d66b,42.0,,27,10.0,2024-11-10 15:30:00,maplewood,spent oak chips,grapes,na,ppm,-233.0,2,pass,,mduran@lbl.gov,icp
(c5)ea75,42.0,,27,10.0,2024-11-10 15:30:00,maplewood,spent oak chips,grapes,si,ppm,18.0,2,pass,,mduran@lbl.gov,icp
(c5)ef81,42.0,,27,10.0,2024-11-10 15:30:00,maplewood,spent oak chips,grapes,ti,ppm,3.59,1,pass,,mduran@lbl.gov,icp
(c5)f4d0,42.0,,27,10.0,2024-11-10 15:30:00,maplewood,spent oak chips,grapes,mn,ppm,14.3,2,pass,,mduran@lbl.gov,icp
(c5)fb43,42.0,,27,10.0,2024-11-10 15:30:00,maplewood,spent oak chips,grapes,k,ppm,1690.0,2,pass,,mduran@lbl.gov,icp
(c5)fbec,42.0,,27,10.0,2024-11-10 15:30:00,maplewood,spent oak chips,grapes,fe,ppm,57.0,1,pass,,mduran@lbl.gov,icp
(c5)fc8e,42.0,,27,10.0,2024-11-10 15:30:00,maplewood,spent oak chips,grapes,zn,ppm,0.0,1,pass,,mduran@lbl.gov,icp
(c5)fc8f,42.0,,27,10.0,2024-11-10 15:30:00,maplewood,spent oak chips,grapes,p,ppm,140.0,1,pass,,mduran@lbl.gov,icp
(c7)036c,42.0,,53,15.0,2024-11-21 13:10:00,vibrant,almond branches,almonds,mg,ppm,987.0,2,pass,,mduran@lbl.gov,icp
(c7)0f03,42.0,,53,15.0,2024-11-21 13:10:00,vibrant,almond branches,almonds,mn,ppm,33.0,2,pass,,mduran@lbl.gov,icp
(c7)1321,42.0,,53,15.0,2024-11-21 13:10:00,vibrant,almond branches,almonds,zn,ppm,32.7,2,pass,,mduran@lbl.gov,icp
(c7)15a4,42.0,,53,15.0,2024-11-21 13:10:00,vibrant,almond branches,almonds,nd,ppm,18.0,2,pass,,mduran@lbl.gov,icp
(c7)1f9a,42.0,,53,15.0,2024-11-21 13:10:00,vibrant,almond branches,almonds,fe,ppm,21.6,1,pass,,mduran@lbl.gov,icp
(c7)2ad1,42.0,,53,15.0,2024-11-21 13:10:00,vibrant,almond branches,almonds,p,ppm,432.0,2,pass,,mduran@lbl.gov,icp
(c7)2c58,42.0,,53,15.0,2024-11-21 13:10:00,vibrant,almond branches,almonds,al,ppm,18.0,2,pass,,mduran@lbl.gov,icp
(c7)3c1c,42.0,,53,15.0,2024-11-21 13:10:00,vibrant,almond branches,almonds,cu,ppm,32.0,1,pass,,mduran@lbl.gov,icp
(c7)4eeb,42.0,,53,15.0,2024-11-21 13:10:00,vibrant,almond branches,almonds,k,ppm,2770.0,2,pass,,mduran@lbl.gov,icp
(c7)54b0,42.0,,53,15.0,2024-11-21 13:10:00,vibrant,almond branches,almonds,na,ppm,90.8,2,pass,,mduran@lbl.gov,icp
(c7)6772,42.0,,53,15.0,2024-11-21 13:10:00,vibrant,almond branches,almonds,na,ppm,82.9,1,pass,,mduran@lbl.gov,icp
(c7)7096,42.0,,53,15.0,2024-11-21 13:10:00,vibrant,almond branches,almonds,mg,ppm,998.0,1,pass,,mduran@lbl.gov,icp
(c7)8280,42.0,,53,15.0,2024-11-21 13:10:00,vibrant,almond branches,almonds,mn,ppm,29.0,1,pass,,mduran@lbl.gov,icp
(c7)8f5a,42.0,,53,15.0,2024-11-21 13:10:00,vibrant,almond branches,almonds,si,ppm,10.9,2,pass,,mduran@lbl.gov,icp
(c7)a0ff,42.0,,53,15.0,2024-11-21 13:10:00,vibrant,almond branches,almonds,s,ppm,436.0,2,pass,,mduran@lbl.gov,icp
(c7)a77e,42.0,,53,15.0,2024-11-21 13:10:00,vibrant,almond branches,almonds,p,ppm,418.0,1,pass,,mduran@lbl.gov,icp
(c7)a9be,42.0,,53,15.0,2024-11-21 13:10:00,vibrant,almond branches,almonds,al,ppm,18.0,1,pass,,mduran@lbl.gov,icp
(c7)ad89,42.0,,53,15.0,2024-11-21 13:10:00,vibrant,almond branches,almonds,s,ppm,299.0,1,pass,,mduran@lbl.gov,icp
(c7)af6e,42.0,,53,15.0,2024-11-21 13:10:00,vibrant,almond branches,almonds,k,ppm,2680.0,1,pass,,mduran@lbl.gov,icp
(c7)bc57,42.0,,53,15.0,2024-11-21 13:10:00,vibrant,almond branches,almonds,si,ppm,10.8,1,pass,,mduran@lbl.gov,icp
(c7)bfd4,42.0,,53,15.0,2024-11-21 13:10:00,vibrant,almond branches,almonds,ti,ppm,0.0,1,pass,,mduran@lbl.gov,icp
(c7)d21f,42.0,,53,15.0,2024-11-21 13:10:00,vibrant,almond branches,almonds,cu,ppm,33.0,2,pass,,mduran@lbl.gov,icp
(c7)d2bb,42.0,,53,15.0,2024-11-21 13:10:00,vibrant,almond branches,almonds,ca,ppm,9360.0,1,pass,,mduran@lbl.gov,icp
(c7)e149,42.0,,53,15.0,2024-11-21 13:10:00,vibrant,almond branches,almonds,ca,ppm,9750.0,2,pass,,mduran@lbl.gov,icp
(c7)e208,42.0,,53,15.0,2024-11-21 13:10:00,vibrant,almond branches,almonds,zn,ppm,28.8,1,pass,,mduran@lbl.gov,icp
(c7)f305,42.0,,53,15.0,2024-11-21 13:10:00,vibrant,almond branches,almonds,fe,ppm,21.8,2,pass,,mduran@lbl.gov,icp
(c7)f70e,42.0,,53,15.0,2024-11-21 13:10:00,vibrant,almond branches,almonds,nd,ppm,14.0,1,pass,,mduran@lbl.gov,icp
(c7)f7a2,42.0,,53,15.0,2024-11-21 13:10:00,vibrant,almond branches,almonds,ti,ppm,0.0,2,pass,,mduran@lbl.gov,icp
(e7)08bf,42.0,,58,21.0,2024-11-21 18:40:00,energetic,walnut hulls,walnuts,ca,ppm,11500.0,2,pass,,mduran@lbl.gov,icp
(e7)1978,42.0,,58,21.0,2024-11-21 18:40:00,energetic,walnut hulls,walnuts,al,ppm,431.0,1,pass,,mduran@lbl.gov,icp
(e7)1c75,42.0,,58,21.0,2024-11-21 18:40:00,energetic,walnut hulls,walnuts,al,ppm,400.0,2,pass,,mduran@lbl.gov,icp
(e7)211f,43.0,,58,21.0,2024-11-21 18:40:00,energetic,walnut hulls,walnuts,cu,ppm,19.5,1,pass,,,icp
(e7)32db,42.0,,58,21.0,2024-11-21 18:40:00,energetic,walnut hulls,walnuts,ti,ppm,14.3,2,pass,,mduran@lbl.gov,icp
(e7)362d,42.0,,58,21.0,2024-11-21 18:40:00,energetic,walnut hulls,walnuts,si,ppm,64.0,2,pass,,mduran@lbl.gov,icp
(e7)3c51,42.0,,58,21.0,2024-11-21 18:40:00,energetic,walnut hulls,walnuts,mg,ppm,1120.0,1,pass,,mduran@lbl.gov,icp
(e7)3e4f,43.0,,58,21.0,2024-11-21 18:40:00,energetic,walnut hulls,walnuts,p,pc,0.103,1,pass,,,icp
(e7)43f7,43.0,,58,21.0,2024-11-21 18:40:00,energetic,walnut hulls,walnuts,ca,pc,1.43,1,pass,,,icp
(e7)4651,42.0,,58,21.0,2024-11-21 18:40:00,energetic,walnut hulls,walnuts,k,ppm,17000.0,2,pass,,mduran@lbl.gov,icp
(e7)4c0b,42.0,,58,21.0,2024-11-21 18:40:00,energetic,walnut hulls,walnuts,na,ppm,36.0,1,pass,,mduran@lbl.gov,icp
(e7)4eba,42.0,,58,21.0,2024-11-21 18:40:00,energetic,walnut hulls,walnuts,ca,ppm,12000.0,1,pass,,mduran@lbl.gov,icp
(e7)5138,42.0,,58,21.0,2024-11-21 18:40:00,energetic,walnut hulls,walnuts,fe,ppm,2280.0,1,pass,,mduran@lbl.gov,icp
(e7)6ad4,42.0,,58,21.0,2024-11-21 18:40:00,energetic,walnut hulls,walnuts,na,ppm,32.0,2,pass,,mduran@lbl.gov,icp
(e7)6c6b,42.0,,58,21.0,2024-11-21 18:40:00,energetic,walnut hulls,walnuts,zn,ppm,22.0,2,pass,,mduran@lbl.gov,icp
(e7)718e,42.0,,58,21.0,2024-11-21 18:40:00,energetic,walnut hulls,walnuts,cu,ppm,21.4,2,pass,,mduran@lbl.gov,icp
(e7)71b1,42.0,,58,21.0,2024-11-21 18:40:00,energetic,walnut hulls,walnuts,nd,ppm,25.0,2,pass,,mduran@lbl.gov,icp
(e7)8397,43.0,,58,21.0,2024-11-21 18:40:00,energetic,walnut hulls,walnuts,s,ppm,1270.0,1,pass,,,icp
(e7)8cf1,42.0,,58,21.0,2024-11-21 18:40:00,energetic,walnut hulls,walnuts,ti,ppm,14.3,1,pass,,mduran@lbl.gov,icp
(e7)951d,42.0,,58,21.0,2024-11-21 18:40:00,energetic,walnut hulls,walnuts,p,ppm,911.0,1,pass,,mduran@lbl.gov,icp
(e7)95cc,42.0,,58,21.0,2024-11-21 18:40:00,energetic,walnut hulls,walnuts,si,ppm,68.0,1,pass,,mduran@lbl.gov,icp
(e7)9628,42.0,,58,21.0,2024-11-21 18:40:00,energetic,walnut hulls,walnuts,mn,ppm,89.0,1,pass,,mduran@lbl.gov,icp
(e7)9db6,43.0,,58,21.0,2024-11-21 18:40:00,energetic,walnut hulls,walnuts,zn,ppm,29.5,1,pass,,,icp
(e7)a65d,43.0,,58,21.0,2024-11-21 18:40:00,energetic,walnut hulls,walnuts,fe,ppm,8840.0,1,pass,,,icp
(e7)a6df,42.0,,58,21.0,2024-11-21 18:40:00,energetic,walnut hulls,walnuts,nd,ppm,25.0,1,pass,,mduran@lbl.gov,icp
(e7)a716,42.0,,58,21.0,2024-11-21 18:40:00,energetic,walnut hulls,walnuts,s,ppm,1060.0,1,pass,,mduran@lbl.gov,icp
(e7)c3f1,42.0,,58,21.0,2024-11-21 18:40:00,energetic,walnut hulls,walnuts,zn,ppm,21.0,1,pass,,mduran@lbl.gov,icp
(e7)ca9d,43.0,,58,21.0,2024-11-21 18:40:00,energetic,walnut hulls,walnuts,mg,pc,0.176,1,pass,,,icp
(e7)d3cb,43.0,,58,21.0,2024-11-21 18:40:00,energetic,walnut hulls,walnuts,b,ppm,39.5,1,pass,,,icp
(e7)d608,42.0,,58,21.0,2024-11-21 18:40:00,energetic,walnut hulls,walnuts,p,ppm,643.0,2,pass,,mduran@lbl.gov,icp
(e7)d652,42.0,,58,21.0,2024-11-21 18:40:00,energetic,walnut hulls,walnuts,k,ppm,16800.0,1,pass,,mduran@lbl.gov,icp
(e7)d72b,42.0,,58,21.0,2024-11-21 18:40:00,energetic,walnut hulls,walnuts,s,ppm,1010.0,2,pass,,mduran@lbl.gov,icp
(e7)df42,42.0,,58,21.0,2024-11-21 18:40:00,energetic,walnut hulls,walnuts,mn,ppm,82.1,2,pass,,mduran@lbl.gov,icp
(e7)df57,42.0,,58,21.0,2024-11-21 18:40:00,energetic,walnut hulls,walnuts,mg,ppm,1140.0,2,pass,,mduran@lbl.gov,icp
(e7)e04c,43.0,,58,21.0,2024-11-21 18:40:00,energetic,walnut hulls,walnuts,k,pc,1.9,1,pass,,,icp
(e7)e3cc,42.0,,58,21.0,2024-11-21 18:40:00,energetic,walnut hulls,walnuts,cu,ppm,21.4,1,pass,,mduran@lbl.gov,icp
(e7)eeab,43.0,,58,21.0,2024-11-21 18:40:00,energetic,walnut hulls,walnuts,mn,ppm,121.0,1,pass,,,icp
(e7)f75e,42.0,,58,21.0,2024-11-21 18:40:00,energetic,walnut hulls,walnuts,fe,ppm,2230.0,2,pass,,mduran@lbl.gov,icp
(e8)0f2c,42.0,,22,9.0,2024-11-10 15:20:00,maplewood,spent yeast,grapes,fe,ppm,126.0,2,pass,,mduran@lbl.gov,icp
(e8)189e,42.0,,22,9.0,2024-11-10 15:20:00,maplewood,spent yeast,grapes,s,ppm,1450.0,2,pass,,mduran@lbl.gov,icp
(e8)2c90,42.0,,22,9.0,2024-11-10 15:20:00,maplewood,spent yeast,grapes,nd,ppm,14.4,2,pass,,mduran@lbl.gov,icp
(e8)2d0d,42.0,,22,9.0,2024-11-10 15:20:00,maplewood,spent yeast,grapes,na,ppm,-195.0,1,pass,,mduran@lbl.gov,icp
(e8)3033,42.0,,22,9.0,2024-11-10 15:20:00,maplewood,spent yeast,grapes,mn,ppm,10.8,2,pass,,mduran@lbl.gov,icp
(e8)324f,42.0,,22,9.0,2024-11-10 15:20:00,maplewood,spent yeast,grapes,ti,ppm,0.0,1,pass,,mduran@lbl.gov,icp
(e8)32bb,42.0,,22,9.0,2024-11-10 15:20:00,maplewood,spent yeast,grapes,p,ppm,2380.0,2,pass,,mduran@lbl.gov,icp
(e8)3b93,42.0,,22,9.0,2024-11-10 15:20:00,maplewood,spent yeast,grapes,si,ppm,7.0,2,pass,,mduran@lbl.gov,icp
(e8)5283,42.0,,22,9.0,2024-11-10 15:20:00,maplewood,spent yeast,grapes,zn,ppm,32.0,2,pass,,mduran@lbl.gov,icp
(e8)5afa,42.0,,22,9.0,2024-11-10 15:20:00,maplewood,spent yeast,grapes,p,ppm,2700.0,1,pass,,mduran@lbl.gov,icp
(e8)6bf4,42.0,,22,9.0,2024-11-10 15:20:00,maplewood,spent yeast,grapes,fe,ppm,140.0,1,pass,,mduran@lbl.gov,icp
(e8)7ba2,42.0,,22,9.0,2024-11-10 15:20:00,maplewood,spent yeast,grapes,s,ppm,1430.0,1,pass,,mduran@lbl.gov,icp
(e8)7c3a,42.0,,22,9.0,2024-11-10 15:20:00,maplewood,spent yeast,grapes,nd,ppm,14.7,1,pass,,mduran@lbl.gov,icp
(e8)8b83,42.0,,22,9.0,2024-11-10 15:20:00,maplewood,spent yeast,grapes,ca,ppm,5720.0,2,pass,,mduran@lbl.gov,icp
(e8)8e03,42.0,,22,9.0,2024-11-10 15:20:00,maplewood,spent yeast,grapes,al,ppm,84.5,1,pass,,mduran@lbl.gov,icp
(e8)8e4f,42.0,,22,9.0,2024-11-10 15:20:00,maplewood,spent yeast,grapes,si,ppm,11.0,1,pass,,mduran@lbl.gov,icp
(e8)8ec2,42.0,,22,9.0,2024-11-10 15:20:00,maplewood,spent yeast,grapes,zn,ppm,32.0,1,pass,,mduran@lbl.gov,icp
(e8)a1e2,42.0,,22,9.0,2024-11-10 15:20:00,maplewood,spent yeast,grapes,ca,ppm,5440.0,1,pass,,mduran@lbl.gov,icp
(e8)a7a0,42.0,,22,9.0,2024-11-10 15:20:00,maplewood,spent yeast,grapes,ti,ppm,0.0,2,pass,,mduran@lbl.gov,icp
(e8)ad9f,42.0,,22,9.0,2024-11-10 15:20:00,maplewood,spent yeast,grapes,k,ppm,87500.0,2,pass,,mduran@lbl.gov,icp
(e8)b13a,42.0,,22,9.0,2024-11-10 15:20:00,maplewood,spent yeast,grapes,mg,ppm,515.0,1,pass,,mduran@lbl.gov,icp
(e8)be6f,42.0,,22,9.0,2024-11-10 15:20:00,maplewood,spent yeast,grapes,k,ppm,82300.0,1,pass,,mduran@lbl.gov,icp
(e8)c5fd,42.0,,22,9.0,2024-11-10 15:20:00,maplewood,spent yeast,grapes,mn,ppm,11.0,1,pass,,mduran@lbl.gov,icp
(e8)dc21,42.0,,22,9.0,2024-11-10 15:20:00,maplewood,spent yeast,grapes,mg,ppm,483.0,2,pass,,mduran@lbl.gov,icp
(e8)ea4d,42.0,,22,9.0,2024-11-10 15:20:00,maplewood,spent yeast,grapes,al,ppm,86.6,2,pass,,mduran@lbl.gov,icp
(e8)f238,42.0,,22,9.0,2024-11-10 15:20:00,maplewood,spent yeast,grapes,cu,ppm,14.4,2,pass,,mduran@lbl.gov,icp
(e8)fda6,42.0,,22,9.0,2024-11-10 15:20:00,maplewood,spent yeast,grapes,cu,ppm,22.1,1,pass,,mduran@lbl.gov,icp
(e8)ff82,42.0,,22,9.0,2024-11-10 15:20:00,maplewood,spent yeast,grapes,na,ppm,-184.0,2,pass,,mduran@lbl.gov,icp
(fe)0bb8,42.0,,62,7.0,2024-11-10 15:00:00,maplewood,grape pomace,grapes,p,ppm,2220.0,1,pass,,mduran@lbl.gov,icp
(fe)15d9,42.0,,62,7.0,2024-11-10 15:00:00,maplewood,grape pomace,grapes,ti,ppm,3.7,2,pass,,mduran@lbl.gov,icp
(fe)18a8,42.0,,62,7.0,2024-11-10 15:00:00,maplewood,grape pomace,grapes,al,ppm,18.1,1,pass,,mduran@lbl.gov,icp
(fe)1940,43.0,,62,7.0,2024-11-10 15:00:00,maplewood,grape pomace,grapes,p,pc,0.292,1,pass,,,icp
(fe)22a4,43.0,,62,7.0,2024-11-10 15:00:00,maplewood,grape pomace,grapes,fe,ppm,377.0,1,pass,,,icp
(fe)2866,42.0,,62,7.0,2024-11-10 15:00:00,maplewood,grape pomace,grapes,ca,ppm,4430.0,1,pass,,mduran@lbl.gov,icp
(fe)28ee,42.0,,62,7.0,2024-11-10 15:00:00,maplewood,grape pomace,grapes,si,ppm,22.0,1,pass,,mduran@lbl.gov,icp
(fe)2aa1,42.0,,62,7.0,2024-11-10 15:00:00,maplewood,grape pomace,grapes,cu,ppm,14.5,1,pass,,mduran@lbl.gov,icp
(fe)32d0,43.0,,62,7.0,2024-11-10 15:00:00,maplewood,grape pomace,grapes,k,pc,1.93,1,pass,,,icp
(fe)3456,42.0,,62,7.0,2024-11-10 15:00:00,maplewood,grape pomace,grapes,si,ppm,18.0,2,pass,,mduran@lbl.gov,icp
(fe)3bca,43.0,,62,7.0,2024-11-10 15:00:00,maplewood,grape pomace,grapes,k,pc,2.13,1,pass,,,icp
(fe)46c4,42.0,,62,7.0,2024-11-10 15:00:00,maplewood,grape pomace,grapes,zn,ppm,11.0,2,pass,,mduran@lbl.gov,icp
(fe)4edb,43.0,,62,7.0,2024-11-10 15:00:00,maplewood,grape pomace,grapes,s,ppm,1550.0,1,pass,,,icp
(fe)5096,43.0,,62,7.0,2024-11-10 15:00:00,maplewood,grape pomace,grapes,zn,ppm,14.5,1,pass,,,icp
(fe)55dc,42.0,,62,7.0,2024-11-10 15:00:00,maplewood,grape pomace,grapes,ca,ppm,4320.0,2,pass,,mduran@lbl.gov,icp
(fe)5edd,43.0,,62,7.0,2024-11-10 15:00:00,maplewood,grape pomace,grapes,mg,pc,0.117,1,pass,,,icp
(fe)6131,42.0,,62,7.0,2024-11-10 15:00:00,maplewood,grape pomace,grapes,ti,ppm,0.0,1,pass,,mduran@lbl.gov,icp
(fe)6478,43.0,,62,7.0,2024-11-10 15:00:00,maplewood,grape pomace,grapes,ca,pc,0.557,1,pass,,,icp
(fe)64dd,42.0,,62,7.0,2024-11-10 15:00:00,maplewood,grape pomace,grapes,al,ppm,14.8,2,pass,,mduran@lbl.gov,icp
(fe)64ff,43.0,,62,7.0,2024-11-10 15:00:00,maplewood,grape pomace,grapes,mn,ppm,50.3,1,pass,,,icp
(fe)674a,43.0,,62,7.0,2024-11-10 15:00:00,maplewood,grape pomace,grapes,cu,ppm,15.5,1,pass,,,icp
(fe)6d12,43.0,,62,7.0,2024-11-10 15:00:00,maplewood,grape pomace,grapes,ca,pc,0.521,1,pass,,,icp
(fe)7697,42.0,,62,7.0,2024-11-10 15:00:00,maplewood,grape pomace,grapes,p,ppm,2130.0,2,pass,,mduran@lbl.gov,icp
(fe)7a3b,42.0,,62,7.0,2024-11-10 15:00:00,maplewood,grape pomace,grapes,nd,ppm,7.25,1,pass,,mduran@lbl.gov,icp
(fe)802b,42.0,,62,7.0,2024-11-10 15:00:00,maplewood,grape pomace,grapes,mg,ppm,995.0,2,pass,,mduran@lbl.gov,icp
(fe)813d,42.0,,62,7.0,2024-11-10 15:00:00,maplewood,grape pomace,grapes,na,ppm,-221.0,1,pass,,mduran@lbl.gov,icp
(fe)8847,43.0,,62,7.0,2024-11-10 15:00:00,maplewood,grape pomace,grapes,s,ppm,1610.0,1,pass,,,icp
(fe)89d6,42.0,,62,7.0,2024-11-10 15:00:00,maplewood,grape pomace,grapes,mn,ppm,43.5,1,pass,,mduran@lbl.gov,icp
(fe)8bdb,42.0,,62,7.0,2024-11-10 15:00:00,maplewood,grape pomace,grapes,na,ppm,-55.0,2,pass,,mduran@lbl.gov,icp
(fe)8e22,42.0,,62,7.0,2024-11-10 15:00:00,maplewood,grape pomace,grapes,k,ppm,16500.0,1,pass,,mduran@lbl.gov,icp
(fe)9542,43.0,,62,7.0,2024-11-10 15:00:00,maplewood,grape pomace,grapes,b,ppm,27.5,1,pass,,,icp
(fe)9b50,42.0,,62,7.0,2024-11-10 15:00:00,maplewood,grape pomace,grapes,nd,ppm,7.4,2,pass,,mduran@lbl.gov,icp
(fe)9dcb,42.0,,62,7.0,2024-11-10 15:00:00,maplewood,grape pomace,grapes,fe,ppm,7.0,1,pass,,mduran@lbl.gov,icp
(fe)ace1,43.0,,62,7.0,2024-11-10 15:00:00,maplewood,grape pomace,grapes,b,ppm,25.8,1,pass,,,icp
(fe)b092,43.0,,62,7.0,2024-11-10 15:00:00,maplewood,grape pomace,grapes,mg,pc,0.115,1,pass,,,icp
(fe)b2d0,43.0,,62,7.0,2024-11-10 15:00:00,maplewood,grape pomace,grapes,mn,ppm,47.2,1,pass,,,icp
(fe)b73e,42.0,,62,7.0,2024-11-10 15:00:00,maplewood,grape pomace,grapes,zn,ppm,11.0,1,pass,,mduran@lbl.gov,icp
(fe)b7c9,43.0,,62,7.0,2024-11-10 15:00:00,maplewood,grape pomace,grapes,cu,ppm,14.0,1,pass,,,icp
(fe)be43,42.0,,62,7.0,2024-11-10 15:00:00,maplewood,grape pomace,grapes,fe,ppm,11.0,2,pass,,mduran@lbl.gov,icp
(fe)c230,42.0,,62,7.0,2024-11-10 15:00:00,maplewood,grape pomace,grapes,cu,ppm,11.1,2,pass,,mduran@lbl.gov,icp
(fe)cf31,42.0,,62,7.0,2024-11-10 15:00:00,maplewood,grape pomace,grapes,mn,ppm,40.7,2,pass,,mduran@lbl.gov,icp
(fe)d49a,43.0,,62,7.0,2024-11-10 15:00:00,maplewood,grape pomace,grapes,fe,ppm,197.0,1,pass,,,icp
(fe)d578,43.0,,62,7.0,2024-11-10 15:00:00,maplewood,grape pomace,grapes,zn,ppm,13.8,1,pass,,,icp
(fe)e312,42.0,,62,7.0,2024-11-10 15:00:00,maplewood,grape pomace,grapes,k,ppm,16300.0,2,pass,,mduran@lbl.gov,icp
(fe)f915,42.0,,62,7.0,2024-11-10 15:00:00,maplewood,grape pomace,grapes,mg,ppm,1040.0,1,pass,,mduran@lbl.gov,icp
(fe)f958,42.0,,62,7.0,2024-11-10 15:00:00,maplewood,grape pomace,grapes,s,ppm,1310.0,2,pass,,mduran@lbl.gov,icp
(fe)fd86,43.0,,62,7.0,2024-11-10 15:00:00,maplewood,grape pomace,grapes,p,pc,0.289,1,pass,,,icp
(fe)fe17,42.0,,62,7.0,2024-11-10 15:00:00,maplewood,grape pomace,grapes,s,ppm,1210.0,1,pass,,mduran@lbl.gov,icp
buty007-8d08,,,62,7.0,2024-11-10 15:00:00,maplewood,grape pomace,grapes,glucose_yld,% of glucan,42.7,1,pass,,akrishnamoorthy@lbl.gov,pretreatment
buty008-128b,,,62,7.0,2024-11-10 15:00:00,maplewood,grape pomace,grapes,glucose_yld,% of glucan,40.1,2,pass,,akrishnamoorthy@lbl.gov,pretreatment
buty009-f6f6,,,62,7.0,2024-11-10 15:00:00,maplewood,grape pomace,grapes,glucose_yld,% of glucan,43.0,3,pass,,akrishnamoorthy@lbl.gov,pretreatment
buty010-561f,,,62,7.0,2024-11-10 15:00:00,maplewood,grape pomace,grapes,xylose_yld,% of xylan,43.5,1,pass,,akrishnamoorthy@lbl.gov,pretreatment
buty011-c577,,,62,7.0,2024-11-10 15:00:00,maplewood,grape pomace,grapes,xylose_yld,% of xylan,40.8,2,pass,,akrishnamoorthy@lbl.gov,pretreatment
buty012-ccdb,,,62,7.0,2024-11-10 15:00:00,maplewood,grape pomace,grapes,xylose_yld,% of xylan,42.7,3,pass,,akrishnamoorthy@lbl.gov,pretreatment
buty031-1530,,,63,8.0,2024-11-10 15:10:00,maplewood,grape stem,grapes,glucose_yld,% of glucan,45.4,1,pass,,akrishnamoorthy@lbl.gov,pretreatment
buty032-8bc4,,,63,8.0,2024-11-10 15:10:00,maplewood,grape stem,grapes,glucose_yld,% of glucan,47.5,2,pass,,akrishnamoorthy@lbl.gov,pretreatment
buty033-a8aa,,,63,8.0,2024-11-10 15:10:00,maplewood,grape stem,grapes,glucose_yld,% of glucan,45.8,3,pass,,akrishnamoorthy@lbl.gov,pretreatment
buty055-d4d0,,,64,6.0,2024-10-25 10:30:00,ebony,grape pomace,grapes,glucose_yld,% of glucan,50.8,1,pass,,akrishnamoorthy@lbl.gov,pretreatment
buty056-2bb0,,,64,6.0,2024-10-25 10:30:00,ebony,grape pomace,grapes,glucose_yld,% of glucan,50.5,2,pass,,akrishnamoorthy@lbl.gov,pretreatment
buty057-c642,,,64,6.0,2024-10-25 10:30:00,ebony,grape pomace,grapes,glucose_yld,% of glucan,53.8,3,pass,,akrishnamoorthy@lbl.gov,pretreatment
buty058-c478,,,64,6.0,2024-10-25 10:30:00,ebony,grape pomace,grapes,xylose_yld,% of xylan,79.7,1,pass,,akrishnamoorthy@lbl.gov,pretreatment
buty059-af88,,,64,6.0,2024-10-25 10:30:00,ebony,grape pomace,grapes,xylose_yld,% of xylan,76.7,2,pass,,akrishnamoorthy@lbl.gov,pretreatment
buty060-09f3,,,64,6.0,2024-10-25 10:30:00,ebony,grape pomace,grapes,xylose_yld,% of xylan,83.3,3,pass,,akrishnamoorthy@lbl.gov,pretreatment
buty079-aeb3,,,61,1.0,2024-09-09 15:00:00,riverstone,tomato pomace,tomatoes for processing,glucose_yld,% of glucan,65.2,1,pass,,akrishnamoorthy@lbl.gov,pretreatment
buty080-2d78,,,61,1.0,2024-09-09 15:00:00,riverstone,tomato pomace,tomatoes for processing,glucose_yld,% of glucan,65.4,2,pass,,akrishnamoorthy@lbl.gov,pretreatment
buty081-f476,,,61,1.0,2024-09-09 15:00:00,riverstone,tomato pomace,tomatoes for processing,glucose_yld,% of glucan,66.3,3,pass,,akrishnamoorthy@lbl.gov,pretreatment
buty082-ad24,,,61,1.0,2024-09-09 15:00:00,riverstone,tomato pomace,tomatoes for processing,xylose_yld,% of xylan,72.0,1,pass,,akrishnamoorthy@lbl.gov,pretreatment
buty083-30f5,,,61,1.0,2024-09-09 15:00:00,riverstone,tomato pomace,tomatoes for processing,xylose_yld,% of xylan,70.8,2,pass,,akrishnamoorthy@lbl.gov,pretreatment
buty084-11f3,,,61,1.0,2024-09-09 15:00:00,riverstone,tomato pomace,tomatoes for processing,xylose_yld,% of xylan,72.4,3,pass,,akrishnamoorthy@lbl.gov,pretreatment
buty103-5e9e,,,59,3.0,2024-09-24 11:40:00,oakleaf,tomato pomace,tomatoes for processing,glucose_yld,% of glucan,72.4,1,pass,,akrishnamoorthy@lbl.gov,pretreatment
buty104-8f3c,,,59,3.0,2024-09-24 11:40:00,oakleaf,tomato pomace,tomatoes for processing,glucose_yld,% of glucan,67.7,2,pass,,akrishnamoorthy@lbl.gov,pretreatment
buty105-8a32,,,59,3.0,2024-09-24 11:40:00,oakleaf,tomato pomace,tomatoes for processing,glucose_yld,% of glucan,73.2,3,pass,,akrishnamoorthy@lbl.gov,pretreatment
buty106-5d8b,,,59,3.0,2024-09-24 11:40:00,oakleaf,tomato pomace,tomatoes for processing,xylose_yld,% of xylan,86.4,1,pass,,akrishnamoorthy@lbl.gov,pretreatment
buty107-4b83,,,59,3.0,2024-09-24 11:40:00,oakleaf,tomato pomace,tomatoes for processing,xylose_yld,% of xylan,81.7,2,pass,,akrishnamoorthy@lbl.gov,pretreatment
buty108-4c57,,,59,3.0,2024-09-24 11:40:00,oakleaf,tomato pomace,tomatoes for processing,xylose_yld,% of xylan,75.1,3,pass,,akrishnamoorthy@lbl.gov,pretreatment
buty127-2bd2,,,60,2.0,2024-09-21 09:00:00,pinecrest,tomato pomace,tomatoes for processing,glucose_yld,% of glucan,67.9,1,pass,,akrishnamoorthy@lbl.gov,pretreatment
buty128-7672,,,60,2.0,2024-09-21 09:00:00,pinecrest,tomato pomace,tomatoes for processing,glucose_yld,% of glucan,73.8,2,pass,,akrishnamoorthy@lbl.gov,pretreatment
buty130-bbc1,,,60,2.0,2024-09-21 09:00:00,pinecrest,tomato pomace,tomatoes for processing,xylose_yld,% of xylan,70.1,1,pass,,akrishnamoorthy@lbl.gov,pretreatment
buty131-0cfc,,,60,2.0,2024-09-21 09:00:00,pinecrest,tomato pomace,tomatoes for processing,xylose_yld,% of xylan,74.0,2,pass,,akrishnamoorthy@lbl.gov,pretreatment
buty151-55cb,,,52,27.0,2025-01-08 09:15:00,hairpin,sargassum,sargassum,glucose_yld,% of glucan,53.4,1,pass,,akrishnamoorthy@lbl.gov,pretreatment
buty152-5d60,,,52,27.0,2025-01-08 09:15:00,hairpin,sargassum,sargassum,glucose_yld,% of glucan,50.2,2,pass,,akrishnamoorthy@lbl.gov,pretreatment
buty153-b8c1,,,52,27.0,2025-01-08 09:15:00,hairpin,sargassum,sargassum,glucose_yld,% of glucan,46.7,3,pass,,akrishnamoorthy@lbl.gov,pretreatment
buty154-c77b,,,52,27.0,2025-01-08 09:15:00,hairpin,sargassum,sargassum,xylose_yld,% of xylan,60.8,1,pass,,akrishnamoorthy@lbl.gov,pretreatment
buty155-9daa,,,52,27.0,2025-01-08 09:15:00,hairpin,sargassum,sargassum,xylose_yld,% of xylan,54.8,2,pass,,akrishnamoorthy@lbl.gov,pretreatment
buty175-4243,,,65,4.0,2024-10-17 12:00:00,jaguar,olive pomace,olives - processing,glucose_yld,% of glucan,41.2,1,pass,,akrishnamoorthy@lbl.gov,pretreatment
buty176-6692,,,65,4.0,2024-10-17 12:00:00,jaguar,olive pomace,olives - processing,glucose_yld,% of glucan,44.6,2,pass,,akrishnamoorthy@lbl.gov,pretreatment
buty177-2177,,,65,4.0,2024-10-17 12:00:00,jaguar,olive pomace,olives - processing,glucose_yld,% of glucan,44.7,3,pass,,akrishnamoorthy@lbl.gov,pretreatment
buty178-1d39,,,65,4.0,2024-10-17 12:00:00,jaguar,olive pomace,olives - processing,xylose_yld,% of xylan,27.4,1,pass,,akrishnamoorthy@lbl.gov,pretreatment
buty179-a65a,,,65,4.0,2024-10-17 12:00:00,jaguar,olive pomace,olives - processing,xylose_yld,% of xylan,42.9,2,pass,,akrishnamoorthy@lbl.gov,pretreatment
buty180-7834,,,65,4.0,2024-10-17 12:00:00,jaguar,olive pomace,olives - processing,xylose_yld,% of xylan,42.8,3,pass,,akrishnamoorthy@lbl.gov,pretreatment
buty199-b0d5,,,47,13.0,2024-11-21 12:10:00,vibrant,almond shells,almonds,glucose_yld,% of glucan,20.7,1,pass,,akrishnamoorthy@lbl.gov,pretreatment
buty200-bd41,,,47,13.0,2024-11-21 12:10:00,vibrant,almond shells,almonds,glucose_yld,% of glucan,20.8,2,pass,,akrishnamoorthy@lbl.gov,pretreatment
buty201-6894,,,47,13.0,2024-11-21 12:10:00,vibrant,almond shells,almonds,glucose_yld,% of glucan,21.1,3,pass,,akrishnamoorthy@lbl.gov,pretreatment
buty202-0af7,,,47,13.0,2024-11-21 12:10:00,vibrant,almond shells,almonds,xylose_yld,% of xylan,17.1,1,pass,,akrishnamoorthy@lbl.gov,pretreatment
buty203-61f6,,,47,13.0,2024-11-21 12:10:00,vibrant,almond shells,almonds,xylose_yld,% of xylan,16.9,2,pass,,akrishnamoorthy@lbl.gov,pretreatment
buty204-7eb8,,,47,13.0,2024-11-21 12:10:00,vibrant,almond shells,almonds,xylose_yld,% of xylan,17.2,3,pass,,akrishnamoorthy@lbl.gov,pretreatment
buty223-96b2,,,48,14.0,2024-11-21 12:40:00,vibrant,almond hulls,almonds,glucose_yld,% of glucan,29.3,1,pass,,akrishnamoorthy@lbl.gov,pretreatment
buty224-7b02,,,48,14.0,2024-11-21 12:40:00,vibrant,almond hulls,almonds,glucose_yld,% of glucan,31.2,2,pass,,akrishnamoorthy@lbl.gov,pretreatment
buty225-7368,,,48,14.0,2024-11-21 12:40:00,vibrant,almond hulls,almonds,glucose_yld,% of glucan,30.5,3,pass,,akrishnamoorthy@lbl.gov,pretreatment
buty226-fabd,,,48,14.0,2024-11-21 12:40:00,vibrant,almond hulls,almonds,xylose_yld,% of xylan,28.9,1,pass,,akrishnamoorthy@lbl.gov,pretreatment
buty227-e468,,,48,14.0,2024-11-21 12:40:00,vibrant,almond hulls,almonds,xylose_yld,% of xylan,45.0,2,pass,,akrishnamoorthy@lbl.gov,pretreatment
buty228-d7bf,,,48,14.0,2024-11-21 12:40:00,vibrant,almond hulls,almonds,xylose_yld,% of xylan,35.1,3,pass,,akrishnamoorthy@lbl.gov,pretreatment
buty247-2fed,,,49,16.0,2024-11-21 15:10:00,tiny,almond shells,almonds,glucose_yld,% of glucan,20.3,1,pass,,akrishnamoorthy@lbl.gov,pretreatment
buty248-817a,,,49,16.0,2024-11-21 15:10:00,tiny,almond shells,almonds,glucose_yld,% of glucan,20.1,2,pass,,akrishnamoorthy@lbl.gov,pretreatment
buty249-c03e,,,49,16.0,2024-11-21 15:10:00,tiny,almond shells,almonds,glucose_yld,% of glucan,17.0,3,pass,,akrishnamoorthy@lbl.gov,pretreatment
buty250-109f,,,49,16.0,2024-11-21 15:10:00,tiny,almond shells,almonds,xylose_yld,% of xylan,14.4,1,pass,,akrishnamoorthy@lbl.gov,pretreatment
buty251-bdc1,,,49,16.0,2024-11-21 15:10:00,tiny,almond shells,almonds,xylose_yld,% of xylan,14.5,2,pass,,akrishnamoorthy@lbl.gov,pretreatment
buty252-decb,,,49,16.0,2024-11-21 15:10:00,tiny,almond shells,almonds,xylose_yld,% of xylan,13.3,3,pass,,akrishnamoorthy@lbl.gov,pretreatment
buty271-7522,,,50,17.0,2024-11-21 15:40:00,tiny,almond hulls,almonds,glucose_yld,% of glucan,30.9,1,pass,,akrishnamoorthy@lbl.gov,pretreatment
buty272-6b9b,,,50,17.0,2024-11-21 15:40:00,tiny,almond hulls,almonds,glucose_yld,% of glucan,11.0,2,pass,,akrishnamoorthy@lbl.gov,pretreatment
buty273-f151,,,50,17.0,2024-11-21 15:40:00,tiny,almond hulls,almonds,glucose_yld,% of glucan,38.5,3,pass,,akrishnamoorthy@lbl.gov,pretreatment
buty274-ed9d,,,50,17.0,2024-11-21 15:40:00,tiny,almond hulls,almonds,xylose_yld,% of xylan,33.2,1,pass,,akrishnamoorthy@lbl.gov,pretreatment
buty275-e980,,,50,17.0,2024-11-21 15:40:00,tiny,almond hulls,almonds,xylose_yld,% of xylan,10.9,2,pass,,akrishnamoorthy@lbl.gov,pretreatment
buty276-4aa7,,,50,17.0,2024-11-21 15:40:00,tiny,almond hulls,almonds,xylose_yld,% of xylan,41.3,3,pass,,akrishnamoorthy@lbl.gov,pretreatment
buty295-8fdf,,,51,18.0,2024-11-21 16:10:00,tiny,almond shells and hulls mix,almonds,glucose_yld,% of glucan,28.9,1,pass,,akrishnamoorthy@lbl.gov,pretreatment
buty296-7ab2,,,51,18.0,2024-11-21 16:10:00,tiny,almond shells and hulls mix,almonds,glucose_yld,% of glucan,22.7,2,pass,,akrishnamoorthy@lbl.gov,pretreatment
buty297-1cde,,,51,18.0,2024-11-21 16:10:00,tiny,almond shells and hulls mix,almonds,glucose_yld,% of glucan,21.2,3,pass,,akrishnamoorthy@lbl.gov,pretreatment
buty298-af39,,,51,18.0,2024-11-21 16:10:00,tiny,almond shells and hulls mix,almonds,xylose_yld,% of xylan,23.6,1,pass,,akrishnamoorthy@lbl.gov,pretreatment
buty299-5025,,,51,18.0,2024-11-21 16:10:00,tiny,almond shells and hulls mix,almonds,xylose_yld,% of xylan,15.4,2,pass,,akrishnamoorthy@lbl.gov,pretreatment
buty300-72f0,,,51,18.0,2024-11-21 16:10:00,tiny,almond shells and hulls mix,almonds,xylose_yld,% of xylan,18.3,3,pass,,akrishnamoorthy@lbl.gov,pretreatment
buty319-3eab,,,54,19.0,2024-11-21 16:10:00,popular,almond woodchips,almonds,glucose_yld,% of glucan,8.9,1,pass,,akrishnamoorthy@lbl.gov,pretreatment
buty320-0e18,,,54,19.0,2024-11-21 16:10:00,popular,almond woodchips,almonds,glucose_yld,% of glucan,17.8,2,pass,,akrishnamoorthy@lbl.gov,pretreatment
buty321-8687,,,54,19.0,2024-11-21 16:10:00,popular,almond woodchips,almonds,glucose_yld,% of glucan,8.8,3,pass,,akrishnamoorthy@lbl.gov,pretreatment
buty322-160a,,,54,19.0,2024-11-21 16:10:00,popular,almond woodchips,almonds,xylose_yld,% of xylan,9.6,1,pass,,akrishnamoorthy@lbl.gov,pretreatment
buty323-196d,,,54,19.0,2024-11-21 16:10:00,popular,almond woodchips,almonds,xylose_yld,% of xylan,19.1,2,pass,,akrishnamoorthy@lbl.gov,pretreatment
buty324-94ff,,,54,19.0,2024-11-21 16:10:00,popular,almond woodchips,almonds,xylose_yld,% of xylan,10.7,3,pass,,akrishnamoorthy@lbl.gov,pretreatment
buty343-3183,,,55,22.0,2024-11-26 11:10:00,energetic,walnut tree sticks,walnuts,glucose_yld,% of glucan,18.7,1,pass,,akrishnamoorthy@lbl.gov,pretreatment
buty344-9740,,,55,22.0,2024-11-26 11:10:00,energetic,walnut tree sticks,walnuts,glucose_yld,% of glucan,16.9,2,pass,,akrishnamoorthy@lbl.gov,pretreatment
buty345-a5bc,,,55,22.0,2024-11-26 11:10:00,energetic,walnut tree sticks,walnuts,glucose_yld,% of glucan,16.2,3,pass,,akrishnamoorthy@lbl.gov,pretreatment
buty346-f978,,,55,22.0,2024-11-26 11:10:00,energetic,walnut tree sticks,walnuts,xylose_yld,% of xylan,16.6,1,pass,,akrishnamoorthy@lbl.gov,pretreatment
buty347-8f10,,,55,22.0,2024-11-26 11:10:00,energetic,walnut tree sticks,walnuts,xylose_yld,% of xylan,16.0,2,pass,,akrishnamoorthy@lbl.gov,pretreatment
buty348-e7b5,,,55,22.0,2024-11-26 11:10:00,energetic,walnut tree sticks,walnuts,xylose_yld,% of xylan,16.7,3,pass,,akrishnamoorthy@lbl.gov,pretreatment
buty367-7ab1,,,53,15.0,2024-11-21 13:10:00,vibrant,almond branches,almonds,glucose_yld,% of glucan,11.8,1,pass,,akrishnamoorthy@lbl.gov,pretreatment
buty369-947d,,,53,15.0,2024-11-21 13:10:00,vibrant,almond branches,almonds,glucose_yld,% of glucan,11.5,3,pass,,akrishnamoorthy@lbl.gov,pretreatment
buty370-5f0c,,,53,15.0,2024-11-21 13:10:00,vibrant,almond branches,almonds,xylose_yld,% of xylan,13.4,1,pass,,akrishnamoorthy@lbl.gov,pretreatment
buty372-f35e,,,53,15.0,2024-11-21 13:10:00,vibrant,almond branches,almonds,xylose_yld,% of xylan,11.9,3,pass,,akrishnamoorthy@lbl.gov,pretreatment
buty391-1d2c,,,57,20.0,2024-11-21 18:10:00,energetic,walnut shells,walnuts,glucose_yld,% of glucan,81.5,1,pass,,akrishnamoorthy@lbl.gov,pretreatment
buty392-448d,,,57,20.0,2024-11-21 18:10:00,energetic,walnut shells,walnuts,glucose_yld,% of glucan,83.7,2,pass,,akrishnamoorthy@lbl.gov,pretreatment
buty393-de8d,,,57,20.0,2024-11-21 18:10:00,energetic,walnut shells,walnuts,glucose_yld,% of glucan,89.0,3,pass,,akrishnamoorthy@lbl.gov,pretreatment
buty394-3c1f,,,57,20.0,2024-11-21 18:10:00,energetic,walnut shells,walnuts,xylose_yld,% of xylan,21.8,1,pass,,akrishnamoorthy@lbl.gov,pretreatment
buty395-66ec,,,57,20.0,2024-11-21 18:10:00,energetic,walnut shells,walnuts,xylose_yld,% of xylan,19.0,2,pass,,akrishnamoorthy@lbl.gov,pretreatment
buty396-d47f,,,57,20.0,2024-11-21 18:10:00,energetic,walnut shells,walnuts,xylose_yld,% of xylan,20.5,3,pass,,akrishnamoorthy@lbl.gov,pretreatment
buty415-90b5,,,56,23.0,2024-12-05 13:30:00,tackle,sweet potato culls,sweet potatoes,glucose_yld,% of glucan,23.9,1,pass,,akrishnamoorthy@lbl.gov,pretreatment
buty416-bf0a,,,56,23.0,2024-12-05 13:30:00,tackle,sweet potato culls,sweet potatoes,glucose_yld,% of glucan,27.3,2,pass,,akrishnamoorthy@lbl.gov,pretreatment
buty417-e945,,,56,23.0,2024-12-05 13:30:00,tackle,sweet potato culls,sweet potatoes,glucose_yld,% of glucan,34.7,3,pass,,akrishnamoorthy@lbl.gov,pretreatment
buty439-f17b,,,67,28.0,2025-02-05 14:00:00,caterpillar,corn stover husks,corn - all,glucose_yld,% of glucan,82.4,1,pass,,akrishnamoorthy@lbl.gov,pretreatment
buty440-c36c,,,67,28.0,2025-02-05 14:00:00,caterpillar,corn stover husks,corn - all,glucose_yld,% of glucan,84.1,2,pass,,akrishnamoorthy@lbl.gov,pretreatment
buty441-d08d,,,67,28.0,2025-02-05 14:00:00,caterpillar,corn stover husks,corn - all,glucose_yld,% of glucan,78.9,3,pass,,akrishnamoorthy@lbl.gov,pretreatment
buty442-04c1,,,67,28.0,2025-02-05 14:00:00,caterpillar,corn stover husks,corn - all,xylose_yld,% of xylan,72.5,1,pass,,akrishnamoorthy@lbl.gov,pretreatment
buty443-ec72,,,67,28.0,2025-02-05 14:00:00,caterpillar,corn stover husks,corn - all,xylose_yld,% of xylan,71.5,2,pass,,akrishnamoorthy@lbl.gov,pretreatment
buty444-217a,,,67,28.0,2025-02-05 14:00:00,caterpillar,corn stover husks,corn - all,xylose_yld,% of xylan,67.4,3,pass,,akrishnamoorthy@lbl.gov,pretreatment
buty463-ccd3,,,68,29.0,2025-02-05 14:00:00,caterpillar,corn stover cobs,corn - all,glucose_yld,% of glucan,84.0,1,pass,,akrishnamoorthy@lbl.gov,pretreatment
buty465-e4d4,,,68,29.0,2025-02-05 14:00:00,caterpillar,corn stover cobs,corn - all,glucose_yld,% of glucan,84.1,3,pass,,akrishnamoorthy@lbl.gov,pretreatment
buty466-ab89,,,68,29.0,2025-02-05 14:00:00,caterpillar,corn stover cobs,corn - all,xylose_yld,% of xylan,68.1,1,pass,,akrishnamoorthy@lbl.gov,pretreatment
buty468-c171,,,68,29.0,2025-02-05 14:00:00,caterpillar,corn stover cobs,corn - all,xylose_yld,% of xylan,69.3,3,pass,,akrishnamoorthy@lbl.gov,pretreatment
buty487-790a,,,69,30.0,2025-02-05 14:00:00,caterpillar,corn stover stalks,corn - all,glucose_yld,% of glucan,75.4,1,pass,,akrishnamoorthy@lbl.gov,pretreatment
buty488-f0ed,,,69,30.0,2025-02-05 14:00:00,caterpillar,corn stover stalks,corn - all,glucose_yld,% of glucan,71.8,2,pass,,akrishnamoorthy@lbl.gov,pretreatment
buty489-e20f,,,69,30.0,2025-02-05 14:00:00,caterpillar,corn stover stalks,corn - all,glucose_yld,% of glucan,73.2,3,pass,,akrishnamoorthy@lbl.gov,pretreatment
buty490-d2b9,,,69,30.0,2025-02-05 14:00:00,caterpillar,corn stover stalks,corn - all,xylose_yld,% of xylan,67.9,1,pass,,akrishnamoorthy@lbl.gov,pretreatment
buty491-0a44,,,69,30.0,2025-02-05 14:00:00,caterpillar,corn stover stalks,corn - all,xylose_yld,% of xylan,62.5,2,pass,,akrishnamoorthy@lbl.gov,pretreatment
buty492-6317,,,69,30.0,2025-02-05 14:00:00,caterpillar,corn stover stalks,corn - all,xylose_yld,% of xylan,62.5,3,pass,,akrishnamoorthy@lbl.gov,pretreatment
buty529-d2fe,,,164,92.0,2025-11-04 17:22:00,excellent,olive pomace,olives - processing,glucose_yld,% of glucan,36.32,1,pass,,akrishnamoorthy@lbl.gov,pretreatment
buty530-10e1,,,164,92.0,2025-11-04 17:22:00,excellent,olive pomace,olives - processing,glucose_yld,% of glucan,31.57,2,pass,,akrishnamoorthy@lbl.gov,pretreatment
buty531-481f,,,164,92.0,2025-11-04 17:22:00,excellent,olive pomace,olives - processing,xylose_yld,% of xylan,11.71,1,pass,,akrishnamoorthy@lbl.gov,pretreatment
buty532-9810,,,164,92.0,2025-11-04 17:22:00,excellent,olive pomace,olives - processing,xylose_yld,% of xylan,11.29,2,pass,,akrishnamoorthy@lbl.gov,pretreatment
buty533-a4f3,,,165,93.0,2025-11-04 17:35:00,excellent,olive stems / leaves,olives - processing,glucose_yld,% of glucan,38.04,1,pass,,akrishnamoorthy@lbl.gov,pretreatment
buty534-a669,,,165,93.0,2025-11-04 17:35:00,excellent,olive stems / leaves,olives - processing,glucose_yld,% of glucan,33.28,2,pass,,akrishnamoorthy@lbl.gov,pretreatment
buty535-4714,,,165,93.0,2025-11-04 17:35:00,excellent,olive stems / leaves,olives - processing,xylose_yld,% of xylan,19.32,1,pass,,akrishnamoorthy@lbl.gov,pretreatment
buty843-68cd,,,65,4.0,2024-10-17 12:00:00,jaguar,olive pomace,olives - processing,glucose_yld,% of glucan,64.64,1,pass,,akrishnamoorthy@lbl.gov,pretreatment
buty844-c581,,,65,4.0,2024-10-17 12:00:00,jaguar,olive pomace,olives - processing,glucose_yld,% of glucan,63.06,2,pass,,akrishnamoorthy@lbl.gov,pretreatment
buty845-aae3,,,65,4.0,2024-10-17 12:00:00,jaguar,olive pomace,olives - processing,xylose_yld,% of xylan,69.75,1,pass,,akrishnamoorthy@lbl.gov,pretreatment
buty846-ecc5,,,65,4.0,2024-10-17 12:00:00,jaguar,olive pomace,olives - processing,xylose_yld,% of xylan,70.35,2,pass,,akrishnamoorthy@lbl.gov,pretreatment
buty847-3213,,,66,5.0,2024-10-17 12:00:00,jaguar,olive stems / leaves,olives - processing,glucose_yld,% of glucan,23.6,1,pass,,akrishnamoorthy@lbl.gov,pretreatment
buty848-2733,,,66,5.0,2024-10-17 12:00:00,jaguar,olive stems / leaves,olives - processing,glucose_yld,% of glucan,27.07,2,pass,,akrishnamoorthy@lbl.gov,pretreatment
buty849-f303,,,66,5.0,2024-10-17 12:00:00,jaguar,olive stems / leaves,olives - processing,xylose_yld,% of xylan,41.64,1,pass,,akrishnamoorthy@lbl.gov,pretreatment
buty850-2987,,,66,5.0,2024-10-17 12:00:00,jaguar,olive stems / leaves,olives - processing,xylose_yld,% of xylan,38.71,2,pass,,akrishnamoorthy@lbl.gov,pretreatment
chol001-55cb,,,62,7.0,2024-11-10 15:00:00,maplewood,grape pomace,grapes,glucose_yld,% of glucan,68.1,1,pass,,akrishnamoorthy@lbl.gov,pretreatment
chol002-bfed,,,62,7.0,2024-11-10 15:00:00,maplewood,grape pomace,grapes,glucose_yld,% of glucan,77.4,2,pass,,akrishnamoorthy@lbl.gov,pretreatment
chol003-ed34,,,62,7.0,2024-11-10 15:00:00,maplewood,grape pomace,grapes,glucose_yld,% of glucan,80.3,3,pass,,akrishnamoorthy@lbl.gov,pretreatment
chol004-671c,,,62,7.0,2024-11-10 15:00:00,maplewood,grape pomace,grapes,xylose_yld,% of xylan,34.4,1,pass,,akrishnamoorthy@lbl.gov,pretreatment
chol005-e98d,,,62,7.0,2024-11-10 15:00:00,maplewood,grape pomace,grapes,xylose_yld,% of xylan,41.0,2,pass,,akrishnamoorthy@lbl.gov,pretreatment
chol006-7523,,,62,7.0,2024-11-10 15:00:00,maplewood,grape pomace,grapes,xylose_yld,% of xylan,41.3,3,pass,,akrishnamoorthy@lbl.gov,pretreatment
chol025-5b64,,,63,8.0,2024-11-10 15:10:00,maplewood,grape stem,grapes,glucose_yld,% of glucan,26.9,1,pass,,akrishnamoorthy@lbl.gov,pretreatment
chol026-ad28,,,63,8.0,2024-11-10 15:10:00,maplewood,grape stem,grapes,glucose_yld,% of glucan,25.4,2,pass,,akrishnamoorthy@lbl.gov,pretreatment
chol027-1686,,,63,8.0,2024-11-10 15:10:00,maplewood,grape stem,grapes,glucose_yld,% of glucan,24.6,3,pass,,akrishnamoorthy@lbl.gov,pretreatment
chol028-627e,,,63,8.0,2024-11-10 15:10:00,maplewood,grape stem,grapes,xylose_yld,% of xylan,37.4,1,pass,,akrishnamoorthy@lbl.gov,pretreatment
chol029-a71a,,,63,8.0,2024-11-10 15:10:00,maplewood,grape stem,grapes,xylose_yld,% of xylan,36.6,2,pass,,akrishnamoorthy@lbl.gov,pretreatment
chol030-4633,,,63,8.0,2024-11-10 15:10:00,maplewood,grape stem,grapes,xylose_yld,% of xylan,28.7,3,pass,,akrishnamoorthy@lbl.gov,pretreatment
chol049-f714,,,64,6.0,2024-10-25 10:30:00,ebony,grape pomace,grapes,glucose_yld,% of glucan,75.5,1,pass,,akrishnamoorthy@lbl.gov,pretreatment
chol050-3b04,,,64,6.0,2024-10-25 10:30:00,ebony,grape pomace,grapes,glucose_yld,% of glucan,78.9,2,pass,,akrishnamoorthy@lbl.gov,pretreatment
chol051-b0e3,,,64,6.0,2024-10-25 10:30:00,ebony,grape pomace,grapes,glucose_yld,% of glucan,66.4,3,pass,,akrishnamoorthy@lbl.gov,pretreatment
chol052-ef7c,,,64,6.0,2024-10-25 10:30:00,ebony,grape pomace,grapes,xylose_yld,% of xylan,46.8,1,pass,,akrishnamoorthy@lbl.gov,pretreatment
chol053-5564,,,64,6.0,2024-10-25 10:30:00,ebony,grape pomace,grapes,xylose_yld,% of xylan,47.5,2,pass,,akrishnamoorthy@lbl.gov,pretreatment
chol054-8edf,,,64,6.0,2024-10-25 10:30:00,ebony,grape pomace,grapes,xylose_yld,% of xylan,41.1,3,pass,,akrishnamoorthy@lbl.gov,pretreatment
chol073-0695,,,61,1.0,2024-09-09 15:00:00,riverstone,tomato pomace,tomatoes for processing,glucose_yld,% of glucan,58.6,1,pass,,akrishnamoorthy@lbl.gov,pretreatment
chol074-4525,,,61,1.0,2024-09-09 15:00:00,riverstone,tomato pomace,tomatoes for processing,glucose_yld,% of glucan,61.3,2,pass,,akrishnamoorthy@lbl.gov,pretreatment
chol075-71e6,,,61,1.0,2024-09-09 15:00:00,riverstone,tomato pomace,tomatoes for processing,glucose_yld,% of glucan,56.9,3,pass,,akrishnamoorthy@lbl.gov,pretreatment
chol076-a18d,,,61,1.0,2024-09-09 15:00:00,riverstone,tomato pomace,tomatoes for processing,xylose_yld,% of xylan,39.9,1,pass,,akrishnamoorthy@lbl.gov,pretreatment
chol077-f9c7,,,61,1.0,2024-09-09 15:00:00,riverstone,tomato pomace,tomatoes for processing,xylose_yld,% of xylan,42.9,2,pass,,akrishnamoorthy@lbl.gov,pretreatment
chol078-08c9,,,61,1.0,2024-09-09 15:00:00,riverstone,tomato pomace,tomatoes for processing,xylose_yld,% of xylan,42.7,3,pass,,akrishnamoorthy@lbl.gov,pretreatment
chol097-af15,,,59,3.0,2024-09-24 11:40:00,oakleaf,tomato pomace,tomatoes for processing,glucose_yld,% of glucan,67.6,1,pass,,akrishnamoorthy@lbl.gov,pretreatment
chol098-1b2a,,,59,3.0,2024-09-24 11:40:00,oakleaf,tomato pomace,tomatoes for processing,glucose_yld,% of glucan,65.6,2,pass,,akrishnamoorthy@lbl.gov,pretreatment
chol099-04e8,,,59,3.0,2024-09-24 11:40:00,oakleaf,tomato pomace,tomatoes for processing,glucose_yld,% of glucan,66.1,3,pass,,akrishnamoorthy@lbl.gov,pretreatment
chol100-0d14,,,59,3.0,2024-09-24 11:40:00,oakleaf,tomato pomace,tomatoes for processing,xylose_yld,% of xylan,56.7,1,pass,,akrishnamoorthy@lbl.gov,pretreatment
chol101-a251,,,59,3.0,2024-09-24 11:40:00,oakleaf,tomato pomace,tomatoes for processing,xylose_yld,% of xylan,59.6,2,pass,,akrishnamoorthy@lbl.gov,pretreatment
chol102-fc37,,,59,3.0,2024-09-24 11:40:00,oakleaf,tomato pomace,tomatoes for processing,xylose_yld,% of xylan,53.5,3,pass,,akrishnamoorthy@lbl.gov,pretreatment
chol121-51ca,,,60,2.0,2024-09-21 09:00:00,pinecrest,tomato pomace,tomatoes for processing,glucose_yld,% of glucan,65.5,1,pass,,akrishnamoorthy@lbl.gov,pretreatment
chol122-e1e0,,,60,2.0,2024-09-21 09:00:00,pinecrest,tomato pomace,tomatoes for processing,glucose_yld,% of glucan,63.1,2,pass,,akrishnamoorthy@lbl.gov,pretreatment
chol123-c79f,,,60,2.0,2024-09-21 09:00:00,pinecrest,tomato pomace,tomatoes for processing,glucose_yld,% of glucan,60.5,3,pass,,akrishnamoorthy@lbl.gov,pretreatment
chol124-d47a,,,60,2.0,2024-09-21 09:00:00,pinecrest,tomato pomace,tomatoes for processing,xylose_yld,% of xylan,30.6,1,pass,,akrishnamoorthy@lbl.gov,pretreatment
chol125-a906,,,60,2.0,2024-09-21 09:00:00,pinecrest,tomato pomace,tomatoes for processing,xylose_yld,% of xylan,33.5,2,pass,,akrishnamoorthy@lbl.gov,pretreatment
chol126-7721,,,60,2.0,2024-09-21 09:00:00,pinecrest,tomato pomace,tomatoes for processing,xylose_yld,% of xylan,31.6,3,pass,,akrishnamoorthy@lbl.gov,pretreatment
chol145-c4e9,,,52,27.0,2025-01-08 09:15:00,hairpin,sargassum,sargassum,glucose_yld,% of glucan,82.9,1,pass,,akrishnamoorthy@lbl.gov,pretreatment
chol147-1246,,,52,27.0,2025-01-08 09:15:00,hairpin,sargassum,sargassum,glucose_yld,% of glucan,79.9,3,pass,,akrishnamoorthy@lbl.gov,pretreatment
chol148-695a,,,52,27.0,2025-01-08 09:15:00,hairpin,sargassum,sargassum,xylose_yld,% of xylan,37.0,1,pass,,akrishnamoorthy@lbl.gov,pretreatment
chol150-794b,,,52,27.0,2025-01-08 09:15:00,hairpin,sargassum,sargassum,xylose_yld,% of xylan,44.9,3,pass,,akrishnamoorthy@lbl.gov,pretreatment
chol169-c3b3,,,65,4.0,2024-10-17 12:00:00,jaguar,olive pomace,olives - processing,glucose_yld,% of glucan,41.5,1,pass,,akrishnamoorthy@lbl.gov,pretreatment
chol170-b338,,,65,4.0,2024-10-17 12:00:00,jaguar,olive pomace,olives - processing,glucose_yld,% of glucan,44.1,2,pass,,akrishnamoorthy@lbl.gov,pretreatment
chol171-13cc,,,65,4.0,2024-10-17 12:00:00,jaguar,olive pomace,olives - processing,glucose_yld,% of glucan,41.3,3,pass,,akrishnamoorthy@lbl.gov,pretreatment
chol172-92f4,,,65,4.0,2024-10-17 12:00:00,jaguar,olive pomace,olives - processing,xylose_yld,% of xylan,24.7,1,pass,,akrishnamoorthy@lbl.gov,pretreatment
chol173-2ffe,,,65,4.0,2024-10-17 12:00:00,jaguar,olive pomace,olives - processing,xylose_yld,% of xylan,25.3,2,pass,,akrishnamoorthy@lbl.gov,pretreatment
chol174-ffc0,,,65,4.0,2024-10-17 12:00:00,jaguar,olive pomace,olives - processing,xylose_yld,% of xylan,24.0,3,pass,,akrishnamoorthy@lbl.gov,pretreatment
chol193-3045,,,47,13.0,2024-11-21 12:10:00,vibrant,almond shells,almonds,glucose_yld,% of glucan,31.7,1,pass,,akrishnamoorthy@lbl.gov,pretreatment
chol194-b381,,,47,13.0,2024-11-21 12:10:00,vibrant,almond shells,almonds,glucose_yld,% of glucan,25.9,2,pass,,akrishnamoorthy@lbl.gov,pretreatment
chol195-b26a,,,47,13.0,2024-11-21 12:10:00,vibrant,almond shells,almonds,glucose_yld,% of glucan,28.1,3,pass,,akrishnamoorthy@lbl.gov,pretreatment
chol196-86f4,,,47,13.0,2024-11-21 12:10:00,vibrant,almond shells,almonds,xylose_yld,% of xylan,32.2,1,pass,,akrishnamoorthy@lbl.gov,pretreatment
chol197-2a09,,,47,13.0,2024-11-21 12:10:00,vibrant,almond shells,almonds,xylose_yld,% of xylan,22.0,2,pass,,akrishnamoorthy@lbl.gov,pretreatment
chol198-84d1,,,47,13.0,2024-11-21 12:10:00,vibrant,almond shells,almonds,xylose_yld,% of xylan,19.1,3,pass,,akrishnamoorthy@lbl.gov,pretreatment
chol217-9521,,,48,14.0,2024-11-21 12:40:00,vibrant,almond hulls,almonds,glucose_yld,% of glucan,46.1,1,pass,,akrishnamoorthy@lbl.gov,pretreatment
chol218-b29e,,,48,14.0,2024-11-21 12:40:00,vibrant,almond hulls,almonds,glucose_yld,% of glucan,40.8,2,pass,,akrishnamoorthy@lbl.gov,pretreatment
chol219-8ed3,,,48,14.0,2024-11-21 12:40:00,vibrant,almond hulls,almonds,glucose_yld,% of glucan,33.9,3,pass,,akrishnamoorthy@lbl.gov,pretreatment
chol220-d818,,,48,14.0,2024-11-21 12:40:00,vibrant,almond hulls,almonds,xylose_yld,% of xylan,23.6,1,pass,,akrishnamoorthy@lbl.gov,pretreatment
chol221-d712,,,48,14.0,2024-11-21 12:40:00,vibrant,almond hulls,almonds,xylose_yld,% of xylan,17.2,2,pass,,akrishnamoorthy@lbl.gov,pretreatment
chol222-1b49,,,48,14.0,2024-11-21 12:40:00,vibrant,almond hulls,almonds,xylose_yld,% of xylan,19.8,3,pass,,akrishnamoorthy@lbl.gov,pretreatment
chol241-688b,,,49,16.0,2024-11-21 15:10:00,tiny,almond shells,almonds,glucose_yld,% of glucan,36.1,1,pass,,akrishnamoorthy@lbl.gov,pretreatment
chol242-832a,,,49,16.0,2024-11-21 15:10:00,tiny,almond shells,almonds,glucose_yld,% of glucan,38.2,2,pass,,akrishnamoorthy@lbl.gov,pretreatment
chol243-6a72,,,49,16.0,2024-11-21 15:10:00,tiny,almond shells,almonds,glucose_yld,% of glucan,33.9,3,pass,,akrishnamoorthy@lbl.gov,pretreatment
chol244-f56f,,,49,16.0,2024-11-21 15:10:00,tiny,almond shells,almonds,xylose_yld,% of xylan,27.1,1,pass,,akrishnamoorthy@lbl.gov,pretreatment
chol245-e539,,,49,16.0,2024-11-21 15:10:00,tiny,almond shells,almonds,xylose_yld,% of xylan,31.3,2,pass,,akrishnamoorthy@lbl.gov,pretreatment
chol246-605b,,,49,16.0,2024-11-21 15:10:00,tiny,almond shells,almonds,xylose_yld,% of xylan,19.9,3,pass,,akrishnamoorthy@lbl.gov,pretreatment
chol265-7c7f,,,50,17.0,2024-11-21 15:40:00,tiny,almond hulls,almonds,glucose_yld,% of glucan,34.7,1,pass,,akrishnamoorthy@lbl.gov,pretreatment
chol266-6a85,,,50,17.0,2024-11-21 15:40:00,tiny,almond hulls,almonds,glucose_yld,% of glucan,34.4,2,pass,,akrishnamoorthy@lbl.gov,pretreatment
chol267-76e0,,,50,17.0,2024-11-21 15:40:00,tiny,almond hulls,almonds,glucose_yld,% of glucan,31.2,3,pass,,akrishnamoorthy@lbl.gov,pretreatment
chol268-ac25,,,50,17.0,2024-11-21 15:40:00,tiny,almond hulls,almonds,xylose_yld,% of xylan,6.9,1,pass,,akrishnamoorthy@lbl.gov,pretreatment
chol269-e818,,,50,17.0,2024-11-21 15:40:00,tiny,almond hulls,almonds,xylose_yld,% of xylan,14.9,2,pass,,akrishnamoorthy@lbl.gov,pretreatment
chol270-a787,,,50,17.0,2024-11-21 15:40:00,tiny,almond hulls,almonds,xylose_yld,% of xylan,14.6,3,pass,,akrishnamoorthy@lbl.gov,pretreatment
chol289-556f,,,51,18.0,2024-11-21 16:10:00,tiny,almond shells and hulls mix,almonds,glucose_yld,% of glucan,33.1,1,pass,,akrishnamoorthy@lbl.gov,pretreatment
chol290-1381,,,51,18.0,2024-11-21 16:10:00,tiny,almond shells and hulls mix,almonds,glucose_yld,% of glucan,30.7,2,pass,,akrishnamoorthy@lbl.gov,pretreatment
chol291-b083,,,51,18.0,2024-11-21 16:10:00,tiny,almond shells and hulls mix,almonds,glucose_yld,% of glucan,33.1,3,pass,,akrishnamoorthy@lbl.gov,pretreatment
chol292-ce6c,,,51,18.0,2024-11-21 16:10:00,tiny,almond shells and hulls mix,almonds,xylose_yld,% of xylan,12.5,1,pass,,akrishnamoorthy@lbl.gov,pretreatment
chol293-4dba,,,51,18.0,2024-11-21 16:10:00,tiny,almond shells and hulls mix,almonds,xylose_yld,% of xylan,11.6,2,pass,,akrishnamoorthy@lbl.gov,pretreatment
chol294-425b,,,51,18.0,2024-11-21 16:10:00,tiny,almond shells and hulls mix,almonds,xylose_yld,% of xylan,13.9,3,pass,,akrishnamoorthy@lbl.gov,pretreatment
chol313-0987,,,54,19.0,2024-11-21 16:10:00,popular,almond woodchips,almonds,glucose_yld,% of glucan,28.3,1,pass,,akrishnamoorthy@lbl.gov,pretreatment
chol314-4667,,,54,19.0,2024-11-21 16:10:00,popular,almond woodchips,almonds,glucose_yld,% of glucan,27.8,2,pass,,akrishnamoorthy@lbl.gov,pretreatment
chol315-cd5f,,,54,19.0,2024-11-21 16:10:00,popular,almond woodchips,almonds,glucose_yld,% of glucan,28.1,3,pass,,akrishnamoorthy@lbl.gov,pretreatment
chol316-4030,,,54,19.0,2024-11-21 16:10:00,popular,almond woodchips,almonds,xylose_yld,% of xylan,29.3,1,pass,,akrishnamoorthy@lbl.gov,pretreatment
chol317-e6ee,,,54,19.0,2024-11-21 16:10:00,popular,almond woodchips,almonds,xylose_yld,% of xylan,30.4,2,pass,,akrishnamoorthy@lbl.gov,pretreatment
chol318-a692,,,54,19.0,2024-11-21 16:10:00,popular,almond woodchips,almonds,xylose_yld,% of xylan,29.4,3,pass,,akrishnamoorthy@lbl.gov,pretreatment
chol337-9361,,,55,22.0,2024-11-26 11:10:00,energetic,walnut tree sticks,walnuts,glucose_yld,% of glucan,54.5,1,pass,,akrishnamoorthy@lbl.gov,pretreatment
chol338-f021,,,55,22.0,2024-11-26 11:10:00,energetic,walnut tree sticks,walnuts,glucose_yld,% of glucan,52.9,2,pass,,akrishnamoorthy@lbl.gov,pretreatment
chol339-16ac,,,55,22.0,2024-11-26 11:10:00,energetic,walnut tree sticks,walnuts,glucose_yld,% of glucan,49.5,3,pass,,akrishnamoorthy@lbl.gov,pretreatment
chol340-3a85,,,55,22.0,2024-11-26 11:10:00,energetic,walnut tree sticks,walnuts,xylose_yld,% of xylan,54.0,1,pass,,akrishnamoorthy@lbl.gov,pretreatment
chol341-e110,,,55,22.0,2024-11-26 11:10:00,energetic,walnut tree sticks,walnuts,xylose_yld,% of xylan,55.8,2,pass,,akrishnamoorthy@lbl.gov,pretreatment
chol342-e95b,,,55,22.0,2024-11-26 11:10:00,energetic,walnut tree sticks,walnuts,xylose_yld,% of xylan,50.1,3,pass,,akrishnamoorthy@lbl.gov,pretreatment
chol361-f08d,,,53,15.0,2024-11-21 13:10:00,vibrant,almond branches,almonds,glucose_yld,% of glucan,31.4,1,pass,,akrishnamoorthy@lbl.gov,pretreatment
chol362-9499,,,53,15.0,2024-11-21 13:10:00,vibrant,almond branches,almonds,glucose_yld,% of glucan,32.2,2,pass,,akrishnamoorthy@lbl.gov,pretreatment
chol363-0d94,,,53,15.0,2024-11-21 13:10:00,vibrant,almond branches,almonds,glucose_yld,% of glucan,32.7,3,pass,,akrishnamoorthy@lbl.gov,pretreatment
chol364-83b2,,,53,15.0,2024-11-21 13:10:00,vibrant,almond branches,almonds,xylose_yld,% of xylan,27.5,1,pass,,akrishnamoorthy@lbl.gov,pretreatment
chol365-ac9c,,,53,15.0,2024-11-21 13:10:00,vibrant,almond branches,almonds,xylose_yld,% of xylan,24.1,2,pass,,akrishnamoorthy@lbl.gov,pretreatment
chol366-7248,,,53,15.0,2024-11-21 13:10:00,vibrant,almond branches,almonds,xylose_yld,% of xylan,30.0,3,pass,,akrishnamoorthy@lbl.gov,pretreatment
chol385-e8c2,,,57,20.0,2024-11-21 18:10:00,energetic,walnut shells,walnuts,glucose_yld,% of glucan,49.3,1,pass,,akrishnamoorthy@lbl.gov,pretreatment
chol386-4955,,,57,20.0,2024-11-21 18:10:00,energetic,walnut shells,walnuts,glucose_yld,% of glucan,49.7,2,pass,,akrishnamoorthy@lbl.gov,pretreatment
chol387-9b3c,,,57,20.0,2024-11-21 18:10:00,energetic,walnut shells,walnuts,glucose_yld,% of glucan,50.0,3,pass,,akrishnamoorthy@lbl.gov,pretreatment
chol388-fb95,,,57,20.0,2024-11-21 18:10:00,energetic,walnut shells,walnuts,xylose_yld,% of xylan,8.8,1,pass,,akrishnamoorthy@lbl.gov,pretreatment
chol389-ab01,,,57,20.0,2024-11-21 18:10:00,energetic,walnut shells,walnuts,xylose_yld,% of xylan,9.6,2,pass,,akrishnamoorthy@lbl.gov,pretreatment
chol390-5de4,,,57,20.0,2024-11-21 18:10:00,energetic,walnut shells,walnuts,xylose_yld,% of xylan,9.6,3,pass,,akrishnamoorthy@lbl.gov,pretreatment
chol409-eccf,,,56,23.0,2024-12-05 13:30:00,tackle,sweet potato culls,sweet potatoes,glucose_yld,% of glucan,72.0,1,pass,,akrishnamoorthy@lbl.gov,pretreatment
chol410-cd0d,,,56,23.0,2024-12-05 13:30:00,tackle,sweet potato culls,sweet potatoes,glucose_yld,% of glucan,75.7,2,pass,,akrishnamoorthy@lbl.gov,pretreatment
chol411-c3ee,,,56,23.0,2024-12-05 13:30:00,tackle,sweet potato culls,sweet potatoes,glucose_yld,% of glucan,70.9,3,pass,,akrishnamoorthy@lbl.gov,pretreatment
chol412-5fde,,,56,23.0,2024-12-05 13:30:00,tackle,sweet potato culls,sweet potatoes,xylose_yld,% of xylan,31.7,1,pass,,akrishnamoorthy@lbl.gov,pretreatment
chol413-fda3,,,56,23.0,2024-12-05 13:30:00,tackle,sweet potato culls,sweet potatoes,xylose_yld,% of xylan,83.8,2,pass,,akrishnamoorthy@lbl.gov,pretreatment
chol414-44e5,,,56,23.0,2024-12-05 13:30:00,tackle,sweet potato culls,sweet potatoes,xylose_yld,% of xylan,20.7,3,pass,,akrishnamoorthy@lbl.gov,pretreatment
chol433-db88,,,67,28.0,2025-02-05 14:00:00,caterpillar,corn stover husks,corn - all,glucose_yld,% of glucan,104.5,1,pass,,akrishnamoorthy@lbl.gov,pretreatment
chol434-3bb5,,,67,28.0,2025-02-05 14:00:00,caterpillar,corn stover husks,corn - all,glucose_yld,% of glucan,102.6,2,pass,,akrishnamoorthy@lbl.gov,pretreatment
chol436-27b6,,,67,28.0,2025-02-05 14:00:00,caterpillar,corn stover husks,corn - all,xylose_yld,% of xylan,75.2,1,pass,,akrishnamoorthy@lbl.gov,pretreatment
chol437-f0f1,,,67,28.0,2025-02-05 14:00:00,caterpillar,corn stover husks,corn - all,xylose_yld,% of xylan,73.3,2,pass,,akrishnamoorthy@lbl.gov,pretreatment
chol458-9402,,,68,29.0,2025-02-05 14:00:00,caterpillar,corn stover cobs,corn - all,glucose_yld,% of glucan,97.6,2,pass,,akrishnamoorthy@lbl.gov,pretreatment
chol459-4393,,,68,29.0,2025-02-05 14:00:00,caterpillar,corn stover cobs,corn - all,glucose_yld,% of glucan,93.5,3,pass,,akrishnamoorthy@lbl.gov,pretreatment
chol461-d4dd,,,68,29.0,2025-02-05 14:00:00,caterpillar,corn stover cobs,corn - all,xylose_yld,% of xylan,70.5,2,pass,,akrishnamoorthy@lbl.gov,pretreatment
chol462-8e7c,,,68,29.0,2025-02-05 14:00:00,caterpillar,corn stover cobs,corn - all,xylose_yld,% of xylan,65.7,3,pass,,akrishnamoorthy@lbl.gov,pretreatment
chol481-bf9a,,,69,30.0,2025-02-05 14:00:00,caterpillar,corn stover stalks,corn - all,glucose_yld,% of glucan,91.0,1,pass,,akrishnamoorthy@lbl.gov,pretreatment
chol482-17bb,,,69,30.0,2025-02-05 14:00:00,caterpillar,corn stover stalks,corn - all,glucose_yld,% of glucan,90.8,2,pass,,akrishnamoorthy@lbl.gov,pretreatment
chol483-9b58,,,69,30.0,2025-02-05 14:00:00,caterpillar,corn stover stalks,corn - all,glucose_yld,% of glucan,89.9,3,pass,,akrishnamoorthy@lbl.gov,pretreatment
chol484-3dc7,,,69,30.0,2025-02-05 14:00:00,caterpillar,corn stover stalks,corn - all,xylose_yld,% of xylan,71.3,1,pass,,akrishnamoorthy@lbl.gov,pretreatment
chol485-9b7f,,,69,30.0,2025-02-05 14:00:00,caterpillar,corn stover stalks,corn - all,xylose_yld,% of xylan,70.2,2,pass,,akrishnamoorthy@lbl.gov,pretreatment
chol486-d222,,,69,30.0,2025-02-05 14:00:00,caterpillar,corn stover stalks,corn - all,xylose_yld,% of xylan,68.0,3,pass,,akrishnamoorthy@lbl.gov,pretreatment
chol505-017b,,,52,27.0,2025-01-08 09:15:00,hairpin,sargassum,sargassum,glucose_yld,% of glucan,71.5,1,pass,,akrishnamoorthy@lbl.gov,pretreatment
chol506-2a6b,,,52,27.0,2025-01-08 09:15:00,hairpin,sargassum,sargassum,glucose_yld,% of glucan,87.0,2,pass,,akrishnamoorthy@lbl.gov,pretreatment
chol507-0213,,,52,27.0,2025-01-08 09:15:00,hairpin,sargassum,sargassum,xylose_yld,% of xylan,8.7,1,pass,,akrishnamoorthy@lbl.gov,pretreatment
chol508-fd2a,,,52,27.0,2025-01-08 09:15:00,hairpin,sargassum,sargassum,xylose_yld,% of xylan,6.6,2,pass,,akrishnamoorthy@lbl.gov,pretreatment
chol509-00d6,,,52,27.0,2025-01-08 09:15:00,hairpin,sargassum,sargassum,glucose_yld,% of glucan,88.3,1,pass,,akrishnamoorthy@lbl.gov,pretreatment
chol510-755c,,,52,27.0,2025-01-08 09:15:00,hairpin,sargassum,sargassum,glucose_yld,% of glucan,87.4,2,pass,,akrishnamoorthy@lbl.gov,pretreatment
chol511-a879,,,52,27.0,2025-01-08 09:15:00,hairpin,sargassum,sargassum,xylose_yld,% of xylan,28.6,1,pass,,akrishnamoorthy@lbl.gov,pretreatment
chol512-f251,,,52,27.0,2025-01-08 09:15:00,hairpin,sargassum,sargassum,xylose_yld,% of xylan,27.4,2,pass,,akrishnamoorthy@lbl.gov,pretreatment
chol513-898d,,,164,92.0,2025-11-04 17:22:00,excellent,olive pomace,olives - processing,glucose_yld,% of glucan,39.8,1,pass,,akrishnamoorthy@lbl.gov,pretreatment
chol514-adca,,,164,92.0,2025-11-04 17:22:00,excellent,olive pomace,olives - processing,glucose_yld,% of glucan,37.61,2,pass,,akrishnamoorthy@lbl.gov,pretreatment
chol515-06ea,,,164,92.0,2025-11-04 17:22:00,excellent,olive pomace,olives - processing,xylose_yld,% of xylan,21.33,1,pass,,akrishnamoorthy@lbl.gov,pretreatment
chol516-5624,,,164,92.0,2025-11-04 17:22:00,excellent,olive pomace,olives - processing,xylose_yld,% of xylan,18.66,2,pass,,akrishnamoorthy@lbl.gov,pretreatment
chol517-fce8,,,165,93.0,2025-11-04 17:35:00,excellent,olive stems / leaves,olives - processing,glucose_yld,% of glucan,36.24,1,pass,,akrishnamoorthy@lbl.gov,pretreatment
chol518-1f1f,,,165,93.0,2025-11-04 17:35:00,excellent,olive stems / leaves,olives - processing,glucose_yld,% of glucan,35.77,2,pass,,akrishnamoorthy@lbl.gov,pretreatment
chol519-4967,,,165,93.0,2025-11-04 17:35:00,excellent,olive stems / leaves,olives - processing,xylose_yld,% of xylan,20.92,1,pass,,akrishnamoorthy@lbl.gov,pretreatment
chol520-2ce8,,,165,93.0,2025-11-04 17:35:00,excellent,olive stems / leaves,olives - processing,xylose_yld,% of xylan,19.71,2,pass,,akrishnamoorthy@lbl.gov,pretreatment
chol593-db29,,,80,34.0,2025-06-30 11:15:00,possessive,wheat straw,winter wheat,glucose_yld,% of glucan,52.8,1,pass,,akrishnamoorthy@lbl.gov,pretreatment
chol594-b244,,,80,34.0,2025-06-30 11:15:00,possessive,wheat straw,winter wheat,glucose_yld,% of glucan,34.8,2,pass,,akrishnamoorthy@lbl.gov,pretreatment
chol595-9b05,,,80,34.0,2025-06-30 11:15:00,possessive,wheat straw,winter wheat,glucose_yld,% of glucan,57.4,3,pass,,akrishnamoorthy@lbl.gov,pretreatment
chol596-4959,,,80,34.0,2025-06-30 11:15:00,possessive,wheat straw,winter wheat,xylose_yld,% of xylan,24.1,1,pass,,akrishnamoorthy@lbl.gov,pretreatment
chol597-0e21,,,80,34.0,2025-06-30 11:15:00,possessive,wheat straw,winter wheat,xylose_yld,% of xylan,14.0,2,pass,,akrishnamoorthy@lbl.gov,pretreatment
chol598-4749,,,80,34.0,2025-06-30 11:15:00,possessive,wheat straw,winter wheat,xylose_yld,% of xylan,28.9,3,pass,,akrishnamoorthy@lbl.gov,pretreatment
chol599-1024,,,81,36.0,2025-06-30 12:15:00,possessive,rice straw,rice,glucose_yld,% of glucan,39.5,1,pass,,akrishnamoorthy@lbl.gov,pretreatment
chol600-282f,,,81,36.0,2025-06-30 12:15:00,possessive,rice straw,rice,glucose_yld,% of glucan,43.2,2,pass,,akrishnamoorthy@lbl.gov,pretreatment
chol601-178c,,,81,36.0,2025-06-30 12:15:00,possessive,rice straw,rice,glucose_yld,% of glucan,70.4,3,pass,,akrishnamoorthy@lbl.gov,pretreatment
chol602-93bc,,,81,36.0,2025-06-30 12:15:00,possessive,rice straw,rice,xylose_yld,% of xylan,14.7,1,pass,,akrishnamoorthy@lbl.gov,pretreatment
chol603-78cf,,,81,36.0,2025-06-30 12:15:00,possessive,rice straw,rice,xylose_yld,% of xylan,19.1,2,pass,,akrishnamoorthy@lbl.gov,pretreatment
chol604-9827,,,81,36.0,2025-06-30 12:15:00,possessive,rice straw,rice,xylose_yld,% of xylan,34.3,3,pass,,akrishnamoorthy@lbl.gov,pretreatment
chol605-2922,,,82,38.0,2025-06-30 13:00:00,wardrobe,wheat straw,winter wheat,glucose_yld,% of glucan,56.2,1,pass,,akrishnamoorthy@lbl.gov,pretreatment
chol606-9627,,,82,38.0,2025-06-30 13:00:00,wardrobe,wheat straw,winter wheat,glucose_yld,% of glucan,37.1,2,pass,,akrishnamoorthy@lbl.gov,pretreatment
chol607-358c,,,82,38.0,2025-06-30 13:00:00,wardrobe,wheat straw,winter wheat,glucose_yld,% of glucan,34.8,3,pass,,akrishnamoorthy@lbl.gov,pretreatment
chol608-7d61,,,82,38.0,2025-06-30 13:00:00,wardrobe,wheat straw,winter wheat,xylose_yld,% of xylan,33.9,1,pass,,akrishnamoorthy@lbl.gov,pretreatment
chol609-6f86,,,82,38.0,2025-06-30 13:00:00,wardrobe,wheat straw,winter wheat,xylose_yld,% of xylan,18.0,2,pass,,akrishnamoorthy@lbl.gov,pretreatment
chol610-1cab,,,82,38.0,2025-06-30 13:00:00,wardrobe,wheat straw,winter wheat,xylose_yld,% of xylan,16.5,3,pass,,akrishnamoorthy@lbl.gov,pretreatment
chol611-b4b0,,,83,39.0,2025-08-07 11:15:00,rushes,peach seeds,peaches,glucose_yld,% of glucan,82.3,1,pass,,akrishnamoorthy@lbl.gov,pretreatment
chol612-ed7c,,,83,39.0,2025-08-07 11:15:00,rushes,peach seeds,peaches,glucose_yld,% of glucan,60.3,2,pass,,akrishnamoorthy@lbl.gov,pretreatment
chol613-9ada,,,83,39.0,2025-08-07 11:15:00,rushes,peach seeds,peaches,glucose_yld,% of glucan,80.1,3,pass,,akrishnamoorthy@lbl.gov,pretreatment
chol614-e5eb,,,83,39.0,2025-08-07 11:15:00,rushes,peach seeds,peaches,xylose_yld,% of xylan,13.1,1,pass,,akrishnamoorthy@lbl.gov,pretreatment
chol615-2dd1,,,83,39.0,2025-08-07 11:15:00,rushes,peach seeds,peaches,xylose_yld,% of xylan,9.1,2,pass,,akrishnamoorthy@lbl.gov,pretreatment
chol616-80a2,,,83,39.0,2025-08-07 11:15:00,rushes,peach seeds,peaches,xylose_yld,% of xylan,12.3,3,pass,,akrishnamoorthy@lbl.gov,pretreatment
chol617-d051,,,95,47.0,2025-08-21 10:35:00,oakleaf,tomato pomace,tomatoes for processing,glucose_yld,% of glucan,68.4,1,pass,,akrishnamoorthy@lbl.gov,pretreatment
chol618-4e26,,,95,47.0,2025-08-21 10:35:00,oakleaf,tomato pomace,tomatoes for processing,glucose_yld,% of glucan,93.3,2,pass,,akrishnamoorthy@lbl.gov,pretreatment
chol619-3575,,,95,47.0,2025-08-21 10:35:00,oakleaf,tomato pomace,tomatoes for processing,glucose_yld,% of glucan,90.6,3,pass,,akrishnamoorthy@lbl.gov,pretreatment
chol620-06c5,,,95,47.0,2025-08-21 10:35:00,oakleaf,tomato pomace,tomatoes for processing,xylose_yld,% of xylan,7.7,1,pass,,akrishnamoorthy@lbl.gov,pretreatment
chol621-cc06,,,95,47.0,2025-08-21 10:35:00,oakleaf,tomato pomace,tomatoes for processing,xylose_yld,% of xylan,11.5,2,pass,,akrishnamoorthy@lbl.gov,pretreatment
chol622-38a1,,,95,47.0,2025-08-21 10:35:00,oakleaf,tomato pomace,tomatoes for processing,xylose_yld,% of xylan,10.4,3,pass,,akrishnamoorthy@lbl.gov,pretreatment
chol623-d90c,,,96,48.0,2025-08-21 11:25:00,pinecrest,tomato pomace,tomatoes for processing,glucose_yld,% of glucan,71.8,1,pass,,akrishnamoorthy@lbl.gov,pretreatment
chol624-5123,,,96,48.0,2025-08-21 11:25:00,pinecrest,tomato pomace,tomatoes for processing,glucose_yld,% of glucan,96.7,2,pass,,akrishnamoorthy@lbl.gov,pretreatment
chol625-e307,,,96,48.0,2025-08-21 11:25:00,pinecrest,tomato pomace,tomatoes for processing,glucose_yld,% of glucan,26.6,3,pass,,akrishnamoorthy@lbl.gov,pretreatment
chol626-e546,,,96,48.0,2025-08-21 11:25:00,pinecrest,tomato pomace,tomatoes for processing,xylose_yld,% of xylan,24.7,1,pass,,akrishnamoorthy@lbl.gov,pretreatment
chol627-f31c,,,96,48.0,2025-08-21 11:25:00,pinecrest,tomato pomace,tomatoes for processing,xylose_yld,% of xylan,38.1,2,pass,,akrishnamoorthy@lbl.gov,pretreatment
chol628-c00c,,,96,48.0,2025-08-21 11:25:00,pinecrest,tomato pomace,tomatoes for processing,xylose_yld,% of xylan,12.5,3,pass,,akrishnamoorthy@lbl.gov,pretreatment
chol629-95b0,,,97,49.0,2025-08-21 13:15:00,gossamer,tomato pomace,tomatoes for processing,glucose_yld,% of glucan,42.2,1,pass,,akrishnamoorthy@lbl.gov,pretreatment
chol630-628a,,,97,49.0,2025-08-21 13:15:00,gossamer,tomato pomace,tomatoes for processing,glucose_yld,% of glucan,58.6,2,pass,,akrishnamoorthy@lbl.gov,pretreatment
chol631-67b9,,,97,49.0,2025-08-21 13:15:00,gossamer,tomato pomace,tomatoes for processing,glucose_yld,% of glucan,61.6,3,pass,,akrishnamoorthy@lbl.gov,pretreatment
chol632-44e2,,,97,49.0,2025-08-21 13:15:00,gossamer,tomato pomace,tomatoes for processing,xylose_yld,% of xylan,6.2,1,pass,,akrishnamoorthy@lbl.gov,pretreatment
chol633-6239,,,97,49.0,2025-08-21 13:15:00,gossamer,tomato pomace,tomatoes for processing,xylose_yld,% of xylan,3.8,2,pass,,akrishnamoorthy@lbl.gov,pretreatment
chol634-4b8d,,,97,49.0,2025-08-21 13:15:00,gossamer,tomato pomace,tomatoes for processing,xylose_yld,% of xylan,4.0,3,pass,,akrishnamoorthy@lbl.gov,pretreatment
chol635-f935,,,98,50.0,2025-08-21 14:15:00,gainful,tomato pomace,tomatoes for processing,glucose_yld,% of glucan,48.0,1,pass,,akrishnamoorthy@lbl.gov,pretreatment
chol636-885b,,,98,50.0,2025-08-21 14:15:00,gainful,tomato pomace,tomatoes for processing,glucose_yld,% of glucan,45.4,2,pass,,akrishnamoorthy@lbl.gov,pretreatment
chol637-878c,,,98,50.0,2025-08-21 14:15:00,gainful,tomato pomace,tomatoes for processing,glucose_yld,% of glucan,20.1,3,pass,,akrishnamoorthy@lbl.gov,pretreatment
chol638-827e,,,98,50.0,2025-08-21 14:15:00,gainful,tomato pomace,tomatoes for processing,xylose_yld,% of xylan,20.1,1,pass,,akrishnamoorthy@lbl.gov,pretreatment
chol639-6514,,,98,50.0,2025-08-21 14:15:00,gainful,tomato pomace,tomatoes for processing,xylose_yld,% of xylan,5.4,2,pass,,akrishnamoorthy@lbl.gov,pretreatment
chol640-e50a,,,98,50.0,2025-08-21 14:15:00,gainful,tomato pomace,tomatoes for processing,xylose_yld,% of xylan,20.7,3,pass,,akrishnamoorthy@lbl.gov,pretreatment
chol689-355a,,,58,21.0,2024-11-21 18:40:00,energetic,walnut hulls,walnuts,glucose_yld,% of glucan,76.6,1,pass,,akrishnamoorthy@lbl.gov,pretreatment
chol690-5ea5,,,58,21.0,2024-11-21 18:40:00,energetic,walnut hulls,walnuts,glucose_yld,% of glucan,69.1,2,pass,,akrishnamoorthy@lbl.gov,pretreatment
chol691-9a8d,,,58,21.0,2024-11-21 18:40:00,energetic,walnut hulls,walnuts,glucose_yld,% of glucan,79.6,3,pass,,akrishnamoorthy@lbl.gov,pretreatment
chol692-589f,,,58,21.0,2024-11-21 18:40:00,energetic,walnut hulls,walnuts,xylose_yld,% of xylan,24.8,1,pass,,akrishnamoorthy@lbl.gov,pretreatment
chol693-2c7c,,,58,21.0,2024-11-21 18:40:00,energetic,walnut hulls,walnuts,xylose_yld,% of xylan,19.4,2,pass,,akrishnamoorthy@lbl.gov,pretreatment
chol694-8a88,,,58,21.0,2024-11-21 18:40:00,energetic,walnut hulls,walnuts,xylose_yld,% of xylan,28.3,3,pass,,akrishnamoorthy@lbl.gov,pretreatment
chol695-4cbf,,,29,11.0,2024-11-10 15:40:00,maplewood,unused oak stick,grapes,glucose_yld,% of glucan,51.6,1,pass,,akrishnamoorthy@lbl.gov,pretreatment
chol696-82ef,,,29,11.0,2024-11-10 15:40:00,maplewood,unused oak stick,grapes,glucose_yld,% of glucan,51.4,2,pass,,akrishnamoorthy@lbl.gov,pretreatment
chol697-2ae0,,,29,11.0,2024-11-10 15:40:00,maplewood,unused oak stick,grapes,glucose_yld,% of glucan,45.1,3,pass,,akrishnamoorthy@lbl.gov,pretreatment
chol698-8304,,,29,11.0,2024-11-10 15:40:00,maplewood,unused oak stick,grapes,xylose_yld,% of xylan,48.2,1,pass,,akrishnamoorthy@lbl.gov,pretreatment
chol699-20f5,,,29,11.0,2024-11-10 15:40:00,maplewood,unused oak stick,grapes,xylose_yld,% of xylan,45.6,2,pass,,akrishnamoorthy@lbl.gov,pretreatment
chol700-f09c,,,29,11.0,2024-11-10 15:40:00,maplewood,unused oak stick,grapes,xylose_yld,% of xylan,33.6,3,pass,,akrishnamoorthy@lbl.gov,pretreatment
chol701-a51f,,,27,10.0,2024-11-10 15:30:00,maplewood,spent oak chips,grapes,glucose_yld,% of glucan,41.0,1,pass,,akrishnamoorthy@lbl.gov,pretreatment
chol702-95b4,,,27,10.0,2024-11-10 15:30:00,maplewood,spent oak chips,grapes,glucose_yld,% of glucan,44.7,2,pass,,akrishnamoorthy@lbl.gov,pretreatment
chol703-e236,,,27,10.0,2024-11-10 15:30:00,maplewood,spent oak chips,grapes,glucose_yld,% of glucan,73.1,3,pass,,akrishnamoorthy@lbl.gov,pretreatment
chol704-31e9,,,27,10.0,2024-11-10 15:30:00,maplewood,spent oak chips,grapes,xylose_yld,% of xylan,39.4,1,pass,,akrishnamoorthy@lbl.gov,pretreatment
chol705-4e16,,,27,10.0,2024-11-10 15:30:00,maplewood,spent oak chips,grapes,xylose_yld,% of xylan,64.2,2,pass,,akrishnamoorthy@lbl.gov,pretreatment
chol713-af90,,,72,26.0,2024-12-16 00:00:00,humorous,almond branches,almonds,glucose_yld,% of glucan,56.2,1,pass,,akrishnamoorthy@lbl.gov,pretreatment
chol714-9913,,,72,26.0,2024-12-16 00:00:00,humorous,almond branches,almonds,glucose_yld,% of glucan,57.8,2,pass,,akrishnamoorthy@lbl.gov,pretreatment
chol715-ff6b,,,72,26.0,2024-12-16 00:00:00,humorous,almond branches,almonds,glucose_yld,% of glucan,68.7,3,pass,,akrishnamoorthy@lbl.gov,pretreatment
chol716-4395,,,72,26.0,2024-12-16 00:00:00,humorous,almond branches,almonds,xylose_yld,% of xylan,25.9,1,pass,,akrishnamoorthy@lbl.gov,pretreatment
chol717-1242,,,72,26.0,2024-12-16 00:00:00,humorous,almond branches,almonds,xylose_yld,% of xylan,25.1,2,pass,,akrishnamoorthy@lbl.gov,pretreatment
chol718-cf60,,,72,26.0,2024-12-16 00:00:00,humorous,almond branches,almonds,xylose_yld,% of xylan,34.1,3,pass,,akrishnamoorthy@lbl.gov,pretreatment
chol719-f026,,,122,56.0,2025-08-27 12:35:00,rigging,spent oak chips,grapes,glucose_yld,% of glucan,79.4,1,pass,,akrishnamoorthy@lbl.gov,pretreatment
chol720-3426,,,122,56.0,2025-08-27 12:35:00,rigging,spent oak chips,grapes,glucose_yld,% of glucan,86.4,2,pass,,akrishnamoorthy@lbl.gov,pretreatment
chol721-9322,,,122,56.0,2025-08-27 12:35:00,rigging,spent oak chips,grapes,glucose_yld,% of glucan,72.9,3,pass,,akrishnamoorthy@lbl.gov,pretreatment
chol722-c522,,,122,56.0,2025-08-27 12:35:00,rigging,spent oak chips,grapes,xylose_yld,% of xylan,43.4,1,pass,,akrishnamoorthy@lbl.gov,pretreatment
chol723-8ed9,,,122,56.0,2025-08-27 12:35:00,rigging,spent oak chips,grapes,xylose_yld,% of xylan,52.3,2,pass,,akrishnamoorthy@lbl.gov,pretreatment
chol724-5999,,,122,56.0,2025-08-27 12:35:00,rigging,spent oak chips,grapes,xylose_yld,% of xylan,27.8,3,pass,,akrishnamoorthy@lbl.gov,pretreatment
chol725-b834,,,123,58.0,2025-08-27 12:35:00,rigging,spent oak chips,grapes,glucose_yld,% of glucan,72.4,1,pass,,akrishnamoorthy@lbl.gov,pretreatment
chol726-b4ce,,,123,58.0,2025-08-27 12:35:00,rigging,spent oak chips,grapes,glucose_yld,% of glucan,75.3,2,pass,,akrishnamoorthy@lbl.gov,pretreatment
chol727-433c,,,123,58.0,2025-08-27 12:35:00,rigging,spent oak chips,grapes,glucose_yld,% of glucan,74.9,3,pass,,akrishnamoorthy@lbl.gov,pretreatment
chol728-dbd4,,,123,58.0,2025-08-27 12:35:00,rigging,spent oak chips,grapes,xylose_yld,% of xylan,39.5,1,pass,,akrishnamoorthy@lbl.gov,pretreatment
chol729-b778,,,123,58.0,2025-08-27 12:35:00,rigging,spent oak chips,grapes,xylose_yld,% of xylan,46.1,2,pass,,akrishnamoorthy@lbl.gov,pretreatment
chol730-cb98,,,123,58.0,2025-08-27 12:35:00,rigging,spent oak chips,grapes,xylose_yld,% of xylan,38.6,3,pass,,akrishnamoorthy@lbl.gov,pretreatment
chol731-9f39,,,124,59.0,2025-08-27 12:35:00,rigging,spent oak chips,grapes,glucose_yld,% of glucan,93.6,1,pass,,akrishnamoorthy@lbl.gov,pretreatment
chol732-4582,,,124,59.0,2025-08-27 12:35:00,rigging,spent oak chips,grapes,glucose_yld,% of glucan,85.3,2,pass,,akrishnamoorthy@lbl.gov,pretreatment
chol733-da2c,,,124,59.0,2025-08-27 12:35:00,rigging,spent oak chips,grapes,glucose_yld,% of glucan,76.7,3,pass,,akrishnamoorthy@lbl.gov,pretreatment
chol737-4098,,,86,42.0,2025-08-07 12:00:00,rushes,peach stems / leaves,peaches,glucose_yld,% of glucan,73.5,1,pass,,akrishnamoorthy@lbl.gov,pretreatment
chol738-5d04,,,86,42.0,2025-08-07 12:00:00,rushes,peach stems / leaves,peaches,glucose_yld,% of glucan,75.3,2,pass,,akrishnamoorthy@lbl.gov,pretreatment
chol739-bedf,,,86,42.0,2025-08-07 12:00:00,rushes,peach stems / leaves,peaches,glucose_yld,% of glucan,77.6,3,pass,,akrishnamoorthy@lbl.gov,pretreatment
chol740-0a6b,,,86,42.0,2025-08-07 12:00:00,rushes,peach stems / leaves,peaches,xylose_yld,% of xylan,36.1,1,pass,,akrishnamoorthy@lbl.gov,pretreatment
chol741-501a,,,86,42.0,2025-08-07 12:00:00,rushes,peach stems / leaves,peaches,xylose_yld,% of xylan,23.8,2,pass,,akrishnamoorthy@lbl.gov,pretreatment
chol742-3f88,,,86,42.0,2025-08-07 12:00:00,rushes,peach stems / leaves,peaches,xylose_yld,% of xylan,29.9,3,pass,,akrishnamoorthy@lbl.gov,pretreatment
chol743-2a97,,,131,64.0,2025-09-03 12:00:00,tripod,pistachio stems & leaves,pistachios,glucose_yld,% of glucan,87.3,1,pass,,akrishnamoorthy@lbl.gov,pretreatment
chol745-fb70,,,131,64.0,2025-09-03 12:00:00,tripod,pistachio stems & leaves,pistachios,glucose_yld,% of glucan,62.8,3,pass,,akrishnamoorthy@lbl.gov,pretreatment
chol746-df67,,,131,64.0,2025-09-03 12:00:00,tripod,pistachio stems & leaves,pistachios,xylose_yld,% of xylan,29.1,1,pass,,akrishnamoorthy@lbl.gov,pretreatment
chol747-6a9b,,,131,64.0,2025-09-03 12:00:00,tripod,pistachio stems & leaves,pistachios,xylose_yld,% of xylan,50.3,2,pass,,akrishnamoorthy@lbl.gov,pretreatment
chol748-4538,,,131,64.0,2025-09-03 12:00:00,tripod,pistachio stems & leaves,pistachios,xylose_yld,% of xylan,15.6,3,pass,,akrishnamoorthy@lbl.gov,pretreatment
chol749-1543,,,132,63.0,2025-09-03 12:00:00,tripod,pistachio hulls,pistachios,glucose_yld,% of glucan,72.5,1,pass,,akrishnamoorthy@lbl.gov,pretreatment
chol750-2aae,,,132,63.0,2025-09-03 12:00:00,tripod,pistachio hulls,pistachios,glucose_yld,% of glucan,56.7,2,pass,,akrishnamoorthy@lbl.gov,pretreatment
chol751-8ad2,,,132,63.0,2025-09-03 12:00:00,tripod,pistachio hulls,pistachios,glucose_yld,% of glucan,38.0,3,pass,,akrishnamoorthy@lbl.gov,pretreatment
chol752-0681,,,132,63.0,2025-09-03 12:00:00,tripod,pistachio hulls,pistachios,xylose_yld,% of xylan,14.2,1,pass,,akrishnamoorthy@lbl.gov,pretreatment
chol753-dcf4,,,132,63.0,2025-09-03 12:00:00,tripod,pistachio hulls,pistachios,xylose_yld,% of xylan,15.9,2,pass,,akrishnamoorthy@lbl.gov,pretreatment
chol754-d591,,,132,63.0,2025-09-03 12:00:00,tripod,pistachio hulls,pistachios,xylose_yld,% of xylan,5.0,3,pass,,akrishnamoorthy@lbl.gov,pretreatment
chol755-d717,,,70,24.0,2024-12-16 00:00:00,humorous,almond shells,almonds,glucose_yld,% of glucan,74.1,1,pass,,akrishnamoorthy@lbl.gov,pretreatment
chol756-b7f5,,,70,24.0,2024-12-16 00:00:00,humorous,almond shells,almonds,glucose_yld,% of glucan,63.0,2,pass,,akrishnamoorthy@lbl.gov,pretreatment
chol757-f5a2,,,70,24.0,2024-12-16 00:00:00,humorous,almond shells,almonds,glucose_yld,% of glucan,66.3,3,pass,,akrishnamoorthy@lbl.gov,pretreatment
chol758-9380,,,70,24.0,2024-12-16 00:00:00,humorous,almond shells,almonds,xylose_yld,% of xylan,23.5,1,pass,,akrishnamoorthy@lbl.gov,pretreatment
chol759-b963,,,70,24.0,2024-12-16 00:00:00,humorous,almond shells,almonds,xylose_yld,% of xylan,18.5,2,pass,,akrishnamoorthy@lbl.gov,pretreatment
chol760-aa22,,,70,24.0,2024-12-16 00:00:00,humorous,almond shells,almonds,xylose_yld,% of xylan,21.8,3,pass,,akrishnamoorthy@lbl.gov,pretreatment
chol761-f77c,,,146,66.0,2025-09-16 09:30:00,humorous,almond hulls,almonds,glucose_yld,% of glucan,60.0,1,pass,,akrishnamoorthy@lbl.gov,pretreatment
chol762-d684,,,146,66.0,2025-09-16 09:30:00,humorous,almond hulls,almonds,glucose_yld,% of glucan,50.4,2,pass,,akrishnamoorthy@lbl.gov,pretreatment
chol763-4a3b,,,146,66.0,2025-09-16 09:30:00,humorous,almond hulls,almonds,glucose_yld,% of glucan,63.0,3,pass,,akrishnamoorthy@lbl.gov,pretreatment
chol764-6535,,,146,66.0,2025-09-16 09:30:00,humorous,almond hulls,almonds,xylose_yld,% of xylan,76.5,1,pass,,akrishnamoorthy@lbl.gov,pretreatment
chol765-cb44,,,146,66.0,2025-09-16 09:30:00,humorous,almond hulls,almonds,xylose_yld,% of xylan,78.4,2,pass,,akrishnamoorthy@lbl.gov,pretreatment
chol766-44db,,,146,66.0,2025-09-16 09:30:00,humorous,almond hulls,almonds,xylose_yld,% of xylan,92.9,3,pass,,akrishnamoorthy@lbl.gov,pretreatment
chol767-c356,,,143,72.0,2025-09-19 11:05:00,tiny,almond shells,almonds,glucose_yld,% of glucan,62.9,1,pass,,akrishnamoorthy@lbl.gov,pretreatment
chol768-8bb3,,,143,72.0,2025-09-19 11:05:00,tiny,almond shells,almonds,glucose_yld,% of glucan,60.3,2,pass,,akrishnamoorthy@lbl.gov,pretreatment
chol769-0023,,,143,72.0,2025-09-19 11:05:00,tiny,almond shells,almonds,glucose_yld,% of glucan,62.1,3,pass,,akrishnamoorthy@lbl.gov,pretreatment
chol770-14d1,,,143,72.0,2025-09-19 11:05:00,tiny,almond shells,almonds,xylose_yld,% of xylan,32.0,1,pass,,akrishnamoorthy@lbl.gov,pretreatment
chol771-048c,,,143,72.0,2025-09-19 11:05:00,tiny,almond shells,almonds,xylose_yld,% of xylan,28.8,2,pass,,akrishnamoorthy@lbl.gov,pretreatment
chol772-3b75,,,143,72.0,2025-09-19 11:05:00,tiny,almond shells,almonds,xylose_yld,% of xylan,32.1,3,pass,,akrishnamoorthy@lbl.gov,pretreatment
chol773-4bac,,,107,51.0,2025-08-27 11:15:00,boatswain,grape pomace,grapes,glucose_yld,% of glucan,78.9,1,pass,,akrishnamoorthy@lbl.gov,pretreatment
chol774-7edc,,,107,51.0,2025-08-27 11:15:00,boatswain,grape pomace,grapes,glucose_yld,% of glucan,89.7,2,pass,,akrishnamoorthy@lbl.gov,pretreatment
chol775-5b00,,,107,51.0,2025-08-27 11:15:00,boatswain,grape pomace,grapes,glucose_yld,% of glucan,83.6,3,pass,,akrishnamoorthy@lbl.gov,pretreatment
chol776-1ce6,,,107,51.0,2025-08-27 11:15:00,boatswain,grape pomace,grapes,xylose_yld,% of xylan,89.1,1,pass,,akrishnamoorthy@lbl.gov,pretreatment
chol777-642a,,,107,51.0,2025-08-27 11:15:00,boatswain,grape pomace,grapes,xylose_yld,% of xylan,81.9,2,pass,,akrishnamoorthy@lbl.gov,pretreatment
chol779-5f10,,,160,89.0,2025-10-28 10:42:00,cutaway,walnut shells,walnuts,glucose_yld,% of glucan,54.5,1,pass,,akrishnamoorthy@lbl.gov,pretreatment
chol780-5f11,,,160,89.0,2025-10-28 10:42:00,cutaway,walnut shells,walnuts,glucose_yld,% of glucan,53.3,2,pass,,akrishnamoorthy@lbl.gov,pretreatment
chol781-652e,,,160,89.0,2025-10-28 10:42:00,cutaway,walnut shells,walnuts,glucose_yld,% of glucan,59.8,3,pass,,akrishnamoorthy@lbl.gov,pretreatment
chol782-d642,,,160,89.0,2025-10-28 10:42:00,cutaway,walnut shells,walnuts,xylose_yld,% of xylan,11.5,1,pass,,akrishnamoorthy@lbl.gov,pretreatment
chol783-9964,,,160,89.0,2025-10-28 10:42:00,cutaway,walnut shells,walnuts,xylose_yld,% of xylan,10.5,2,pass,,akrishnamoorthy@lbl.gov,pretreatment
chol784-6a69,,,160,89.0,2025-10-28 10:42:00,cutaway,walnut shells,walnuts,xylose_yld,% of xylan,7.7,3,pass,,akrishnamoorthy@lbl.gov,pretreatment
chol785-ee55,,,133,62.0,2025-09-03 09:10:00,stuntman,pistachio hulls,pistachios,glucose_yld,% of glucan,63.3,1,pass,,akrishnamoorthy@lbl.gov,pretreatment
chol786-39ce,,,133,62.0,2025-09-03 09:10:00,stuntman,pistachio hulls,pistachios,glucose_yld,% of glucan,55.7,2,pass,,akrishnamoorthy@lbl.gov,pretreatment
chol787-9e11,,,133,62.0,2025-09-03 09:10:00,stuntman,pistachio hulls,pistachios,glucose_yld,% of glucan,77.1,3,pass,,akrishnamoorthy@lbl.gov,pretreatment
chol788-acaf,,,133,62.0,2025-09-03 09:10:00,stuntman,pistachio hulls,pistachios,xylose_yld,% of xylan,19.6,1,pass,,akrishnamoorthy@lbl.gov,pretreatment
chol789-2c57,,,133,62.0,2025-09-03 09:10:00,stuntman,pistachio hulls,pistachios,xylose_yld,% of xylan,18.2,2,pass,,akrishnamoorthy@lbl.gov,pretreatment
chol790-a3c9,,,133,62.0,2025-09-03 09:10:00,stuntman,pistachio hulls,pistachios,xylose_yld,% of xylan,22.9,3,pass,,akrishnamoorthy@lbl.gov,pretreatment
chol791-4f8f,,,77,33.0,2025-06-30 10:45:00,possessive,alfalfa,hay - alfalfa,glucose_yld,% of glucan,90.8,1,pass,,akrishnamoorthy@lbl.gov,pretreatment
chol792-af41,,,77,33.0,2025-06-30 10:45:00,possessive,alfalfa,hay - alfalfa,glucose_yld,% of glucan,95.3,2,pass,,akrishnamoorthy@lbl.gov,pretreatment
chol793-fc4e,,,77,33.0,2025-06-30 10:45:00,possessive,alfalfa,hay - alfalfa,glucose_yld,% of glucan,92.9,3,pass,,akrishnamoorthy@lbl.gov,pretreatment
chol794-31d2,,,77,33.0,2025-06-30 10:45:00,possessive,alfalfa,hay - alfalfa,xylose_yld,% of xylan,64.6,1,pass,,akrishnamoorthy@lbl.gov,pretreatment
chol795-f7ba,,,77,33.0,2025-06-30 10:45:00,possessive,alfalfa,hay - alfalfa,xylose_yld,% of xylan,64.3,2,pass,,akrishnamoorthy@lbl.gov,pretreatment
chol796-a68b,,,77,33.0,2025-06-30 10:45:00,possessive,alfalfa,hay - alfalfa,xylose_yld,% of xylan,66.6,3,pass,,akrishnamoorthy@lbl.gov,pretreatment
chol797-6b6f,,,78,35.0,2025-06-30 11:45:00,possessive,alfalfa,hay - alfalfa,glucose_yld,% of glucan,92.6,1,pass,,akrishnamoorthy@lbl.gov,pretreatment
chol798-d08d,,,78,35.0,2025-06-30 11:45:00,possessive,alfalfa,hay - alfalfa,glucose_yld,% of glucan,91.6,2,pass,,akrishnamoorthy@lbl.gov,pretreatment
chol799-b75f,,,78,35.0,2025-06-30 11:45:00,possessive,alfalfa,hay - alfalfa,glucose_yld,% of glucan,88.3,3,pass,,akrishnamoorthy@lbl.gov,pretreatment
chol800-4c15,,,78,35.0,2025-06-30 11:45:00,possessive,alfalfa,hay - alfalfa,xylose_yld,% of xylan,65.0,1,pass,,akrishnamoorthy@lbl.gov,pretreatment
chol801-c7c5,,,78,35.0,2025-06-30 11:45:00,possessive,alfalfa,hay - alfalfa,xylose_yld,% of xylan,64.2,2,pass,,akrishnamoorthy@lbl.gov,pretreatment
chol802-8f0d,,,78,35.0,2025-06-30 11:45:00,possessive,alfalfa,hay - alfalfa,xylose_yld,% of xylan,61.1,3,pass,,akrishnamoorthy@lbl.gov,pretreatment
chol803-45de,,,79,37.0,2025-06-30 12:30:00,possessive,alfalfa,hay - alfalfa,glucose_yld,% of glucan,84.4,1,pass,,akrishnamoorthy@lbl.gov,pretreatment
chol804-d391,,,79,37.0,2025-06-30 12:30:00,possessive,alfalfa,hay - alfalfa,glucose_yld,% of glucan,90.0,2,pass,,akrishnamoorthy@lbl.gov,pretreatment
chol805-0494,,,79,37.0,2025-06-30 12:30:00,possessive,alfalfa,hay - alfalfa,glucose_yld,% of glucan,83.5,3,pass,,akrishnamoorthy@lbl.gov,pretreatment
chol806-cfc3,,,79,37.0,2025-06-30 12:30:00,possessive,alfalfa,hay - alfalfa,xylose_yld,% of xylan,57.5,1,pass,,akrishnamoorthy@lbl.gov,pretreatment
chol807-894d,,,79,37.0,2025-06-30 12:30:00,possessive,alfalfa,hay - alfalfa,xylose_yld,% of xylan,60.3,2,pass,,akrishnamoorthy@lbl.gov,pretreatment
chol808-7f51,,,79,37.0,2025-06-30 12:30:00,possessive,alfalfa,hay - alfalfa,xylose_yld,% of xylan,57.9,3,pass,,akrishnamoorthy@lbl.gov,pretreatment
chol809-617c,,,82,38.0,2025-06-30 13:00:00,wardrobe,wheat straw,winter wheat,glucose_yld,% of glucan,48.2,1,pass,,akrishnamoorthy@lbl.gov,pretreatment
chol810-f0f9,,,82,38.0,2025-06-30 13:00:00,wardrobe,wheat straw,winter wheat,glucose_yld,% of glucan,42.7,2,pass,,akrishnamoorthy@lbl.gov,pretreatment
chol811-0c6e,,,82,38.0,2025-06-30 13:00:00,wardrobe,wheat straw,winter wheat,glucose_yld,% of glucan,44.3,3,pass,,akrishnamoorthy@lbl.gov,pretreatment
chol812-416e,,,82,38.0,2025-06-30 13:00:00,wardrobe,wheat straw,winter wheat,xylose_yld,% of xylan,23.9,1,pass,,akrishnamoorthy@lbl.gov,pretreatment
chol813-649f,,,82,38.0,2025-06-30 13:00:00,wardrobe,wheat straw,winter wheat,xylose_yld,% of xylan,18.7,2,pass,,akrishnamoorthy@lbl.gov,pretreatment
chol814-d0fd,,,82,38.0,2025-06-30 13:00:00,wardrobe,wheat straw,winter wheat,xylose_yld,% of xylan,19.5,3,pass,,akrishnamoorthy@lbl.gov,pretreatment
chol815-180b,,,155,81.0,2025-10-11 10:00:00,possessive,rice straw,rice,glucose_yld,% of glucan,85.5,1,pass,,akrishnamoorthy@lbl.gov,pretreatment
chol816-2558,,,155,81.0,2025-10-11 10:00:00,possessive,rice straw,rice,glucose_yld,% of glucan,86.7,2,pass,,akrishnamoorthy@lbl.gov,pretreatment
chol817-e2c3,,,155,81.0,2025-10-11 10:00:00,possessive,rice straw,rice,glucose_yld,% of glucan,88.1,3,pass,,akrishnamoorthy@lbl.gov,pretreatment
chol818-ccd7,,,155,81.0,2025-10-11 10:00:00,possessive,rice straw,rice,xylose_yld,% of xylan,53.3,1,pass,,akrishnamoorthy@lbl.gov,pretreatment
chol819-e33e,,,155,81.0,2025-10-11 10:00:00,possessive,rice straw,rice,xylose_yld,% of xylan,54.5,2,pass,,akrishnamoorthy@lbl.gov,pretreatment
chol820-fca9,,,155,81.0,2025-10-11 10:00:00,possessive,rice straw,rice,xylose_yld,% of xylan,53.7,3,pass,,akrishnamoorthy@lbl.gov,pretreatment
chol827-40a8,,,65,4.0,2024-10-17 12:00:00,jaguar,olive pomace,olives - processing,glucose_yld,% of glucan,71.7,1,pass,,akrishnamoorthy@lbl.gov,pretreatment
chol828-4ac7,,,65,4.0,2024-10-17 12:00:00,jaguar,olive pomace,olives - processing,glucose_yld,% of glucan,73.45,2,pass,,akrishnamoorthy@lbl.gov,pretreatment
chol829-398f,,,65,4.0,2024-10-17 12:00:00,jaguar,olive pomace,olives - processing,xylose_yld,% of xylan,84.59,1,pass,,akrishnamoorthy@lbl.gov,pretreatment
chol830-0be3,,,65,4.0,2024-10-17 12:00:00,jaguar,olive pomace,olives - processing,xylose_yld,% of xylan,85.5,2,pass,,akrishnamoorthy@lbl.gov,pretreatment
chol831-9f7f,,,66,5.0,2024-10-17 12:00:00,jaguar,olive stems / leaves,olives - processing,glucose_yld,% of glucan,18.14,1,pass,,akrishnamoorthy@lbl.gov,pretreatment
chol832-71db,,,66,5.0,2024-10-17 12:00:00,jaguar,olive stems / leaves,olives - processing,glucose_yld,% of glucan,18.52,2,pass,,akrishnamoorthy@lbl.gov,pretreatment
chol833-4667,,,66,5.0,2024-10-17 12:00:00,jaguar,olive stems / leaves,olives - processing,xylose_yld,% of xylan,24.78,1,pass,,akrishnamoorthy@lbl.gov,pretreatment
chol834-b527,,,66,5.0,2024-10-17 12:00:00,jaguar,olive stems / leaves,olives - processing,xylose_yld,% of xylan,23.54,2,pass,,akrishnamoorthy@lbl.gov,pretreatment
chol859-0e52,,,175,90.0,2025-10-28 10:53:00,cutaway,walnut shelling fines,walnuts,glucose_yld,% of glucan,78.2,1,pass,,,pretreatment
chol860-a58b,,,175,90.0,2025-10-28 10:53:00,cutaway,walnut shelling fines,walnuts,glucose_yld,% of glucan,72.4,2,pass,,,pretreatment
chol862-42b5,,,175,90.0,2025-10-28 10:53:00,cutaway,walnut shelling fines,walnuts,xylose_yld,% of xylan,32.9,1,pass,,,pretreatment
chol863-48bb,,,175,90.0,2025-10-28 10:53:00,cutaway,walnut shelling fines,walnuts,xylose_yld,% of xylan,52.2,2,pass,,,pretreatment
chol864-01eb,,,175,90.0,2025-10-28 10:53:00,cutaway,walnut shelling fines,walnuts,xylose_yld,% of xylan,53.2,3,pass,,,pretreatment
chol865-dc99,,,161,68.0,2025-09-16 09:30:00,humorous,almond hulls,almonds,glucose_yld,% of glucan,56.0,1,pass,,,pretreatment
chol866-1ad9,,,161,68.0,2025-09-16 09:30:00,humorous,almond hulls,almonds,glucose_yld,% of glucan,35.2,2,pass,,,pretreatment
chol867-f246,,,161,68.0,2025-09-16 09:30:00,humorous,almond hulls,almonds,glucose_yld,% of glucan,78.2,3,pass,,,pretreatment
chol868-4f46,,,161,68.0,2025-09-16 09:30:00,humorous,almond hulls,almonds,xylose_yld,% of xylan,82.4,1,pass,,,pretreatment
chol869-098a,,,161,68.0,2025-09-16 09:30:00,humorous,almond hulls,almonds,xylose_yld,% of xylan,38.5,2,pass,,,pretreatment
chol871-7de7,,,162,69.0,2025-09-16 09:30:00,humorous,almond shells,almonds,glucose_yld,% of glucan,98.8,1,pass,,,pretreatment
chol872-40fd,,,162,69.0,2025-09-16 09:30:00,humorous,almond shells,almonds,glucose_yld,% of glucan,92.2,2,pass,,,pretreatment
chol873-5479,,,162,69.0,2025-09-16 09:30:00,humorous,almond shells,almonds,glucose_yld,% of glucan,68.0,3,pass,,,pretreatment
chol874-a9fa,,,162,69.0,2025-09-16 09:30:00,humorous,almond shells,almonds,xylose_yld,% of xylan,49.0,1,pass,,,pretreatment
chol875-52cf,,,162,69.0,2025-09-16 09:30:00,humorous,almond shells,almonds,xylose_yld,% of xylan,58.9,2,pass,,,pretreatment
chol876-ed2d,,,162,69.0,2025-09-16 09:30:00,humorous,almond shells,almonds,xylose_yld,% of xylan,24.2,3,pass,,,pretreatment
chol877-1d22,,,144,71.0,2025-09-19 11:15:00,tiny,almond hulls,almonds,glucose_yld,% of glucan,54.4,1,pass,,,pretreatment
chol878-072c,,,144,71.0,2025-09-19 11:15:00,tiny,almond hulls,almonds,glucose_yld,% of glucan,84.6,2,pass,,,pretreatment
chol879-de43,,,144,71.0,2025-09-19 11:15:00,tiny,almond hulls,almonds,glucose_yld,% of glucan,27.8,3,pass,,,pretreatment
chol881-3f9e,,,144,71.0,2025-09-19 11:15:00,tiny,almond hulls,almonds,xylose_yld,% of xylan,93.0,2,pass,,,pretreatment
chol882-91d2,,,144,71.0,2025-09-19 11:15:00,tiny,almond hulls,almonds,xylose_yld,% of xylan,53.3,3,pass,,,pretreatment
chol883-5583,,,145,65.0,2025-09-16 09:30:00,humorous,almond branches,almonds,glucose_yld,% of glucan,73.2,1,pass,,,pretreatment
chol884-e5ea,,,145,65.0,2025-09-16 09:30:00,humorous,almond branches,almonds,glucose_yld,% of glucan,83.2,2,pass,,,pretreatment
chol885-d8ff,,,145,65.0,2025-09-16 09:30:00,humorous,almond branches,almonds,glucose_yld,% of glucan,99.0,3,pass,,,pretreatment
chol886-e1e5,,,145,65.0,2025-09-16 09:30:00,humorous,almond branches,almonds,xylose_yld,% of xylan,36.9,1,pass,,,pretreatment
chol887-6e6c,,,145,65.0,2025-09-16 09:30:00,humorous,almond branches,almonds,xylose_yld,% of xylan,75.9,2,pass,,,pretreatment
chol888-baaf,,,145,65.0,2025-09-16 09:30:00,humorous,almond branches,almonds,xylose_yld,% of xylan,60.8,3,pass,,,pretreatment
chol890-e0d9,,,147,67.0,2025-09-16 09:30:00,humorous,almond shells,almonds,glucose_yld,% of glucan,71.6,2,pass,,,pretreatment
chol891-e59e,,,147,67.0,2025-09-16 09:30:00,humorous,almond shells,almonds,glucose_yld,% of glucan,70.0,3,pass,,,pretreatment
chol892-3f6b,,,147,67.0,2025-09-16 09:30:00,humorous,almond shells,almonds,xylose_yld,% of xylan,77.3,1,pass,,,pretreatment
chol893-4f00,,,147,67.0,2025-09-16 09:30:00,humorous,almond shells,almonds,xylose_yld,% of xylan,24.4,2,pass,,,pretreatment
chol894-c6b0,,,147,67.0,2025-09-16 09:30:00,humorous,almond shells,almonds,xylose_yld,% of xylan,70.3,3,pass,,,pretreatment
chol895-5f6b,,,135,74.0,2025-09-24 11:40:00,rigging,grape stem,grapes,glucose_yld,% of glucan,88.5,1,pass,,,pretreatment
chol896-53e3,,,135,74.0,2025-09-24 11:40:00,rigging,grape stem,grapes,glucose_yld,% of glucan,57.8,2,pass,,,pretreatment
chol897-4e6c,,,135,74.0,2025-09-24 11:40:00,rigging,grape stem,grapes,glucose_yld,% of glucan,70.0,3,pass,,,pretreatment
chol898-628b,,,135,74.0,2025-09-24 11:40:00,rigging,grape stem,grapes,xylose_yld,% of xylan,84.2,1,pass,,,pretreatment
chol900-a86b,,,135,74.0,2025-09-24 11:40:00,rigging,grape stem,grapes,xylose_yld,% of xylan,80.4,3,pass,,,pretreatment
chol901-5c01,,,148,78.0,2025-09-26 11:15:00,capstan,almond shells,almonds,glucose_yld,% of glucan,81.5,1,pass,,,pretreatment
chol902-f0ee,,,148,78.0,2025-09-26 11:15:00,capstan,almond shells,almonds,glucose_yld,% of glucan,72.7,2,pass,,,pretreatment
chol903-ed22,,,148,78.0,2025-09-26 11:15:00,capstan,almond shells,almonds,glucose_yld,% of glucan,87.7,3,pass,,,pretreatment
chol904-40db,,,148,78.0,2025-09-26 11:15:00,capstan,almond shells,almonds,xylose_yld,% of xylan,14.4,1,pass,,,pretreatment
chol905-faa3,,,148,78.0,2025-09-26 11:15:00,capstan,almond shells,almonds,xylose_yld,% of xylan,40.1,2,pass,,,pretreatment
chol906-7f4d,,,148,78.0,2025-09-26 11:15:00,capstan,almond shells,almonds,xylose_yld,% of xylan,59.2,3,pass,,,pretreatment
hot013-bd1d,,,62,7.0,2024-11-10 15:00:00,maplewood,grape pomace,grapes,glucose_yld,% of glucan,60.7,1,pass,,akrishnamoorthy@lbl.gov,pretreatment
hot014-4f6f,,,62,7.0,2024-11-10 15:00:00,maplewood,grape pomace,grapes,glucose_yld,% of glucan,61.1,2,pass,,akrishnamoorthy@lbl.gov,pretreatment
hot015-4cd6,,,62,7.0,2024-11-10 15:00:00,maplewood,grape pomace,grapes,glucose_yld,% of glucan,55.0,3,pass,,akrishnamoorthy@lbl.gov,pretreatment
hot016-51aa,,,62,7.0,2024-11-10 15:00:00,maplewood,grape pomace,grapes,xylose_yld,% of xylan,32.7,1,pass,,akrishnamoorthy@lbl.gov,pretreatment
hot017-ba80,,,62,7.0,2024-11-10 15:00:00,maplewood,grape pomace,grapes,xylose_yld,% of xylan,34.1,2,pass,,akrishnamoorthy@lbl.gov,pretreatment
hot018-ca50,,,62,7.0,2024-11-10 15:00:00,maplewood,grape pomace,grapes,xylose_yld,% of xylan,26.6,3,pass,,akrishnamoorthy@lbl.gov,pretreatment
hot037-4f3b,,,63,8.0,2024-11-10 15:10:00,maplewood,grape stem,grapes,glucose_yld,% of glucan,40.8,1,pass,,akrishnamoorthy@lbl.gov,pretreatment
hot038-65e9,,,63,8.0,2024-11-10 15:10:00,maplewood,grape stem,grapes,glucose_yld,% of glucan,53.6,2,pass,,akrishnamoorthy@lbl.gov,pretreatment
hot039-4109,,,63,8.0,2024-11-10 15:10:00,maplewood,grape stem,grapes,glucose_yld,% of glucan,54.5,3,pass,,akrishnamoorthy@lbl.gov,pretreatment
hot061-9e08,,,64,6.0,2024-10-25 10:30:00,ebony,grape pomace,grapes,glucose_yld,% of glucan,79.7,1,pass,,akrishnamoorthy@lbl.gov,pretreatment
hot062-7ae5,,,64,6.0,2024-10-25 10:30:00,ebony,grape pomace,grapes,glucose_yld,% of glucan,67.1,2,pass,,akrishnamoorthy@lbl.gov,pretreatment
hot063-1b21,,,64,6.0,2024-10-25 10:30:00,ebony,grape pomace,grapes,glucose_yld,% of glucan,79.3,3,pass,,akrishnamoorthy@lbl.gov,pretreatment
hot064-1547,,,64,6.0,2024-10-25 10:30:00,ebony,grape pomace,grapes,xylose_yld,% of xylan,52.5,1,pass,,akrishnamoorthy@lbl.gov,pretreatment
hot065-c8ee,,,64,6.0,2024-10-25 10:30:00,ebony,grape pomace,grapes,xylose_yld,% of xylan,53.1,2,pass,,akrishnamoorthy@lbl.gov,pretreatment
hot066-4fcb,,,64,6.0,2024-10-25 10:30:00,ebony,grape pomace,grapes,xylose_yld,% of xylan,58.0,3,pass,,akrishnamoorthy@lbl.gov,pretreatment
hot085-83c6,,,61,1.0,2024-09-09 15:00:00,riverstone,tomato pomace,tomatoes for processing,glucose_yld,% of glucan,60.7,1,pass,,akrishnamoorthy@lbl.gov,pretreatment
hot086-82e7,,,61,1.0,2024-09-09 15:00:00,riverstone,tomato pomace,tomatoes for processing,glucose_yld,% of glucan,61.3,2,pass,,akrishnamoorthy@lbl.gov,pretreatment
hot087-8edd,,,61,1.0,2024-09-09 15:00:00,riverstone,tomato pomace,tomatoes for processing,glucose_yld,% of glucan,58.0,3,pass,,akrishnamoorthy@lbl.gov,pretreatment
hot088-38c9,,,61,1.0,2024-09-09 15:00:00,riverstone,tomato pomace,tomatoes for processing,xylose_yld,% of xylan,52.1,1,pass,,akrishnamoorthy@lbl.gov,pretreatment
hot089-66f8,,,61,1.0,2024-09-09 15:00:00,riverstone,tomato pomace,tomatoes for processing,xylose_yld,% of xylan,60.7,2,pass,,akrishnamoorthy@lbl.gov,pretreatment
hot090-bdbb,,,61,1.0,2024-09-09 15:00:00,riverstone,tomato pomace,tomatoes for processing,xylose_yld,% of xylan,56.8,3,pass,,akrishnamoorthy@lbl.gov,pretreatment
hot109-e5ce,,,59,3.0,2024-09-24 11:40:00,oakleaf,tomato pomace,tomatoes for processing,glucose_yld,% of glucan,68.4,1,pass,,akrishnamoorthy@lbl.gov,pretreatment
hot110-f4ff,,,59,3.0,2024-09-24 11:40:00,oakleaf,tomato pomace,tomatoes for processing,glucose_yld,% of glucan,66.3,2,pass,,akrishnamoorthy@lbl.gov,pretreatment
hot111-19c5,,,59,3.0,2024-09-24 11:40:00,oakleaf,tomato pomace,tomatoes for processing,glucose_yld,% of glucan,63.5,3,pass,,akrishnamoorthy@lbl.gov,pretreatment
hot112-572e,,,59,3.0,2024-09-24 11:40:00,oakleaf,tomato pomace,tomatoes for processing,xylose_yld,% of xylan,66.0,1,pass,,akrishnamoorthy@lbl.gov,pretreatment
hot113-54ae,,,59,3.0,2024-09-24 11:40:00,oakleaf,tomato pomace,tomatoes for processing,xylose_yld,% of xylan,60.4,2,pass,,akrishnamoorthy@lbl.gov,pretreatment
hot114-5d11,,,59,3.0,2024-09-24 11:40:00,oakleaf,tomato pomace,tomatoes for processing,xylose_yld,% of xylan,64.7,3,pass,,akrishnamoorthy@lbl.gov,pretreatment
hot133-5a4e,,,60,2.0,2024-09-21 09:00:00,pinecrest,tomato pomace,tomatoes for processing,glucose_yld,% of glucan,67.9,1,pass,,akrishnamoorthy@lbl.gov,pretreatment
hot134-b6e8,,,60,2.0,2024-09-21 09:00:00,pinecrest,tomato pomace,tomatoes for processing,glucose_yld,% of glucan,67.8,2,pass,,akrishnamoorthy@lbl.gov,pretreatment
hot135-9d22,,,60,2.0,2024-09-21 09:00:00,pinecrest,tomato pomace,tomatoes for processing,glucose_yld,% of glucan,64.9,3,pass,,akrishnamoorthy@lbl.gov,pretreatment
hot136-f052,,,60,2.0,2024-09-21 09:00:00,pinecrest,tomato pomace,tomatoes for processing,xylose_yld,% of xylan,64.8,1,pass,,akrishnamoorthy@lbl.gov,pretreatment
hot137-3602,,,60,2.0,2024-09-21 09:00:00,pinecrest,tomato pomace,tomatoes for processing,xylose_yld,% of xylan,65.0,2,pass,,akrishnamoorthy@lbl.gov,pretreatment
hot138-9d87,,,60,2.0,2024-09-21 09:00:00,pinecrest,tomato pomace,tomatoes for processing,xylose_yld,% of xylan,64.1,3,pass,,akrishnamoorthy@lbl.gov,pretreatment
hot157-a504,,,52,27.0,2025-01-08 09:15:00,hairpin,sargassum,sargassum,glucose_yld,% of glucan,71.0,1,pass,,akrishnamoorthy@lbl.gov,pretreatment
hot158-54c5,,,52,27.0,2025-01-08 09:15:00,hairpin,sargassum,sargassum,glucose_yld,% of glucan,70.4,2,pass,,akrishnamoorthy@lbl.gov,pretreatment
hot159-0747,,,52,27.0,2025-01-08 09:15:00,hairpin,sargassum,sargassum,glucose_yld,% of glucan,69.2,3,pass,,akrishnamoorthy@lbl.gov,pretreatment
hot160-6d9f,,,52,27.0,2025-01-08 09:15:00,hairpin,sargassum,sargassum,xylose_yld,% of xylan,35.9,1,pass,,akrishnamoorthy@lbl.gov,pretreatment
hot161-1e57,,,52,27.0,2025-01-08 09:15:00,hairpin,sargassum,sargassum,xylose_yld,% of xylan,31.6,2,pass,,akrishnamoorthy@lbl.gov,pretreatment
hot162-7ad7,,,52,27.0,2025-01-08 09:15:00,hairpin,sargassum,sargassum,xylose_yld,% of xylan,37.0,3,pass,,akrishnamoorthy@lbl.gov,pretreatment
hot181-8fc5,,,65,4.0,2024-10-17 12:00:00,jaguar,olive pomace,olives - processing,glucose_yld,% of glucan,33.4,1,pass,,akrishnamoorthy@lbl.gov,pretreatment
hot182-9751,,,65,4.0,2024-10-17 12:00:00,jaguar,olive pomace,olives - processing,glucose_yld,% of glucan,31.0,2,pass,,akrishnamoorthy@lbl.gov,pretreatment
hot183-b661,,,65,4.0,2024-10-17 12:00:00,jaguar,olive pomace,olives - processing,glucose_yld,% of glucan,36.5,3,pass,,akrishnamoorthy@lbl.gov,pretreatment
hot184-bb99,,,65,4.0,2024-10-17 12:00:00,jaguar,olive pomace,olives - processing,xylose_yld,% of xylan,9.0,1,pass,,akrishnamoorthy@lbl.gov,pretreatment
hot185-d445,,,65,4.0,2024-10-17 12:00:00,jaguar,olive pomace,olives - processing,xylose_yld,% of xylan,9.8,2,pass,,akrishnamoorthy@lbl.gov,pretreatment
hot186-3cc0,,,65,4.0,2024-10-17 12:00:00,jaguar,olive pomace,olives - processing,xylose_yld,% of xylan,16.5,3,pass,,akrishnamoorthy@lbl.gov,pretreatment
hot205-f7d1,,,47,13.0,2024-11-21 12:10:00,vibrant,almond shells,almonds,glucose_yld,% of glucan,10.4,1,pass,,akrishnamoorthy@lbl.gov,pretreatment
hot206-a3c5,,,47,13.0,2024-11-21 12:10:00,vibrant,almond shells,almonds,glucose_yld,% of glucan,6.2,2,pass,,akrishnamoorthy@lbl.gov,pretreatment
hot207-3cac,,,47,13.0,2024-11-21 12:10:00,vibrant,almond shells,almonds,glucose_yld,% of glucan,18.2,3,pass,,akrishnamoorthy@lbl.gov,pretreatment
hot208-d500,,,47,13.0,2024-11-21 12:10:00,vibrant,almond shells,almonds,xylose_yld,% of xylan,8.1,1,pass,,akrishnamoorthy@lbl.gov,pretreatment
hot209-2c74,,,47,13.0,2024-11-21 12:10:00,vibrant,almond shells,almonds,xylose_yld,% of xylan,5.6,2,pass,,akrishnamoorthy@lbl.gov,pretreatment
hot210-aeaf,,,47,13.0,2024-11-21 12:10:00,vibrant,almond shells,almonds,xylose_yld,% of xylan,14.4,3,pass,,akrishnamoorthy@lbl.gov,pretreatment
hot229-d3e4,,,48,14.0,2024-11-21 12:40:00,vibrant,almond hulls,almonds,glucose_yld,% of glucan,11.3,1,pass,,akrishnamoorthy@lbl.gov,pretreatment
hot230-f121,,,48,14.0,2024-11-21 12:40:00,vibrant,almond hulls,almonds,glucose_yld,% of glucan,11.4,2,pass,,akrishnamoorthy@lbl.gov,pretreatment
hot231-9489,,,48,14.0,2024-11-21 12:40:00,vibrant,almond hulls,almonds,glucose_yld,% of glucan,11.6,3,pass,,akrishnamoorthy@lbl.gov,pretreatment
hot232-7c2b,,,48,14.0,2024-11-21 12:40:00,vibrant,almond hulls,almonds,xylose_yld,% of xylan,3.3,1,pass,,akrishnamoorthy@lbl.gov,pretreatment
hot233-c12f,,,48,14.0,2024-11-21 12:40:00,vibrant,almond hulls,almonds,xylose_yld,% of xylan,3.0,2,pass,,akrishnamoorthy@lbl.gov,pretreatment
hot234-3e53,,,48,14.0,2024-11-21 12:40:00,vibrant,almond hulls,almonds,xylose_yld,% of xylan,7.3,3,pass,,akrishnamoorthy@lbl.gov,pretreatment
hot253-c419,,,49,16.0,2024-11-21 15:10:00,tiny,almond shells,almonds,glucose_yld,% of glucan,18.7,1,pass,,akrishnamoorthy@lbl.gov,pretreatment
hot254-3faf,,,49,16.0,2024-11-21 15:10:00,tiny,almond shells,almonds,glucose_yld,% of glucan,17.5,2,pass,,akrishnamoorthy@lbl.gov,pretreatment
hot255-3c6c,,,49,16.0,2024-11-21 15:10:00,tiny,almond shells,almonds,glucose_yld,% of glucan,17.9,3,pass,,akrishnamoorthy@lbl.gov,pretreatment
hot256-b828,,,49,16.0,2024-11-21 15:10:00,tiny,almond shells,almonds,xylose_yld,% of xylan,13.6,1,pass,,akrishnamoorthy@lbl.gov,pretreatment
hot257-3a7a,,,49,16.0,2024-11-21 15:10:00,tiny,almond shells,almonds,xylose_yld,% of xylan,13.3,2,pass,,akrishnamoorthy@lbl.gov,pretreatment
hot258-3014,,,49,16.0,2024-11-21 15:10:00,tiny,almond shells,almonds,xylose_yld,% of xylan,12.2,3,pass,,akrishnamoorthy@lbl.gov,pretreatment
hot277-54f1,,,50,17.0,2024-11-21 15:40:00,tiny,almond hulls,almonds,glucose_yld,% of glucan,14.5,1,pass,,akrishnamoorthy@lbl.gov,pretreatment
hot278-cf53,,,50,17.0,2024-11-21 15:40:00,tiny,almond hulls,almonds,glucose_yld,% of glucan,13.1,2,pass,,akrishnamoorthy@lbl.gov,pretreatment
hot279-c1b1,,,50,17.0,2024-11-21 15:40:00,tiny,almond hulls,almonds,glucose_yld,% of glucan,12.5,3,pass,,akrishnamoorthy@lbl.gov,pretreatment
hot280-3562,,,50,17.0,2024-11-21 15:40:00,tiny,almond hulls,almonds,xylose_yld,% of xylan,12.9,1,pass,,akrishnamoorthy@lbl.gov,pretreatment
hot281-6672,,,50,17.0,2024-11-21 15:40:00,tiny,almond hulls,almonds,xylose_yld,% of xylan,5.8,2,pass,,akrishnamoorthy@lbl.gov,pretreatment
hot282-5b39,,,50,17.0,2024-11-21 15:40:00,tiny,almond hulls,almonds,xylose_yld,% of xylan,3.8,3,pass,,akrishnamoorthy@lbl.gov,pretreatment
hot301-42a1,,,51,18.0,2024-11-21 16:10:00,tiny,almond shells and hulls mix,almonds,glucose_yld,% of glucan,16.6,1,pass,,akrishnamoorthy@lbl.gov,pretreatment
hot302-9469,,,51,18.0,2024-11-21 16:10:00,tiny,almond shells and hulls mix,almonds,glucose_yld,% of glucan,17.8,2,pass,,akrishnamoorthy@lbl.gov,pretreatment
hot303-dd2c,,,51,18.0,2024-11-21 16:10:00,tiny,almond shells and hulls mix,almonds,glucose_yld,% of glucan,9.7,3,pass,,akrishnamoorthy@lbl.gov,pretreatment
hot304-0e85,,,51,18.0,2024-11-21 16:10:00,tiny,almond shells and hulls mix,almonds,xylose_yld,% of xylan,8.1,1,pass,,akrishnamoorthy@lbl.gov,pretreatment
hot305-1e54,,,51,18.0,2024-11-21 16:10:00,tiny,almond shells and hulls mix,almonds,xylose_yld,% of xylan,8.7,2,pass,,akrishnamoorthy@lbl.gov,pretreatment
hot306-dc75,,,51,18.0,2024-11-21 16:10:00,tiny,almond shells and hulls mix,almonds,xylose_yld,% of xylan,6.6,3,pass,,akrishnamoorthy@lbl.gov,pretreatment
hot325-f05f,,,54,19.0,2024-11-21 16:10:00,popular,almond woodchips,almonds,glucose_yld,% of glucan,16.4,1,pass,,akrishnamoorthy@lbl.gov,pretreatment
hot326-7876,,,54,19.0,2024-11-21 16:10:00,popular,almond woodchips,almonds,glucose_yld,% of glucan,17.1,2,pass,,akrishnamoorthy@lbl.gov,pretreatment
hot327-6d07,,,54,19.0,2024-11-21 16:10:00,popular,almond woodchips,almonds,glucose_yld,% of glucan,17.6,3,pass,,akrishnamoorthy@lbl.gov,pretreatment
hot328-1165,,,54,19.0,2024-11-21 16:10:00,popular,almond woodchips,almonds,xylose_yld,% of xylan,17.6,1,pass,,akrishnamoorthy@lbl.gov,pretreatment
hot329-8db2,,,54,19.0,2024-11-21 16:10:00,popular,almond woodchips,almonds,xylose_yld,% of xylan,17.3,2,pass,,akrishnamoorthy@lbl.gov,pretreatment
hot330-1b8d,,,54,19.0,2024-11-21 16:10:00,popular,almond woodchips,almonds,xylose_yld,% of xylan,17.7,3,pass,,akrishnamoorthy@lbl.gov,pretreatment
hot349-01e7,,,55,22.0,2024-11-26 11:10:00,energetic,walnut tree sticks,walnuts,glucose_yld,% of glucan,21.2,1,pass,,akrishnamoorthy@lbl.gov,pretreatment
hot350-2a6b,,,55,22.0,2024-11-26 11:10:00,energetic,walnut tree sticks,walnuts,glucose_yld,% of glucan,24.5,2,pass,,akrishnamoorthy@lbl.gov,pretreatment
hot351-f4a3,,,55,22.0,2024-11-26 11:10:00,energetic,walnut tree sticks,walnuts,glucose_yld,% of glucan,18.0,3,pass,,akrishnamoorthy@lbl.gov,pretreatment
hot352-4e83,,,55,22.0,2024-11-26 11:10:00,energetic,walnut tree sticks,walnuts,xylose_yld,% of xylan,24.7,1,pass,,akrishnamoorthy@lbl.gov,pretreatment
hot353-76d9,,,55,22.0,2024-11-26 11:10:00,energetic,walnut tree sticks,walnuts,xylose_yld,% of xylan,27.7,2,pass,,akrishnamoorthy@lbl.gov,pretreatment
hot354-3157,,,55,22.0,2024-11-26 11:10:00,energetic,walnut tree sticks,walnuts,xylose_yld,% of xylan,20.0,3,pass,,akrishnamoorthy@lbl.gov,pretreatment
hot373-1050,,,53,15.0,2024-11-21 13:10:00,vibrant,almond branches,almonds,glucose_yld,% of glucan,21.2,1,pass,,akrishnamoorthy@lbl.gov,pretreatment
hot374-b6d3,,,53,15.0,2024-11-21 13:10:00,vibrant,almond branches,almonds,glucose_yld,% of glucan,17.2,2,pass,,akrishnamoorthy@lbl.gov,pretreatment
hot375-7dee,,,53,15.0,2024-11-21 13:10:00,vibrant,almond branches,almonds,glucose_yld,% of glucan,18.4,3,pass,,akrishnamoorthy@lbl.gov,pretreatment
hot376-b189,,,53,15.0,2024-11-21 13:10:00,vibrant,almond branches,almonds,xylose_yld,% of xylan,21.7,1,pass,,akrishnamoorthy@lbl.gov,pretreatment
hot377-5324,,,53,15.0,2024-11-21 13:10:00,vibrant,almond branches,almonds,xylose_yld,% of xylan,16.3,2,pass,,akrishnamoorthy@lbl.gov,pretreatment
hot378-ff80,,,53,15.0,2024-11-21 13:10:00,vibrant,almond branches,almonds,xylose_yld,% of xylan,18.1,3,pass,,akrishnamoorthy@lbl.gov,pretreatment
hot397-f767,,,57,20.0,2024-11-21 18:10:00,energetic,walnut shells,walnuts,glucose_yld,% of glucan,81.8,1,pass,,akrishnamoorthy@lbl.gov,pretreatment
hot398-e157,,,57,20.0,2024-11-21 18:10:00,energetic,walnut shells,walnuts,glucose_yld,% of glucan,66.9,2,pass,,akrishnamoorthy@lbl.gov,pretreatment
hot399-6d76,,,57,20.0,2024-11-21 18:10:00,energetic,walnut shells,walnuts,glucose_yld,% of glucan,73.0,3,pass,,akrishnamoorthy@lbl.gov,pretreatment
hot400-6e39,,,57,20.0,2024-11-21 18:10:00,energetic,walnut shells,walnuts,xylose_yld,% of xylan,35.0,1,pass,,akrishnamoorthy@lbl.gov,pretreatment
hot401-3224,,,57,20.0,2024-11-21 18:10:00,energetic,walnut shells,walnuts,xylose_yld,% of xylan,24.0,2,pass,,akrishnamoorthy@lbl.gov,pretreatment
hot402-42a5,,,57,20.0,2024-11-21 18:10:00,energetic,walnut shells,walnuts,xylose_yld,% of xylan,20.9,3,pass,,akrishnamoorthy@lbl.gov,pretreatment
hot421-015d,,,56,23.0,2024-12-05 13:30:00,tackle,sweet potato culls,sweet potatoes,glucose_yld,% of glucan,26.0,1,pass,,akrishnamoorthy@lbl.gov,pretreatment
hot422-d681,,,56,23.0,2024-12-05 13:30:00,tackle,sweet potato culls,sweet potatoes,glucose_yld,% of glucan,22.9,2,pass,,akrishnamoorthy@lbl.gov,pretreatment
hot423-e9db,,,56,23.0,2024-12-05 13:30:00,tackle,sweet potato culls,sweet potatoes,glucose_yld,% of glucan,19.0,3,pass,,akrishnamoorthy@lbl.gov,pretreatment
hot425-c52c,,,56,23.0,2024-12-05 13:30:00,tackle,sweet potato culls,sweet potatoes,xylose_yld,% of xylan,87.7,2,pass,,akrishnamoorthy@lbl.gov,pretreatment
hot426-b3c6,,,56,23.0,2024-12-05 13:30:00,tackle,sweet potato culls,sweet potatoes,xylose_yld,% of xylan,100.9,3,pass,,akrishnamoorthy@lbl.gov,pretreatment
hot445-649e,,,67,28.0,2025-02-05 14:00:00,caterpillar,corn stover husks,corn - all,glucose_yld,% of glucan,24.5,1,pass,,akrishnamoorthy@lbl.gov,pretreatment
hot446-43e7,,,67,28.0,2025-02-05 14:00:00,caterpillar,corn stover husks,corn - all,glucose_yld,% of glucan,24.5,2,pass,,akrishnamoorthy@lbl.gov,pretreatment
hot447-0188,,,67,28.0,2025-02-05 14:00:00,caterpillar,corn stover husks,corn - all,glucose_yld,% of glucan,22.2,3,pass,,akrishnamoorthy@lbl.gov,pretreatment
hot448-126d,,,67,28.0,2025-02-05 14:00:00,caterpillar,corn stover husks,corn - all,xylose_yld,% of xylan,5.7,1,pass,,akrishnamoorthy@lbl.gov,pretreatment
hot449-244a,,,67,28.0,2025-02-05 14:00:00,caterpillar,corn stover husks,corn - all,xylose_yld,% of xylan,12.4,2,pass,,akrishnamoorthy@lbl.gov,pretreatment
hot450-0c3f,,,67,28.0,2025-02-05 14:00:00,caterpillar,corn stover husks,corn - all,xylose_yld,% of xylan,12.1,3,pass,,akrishnamoorthy@lbl.gov,pretreatment
hot469-5cd0,,,68,29.0,2025-02-05 14:00:00,caterpillar,corn stover cobs,corn - all,glucose_yld,% of glucan,21.0,1,pass,,akrishnamoorthy@lbl.gov,pretreatment
hot470-91c2,,,68,29.0,2025-02-05 14:00:00,caterpillar,corn stover cobs,corn - all,glucose_yld,% of glucan,19.4,2,pass,,akrishnamoorthy@lbl.gov,pretreatment
hot471-7dce,,,68,29.0,2025-02-05 14:00:00,caterpillar,corn stover cobs,corn - all,glucose_yld,% of glucan,20.9,3,pass,,akrishnamoorthy@lbl.gov,pretreatment
hot472-babc,,,68,29.0,2025-02-05 14:00:00,caterpillar,corn stover cobs,corn - all,xylose_yld,% of xylan,8.7,1,pass,,akrishnamoorthy@lbl.gov,pretreatment
hot473-c2f6,,,68,29.0,2025-02-05 14:00:00,caterpillar,corn stover cobs,corn - all,xylose_yld,% of xylan,8.1,2,pass,,akrishnamoorthy@lbl.gov,pretreatment
hot474-820c,,,68,29.0,2025-02-05 14:00:00,caterpillar,corn stover cobs,corn - all,xylose_yld,% of xylan,9.7,3,pass,,akrishnamoorthy@lbl.gov,pretreatment
hot493-fa54,,,69,30.0,2025-02-05 14:00:00,caterpillar,corn stover stalks,corn - all,glucose_yld,% of glucan,23.4,1,pass,,akrishnamoorthy@lbl.gov,pretreatment
hot494-c516,,,69,30.0,2025-02-05 14:00:00,caterpillar,corn stover stalks,corn - all,glucose_yld,% of glucan,22.9,2,pass,,akrishnamoorthy@lbl.gov,pretreatment
hot495-eba8,,,69,30.0,2025-02-05 14:00:00,caterpillar,corn stover stalks,corn - all,glucose_yld,% of glucan,23.2,3,pass,,akrishnamoorthy@lbl.gov,pretreatment
hot496-7613,,,69,30.0,2025-02-05 14:00:00,caterpillar,corn stover stalks,corn - all,xylose_yld,% of xylan,29.6,1,pass,,akrishnamoorthy@lbl.gov,pretreatment
hot497-d76c,,,69,30.0,2025-02-05 14:00:00,caterpillar,corn stover stalks,corn - all,xylose_yld,% of xylan,30.6,2,pass,,akrishnamoorthy@lbl.gov,pretreatment
hot498-81cf,,,69,30.0,2025-02-05 14:00:00,caterpillar,corn stover stalks,corn - all,xylose_yld,% of xylan,29.6,3,pass,,akrishnamoorthy@lbl.gov,pretreatment
hot536-225b,,,165,93.0,2025-11-04 17:35:00,excellent,olive stems / leaves,olives - processing,xylose_yld,% of xylan,13.68,2,pass,,akrishnamoorthy@lbl.gov,pretreatment
hot537-48e1,,,164,92.0,2025-11-04 17:22:00,excellent,olive pomace,olives - processing,glucose_yld,% of glucan,20.95,1,pass,,akrishnamoorthy@lbl.gov,pretreatment
hot538-3b8f,,,164,92.0,2025-11-04 17:22:00,excellent,olive pomace,olives - processing,glucose_yld,% of glucan,21.66,2,pass,,akrishnamoorthy@lbl.gov,pretreatment
hot539-743c,,,164,92.0,2025-11-04 17:22:00,excellent,olive pomace,olives - processing,xylose_yld,% of xylan,9.02,1,pass,,akrishnamoorthy@lbl.gov,pretreatment
hot540-cdaa,,,164,92.0,2025-11-04 17:22:00,excellent,olive pomace,olives - processing,xylose_yld,% of xylan,9.32,2,pass,,akrishnamoorthy@lbl.gov,pretreatment
hot541-9f4d,,,165,93.0,2025-11-04 17:35:00,excellent,olive stems / leaves,olives - processing,glucose_yld,% of glucan,15.68,1,pass,,akrishnamoorthy@lbl.gov,pretreatment
hot542-9f8b,,,165,93.0,2025-11-04 17:35:00,excellent,olive stems / leaves,olives - processing,glucose_yld,% of glucan,15.41,2,pass,,akrishnamoorthy@lbl.gov,pretreatment
hot543-cd35,,,165,93.0,2025-11-04 17:35:00,excellent,olive stems / leaves,olives - processing,xylose_yld,% of xylan,5.72,1,pass,,akrishnamoorthy@lbl.gov,pretreatment
hot544-b2eb,,,165,93.0,2025-11-04 17:35:00,excellent,olive stems / leaves,olives - processing,xylose_yld,% of xylan,4.85,2,pass,,akrishnamoorthy@lbl.gov,pretreatment
hot545-5042,,,80,34.0,2025-06-30 11:15:00,possessive,wheat straw,winter wheat,glucose_yld,% of glucan,51.0,1,pass,,akrishnamoorthy@lbl.gov,pretreatment
hot546-75b0,,,80,34.0,2025-06-30 11:15:00,possessive,wheat straw,winter wheat,glucose_yld,% of glucan,44.8,2,pass,,akrishnamoorthy@lbl.gov,pretreatment
hot547-3e73,,,80,34.0,2025-06-30 11:15:00,possessive,wheat straw,winter wheat,glucose_yld,% of glucan,47.4,3,pass,,akrishnamoorthy@lbl.gov,pretreatment
hot548-deb4,,,80,34.0,2025-06-30 11:15:00,possessive,wheat straw,winter wheat,xylose_yld,% of xylan,26.0,1,pass,,akrishnamoorthy@lbl.gov,pretreatment
hot549-3ff9,,,80,34.0,2025-06-30 11:15:00,possessive,wheat straw,winter wheat,xylose_yld,% of xylan,25.2,2,pass,,akrishnamoorthy@lbl.gov,pretreatment
hot550-0725,,,80,34.0,2025-06-30 11:15:00,possessive,wheat straw,winter wheat,xylose_yld,% of xylan,21.1,3,pass,,akrishnamoorthy@lbl.gov,pretreatment
hot551-7cf2,,,81,36.0,2025-06-30 12:15:00,possessive,rice straw,rice,glucose_yld,% of glucan,60.6,1,pass,,akrishnamoorthy@lbl.gov,pretreatment
hot552-d1c0,,,81,36.0,2025-06-30 12:15:00,possessive,rice straw,rice,glucose_yld,% of glucan,60.5,2,pass,,akrishnamoorthy@lbl.gov,pretreatment
hot553-aea7,,,81,36.0,2025-06-30 12:15:00,possessive,rice straw,rice,glucose_yld,% of glucan,61.4,3,pass,,akrishnamoorthy@lbl.gov,pretreatment
hot554-6c67,,,81,36.0,2025-06-30 12:15:00,possessive,rice straw,rice,xylose_yld,% of xylan,37.0,1,pass,,akrishnamoorthy@lbl.gov,pretreatment
hot555-3138,,,81,36.0,2025-06-30 12:15:00,possessive,rice straw,rice,xylose_yld,% of xylan,33.1,2,pass,,akrishnamoorthy@lbl.gov,pretreatment
hot556-f4c4,,,81,36.0,2025-06-30 12:15:00,possessive,rice straw,rice,xylose_yld,% of xylan,35.3,3,pass,,akrishnamoorthy@lbl.gov,pretreatment
hot557-1176,,,82,38.0,2025-06-30 13:00:00,wardrobe,wheat straw,winter wheat,glucose_yld,% of glucan,49.9,1,pass,,akrishnamoorthy@lbl.gov,pretreatment
hot558-700b,,,82,38.0,2025-06-30 13:00:00,wardrobe,wheat straw,winter wheat,glucose_yld,% of glucan,51.3,2,pass,,akrishnamoorthy@lbl.gov,pretreatment
hot559-11c0,,,82,38.0,2025-06-30 13:00:00,wardrobe,wheat straw,winter wheat,glucose_yld,% of glucan,54.2,3,pass,,akrishnamoorthy@lbl.gov,pretreatment
hot560-1aab,,,82,38.0,2025-06-30 13:00:00,wardrobe,wheat straw,winter wheat,xylose_yld,% of xylan,37.4,1,pass,,akrishnamoorthy@lbl.gov,pretreatment
hot561-94c4,,,82,38.0,2025-06-30 13:00:00,wardrobe,wheat straw,winter wheat,xylose_yld,% of xylan,29.5,2,pass,,akrishnamoorthy@lbl.gov,pretreatment
hot562-c8d7,,,82,38.0,2025-06-30 13:00:00,wardrobe,wheat straw,winter wheat,xylose_yld,% of xylan,29.6,3,pass,,akrishnamoorthy@lbl.gov,pretreatment
hot564-44c4,,,83,39.0,2025-08-07 11:15:00,rushes,peach seeds,peaches,glucose_yld,% of glucan,80.5,2,pass,,akrishnamoorthy@lbl.gov,pretreatment
hot566-4b76,,,83,39.0,2025-08-07 11:15:00,rushes,peach seeds,peaches,xylose_yld,% of xylan,13.9,1,pass,,akrishnamoorthy@lbl.gov,pretreatment
hot567-d009,,,83,39.0,2025-08-07 11:15:00,rushes,peach seeds,peaches,xylose_yld,% of xylan,9.5,2,pass,,akrishnamoorthy@lbl.gov,pretreatment
hot568-fd0e,,,83,39.0,2025-08-07 11:15:00,rushes,peach seeds,peaches,xylose_yld,% of xylan,13.9,3,pass,,akrishnamoorthy@lbl.gov,pretreatment
hot569-62fc,,,95,47.0,2025-08-21 10:35:00,oakleaf,tomato pomace,tomatoes for processing,glucose_yld,% of glucan,118.0,1,pass,,akrishnamoorthy@lbl.gov,pretreatment
hot570-4961,,,95,47.0,2025-08-21 10:35:00,oakleaf,tomato pomace,tomatoes for processing,glucose_yld,% of glucan,93.1,2,pass,,akrishnamoorthy@lbl.gov,pretreatment
hot572-15ca,,,95,47.0,2025-08-21 10:35:00,oakleaf,tomato pomace,tomatoes for processing,xylose_yld,% of xylan,74.2,1,pass,,akrishnamoorthy@lbl.gov,pretreatment
hot573-87dc,,,95,47.0,2025-08-21 10:35:00,oakleaf,tomato pomace,tomatoes for processing,xylose_yld,% of xylan,54.5,2,pass,,akrishnamoorthy@lbl.gov,pretreatment
hot574-8d12,,,95,47.0,2025-08-21 10:35:00,oakleaf,tomato pomace,tomatoes for processing,xylose_yld,% of xylan,78.3,3,pass,,akrishnamoorthy@lbl.gov,pretreatment
hot576-3e47,,,96,48.0,2025-08-21 11:25:00,pinecrest,tomato pomace,tomatoes for processing,glucose_yld,% of glucan,95.1,2,pass,,akrishnamoorthy@lbl.gov,pretreatment
hot577-0726,,,96,48.0,2025-08-21 11:25:00,pinecrest,tomato pomace,tomatoes for processing,glucose_yld,% of glucan,93.4,3,pass,,akrishnamoorthy@lbl.gov,pretreatment
hot579-f63a,,,96,48.0,2025-08-21 11:25:00,pinecrest,tomato pomace,tomatoes for processing,xylose_yld,% of xylan,84.3,2,pass,,akrishnamoorthy@lbl.gov,pretreatment
hot580-dcf4,,,96,48.0,2025-08-21 11:25:00,pinecrest,tomato pomace,tomatoes for processing,xylose_yld,% of xylan,84.8,3,pass,,akrishnamoorthy@lbl.gov,pretreatment
hot583-0d5f,,,97,49.0,2025-08-21 13:15:00,gossamer,tomato pomace,tomatoes for processing,glucose_yld,% of glucan,80.4,3,pass,,akrishnamoorthy@lbl.gov,pretreatment
hot584-9ead,,,97,49.0,2025-08-21 13:15:00,gossamer,tomato pomace,tomatoes for processing,xylose_yld,% of xylan,51.3,1,pass,,akrishnamoorthy@lbl.gov,pretreatment
hot585-5c6b,,,97,49.0,2025-08-21 13:15:00,gossamer,tomato pomace,tomatoes for processing,xylose_yld,% of xylan,58.5,2,pass,,akrishnamoorthy@lbl.gov,pretreatment
hot586-9d69,,,97,49.0,2025-08-21 13:15:00,gossamer,tomato pomace,tomatoes for processing,xylose_yld,% of xylan,40.8,3,pass,,akrishnamoorthy@lbl.gov,pretreatment
hot587-b187,,,98,50.0,2025-08-21 14:15:00,gainful,tomato pomace,tomatoes for processing,glucose_yld,% of glucan,71.9,1,pass,,akrishnamoorthy@lbl.gov,pretreatment
hot588-2b48,,,98,50.0,2025-08-21 14:15:00,gainful,tomato pomace,tomatoes for processing,glucose_yld,% of glucan,47.8,2,pass,,akrishnamoorthy@lbl.gov,pretreatment
hot589-8c7e,,,98,50.0,2025-08-21 14:15:00,gainful,tomato pomace,tomatoes for processing,glucose_yld,% of glucan,55.3,3,pass,,akrishnamoorthy@lbl.gov,pretreatment
hot590-f564,,,98,50.0,2025-08-21 14:15:00,gainful,tomato pomace,tomatoes for processing,xylose_yld,% of xylan,46.0,1,pass,,akrishnamoorthy@lbl.gov,pretreatment
hot591-a517,,,98,50.0,2025-08-21 14:15:00,gainful,tomato pomace,tomatoes for processing,xylose_yld,% of xylan,32.5,2,pass,,akrishnamoorthy@lbl.gov,pretreatment
hot592-6f6a,,,98,50.0,2025-08-21 14:15:00,gainful,tomato pomace,tomatoes for processing,xylose_yld,% of xylan,33.6,3,pass,,akrishnamoorthy@lbl.gov,pretreatment
hot641-a26b,,,58,21.0,2024-11-21 18:40:00,energetic,walnut hulls,walnuts,glucose_yld,% of glucan,72.0,1,pass,,akrishnamoorthy@lbl.gov,pretreatment
hot642-c1b7,,,58,21.0,2024-11-21 18:40:00,energetic,walnut hulls,walnuts,glucose_yld,% of glucan,97.2,2,pass,,akrishnamoorthy@lbl.gov,pretreatment
hot643-9c5e,,,58,21.0,2024-11-21 18:40:00,energetic,walnut hulls,walnuts,glucose_yld,% of glucan,68.9,3,pass,,akrishnamoorthy@lbl.gov,pretreatment
hot644-646a,,,58,21.0,2024-11-21 18:40:00,energetic,walnut hulls,walnuts,xylose_yld,% of xylan,26.5,1,pass,,akrishnamoorthy@lbl.gov,pretreatment
hot645-5cfb,,,58,21.0,2024-11-21 18:40:00,energetic,walnut hulls,walnuts,xylose_yld,% of xylan,25.2,2,pass,,akrishnamoorthy@lbl.gov,pretreatment
hot646-68b6,,,58,21.0,2024-11-21 18:40:00,energetic,walnut hulls,walnuts,xylose_yld,% of xylan,18.4,3,pass,,akrishnamoorthy@lbl.gov,pretreatment
hot647-d76e,,,29,11.0,2024-11-10 15:40:00,maplewood,unused oak stick,grapes,glucose_yld,% of glucan,50.9,1,pass,,akrishnamoorthy@lbl.gov,pretreatment
hot648-0b95,,,29,11.0,2024-11-10 15:40:00,maplewood,unused oak stick,grapes,glucose_yld,% of glucan,79.4,2,pass,,akrishnamoorthy@lbl.gov,pretreatment
hot649-a531,,,29,11.0,2024-11-10 15:40:00,maplewood,unused oak stick,grapes,glucose_yld,% of glucan,71.5,3,pass,,akrishnamoorthy@lbl.gov,pretreatment
hot650-3237,,,29,11.0,2024-11-10 15:40:00,maplewood,unused oak stick,grapes,xylose_yld,% of xylan,32.3,1,pass,,akrishnamoorthy@lbl.gov,pretreatment
hot653-5086,,,27,10.0,2024-11-10 15:30:00,maplewood,spent oak chips,grapes,glucose_yld,% of glucan,62.7,1,pass,,akrishnamoorthy@lbl.gov,pretreatment
hot654-0ee9,,,27,10.0,2024-11-10 15:30:00,maplewood,spent oak chips,grapes,glucose_yld,% of glucan,56.7,2,pass,,akrishnamoorthy@lbl.gov,pretreatment
hot655-e521,,,27,10.0,2024-11-10 15:30:00,maplewood,spent oak chips,grapes,glucose_yld,% of glucan,55.4,3,pass,,akrishnamoorthy@lbl.gov,pretreatment
hot657-a56b,,,27,10.0,2024-11-10 15:30:00,maplewood,spent oak chips,grapes,xylose_yld,% of xylan,82.3,2,pass,,akrishnamoorthy@lbl.gov,pretreatment
hot659-9e9a,,,71,25.0,2024-12-16 00:00:00,humorous,almond hulls,almonds,glucose_yld,% of glucan,57.0,1,pass,,akrishnamoorthy@lbl.gov,pretreatment
hot660-f5c1,,,71,25.0,2024-12-16 00:00:00,humorous,almond hulls,almonds,glucose_yld,% of glucan,63.7,2,pass,,akrishnamoorthy@lbl.gov,pretreatment
hot661-8611,,,71,25.0,2024-12-16 00:00:00,humorous,almond hulls,almonds,glucose_yld,% of glucan,72.9,3,pass,,akrishnamoorthy@lbl.gov,pretreatment
hot662-5e32,,,71,25.0,2024-12-16 00:00:00,humorous,almond hulls,almonds,xylose_yld,% of xylan,21.0,1,pass,,akrishnamoorthy@lbl.gov,pretreatment
hot663-94e0,,,71,25.0,2024-12-16 00:00:00,humorous,almond hulls,almonds,xylose_yld,% of xylan,33.6,2,pass,,akrishnamoorthy@lbl.gov,pretreatment
hot664-41e4,,,71,25.0,2024-12-16 00:00:00,humorous,almond hulls,almonds,xylose_yld,% of xylan,41.0,3,pass,,akrishnamoorthy@lbl.gov,pretreatment
hot665-1959,,,72,26.0,2024-12-16 00:00:00,humorous,almond branches,almonds,glucose_yld,% of glucan,82.3,1,pass,,akrishnamoorthy@lbl.gov,pretreatment
hot666-cf65,,,72,26.0,2024-12-16 00:00:00,humorous,almond branches,almonds,glucose_yld,% of glucan,79.5,2,pass,,akrishnamoorthy@lbl.gov,pretreatment
hot667-8921,,,72,26.0,2024-12-16 00:00:00,humorous,almond branches,almonds,glucose_yld,% of glucan,67.8,3,pass,,akrishnamoorthy@lbl.gov,pretreatment
hot668-c320,,,72,26.0,2024-12-16 00:00:00,humorous,almond branches,almonds,xylose_yld,% of xylan,95.5,1,pass,,akrishnamoorthy@lbl.gov,pretreatment
hot669-2216,,,72,26.0,2024-12-16 00:00:00,humorous,almond branches,almonds,xylose_yld,% of xylan,90.3,2,pass,,akrishnamoorthy@lbl.gov,pretreatment
hot670-3b55,,,72,26.0,2024-12-16 00:00:00,humorous,almond branches,almonds,xylose_yld,% of xylan,76.6,3,pass,,akrishnamoorthy@lbl.gov,pretreatment
hot671-ec72,,,122,56.0,2025-08-27 12:35:00,rigging,spent oak chips,grapes,glucose_yld,% of glucan,54.6,1,pass,,akrishnamoorthy@lbl.gov,pretreatment
hot672-77fe,,,122,56.0,2025-08-27 12:35:00,rigging,spent oak chips,grapes,glucose_yld,% of glucan,56.5,2,pass,,akrishnamoorthy@lbl.gov,pretreatment
hot673-3484,,,122,56.0,2025-08-27 12:35:00,rigging,spent oak chips,grapes,glucose_yld,% of glucan,56.4,3,pass,,akrishnamoorthy@lbl.gov,pretreatment
hot674-cef3,,,122,56.0,2025-08-27 12:35:00,rigging,spent oak chips,grapes,xylose_yld,% of xylan,42.0,1,pass,,akrishnamoorthy@lbl.gov,pretreatment
hot675-5666,,,122,56.0,2025-08-27 12:35:00,rigging,spent oak chips,grapes,xylose_yld,% of xylan,44.6,2,pass,,akrishnamoorthy@lbl.gov,pretreatment
hot676-a0c6,,,122,56.0,2025-08-27 12:35:00,rigging,spent oak chips,grapes,xylose_yld,% of xylan,41.1,3,pass,,akrishnamoorthy@lbl.gov,pretreatment
hot677-fa05,,,123,58.0,2025-08-27 12:35:00,rigging,spent oak chips,grapes,glucose_yld,% of glucan,48.5,1,pass,,akrishnamoorthy@lbl.gov,pretreatment
hot678-1e9c,,,123,58.0,2025-08-27 12:35:00,rigging,spent oak chips,grapes,glucose_yld,% of glucan,52.2,2,pass,,akrishnamoorthy@lbl.gov,pretreatment
hot679-a1ec,,,123,58.0,2025-08-27 12:35:00,rigging,spent oak chips,grapes,glucose_yld,% of glucan,58.3,3,pass,,akrishnamoorthy@lbl.gov,pretreatment
hot680-3570,,,123,58.0,2025-08-27 12:35:00,rigging,spent oak chips,grapes,xylose_yld,% of xylan,75.4,1,pass,,akrishnamoorthy@lbl.gov,pretreatment
hot681-b31c,,,123,58.0,2025-08-27 12:35:00,rigging,spent oak chips,grapes,xylose_yld,% of xylan,78.5,2,pass,,akrishnamoorthy@lbl.gov,pretreatment
hot682-f727,,,123,58.0,2025-08-27 12:35:00,rigging,spent oak chips,grapes,xylose_yld,% of xylan,88.2,3,pass,,akrishnamoorthy@lbl.gov,pretreatment
hot683-e069,,,124,59.0,2025-08-27 12:35:00,rigging,spent oak chips,grapes,glucose_yld,% of glucan,81.3,1,pass,,akrishnamoorthy@lbl.gov,pretreatment
hot684-5dc7,,,124,59.0,2025-08-27 12:35:00,rigging,spent oak chips,grapes,glucose_yld,% of glucan,82.0,2,pass,,akrishnamoorthy@lbl.gov,pretreatment
hot685-27a7,,,124,59.0,2025-08-27 12:35:00,rigging,spent oak chips,grapes,glucose_yld,% of glucan,78.7,3,pass,,akrishnamoorthy@lbl.gov,pretreatment
hot851-6a59,,,65,4.0,2024-10-17 12:00:00,jaguar,olive pomace,olives - processing,glucose_yld,% of glucan,26.87,1,pass,,akrishnamoorthy@lbl.gov,pretreatment
hot852-9695,,,65,4.0,2024-10-17 12:00:00,jaguar,olive pomace,olives - processing,glucose_yld,% of glucan,24.84,2,pass,,akrishnamoorthy@lbl.gov,pretreatment
hot853-1634,,,65,4.0,2024-10-17 12:00:00,jaguar,olive pomace,olives - processing,xylose_yld,% of xylan,21.36,1,pass,,akrishnamoorthy@lbl.gov,pretreatment
hot854-c423,,,65,4.0,2024-10-17 12:00:00,jaguar,olive pomace,olives - processing,xylose_yld,% of xylan,20.35,2,pass,,akrishnamoorthy@lbl.gov,pretreatment
hot855-4e2d,,,66,5.0,2024-10-17 12:00:00,jaguar,olive stems / leaves,olives - processing,glucose_yld,% of glucan,19.01,1,pass,,akrishnamoorthy@lbl.gov,pretreatment
hot856-6664,,,66,5.0,2024-10-17 12:00:00,jaguar,olive stems / leaves,olives - processing,glucose_yld,% of glucan,18.83,2,pass,,akrishnamoorthy@lbl.gov,pretreatment
hot857-133c,,,66,5.0,2024-10-17 12:00:00,jaguar,olive stems / leaves,olives - processing,xylose_yld,% of xylan,14.32,1,pass,,akrishnamoorthy@lbl.gov,pretreatment
hot858-7d95,,,66,5.0,2024-10-17 12:00:00,jaguar,olive stems / leaves,olives - processing,xylose_yld,% of xylan,15.71,2,pass,,akrishnamoorthy@lbl.gov,pretreatment
no p019-c887,,,62,7.0,2024-11-10 15:00:00,maplewood,grape pomace,grapes,glucose_yld,% of glucan,42.8,1,pass,,akrishnamoorthy@lbl.gov,pretreatment
no p020-9594,,,62,7.0,2024-11-10 15:00:00,maplewood,grape pomace,grapes,glucose_yld,% of glucan,40.0,2,pass,,akrishnamoorthy@lbl.gov,pretreatment
no p021-5497,,,62,7.0,2024-11-10 15:00:00,maplewood,grape pomace,grapes,glucose_yld,% of glucan,42.8,3,pass,,akrishnamoorthy@lbl.gov,pretreatment
no p022-4954,,,62,7.0,2024-11-10 15:00:00,maplewood,grape pomace,grapes,xylose_yld,% of xylan,43.6,1,pass,,akrishnamoorthy@lbl.gov,pretreatment
no p023-b4fc,,,62,7.0,2024-11-10 15:00:00,maplewood,grape pomace,grapes,xylose_yld,% of xylan,40.7,2,pass,,akrishnamoorthy@lbl.gov,pretreatment
no p024-107f,,,62,7.0,2024-11-10 15:00:00,maplewood,grape pomace,grapes,xylose_yld,% of xylan,42.5,3,pass,,akrishnamoorthy@lbl.gov,pretreatment
no p043-1a5b,,,63,8.0,2024-11-10 15:10:00,maplewood,grape stem,grapes,glucose_yld,% of glucan,45.3,1,pass,,akrishnamoorthy@lbl.gov,pretreatment
no p044-5955,,,63,8.0,2024-11-10 15:10:00,maplewood,grape stem,grapes,glucose_yld,% of glucan,47.6,2,pass,,akrishnamoorthy@lbl.gov,pretreatment
no p045-1c57,,,63,8.0,2024-11-10 15:10:00,maplewood,grape stem,grapes,glucose_yld,% of glucan,46.0,3,pass,,akrishnamoorthy@lbl.gov,pretreatment
no p067-e431,,,64,6.0,2024-10-25 10:30:00,ebony,grape pomace,grapes,glucose_yld,% of glucan,50.8,1,pass,,akrishnamoorthy@lbl.gov,pretreatment
no p068-0275,,,64,6.0,2024-10-25 10:30:00,ebony,grape pomace,grapes,glucose_yld,% of glucan,50.8,2,pass,,akrishnamoorthy@lbl.gov,pretreatment
no p069-9c5d,,,64,6.0,2024-10-25 10:30:00,ebony,grape pomace,grapes,glucose_yld,% of glucan,54.0,3,pass,,akrishnamoorthy@lbl.gov,pretreatment
no p070-593f,,,64,6.0,2024-10-25 10:30:00,ebony,grape pomace,grapes,xylose_yld,% of xylan,79.7,1,pass,,akrishnamoorthy@lbl.gov,pretreatment
no p071-668e,,,64,6.0,2024-10-25 10:30:00,ebony,grape pomace,grapes,xylose_yld,% of xylan,77.2,2,pass,,akrishnamoorthy@lbl.gov,pretreatment
no p072-dfa9,,,64,6.0,2024-10-25 10:30:00,ebony,grape pomace,grapes,xylose_yld,% of xylan,83.5,3,pass,,akrishnamoorthy@lbl.gov,pretreatment
no p091-2c23,,,61,1.0,2024-09-09 15:00:00,riverstone,tomato pomace,tomatoes for processing,glucose_yld,% of glucan,65.6,1,pass,,akrishnamoorthy@lbl.gov,pretreatment
no p092-f9e3,,,61,1.0,2024-09-09 15:00:00,riverstone,tomato pomace,tomatoes for processing,glucose_yld,% of glucan,66.0,2,pass,,akrishnamoorthy@lbl.gov,pretreatment
no p094-acab,,,61,1.0,2024-09-09 15:00:00,riverstone,tomato pomace,tomatoes for processing,xylose_yld,% of xylan,71.0,1,pass,,akrishnamoorthy@lbl.gov,pretreatment
no p095-ea4a,,,61,1.0,2024-09-09 15:00:00,riverstone,tomato pomace,tomatoes for processing,xylose_yld,% of xylan,72.1,2,pass,,akrishnamoorthy@lbl.gov,pretreatment
no p115-664f,,,59,3.0,2024-09-24 11:40:00,oakleaf,tomato pomace,tomatoes for processing,glucose_yld,% of glucan,72.6,1,pass,,akrishnamoorthy@lbl.gov,pretreatment
no p116-7c05,,,59,3.0,2024-09-24 11:40:00,oakleaf,tomato pomace,tomatoes for processing,glucose_yld,% of glucan,67.5,2,pass,,akrishnamoorthy@lbl.gov,pretreatment
no p117-f9f5,,,59,3.0,2024-09-24 11:40:00,oakleaf,tomato pomace,tomatoes for processing,glucose_yld,% of glucan,73.2,3,pass,,akrishnamoorthy@lbl.gov,pretreatment
no p118-001f,,,59,3.0,2024-09-24 11:40:00,oakleaf,tomato pomace,tomatoes for processing,xylose_yld,% of xylan,86.7,1,pass,,akrishnamoorthy@lbl.gov,pretreatment
no p119-1315,,,59,3.0,2024-09-24 11:40:00,oakleaf,tomato pomace,tomatoes for processing,xylose_yld,% of xylan,81.5,2,pass,,akrishnamoorthy@lbl.gov,pretreatment
no p120-54f1,,,59,3.0,2024-09-24 11:40:00,oakleaf,tomato pomace,tomatoes for processing,xylose_yld,% of xylan,75.1,3,pass,,akrishnamoorthy@lbl.gov,pretreatment
no p139-fc84,,,60,2.0,2024-09-21 09:00:00,pinecrest,tomato pomace,tomatoes for processing,glucose_yld,% of glucan,67.9,1,pass,,akrishnamoorthy@lbl.gov,pretreatment
no p140-fd88,,,60,2.0,2024-09-21 09:00:00,pinecrest,tomato pomace,tomatoes for processing,glucose_yld,% of glucan,73.5,2,pass,,akrishnamoorthy@lbl.gov,pretreatment
no p142-c30f,,,60,2.0,2024-09-21 09:00:00,pinecrest,tomato pomace,tomatoes for processing,xylose_yld,% of xylan,70.1,1,pass,,akrishnamoorthy@lbl.gov,pretreatment
no p143-3d70,,,60,2.0,2024-09-21 09:00:00,pinecrest,tomato pomace,tomatoes for processing,xylose_yld,% of xylan,73.6,2,pass,,akrishnamoorthy@lbl.gov,pretreatment
no p163-6ec7,,,52,27.0,2025-01-08 09:15:00,hairpin,sargassum,sargassum,glucose_yld,% of glucan,53.3,1,pass,,akrishnamoorthy@lbl.gov,pretreatment
no p164-da03,,,52,27.0,2025-01-08 09:15:00,hairpin,sargassum,sargassum,glucose_yld,% of glucan,50.3,2,pass,,akrishnamoorthy@lbl.gov,pretreatment
no p165-cd3a,,,52,27.0,2025-01-08 09:15:00,hairpin,sargassum,sargassum,glucose_yld,% of glucan,47.0,3,pass,,akrishnamoorthy@lbl.gov,pretreatment
no p166-c183,,,52,27.0,2025-01-08 09:15:00,hairpin,sargassum,sargassum,xylose_yld,% of xylan,60.7,1,pass,,akrishnamoorthy@lbl.gov,pretreatment
no p167-405b,,,52,27.0,2025-01-08 09:15:00,hairpin,sargassum,sargassum,xylose_yld,% of xylan,55.0,2,pass,,akrishnamoorthy@lbl.gov,pretreatment
no p187-28e9,,,65,4.0,2024-10-17 12:00:00,jaguar,olive pomace,olives - processing,glucose_yld,% of glucan,41.4,1,pass,,akrishnamoorthy@lbl.gov,pretreatment
no p188-f8a0,,,65,4.0,2024-10-17 12:00:00,jaguar,olive pomace,olives - processing,glucose_yld,% of glucan,44.5,2,pass,,akrishnamoorthy@lbl.gov,pretreatment
no p189-c5b3,,,65,4.0,2024-10-17 12:00:00,jaguar,olive pomace,olives - processing,glucose_yld,% of glucan,44.7,3,pass,,akrishnamoorthy@lbl.gov,pretreatment
no p190-5b03,,,65,4.0,2024-10-17 12:00:00,jaguar,olive pomace,olives - processing,xylose_yld,% of xylan,27.5,1,pass,,akrishnamoorthy@lbl.gov,pretreatment
no p191-5397,,,65,4.0,2024-10-17 12:00:00,jaguar,olive pomace,olives - processing,xylose_yld,% of xylan,42.8,2,pass,,akrishnamoorthy@lbl.gov,pretreatment
no p192-e025,,,65,4.0,2024-10-17 12:00:00,jaguar,olive pomace,olives - processing,xylose_yld,% of xylan,42.8,3,pass,,akrishnamoorthy@lbl.gov,pretreatment
no p211-e849,,,47,13.0,2024-11-21 12:10:00,vibrant,almond shells,almonds,glucose_yld,% of glucan,29.5,1,pass,,akrishnamoorthy@lbl.gov,pretreatment
no p212-fcbd,,,47,13.0,2024-11-21 12:10:00,vibrant,almond shells,almonds,glucose_yld,% of glucan,31.7,2,pass,,akrishnamoorthy@lbl.gov,pretreatment
no p213-5627,,,47,13.0,2024-11-21 12:10:00,vibrant,almond shells,almonds,glucose_yld,% of glucan,30.5,3,pass,,akrishnamoorthy@lbl.gov,pretreatment
no p214-5955,,,47,13.0,2024-11-21 12:10:00,vibrant,almond shells,almonds,xylose_yld,% of xylan,29.4,1,pass,,akrishnamoorthy@lbl.gov,pretreatment
no p215-126f,,,47,13.0,2024-11-21 12:10:00,vibrant,almond shells,almonds,xylose_yld,% of xylan,31.2,2,pass,,akrishnamoorthy@lbl.gov,pretreatment
no p216-03ba,,,47,13.0,2024-11-21 12:10:00,vibrant,almond shells,almonds,xylose_yld,% of xylan,32.0,3,pass,,akrishnamoorthy@lbl.gov,pretreatment
no p235-87dd,,,48,14.0,2024-11-21 12:40:00,vibrant,almond hulls,almonds,glucose_yld,% of glucan,57.3,1,pass,,akrishnamoorthy@lbl.gov,pretreatment
no p236-627e,,,48,14.0,2024-11-21 12:40:00,vibrant,almond hulls,almonds,glucose_yld,% of glucan,58.5,2,pass,,akrishnamoorthy@lbl.gov,pretreatment
no p237-bd03,,,48,14.0,2024-11-21 12:40:00,vibrant,almond hulls,almonds,glucose_yld,% of glucan,56.9,3,pass,,akrishnamoorthy@lbl.gov,pretreatment
no p238-b067,,,48,14.0,2024-11-21 12:40:00,vibrant,almond hulls,almonds,xylose_yld,% of xylan,82.6,1,pass,,akrishnamoorthy@lbl.gov,pretreatment
no p239-c7c7,,,48,14.0,2024-11-21 12:40:00,vibrant,almond hulls,almonds,xylose_yld,% of xylan,83.6,2,pass,,akrishnamoorthy@lbl.gov,pretreatment
no p240-610b,,,48,14.0,2024-11-21 12:40:00,vibrant,almond hulls,almonds,xylose_yld,% of xylan,85.6,3,pass,,akrishnamoorthy@lbl.gov,pretreatment
no p259-cdc6,,,49,16.0,2024-11-21 15:10:00,tiny,almond shells,almonds,glucose_yld,% of glucan,28.7,1,pass,,akrishnamoorthy@lbl.gov,pretreatment
no p260-a9dd,,,49,16.0,2024-11-21 15:10:00,tiny,almond shells,almonds,glucose_yld,% of glucan,28.1,2,pass,,akrishnamoorthy@lbl.gov,pretreatment
no p261-3b25,,,49,16.0,2024-11-21 15:10:00,tiny,almond shells,almonds,glucose_yld,% of glucan,29.8,3,pass,,akrishnamoorthy@lbl.gov,pretreatment
no p262-c623,,,49,16.0,2024-11-21 15:10:00,tiny,almond shells,almonds,xylose_yld,% of xylan,24.9,1,pass,,akrishnamoorthy@lbl.gov,pretreatment
no p263-970e,,,49,16.0,2024-11-21 15:10:00,tiny,almond shells,almonds,xylose_yld,% of xylan,24.4,2,pass,,akrishnamoorthy@lbl.gov,pretreatment
no p264-1dd8,,,49,16.0,2024-11-21 15:10:00,tiny,almond shells,almonds,xylose_yld,% of xylan,26.4,3,pass,,akrishnamoorthy@lbl.gov,pretreatment
no p283-17af,,,50,17.0,2024-11-21 15:40:00,tiny,almond hulls,almonds,glucose_yld,% of glucan,53.2,1,pass,,akrishnamoorthy@lbl.gov,pretreatment
no p284-0d21,,,50,17.0,2024-11-21 15:40:00,tiny,almond hulls,almonds,glucose_yld,% of glucan,52.5,2,pass,,akrishnamoorthy@lbl.gov,pretreatment
no p285-31f7,,,50,17.0,2024-11-21 15:40:00,tiny,almond hulls,almonds,glucose_yld,% of glucan,53.0,3,pass,,akrishnamoorthy@lbl.gov,pretreatment
no p286-4c22,,,50,17.0,2024-11-21 15:40:00,tiny,almond hulls,almonds,xylose_yld,% of xylan,66.6,1,pass,,akrishnamoorthy@lbl.gov,pretreatment
no p287-1f4f,,,50,17.0,2024-11-21 15:40:00,tiny,almond hulls,almonds,xylose_yld,% of xylan,67.9,2,pass,,akrishnamoorthy@lbl.gov,pretreatment
no p288-d25a,,,50,17.0,2024-11-21 15:40:00,tiny,almond hulls,almonds,xylose_yld,% of xylan,67.8,3,pass,,akrishnamoorthy@lbl.gov,pretreatment
no p307-f04d,,,51,18.0,2024-11-21 16:10:00,tiny,almond shells and hulls mix,almonds,glucose_yld,% of glucan,38.4,1,pass,,akrishnamoorthy@lbl.gov,pretreatment
no p308-77e5,,,51,18.0,2024-11-21 16:10:00,tiny,almond shells and hulls mix,almonds,glucose_yld,% of glucan,36.4,2,pass,,akrishnamoorthy@lbl.gov,pretreatment
no p309-a006,,,51,18.0,2024-11-21 16:10:00,tiny,almond shells and hulls mix,almonds,glucose_yld,% of glucan,17.6,3,pass,,akrishnamoorthy@lbl.gov,pretreatment
no p310-3c22,,,51,18.0,2024-11-21 16:10:00,tiny,almond shells and hulls mix,almonds,xylose_yld,% of xylan,42.4,1,pass,,akrishnamoorthy@lbl.gov,pretreatment
no p311-3a28,,,51,18.0,2024-11-21 16:10:00,tiny,almond shells and hulls mix,almonds,xylose_yld,% of xylan,41.0,2,pass,,akrishnamoorthy@lbl.gov,pretreatment
no p312-dd34,,,51,18.0,2024-11-21 16:10:00,tiny,almond shells and hulls mix,almonds,xylose_yld,% of xylan,16.3,3,pass,,akrishnamoorthy@lbl.gov,pretreatment
no p331-7280,,,54,19.0,2024-11-21 16:10:00,popular,almond woodchips,almonds,glucose_yld,% of glucan,26.7,1,pass,,akrishnamoorthy@lbl.gov,pretreatment
no p332-e180,,,54,19.0,2024-11-21 16:10:00,popular,almond woodchips,almonds,glucose_yld,% of glucan,16.2,2,pass,,akrishnamoorthy@lbl.gov,pretreatment
no p333-efb1,,,54,19.0,2024-11-21 16:10:00,popular,almond woodchips,almonds,glucose_yld,% of glucan,16.8,3,pass,,akrishnamoorthy@lbl.gov,pretreatment
no p334-7330,,,54,19.0,2024-11-21 16:10:00,popular,almond woodchips,almonds,xylose_yld,% of xylan,42.4,1,pass,,akrishnamoorthy@lbl.gov,pretreatment
no p335-3cf2,,,54,19.0,2024-11-21 16:10:00,popular,almond woodchips,almonds,xylose_yld,% of xylan,20.4,2,pass,,akrishnamoorthy@lbl.gov,pretreatment
no p336-f8f0,,,54,19.0,2024-11-21 16:10:00,popular,almond woodchips,almonds,xylose_yld,% of xylan,20.6,3,pass,,akrishnamoorthy@lbl.gov,pretreatment
no p355-3dc3,,,55,22.0,2024-11-26 11:10:00,energetic,walnut tree sticks,walnuts,glucose_yld,% of glucan,30.4,1,pass,,akrishnamoorthy@lbl.gov,pretreatment
no p356-ebd0,,,55,22.0,2024-11-26 11:10:00,energetic,walnut tree sticks,walnuts,glucose_yld,% of glucan,28.9,2,pass,,akrishnamoorthy@lbl.gov,pretreatment
no p357-76c6,,,55,22.0,2024-11-26 11:10:00,energetic,walnut tree sticks,walnuts,glucose_yld,% of glucan,30.1,3,pass,,akrishnamoorthy@lbl.gov,pretreatment
no p358-378c,,,55,22.0,2024-11-26 11:10:00,energetic,walnut tree sticks,walnuts,xylose_yld,% of xylan,32.8,1,pass,,akrishnamoorthy@lbl.gov,pretreatment
no p359-04f0,,,55,22.0,2024-11-26 11:10:00,energetic,walnut tree sticks,walnuts,xylose_yld,% of xylan,32.2,2,pass,,akrishnamoorthy@lbl.gov,pretreatment
no p360-5ce7,,,55,22.0,2024-11-26 11:10:00,energetic,walnut tree sticks,walnuts,xylose_yld,% of xylan,31.8,3,pass,,akrishnamoorthy@lbl.gov,pretreatment
no p379-e6ac,,,53,15.0,2024-11-21 13:10:00,vibrant,almond branches,almonds,glucose_yld,% of glucan,17.6,1,pass,,akrishnamoorthy@lbl.gov,pretreatment
no p380-959f,,,53,15.0,2024-11-21 13:10:00,vibrant,almond branches,almonds,glucose_yld,% of glucan,18.4,2,pass,,akrishnamoorthy@lbl.gov,pretreatment
no p381-73f6,,,53,15.0,2024-11-21 13:10:00,vibrant,almond branches,almonds,glucose_yld,% of glucan,17.1,3,pass,,akrishnamoorthy@lbl.gov,pretreatment
no p382-e1b1,,,53,15.0,2024-11-21 13:10:00,vibrant,almond branches,almonds,xylose_yld,% of xylan,22.1,1,pass,,akrishnamoorthy@lbl.gov,pretreatment
no p383-e3a8,,,53,15.0,2024-11-21 13:10:00,vibrant,almond branches,almonds,xylose_yld,% of xylan,21.7,2,pass,,akrishnamoorthy@lbl.gov,pretreatment
no p384-1e32,,,53,15.0,2024-11-21 13:10:00,vibrant,almond branches,almonds,xylose_yld,% of xylan,20.4,3,pass,,akrishnamoorthy@lbl.gov,pretreatment
no p403-2497,,,57,20.0,2024-11-21 18:10:00,energetic,walnut shells,walnuts,glucose_yld,% of glucan,16.8,1,pass,,akrishnamoorthy@lbl.gov,pretreatment
no p404-ac21,,,57,20.0,2024-11-21 18:10:00,energetic,walnut shells,walnuts,glucose_yld,% of glucan,13.7,2,pass,,akrishnamoorthy@lbl.gov,pretreatment
no p405-0848,,,57,20.0,2024-11-21 18:10:00,energetic,walnut shells,walnuts,glucose_yld,% of glucan,14.8,3,pass,,akrishnamoorthy@lbl.gov,pretreatment
no p406-ce09,,,57,20.0,2024-11-21 18:10:00,energetic,walnut shells,walnuts,xylose_yld,% of xylan,9.8,1,pass,,akrishnamoorthy@lbl.gov,pretreatment
no p407-5429,,,57,20.0,2024-11-21 18:10:00,energetic,walnut shells,walnuts,xylose_yld,% of xylan,7.4,2,pass,,akrishnamoorthy@lbl.gov,pretreatment
no p408-82fb,,,57,20.0,2024-11-21 18:10:00,energetic,walnut shells,walnuts,xylose_yld,% of xylan,8.4,3,pass,,akrishnamoorthy@lbl.gov,pretreatment
no p427-8b93,,,56,23.0,2024-12-05 13:30:00,tackle,sweet potato culls,sweet potatoes,glucose_yld,% of glucan,27.9,1,pass,,akrishnamoorthy@lbl.gov,pretreatment
no p428-cc70,,,56,23.0,2024-12-05 13:30:00,tackle,sweet potato culls,sweet potatoes,glucose_yld,% of glucan,26.8,2,pass,,akrishnamoorthy@lbl.gov,pretreatment
no p429-ca6d,,,56,23.0,2024-12-05 13:30:00,tackle,sweet potato culls,sweet potatoes,glucose_yld,% of glucan,27.4,3,pass,,akrishnamoorthy@lbl.gov,pretreatment
no p451-8091,,,67,28.0,2025-02-05 14:00:00,caterpillar,corn stover husks,corn - all,glucose_yld,% of glucan,35.8,1,pass,,akrishnamoorthy@lbl.gov,pretreatment
no p452-5cc5,,,67,28.0,2025-02-05 14:00:00,caterpillar,corn stover husks,corn - all,glucose_yld,% of glucan,35.7,2,pass,,akrishnamoorthy@lbl.gov,pretreatment
no p453-be77,,,67,28.0,2025-02-05 14:00:00,caterpillar,corn stover husks,corn - all,glucose_yld,% of glucan,35.8,3,pass,,akrishnamoorthy@lbl.gov,pretreatment
no p454-b8ca,,,67,28.0,2025-02-05 14:00:00,caterpillar,corn stover husks,corn - all,xylose_yld,% of xylan,29.5,1,pass,,akrishnamoorthy@lbl.gov,pretreatment
no p455-e41b,,,67,28.0,2025-02-05 14:00:00,caterpillar,corn stover husks,corn - all,xylose_yld,% of xylan,30.9,2,pass,,akrishnamoorthy@lbl.gov,pretreatment
no p456-f32a,,,67,28.0,2025-02-05 14:00:00,caterpillar,corn stover husks,corn - all,xylose_yld,% of xylan,30.0,3,pass,,akrishnamoorthy@lbl.gov,pretreatment
no p475-e75a,,,68,29.0,2025-02-05 14:00:00,caterpillar,corn stover cobs,corn - all,glucose_yld,% of glucan,18.8,1,pass,,akrishnamoorthy@lbl.gov,pretreatment
no p476-50b0,,,68,29.0,2025-02-05 14:00:00,caterpillar,corn stover cobs,corn - all,glucose_yld,% of glucan,18.1,2,pass,,akrishnamoorthy@lbl.gov,pretreatment
no p477-2558,,,68,29.0,2025-02-05 14:00:00,caterpillar,corn stover cobs,corn - all,glucose_yld,% of glucan,18.9,3,pass,,akrishnamoorthy@lbl.gov,pretreatment
no p478-0c99,,,68,29.0,2025-02-05 14:00:00,caterpillar,corn stover cobs,corn - all,xylose_yld,% of xylan,19.2,1,pass,,akrishnamoorthy@lbl.gov,pretreatment
no p479-16e8,,,68,29.0,2025-02-05 14:00:00,caterpillar,corn stover cobs,corn - all,xylose_yld,% of xylan,18.5,2,pass,,akrishnamoorthy@lbl.gov,pretreatment
no p480-64bc,,,68,29.0,2025-02-05 14:00:00,caterpillar,corn stover cobs,corn - all,xylose_yld,% of xylan,18.8,3,pass,,akrishnamoorthy@lbl.gov,pretreatment
no p499-e87a,,,69,30.0,2025-02-05 14:00:00,caterpillar,corn stover stalks,corn - all,glucose_yld,% of glucan,21.3,1,pass,,akrishnamoorthy@lbl.gov,pretreatment
no p500-f381,,,69,30.0,2025-02-05 14:00:00,caterpillar,corn stover stalks,corn - all,glucose_yld,% of glucan,21.2,2,pass,,akrishnamoorthy@lbl.gov,pretreatment
no p501-6d83,,,69,30.0,2025-02-05 14:00:00,caterpillar,corn stover stalks,corn - all,glucose_yld,% of glucan,22.6,3,pass,,akrishnamoorthy@lbl.gov,pretreatment
no p502-a371,,,69,30.0,2025-02-05 14:00:00,caterpillar,corn stover stalks,corn - all,xylose_yld,% of xylan,18.4,1,pass,,akrishnamoorthy@lbl.gov,pretreatment
no p503-4cda,,,69,30.0,2025-02-05 14:00:00,caterpillar,corn stover stalks,corn - all,xylose_yld,% of xylan,15.9,2,pass,,akrishnamoorthy@lbl.gov,pretreatment
no p504-a44d,,,69,30.0,2025-02-05 14:00:00,caterpillar,corn stover stalks,corn - all,xylose_yld,% of xylan,16.5,3,pass,,akrishnamoorthy@lbl.gov,pretreatment
no p521-8223,,,164,92.0,2025-11-04 17:22:00,excellent,olive pomace,olives - processing,glucose_yld,% of glucan,20.72,1,pass,,akrishnamoorthy@lbl.gov,pretreatment
no p522-cf64,,,164,92.0,2025-11-04 17:22:00,excellent,olive pomace,olives - processing,glucose_yld,% of glucan,20.79,2,pass,,akrishnamoorthy@lbl.gov,pretreatment
no p523-da82,,,164,92.0,2025-11-04 17:22:00,excellent,olive pomace,olives - processing,xylose_yld,% of xylan,3.58,1,pass,,akrishnamoorthy@lbl.gov,pretreatment
no p524-ec8b,,,164,92.0,2025-11-04 17:22:00,excellent,olive pomace,olives - processing,xylose_yld,% of xylan,3.76,2,pass,,akrishnamoorthy@lbl.gov,pretreatment
no p525-7473,,,165,93.0,2025-11-04 17:35:00,excellent,olive stems / leaves,olives - processing,glucose_yld,% of glucan,12.57,1,pass,,akrishnamoorthy@lbl.gov,pretreatment
no p526-783f,,,165,93.0,2025-11-04 17:35:00,excellent,olive stems / leaves,olives - processing,glucose_yld,% of glucan,13.12,2,pass,,akrishnamoorthy@lbl.gov,pretreatment
no p527-d639,,,165,93.0,2025-11-04 17:35:00,excellent,olive stems / leaves,olives - processing,xylose_yld,% of xylan,4.83,1,pass,,akrishnamoorthy@lbl.gov,pretreatment
no p528-8d81,,,165,93.0,2025-11-04 17:35:00,excellent,olive stems / leaves,olives - processing,xylose_yld,% of xylan,5.03,2,pass,,akrishnamoorthy@lbl.gov,pretreatment
no p835-0b5a,,,65,4.0,2024-10-17 12:00:00,jaguar,olive pomace,olives - processing,glucose_yld,% of glucan,26.48,1,pass,,akrishnamoorthy@lbl.gov,pretreatment
no p836-d9a2,,,65,4.0,2024-10-17 12:00:00,jaguar,olive pomace,olives - processing,glucose_yld,% of glucan,25.89,2,pass,,akrishnamoorthy@lbl.gov,pretreatment
no p837-0b8c,,,65,4.0,2024-10-17 12:00:00,jaguar,olive pomace,olives - processing,xylose_yld,% of xylan,9.5,1,pass,,akrishnamoorthy@lbl.gov,pretreatment
no p838-3752,,,65,4.0,2024-10-17 12:00:00,jaguar,olive pomace,olives - processing,xylose_yld,% of xylan,9.32,2,pass,,akrishnamoorthy@lbl.gov,pretreatment
no p839-7ec8,,,66,5.0,2024-10-17 12:00:00,jaguar,olive stems / leaves,olives - processing,glucose_yld,% of glucan,15.03,1,pass,,akrishnamoorthy@lbl.gov,pretreatment
no p840-1ee5,,,66,5.0,2024-10-17 12:00:00,jaguar,olive stems / leaves,olives - processing,glucose_yld,% of glucan,16.57,2,pass,,akrishnamoorthy@lbl.gov,pretreatment
no p841-aec7,,,66,5.0,2024-10-17 12:00:00,jaguar,olive stems / leaves,olives - processing,xylose_yld,% of xylan,5.05,1,pass,,akrishnamoorthy@lbl.gov,pretreatment
no p842-d541,,,66,5.0,2024-10-17 12:00:00,jaguar,olive stems / leaves,olives - processing,xylose_yld,% of xylan,5.64,2,pass,,akrishnamoorthy@lbl.gov,pretreatment
